종목코드,날짜,기간수익률,표준편차,Y2,그룹,성과
000040,2015-12-31,-0.06071305765177101,0.020487008261231534,-0.19905704466354188,G1,-3.6649898517475044
000050,2015-12-31,-0.0781376507709509,0.022146995957874286,0.10894419694922694,G5,-4.177057270666517
000070,2015-12-31,-0.2196583548592647,0.028560288968806993,0.04903329195308932,G3,-8.194243931956628
000100,2015-12-31,0.15432592098390072,0.02316367074583807,0.07604766020112122,G4,6.041974210444913
000120,2015-12-31,0.07776206645982355,0.020421249947686352,0.03691501998235046,G3,3.1041413676392318
000140,2015-12-31,0.0317763110500755,0.02002539819892173,0.07569527144295775,G4,0.8691308486790946
000150,2015-12-31,0.29173362382100543,0.027180627344551598,0.013954533214151119,G2,10.204400383653883
000180,2015-12-31,0.17110026157841035,0.04682388075911262,0.017284638811175135,G2,3.3471946220433426
000210,2015-12-31,0.2700399468859257,0.025349487651703584,0.028566084489807814,G3,10.085739431125502
000220,2015-12-31,0.07807399794688699,0.03411290248229677,0.021824473389736802,G2,1.8673983622952086
000230,2015-12-31,0.15813196669891819,0.022138461298502696,0.04980556067962218,G3,6.493691907591219
000250,2015-12-31,0.11359384758613497,0.024553548306012266,0.1572194498859687,G5,4.041054540517439
000270,2015-12-31,-0.20143370039680702,0.016823592977862654,0.04754047271680086,G3,-12.827540490255831
000300,2015-12-31,0.1205861503826747,0.024856420817002945,0.0029448510361476956,G2,4.273122483978433
000320,2015-12-31,-0.27023176546583905,0.01845001269180424,0.039840998915359235,G3,-15.425647122214382
000360,2015-12-31,,,-0.036041777584827725,G1,
000420,2015-12-31,,,-0.368399225808066,G1,
000430,2015-12-31,-0.0009418875314682884,0.009456242970360258,0.05211890893586496,G3,-1.6194071258296707
000440,2015-12-31,0.04818609133426119,0.0119678620864585,0.023595699141412255,G2,2.8254396124945353
000480,2015-12-31,-0.02386807225342838,0.012739075842094981,0.03551547741812438,G3,-3.0017634281899044
000490,2015-12-31,-0.12181590863754567,0.017151755117932353,0.009311894785230488,G2,-7.9401511635080375
000500,2015-12-31,0.15843470583174885,0.01477186920485045,0.012648102215116159,G2,9.752529224001986
000520,2015-12-31,0.3663568179696324,0.026553986138143228,0.018180767662477965,G2,13.255456127007486
000590,2015-12-31,-0.013116389740557635,0.011787485889952069,0.16332930873609164,G5,-2.331965417858859
000640,2015-12-31,0.025192314155863038,0.028972792020236275,0.09132437073439828,G4,0.37347779357941735
000660,2015-12-31,0.1450904459720348,0.0216465308489839,0.2838653350213145,G5,6.0387887170318075
000670,2015-12-31,0.04914777299058211,0.019176999543290767,-0.0021114698619780024,G2,1.8134303645243082
000680,2015-12-31,-0.07258465177673273,0.014526475648993564,-0.08441873480198986,G1,-5.986054263689703
000700,2015-12-31,0.3715049845007987,0.03196210394268644,0.1301251136412328,G5,11.173650064554277
000720,2015-12-31,0.3045542790638055,0.026811325338668573,0.05663795586585266,G4,10.823137449568014
000760,2015-12-31,0.1635331841523485,0.036728778988374566,0.0004336787484902208,G2,4.061163168022858
000800,2015-12-31,,,-0.5103747514019332,G1,
000850,2015-12-31,-0.08324993071755593,0.013597802713257091,0.055601682586083806,G4,-7.179215090441801
000860,2015-12-31,-0.05011211824953188,0.016194817713565887,0.09506225260718625,G4,-3.9817513916087943
000880,2015-12-31,-0.06508619525257484,0.022710376715045454,0.018330547196500565,G2,-3.4987449115383664
000890,2015-12-31,-0.32466120836701456,0.025500241066729858,0.06594324007234882,G4,-13.295279334737751
000910,2015-12-31,-0.07164874263444392,0.016190559535521867,0.0031076194668545215,G2,-5.31299503046984
000950,2015-12-31,-0.3521040997791332,0.03876143282703008,-0.04425843469422621,G1,-9.454648416450775
000970,2015-12-31,-0.0885676283116209,0.024809440456184852,0.03278878664930696,G3,-4.149196682276185
001020,2015-12-31,0.22592436115769196,0.0259011072566554,-0.18880925157227638,G1,8.16771033543451
001040,2015-12-31,-0.18687016090179676,0.023126378141014134,0.057889507979928756,G4,-8.70182868208008
001060,2015-12-31,0.5483274170238057,0.035799414320747985,0.04955600953981735,G3,14.91521041437919
001070,2015-12-31,-0.019070726159444856,0.02245612593740283,0.017568683902042297,G2,-1.4892304207313547
001080,2015-12-31,0.0842945518779719,0.015511368862856768,0.029412161320676426,G3,4.507850517764308
001120,2015-12-31,0.11255990092886448,0.022948911805549598,0.006177333373522866,G2,4.27855935142033
001130,2015-12-31,-0.02507697731564279,0.013975454936197704,0.05725716511947419,G4,-2.822705751909168
001140,2015-12-31,0.10811808260410795,0.034107235826403376,-0.026876308499183557,G1,2.748579901430368
001210,2015-12-31,-0.10147188625072419,0.018182595157290718,-0.03177940437204823,G1,-6.371120567054147
001230,2015-12-31,0.5140508076538182,0.02881962062675391,0.0338517297338525,G3,17.33815980463132
001250,2015-12-31,-0.39275847148325116,0.030759267126386502,0.012779943665695993,G2,-13.236014028835847
001260,2015-12-31,-0.2607901384551511,0.038625092430618437,-0.16839805612185998,G1,-7.123911966495073
001360,2015-12-31,-0.10632789136844407,0.035960844511895414,-0.044361450580266686,G1,-3.356414809636297
001380,2015-12-31,0.4579221620027815,0.03628486464251356,-0.04152165732166824,G1,12.224120074704116
001390,2015-12-31,-0.0937721210277197,0.014628349583418215,0.04471253917973707,G3,-7.3927506400732
001440,2015-12-31,0.19734882023299716,0.059824685091356425,0.016622526670740406,G2,3.058556852163425
001460,2015-12-31,0.06786982990733931,0.018547337959757767,0.11597764053894478,G5,2.8844144806712824
001470,2015-12-31,-1.3048480289975162,0.07363607542827715,-0.11982736420621833,G1,-17.915398682548876
001520,2015-12-31,0.30357548772043996,0.02430065429759893,0.0894724227782865,G4,11.901073298701485
001530,2015-12-31,-0.02714919634022991,0.007400822711371376,0.01346146983592901,G2,-5.610297351771845
001540,2015-12-31,-0.022517562166402223,0.032110092726237625,0.06540542741582031,G4,-1.1488344863784643
001560,2015-12-31,-0.24485612768082657,0.019010065215796724,0.04770506578760281,G3,-13.636341825052071
001620,2015-12-31,0.01320260722233534,0.01632120904494083,0.02064749225361891,G2,-0.07162536137829018
001630,2015-12-31,-0.104521461848081,0.031704439854970956,0.12704245693705585,G5,-3.750045170652953
001680,2015-12-31,-0.03776752539192151,0.021135770198996998,0.04169469350557635,G3,-2.4668675245487686
001780,2015-12-31,-0.14038442860068812,0.034548669483009886,0.05539259760696118,G4,-4.479363478674711
001790,2015-12-31,0.25764035911788025,0.016893469147628647,0.022760445777158477,G2,14.400164778098183
001800,2015-12-31,-0.20872828720536443,0.01958138852385384,0.12563931315278412,G5,-11.39346715131546
001810,2015-12-31,-0.01887987328607639,0.021693464556161227,0.045366505410729493,G3,-1.5327885003477868
001820,2015-12-31,0.07130774609706611,0.03209774625292792,0.03402894655732228,G3,1.7738356434780096
001940,2015-12-31,-0.004061123681131318,0.016268785487221323,0.08309081033176952,G4,-1.1330128738816778
002000,2015-12-31,0.10624669333836799,0.014781345609379418,0.030715923158215357,G3,6.2156095965822855
002020,2015-12-31,-0.10008167208314919,0.028140345561157284,0.010823711458301733,G2,-4.067231212662908
002030,2015-12-31,0.05296060888014992,0.01647776034292522,0.05755113776465669,G4,2.3418831418074593
002070,2015-12-31,-0.09810090823052921,0.009429561754502158,-0.03790393340218266,G1,-11.927651663677675
002100,2015-12-31,0.03571410658737091,0.008208867713949084,0.061661859273035795,G4,2.5999306619102187
002140,2015-12-31,0.04828531402499672,0.021037996125112007,0.036465836368490254,G3,1.6120211309577053
002170,2015-12-31,0.08922502979565736,0.01998349991873719,0.055965542124450256,G4,3.7457607717236
002220,2015-12-31,0.1636539622869205,0.014406570778166863,-0.05343863420873434,G1,10.362101076464903
002240,2015-12-31,-0.012139370025625956,0.01682780415484913,0.030104455297693872,G3,-1.5754277563478982
002310,2015-12-31,0.4319721667683473,0.02861456172887851,-0.0011065147600393635,G2,14.593987180610384
002320,2015-12-31,-0.3308658151341132,0.025371902292687945,0.025063699237983524,G2,-13.60707726483397
002350,2015-12-31,0.10896938751158503,0.018296583928829855,0.12238390335686965,G5,5.170242060553055
002360,2015-12-31,0.26406415191783816,0.031265107826516814,0.10603414719632752,G5,7.986300050043553
002380,2015-12-31,-0.03893765001368271,0.015849787122416456,0.09056102837273934,G4,-3.363406039479036
002390,2015-12-31,0.1427606424266282,0.02588029149732576,0.017356108475937347,G2,4.960880085975266
002410,2015-12-31,0.05052341803768416,0.022650280929429754,0.0009049861912312616,G2,1.5960860897050464
002420,2015-12-31,0.233825370538186,0.02703052987457126,-0.16269508096209243,G1,8.118736548569306
002450,2015-12-31,-0.16869081680173145,0.0254505717131452,0.09233611721039528,G4,-7.1928614643061115
002630,2015-12-31,0.6838571824660346,0.04737396130361542,0.00964667533787813,G2,14.131931219706383
002680,2015-12-31,0.03424123872251301,0.02218760311368473,0.012417019928376936,G2,0.8955279622767413
002700,2015-12-31,0.4404707241903849,0.025371490404550556,-0.04837433604831021,G1,16.794405755353306
002710,2015-12-31,0.2743397527892809,0.02168798141709211,0.0319792042474668,G3,11.986737173524707
002720,2015-12-31,0.4839563089652526,0.04611167103761019,0.017833610635632723,G2,10.183640685325285
002780,2015-12-31,-0.06263366257407821,0.027109049569393136,0.013070072041816282,G2,-2.8405747717297007
002790,2015-12-31,0.015806571017938448,0.02380277816041905,0.16138628911693315,G5,0.06028503437530424
002810,2015-12-31,-0.19768986530592536,0.01731744535666061,0.013061417078058064,G2,-12.24554087838784
002820,2015-12-31,-0.06659587822910162,0.025969243887339767,0.020986945600119964,G2,-3.117822694363613
002840,2015-12-31,0.3351022764522071,0.014912770155176249,0.0770610499780544,G4,21.507114600205316
002870,2015-12-31,0.04248138798453943,0.021960970482131276,-0.17586496770839205,G1,1.2799875255559099
002920,2015-12-31,-0.030261516468215576,0.011315863046713984,0.018507344298086797,G2,-3.944298017948039
002990,2015-12-31,-0.4622734425530405,0.02304104149383681,0.013571083784674129,G2,-20.686784596904914
003000,2015-12-31,0.3023210168900531,0.04309923379535443,0.16384824000439815,G5,6.681079263241581
003010,2015-12-31,0.24898718680501847,0.03693275140910304,0.009672200609250716,G2,6.3525071416391
003030,2015-12-31,0.2956309755675214,0.0216668091780941,0.0354550583988174,G3,12.981115656548752
003060,2015-12-31,0.8705297515752191,0.04765261969755511,-0.02148352566277572,G1,17.96665403268135
003070,2015-12-31,0.13917445513067034,0.028822634423090063,0.013901116550532156,G2,4.330028739926003
003090,2015-12-31,0.13415166300585651,0.022784081567973666,0.07997337757066289,G4,5.257181112620089
003100,2015-12-31,-0.03970114628341708,0.013290771869362849,0.08136779838236297,G4,-4.068444371268795
003160,2015-12-31,-0.29256581127748355,0.02828070195193607,0.014680951135102363,G2,-10.853246553690326
003200,2015-12-31,-0.16114610780760946,0.018390263493145063,0.05617008484879532,G4,-9.544057244821056
003220,2015-12-31,0.30605499382060847,0.025063441319212128,0.10678264996211156,G5,11.63780226296026
003230,2015-12-31,-0.06110104081350898,0.018404208494100432,0.024578650033686318,G2,-4.100837075172887
003240,2015-12-31,-0.1839366181218958,0.013004046270685283,0.05698313169754357,G4,-15.249733330097975
003280,2015-12-31,-0.23954823788245835,0.0333539285145768,0.0251377259429136,G2,-7.612892061269381
003300,2015-12-31,-0.15457290618044894,0.026031949683523826,0.0875833486192646,G4,-6.4898913816542665
003310,2015-12-31,0.3169280131604453,0.030104128984965436,0.03256174108159595,G3,10.050328763646931
003410,2015-12-31,0.20634096066168553,0.024647111217587017,0.10541972183739383,G5,7.788715653069939
003480,2015-12-31,-0.003995837334010752,0.027234448276792736,-0.052840045041384676,G1,-0.6744200163574469
003490,2015-12-31,0.05314327415528096,0.018771195237736408,0.07649209049549856,G4,2.0654867175973464
003550,2015-12-31,-0.08645921742350787,0.017828575943680737,0.11416174852204863,G5,-5.655574368942057
003560,2015-12-31,0.10767482216514278,0.029832779340539028,0.06937754331552683,G4,3.1275397233956514
003570,2015-12-31,-0.28584029550308687,0.02414297155366415,0.07626480189737017,G4,-12.434754129337238
003610,2015-12-31,-0.10392030115051934,0.017762728212196204,0.040228278135224435,G3,-6.659558118307967
003620,2015-12-31,-0.05304577162527876,0.017012903234309398,-0.010563747895387464,G1,-3.9627211425989906
003670,2015-12-31,-0.18254263808286264,0.01820120931600104,0.04586576774685001,G3,-10.818745852675915
003720,2015-12-31,-0.06328333023151364,0.02848385332821119,-0.09882771415662178,G1,-2.7262796593925684
003780,2015-12-31,0.7195122928662951,0.047736662005334475,0.15939376809386774,G5,14.771470051030953
003800,2015-12-31,0.07113140275509865,0.016416602589535322,0.17831869235436362,G5,3.4574622079826693
003920,2015-12-31,-0.07178822553090938,0.010012027282833954,0.016568425885734442,G2,-8.605634285170591
003960,2015-12-31,0.08799734430975037,0.023164840371578576,0.024897640655546824,G2,3.1783393889376184
004020,2015-12-31,0.05151933242299567,0.02352581807849708,0.09075720285811506,G4,1.5790189561416077
004060,2015-12-31,0.05378225515277553,0.025453574407659704,0.009954005296769649,G2,1.5483340297622759
004080,2015-12-31,0.2801952754033131,0.02740405358834987,0.05197061515748946,G3,9.700158220315675
004090,2015-12-31,0.11097085806749246,0.03284371961836585,0.04669370125980736,G3,2.9411783887950795
004100,2015-12-31,0.32853088394611285,0.03766333711006568,0.02717610631385168,G3,8.341248766929967
004130,2015-12-31,0.3148761405934015,0.019357965260406278,0.01453778964486854,G2,15.523559260111245
004150,2015-12-31,0.05040860216457771,0.01765217414774069,0.06466846763284183,G4,2.041503904541994
004170,2015-12-31,-0.210380170239644,0.018304168671606495,0.10223694935086643,G5,-12.2787215300627
004250,2015-12-31,-0.06987341320027463,0.013179084203740083,0.058972546383694854,G4,-6.392328299615586
004270,2015-12-31,-0.0066202394786111785,0.021189645738783694,0.03672722440222704,G3,-0.9906658872781124
004320,2015-12-31,,,-0.06787298966262788,G1,
004360,2015-12-31,-0.03727841033568419,0.015696517827043392,0.03892523420473569,G3,-3.290540655138597
004410,2015-12-31,0.033332980886166215,0.025619203611944454,0.034752388054792,G3,0.7401229739637967
004490,2015-12-31,-0.042364693867659606,0.013576070341219753,0.09968631022601086,G4,-4.179141103424183
004540,2015-12-31,0.11534157717454929,0.023856368310438327,0.0058298215328739,G2,4.232411075413358
004560,2015-12-31,0.22579000931755,0.020939003951041413,0.0210830312836035,G2,10.096869463971094
004590,2015-12-31,0.11234233683007208,0.029764606270044257,0.14428530877942156,G5,3.291517321711125
004650,2015-12-31,-0.00899480441432824,0.026216607157259614,0.09827863260212234,G4,-0.8912832996457252
004690,2015-12-31,0.054943716027360895,0.015369136396349542,0.02429742909866019,G2,2.639842295803145
004700,2015-12-31,0.11988683957436122,0.029435550663005534,0.04071502449226211,G3,3.584618513308889
004710,2015-12-31,-0.24621737921904527,0.030222312084848827,0.02524752657162488,G2,-8.622404474077106
004720,2015-12-31,1.019818573878418,0.043302090316422154,0.07489898008772058,G4,23.219363010260874
004740,2015-12-31,,,-0.3076871727960188,G1,
004770,2015-12-31,-0.3535670831019122,0.03690935429319724,0.018097216462528203,G2,-9.968711451775162
004800,2015-12-31,0.21057024060866708,0.02459219292952435,0.07626699799275675,G4,7.9780856246784495
004830,2015-12-31,0.21807139796926844,0.039565186016252744,0.00708039051481064,G2,5.148460016522656
004840,2015-12-31,0.14210669141061766,0.02022624546878559,0.1085065162015256,G5,6.31531303668971
004870,2015-12-31,0.1427511969262753,0.03907464037886914,0.014094685871490046,G2,3.285496065048645
004890,2015-12-31,0.25262355507201606,0.014274721059642738,0.006370446394499121,G2,16.690479229558346
004910,2015-12-31,-0.18242152309507706,0.02322039262307072,0.09667432664662286,G4,-8.475013579997016
004920,2015-12-31,0.15702234400774095,0.026661630722328265,0.04754569995322432,G3,5.3504125751005045
004960,2015-12-31,0.1836424071593624,0.024524172103434154,0.030081997092005677,G3,6.902201906230683
004970,2015-12-31,-0.05396211187937021,0.01621786887812419,-0.0219779515010249,G1,-4.213484034875472
004980,2015-12-31,0.2652784967772592,0.035024711417098287,0.05194531339750873,G3,7.163710046629025
005010,2015-12-31,-0.05066334342058239,0.015413436199331393,0.018754652989534295,G2,-4.219368238064484
005090,2015-12-31,-0.12689460787442572,0.014605504756637088,0.04825027477494365,G3,-9.672122254353505
005110,2015-12-31,0.10811196096898021,0.048034655367834765,-0.19514482622414406,G1,1.951514808065872
005180,2015-12-31,-0.07380717187442998,0.012742555527360469,0.03963711441167949,G3,-6.920024119447996
005190,2015-12-31,-0.16563873356953399,0.02467221413416952,0.11758672505171827,G5,-7.296076157126911
005250,2015-12-31,-0.15391112224084727,0.025871067162776564,0.09498743125538155,G4,-6.504669517509631
005290,2015-12-31,0.7591534051843845,0.031337232870925415,0.08240936014197935,G4,23.76667360943285
005300,2015-12-31,-0.27678745099002744,0.016459404429902295,0.06214318037387124,G4,-17.689526492184605
005320,2015-12-31,0.13215806141447534,0.039760635206248875,0.05082815008382421,G3,2.9623883291898188
005360,2015-12-31,0.07682929359983869,0.024816323440638482,0.06759944064741077,G4,2.5167980273520287
005380,2015-12-31,-0.10233924528370261,0.01632733289830299,0.06913868411588432,G4,-7.148189219204503
005390,2015-12-31,0.015129285299956899,0.027773090590878617,0.0447569721772143,G3,0.02728056422701084
005420,2015-12-31,0.028568539402634936,0.019476556976204422,-0.15697978728962708,G1,0.7289234797336227
005430,2015-12-31,0.2626673303168028,0.016614170043876178,0.033769252174755474,G3,14.944815777301637
005440,2015-12-31,-0.27091762456928387,0.01635945977472598,0.041609508860062414,G3,-17.43879371422412
005450,2015-12-31,-0.059794947821754846,0.02914846513621152,-0.2444937849568207,G1,-2.544441609308841
005610,2015-12-31,-0.3193675555739547,0.025281000974958525,0.04143993639271298,G3,-13.20118517549371
005620,2015-12-31,0.010857897000137492,0.03022024723909758,-0.03575680406829799,G1,-0.11627048218276842
005670,2015-12-31,0.19412495731584017,0.02505443457167696,0.03880499032277021,G3,7.174511844730845
005680,2015-12-31,-0.022852196683358507,0.01555475961877134,0.052763084582395245,G3,-2.393082073524749
005710,2015-12-31,0.0989992349117199,0.016538582571795676,0.01978869300660952,G2,5.116981145514311
005720,2015-12-31,0.04203579118478711,0.011294566926132546,0.28016619805199294,G5,2.4493344142722218
005740,2015-12-31,-0.2962194568591371,0.03867318038898255,0.07262278924366408,G4,-8.031174924158295
005750,2015-12-31,0.11875590599533226,0.04118228040850284,0.06702561557175542,G4,2.5346893188428283
005800,2015-12-31,0.10578370497514038,0.022573575363491652,0.03359500078315576,G3,4.049517357568076
005810,2015-12-31,0.0518115955599862,0.01576512696162926,0.1308335255204631,G5,2.374860407581969
005820,2015-12-31,0.08704058601353384,0.01709943382560073,0.08808141761086699,G4,4.249787860603099
005850,2015-12-31,-0.16179422012302308,0.014648176624948541,0.04535646198213193,G3,-12.026468846729365
005860,2015-12-31,0.3827982689407933,0.04477375066866614,-0.034541550602226134,G1,8.22863047478214
005880,2015-12-31,0.05149295381778159,0.02076505219230907,0.16176749270563662,G5,1.7876831589771147
005930,2015-12-31,0.21590905032391233,0.014932926301438939,0.13163709763083006,G5,13.496177945121332
005960,2015-12-31,0.2675871261454592,0.055562915652444596,-0.051037448150598685,G1,4.557275359901108
005990,2015-12-31,-0.10011244225368779,0.0211413675618417,0.023593127959843863,G2,-5.415168230584631
006060,2015-12-31,0.4299544200191763,0.03429545827022594,0.059318387846585066,G4,12.117721157896296
006120,2015-12-31,-0.054572686824332806,0.020203061634632768,0.021684904052550483,G2,-3.412567252898739
006200,2015-12-31,-0.014461850878801807,0.015599931596930353,-0.009666169718585825,G1,-1.8483075017319501
006260,2015-12-31,0.31844306463634814,0.023893204315507233,0.027196182624183867,G3,12.726273165491202
006280,2015-12-31,0.01335237796021295,0.028884739628265984,0.0874968494176954,G4,-0.0352865136128659
006340,2015-12-31,-0.19456230628341892,0.03394957881077603,0.02215720687630128,G2,-6.154242064865042
006360,2015-12-31,0.4337146653491739,0.02938984246394543,0.011545623412554773,G2,14.268298516581075
006400,2015-12-31,-0.03053230621848868,0.02543929094575329,-0.007904533053602761,G2,-1.7651406256782705
006490,2015-12-31,0.6652628554935345,0.054174253324718216,-0.29121763107314674,G1,12.014770778174084
006570,2015-12-31,0.26379325587569985,0.03513085039620301,-0.013679969041784458,G1,7.099789311799517
006580,2015-12-31,0.36856349653882947,0.0191446078870284,-0.007885015088797895,G2,18.500868699457953
006650,2015-12-31,0.37419298069305384,0.029843677704671806,0.15702962035566875,G5,12.056870622162517
006660,2015-12-31,-0.022688175631829195,0.009545904062031258,0.033767375388283706,G3,-3.882271926191257
006730,2015-12-31,-0.02737202893204088,0.019583592031570264,0.22045542211672717,G5,-2.1315624111785385
006840,2015-12-31,0.10921134334936122,0.029683519014955053,0.037873374010691574,G3,3.1950296588241285
006880,2015-12-31,-0.09865596738561674,0.022038951094880393,0.015651500224483358,G2,-5.128537497874964
006890,2015-12-31,-0.06047320462105529,0.014735755335245675,0.09962552510901221,G4,-5.079130498342882
006910,2015-12-31,0.9256640139458879,0.0637295456509286,0.023238719029533315,G2,14.299370643862416
006920,2015-12-31,-0.11491951180369854,0.02524696457760957,0.042639492951045056,G3,-5.121056478871564
006980,2015-12-31,-0.18263736718901435,0.022227281596676633,0.011077105999393632,G2,-8.863386467231354
007070,2015-12-31,-0.021067063706022016,0.02481673063917073,0.035993685249246093,G3,-1.4280157986804047
007120,2015-12-31,-0.036890863182605704,0.0466614762836988,-0.15953790882903426,G1,-1.0986039659191862
007160,2015-12-31,0.035219136157214614,0.01996511087455366,0.03764825120824323,G3,1.044197378611895
007210,2015-12-31,-0.22904087278710356,0.026617430467616776,0.09012347537549734,G4,-9.144853136802714
007310,2015-12-31,-0.4074209433318854,0.024219776163139004,0.07084555453968024,G4,-17.415213097309188
007340,2015-12-31,0.12743446015675003,0.01979719065532679,0.0932895046744054,G4,5.711054785847536
007530,2015-12-31,0.8396610722502333,0.05588064237244814,0.030348173281394827,G3,14.768789646892662
007540,2015-12-31,0.5210528809300217,0.026844002494421492,0.047182353530129575,G3,18.875026602944413
007570,2015-12-31,0.09823499929313181,0.03697228245602385,0.08329157561631453,G4,2.2682770444202913
007590,2015-12-31,0.09734593354825251,0.01312787828496022,0.07288263678494093,G4,6.32046641725808
007610,2015-12-31,0.30042246186674,0.04056958099405263,0.06013981032529145,G4,7.0508700149100445
007660,2015-12-31,0.1390315913346731,0.023013792840338804,0.03873317192985728,G3,5.416750401865877
007690,2015-12-31,-0.014115515933994377,0.020285740345510846,0.07705392196901191,G4,-1.4042936154710426
007720,2015-12-31,0.41404106820961206,0.03173341889923839,-0.022405540022484134,G1,12.594591517552946
007770,2015-12-31,0.18163129485666302,0.028755479021515967,0.024350974791333312,G2,5.816619330639666
007810,2015-12-31,-0.037949063626909446,0.022213313644217275,0.08337091860068023,G4,-2.3553749874161514
007820,2015-12-31,0.0394484295545416,0.024012298663009315,0.03215833532438777,G3,1.0443319145810188
007860,2015-12-31,-0.12082708767250211,0.016087912877063158,0.044763318678078735,G3,-8.403744377778633
007980,2015-12-31,-0.0042926082625383,0.028090728187489443,0.021750233618584764,G2,-0.6644266341646669
008000,2015-12-31,0.02413248067152619,0.007107218307122148,-0.0041919356502429376,G2,1.3733728909712792
008020,2015-12-31,0.748948637681737,0.1677585595262829,0.02727405177170887,G3,4.378775187613245
008040,2015-12-31,0.20300331813714007,0.05223207439069691,0.003734400809170408,G2,3.611415028395417
008110,2015-12-31,-0.08938307338246582,0.016663466669630624,-0.06765294275449386,G1,-6.226477068536398
008250,2015-12-31,0.10881749844825651,0.033458395686604865,0.06920370691300204,G4,2.82278563546782
008290,2015-12-31,0.052258454894412096,0.05142029083793616,0.03930995893888954,G3,0.736807096161942
008370,2015-12-31,0.17762344692226723,0.028602628761765694,0.11019783971424783,G5,5.707581235406683
008490,2015-12-31,0.019728233291525503,0.021158111915434857,0.11125020956469019,G5,0.2531706796251515
008500,2015-12-31,0.011927473523749848,0.012953331381989333,0.05303947100535422,G3,-0.18868861781444146
008600,2015-12-31,0.23717690993773063,0.025322337883381,0.03369532928704728,G3,8.798764602444052
008700,2015-12-31,0.020796775147084307,0.02984788602257293,-0.05226374147178922,G1,0.2152633330184703
008770,2015-12-31,-0.2204245195738231,0.023641926041501553,0.023726313381963,G2,-9.931345647557086
008800,2015-12-31,0.9642007061613693,0.054445642948605884,0.006722967182131553,G2,17.445456330447843
008870,2015-12-31,0.7787228688861596,0.05873231878603574,0.08063771536637997,G4,13.01415072598126
008930,2015-12-31,0.1612268510257744,0.02691407244590799,0.2786598381235014,G5,5.4564477970628475
008970,2015-12-31,0.09555215756954591,0.023272644733719188,0.018963659314984886,G2,3.48823860717538
009070,2015-12-31,0.024112752658007157,0.021563697066707754,0.03748829652391974,G3,0.4517376083313966
009140,2015-12-31,0.13592992708334437,0.02353551365807271,0.05896615730351973,G4,5.164888650022723
009150,2015-12-31,-0.09631880331969,0.02206540898291672,0.04878869348507577,G3,-5.016468225161726
009160,2015-12-31,-0.06651859228922237,0.0137538605244896,0.07880824364017458,G4,-5.881273251499255
009180,2015-12-31,-0.16742136338234578,0.024272223441487953,0.0017068404757753504,G2,-7.4897540202238355
009200,2015-12-31,0.05054607897432241,0.020478574239357533,0.06260075664414136,G4,1.7664539939743116
009270,2015-12-31,0.10222408314419257,0.024366568263292743,0.02924611058008004,G3,3.6054508159127576
009290,2015-12-31,-0.13212676936571377,0.019519309586502238,0.053238022743341835,G3,-7.505305883632711
009310,2015-12-31,0.018368855150000016,0.018273082064995717,0.08508693428354931,G4,0.21874993049734923
009320,2015-12-31,0.28546394611763026,0.028915889044130946,0.0501141909970879,G3,9.375202885361189
009410,2015-12-31,0.18502676521583694,0.01872900472270123,0.030179444734755093,G3,9.111810692784854
009420,2015-12-31,0.6300761691118479,0.040228521849141295,-0.05348426592578502,G1,15.305174565012777
009450,2015-12-31,0.7419584322846029,0.029680191147292184,0.04730763343254931,G3,24.514222599023697
009470,2015-12-31,0.23625240244103526,0.0298945463808867,-0.019175898435850405,G1,7.42211572290612
009520,2015-12-31,0.18018522376457247,0.01947346700057401,0.0224120536435082,G2,8.51484761503306
009540,2015-12-31,0.40915889780955245,0.027086274886996265,-0.034218192352482836,G1,14.575178009463913
009580,2015-12-31,-0.1115981094521073,0.016813367168382977,0.05821545500631264,G4,-7.49223685588092
009620,2015-12-31,0.3410396373096814,0.04187483724121885,0.023139322620223227,G2,7.801057606734312
009680,2015-12-31,-0.136621655946757,0.015601546693169264,0.030866497587212945,G3,-9.678096578153712
009780,2015-12-31,0.7585616123945009,0.05137485074536894,0.05903490379195329,G4,14.485492062344811
009810,2015-12-31,0.11204311082060807,0.03195257343886497,-0.020614852759158017,G1,3.0567644665358054
009830,2015-12-31,-0.01575901396529633,0.025911255580456302,0.0419327228562719,G3,-1.1628395849073543
010060,2015-12-31,0.2944917567961035,0.033481421653163534,-0.06284005534181179,G1,8.366434973388477
010100,2015-12-31,0.09057001671897698,0.02283588313131981,0.010395504576158997,G2,3.3367834544642467
010120,2015-12-31,-0.02583475638087049,0.02175999083700167,0.07012935988768611,G4,-1.8477202679153522
010130,2015-12-31,0.10003832894576817,0.01612295831639423,0.14088378272984156,G5,5.313336891800449
010140,2015-12-31,-0.0275534889265905,0.029290152730920786,-0.15460543413930575,G1,-1.431372141690514
010170,2015-12-31,0.3093556264756844,0.03009238291402329,-0.040529007894706065,G1,9.802613757779536
010240,2015-12-31,0.26957820686689543,0.020304886506317003,0.041148572813518386,G3,12.568727585312475
010280,2015-12-31,0.8767371529428476,0.06457956592321742,-0.03936392919802621,G1,13.35353560985307
010470,2015-12-31,-0.43553912533422745,0.027849537874694914,0.023590684780034597,G2,-16.155052449230848
010600,2015-12-31,0.17814430889824567,0.03488710428249236,0.018460614391529972,G2,4.69436178634416
010620,2015-12-31,0.4971947920896621,0.030001721174103366,0.014309365103765802,G2,16.093182440083186
010690,2015-12-31,0.2041700304313171,0.022528052217069314,0.015336558043974678,G2,8.424980947496143
010770,2015-12-31,0.10189179166628927,0.0214282263819471,0.009291420623646345,G2,4.084340457673791
010780,2015-12-31,0.3470006049373356,0.02321150584580536,0.1210631687426629,G5,14.33034924268545
010950,2015-12-31,-0.0006628140498134427,0.02274124785915985,0.04570103797192128,G3,-0.6611085663035695
010960,2015-12-31,0.008986722978921446,0.019163244067203253,0.046061292657116504,G3,-0.28100131274768486
011040,2015-12-31,-0.012453401277709712,0.0162097004148321,0.1713011178205244,G5,-1.6548745695185267
011070,2015-12-31,-0.0633191794055055,0.02192197794444863,0.036441897752308376,G3,-3.543968492290597
011080,2015-12-31,0.4873300361196998,0.06533567063023801,0.012783750961453028,G2,7.238900463394034
011090,2015-12-31,-0.04676085529207041,0.031421671674797653,0.02625214931337828,G2,-1.9455513265837068
011160,2015-12-31,0.2533774158889247,0.04169117855885174,-0.09245447565967037,G1,5.732766605128027
011170,2015-12-31,0.2636844853192877,0.02482056821716958,0.1375457139390107,G5,10.044607497281877
011200,2015-12-31,-0.6792186851165953,0.07260164288996636,-0.043950670017461835,G1,-9.553369279619432
011210,2015-12-31,-0.2299254906030395,0.022336905221419866,0.06353650771853328,G4,-10.936927380928394
011230,2015-12-31,0.0344694272883324,0.025420779872962505,-0.20587547404556736,G1,0.7906054680642801
011280,2015-12-31,0.07495074566780012,0.016742369547894233,0.0057780171715866,G2,3.6183125558299243
011300,2015-12-31,0.14560792330750494,0.029890913184718818,-0.0013001521978923342,G2,4.390508338711018
011320,2015-12-31,0.10188986208586491,0.02479728199634642,0.0262989593555488,G3,3.529348191485253
011390,2015-12-31,0.4737501286564011,0.04942600308496021,0.1019817732607083,G5,9.294267799652914
011420,2015-12-31,-0.005536188340227344,0.024327391388894004,0.03363131182568918,G3,-0.8183289256251924
011560,2015-12-31,-0.10062665066655191,0.016808949295081865,0.05548172486073423,G4,-6.84149070629353
011690,2015-12-31,0.8878805744395412,0.04960644005808609,0.032983610141325594,G3,17.60878131344249
011700,2015-12-31,0.3598898171140883,0.03606897433090044,0.11912652549881098,G5,9.579374068859273
011760,2015-12-31,-0.14812601183376015,0.027406911770776275,0.005501403768107169,G2,-5.929074859333098
011780,2015-12-31,0.2038746922499699,0.026991008876730144,0.041669754967235254,G3,7.020970331162279
011790,2015-12-31,-0.09424291034294033,0.02002914965390165,0.08502073989117151,G4,-5.422822832625458
012030,2015-12-31,0.5215046782520862,0.03224133864546472,0.04792567094457781,G3,15.729280477785409
012160,2015-12-31,-0.11236110492831655,0.022709160725869513,0.014091420864570244,G2,-5.5806872907573695
012170,2015-12-31,0.7207874728614359,0.05114790711873515,-0.5856481836066582,G1,13.81123672378709
012200,2015-12-31,0.24368667462188434,0.02501096372058612,0.024194124827032176,G2,9.168581325589985
012320,2015-12-31,-0.10655310879606648,0.01315950708321657,-0.008289768427746438,G2,-9.189153343638672
012330,2015-12-31,0.05935732283271747,0.019036900736727997,0.08147116738653565,G4,2.3630791448954955
012340,2015-12-31,-0.10631214399498762,0.02937731241050015,-0.01605146228709112,G1,-4.108060057602894
012450,2015-12-31,0.4563990002871815,0.022726820760440886,-0.022790289497779972,G1,19.44959153012199
012510,2015-12-31,0.1788353727119834,0.02767452805559526,0.18378660378752185,G5,5.942784377868446
012600,2015-12-31,0.10843885653422691,0.026381562043768642,-0.06560826356743747,G1,3.5656431813951617
012610,2015-12-31,0.6384740215277983,0.03370699100465397,0.02552834739131355,G2,18.51551809306615
012620,2015-12-31,0.1220201557610891,0.031410035293081624,0.03136873709877833,G3,3.427202008476887
012630,2015-12-31,0.19057905589068883,0.028950250501023244,0.08463332598833968,G4,6.086559982137321
012700,2015-12-31,-0.0874216678293587,0.025266416248407992,0.1426962057816653,G5,-4.028798011830523
012750,2015-12-31,0.04956066979291368,0.0211217127850512,0.09588858424092896,G4,1.6660130943314757
012800,2015-12-31,0.22379302368103618,0.024980970126717076,-0.03146980740749299,G1,8.383237436353633
012860,2015-12-31,-0.06580947848989259,0.024695732281553667,0.035345641296403586,G3,-3.2467592899884665
013000,2015-12-31,0.33421883591538837,0.06526189137875851,0.04005298975763158,G3,4.90097987416256
013030,2015-12-31,-0.056393343938417495,0.024278019960787614,0.25610577133879736,G5,-2.9147749186722236
013310,2015-12-31,0.3859105298411104,0.024288976833319643,0.09964156220665975,G4,15.296606056008217
013360,2015-12-31,-0.013516366823905446,0.031813607501044804,0.030068227289329418,G3,-0.876605601590433
013520,2015-12-31,-0.021988406990107,0.020554124001537194,0.06548564533062498,G4,-1.7689893622174102
013570,2015-12-31,-0.06755849475273866,0.02274805560459324,0.0392234622659791,G3,-3.6016315370050944
013580,2015-12-31,0.239357652991924,0.022546078134096075,0.023716471518301124,G2,9.978943208458563
013810,2015-12-31,0.2945813202723967,0.04428764761330523,0.10976133607686138,G5,6.327039607086832
013870,2015-12-31,0.11739441295094069,0.01526622850163952,0.036196245881746386,G3,6.7484115819153825
013990,2015-12-31,-0.1919212592022381,0.027452958538290946,0.0006911108874612944,G2,-7.514413378536741
014100,2015-12-31,-0.20291813256732166,0.02729508643554945,0.04742483996017539,G3,-7.960764396138007
014130,2015-12-31,-0.13842934189978057,0.025017426857138175,0.025110110647409412,G2,-6.10778088772515
014190,2015-12-31,0.1767160086354657,0.03084509142569897,0.0051691497972623885,G2,5.263216330812902
014280,2015-12-31,0.34035925965928193,0.029714117386703064,0.056959698152561605,G4,10.970800030791091
014440,2015-12-31,-0.14871926114724016,0.017348709605697694,0.08762190897084192,G4,-9.400749944652219
014470,2015-12-31,0.32444868773689695,0.043550509430777075,0.02447193498981377,G2,7.1199412376897735
014530,2015-12-31,0.1316706322640246,0.01762503060937039,0.06902586451590839,G4,6.655251564973308
014620,2015-12-31,0.12273287111367498,0.028908544521215523,0.09107553839906035,G4,3.7484160199016774
014680,2015-12-31,0.31301403093981983,0.029237311211900922,0.13314694881977246,G5,10.214428031943951
014710,2015-12-31,-0.030054912105936117,0.01657493644750563,0.033557412396584205,G3,-2.6803440221293715
014790,2015-12-31,0.21445652732141518,0.024069285183527196,0.016687330714931014,G2,8.312872861718455
014820,2015-12-31,-0.29863590183601024,0.0235188456034438,0.08084223006207256,G4,-13.308796138722357
014830,2015-12-31,0.019783049742662345,0.01901841406526118,0.0749286225750196,G4,0.2845363449225221
014910,2015-12-31,1.2068173521363867,0.0662357377149576,-0.027939071724038613,G1,18.003056560639685
014940,2015-12-31,0.07467295792581277,0.03475308863117836,-0.026129330785667104,G1,1.73513608667876
014970,2015-12-31,0.4256336392339869,0.02708242789106191,0.1087276181348337,G5,15.185566861655229
014990,2015-12-31,-0.005697930606140822,0.041240315264491616,-0.02921902183892311,G1,-0.4866488094413473
015020,2015-12-31,0.21639304254723682,0.0423990692546956,-0.07774796729200283,G1,4.764760792633521
015230,2015-12-31,-0.016928218341145322,0.01044932579741237,0.0818508262215698,G4,-2.995393068058624
015260,2015-12-31,0.46130569762228874,0.04328538338365005,0.018528483168237984,G2,10.325288653277743
015360,2015-12-31,0.070511482908676,0.011795210802162264,0.014473786459681223,G2,4.75954725455816
015540,2015-12-31,-1.0375713516959861,0.0686412053557384,-0.09757522328630401,G1,-15.32524037074407
015710,2015-12-31,-0.12729844650772396,0.02792286830466298,0.08878156627019669,G4,-5.0736215449032365
015750,2015-12-31,-0.07012173087591644,0.018551501488107084,0.041252793110178335,G3,-4.5545289500363575
015760,2015-12-31,0.2184431954265428,0.014371054171752433,0.19245540049868276,G5,14.200181369391366
015860,2015-12-31,-0.38993438417855464,0.030206244350857003,0.03435847673968288,G3,-13.384848483667703
015890,2015-12-31,-0.1417088415210741,0.007673317295346621,-0.00922173181252246,G1,-20.34067603773362
016100,2015-12-31,0.05751810095892601,0.041667038579397034,0.1993021218844762,G5,1.0355063069433177
016250,2015-12-31,-0.008859585358941657,0.0322016889023906,0.07263459179220091,G4,-0.7214281570034936
016380,2015-12-31,-1.136636081772171,0.04731935194520033,0.03386124313465173,G3,-24.324249047692827
016450,2015-12-31,-0.635245951647015,0.022721381992178182,0.07802381954347731,G4,-28.590583600458597
016590,2015-12-31,-0.05245827103740884,0.020895407905516614,0.027346503753616015,G3,-3.198305151921675
016670,2015-12-31,0.04221591100371213,0.04204595880265109,0.07131384757364843,G4,0.6622346612689598
016880,2015-12-31,-0.07958777411562239,0.02160975222031354,0.049756672127404755,G3,-4.348008846932024
016920,2015-12-31,0.4382822557922938,0.025354727545771442,0.005934163281743078,G2,16.719195081419127
017040,2015-12-31,0.09747828448516609,0.023592241092229137,0.08031584471390996,G4,3.522626970535245
017180,2015-12-31,1.2241356884461632,0.07622630704667614,-0.019746095956955534,G1,15.870689734281246
017250,2015-12-31,0.07964416916666242,0.014496951720624797,0.030172934678647546,G3,4.50250167802445
017370,2015-12-31,-0.20169110067608537,0.020237123761921154,0.06140546728766037,G4,-10.67655280148783
017390,2015-12-31,-0.32955470430941863,0.016389738319605857,-0.001608237342141166,G2,-20.98424741878364
017550,2015-12-31,-0.1289970538209392,0.03788353710247926,0.04452621182648629,G3,-3.7844584879025556
017680,2015-12-31,-0.21616428433747942,0.03485320186987742,-0.0527214822800449,G1,-6.6144827931873476
017800,2015-12-31,0.08028572483995336,0.02778109865340386,0.10803858200062544,G5,2.3726241335515876
017810,2015-12-31,-0.30245728556140683,0.018958554542844536,0.021409781418980124,G2,-16.711659349541307
017890,2015-12-31,0.3129346650056019,0.022394391672496426,0.07979213093317007,G4,13.332045346602156
017900,2015-12-31,0.3028145297893171,0.03206462531452371,-0.0557970855608062,G1,8.995673806933794
017940,2015-12-31,0.06243000435673131,0.012821386186507468,0.007600101149078265,G2,3.7482986581431814
017960,2015-12-31,0.04853325874345859,0.020197199978567705,0.10525007233378383,G5,1.6914047027013364
018000,2015-12-31,0.20987157267465822,0.022865441797282796,0.02702408854672858,G3,8.550018612786241
018260,2015-12-31,-0.42807794979035724,0.02670705346223687,0.07490347663416336,G4,-16.566768405742707
018500,2015-12-31,0.3447122653576215,0.02010879921121965,0.029760096956593953,G3,16.427666424507287
018700,2015-12-31,1.068546808318454,0.050127174893925215,-0.35274886571282504,G1,21.03001397606983
018880,2015-12-31,0.14153079703812785,0.024942851743370686,0.06468962045988355,G4,5.09802081286132
019010,2015-12-31,0.2234993880994993,0.01823613076128946,0.00819658178959259,G2,11.467770829166955
019170,2015-12-31,0.6397026684786495,0.044403994295407936,0.0201731642287328,G2,14.08276572148395
019180,2015-12-31,0.5557698134948089,0.04072548072624433,0.021856274501272956,G2,13.29384415166918
019210,2015-12-31,-0.1261170357851073,0.014387523373467067,0.12232498680439736,G5,-9.764617012716801
019300,2015-12-31,0.5950869302383487,0.04543704305323513,-0.010013816734993257,G1,12.780658059981125
019440,2015-12-31,0.036415007117473405,0.013516667496211342,0.05119031259334256,G3,1.6308300404180407
019490,2015-12-31,0.22699258112124326,0.05339753871891501,-0.10754320257186684,G1,3.9818494729161866
019540,2015-12-31,0.12336475433789598,0.021315757571192796,0.06075366930803975,G4,5.113265820159497
019660,2015-12-31,0.418257266566315,0.038221128354514716,0.32169397921011555,G5,10.567078059596264
019680,2015-12-31,-0.044298577242301185,0.017254561581012243,0.05293177763395845,G3,-3.4002716722269293
019770,2015-12-31,-0.10076993583262231,0.01566800660657332,0.022446992406477857,G2,-7.348832461088312
020000,2015-12-31,-0.022067690640684198,0.016639422611231466,0.1071757308634644,G5,-2.189938389712984
020120,2015-12-31,-0.20708572474598058,0.022212389555960752,0.016897661019925223,G2,-9.969991923037465
020150,2015-12-31,0.43472546086591646,0.0337067618888271,-0.06731503751849734,G1,12.470905467989876
020560,2015-12-31,0.061891255639412,0.016762942904267896,0.016957709216479964,G2,2.8348027069282398
020710,2015-12-31,0.02799489155119135,0.02454781690975867,-0.0017051703240913525,G2,0.5549687731077116
021050,2015-12-31,0.04152296806261585,0.044274602610224915,-0.04290690890479435,G1,0.6132488321427777
021240,2015-12-31,0.05516331107597568,0.02272498681226914,0.2001255722330994,G5,1.795014962809243
021320,2015-12-31,0.5857579096453696,0.030053810991739295,-0.09649458163325776,G1,19.01210765197509
021650,2015-12-31,0.5348054785392311,0.05065706516821472,0.03760419984243186,G3,10.273667791308856
021820,2015-12-31,-0.14028695933407476,0.013370004370449589,0.16400749843187679,G5,-11.56757879557701
022100,2015-12-31,0.21882786973287638,0.020270712061110047,0.016618747533871752,G2,10.086288503245123
023150,2015-12-31,-0.06319236980283932,0.02114968602380042,0.2201398917413793,G5,-3.667382552812553
023410,2015-12-31,0.2433051872280661,0.027547891778340897,0.06094398649895545,G4,8.31038430642274
023430,2015-12-31,1.097715128757341,0.05911475665798974,-0.007006625977515409,G2,18.326109592343393
023460,2015-12-31,0.23940682726750762,0.02968239187386222,0.02986843620761611,G3,7.58143779333901
023530,2015-12-31,-0.1572322101104399,0.020143477377268404,0.029309362875587056,G3,-8.51907675198136
023590,2015-12-31,0.24079611508440535,0.024345254322255518,0.24819164974772243,G5,9.300559869654215
023600,2015-12-31,-0.12781209097965707,0.014527719204693344,0.040803650342740506,G3,-9.787063522815947
023800,2015-12-31,0.1224982105461259,0.017307149394102994,0.027627606296152303,G3,6.247510110744041
023810,2015-12-31,0.13903252632159435,0.0159835755489508,0.0414609717799226,G3,7.799312877240883
023890,2015-12-31,0.2818814379157454,0.022050552506622058,0.1208936881500608,G5,12.131660561208113
023900,2015-12-31,-0.00865856988889592,0.014806320458127608,0.10192029148432986,G5,-1.55542963373887
023960,2015-12-31,-0.1827912241285669,0.033754626030076264,0.007187707050969691,G2,-5.841061419883587
024070,2015-12-31,-0.1095894984918763,0.01053040704777878,0.015236553081400681,G2,-11.77173091673923
024090,2015-12-31,0.24083930406450396,0.021504031887124655,0.05887885917918015,G4,10.531405716608411
024120,2015-12-31,-0.013651037573193383,0.016978897529579748,0.06720371877323744,G4,-1.6504403329299573
024660,2015-12-31,0.23167249664565331,0.02196242183082759,0.1347153668272267,G5,9.894212878760426
024720,2015-12-31,-0.25397558951493665,0.030410511890737835,0.1808627211149224,G5,-8.824159560266308
024740,2015-12-31,0.01558811454870205,0.03457682544676989,0.042278646718878224,G3,0.035182374745910856
024800,2015-12-31,0.4068535118157762,0.04235010904744581,0.024943358563303836,G2,9.267553282041371
024850,2015-12-31,0.5947987172568182,0.057443306589299956,-0.17593880744206533,G1,10.10434691178842
024880,2015-12-31,0.2052150796832449,0.016580051016483473,0.05044254288164772,G3,11.510426582837608
024890,2015-12-31,-0.017942614958041635,0.01998546734832433,0.12742419962042986,G5,-1.6168866163172735
024900,2015-12-31,0.3648396126817234,0.024810284937078594,0.004504331937153828,G2,14.12591567780201
024910,2015-12-31,0.06817429498980564,0.01774635288837984,0.04169450695642754,G3,3.0317595739192886
025000,2015-12-31,0.06463841789049689,0.015598893949179442,0.0656493387887933,G4,3.222459126650531
025270,2015-12-31,0.10686271973146691,0.027830305118357695,-0.12189589752303104,G1,3.323395112623009
025440,2015-12-31,0.3564548499316309,0.03286492829613358,0.011642300646632894,G2,10.408762408697108
025530,2015-12-31,-0.012316868444782397,0.01486754983859629,0.12717466910642242,G5,-1.7950831477160205
025550,2015-12-31,0.05400920428465339,0.04440518219174931,0.01982558522919712,G2,0.8926342064127009
025560,2015-12-31,-0.1838389119770009,0.020876656627691656,-0.09570508893997809,G1,-9.494361823837066
025750,2015-12-31,0.1757827552721537,0.019140794267043564,0.03856223558594971,G3,8.432833732075581
025770,2015-12-31,0.0001822115434716165,0.025771931464027505,0.11932293074721775,G5,-0.5505760480018279
025870,2015-12-31,0.05350042271472007,0.03056834944287292,-0.029015521659417086,G1,1.2800430415628212
025880,2015-12-31,0.2932530622913556,0.044557808492485404,-0.004484872586954789,G2,6.258868019060646
025900,2015-12-31,0.11602942336600264,0.026485349640509557,0.11664659433208664,G5,3.8382654949816617
025980,2015-12-31,-0.0605515738921065,0.02919432909725438,0.39981842454444244,G5,-2.5663612053158156
026040,2015-12-31,0.3195400167185246,0.034950784626429074,0.02663175428838242,G3,8.731374710525172
026180,2015-12-31,-0.0006836757188775772,0.02241322288433251,0.010922864262004934,G2,-0.6717148852212373
026260,2015-12-31,-0.5651711609830115,0.0471953595746583,-0.19199033102618632,G1,-12.279656006954307
026890,2015-12-31,-0.07927727075546143,0.02156150510475578,0.08969628968334867,G4,-4.343337351394608
026960,2015-12-31,0.06968860502788186,0.01862309371009954,0.09588329231121324,G4,2.9703434977386665
027040,2015-12-31,0.5306616790020371,0.03870221650396123,-0.023200176548618123,G1,13.340064366362174
027050,2015-12-31,-0.2737905134175806,0.03042590987083686,0.04702251068773781,G3,-9.470945465860758
027410,2015-12-31,0.23799821192312232,0.034141938212429834,0.042363656976004124,G3,6.549909112172143
027580,2015-12-31,0.28904595109201814,0.0502183723355165,-0.008870051992248608,G2,5.469598447726815
027710,2015-12-31,0.3036339113789963,0.03122429589896589,0.022470552803195397,G2,9.264013273403116
027740,2015-12-31,0.07071632363636207,0.03676341213715438,-0.03541802974694201,G1,1.532629879616324
028040,2015-12-31,1.8025248171501178,0.06224649104411322,0.03506047304819848,G3,28.726971873234888
028050,2015-12-31,-0.2244413520541036,0.036077457694037945,-0.2257844823875074,G1,-6.619451231783413
028080,2015-12-31,-0.1545893529014425,0.011865735435409213,0.49082668376241806,G5,-14.239401640082615
028100,2015-12-31,0.2937923973907477,0.021931913759087485,0.013414602529469192,G2,12.740373719400564
028150,2015-12-31,0.038323003695775126,0.01685973473694458,0.094168225378091,G4,1.4206263829869659
028260,2015-12-31,-0.004598589339270393,0.020017525759126853,0.0027830088319973747,G2,-0.9476800122977687
028300,2015-12-31,0.042741098039124514,0.03542673659778857,-0.15504665685191668,G1,0.8007928769421445
028670,2015-12-31,0.035152559302865705,0.023246956329612517,0.12607506239992788,G5,0.8939208767766562
029460,2015-12-31,0.414521145661846,0.02883741358366051,0.12342305850403167,G5,13.876054618513491
029530,2015-12-31,0.045508940077669216,0.011332458572040679,0.013073544599907345,G2,2.747622694706428
029960,2015-12-31,0.08164881452351994,0.018346300037579574,0.22394207535664193,G5,3.6670715439845147
030000,2015-12-31,-0.10529042209838789,0.021957668155960373,0.045326318391205205,G3,-5.449669835920882
030190,2015-12-31,-0.31006303423025083,0.026299959534345538,0.08315073243510533,G4,-12.335937381381758
030350,2015-12-31,0.71649347243383,0.047470806068024424,0.22411803224957294,G5,14.790603127939264
030520,2015-12-31,-0.15913847424567307,0.020873010063898256,0.32868748531211234,G5,-8.31265320300325
030530,2015-12-31,0.26116000907275727,0.04578112973028582,0.153312684366804,G5,5.390613792371931
030720,2015-12-31,0.10854525168323802,0.02990541122956734,0.01900879463831924,G2,3.149049890737471
030790,2015-12-31,0.04434842410290019,0.02402897350331764,-0.05778400292000387,G1,1.247527464311012
031310,2015-12-31,0.08820498972119528,0.024579480012760883,0.00752617486019871,G2,3.003862163257868
031330,2015-12-31,-0.0925658186749265,0.021678852126288256,0.03477873620557602,G3,-4.93279984430364
031390,2015-12-31,-0.19917514101850048,0.021200413575698837,0.06306189724051775,G4,-10.072763909737601
031440,2015-12-31,-0.040261106652719925,0.025968118660426396,0.00963094672916226,G2,-2.1038384445726614
031510,2015-12-31,0.7038006451857024,0.041457300683690204,0.043735618001754455,G3,16.629858049070286
031820,2015-12-31,-0.10249039083857257,0.04891776724923487,0.004796020652498992,G2,-2.3889481701295407
031860,2015-12-31,1.1950861877101377,0.05775945048558686,-0.14624903844124068,G1,20.44192868985934
031980,2015-12-31,0.4977460556797306,0.02371192477512958,0.12058465014443609,G5,20.385288859739106
032040,2015-12-31,-0.18910073390237242,0.03298032515631792,0.0008963647356026682,G2,-6.169507203348594
032350,2015-12-31,0.01935229298948212,0.02111072229163443,0.034438542402422945,G3,0.23593097395563647
032500,2015-12-31,0.24670718823532417,0.029881167611824588,-0.2041884672674948,G1,7.775317602551595
032540,2015-12-31,0.09643916574506127,0.026250207380390366,0.024124498738543054,G2,3.126358006910763
032560,2015-12-31,0.1591564841701938,0.020566575941623918,0.048953249874261244,G3,7.039813766902214
032620,2015-12-31,0.1969186031159751,0.023811749767464568,0.07628227750405107,G4,7.666256582583872
032640,2015-12-31,0.07354916262936681,0.017665928452491125,0.058575102420349454,G4,3.349812214523724
032750,2015-12-31,-0.3985739674207391,0.04758474870407908,0.03671428612991737,G3,-8.678107973356813
032790,2015-12-31,1.4779923670880115,0.07111228227557967,-0.04476312872097714,G1,20.581827787466704
032800,2015-12-31,0.643886368321304,0.040329731288144405,0.03826692660104498,G3,15.609197693515268
032820,2015-12-31,0.29525018976901796,0.04791454445004567,0.06715829133611313,G4,5.862073265530971
032850,2015-12-31,0.1659028119918992,0.025159627532273035,0.13400654945231802,G5,6.022791556799304
032940,2015-12-31,0.19943227603340583,0.0354757642205384,-0.05696494350791908,G1,5.216537554050961
032960,2015-12-31,0.03010261562966492,0.02837537054884958,0.06262606983512385,G4,0.5543890919159418
032980,2015-12-31,0.4064397183039436,0.036806209174210826,0.0005519588791041065,G2,10.652227093800953
033050,2015-12-31,0.0920867012628309,0.0263502637896322,0.013637170039755736,G2,2.949309432533989
033110,2015-12-31,0.5715994557465433,0.04043509339667641,-0.6693254018798263,G1,13.780797550328773
033130,2015-12-31,-0.28187733464053777,0.03161415134328033,0.10591541759596973,G5,-9.370770423094598
033160,2015-12-31,0.5540938085235672,0.028838442936557608,0.05467097994458325,G3,18.715372046701873
033170,2015-12-31,0.06414836511595395,0.0265131690220379,0.01697693849432176,G2,1.8774347704821477
033180,2015-12-31,0.7947549145135727,0.05269516719479599,0.05083196809432235,G3,14.809390240863133
033200,2015-12-31,0.44906649259965076,0.02271678634315367,-0.05793568000062506,G1,19.135403499199093
033230,2015-12-31,0.33469297636287487,0.029756568510476467,-0.012194401527984016,G1,10.764727677917186
033240,2015-12-31,-0.10022934398268211,0.022728713508890306,0.09046541440763688,G4,-5.0421227605410195
033250,2015-12-31,-0.2691997381908643,0.03596303097591035,-0.05099390598843772,G1,-7.8850794889652915
033290,2015-12-31,0.0965589345940158,0.018888182020446388,0.10551760835794444,G5,4.351255975124471
033310,2015-12-31,0.0913116897465055,0.026682446128613178,0.079224275179962,G4,2.883546345688607
033320,2015-12-31,0.7234010118967191,0.05500936299281846,0.01871467951954982,G2,12.889249276908988
033340,2015-12-31,0.3529280165437785,0.049821353199730904,0.009816355694046416,G2,6.795407492610964
033430,2015-12-31,0.02796260216122931,0.04817284290566688,-0.40756012932916735,G1,0.2821295489978374
033500,2015-12-31,0.42757642992310907,0.027701150766100035,0.058859999036531455,G4,14.916521472114031
033530,2015-12-31,0.11384768951978372,0.018224767874329195,0.018009131164738283,G2,5.4582900856362935
033540,2015-12-31,0.11714135878937432,0.019271260391089246,0.030769006508364147,G3,5.332798010377346
033560,2015-12-31,0.23755121528793888,0.027914325116125054,0.1489979313076428,G5,7.995163581465438
033640,2015-12-31,0.3832703846743522,0.023330312060642917,0.013884396571918829,G2,15.811994455845978
033780,2015-12-31,0.1707126327394994,0.01850212259890789,0.33050877594971523,G5,8.449896069244389
033830,2015-12-31,0.11625688328710858,0.012241648098740843,0.04864408176908123,G3,8.322838783388855
033920,2015-12-31,-0.43335550827535485,0.024679465346512827,0.2220058564248738,G5,-18.141686690020936
034020,2015-12-31,0.3206446807113223,0.03371824122168384,0.0038302226056378397,G2,9.0833047601561
034120,2015-12-31,-0.2511265155746186,0.012986839088742062,0.05316348331014205,G3,-20.4436301611746
034220,2015-12-31,0.2657987354689514,0.021408603271158448,0.05727073856417959,G4,11.744209211880849
034230,2015-12-31,-0.04307643235600798,0.027260371062427624,0.09477705327859426,G4,-2.1073833493593646
034310,2015-12-31,-0.06095643869163363,0.0262178659079212,0.08364682629874909,G4,-2.8731575130676297
034940,2015-12-31,0.43795317089696173,0.0393029572133456,0.002799116287282817,G2,10.777345553907118
034950,2015-12-31,-0.22769940138147685,0.010809936923996757,0.23777815431488358,G5,-22.393379610052875
035000,2015-12-31,-0.029451924604836338,0.01501752462136164,0.028808758618202018,G3,-2.9181603112412744
035080,2015-12-31,-0.5865688563174833,0.021055368853442533,0.01842009751215235,G2,-28.540961700489987
035150,2015-12-31,0.4510764526534645,0.027338415203634295,0.10353566847675034,G5,15.974036156898382
035200,2015-12-31,0.14746837734252177,0.02687648644802424,0.06175370326084201,G4,4.952163590341482
035250,2015-12-31,0.08441734436814331,0.016416283491587455,0.3644452871871433,G5,4.266844239485051
035290,2015-12-31,-0.39531305189859944,0.026254962460039274,0.051525854262766464,G3,-15.604085217812056
035420,2015-12-31,0.10505480975931401,0.020266063004550645,0.2344407930948646,G5,4.474632789834005
035460,2015-12-31,0.2685539336990538,0.044318181545094475,0.020015196477024634,G2,5.735395837983769
035600,2015-12-31,-0.09968325865209988,0.028911760707775756,0.028703813905059043,G3,-3.9449302144969303
035610,2015-12-31,0.26562904200174686,0.028259544405734523,0.042879573341847006,G3,8.891064154326953
035620,2015-12-31,0.1828283155976478,0.03972565928432145,0.24224491899695083,G5,4.240500948610383
035720,2015-12-31,-0.2172251672859891,0.018626129178430227,0.0950363389641534,G4,-12.433972984171982
035760,2015-12-31,-0.14627932017818543,0.015659617897634245,0.0908144454912127,G4,-10.258931025434878
035810,2015-12-31,0.17811712291767806,0.025771184883910784,0.047136185891766214,G3,6.353821290599495
035890,2015-12-31,0.3581178791799282,0.021094319901790295,0.03287293870361992,G3,16.29567869748881
035900,2015-12-31,0.1834863932849538,0.023147423952599878,0.08304549049591163,G4,7.3059867876852564
036000,2015-12-31,0.16822886048046912,0.024731989983337005,0.017714509352818254,G2,6.220981039771545
036010,2015-12-31,0.2956046607864195,0.020585266489082692,0.12280443689144924,G5,13.661860594190529
036090,2015-12-31,-0.036175920135943514,0.031132083812886794,0.11791609996132003,G5,-1.6236478148414126
036170,2015-12-31,0.4116202187112946,0.03145028360610078,0.06863725074148402,G4,12.6310021228529
036190,2015-12-31,0.1095322194684131,0.013690459335222225,0.11731470809574295,G5,6.950869756815109
036200,2015-12-31,0.11423790964532132,0.03769094997960945,0.07817154814993134,G4,2.6496092558303377
036220,2015-12-31,-0.6438878817120501,0.08790172827283506,-0.009074745222903717,G2,-7.488584290256633
036260,2015-12-31,0.5198494669514604,0.0505044237947927,0.0031700442187806203,G2,10.008585570384595
036420,2015-12-31,-0.22571636896783653,0.027022246633217645,0.0897653854925184,G4,-8.884827081365373
036460,2015-12-31,0.1621714098200491,0.018533885036955546,0.03868355972217819,G3,7.974571429953009
036490,2015-12-31,0.29022021794428354,0.027696044141585836,0.3337940142343598,G5,9.959855523619156
036500,2015-12-31,-0.18272953005278153,0.062444520477716314,-0.28184550739242986,G1,-3.1564202633508582
036530,2015-12-31,-0.41710607939182975,0.01872686411393205,0.10016057749724076,G4,-23.040574037654128
036540,2015-12-31,0.1234950170496206,0.025249422398093187,0.015162279667641321,G2,4.3218175691635485
036570,2015-12-31,0.19852447323777403,0.022127344215193773,0.28327216581107356,G5,8.322411028116758
036580,2015-12-31,-0.06683853543156346,0.024826717704163143,0.04104951014664941,G3,-3.271079009218175
036630,2015-12-31,0.14850397842223295,0.07103749627288206,0.003313802600519256,G2,1.888190965918473
036640,2015-12-31,-0.009827760658427782,0.018806986517716572,0.08487749684740854,G4,-1.286722907678022
036690,2015-12-31,-0.08986506807357722,0.029886602695901703,0.06408644918825995,G4,-3.4877396020050435
036710,2015-12-31,0.32393340894857753,0.03748265161182299,0.01451481224495487,G2,8.25880176344365
036810,2015-12-31,0.026547650203182727,0.026956461071844684,0.10319172873567511,G5,0.45169247003236734
036830,2015-12-31,0.524277552513724,0.028025262880328066,0.16093020545544282,G5,18.19451025215308
036890,2015-12-31,0.15856808201758552,0.02274339109598014,0.08430614852380472,G4,6.340147856172697
036930,2015-12-31,0.38749556702508675,0.026484992985393228,0.08696393466012883,G4,14.088127095693737
037270,2015-12-31,0.12861875850442003,0.027764644281039356,-0.2390625037627511,G1,4.114842518048404
037330,2015-12-31,0.2810588348970172,0.029426636425983,0.02932470588202925,G3,9.062782824313182
037340,2015-12-31,-1.1044418836872032,0.06418283754346597,-0.42559492446264996,G1,-17.43166158161563
037370,2015-12-31,0.21706329146788575,0.03271696629829769,-0.008430993951461584,G2,6.195307654796901
037400,2015-12-31,-0.20388323259334165,0.025967052672741003,0.015447090808137791,G2,-8.405068340342114
037440,2015-12-31,0.43265990181767605,0.041740372357133196,0.05121969019020923,G3,10.021191917514916
037460,2015-12-31,0.22030695501829414,0.02862260071242182,0.030424392437283832,G3,7.19485057871108
037760,2015-12-31,0.5310647955380469,0.044001170151938315,0.09644827720634977,G4,11.74271443317459
037950,2015-12-31,0.750918700898578,0.04385346436935234,0.09893823122117835,G4,16.795641844319494
038010,2015-12-31,0.2637208314744422,0.02793182627203399,0.04641810550575569,G3,8.927064393415145
038060,2015-12-31,0.10083416979174667,0.022795081234555897,0.014437652739529934,G2,3.7930354002145465
038070,2015-12-31,0.24997550020415815,0.03665531709362533,0.0422082939055119,G3,6.427549920904157
038110,2015-12-31,0.08205039961679826,0.02877241697644657,0.009376142750282592,G2,2.3522104505120662
038290,2015-12-31,0.1189922168865085,0.02002780031244985,0.052387817877616864,G3,5.22376873825547
038340,2015-12-31,-0.3715305926414345,0.04822771359816663,-0.2687408961326337,G1,-8.001669238875433
038390,2015-12-31,-0.252799395318262,0.01628437865291377,0.11194809109205499,G5,-16.406583310979865
038460,2015-12-31,0.19746118919695618,0.04248134743643062,0.03321422319895534,G3,4.30988140742529
038500,2015-12-31,0.09838137994459104,0.02391399365939516,0.0832527737038037,G4,3.5129958392907756
038530,2015-12-31,-0.35392934453328984,0.04827314550828551,-0.4423390612316544,G1,-7.62952072780062
038540,2015-12-31,0.5542231347412874,0.023304109531159075,0.15457299143337214,G5,23.165507109428997
038620,2015-12-31,-0.34096374428225806,0.03182091552035196,0.02372196224788071,G2,-11.166723464423995
038680,2015-12-31,-0.018691652305773854,0.02771436744813824,-0.002007733682053252,G2,-1.1930011423120097
038870,2015-12-31,-0.06062797220933608,0.03632400111262798,0.46980911556017296,G5,-2.0647392806507883
038880,2015-12-31,0.35301985215133647,0.02792513115565884,0.08920849945514402,G4,12.127005976994376
038950,2015-12-31,0.036275348035765625,0.02031674981765384,-0.016347297474265297,G1,1.0781118296009615
039020,2015-12-31,0.07956412331651339,0.018283217364818204,-0.0363434268817194,G1,3.565701938415464
039030,2015-12-31,-0.08682276352532274,0.028767756106108707,0.10571575246101808,G5,-3.517632131973769
039130,2015-12-31,-0.4204636017398526,0.025415372329612176,0.09740314292030251,G4,-17.10914228675389
039200,2015-12-31,0.7485142055479768,0.04387540891191165,0.03739126100524077,G3,16.732438603674325
039230,2015-12-31,0.8176923209740555,0.05048499402065007,-0.0054714105668074685,G2,15.912068860048995
039310,2015-12-31,0.09822916551050474,0.019152003108853035,0.04982250080335881,G3,4.378526116332534
039340,2015-12-31,0.752863115593715,0.034226852622243106,0.15888595073841053,G5,21.576377589433378
039420,2015-12-31,0.26027352567650774,0.04260447935666303,0.08554851303346879,G4,5.771738316519073
039560,2015-12-31,0.23406354973741864,0.022904640890482834,0.0014803876902332222,G2,9.591590240141837
039570,2015-12-31,-0.11045404316861783,0.02039817417011844,0.06985057494334973,G4,-6.119452743461053
039670,2015-12-31,0.8650191524329727,0.04637799001190876,-0.3293205829584983,G1,18.341621370314602
039740,2015-12-31,-0.05593063507054226,0.028458853555514422,0.011815515324256773,G2,-2.47031225807161
039790,2015-12-31,-0.06811797323845069,0.03694691728951242,0.016947167639314836,G2,-2.2326515717232964
039830,2015-12-31,-0.13572201802422673,0.022002938143957672,0.11060596382931055,G5,-6.821527050638666
039840,2015-12-31,0.7321799588753846,0.03525708007896621,0.27938052527069474,G5,20.35926791298033
039860,2015-12-31,-0.20794438679187835,0.02060826864977998,-0.2903120050148052,G1,-10.787709064175155
040160,2015-12-31,-0.19232993855974292,0.03443975645800114,0.15008437535970573,G5,-6.001829848306935
040300,2015-12-31,-0.040244538700887095,0.01611514695747611,-0.04651711688805457,G1,-3.3891194764351504
040350,2015-12-31,1.0933346852630692,0.05912758754007027,-0.22006261738927202,G1,18.248048168945758
040420,2015-12-31,0.030169225577580595,0.006268368157498288,0.08561916443558949,G4,2.5202102783917515
040610,2015-12-31,0.1269236911851663,0.024575428303668444,0.023211546779617103,G2,4.579862050666905
040910,2015-12-31,0.9227948398107118,0.032922488677178015,0.05377485474153563,G3,27.592787076334364
041020,2015-12-31,0.21250420655493427,0.029633283055847844,-0.8101456912462986,G1,6.686150382433744
041440,2015-12-31,0.07727610081962674,0.018379812958966516,0.05413027355895157,G3,3.4224766727361717
041460,2015-12-31,-0.1431632106122137,0.028341833828089035,0.17767388551118765,G5,-5.558385222567845
041510,2015-12-31,-0.298961869828131,0.019905790851230638,0.11191901431227466,G5,-15.740820944427314
041520,2015-12-31,-0.293178915096771,0.02078835445040319,0.0642963937402526,G4,-14.794366506922627
041590,2015-12-31,-0.4997021997252473,0.04288899247010376,-0.11571377535639157,G1,-11.986148189466046
041650,2015-12-31,-0.008088876955514412,0.01662760708681515,0.09905847675251418,G4,-1.3507954906893542
041830,2015-12-31,-0.3098300965270723,0.02567986955361711,0.29017911727263185,G5,-12.624741553631337
041910,2015-12-31,-0.2470818867986175,0.037646553579402706,0.013602798816528427,G2,-6.9449519719110375
041920,2015-12-31,0.36603529543081065,0.03437775592958749,0.16952903896393104,G5,10.2293959045139
041930,2015-12-31,0.1009792127729429,0.014408452540019049,0.07015292615467066,G4,6.010887901673205
041960,2015-12-31,-0.16929788429825315,0.03310918795963437,-0.015583925976106874,G1,-5.547387759569544
042040,2015-12-31,0.8483993155657481,0.05259165972822083,-0.044333461104874544,G1,15.858554382148482
042110,2015-12-31,-0.07032401702974081,0.01629118011666149,0.09210910622547519,G4,-5.198864424893924
042420,2015-12-31,-0.00968703232248206,0.01983143349487077,0.07245452636274959,G4,-1.2131574879352252
042500,2015-12-31,-0.08591067905904001,0.03371971689639318,0.040659877310298125,G3,-2.973995869700689
042510,2015-12-31,0.09587286227451332,0.040144053795893433,0.06109254519934205,G4,2.0302195431130254
042520,2015-12-31,0.03430347623332278,0.026534643420784633,0.2158936583441573,G5,0.7511635336090582
042600,2015-12-31,0.32774643545954235,0.036327741107657456,0.07099699177764944,G4,8.62632264451964
042660,2015-12-31,-0.03700833786693619,0.0353799068041542,-0.1375645672966198,G1,-1.452235526499837
042670,2015-12-31,0.6602805120970758,0.04375208699321284,0.0038043993752922014,G2,14.762927594264575
042700,2015-12-31,0.2338894337443818,0.02634974918324916,0.1930672850844171,G5,8.330926131381242
043100,2015-12-31,0.11529619960550212,0.043044217043756335,-0.31408140456311434,G1,2.3446722189091744
043150,2015-12-31,0.03000485889124288,0.024348724863869468,0.188599972040831,G5,0.6420557651514167
043200,2015-12-31,0.0019523285835874732,0.03702535506170603,0.07757657048579766,G4,-0.3354266586782091
043260,2015-12-31,0.48452635338745886,0.03476421036975188,0.0019192008657473115,G2,13.524102192127675
043290,2015-12-31,0.690379601190678,0.03056509909263917,0.0660408015578664,G4,22.116989688908536
043370,2015-12-31,-0.1667197413623871,0.019310919281638257,0.004269757723840354,G2,-9.377666512898081
043580,2015-12-31,0.2998956714514084,0.06625990363093645,-0.038406263081639594,G1,4.309152837339604
043590,2015-12-31,0.32502091994534743,0.02148363120617781,-0.044890423176010656,G1,14.459813485241153
043650,2015-12-31,0.14958852093030867,0.021233249803590523,-0.10585358484703136,G1,6.368167965938674
043710,2015-12-31,1.2800838370822811,0.05792896739045083,-1.227275632172037,G1,21.849383380733535
043910,2015-12-31,0.611342625120533,0.041773041370208173,0.040312014182089025,G3,14.290819768463706
044060,2015-12-31,0.32441692372920466,0.033460390797584456,0.26933353947273825,G5,9.266039535715086
044180,2015-12-31,0.5059826985072015,0.038844107127639735,0.04796464061552152,G3,12.656001518415211
044340,2015-12-31,-0.15221194148679995,0.0288746780324157,-0.05445070687224043,G1,-5.769191989538287
044450,2015-12-31,-0.0044624643569905025,0.013677723273686925,0.2072099207862103,G5,-1.3769897005836622
044480,2015-12-31,1.5195954865639827,0.0756967497888644,-0.08819129410369246,G1,19.884920700612476
044780,2015-12-31,0.27878683701009976,0.03489634621925558,0.011563742509377604,G2,7.577160532236102
044820,2015-12-31,-0.1896077554833863,0.029526887218985092,0.0563335079078573,G4,-6.908258689407063
045060,2015-12-31,0.2469562628295158,0.04532962626748859,0.03755038092497443,G3,5.130963174916375
045100,2015-12-31,0.31076336697403684,0.02757264976935831,0.04728972237501154,G3,10.749483627254037
045300,2015-12-31,0.07175281583359919,0.018250369857593176,0.047916414884634474,G3,3.1441114105101575
045390,2015-12-31,0.42569044143164847,0.041952069323666734,0.06812454244825496,G4,9.804494232214148
045510,2015-12-31,0.48008017266797415,0.0385495075783913,0.02807159158668377,G3,12.080791226778588
045520,2015-12-31,0.36325857781208887,0.03782840649465922,0.07100802550501352,G4,9.222882759891998
045890,2015-12-31,0.23999633327458314,0.02524681291606405,0.05032468501182487,G3,8.936760228167758
045970,2015-12-31,-0.21271113984416576,0.02074328903895636,0.02108490916544917,G2,-10.947288018597682
046070,2015-12-31,-0.17361761963268404,0.028224012858618624,0.06855640578134449,G4,-6.660613439083966
046110,2015-12-31,0.39857391647717516,0.049250595914477925,0.027592861614078694,G3,7.800967473084391
046310,2015-12-31,0.4742196376528275,0.04248191048157032,0.012193723332393373,G2,10.82456068292905
046390,2015-12-31,0.5868329976114643,0.03700943366077161,-0.1292672705599593,G1,15.467985355851004
046890,2015-12-31,0.10413997137624886,0.023661134291007465,0.04507747258259369,G3,3.793915817977329
046940,2015-12-31,0.22133363509985265,0.04986579107044494,0.06001159586960137,G4,4.1503806705717246
046970,2015-12-31,-0.1470053397348312,0.03217896191256268,0.046830374755129855,G3,-5.014983388576605
047040,2015-12-31,0.14974302771017461,0.025481478186168104,0.03456551275079608,G3,5.312541407638874
047050,2015-12-31,0.34889020758967093,0.034405998737940854,0.02104217659068009,G2,9.722682094459133
047080,2015-12-31,0.3799352259649705,0.05300124136427284,-0.024501949808091637,G1,6.897264985440139
047310,2015-12-31,0.1808335622616678,0.0330388501626113,0.016194530414636258,G2,5.03836972909354
047400,2015-12-31,0.12769047809821846,0.025503208079480307,0.058068241212923255,G4,4.443317798559002
047440,2015-12-31,0.7156893008311754,0.058071871532429965,-0.01592513993043996,G1,12.076719117296195
047560,2015-12-31,-0.2256653408507543,0.036031131280059386,-0.03526830702962844,G1,-6.661932391279293
047810,2015-12-31,0.06493831855724067,0.021719747090754655,0.1249131092591234,G5,2.3281439985300434
047820,2015-12-31,0.21336605042910167,0.036319361849587437,-0.09420013707929882,G1,5.479017817959052
048260,2015-12-31,-0.03657246115137528,0.0186802263106749,0.11997367627723345,G5,-2.727166150046742
048410,2015-12-31,0.3532196093770471,0.026900245423270835,0.03333470499383636,G3,12.596464616847213
048430,2015-12-31,-0.1468998766366363,0.023085238070458272,0.043381805842867965,G3,-6.985914369292216
048550,2015-12-31,-0.1862604569782095,0.016408297772134452,-0.05219922820492837,G1,-12.22747657817648
048770,2015-12-31,0.029724368376765897,0.02176132012879672,0.01929135554647662,G2,0.7055063097086552
048830,2015-12-31,-0.18691486660945505,0.04240272140403291,-0.037031245956391644,G1,-4.747018107866554
048870,2015-12-31,1.3200733589343203,0.08975476510302466,-0.9415761856002778,G1,14.547436425433967
048910,2015-12-31,0.4983259016908761,0.03840267110267087,0.04703384286424045,G3,12.602099491431149
049070,2015-12-31,-0.05384347982933298,0.017367753418739442,0.048114933412890505,G3,-3.92768701299272
049080,2015-12-31,0.2945609028462103,0.02556407684886489,-0.30616816653654044,G1,10.960273855550609
049120,2015-12-31,0.09316648379803862,0.025849162005875313,0.009666616392332572,G2,3.0482560348308123
049180,2015-12-31,1.3709332175789601,0.07629453412855401,-0.40466442418465753,G1,17.78058694971365
049430,2015-12-31,0.07195581248791638,0.019129446783516923,0.19672356149085507,G5,3.0102382688465683
049470,2015-12-31,0.1769815080988421,0.03143164264724253,0.07516684976857309,G4,5.173445441764014
049520,2015-12-31,-0.1083078978790179,0.017535456110065257,0.05301344827164934,G3,-6.996083639188054
049550,2015-12-31,0.7577776497308306,0.044225773136147215,-0.055631004560909914,G1,16.80933938054573
049630,2015-12-31,0.31224062041478795,0.04976211438227121,0.024298042590170984,G2,5.985859009290814
049720,2015-12-31,-0.2236523820657923,0.016370650674187966,0.062050531631860285,G4,-14.539678753233726
049770,2015-12-31,-0.4791086474405827,0.02464042162295965,0.03990880314599252,G3,-20.027265552107014
049800,2015-12-31,0.22709269289042855,0.0246363247558889,-0.05849590350369269,G1,8.634448331067372
049950,2015-12-31,0.37490177512720213,0.038788844984709026,0.05445800694757659,G3,9.294686540705635
049960,2015-12-31,0.110555312734222,0.018208879045226528,0.37893124937199074,G5,5.282241305300273
050110,2015-12-31,0.4747245769283859,0.05208701290745648,0.018636556989586002,G2,8.83815238220686
050120,2015-12-31,0.2451449108020371,0.030693547058337156,-0.09632599289668743,G1,7.518625678717158
050540,2015-12-31,-0.18730420660565142,0.019051093287561455,-0.02165267502172265,G1,-10.586050011924318
050760,2015-12-31,0.5428912435529067,0.04738970531225015,-0.010333302863546818,G1,11.152625245339427
050860,2015-12-31,-0.06311715500963866,0.022700737705913403,0.0293213640063238,G3,-3.4134914790792528
050890,2015-12-31,-0.09273120790328727,0.0334881283284796,0.023671565101936912,G2,-3.1982327161148847
051160,2015-12-31,0.9109440846153396,0.05904261435715814,-0.014937977369072972,G1,15.18517556613467
051170,2015-12-31,0.1983409511222211,0.0750669665173893,-0.2583817277559739,G1,2.4507361884843806
051360,2015-12-31,0.1884386569557422,0.026953366219013713,0.0674357364269635,G4,6.458081555491953
051370,2015-12-31,0.510619419309327,0.030951365390832132,-0.16010093349374663,G1,16.03314727233348
051390,2015-12-31,0.14886772950777957,0.017578928026834622,0.13955840680330664,G5,7.650984723537093
051490,2015-12-31,-0.13040877755473007,0.023349306719863967,0.03684092725494447,G3,-6.200629380994461
051600,2015-12-31,-0.20303089296073493,0.027581531392852607,0.14849077615647066,G5,-7.882177011222146
051780,2015-12-31,-0.13177620412875307,0.04280352669722656,-0.01887624710544207,G1,-3.4143874377653214
051900,2015-12-31,-0.0032039888205214993,0.023035253521771572,0.12838437777461204,G5,-0.7629874150167224
051910,2015-12-31,-0.2634152209501341,0.022475871800729037,0.09024623312115661,G4,-12.359335519053527
051980,2015-12-31,0.12520628987680787,0.04815971852086679,-0.48229290335233405,G1,2.3013977980472466
052020,2015-12-31,0.876782878000399,0.04987775753332806,-0.7570689869549702,G1,17.29049782773074
052220,2015-12-31,-0.029270741945921983,0.01536185388934669,0.008321179830975255,G2,-2.840956695630169
052260,2015-12-31,-0.15060551009655865,0.02441482180085917,0.17552651717173068,G5,-6.757253080137692
052270,2015-12-31,0.2006712937267897,0.04811372328708322,-0.2530691540263599,G1,3.8720693656750216
052290,2015-12-31,-0.14863319748143922,0.024985954181810915,-0.24679382070486738,G1,-6.523858004927107
052300,2015-12-31,0.1329371960921466,0.0348177007981181,-0.22645812814725372,G1,3.4053246956572516
052400,2015-12-31,-0.5400362896066659,0.03759885913603815,0.16673203130939102,G5,-14.74533861038302
052420,2015-12-31,0.7831214122550785,0.0683174414478695,0.012606522003681236,G2,11.252613918853696
052460,2015-12-31,0.022343324535465114,0.03273694097642918,0.05133082220945192,G3,0.2435079326102873
052710,2015-12-31,-0.08436499631577776,0.026876209727985375,0.06853869911665147,G4,-3.673755229379543
052790,2015-12-31,-0.3392803944332212,0.03251549348744554,0.05044962652988239,G3,-10.87641540141713
052860,2015-12-31,-0.14059772668543472,0.037776912727359856,-0.7620933608562778,G1,-4.102223692078159
052900,2015-12-31,-0.060026098504043224,0.027574437788264607,0.010685898410795201,G2,-2.6980683629392423
053060,2015-12-31,0.4520067702176568,0.043085185692413604,-0.025652884028967163,G1,10.15743911662902
053110,2015-12-31,-0.015472931255750028,0.04198315688153692,-0.18184114602534307,G1,-0.710869624651421
053160,2015-12-31,0.3083923870808884,0.05010867050408692,0.05788392976483211,G4,5.867662510395239
053210,2015-12-31,0.0860293064049946,0.02055590776406128,0.1506934003933518,G5,3.4859898920137575
053260,2015-12-31,0.06124162101893811,0.03831597697165227,0.026676553647047928,G3,1.2232495424899283
053270,2015-12-31,0.09261525723411806,0.02936091350675049,0.035711987152624886,G3,2.6648911144341234
053280,2015-12-31,-0.2667244543023425,0.019343811723364888,0.035234763440846556,G3,-14.531576198145254
053290,2015-12-31,0.4609237654808727,0.03371076383097063,0.17378460519686206,G5,13.246574536300127
053300,2015-12-31,-0.22996381748019862,0.02532761134525292,0.17076496023870297,G5,-9.64699883727107
053320,2015-12-31,,,-0.10180635645345289,G1,
053350,2015-12-31,0.06774988239868762,0.03636953729038537,0.13957715530476597,G5,1.4676640578127131
053450,2015-12-31,0.1498490966014048,0.02017058771253111,0.052208713716132435,G3,6.716585496362542
053610,2015-12-31,0.29784827931655633,0.025720960604530847,0.16401365090494427,G5,11.021231436757107
053620,2015-12-31,0.1658326114673762,0.022143988578389073,0.011141033127125168,G2,6.839824325816411
053690,2015-12-31,-0.1842581773165574,0.019756664976153603,0.07396962517142756,G4,-10.05381208187791
053700,2015-12-31,0.20510264470364153,0.028042501821848767,0.03687499064334686,G3,6.801498175770014
053800,2015-12-31,-0.3135095957293763,0.02835318033815109,0.08896671352501513,G4,-11.564177687908266
053810,2015-12-31,,,0.17657275351461668,G5,
053980,2015-12-31,0.2569160809275217,0.032708831598796076,0.02514743926548094,G2,7.415259101402426
054040,2015-12-31,0.1298871969093527,0.012938393062531865,0.03025299028948926,G3,8.928123966612437
054050,2015-12-31,0.10660560030843154,0.015450079527171376,0.040010667942619565,G3,5.969806202480307
054090,2015-12-31,0.04295719874715503,0.030757353925594262,0.045079454785291295,G3,0.9293900606013488
054210,2015-12-31,0.31890221259406054,0.04689243484705727,0.03618083170529988,G3,6.494237159341311
054220,2015-12-31,0.27710362777534864,0.04021563689577637,-0.18741386522085487,G1,6.533080869462299
054340,2015-12-31,0.009918169962633214,0.024939408270480024,-0.49340761908702746,G1,-0.17857078673947674
054540,2015-12-31,0.24719382669894563,0.023446857019946397,0.05225481864432348,G3,9.929783202182382
054620,2015-12-31,0.49138130183164247,0.041516880152623274,0.04137931651484584,G3,11.489535831203165
054630,2015-12-31,0.5107024304581134,0.06698757164616519,-0.11834991954771892,G1,7.409296956776859
054780,2015-12-31,-0.0671101619839742,0.020719289180982703,0.07159754629438245,G4,-3.9326533352829727
054800,2015-12-31,0.0016437368798554036,0.012345461237454225,0.10093211238957263,G4,-1.0309766961026947
054930,2015-12-31,0.19787496614638528,0.03312436859807433,0.0028414483714197455,G2,5.539829261492499
054940,2015-12-31,0.2754008577902062,0.025266188793710186,0.05147349124044633,G3,10.331167878270483
054950,2015-12-31,-0.0015356901367982456,0.019190761605108166,0.07313433948214225,G4,-0.8289045626450754
056080,2015-12-31,-0.2798971414891647,0.02133899688972885,0.008851300701124816,G2,-13.790187173658369
056190,2015-12-31,0.23745279984731127,0.023125536140391135,0.11027069203675127,G5,9.646530085820027
056360,2015-12-31,0.18318878589506402,0.018058549286655012,0.10353292543112678,G5,9.34832380480903
056700,2015-12-31,0.8827994933878129,0.033006215743202914,0.027720038143464416,G3,26.31104033331484
057030,2015-12-31,0.022421308890999095,0.01784188998834023,0.005697945688046277,G2,0.45116796359296946
057050,2015-12-31,0.07201614551267949,0.017386650960205762,0.11670582918914629,G5,3.315447346720501
057540,2015-12-31,0.3693215108067363,0.03962206757335482,0.08927185661926132,G4,8.958388918783339
057680,2015-12-31,0.21943431306939015,0.030810963975378036,-0.05688320495730272,G1,6.65551047071919
057880,2015-12-31,1.2048122456246098,0.06477882064406945,-0.3638900226782295,G1,18.377003688400517
058370,2015-12-31,-0.09004417813198606,0.04391357283028119,0.010325196606312512,G2,-2.3777568328098915
058400,2015-12-31,0.2822772363024436,0.03139973255767622,0.13154689725617133,G5,8.532098676064663
058420,2015-12-31,0.5253340890971825,0.063788335526474,0.038894299821210836,G3,8.010280643971475
058430,2015-12-31,0.41777928885957466,0.023488847084780308,0.028851825567642708,G3,17.174434644885334
058530,2015-12-31,0.15769575040843875,0.035855007606035834,0.019478432052338557,G2,3.9973253461533695
058610,2015-12-31,0.10901765176413229,0.025212189200898027,0.057273977379727524,G4,3.7539791285737008
058650,2015-12-31,0.040543297774799605,0.01754254420667256,0.07103191268621377,G4,1.491897512023084
058730,2015-12-31,0.05846154388854187,0.020096097446746876,0.07664139998770741,G4,2.1939545370471536
058850,2015-12-31,-0.18668339751714874,0.01406975563371222,0.015341702451265217,G2,-14.289872722004871
059090,2015-12-31,0.3883746291196587,0.029045528664018116,0.09491869429104906,G4,12.876440078870639
059210,2015-12-31,0.2945166144795502,0.03631831416929073,0.10424861948106248,G5,7.713601282686171
060150,2015-12-31,-0.034803849357114586,0.023203391419671798,0.08268476890636237,G4,-2.119322481184089
060230,2015-12-31,0.495512944086949,0.04321391546079567,-0.021885741843994458,G1,11.133944222322043
060240,2015-12-31,0.3095102439738748,0.033829132903472725,-0.16671005385004736,G1,8.724392230143962
060250,2015-12-31,-0.10205188904194806,0.033302288047040704,0.05591938848889778,G4,-3.4959612563498768
060300,2015-12-31,-0.03469075781881793,0.035600826450380346,-0.06648809098699889,G1,-1.37812467936692
060310,2015-12-31,0.652257909699156,0.04962135990590909,-0.17914227871361565,G1,12.855074733751591
060380,2015-12-31,0.08331628167743078,0.013978681847725978,0.013054494343267152,G2,4.932128988280588
060540,2015-12-31,0.08592388215288957,0.02332463846764305,0.10576572088859508,G5,3.0676686600669125
060560,2015-12-31,0.5892795423871738,0.046322272473754325,0.018074788120582736,G2,12.41104747170166
060570,2015-12-31,-0.12119506950092665,0.026136559873213863,0.005435141205120474,G2,-5.186860469658535
060590,2015-12-31,-0.06051252020362706,0.0264771619870956,0.0249052054471015,G2,-2.8282540235405076
060720,2015-12-31,-0.25441891684550283,0.02998938801003388,0.042239763368928346,G3,-8.962855009708116
060900,2015-12-31,,,-0.47266192545652136,G1,
060980,2015-12-31,0.014630481063147821,0.022452311294264934,0.10758011491420874,G5,0.011529385168648473
061040,2015-12-31,-0.29299349007990005,0.021968129218688466,0.02230458998108218,G2,-13.99141031712122
061250,2015-12-31,0.6204224275156331,0.04880890641855161,0.015561791955211462,G2,12.416807756360047
062860,2015-12-31,-0.04535245413833168,0.02093813097614698,0.0216164825073706,G2,-2.852407119082408
063080,2015-12-31,0.04547230701875285,0.02357457285687201,0.021268104097911373,G2,1.3192471180396013
063170,2015-12-31,-0.24669432333380698,0.027916010831879293,0.27553707926688153,G5,-9.35183556935674
063440,2015-12-31,0.6710017480883355,0.05802707558837739,-0.417369609279402,G1,11.315926603434521
063570,2015-12-31,0.12317298735381077,0.03538835475176558,0.08054061440710934,G4,3.074496353353999
064090,2015-12-31,-0.923559461650712,0.06088379115352725,-0.2506919441848157,G1,-15.40526737245868
064260,2015-12-31,0.20937324391510626,0.03621940583968847,0.007864938961517973,G2,5.383899036331449
064350,2015-12-31,0.4188734739799667,0.025335084870034556,-0.058288760336980674,G1,15.96607456958186
064520,2015-12-31,-0.16390927809899686,0.044922643476767186,0.02487634652536189,G2,-3.9686199212543873
064550,2015-12-31,0.3085174383273548,0.038367781817172465,-0.17526235345901858,G1,7.666479652399206
064820,2015-12-31,0.03393301661629515,0.031098390026503237,-0.1754329429137821,G1,0.6290163857779884
064960,2015-12-31,-0.3045393096287269,0.024246792382689075,0.10171941131942089,G5,-13.152705904914757
065060,2015-12-31,0.7946221474887616,0.05502569092180125,-0.00016622572839150357,G2,14.179749762329937
065130,2015-12-31,0.08786169625594366,0.020955856255803075,0.12031338506375328,G5,3.506899247664147
065150,2015-12-31,-0.21946205137751731,0.023194674368890063,-0.03952743665391496,G1,-10.081351752428883
065160,2015-12-31,0.28902066315643143,0.038851863717137565,-0.37839119409674954,G1,7.0691343261603645
065170,2015-12-31,-0.35530236471047855,0.03649477610334132,-0.0026911081466600368,G2,-10.129504107162957
065270,2015-12-31,-2.260491450959732,0.17931357011019317,-0.1717690339968769,G1,-12.68650816154112
065350,2015-12-31,-0.081515651132216,0.019089044299441273,0.02547293246902582,G2,-5.023157228113951
065440,2015-12-31,0.903746154458545,0.04969730344535156,0.033913651951986326,G3,17.895830821449184
065510,2015-12-31,0.059550896571837014,0.02743650999534949,0.14467328685341052,G5,1.6466845404603243
065560,2015-12-31,-0.07235104016216021,0.046593585421379854,0.062140396776007564,G4,-1.8612574906218022
065620,2015-12-31,0.37407784513980946,0.039298498167613466,-0.03811895115762548,G1,9.153179948182839
065680,2015-12-31,-0.15357168986835323,0.01648752324450204,0.0769634038521169,G4,-10.186084780360554
065690,2015-12-31,-0.01599381076966666,0.02305368901247512,0.039620101205671936,G3,-1.3171614517548476
065710,2015-12-31,0.27836432234445907,0.03713047132976856,0.06343208781312283,G4,7.109866725944271
065770,2015-12-31,-0.07345789695522897,0.04151293619987054,-0.1804521599066909,G1,-2.115714394440081
065940,2015-12-31,-0.11802959057730586,0.04018460923038716,-0.06617369963380795,G1,-3.2948238848493108
065950,2015-12-31,-0.05420122140682902,0.023366286491140552,0.02418671015260885,G2,-2.934691447489468
066110,2015-12-31,1.6796715925602639,0.05157963941786137,-0.010530512740339936,G1,32.285994854498384
066310,2015-12-31,0.5613984897059998,0.04026220285520283,0.055007594006845156,G4,13.586610547738601
066430,2015-12-31,-0.8310088898732939,0.0593629966338762,-0.33733352785768883,G1,-14.2408664913856
066570,2015-12-31,0.020638512255324537,0.019303643904133198,0.02109913166410566,G2,0.32464816322439816
066590,2015-12-31,0.5059741631106114,0.05614414980111114,0.017530182891823187,G2,8.756077794993564
066620,2015-12-31,0.04524457068127882,0.02776563011104454,0.06640119588614748,G4,1.1119124917928087
066700,2015-12-31,0.11822483876483729,0.026829584533541423,0.02513203630456052,G2,3.8708470836249336
066790,2015-12-31,-0.040334356102109135,0.0491125140155094,-0.037853236675090655,G1,-1.1138907652567571
066910,2015-12-31,0.15394251679078297,0.03764706322235001,0.0831105174982877,G4,3.7073515203070015
066970,2015-12-31,0.42139037903855825,0.026349951181570117,-0.008307025785570889,G2,15.446660850169945
066980,2015-12-31,0.04952098321834887,0.02702799356608761,-0.10442972560626311,G1,1.3004799418089772
067000,2015-12-31,0.10959928150476168,0.023445027372528404,0.1441609955257723,G5,4.061742401633294
067080,2015-12-31,0.16624779869881723,0.02754860611937469,0.0401963468598166,G3,5.5130258976585464
067160,2015-12-31,0.19791879943933544,0.027608294420642124,0.12143623112982938,G5,6.648262182534221
067170,2015-12-31,0.44220686129696507,0.02147031873851375,0.020158709597088827,G2,19.926823015030447
067280,2015-12-31,-0.19013808843772584,0.022507354229540123,0.0880789233304515,G4,-9.08635044662974
067290,2015-12-31,0.3536487774777889,0.042760613481737625,0.07777844013308914,G4,7.934337937045241
067570,2015-12-31,0.22961963658590231,0.020212097328056934,0.028747017998367926,G3,10.649464693048017
067630,2015-12-31,0.3316454979337151,0.03655415295189953,-0.3548399781176309,G1,8.67955765882186
067770,2015-12-31,0.17252866713636397,0.027904699318416215,-0.12335834934495164,G1,5.667756732059662
067830,2015-12-31,-0.0952497184333608,0.01229642469402479,0.1895784981578453,G5,-8.914895254466856
067920,2015-12-31,0.20565530714785762,0.017507810949435126,-0.0505716762593401,G1,10.92561988371935
067990,2015-12-31,0.23387083839573247,0.025690345451356213,0.007330066411235576,G2,8.544035310581434
068060,2015-12-31,,,0.12992449663976052,G5,
068150,2015-12-31,-0.47516039612001004,0.051097908737229615,-0.30970604986645306,G1,-9.580274964984035
068240,2015-12-31,-0.07892626244105586,0.027278300592110942,0.11849287087633407,G5,-3.4202234059385663
068270,2015-12-31,0.2725458024711467,0.030372338001033426,0.42914955080808126,G5,8.500306520494155
068290,2015-12-31,-0.1934407014669508,0.02649931256466633,0.05475807762928744,G3,-7.84217781793908
068330,2015-12-31,0.528533032832849,0.04228285458549166,0.20455643725515582,G5,12.160044967516487
068400,2015-12-31,-0.09986423160254763,0.0206169182882352,0.06368234254586169,G4,-5.540879084050346
068760,2015-12-31,0.4506748023133631,0.04284541462731709,0.08529300365354577,G4,10.183194313560872
068790,2015-12-31,0.5460101598449553,0.028229409041225326,0.08936553338968321,G4,18.832790277340116
068870,2015-12-31,0.2230952047880505,0.024193780695394154,0.05593887941827083,G4,8.627158677580145
068930,2015-12-31,0.044752969669088295,0.012153939175451895,0.09918403955953704,G4,2.4997121930757764
068940,2015-12-31,0.19304576858716496,0.025264709639592233,0.004462354979853975,G2,7.072084002455961
069260,2015-12-31,0.27063149662039426,0.020133502923609405,0.07260862484778777,G4,12.728032368455025
069410,2015-12-31,-0.2075880379990173,0.02935757796007984,-0.07732366799502442,G1,-7.560557550733435
069510,2015-12-31,-0.0990664362430207,0.0059486349677933,0.058836637765240424,G4,-19.06959438182024
069540,2015-12-31,0.8930991777999897,0.0485449566497223,-0.16989686759158507,G1,18.101315125733183
069640,2015-12-31,0.2420214863139229,0.03048375893526979,0.018846312006331557,G2,7.467906667252297
069920,2015-12-31,-0.305914315946783,0.029841669356376797,-0.053202135252061286,G1,-10.732842450606794
069960,2015-12-31,-0.0015776177824642496,0.016167812017313366,0.21897111686655868,G5,-0.9864808845930908
071200,2015-12-31,-0.02785611542732659,0.020203889456468196,0.071808384252232,G4,-2.0900794986342293
071670,2015-12-31,0.10063738227585574,0.03356459904259553,-0.01358745366649514,G1,2.5701413101365924
071840,2015-12-31,-0.2545151736482029,0.017557678344749115,0.041112514699619546,G3,-15.314484528469983
071850,2015-12-31,0.009284014950400401,0.016098177381587614,0.07156352828686645,G4,-0.3160360733587407
071950,2015-12-31,-0.48654063850350177,0.030350632646716592,-0.0811281002961355,G1,-16.504178481301
071970,2015-12-31,-0.06590981541986621,0.07753888777227248,0.0073769850901304855,G2,-1.0353699600896815
072130,2015-12-31,0.023174440913425687,0.02662909999093913,0.015626880254598942,G2,0.33057148751219934
072470,2015-12-31,0.006665363333120261,0.032825879926614274,0.0641979406604652,G4,-0.2347616089018096
072520,2015-12-31,0.4205303846013697,0.06182300070157201,-0.14792119652945476,G1,6.569703189329861
072770,2015-12-31,0.08458795993576121,0.03371622025954756,-0.009095883064069837,G2,2.0825685583059363
072870,2015-12-31,-0.19028948061821832,0.015266092817157524,0.11453948502170838,G5,-13.406252849878527
072950,2015-12-31,0.0269827161278493,0.03355876757113853,0.04295980014839359,G3,0.3757914048186129
073070,2015-12-31,0.2569906513904652,0.01945750862006952,0.04941584687091542,G3,12.469172513787559
073110,2015-12-31,-0.32053246326768614,0.023140942544892837,0.05890422239878301,G4,-14.472361371464912
073190,2015-12-31,0.08343978950432185,0.0280411061404027,-0.11146023882859944,G1,2.4631043240657307
073240,2015-12-31,0.4308750886395982,0.023825659574155278,0.04471856516341116,G3,17.481298581680722
073490,2015-12-31,0.09456525314392439,0.020598219789144265,-0.0450536822015033,G1,3.893231271756719
073540,2015-12-31,-0.15652183378000106,0.026545240866854183,-0.010714775601452314,G1,-6.437818905297547
073640,2015-12-31,0.2877548267148001,0.04183722704039073,-0.32851836718601923,G1,6.5344485362894416
074430,2015-12-31,1.211829254294488,0.04624152720069235,0.08811580444627935,G4,25.895719866238526
074600,2015-12-31,0.11670027411329095,0.024472968007220725,0.14446139850489906,G5,4.181293187029425
074610,2015-12-31,-0.049093154896820666,0.04548278289827985,0.08717467977178428,G4,-1.3953582118549461
075130,2015-12-31,0.181023858235759,0.026533892519413196,0.10696884837611809,G5,6.280730895232205
075180,2015-12-31,-0.04798496565817212,0.009532485519271371,0.14673347878309467,G5,-6.541482308094634
075580,2015-12-31,0.21648180846306087,0.023027552186013656,0.07519764719563232,G4,8.776885494043416
075970,2015-12-31,0.17684519254549813,0.020974364228137973,0.005471957829497582,G2,7.746293096656693
076080,2015-12-31,0.4093352134980337,0.04897302940073578,0.013794128821906037,G2,8.064920602477368
076610,2015-12-31,0.049812778464840626,0.02231975021807621,0.022117903559399018,G2,1.587883305155802
077280,2015-12-31,-0.014963879399634589,0.02272416060027489,-0.11961364326787412,G1,-1.2909387340621756
077360,2015-12-31,-0.1637216971119453,0.02172194688112323,0.06282812476158896,G4,-8.198773240948375
077500,2015-12-31,0.09828964817209043,0.01608024865590829,0.030413208331767156,G3,5.218702163722262
078000,2015-12-31,-0.13918536454453773,0.011992447593008543,0.141602210649098,G5,-12.804474071862487
078070,2015-12-31,-0.09954899345323082,0.024243297348150453,0.18176600727325173,G5,-4.699056053950177
078140,2015-12-31,0.4149370536503616,0.027951017205856278,0.14584511999944974,G5,14.330978761235407
078160,2015-12-31,-0.09835910120274108,0.023757746037289387,-0.005626320269980424,G2,-4.745009090681938
078340,2015-12-31,0.008651223751203932,0.02182307248770089,0.38273046239757524,G5,-0.26212605811257006
078350,2015-12-31,0.356425555598633,0.04101025076226992,0.05400787560549312,G3,8.340693595441708
078520,2015-12-31,0.37662905865793816,0.02851847814693003,0.044382627044556824,G3,12.702551555284332
078600,2015-12-31,0.029285532384762464,0.02106705031709893,-0.04038503355716217,G1,0.7079260001742077
078650,2015-12-31,0.1529862729331537,0.03610132657204428,-0.04408538256446695,G1,3.8395999919344406
078890,2015-12-31,0.1300868580123399,0.021712304143037348,0.05388783787709759,G3,5.329477587073013
078930,2015-12-31,-0.029388137581351698,0.018216424721705364,0.1285875118149244,G5,-2.4022143734670727
079160,2015-12-31,-0.270254296803744,0.025944884962210125,0.056052351571196216,G4,-10.97040580201547
079190,2015-12-31,0.22592316014549535,0.029659329256664126,-0.05254926798715915,G1,7.132714924079147
079370,2015-12-31,0.18485403563073727,0.03509230946959791,0.08400837737992531,G4,4.858113315685997
079430,2015-12-31,-0.2492879955521411,0.025471221221034755,0.05811537067493185,G4,-10.351274993156371
079550,2015-12-31,0.05680606296051846,0.026037582630034174,0.058925083004297336,G4,1.6297382074655722
079650,2015-12-31,0.29919390766775905,0.03381837136683911,0.18822310680043697,G5,8.4221172232065
079660,2015-12-31,-0.10396946506741359,0.019887298897067453,0.02760137819670536,G3,-5.950586120228414
079810,2015-12-31,0.11125408118407448,0.03466653383203816,0.059245473485519264,G4,2.794697097066788
079940,2015-12-31,-0.11544163318088203,0.02429966340517906,0.12383267934485401,G5,-5.342183170797518
079950,2015-12-31,0.5031688148643068,0.030952067912130787,0.05125134383209242,G3,15.79206909643755
079960,2015-12-31,-0.0063562840576098165,0.0192521577670027,0.03958074857558562,G3,-1.076653538100873
079970,2015-12-31,0.33542850605990626,0.03765173967086175,0.03395391809682716,G3,8.527013337183424
079980,2015-12-31,0.0624219927822947,0.016169218860680564,0.027879724814621875,G3,2.9717188862370563
080010,2015-12-31,0.2764501476564271,0.035780762469529215,0.10547241898924321,G5,7.324565209064578
080160,2015-12-31,-0.19780332061004688,0.021553857386775836,0.08054196016353708,G4,-9.843942850736992
080220,2015-12-31,0.009612601134617343,0.03497763042988155,0.018973293401168784,G2,-0.13605891894914784
080420,2015-12-31,0.3105470234848615,0.04207530394106682,0.13023233248475843,G5,7.039174433092452
080440,2015-12-31,0.2412650957877148,0.025654917333865747,-0.03824679528428483,G1,8.844054070285171
080470,2015-12-31,0.011284830659832296,0.034453677277587524,0.011310049639004432,G2,-0.08959244128305391
080520,2015-12-31,0.17051680477254047,0.01793539350855567,0.1473973601105789,G5,8.705980439166007
080530,2015-12-31,0.11167304896658203,0.04182341386936356,-0.06215543452808345,G1,2.3264822319908065
081000,2015-12-31,-0.052402404396404395,0.024004396506708915,0.1299947100312656,G5,-2.781741423745095
081150,2015-12-31,0.031450337066467465,0.02004852073849552,0.031182136744130194,G3,0.8518692012705193
081580,2015-12-31,-0.026077822332042977,0.03020674104061036,0.0508775999479935,G3,-1.3390865964644127
081660,2015-12-31,-0.049535472543033865,0.015209790187767799,0.0987576977881514,G4,-4.201707681197328
082210,2015-12-31,0.49459623444041434,0.03167743929712682,0.016167535603854994,G2,15.159830635857661
082270,2015-12-31,-0.15024793778739576,0.029518202850233204,-0.03677322340886106,G1,-5.576882791304657
082390,2015-12-31,-2.051178012043012,0.08854707729901232,-3.0236923448099127,G1,-23.32713506495783
082660,2015-12-31,-0.009670923111561253,0.02260954518460679,0.01996160833881321,G2,-1.0633802066146794
082740,2015-12-31,0.4169929129510693,0.03196839902758718,-0.09191094665179944,G1,12.59435271955023
082850,2015-12-31,-0.19826050803521808,0.024038255403306105,0.018910765252926037,G2,-8.84557236729765
082920,2015-12-31,0.23539950441191765,0.02276683285048459,0.13171144000243903,G5,9.708328169541739
083310,2015-12-31,0.8071243644265762,0.043065375702037556,0.08297009650981836,G4,18.408123272700458
083450,2015-12-31,0.03922827072585447,0.021444267649619948,0.07120829324889687,G4,1.1591279969864186
083470,2015-12-31,0.6123103063923802,0.027416337890569086,0.04331494614480074,G3,21.80957533645493
083550,2015-12-31,0.004237841096948303,0.029613676462052808,0.05496689792468615,G4,-0.34219927520134297
083640,2015-12-31,1.0836529090601161,0.05361868577867418,0.04281278677852484,G3,19.94232558693359
083650,2015-12-31,0.39879739390342406,0.04638850168600628,-0.11518827793232043,G1,8.287091848475923
083790,2015-12-31,0.9158659275622487,0.05328173834785653,-0.3941730783603624,G1,16.919386187410403
083930,2015-12-31,0.34970721146893047,0.029016730034854624,0.06945039478707193,G4,11.55662927379545
084010,2015-12-31,0.14549194343271316,0.02599521003650437,0.06262289730624236,G4,5.044018629981238
084110,2015-12-31,-0.31350159311212533,0.026297143132281698,0.20955687543798043,G5,-12.468016437418498
084370,2015-12-31,0.4186288754505641,0.02182841530020961,0.19614956769164585,G5,18.51977114107648
084690,2015-12-31,-0.37586487868813406,0.024401010819538244,0.04359455135021484,G3,-15.992636587578408
084730,2015-12-31,0.4888056303711975,0.036202247981911566,0.02054280983185514,G2,13.105098083686359
084870,2015-12-31,-0.07214693926810495,0.030059346329891892,-0.008397255473211856,G2,-2.878258164262814
085310,2015-12-31,-0.4267838733595033,0.03621328211831493,-0.0190621680402329,G1,-12.182146087628386
085370,2015-12-31,-0.041160500355182414,0.024053198949591504,0.07305702764046869,G4,-2.3087207730610553
085660,2015-12-31,0.1530777379426182,0.020822085642439418,0.04480856723303034,G3,6.661490141102799
085670,2015-12-31,0.6719966509191965,0.03679152909064846,-0.009931696869488808,G1,17.874359871822765
085810,2015-12-31,-0.065427816971101,0.01959516703004898,0.039593531639087305,G3,-4.072404004877288
085910,2015-12-31,0.047380407862250215,0.015449631756196217,0.05619446805981368,G4,2.13654206552217
086040,2015-12-31,0.21319979622031973,0.02724289599084283,-0.22188414947775792,G1,7.298349506192078
086060,2015-12-31,0.5774051964289721,0.05041577389615557,0.020414148663667954,G2,11.167805890878057
086200,2015-12-31,-0.3383966501639501,0.3939968280423661,-0.3353012369171403,G1,-0.8953581470060138
086250,2015-12-31,0.3258572802282333,0.047050911018784246,-0.14247830549615836,G1,6.6201834091069625
086280,2015-12-31,-0.11582603223381796,0.018071481673735276,0.04757799656442665,G3,-7.20459198104129
086390,2015-12-31,0.17756745450103675,0.03349713316761447,0.2251728340998938,G5,4.87193438214907
086450,2015-12-31,0.1704862187854095,0.02583756624811772,0.12930121623322374,G5,6.042155734326282
086670,2015-12-31,-0.037824492245305784,0.018041175474132042,0.04049314725421275,G3,-2.8931658049918045
086830,2015-12-31,-0.45888168011505304,0.04184640800923998,-0.0872547650353583,G1,-11.30929325472488
086900,2015-12-31,-0.11303055475649276,0.027803313462528092,0.5837191842120201,G5,-4.582265874407699
086960,2015-12-31,-0.2563293282154724,0.018890644191234648,0.10443105537850045,G5,-14.329895010112404
086980,2015-12-31,0.1059657107524557,0.023187549023963652,0.09900849941481325,G4,3.9501411270111406
087220,2015-12-31,0.015167290893036423,0.04982316297430491,-0.16369746425396847,G1,0.01596990490420944
087600,2015-12-31,0.0540119082035343,0.03620331731774982,0.08734584636581838,G4,1.0949352551676128
088130,2015-12-31,0.5749497335990033,0.038373212738483105,0.10825439130660967,G5,14.608579107021445
088290,2015-12-31,0.7230366970948046,0.04688569702951342,-0.031196054499284948,G1,15.114739084083725
088390,2015-12-31,0.3058771372178258,0.026820899754373163,0.049866604562002946,G3,10.86859576558336
088790,2015-12-31,0.4541865621218288,0.026308807135184645,0.04234317006372995,G3,16.717403420975444
088800,2015-12-31,0.11287968821469227,0.028720429640482166,0.03573171662673656,G3,3.429895364710451
089010,2015-12-31,-0.15715689662356613,0.019133512907922815,-0.011669188887899435,G1,-8.964820896577198
089030,2015-12-31,0.5153420217819515,0.02616406983270299,0.171125315041928,G5,19.147265898116082
089230,2015-12-31,-0.663468665844545,0.0457389539042365,-0.5494682481596191,G1,-14.819759257766298
089470,2015-12-31,-0.09410666703017939,0.021193908068642554,0.06997337279468778,G4,-5.118371109148495
089850,2015-12-31,-0.3304565071392194,0.026874784628019493,-0.030816604198346764,G1,-12.830916847534976
089980,2015-12-31,-0.09799954382364351,0.03201551910306447,0.07000472446983619,G4,-3.5098966591860563
090120,2015-12-31,,,0.04615622021553977,G3,
090150,2015-12-31,0.307436193452839,0.03498660531676971,0.01596760822407965,G2,8.376479257736332
090350,2015-12-31,-0.010819702414213483,0.026569812092575452,0.06645431275951692,G4,-0.9481181893477777
090360,2015-12-31,-0.16076704029510475,0.02401190711345,0.07348192458747216,G4,-7.293825483579047
090370,2015-12-31,-0.35193310360305563,0.029883869025303822,-0.21162973418038344,G1,-12.257607039142126
090410,2015-12-31,-0.15141851495434303,0.015824960661252635,0.030043921518055457,G3,-10.476495848649373
090430,2015-12-31,-0.04109205869406561,0.018769245451353157,0.16215028171961954,G5,-2.955029735006041
090460,2015-12-31,0.4293423021437411,0.031757476175711265,0.025896264446794562,G2,13.066865897322435
090710,2015-12-31,0.1369109761663105,0.039352429408812103,0.053231144004701525,G3,3.1138955914259436
090730,2015-12-31,0.01555004318101029,0.013742115228599867,-0.003648233304586718,G2,0.08575269840904329
090740,2015-12-31,0.201986355760425,0.028707782115676546,0.009781153121817567,G2,6.535326737751148
090850,2015-12-31,0.01124074132063261,0.025339533885304147,0.11179950185286797,G5,-0.1235570635138246
091090,2015-12-31,0.06471250876839663,0.02477562792350449,0.0032539153530565753,G2,2.0318713699412916
091120,2015-12-31,0.5455710192027373,0.02874779236779805,0.06271374325276924,G4,18.47791971947914
091340,2015-12-31,0.24471201796033565,0.026512521957913263,0.1267016997812911,G5,8.687985194606336
091580,2015-12-31,-0.0058210776364809175,0.027697026120253813,-0.013854972664438666,G1,-0.729056515566651
091590,2015-12-31,-0.0708789374950253,0.01354287977521251,-0.0299178775177806,G1,-6.294861848317444
091700,2015-12-31,0.22945797972726348,0.025853855077686328,0.07295742752219439,G4,8.319314831875426
091970,2015-12-31,0.748849745799693,0.049498318193970006,-0.11779920712687686,G1,14.8384460902928
092040,2015-12-31,-0.06415361787197255,0.029351536823759006,0.07201695338651402,G4,-2.675336493001588
092200,2015-12-31,0.18281853235738368,0.021031073719244116,0.059872034135835875,G4,8.009429993340733
092220,2015-12-31,0.24237252925898825,0.029428159476866108,0.023204298392857488,G2,7.747712177511922
092230,2015-12-31,0.011194038955102,0.00934248105330107,0.06068454374606964,G4,-0.340121724098662
092440,2015-12-31,-0.08357077063987997,0.011511273744019614,0.16912351947955787,G5,-8.508388605481063
092460,2015-12-31,0.8138516043973715,0.03374965796569507,0.08960025248202695,G4,23.688535910251158
092600,2015-12-31,0.17319912946695934,0.029097583660859298,0.1257370364720704,G5,5.458443271435518
092870,2015-12-31,0.48975486134567736,0.03780925478958831,0.10147483134554393,G5,12.573197865784854
093050,2015-12-31,-0.24490412733169292,0.013706716675438711,0.047159111395148896,G3,-18.9159631142448
093230,2015-12-31,0.2160430432170542,0.04915852700156524,-0.22457612603313828,G1,4.102470838727999
093240,2015-12-31,1.2024801722013474,0.07094420175631386,0.013331811579896099,G2,16.747084653430452
093320,2015-12-31,-0.07051752342915132,0.02004391895144145,0.16848932187416615,G5,-4.2351569746971265
093370,2015-12-31,0.43212394610070604,0.02964172447385343,0.07260259000582592,G4,14.093388080403011
093380,2015-12-31,-0.02927046674229989,0.021328216153210313,0.016384262618762337,G2,-2.0462136236386907
093520,2015-12-31,0.2565130042747512,0.042321957009764634,0.09154403938237655,G4,5.721412752736691
093920,2015-12-31,0.03041039611562315,0.01760601087536671,0.05651481661301369,G4,0.9109829881880745
094190,2015-12-31,-0.1899157734891174,0.0361570775552629,-0.06597790636582146,G1,-5.6499973731337105
094280,2015-12-31,-0.10314196552210227,0.021579939202838582,0.03525849068818427,G3,-5.4455012192506365
094360,2015-12-31,0.7012688361320834,0.05082815628152771,0.19483265746799158,G5,13.514108452196801
094480,2015-12-31,0.10763122207927099,0.024682340211369287,0.060854386899502275,G4,3.7783938460585476
094820,2015-12-31,0.07453237381978257,0.009870115435666817,0.06943752547640372,G4,6.095243211044402
094840,2015-12-31,0.30486279056245924,0.04476895507219902,0.012718082027690328,G2,6.48867435873081
095190,2015-12-31,-0.0068004182552297565,0.022719722881752953,0.03962829902826715,G3,-0.9318792347834333
095270,2015-12-31,0.7271282347142916,0.049849555589255086,-0.13554481035100535,G1,14.298153846523242
095300,2015-12-31,-0.8927085751615353,0.0472264134146781,-0.3434298150442605,G1,-19.207052352570184
095340,2015-12-31,0.018387858042808826,0.02604726324554868,0.15877444112742828,G5,0.15419041481009843
095500,2015-12-31,-0.11410828877327503,0.022962697370567012,-0.006028988436065077,G2,-5.59515750341539
095570,2015-12-31,-0.21546349226720649,0.024057092259908937,0.07034890489491902,G4,-9.553736149922647
095610,2015-12-31,0.7493667587377809,0.03722755175087709,0.09446140441286385,G4,19.743311188927553
095660,2015-12-31,-0.0723080842200147,0.030657856615132574,0.0831401261257965,G4,-2.8273243308059524
095720,2015-12-31,0.1389255279316154,0.025528480405609517,0.03592661053289061,G3,4.879017718028239
095910,2015-12-31,0.06176375615485123,0.017397676803690126,0.01777923458407419,G2,2.724049709124916
096240,2015-12-31,0.9602382457400145,0.032870907344819886,0.05081491018987151,G3,28.77519066022263
096350,2015-12-31,0.09940212808921925,0.04025563742046721,-0.00263621731051934,G2,2.1122633702895306
096530,2015-12-31,0.0026971833383425733,0.02510059304359201,0.1325929250596915,G5,-0.46510599808109576
096610,2015-12-31,0.48315803466965823,0.02341131306563608,0.052411984885204675,G3,20.0239266220163
096630,2015-12-31,1.0855595121909647,0.058039848898178384,0.033285124316716194,G3,18.456076519976513
097230,2015-12-31,0.2316230611385409,0.03621950684423896,-0.025476067357990264,G1,5.998188831076999
097520,2015-12-31,-0.5107641273274752,0.036468488339864456,0.05228782976046173,G3,-14.399712490186996
097780,2015-12-31,1.2266878875357008,0.04299798292255978,-0.13341907063398536,G1,28.19472415719585
097870,2015-12-31,-0.37213401481979025,0.023672442403711257,0.21750496927575938,G5,-16.327239409715727
097950,2015-12-31,0.0593188203089349,0.01592093608376311,0.05813883947050544,G4,2.8231506209276374
098460,2015-12-31,0.2148213463955652,0.018617781362834877,0.16071885162195285,G5,10.76657431789356
098660,2015-12-31,-0.1550179900003766,0.020431094259913397,0.05414029704528414,G3,-8.290775205860387
099190,2015-12-31,0.1501937868070093,0.020606032030701892,0.19046627506187053,G5,6.591379013986372
099220,2015-12-31,-0.0254309272255538,0.04043537283157079,0.11451271659990699,G5,-0.9843496957393442
099320,2015-12-31,1.1431031940437892,0.03448981047105681,0.15134534523742316,G5,32.72652296169297
099660,2015-12-31,-0.1225089247981195,0.035153186737026824,0.0732362676373357,G4,-3.893830324414178
099830,2015-12-31,0.1267248481994103,0.04533605386097153,-0.41423589388988463,G1,2.478231317300909
100030,2015-12-31,0.04850325001854708,0.03723161090738043,-0.06225141226792562,G1,0.9167379403793487
100120,2015-12-31,0.15901815910152214,0.02615151149266836,0.19665029577932822,G5,5.531096717823148
100130,2015-12-31,0.5694619840857258,0.037011220864137426,0.07197844725133166,G4,14.997893919929538
100220,2015-12-31,0.6506467976008761,0.027860344990769923,0.19772020568744997,G5,22.838022217361736
100250,2015-12-31,0.014039499579390761,0.01719954177586475,0.08988009545311292,G4,-0.019309824834120307
100700,2015-12-31,-0.003374945494764345,0.023309430882719275,0.16923348682273615,G5,-0.7613469973748187
101000,2015-12-31,0.39325965848789896,0.04589669896183208,0.05939372877468075,G4,8.255235067878722
101060,2015-12-31,-0.23345910023346578,0.013429901817989554,0.049122847890123264,G3,-18.453650913501296
101160,2015-12-31,0.6194329961023864,0.04337391367895512,0.024928126759647756,G2,13.94989119180293
101330,2015-12-31,-0.009405080250354664,0.02560375071532217,0.07865907180264223,G4,-0.9286412851393568
101390,2015-12-31,0.6915754680535812,0.05272103446265422,0.021768610369022473,G2,12.845040982930247
101400,2015-12-31,-0.05443866909493185,0.02705392797016414,-0.060328816720248736,G1,-2.5434491024418966
101730,2015-12-31,-0.5282386430358889,0.0288437326480114,-0.26075032483565636,G1,-18.81206809728242
101930,2015-12-31,-0.044160626913067186,0.01628708638177222,0.06414290602815062,G4,-3.5937825378567223
102120,2015-12-31,0.5867271931805006,0.0368471555855942,0.06715992997827575,G4,15.533236266572487
102210,2015-12-31,-0.14927179096349602,0.01704119908603457,0.11856878601044907,G5,-9.602810803138453
102280,2015-12-31,0.42079538247970183,0.05016682930602157,0.007251631524595923,G2,8.10144408932395
102710,2015-12-31,0.14553592770569074,0.0264789613730459,0.12142466873262191,G5,4.95352918641661
103140,2015-12-31,0.1460995518396684,0.01935774780047972,0.039385447750447555,G3,6.804920359490072
103590,2015-12-31,-0.018560888562745924,0.01644786711938223,0.019807665928435917,G2,-2.0022357939801187
104040,2015-12-31,1.3602647340340228,0.05359442036309138,0.1207780339616115,G5,25.112560322465637
104110,2015-12-31,0.12847566977079422,0.033356088436512,0.022737989571472106,G2,3.420786291224262
104460,2015-12-31,-0.029753781437986432,0.04316840814472543,0.03836200011993985,G3,-1.0221688279160643
104540,2015-12-31,0.1629651678347463,0.0210868918634612,0.032044250861847,G3,7.046725950822338
104830,2015-12-31,0.09818692256014613,0.022323927757694904,0.1731770425511759,G5,3.7545051996034045
105330,2015-12-31,0.3702582627341018,0.028925150696631315,0.025181238671568813,G2,12.303709209620099
105630,2015-12-31,-0.49619953185618026,0.02531848556287434,0.08973100813629183,G4,-20.165943587209025
105840,2015-12-31,-0.06722084714554374,0.009581372077105467,0.012724056123701477,G2,-8.515739312411993
106080,2015-12-31,0.1945733141453591,0.04851306848110142,0.025069500859000712,G2,3.7144979707323187
106240,2015-12-31,-0.018686666620906525,0.025558887977967334,0.027087419657990282,G3,-1.2934164572306033
106520,2015-12-31,0.01408164283583263,0.04677646978752581,-0.18678651073303995,G1,-0.0061992040826164205
107590,2015-12-31,0.3820484455295986,0.015534764254306693,0.1364477986128398,G5,23.668001637640426
108230,2015-12-31,0.4533388399802093,0.027495864017415318,0.08445535915985004,G4,15.964845475809256
108320,2015-12-31,-0.1633780088744352,0.021964703135816777,0.1042911691906025,G5,-8.09251222261672
108380,2015-12-31,0.04004335156000846,0.014916355724636905,0.11621709367382897,G5,1.7210458315429802
108670,2015-12-31,-0.11031205254983403,0.02272330593860819,0.05420144255445338,G3,-5.487039280508001
108790,2015-12-31,-0.3990446009159333,0.018584793028350796,0.05837631242807707,G4,-22.244865466275762
109610,2015-12-31,1.9188324074674523,0.06587943806458582,0.05714442813097078,G4,28.90827310764366
109740,2015-12-31,1.901988870032961,0.07044641726730945,0.185816373265543,G5,26.79507806837179
109820,2015-12-31,0.8807912519380136,0.05813356659149802,-0.40675124200270035,G1,14.903947633352617
109860,2015-12-31,0.06510770934834081,0.012155709601102791,0.08719812322667064,G4,4.173848446118529
111610,2015-12-31,-0.20794148041828742,0.5579674485711721,-1.871410705197602,G1,-0.39843381671438116
111770,2015-12-31,-0.13533393267542176,0.022836635206980857,0.12418050930028286,G5,-6.55549957499731
111820,2015-12-31,0.13041490752985777,0.03679602593741578,0.025556074610613974,G2,3.1536907819588778
111870,2015-12-31,0.23119185733491862,0.022145933507078528,0.09011058037827246,G4,9.790521476428452
112240,2015-12-31,0.2181728776673179,0.027560495239702075,-0.00980923525797807,G1,7.3946878013796935
112610,2015-12-31,0.036255517404872845,0.029813418212441045,0.12259866559371582,G5,0.7340284676726844
113810,2015-12-31,0.15084884137628388,0.029336963727314952,0.03649806983423908,G3,4.652056802009928
114120,2015-12-31,-0.3322824586648683,0.02905757881611173,0.05455942181293163,G3,-11.92990236994442
114190,2015-12-31,0.15312148656282595,0.03434363424160945,0.009682169536068994,G2,4.040046136888216
115310,2015-12-31,0.06681170277218088,0.014599561333835033,0.6054903227756288,G5,3.5918944312620655
115390,2015-12-31,0.08449644265358223,0.025296246695707975,0.08678147719236608,G4,2.7721433847010393
115450,2015-12-31,0.5123910488971484,0.04095790115475611,-0.18734612854582613,G1,12.159300529026439
115480,2015-12-31,0.5183991552007913,0.045250008343743216,0.04294007413357792,G3,11.138728012017573
115530,2015-12-31,-0.06671782102396112,0.05574194156122759,-0.1622476975817762,G1,-1.454729391748965
115570,2015-12-31,0.03849445298786591,0.020113923147713854,0.10039058043415379,G4,1.1993102038026762
115610,2015-12-31,0.33003666702795476,0.03696847374313804,0.015447958016923884,G2,8.538763312300324
117930,2015-12-31,-0.34360001199326706,0.052842931243435316,0.004774673044078381,G2,-6.774257659221881
118000,2015-12-31,0.8108577765271685,0.04359730514532384,-0.6551465075846049,G1,18.269160310572275
119860,2015-12-31,0.31165528682873267,0.02490273997585648,0.12562605681089728,G5,11.937789472108012
120110,2015-12-31,0.3577849890458457,0.020829218421172368,0.05774738158635811,G4,16.48709818984206
121440,2015-12-31,0.21691402556462053,0.027441224537338035,-0.05682377427062207,G1,7.380953629482546
121600,2015-12-31,-0.298233365704932,0.03319106768292218,0.2108582753620583,G5,-9.418346779609221
121800,2015-12-31,-0.32727164699554295,0.05519207416477093,-0.09515628237320074,G1,-6.190078410423712
121850,2015-12-31,0.7583458204728852,0.06523693088684207,-0.05763361026477586,G1,11.404187637904819
122350,2015-12-31,-0.0735966637774508,0.021312918274586236,0.08585187534279404,G4,-4.12746308893114
122450,2015-12-31,0.06841692935864492,0.02056995121986204,0.14263369001172113,G5,2.627391239904824
122690,2015-12-31,-0.017671737325495707,0.03430594881940234,0.011807390675268118,G2,-0.9340466638160102
122870,2015-12-31,-0.12703443813177379,0.020379670612132257,0.1129484057991054,G5,-6.938584069455125
122900,2015-12-31,-0.6522398546427206,0.02545753037129369,0.0202583549108507,G2,-26.185237320298437
122990,2015-12-31,-0.001737811755457369,0.02203851188275825,0.10276821753574032,G5,-0.7309672975864749
123040,2015-12-31,0.419263192888798,0.03642392941453049,0.05449740095177433,G3,11.11608713498566
123100,2015-12-31,0.2872724802582425,0.03121167132137521,0.03922293366514426,G3,8.743551658287435
123260,2015-12-31,-0.34782690842541053,0.03176429671708353,-0.18342012703754418,G1,-11.402693135935925
123330,2015-12-31,-0.2904870657403583,0.03267607759470232,0.04231999601694493,G3,-9.329720942641355
123410,2015-12-31,0.1702577254120885,0.018831987811613295,0.044504859644819865,G3,8.277729746492662
123420,2015-12-31,-0.05664196761257429,0.026908171537653295,0.3202477988725489,G5,-2.6391086154446803
123690,2015-12-31,-0.10614464231272483,0.02049802995184402,-0.055428994160491435,G1,-5.879407060784049
123700,2015-12-31,0.12842354571993347,0.015024756394892815,0.12975321022373423,G5,7.590933457023764
123750,2015-12-31,0.09745676084980354,0.02464962821681458,-0.03892586314376537,G1,3.3706447983997467
123840,2015-12-31,0.6521269939499661,0.06237728784130449,0.16245580831539186,G5,10.224160047711349
124500,2015-12-31,0.3680466524597179,0.03837216007805218,-0.058527538303911185,G1,9.216969595196192
126560,2015-12-31,0.11734304373507688,0.01806279640017436,0.15580909013291727,G5,5.700746536442887
126600,2015-12-31,-0.0009948472188648916,0.022666993766207767,0.1083097010003071,G5,-0.6779225818680575
126700,2015-12-31,-0.1867406293903555,0.02951391760537969,0.07612717012208656,G4,-6.814149575046835
126870,2015-12-31,0.14363211907698503,0.02277996604574443,0.012850932735154204,G2,5.674306059065552
126880,2015-12-31,0.24826530088282547,0.03099715784145628,0.05354137994788111,G3,7.545649261162295
127120,2015-12-31,0.05124326373796703,0.031048414530802742,-0.845504819564885,G1,1.1875531996352757
127160,2015-12-31,0.22519065060885313,0.03540081583697012,-0.0180194492674283,G1,5.955202610623982
127710,2015-12-31,1.296742347791332,0.05804730348238388,0.1135677475030028,G5,22.091822550589182
128820,2015-12-31,-0.18571088843090916,0.02556565454736425,-0.03685508954220463,G1,-7.826222785672702
128940,2015-12-31,-0.1329641181894526,0.024440671787184766,0.16075478293946838,G5,-6.028301480036099
129260,2015-12-31,-0.03662743419079427,0.02242244017862272,0.048837971501611906,G3,-2.274464933469908
130500,2015-12-31,0.4099788422198656,0.05431834297282466,0.03471775846942453,G3,7.283123910821011
130580,2015-12-31,0.10836500057597065,0.033273667911664,0.19253006647879367,G5,2.8248578157117348
130660,2015-12-31,0.15961129660451057,0.017383641253225626,0.08641444638927674,G4,8.354962851022407
130960,2015-12-31,-0.08321205076398075,0.02441343173077292,0.03909691019734765,G3,-3.9971304140452824
131100,2015-12-31,0.21946416851040557,0.05450644652662503,-0.16806065708867365,G1,3.762720959839368
131180,2015-12-31,-0.06629022176867579,0.020188509523772283,0.12084634197658145,G5,-3.9954332137300708
131220,2015-12-31,-0.06013089986548273,0.02567956674099519,-0.0036900740234323353,G2,-2.9012374054136902
131290,2015-12-31,-0.29134353869439417,0.01789040010837338,0.003906295747743854,G2,-17.088223659660795
131370,2015-12-31,0.29705809221273693,0.04001768378148136,-0.1405673831652681,G1,7.064038839380391
131390,2015-12-31,-0.26968706712522483,0.035369196078509184,0.04412963887719845,G3,-8.031245217250857
131400,2015-12-31,1.2425765688833441,0.06395992979090906,-0.1762837484889737,G1,19.202725099607676
133750,2015-12-31,0.0070369321606603835,0.025426251994513815,0.15483999442063967,G5,-0.28846908145298233
134780,2015-12-31,0.20313534247407386,0.024581821680520397,0.08122019771182362,G4,7.678996504370049
136480,2015-12-31,0.14230829141724022,0.027880879541161148,0.006273388482205186,G2,4.58868851357629
136490,2015-12-31,0.002875624510193908,0.013930470922347121,0.04618820819692619,G3,-0.8252409607828962
136510,2015-12-31,0.6648131789983193,0.046530285099834964,0.035739496477378105,G3,13.978886178849493
137400,2015-12-31,0.13970287268190365,0.03209055313699413,-0.0021266516932641885,G2,3.9055497868346616
137940,2015-12-31,0.6234811261640194,0.038422980650236346,0.10317923482285381,G5,15.85273958807157
137950,2015-12-31,0.711717458117799,0.03827125115267106,0.036662443396175026,G3,18.22114034416195
138070,2015-12-31,-0.4438021653788139,0.028566226048449075,0.10578241035481278,G5,-16.039002993256755
138080,2015-12-31,0.07371880283777275,0.02499939671597953,0.00850995942756526,G2,2.3739446112924956
138250,2015-12-31,-0.0056278429290380905,0.02051125966673587,0.22110473991189736,G5,-0.9750479966757994
138360,2015-12-31,-0.45578975135623856,0.03533748951303216,0.07279079889895576,G4,-13.304888874495655
138490,2015-12-31,0.22188002639565002,0.022214167665403434,0.056660168771155366,G4,9.341264088886653
138690,2015-12-31,-0.08964905656458144,0.036516932707730716,0.17459517207184722,G5,-2.848560067063625
139050,2015-12-31,0.01826030892233825,0.04431270181365482,-0.022390195526237062,G1,0.08775563314512497
139200,2015-12-31,-0.01369760212649751,0.024587929815932604,0.66000823667796,G5,-1.1415854061295931
139670,2015-12-31,0.1697283428400936,0.030013274176895626,-0.17161409828347798,G1,5.176267081229618
140520,2015-12-31,-0.07301658700819989,0.01863942957274274,0.014876677105061747,G2,-4.688351989821693
140860,2015-12-31,0.7546750429071982,0.031308893691803764,0.11828666629158566,G5,23.64514794027007
141020,2015-12-31,-0.36888441009492023,0.03760515399148352,-0.1526144025344185,G1,-10.191582512865828
141080,2015-12-31,0.6592139304211997,0.03612115097513484,-4.5004044290228,G1,17.852208285023583
142210,2015-12-31,0.32730190761460587,0.03706350495226534,0.08636549340357487,G4,8.44308406070402
142280,2015-12-31,0.2846850987883838,0.04648712498804853,0.015803358826784887,G2,5.814803112465427
143160,2015-12-31,-0.3235334075625215,0.01657638399949201,0.0925038563003609,G4,-20.3847248767395
145020,2015-12-31,0.6112313364091475,0.02483965618005103,0.2729164687563342,G5,24.028501536594597
145990,2015-12-31,-0.014250008420491955,0.026985717433584,0.05242859731611397,G3,-1.0606213531007291
149950,2015-12-31,0.20022464724098768,0.026951677168271466,0.12906794485069484,G5,6.895787091924323
150840,2015-12-31,-0.1000490622476417,0.03448194728291259,-0.15838436273247344,G1,-3.318277852093705
150900,2015-12-31,-0.03415890584556518,0.032271673619613854,0.010391679975689022,G2,-1.503811861011741
151910,2015-12-31,-1.3678176615933082,0.05339039193451845,-0.11650566881146453,G1,-25.888352402560137
153360,2015-12-31,-0.009296313165622988,0.02566655418819867,0.346004780618772,G5,-0.922131296253831
153490,2015-12-31,0.10168608740893408,0.041215881085965245,0.0008764001632919788,G2,2.118466605348306
154040,2015-12-31,-0.0705649917528737,0.024866842524739613,0.15985823398443255,G5,-3.415657270788662
155650,2015-12-31,0.5332742993521893,0.029149650616273958,0.054923145857759634,G4,17.80133444701328
155660,2015-12-31,0.1550017671738908,0.020907187840984675,0.05932025192663951,G4,6.726401873134824
155900,2015-12-31,0.04228440078866513,0.022216043586017083,0.24024434518091456,G5,1.2564244827068924
155960,2015-12-31,0.03641164937647971,0.024105672678370115,-0.14094844549175445,G1,0.9143088414183216
158310,2015-12-31,0.4323502540270988,0.055592146972392675,-1.3035271223687424,G1,7.5186632837972445
159580,2015-12-31,-0.11418933190464575,0.03229111692963219,-0.001640708406801392,G2,-3.98131015112025
159650,2015-12-31,-0.04748313568512871,0.018330889087007085,0.48875477766985254,G5,-3.3743456255638544
159910,2015-12-31,-0.05349419691741775,0.04064420569995044,-0.3014146448425591,G1,-1.6697537931171906
160550,2015-12-31,0.28821486540418295,0.03363369486803895,-0.03059258914495145,G1,8.141931677750271
160600,2015-12-31,-0.05407144629595252,0.02607765551741843,0.13034203377498618,G5,-2.624586630057529
160980,2015-12-31,0.4050215889829281,0.03052036738009026,0.07184925738175611,G4,12.799648326627153
161000,2015-12-31,0.683172290792584,0.02612559360633102,0.03540871988803454,G3,25.59944402228639
161390,2015-12-31,0.17292254161633286,0.02114457943614527,0.1376736681493435,G5,7.498419269904731
161570,2015-12-31,-0.13257970210725922,0.04259101591492482,0.003564546209253213,G2,-3.4502891905443875
161890,2015-12-31,0.04472389426150733,0.02502964108919811,0.11331529955400733,G5,1.2126532072525975
166480,2015-12-31,-0.11012577580402802,0.02624063740424906,0.07364481800966534,G4,-4.744450129179348
168330,2015-12-31,0.007172776834804065,0.04482081084644456,-0.24469898490756595,G1,-0.1606138476202251
170790,2015-12-31,0.09114302396293071,0.021443111192578603,-0.10258884389608665,G1,3.5802362612003438
170900,2015-12-31,-0.18891754129961053,0.027173149462887833,0.09533181389405002,G4,-7.4812513468696675
170920,2015-12-31,0.2520719187837958,0.030539268186370917,0.10533113275525169,G5,7.783431404278606
171010,2015-12-31,0.30332992489646954,0.04016276901507824,-0.032819539420523854,G1,7.19468085155375
172580,2015-12-31,0.025538898807590416,0.024924327724806843,0.17951105759230118,G5,0.4480473540783181
173940,2015-12-31,-0.5450980915325774,0.02479628696424914,0.08132702068061641,G4,-22.562640610568874
177350,2015-12-31,0.3515134729046666,0.02956840857914215,0.15059943268684997,G5,11.402096676389274
177830,2015-12-31,0.19770323677697055,0.023607205973438294,-0.08945200183288521,G1,7.765917629766806
180640,2015-12-31,-0.016252151683480764,0.02964735914044477,0.10283528553538772,G5,-1.0329342069464063
181710,2015-12-31,0.1749606086904757,0.01995205808873281,-0.0843032235178917,G1,8.048743054875755
181980,2015-12-31,,,0.08584438077684588,G4,
182360,2015-12-31,0.2565159691707083,0.04413674470678808,0.031729067020607835,G3,5.486230374737117
183190,2015-12-31,-0.2155363900076624,0.018733995673555718,0.12940997829791392,G5,-12.272235658221204
184230,2015-12-31,-0.2523050737559475,0.022082970313895313,0.27405525667270675,G5,-12.076124257000693
187220,2015-12-31,-0.25386449316996657,0.026021466676670716,0.08874716904098989,G4,-10.308262644117628
187270,2015-12-31,0.2408418875496698,0.03286851827167061,-0.030546890894578124,G1,6.890187928749887
187420,2015-12-31,0.4342813017109313,0.04213409316036106,0.1653626796505458,G5,9.966031080684663
187790,2015-12-31,0.44244282755791375,0.04496404271069518,-0.28332700457984983,G1,9.52030071214621
189690,2015-12-31,0.10732708919410429,0.022507825134700007,0.31819141260063577,G5,4.129917880536857
189860,2015-12-31,-0.11870180478933265,0.020854188237443165,-0.008732305468284194,G2,-6.381136632722655
189980,2015-12-31,-0.546286668318546,0.02753588630654199,0.21690561762128985,G5,-20.361003883998983
190510,2015-12-31,0.25262441366383587,0.03727199687156861,0.06355421365500162,G4,6.392273394057597
191410,2015-12-31,0.2714183176706907,0.04452538231471325,0.02908245292805957,G3,5.7730374134809095
192250,2015-12-31,-0.09711856150122689,0.02550678283454163,0.2727127736973681,G5,-4.371001311406283
192400,2015-12-31,-0.3830511396621207,0.02597176413881692,0.13728329428354083,G5,-15.302108753808133
192410,2015-12-31,0.03383977480317982,0.027622403555950775,0.013041841534917761,G2,0.7047958388355343
192440,2015-12-31,0.07832426097283995,0.031163300986279188,0.31782980505797714,G5,2.052178018069641
192820,2015-12-31,-0.17436321821863274,0.029973413130816674,0.0673757239500836,G4,-6.2967416194219785
193250,2015-12-31,1.0382666041087294,0.07076088930387638,0.1458989819244636,G5,14.46978683370404
194370,2015-12-31,-0.5828296656234495,0.030391420458438505,0.08980246822280791,G4,-19.650324872391412
194480,2015-12-31,-0.0759146248960668,0.018623302333922544,-0.21152013959822666,G1,-4.8480255002851615
194510,2015-12-31,-0.0525555058291174,0.039595861659880716,-0.2673905752322256,G1,-1.6902555656526876
194610,2015-12-31,0.5273141418262982,0.054618969004028003,0.10502444311149631,G5,9.391288987350901
195990,2015-12-31,0.5873960698881344,0.04766367342074712,0.1648290799099182,G5,12.022246903034494
196170,2015-12-31,0.2314184024073479,0.035661098248479565,0.026243171683007892,G2,6.086374042007861
196450,2015-12-31,-0.09453912853020405,0.046707022970722586,-0.12006070827409292,G1,-2.3317852717091934
196490,2015-12-31,-0.13953963306911726,0.03204894740122743,0.05302901121260945,G3,-4.802380897587063
196700,2015-12-31,0.08354147831828285,0.02470578180662066,0.11980064256158333,G5,2.7997437661105247
197210,2015-12-31,1.9351522932857237,0.0805875685262526,0.0391972302938209,G3,23.834701911147636
200130,2015-12-31,-0.04184633825941422,0.022765679285283915,0.14584977755819376,G5,-2.469417111312124
200230,2015-12-31,1.8881288540229755,0.08254787033839223,-0.010022311162428374,G1,22.699037862799944
200710,2015-12-31,0.06188053457088552,0.04610142697552068,0.05492181847340247,G3,1.0305302453610028
200880,2015-12-31,-0.12639682295625027,0.019443967374219783,0.0517457019519721,G3,-7.2396975352469015
203690,2015-12-31,0.5012242951925372,0.038980713060033687,0.4107022474005303,G5,12.489578492944238
204320,2015-12-31,0.49100338201570676,0.023531761973609417,0.05012927771652274,G3,20.254826766985556
205100,2015-12-31,-0.054245887237800314,0.025153037019837413,0.22372717690114935,G5,-2.728000873293896
206400,2015-12-31,0.4441055258147173,0.04525197504229117,-0.03144022181242533,G1,9.496467407108545
206560,2015-12-31,-0.2384776047030476,0.03653065310267263,0.174081615973861,G5,-6.921563206403738
206640,2015-12-31,-0.14336698721229066,0.03536945797402943,0.3108757753173517,G5,-4.459740577489836
208710,2015-12-31,0.43823216485612254,0.05789746382590107,0.12777625028186437,G5,7.320882766339654
210540,2015-12-31,0.05616454458643367,0.02658812231331983,0.04056210238228774,G3,1.571864473001422
210980,2015-12-31,-0.22676430870189396,0.019710114544505847,0.11624111682420551,G5,-12.234121109530536
213500,2015-12-31,0.16454847181164192,0.019611906580656393,0.04964333830426864,G3,7.657432564024879
214310,2015-12-31,0.6627337669561011,0.040406750902874156,0.11675424281784018,G5,16.045886708294404
214320,2015-12-31,0.1645153297964742,0.020156319723992688,0.09406364184243234,G4,7.448964500173297
214330,2015-12-31,-0.14668356169454339,0.022426687168245373,0.10015753332239574,G4,-7.181407588406377
214420,2015-12-31,0.4459929478459316,0.03219372803815906,0.07929069110540117,G4,13.40700050693176
214430,2015-12-31,0.08953992024314242,0.02673117022675412,0.13129511589513745,G5,2.812009346661514
215000,2015-12-31,-0.1494046472496845,0.01302545847550094,0.24599299510273262,G5,-12.573551040528404
215360,2015-12-31,0.3308987179408994,0.03425739039448989,0.05488654034210638,G3,9.23967338368836
219130,2015-12-31,0.25506334435533856,0.035880795096121,0.11219408124801261,G5,6.708093396265051
221610,2015-12-31,-0.03622937385679373,0.05220559066728168,0.0696088926824078,G4,-0.9692638839697347
222040,2015-12-31,0.6992110258268228,0.0435902497990095,0.13888768622435377,G5,15.710839219005223
222800,2015-12-31,0.2715922661526498,0.02803898316985656,0.049214065557952845,G3,9.173679547369115
223310,2015-12-31,0.004788001155010574,0.04319394050057878,0.11043287315167213,G5,-0.22187414373946396
226320,2015-12-31,0.013007765905766952,0.025744679525459325,0.3609988287098354,G5,-0.05297614255381022
900040,2015-12-31,-0.04616739328224599,0.021049136811507472,0.1322304158980879,G5,-2.8760805510779623
900050,2015-12-31,-0.3389348702362288,0.03524580409244266,-0.7565891295307358,G1,-10.024072341430678
900070,2015-12-31,-0.4629768548357503,0.033531667368455746,0.023735005635819442,G2,-14.235751217164832
900080,2015-12-31,-0.034176140178478615,0.024586420555007628,0.22823952439023032,G5,-1.9745761603716045
900090,2015-12-31,-0.2098929846931627,0.021330079218319524,0.08169743035093475,G4,-10.5140071031176
900100,2015-12-31,-0.11142706328228694,0.061208188811729486,-0.05718663942130582,G1,-2.0552590338449885
900110,2015-12-31,0.033053852975939074,0.02615730527378924,0.13573094708369388,G5,0.7142262194855997
900120,2015-12-31,-0.13174283247867524,0.02404866735855723,0.31714086184940227,G5,-6.075781664674789
900130,2015-12-31,0.2326352192182553,0.04644612682568528,0.004561630765587893,G2,4.69928526697393
900140,2015-12-31,-0.1704765199098691,0.026694680669347413,0.10721081348253896,G5,-6.924530842597181
900180,2015-12-31,-0.3257953588841236,0.022040386123835343,0.21380900930387153,G5,-15.433803050962135
900250,2015-12-31,0.14526068373348305,0.02857073310109203,0.47619267300511925,G5,4.581228754335686
950010,2015-12-31,,,-0.8584175051427071,G1,
950110,2015-12-31,0.31457211824718295,0.040075465845458305,0.05214907121300446,G3,7.490879823743693
950130,2015-12-31,0.1277023157831877,0.023897098506085943,0.00016532274233256556,G2,4.7424458678954515
