종목코드,날짜,기간수익률,표준편차,Y1,그룹,성과
000050,2016-12-31,0.08052416957685585,0.015596963644325897,0.07809081413841076,G4,4.081808573662145
000070,2016-12-31,-0.016751054073254286,0.017463278355566283,0.02818039641526045,G3,-1.9246903725204925
000100,2016-12-31,0.19020013795649487,0.0168248363077245,0.1220843951075082,G5,10.30261365613184
000120,2016-12-31,0.06185328711104329,0.01721693258722069,0.011215182598751695,G2,2.6132957908013053
000140,2016-12-31,-0.06146264281109818,0.013827394156656105,0.02441794508699162,G3,-5.66433498416948
000150,2016-12-31,0.13967659794339954,0.018073694683173575,0.0030721703944033975,G2,6.795303917985877
000180,2016-12-31,-0.09033030417098713,0.008614355676864855,0.11639506069151347,G5,-12.443258421429402
000210,2016-12-31,0.06724766174905687,0.01494832885812471,0.029754634653312136,G3,3.3707655602800535
000220,2016-12-31,0.13087554009877056,0.01994788006170652,-0.005788295311626159,G2,5.715654500414469
000230,2016-12-31,-0.49521440665506167,0.016712856260496668,6.528888356927246,G5,-30.63957161623992
000250,2016-12-31,0.1943746614897392,0.02278146027512891,0.10594630255157317,G5,7.792051505723116
000270,2016-12-31,-0.059097844129640587,0.01231588417969056,0.05225741111673866,G4,-6.167498221950532
000300,2016-12-31,0.05468276776701952,0.012560363797142569,0.021895910135937616,G3,3.0112518019003818
000320,2016-12-31,-0.02533439375187309,0.012209207815795289,0.03022915102730103,G3,-3.4559771640248904
000430,2016-12-31,-0.029210931053305092,0.009181061800767323,0.04287745219829176,G3,-5.018077614922954
000440,2016-12-31,0.054591088690171964,0.012877506859868252,0.014866878707223622,G2,2.929972350269697
000480,2016-12-31,0.04454973200918781,0.00566309948053964,0.026179437124542966,G3,4.889439511699985
000490,2016-12-31,0.0034128968163529144,0.011302126025835831,-0.03070084291661717,G2,-1.1898162171662954
000500,2016-12-31,0.1598658624598454,0.011593083126889971,0.005322080139910262,G2,12.335416838148669
000590,2016-12-31,0.11802474737312402,0.010503161987720179,0.13917570083604644,G5,9.63180400731239
000640,2016-12-31,-0.1617323686823847,0.0209795483308077,0.24194266721140434,G5,-8.512705589113061
000660,2016-12-31,0.4216357118553676,0.02098796381026015,0.17214137129516702,G5,19.286071096003127
000670,2016-12-31,0.16741908222029694,0.015027888771920498,0.0479936071830763,G4,10.018621700958104
000680,2016-12-31,0.0194683692283645,0.00946963831629117,-0.1789229111819926,G1,0.27540857326389473
000700,2016-12-31,0.3176822381910901,0.021481255131403757,0.016216924974785548,G3,14.003925129168294
000720,2016-12-31,0.07793446986969972,0.01727968109413015,0.038869185496000935,G3,3.534447186070856
000760,2016-12-31,-0.04462163429387179,0.012792160971799162,-0.002134731853305723,G2,-4.806223442603713
000850,2016-12-31,0.17556374960278148,0.0126001756835,0.04091614523477203,G3,12.595332314314858
000860,2016-12-31,0.1214465497808752,0.010475195573777386,0.11946895076052957,G5,9.984176371115852
000880,2016-12-31,0.3513324789756504,0.015465996630338945,0.027349005092612587,G3,21.626290068444856
000890,2016-12-31,-0.23060166991976278,0.021084950998613027,-0.06276058856836197,G1,-11.736428488090416
000950,2016-12-31,-0.14841946929056304,0.021762089972516975,-0.08730279538292637,G1,-7.594850455523442
000970,2016-12-31,0.055845738819459353,0.013853668035075468,0.04462322699534576,G3,2.8140842606019136
000990,2016-12-31,0.2260302381718066,0.02387633958189427,0.11426649417500463,G5,8.760550912924407
001020,2016-12-31,-0.49351228926487545,0.03161072329829526,-0.08791727147840829,G1,-16.145553965946394
001040,2016-12-31,0.05790944470781553,0.0173235399489093,0.023788039004444546,G3,2.3695558285736147
001060,2016-12-31,-0.08235266180815588,0.019857291357411044,-0.02338900441580551,G2,-4.996301342049741
001070,2016-12-31,-0.022498270005132243,0.02385098804683305,-0.01684984551191656,G2,-1.6501882260893566
001080,2016-12-31,0.027497393842551898,0.009905671175586389,0.018682873608766106,G3,1.0738337669050049
001120,2016-12-31,0.021655719896245637,0.015291256948437842,0.007082199142596564,G2,0.31360209707194114
001140,2016-12-31,-0.5231401182283686,0.03409730669181171,-0.04794587019887013,G1,-15.837041698322656
001210,2016-12-31,0.06529575470864762,0.01602944068189924,-0.04194689199360902,G1,3.021652846127825
001230,2016-12-31,0.30834880368764717,0.025898833694325666,0.014136508885061584,G2,11.254887284795435
001250,2016-12-31,0.030142936563079613,0.020058704641727182,0.006293824359077947,G2,0.6621856769902694
001260,2016-12-31,0.07851008032352631,0.03403606999744243,-0.011705816794480914,G2,1.8113057905277905
001360,2016-12-31,-0.1630196373765752,0.018640257095092556,-0.44828008635980665,G1,-9.650080796057372
001380,2016-12-31,0.69591023867387,0.07165869180168855,-0.009354445325624565,G2,9.476169212002269
001390,2016-12-31,0.06524038861933995,0.011427051722716589,0.027482795031287942,G3,4.233816398398937
001430,2016-12-31,0.33565022827009083,0.01885152047077052,0.04134738099720717,G3,16.910565867301166
001460,2016-12-31,-0.10268463512769269,0.008300942107267374,0.08280687024052277,G4,-14.401375558731115
001470,2016-12-31,0.877856962403808,0.06609403652772816,0.669785563876175,G5,13.02684263189536
001520,2016-12-31,-0.268069005793171,0.017199492382364866,0.05559615560281949,G4,-16.56614911121836
001530,2016-12-31,-0.035346200806980595,0.005806008038135231,0.0013235433591137378,G2,-8.99181504993195
001540,2016-12-31,-0.18239419341375074,0.018844014833106847,0.0076600779421139185,G2,-10.5738901624102
001560,2016-12-31,-0.0123892240194124,0.005511710468106677,0.05433374731847528,G4,-5.30680518126155
001570,2016-12-31,-0.20849167244651423,0.03644968216399995,-0.12168652100937859,G1,-6.182551087357245
001620,2016-12-31,-0.17647002413062393,0.03075498343146994,0.024945082512744927,G3,-6.28614787622187
001630,2016-12-31,-0.0027128773507733364,0.02059063434076408,0.12767018357679588,G5,-0.9505888297172611
001780,2016-12-31,-0.1947219296064861,0.01782141566002189,0.05192938650939129,G4,-11.872360944449001
001800,2016-12-31,-0.1150617547394801,0.022698756913830956,0.10436778691618674,G5,-5.811864715351266
001810,2016-12-31,-0.018213438011060384,0.013042959658613879,0.012455878501299342,G2,-2.6890973045559075
001820,2016-12-31,0.7550058472176865,0.02825625092462274,0.03290352663640544,G3,26.123263823514197
001940,2016-12-31,0.21557994431160288,0.010682197364459878,0.0735918063354908,G4,18.602876157521834
002000,2016-12-31,0.18281061945420093,0.02918024195702351,0.080129222837462,G4,5.687076551601659
002020,2016-12-31,0.09426615118830176,0.023112874317498887,0.00721751300850007,G2,3.3490339831661595
002030,2016-12-31,0.11179217088474869,0.012033008226382386,0.06168849248709433,G4,7.889284163062476
002070,2016-12-31,-0.06358632706664161,0.010559517526675272,-0.011034152873501771,G2,-7.618404582763201
002100,2016-12-31,0.07785450166579438,0.013486884831574402,0.031207230195182404,G3,4.5224788953969695
002140,2016-12-31,-0.4977628388548154,0.053214500161117825,0.03977585882247315,G3,-9.670732355787196
002170,2016-12-31,-0.0641177736884667,0.009149308071386237,0.1167410761376641,G5,-8.850737422654861
002200,2016-12-31,0.08484015917434848,0.011582306286116879,-0.0009091262595850615,G2,5.869280939797179
002220,2016-12-31,0.11922739988206692,0.01539930216795298,0.03219777074157136,G3,6.647512277845306
002240,2016-12-31,-0.011158569366230388,0.010464862739370643,0.02842420013266835,G3,-2.677428239088885
002300,2016-12-31,-0.035938383287602294,0.00875822828377857,0.0257533976646731,G3,-6.028471881207112
002310,2016-12-31,0.09953167684789721,0.014955367630171062,0.0327516690731379,G3,5.527869942211643
002320,2016-12-31,0.1281396649699698,0.022952345707864523,0.021284824521131337,G3,4.848276369481956
002350,2016-12-31,0.0387574943365945,0.014978243878129155,0.09287035115512322,G4,1.4619300409588407
002360,2016-12-31,-0.06081531145125717,0.017633617621769154,0.08255068587009726,G4,-4.4049759254002545
002380,2016-12-31,0.2107972165018033,0.015308969893690898,0.04382249110346468,G3,12.668185266428576
002390,2016-12-31,-0.018470045371971142,0.018560515236523304,-0.018682134474533468,G2,-1.9035244750532454
002410,2016-12-31,-0.19760767253373787,0.017163640795785695,-0.009931694415481645,G2,-12.495485353943511
002420,2016-12-31,0.3733848828764048,0.051992485361306455,-0.20895282924166134,G1,6.857231977823198
002620,2016-12-31,-0.020410159846857123,0.04072262539922201,0.012782297440091144,G2,-0.9152285524773361
002630,2016-12-31,-0.30471272304208247,0.0291234268835876,-0.023948396450405668,G2,-11.041731935524849
002700,2016-12-31,0.04512441083756008,0.017097336487249103,0.030207384629918316,G3,1.653126567889056
002710,2016-12-31,-0.008459865701504879,0.01591415093088538,0.038134108907461696,G3,-1.5910503464381704
002720,2016-12-31,-0.1409119353656827,0.014507161206696506,0.006620088973544891,G2,-10.87547610232694
002780,2016-12-31,-0.08865562230624234,0.041907218823422875,-0.11633604260134671,G1,-2.5178471613968516
002790,2016-12-31,-0.04086297556420941,0.02623930474037781,0.12116777602495878,G5,-2.1998801334752103
002810,2016-12-31,0.08279779288447124,0.012886968238779519,0.10945202280318296,G5,5.116598567823141
002820,2016-12-31,-0.048026496467875365,0.012335693712699505,0.014574443411458249,G2,-5.260088944282435
002840,2016-12-31,0.08517374724387732,0.011518405879046293,0.08738828047039965,G4,5.930803125960336
002870,2016-12-31,0.043344811488309376,0.033137224451344705,0.009007312771414798,G2,0.7992359733340612
002880,2016-12-31,-0.2079487284579811,0.013012300725845324,0.005716415234281184,G2,-17.27665866665761
002900,2016-12-31,-0.5250808115637013,0.0485421302260778,0.009805488287668633,G2,-11.164346490152784
002920,2016-12-31,-0.07564837192631692,0.010403717425152654,0.04189677999715402,G3,-8.891891022819584
002990,2016-12-31,0.1961306433907006,0.02401645654403318,0.026620586809994486,G3,7.464477260068166
003000,2016-12-31,-0.1852445813232797,0.014681325728814575,0.11403627952062066,G5,-13.766122672216472
003010,2016-12-31,0.057485726280646916,0.03565719642698871,0.001427313641275701,G2,1.13933176752921
003030,2016-12-31,0.10101325836747119,0.02733532563380168,0.0363374153377286,G3,3.078540561194622
003060,2016-12-31,0.11829303754303296,0.03497962888753342,-0.10803893174087918,G1,2.8997645520714332
003070,2016-12-31,0.16046536760985167,0.022396369025639018,0.0019268991132724979,G2,6.411977664553804
003090,2016-12-31,0.5976703428630263,0.028792687200175283,0.034064061517672585,G3,20.172135694550274
003100,2016-12-31,0.014739013531511774,0.007253570013288423,0.16280128683142664,G5,-0.2924540763998433
003160,2016-12-31,0.03708534256207974,0.02988466946294307,0.00967130255451971,G2,0.6767681649217854
003200,2016-12-31,-0.004942519138731449,0.01266570990651706,0.04326169703236073,G3,-1.7214091393221127
003220,2016-12-31,0.014025202646224866,0.019523305599138598,0.08193360417443456,G4,-0.1452185947573276
003240,2016-12-31,0.29138390365859085,0.01916587762529916,0.016669371940612136,G3,14.32355769849366
003280,2016-12-31,0.14416001668994255,0.047453372063129176,-0.020647230318092156,G2,2.682626365735209
003300,2016-12-31,0.5254761178536931,0.022379129035502997,0.058123033504581055,G4,22.72723694458611
003410,2016-12-31,-0.00019253285080770947,0.020874682697155776,0.08501705936051873,G4,-0.8169169682028673
003480,2016-12-31,0.15381998220302148,0.022726078162678572,-1.5242346258467119,G1,6.026540592366304
003490,2016-12-31,0.35205870516071947,0.019327017130447776,-0.0474643221418173,G1,17.34351210266681
003550,2016-12-31,0.24710234646127702,0.016183526064278215,0.10174544962254929,G5,14.22693644737527
003560,2016-12-31,0.1364604435733287,0.01798476325530496,0.03860075831692987,G3,6.650078859820447
003570,2016-12-31,0.010031346830104225,0.0118697988985302,-0.05221236855613956,G1,-0.5753259072561901
003610,2016-12-31,-0.0264126087923046,0.008529491527266835,0.033352958090767375,G3,-5.073333891512815
003620,2016-12-31,-0.22573504556017576,0.011075081011629797,0.016012654270186624,G3,-21.90461586292499
003720,2016-12-31,-0.04712440880784481,0.014719122442219837,-0.09454766372019659,G1,-4.347049812878975
003780,2016-12-31,-0.2913387306065878,0.013798607267215001,0.031648135620494657,G3,-22.33552084558617
003800,2016-12-31,0.10057884978604519,0.011679172165240252,0.14866226329977714,G5,7.168187860511205
003960,2016-12-31,0.40364407760726173,0.02478931002317737,0.010508688949462192,G2,15.602843628777048
004020,2016-12-31,0.11519079467369558,0.016719251952217223,0.04996422884761134,G4,5.881270603754845
004060,2016-12-31,-0.0798916769994393,0.022508123096469115,-0.012264246863480169,G2,-4.298538187085292
004090,2016-12-31,0.1052094796061105,0.019368522128183647,0.029338580585393032,G3,4.5614801878560325
004100,2016-12-31,0.06153636215606831,0.030746418678767342,0.020135959906510636,G3,1.4530476857316308
004130,2016-12-31,0.43384139118402965,0.027172268197992334,0.020722297569292173,G3,15.345831216419736
004150,2016-12-31,-0.0640593812637299,0.011079606135831628,-0.009725870174649204,G2,-7.303484430947757
004170,2016-12-31,0.32889016863206616,0.019474067710039584,0.10970874506634705,G5,16.02283732539627
004250,2016-12-31,0.0011923466498030737,0.011265941996249276,0.10712399907960873,G5,-1.3907406061350973
004270,2016-12-31,0.23857910629281173,0.03316108239521356,0.01585835739178769,G2,6.686113378327627
004360,2016-12-31,-0.012837493120473692,0.010039994583587317,0.06524233633006805,G4,-2.9579540629804018
004490,2016-12-31,0.048248863099404814,0.013444188837712265,0.06540689302145607,G4,2.334727206524154
004540,2016-12-31,-0.12259457174383515,0.012943694527137646,0.010803310029124711,G2,-10.773965740755447
004560,2016-12-31,0.0683604860845235,0.021614888651635484,0.03310503270651661,G3,2.3826232586341414
004590,2016-12-31,0.01659123021320484,0.01231388359028167,0.09990263281491238,G5,-0.021854960311399357
004650,2016-12-31,-0.052975844976188305,0.013674932946338604,-0.013274772130601437,G2,-5.10687656755467
004690,2016-12-31,0.13211631125402779,0.012797307245047601,0.006547629835451388,G2,9.006266661940213
004700,2016-12-31,-0.08698439590560562,0.012003337414400295,0.10897305526573425,G5,-8.651322708913746
004710,2016-12-31,0.03537901661779675,0.019133241203601204,-0.05722999179405869,G1,0.967879240656914
004720,2016-12-31,-0.5597060727405232,0.05228479768969178,0.04850794643786992,G4,-11.027419974210705
004740,2016-12-31,-1.7358606031783024,0.08589252871328283,-0.4420983455526724,G1,-20.405976853695808
004770,2016-12-31,-0.2573049902294031,0.05952846541293169,0.052323482316882955,G4,-4.605617463476462
004800,2016-12-31,0.16707747015067143,0.019254662959959104,0.039852246630446994,G3,7.801596985244807
004830,2016-12-31,-0.30922070171222216,0.023575208471486992,0.02833860602842595,G3,-13.831523558188263
004840,2016-12-31,-0.2422766650679003,0.015274927674918346,0.08873183352227458,G4,-16.964860340632363
004870,2016-12-31,0.8216196975071306,0.03449871724726812,0.00871183436658338,G2,23.327225244019996
004890,2016-12-31,-0.0940627584573629,0.012910707189782872,0.044140027148752946,G3,-8.591559430260613
004910,2016-12-31,0.039594353553771264,0.015984710149828163,0.09646591830259753,G5,1.4222343533495987
004920,2016-12-31,-0.1762535548461809,0.023388645489253974,-0.08265258643202765,G1,-8.256737423518505
004960,2016-12-31,0.26971821206113034,0.018018525662152552,0.015048448263956083,G2,14.03321598847025
004970,2016-12-31,0.002882654394326903,0.01369055641905127,0.09102214336107323,G4,-1.020973496487834
004980,2016-12-31,0.0835028314038942,0.019429604112167573,0.01806529927338035,G3,3.4299454260012663
005010,2016-12-31,-0.0015858223551541845,0.012637016265618669,-0.0015280596627041594,G2,-1.4596936189510203
005090,2016-12-31,-0.15638098622059582,0.014033542344652289,0.0484505434850261,G4,-12.344804441835166
005110,2016-12-31,-1.256662523580064,0.04487113179160931,0.08616380532671633,G4,-28.381786292909073
005160,2016-12-31,0.05618848929577952,0.016620011951709614,0.040302913435150946,G3,2.366312356435123
005180,2016-12-31,0.05924489115293334,0.012054507429575267,0.03533196988854194,G3,3.516074111713173
005190,2016-12-31,-0.07819674871635827,0.015308123983166038,0.08628127577798966,G4,-6.2095850850985945
005250,2016-12-31,0.3634890251499519,0.024539468371168573,0.05482863760713706,G4,14.125353909738989
005290,2016-12-31,0.5739808346625022,0.02883636358584786,0.03448229650027219,G3,19.32006729467001
005300,2016-12-31,0.12096549008657137,0.016933393173265254,0.0291811798679236,G3,6.147919638491877
005320,2016-12-31,0.05194986110704711,0.01688115550519505,0.031457611228214,G3,2.0786202369795674
005360,2016-12-31,-0.1914347622508894,0.012562462415903902,0.04083654059433464,G3,-16.580755030760557
005390,2016-12-31,-0.21014722148734372,0.014941092544588168,0.0014615475077424651,G2,-15.193505458870748
005420,2016-12-31,1.1494702774682848,0.04360394774537638,-0.25307218759840006,G1,25.974940031388176
005430,2016-12-31,0.05485759784374783,0.014984868848774983,0.03689792706969511,G3,2.535707758063193
005440,2016-12-31,0.18666543838765504,0.014133730220449952,0.04174264727395795,G3,12.01417361791837
005450,2016-12-31,0.33205034922821647,0.03224628171205174,-2.9425482199903605,G1,9.774460273975327
005610,2016-12-31,-0.00268567778312212,0.018491263627322698,0.026482750373115507,G3,-1.0570411967190032
005620,2016-12-31,0.5023990099008991,0.04314451111876542,-0.15250512141049483,G1,11.253775918656027
005670,2016-12-31,-0.3471124568849465,0.018719905000717938,0.01988116587390367,G3,-19.443090470883117
005680,2016-12-31,0.1361459143808559,0.013221689209698833,0.0614507674550789,G4,9.021961024692956
005710,2016-12-31,-0.11208533443451453,0.015188641517928236,0.051982466319410246,G4,-8.489612710436308
005720,2016-12-31,0.09801295475344557,0.01157610836621157,0.3092237594744876,G5,7.010352921363864
005740,2016-12-31,0.6163673681368684,0.052788029840714845,0.0375098320990709,G3,11.356874281830564
005750,2016-12-31,-0.001270916348865267,0.01987554182476807,0.035192870646452226,G3,-0.9122400867895073
005800,2016-12-31,-0.020522979322501494,0.01589972839958456,0.0965672916178606,G5,-2.3511929281652333
005810,2016-12-31,0.18087021856045254,0.01320786285458519,0.20552774354784484,G5,12.41759327120556
005820,2016-12-31,0.09685376773014477,0.01354296057327912,0.12227288384688254,G5,5.906641878410677
005850,2016-12-31,0.07989944887732359,0.026146924828008247,0.07456661968708501,G4,2.4109565328098275
005880,2016-12-31,0.7060284158734921,0.03303909203606092,0.0569856346098113,G4,20.859170871612985
005930,2016-12-31,0.30435519417045465,0.01371050353495624,0.11257967229817868,G5,20.968948644891807
005950,2016-12-31,0.11775571228770268,0.018457260753051388,0.005188956256290973,G2,5.46643209885155
005960,2016-12-31,0.46917904624627166,0.023072403255350173,0.09167930687872962,G4,19.604316533044102
006040,2016-12-31,-0.2571159108926674,0.014238181447478723,0.049108174266390574,G4,-19.242363328045126
006060,2016-12-31,-0.07321426490550974,0.021136562945909106,0.04819914364961636,G4,-4.261554481983219
006120,2016-12-31,0.04357826243275517,0.017444143488030514,0.02694805708453256,G3,1.5316265198539736
006200,2016-12-31,-0.17170517250417,0.009523811384437137,-0.0933542406954588,G1,-19.79937595810167
006260,2016-12-31,0.3735697091598497,0.01795697497379671,0.022360565548589884,G3,19.86466874459756
006280,2016-12-31,0.17513969927576767,0.015185644896707408,0.05438871158809691,G4,10.422958702250215
006340,2016-12-31,0.07837536126111719,0.03578246802642009,0.00502555201434805,G2,1.7191383100055524
006360,2016-12-31,0.20989760275386876,0.019186842241234275,-0.0018514146106383368,G2,10.060918345837257
006400,2016-12-31,0.4693976276422969,0.021587403379091243,0.04059188518689786,G3,20.96302505887568
006490,2016-12-31,0.012164940910285707,0.021606920103444612,-0.18489042129276276,G1,-0.2173104134038697
006570,2016-12-31,-0.049477158778025734,0.017547687730549016,0.0019452793665874252,G2,-3.7804130918563974
006580,2016-12-31,0.09210843991591552,0.02555170536254256,0.014185566151350623,G2,2.944934171629718
006650,2016-12-31,-0.028023796312413196,0.022601301417583625,0.1709467537504205,G5,-1.985909799328783
006660,2016-12-31,0.1337990686795994,0.01745455010095068,0.09153552666541091,G4,6.69961232761196
006730,2016-12-31,-0.09512411751551454,0.01915208872884467,0.050323971415872526,G4,-5.8471150980627025
006840,2016-12-31,0.26867770868241436,0.01736084476671566,0.04562972256341107,G4,14.504902406295965
006880,2016-12-31,-0.10472544357866549,0.014193873312342892,-0.05992638052220692,G1,-8.566075697130888
006890,2016-12-31,-0.02249938145451249,0.009572284763722672,0.07441141922185869,G4,-4.111842896068951
006910,2016-12-31,-0.7650464408344395,0.03798180769027979,0.006516495077951733,G2,-20.586350098468134
006920,2016-12-31,0.3428309880376197,0.05148813889022762,0.01637450632578296,G3,6.330985065943777
006980,2016-12-31,0.09578807920469212,0.048526383093117124,0.00291764051606483,G2,1.6264910863619966
007070,2016-12-31,0.03492069286364344,0.016014125064073577,0.0369547383662578,G3,1.1277758317131388
007120,2016-12-31,-0.5350544484600716,0.03246424065715823,-0.23846958791868844,G1,-17.000699444628047
007160,2016-12-31,0.21172511843212538,0.02133349583186274,0.04280755076528876,G3,9.134216460235955
007210,2016-12-31,-0.21838693707898454,0.023789318156814787,0.05499015985833594,G4,-9.888778029644547
007310,2016-12-31,0.1923775246069801,0.018729248129066834,0.06862991729961622,G4,9.3712878246424
007340,2016-12-31,0.11458980066323671,0.014650579775939645,0.08756889801620958,G4,6.670688294082819
007530,2016-12-31,-0.3965906643457926,0.018105735156003496,0.009325567312408169,G2,-22.83536185820382
007540,2016-12-31,-0.002229635874175892,0.012810615274790833,0.08024690186953716,G4,-1.4901692943735074
007570,2016-12-31,-0.10501075370432718,0.01685568848929787,0.04572690179104357,G4,-7.230265523241965
007590,2016-12-31,-0.0499557840389376,0.00827272077235587,0.05073325071353541,G4,-8.076681847229764
007610,2016-12-31,-0.2809313834379479,0.023517945417332917,0.02308914596869908,G3,-12.662319254675308
007630,2016-12-31,-0.014504907969459552,0.059865389212114144,-0.5843198571630556,G1,-0.5239297369081872
007660,2016-12-31,0.04384437763720245,0.017997944488084852,0.0004267682492768064,G2,1.4992838768180998
007690,2016-12-31,0.05272049147529509,0.012850851826012838,0.027879349347675123,G3,2.7904875342471036
007720,2016-12-31,0.5175270901652618,0.027651968245268502,-0.007341490961846145,G2,18.10600735810481
007770,2016-12-31,0.03004584039432031,0.01525728707393887,0.021662780336257795,G3,0.8642093892624557
007810,2016-12-31,0.23530885233094545,0.030465348430938392,-0.007691264688693902,G2,7.170392394355661
007820,2016-12-31,0.3577546862744571,0.025828596911042143,-0.25667329450594145,G1,13.198329657557574
007860,2016-12-31,-0.06615715346205518,0.015340815133449464,0.04151586675749618,G3,-5.411544457725168
007980,2016-12-31,0.031666437301961406,0.01749985968184506,-0.06166008187266926,G1,0.8460689354539281
008000,2016-12-31,-0.0016332318773743986,0.0036913454323191258,0.025516848383379455,G3,-5.00998399277557
008040,2016-12-31,0.00681579997094367,0.013501318253565375,0.01169405542547925,G2,-0.7439680696922646
008110,2016-12-31,-0.0025156057500412728,0.011549175724951326,-0.05502856914962131,G1,-1.6776916259513033
008290,2016-12-31,0.0014702860132273237,0.036734855616331934,-0.013844691864122113,G2,-0.41894988775401787
008370,2016-12-31,-0.059869873569015075,0.03080663508199777,0.06978535439590262,G4,-2.4907044542557957
008490,2016-12-31,-0.0432290932871022,0.017758858093668898,0.09020935108321644,G4,-3.383632135608649
008500,2016-12-31,-0.008660372453110094,0.008510621856494888,0.0401762740956768,G3,-2.998690640212568
008700,2016-12-31,1.237169722761314,0.07069219704531052,0.01685557425867163,G3,17.262292362038217
008770,2016-12-31,0.34588663687801147,0.025241225976845316,0.007490749809126748,G2,13.035273624565203
008800,2016-12-31,-0.04799998360946012,0.061658544023275065,-0.8345888247529679,G1,-1.0519277463854169
008870,2016-12-31,-0.0020803894733615463,0.025042415266545846,0.06575782159381405,G4,-0.7563463396844997
008930,2016-12-31,0.4232707780862002,0.02606223782146042,0.01193520410463106,G2,15.593842371478942
008970,2016-12-31,0.05532001366033912,0.021429323566716736,-0.11331990693912725,G1,1.7947213261422617
009070,2016-12-31,-0.060541953073024686,0.011783421858283571,0.023524734279864228,G3,-6.568745789998315
009140,2016-12-31,-0.03209453025015057,0.013589735684228992,0.11112434893228038,G5,-3.6023423146715636
009150,2016-12-31,0.6492112269614696,0.022453269684737116,0.0037981443772552416,G2,28.16297520093335
009160,2016-12-31,-0.018504700396622012,0.008374488417451505,0.060596813823779246,G4,-4.222950499671694
009180,2016-12-31,-0.127557836605774,0.011455525514023346,0.009446729727394007,G2,-12.606858243153777
009200,2016-12-31,0.037064630792303266,0.010169082274632021,-0.001271327971423659,G2,1.9868342684526799
009240,2016-12-31,-0.09800785790124206,0.01863299284785486,0.06592107709192122,G4,-6.164774949978902
009270,2016-12-31,0.2620627759063888,0.035340572552522716,-0.009037643796388085,G2,6.938269771708493
009290,2016-12-31,-0.0014821514974821953,0.01136197930234584,0.026409347008058984,G3,-1.6143755114960265
009310,2016-12-31,0.15220473831830988,0.02294380377914274,0.07035902826484504,G4,5.898951628543661
009320,2016-12-31,0.10929246191519772,0.015821829105386227,0.0459603118048206,G4,5.842062358857194
009410,2016-12-31,0.5505797454071489,0.016120683394301477,0.0008805587509960577,G2,33.107740081631064
009420,2016-12-31,-0.05908308337437984,0.022724470901009954,0.024444850003776664,G3,-3.341923046549536
009440,2016-12-31,-0.18786783564583784,0.01141993665616993,0.017215733365877305,G3,-17.927261022553704
009450,2016-12-31,-0.14608310580422323,0.02652472266432121,0.06424301331305297,G4,-6.143078573023139
009470,2016-12-31,0.3261155603564737,0.02717998943120336,0.01069914381869216,G2,11.378047496629662
009520,2016-12-31,-0.1682483415617897,0.01048268177126868,0.011696793374677347,G2,-17.65852434054538
009540,2016-12-31,0.2623154411192973,0.02116178627086478,0.015945695010601172,G3,11.598977908915298
009580,2016-12-31,0.154136831208099,0.010230369148669781,-0.001321284177545563,G2,13.41852669857949
009620,2016-12-31,-0.22097934646002132,0.013108548549994206,-0.021512167514918783,G2,-18.1438620151791
009680,2016-12-31,0.08573010728353568,0.015885763787754522,0.1113595276863469,G5,4.335312960291781
009730,2016-12-31,-0.16830089369031656,0.028141319060675813,-0.16267124013111833,G1,-6.579693117491684
009770,2016-12-31,0.020373568301748485,0.013329033578443103,0.12706999049543818,G5,0.263576397397688
009780,2016-12-31,0.0004942896998840207,0.024970754914632232,0.07310916111045829,G4,-0.6554090978192862
009810,2016-12-31,-0.3162642526400658,0.01905067042034583,-0.09799798735211804,G1,-17.486240375805536
009830,2016-12-31,0.3352718081790027,0.018553462438879394,0.08326575302349748,G4,17.161834863847908
009970,2016-12-31,-0.08654832413319408,0.014096338480424145,0.055168925647007046,G4,-7.335853486148145
010060,2016-12-31,0.18628310098359593,0.019935628491463415,0.08009438250426368,G4,8.498490599671557
010100,2016-12-31,-0.00017961835842938978,0.012390017976646656,0.011270667510709497,G2,-1.3752980859992971
010130,2016-12-31,0.05929304489442819,0.017111013665676352,0.1016815749008891,G5,2.4798469613285357
010140,2016-12-31,0.22496724694868322,0.021805088627604545,-0.013325753088601752,G2,9.54396016693447
010170,2016-12-31,1.000226387942462,0.030634590530469265,-0.108071728802452,G1,32.099859056841424
010240,2016-12-31,-0.07878948428566751,0.03152057792805053,0.057683547337449875,G4,-3.034520310964769
010280,2016-12-31,0.08391797318748044,0.023682028298763563,-0.00825303241374802,G2,2.831582780459386
010470,2016-12-31,-0.04092830123336244,0.030458069542514284,0.024716798353995775,G3,-1.8973182395243058
010600,2016-12-31,0.11806994124403147,0.022813346892082722,-0.028807668241515073,G2,4.436420139160125
010620,2016-12-31,0.51336340406351,0.024733185262826023,0.009384813091740024,G2,20.074367661790994
010690,2016-12-31,-0.08996144995442479,0.019304123600563917,0.038582745470665716,G3,-5.533625965887097
010770,2016-12-31,-0.01781593983465203,0.011096631341811828,0.011606413330739812,G2,-3.1249384085008107
010780,2016-12-31,-0.05359014458532865,0.015594137349989904,0.12413865684261972,G5,-4.517755144418033
010950,2016-12-31,0.3360591875061242,0.01551855040545368,0.07384974846284209,G4,20.568856595239627
010960,2016-12-31,0.4016258777743282,0.024197367790854043,0.058301571724856484,G4,15.901131538340694
011040,2016-12-31,0.04709729699358729,0.010090745647529252,0.10686950051461606,G5,2.9965027758519764
011070,2016-12-31,0.5763974509480898,0.025703606704032246,0.0008607026013363802,G2,21.768816638871265
011080,2016-12-31,-0.2663015381803557,0.01695233854076191,-0.03186619986594356,G1,-16.70341157651155
011090,2016-12-31,-0.06805133689612736,0.02610880982051308,0.004736328066758815,G2,-3.252223564774058
011160,2016-12-31,-0.08550433500203117,0.01344854969531429,-0.2801221333548447,G1,-7.611577974690197
011170,2016-12-31,0.025471522685689252,0.01898271206050918,0.13893290281426257,G5,0.4536323897181124
011200,2016-12-31,0.17024019438915283,0.020201837606258134,-0.09993892876695,G1,7.592370938141247
011210,2016-12-31,-0.0274043499261184,0.020265806795012622,0.01722481252712211,G3,-2.1842061371749333
011230,2016-12-31,0.16855297773320865,0.049063825363818606,-0.009318201132809715,G2,3.0917407470376843
011280,2016-12-31,-0.19938832873992088,0.010022832911803973,-0.15447439627745832,G1,-21.57560445167081
011300,2016-12-31,-0.23890486251208135,0.024868155381678286,-0.018105125146367928,G2,-10.284848563833046
011320,2016-12-31,-0.2218207153936547,0.01334038079974219,0.030841696048336028,G3,-17.891623082349867
011390,2016-12-31,0.17382834006732217,0.035934716123659186,0.07484877331723812,G4,4.368143326270103
011420,2016-12-31,0.42480803050760496,0.029939756287436958,-0.029692744927046717,G2,13.625617955628934
011560,2016-12-31,0.5835659465786328,0.02431134907076526,0.03627642910891128,G3,23.310331124723746
011690,2016-12-31,0.15185068356729448,0.02379133189625171,-0.052219175315309924,G1,5.673929248921636
011700,2016-12-31,0.5456482717020811,0.049536756945663805,0.09835077519292747,G5,10.67465766141598
011760,2016-12-31,-0.06406896160023061,0.01146447898190678,0.0022668212017686856,G2,-7.0591355593483796
011780,2016-12-31,-0.052602246892727,0.020124617880153472,0.020341551303801844,G3,-3.4516231292808484
011790,2016-12-31,0.12061024329150091,0.019553831351913433,0.012402482941548236,G2,5.305860103523848
011930,2016-12-31,0.05339371663394221,0.020975860529658538,0.014575495553471745,G2,1.7416862079120286
012030,2016-12-31,0.029055743305394184,0.015606939804786711,-0.10113169276137579,G1,0.7814083867552414
012160,2016-12-31,-0.07611730455026257,0.011902424903971278,0.0017607106316861376,G2,-7.811656444023432
012320,2016-12-31,-0.3788752800539957,0.02052112529651088,0.01618780975584298,G3,-19.284304539168257
012330,2016-12-31,-0.046810626203076064,0.01827262629465838,0.0796430481673013,G4,-3.484500521528128
012340,2016-12-31,0.07926954933617694,0.022325618745616043,-0.20155870434834058,G1,2.7954073925983463
012450,2016-12-31,-0.05775838515474781,0.01969373520529073,0.09828968219597531,G5,-3.7889579618726215
012510,2016-12-31,0.5108830670490775,0.018174750552429182,0.15974929637419466,G5,27.18181556184815
012600,2016-12-31,-0.21760436712291784,0.016856270229266147,-0.18022467438673972,G1,-13.909643923848929
012610,2016-12-31,-0.20566731183840925,0.01692650420855941,0.024875130564098707,G3,-13.146699327096192
012630,2016-12-31,-0.023413030400192797,0.02023952939074387,0.06967774329355006,G4,-1.9898377710778508
012700,2016-12-31,0.1535555754365801,0.015110449054941705,0.07523134104325198,G4,9.046403934734542
012750,2016-12-31,0.06630063336721902,0.015096335331658606,0.07679356243545815,G4,3.274985791630363
012800,2016-12-31,0.20577921462951265,0.01882119683107931,0.014650530801663824,G2,10.03755853969938
012860,2016-12-31,-0.043749437440881986,0.010829283883520273,0.02376447494519279,G3,-5.596841651133188
013000,2016-12-31,-0.02752537397445831,0.05517013858151324,0.010121049367229774,G2,-0.8045244178465957
013030,2016-12-31,0.11121446510344388,0.018017193217636132,0.1706266263972292,G5,5.236893133872578
013310,2016-12-31,-0.3147787092569718,0.016903991886532646,0.03304273680113336,G3,-19.618978826624804
013360,2016-12-31,0.27518572275791775,0.03979598731091501,0.00726171862780479,G2,6.491241719657403
013520,2016-12-31,-0.10680214223714948,0.016778336376353738,0.03638406687059705,G3,-7.37036671059836
013570,2016-12-31,0.038458937115893675,0.01806864144393902,0.03034431660124617,G3,1.1953631119725998
013580,2016-12-31,0.25984876314235716,0.01743206008239608,0.009507288261587568,G2,13.93916796657852
013810,2016-12-31,-0.074997805721306,0.028530693617375993,0.05650983061675617,G4,-3.2196257337294965
013870,2016-12-31,0.22055037888752757,0.019414002079083243,0.039436104895834975,G3,10.491913434821084
013990,2016-12-31,-0.26113684507652973,0.01754580048875351,0.012391588057738948,G2,-15.84408730197689
014100,2016-12-31,-0.5080250443246606,0.018825311026199845,0.019799314324635293,G3,-27.881897581639357
014130,2016-12-31,-0.27457822450482444,0.01891441267478861,0.011568889248133435,G2,-15.408280403210103
014190,2016-12-31,-0.11960894256094373,0.01276788486040331,0.0095389197869573,G2,-10.68848080190023
014200,2016-12-31,-0.21011775429173107,0.05835631579141818,-0.021723438584481256,G2,-3.889520797600795
014280,2016-12-31,-0.02511357477052301,0.01268285311851069,0.05929420570458199,G4,-3.309501736609367
014440,2016-12-31,-0.30092958526577024,0.01729921919426714,0.07110314167751017,G4,-18.370189506670542
014470,2016-12-31,-0.3427773379502254,0.016512847381202636,0.03886527518323274,G3,-21.77926551964429
014530,2016-12-31,0.05575955450965721,0.013306113101432999,0.05832792293929966,G4,2.923408553856222
014580,2016-12-31,-0.05697710270667188,0.011367820303830654,0.0310776455985947,G3,-6.495304322512932
014620,2016-12-31,0.14405245962565322,0.02165355697323819,0.022465249303784778,G3,5.873959189822779
014680,2016-12-31,-0.079167571994082,0.017007110565411113,0.1279810300501031,G5,-5.646339586909739
014790,2016-12-31,0.16593576606564636,0.014510933353199564,0.005549315381709279,G2,10.273316869891529
014820,2016-12-31,-0.0954901183938833,0.016781171679569086,0.06195324168131499,G4,-6.695031204586181
014830,2016-12-31,0.14561519874238182,0.012879304635849458,0.06542652245477798,G4,9.997034213605286
014910,2016-12-31,-1.4276562489336695,0.04889741440073495,-0.02354138346433813,G2,-29.54177876861946
014940,2016-12-31,-0.27263744649205957,0.054733393001765274,-0.11018388753592744,G1,-5.289235332680221
014970,2016-12-31,-0.3541563461359878,0.013866241636210832,0.09116552607871788,G4,-26.756831845296155
014990,2016-12-31,-0.21369301480742303,0.02785539662598281,-0.04714868522234297,G1,-8.276793454188994
015020,2016-12-31,-0.46265378704025084,0.03296423108980817,-0.6957142424304009,G1,-14.546498457197623
015230,2016-12-31,0.328937128830941,0.019484631292036023,0.06546747022508198,G4,16.016560667901725
015260,2016-12-31,-0.5830030131312778,0.03527621962130423,0.051724346865903936,G4,-17.004751904292895
015360,2016-12-31,0.033740906378297596,0.005180143911225504,0.04677279922110984,G4,3.258704201512116
015540,2016-12-31,-0.09045933848133719,0.046191577736416335,-0.15560340921156934,G1,-2.3233605213505957
015710,2016-12-31,-0.1364811515078642,0.013054332416181015,0.06339030307189215,G4,-11.746406960507995
015750,2016-12-31,-0.06268277432263761,0.012735194060473765,0.007151042299472024,G2,-6.245929476635563
015760,2016-12-31,0.026881648429016122,0.014838167923722875,0.11876194376829362,G5,0.6753730534781651
015860,2016-12-31,-0.07926266739617005,0.021882469427299482,-0.013457608478087744,G2,-4.392695137350512
015890,2016-12-31,0.043274820399250694,0.007970700527836619,0.009814845454374794,G2,3.313945952009112
016100,2016-12-31,-0.34507311041005084,0.03044362734245613,0.042600633705648025,G3,-11.888644411162353
016170,2016-12-31,0.17967820958982708,0.013863674158813604,0.13789724097186248,G5,11.744207060432725
016380,2016-12-31,-0.15124286233577727,0.01864940715549882,-0.03123254103895939,G2,-9.01386358206895
016450,2016-12-31,-0.009536746965744192,0.023683186992943563,0.018801473443026448,G3,-1.1145922474014531
016590,2016-12-31,0.20337836282051852,0.015927563790541704,0.06727488590459114,G4,11.710391847931524
016670,2016-12-31,-0.442910468911699,0.024631728335786297,0.016031346148490416,G3,-18.665796094140457
016710,2016-12-31,-0.07565641842567691,0.017298072214056433,0.02624076864653245,G3,-5.348386047368175
016740,2016-12-31,0.15454202931632516,0.02698833117186167,0.04304213474347318,G3,5.101526240700794
016880,2016-12-31,-0.21381447901649048,0.013857730161700518,-0.010721691459703558,G2,-16.645931619044703
016920,2016-12-31,-0.09886295855558369,0.019112695497012378,-0.021733009369123344,G2,-6.054787417296673
017040,2016-12-31,-0.24132000268833856,0.0205186515923214,0.13919004826899922,G5,-12.58271534935102
017180,2016-12-31,0.1234161931014332,0.03314877240242197,0.04553457318521976,G4,3.2144732890107934
017250,2016-12-31,0.22311473662529968,0.05663277309179416,0.0022043139063254585,G2,3.6419616366064087
017370,2016-12-31,0.6810100225035458,0.027044290524244726,0.03486321795772245,G3,24.55785158267686
017390,2016-12-31,0.06400312238206893,0.008348778399389595,0.018465111772051197,G3,5.646667150150499
017550,2016-12-31,-0.30703482360861195,0.01262782002181004,0.03267651121821205,G3,-25.64933398635304
017670,2016-12-31,0.23175682605527625,0.014857077152714735,0.0971284151432475,G5,14.464249878762999
017680,2016-12-31,0.03179498709919232,0.03361596714789161,-0.15664894741372234,G1,0.44427213363038337
017800,2016-12-31,-0.04763222543258647,0.016347587816636002,0.06648562620567729,G4,-3.945082039400682
017810,2016-12-31,-0.1078963236091427,0.013549297540539365,0.004913552936486625,G2,-9.20761189915725
017890,2016-12-31,-0.07784562683443419,0.012608242091450134,0.15955826517418295,G5,-7.51143385397125
017900,2016-12-31,0.08765033377568543,0.014602001764116478,0.01183060726160797,G2,4.8479643591947665
017960,2016-12-31,0.0025535542443945874,0.012401914175848237,0.06393227278471812,G4,-1.153595743616451
018000,2016-12-31,1.2370978361394216,0.03356015581493232,-0.6201145100812676,G1,36.359708614527264
018120,2016-12-31,0.061189152876011205,0.00587319229797549,0.20798277723444775,G5,7.547650575129621
018260,2016-12-31,0.28347141348813953,0.021744169479851656,0.06287481225254651,G4,12.261266823036589
018500,2016-12-31,-0.09331328297081942,0.01309311570508411,0.0005863479332231292,G2,-8.414623005155923
018670,2016-12-31,-0.07748190906702786,0.02423347595643023,0.03580959609483172,G3,-3.8930551641455406
018700,2016-12-31,-0.8357633603893175,0.0560308503437278,0.5034616331464197,G5,-15.217040341332451
019010,2016-12-31,0.15221078888959028,0.012836981617298526,0.18327528502367962,G5,10.543790064858285
019170,2016-12-31,0.02554436182547673,0.020895670709257675,-0.10580547511812159,G1,0.4155890612919978
019180,2016-12-31,-0.057205139958302745,0.021144758131318338,0.05184606104369046,G4,-3.5027825406501605
019210,2016-12-31,0.27672868413521046,0.020094824233941936,0.05487580729844725,G4,12.932102886768234
019440,2016-12-31,0.0638912579943749,0.01296294167444924,0.03538639167118668,G3,3.628104601961304
019490,2016-12-31,-0.03301099655513401,0.023517307498067474,0.0732473606466994,G4,-2.12062312871411
019540,2016-12-31,-0.25102562538662626,0.010646090978586325,0.055148853817659584,G4,-25.16284855876255
019680,2016-12-31,0.017260756029298406,0.008433550402891189,0.050919408800670904,G4,0.047477795213211736
019770,2016-12-31,-0.5081885470503371,0.03884055592374854,-0.004715933017665761,G2,-13.518058230975335
019990,2016-12-31,0.3923033395056962,0.042956446668200074,0.07576461248414858,G4,8.740084876091034
020000,2016-12-31,0.06164436846172802,0.019234624763871704,0.07932029888378248,G4,2.3283021821926035
020150,2016-12-31,1.1061105906671622,0.03474594043745077,0.10182300348157822,G5,31.34899292703468
020710,2016-12-31,0.08967593675875231,0.014097894023653783,-0.08353163807309762,G1,5.1649974802073935
021050,2016-12-31,-0.20406905959849503,0.026733264668757275,0.022357457693368946,G3,-8.264213592552398
021240,2016-12-31,0.1381221772242752,0.01788437844662959,0.10238957542116324,G5,6.780321045866597
021320,2016-12-31,0.2795903585017087,0.01619935397455811,0.014855495602144438,G2,16.21854854607101
021650,2016-12-31,0.09249979907739395,0.044443629441159364,0.015476575073595717,G2,1.7019188211706764
021820,2016-12-31,-0.050662551774560124,0.015273342005737494,0.16295553833013657,G5,-4.420964409724114
022100,2016-12-31,0.12741124143431437,0.017732838719052083,0.043325636865481146,G3,6.234246729215969
023150,2016-12-31,0.021241472683534608,0.005850831255622559,0.16656808144329033,G5,0.7488035189828416
023410,2016-12-31,0.23265002328542553,0.018072862723601636,0.05647861192088911,G4,11.939982997451354
023430,2016-12-31,-0.6566211955133879,0.02138128463175204,-11.729611995439694,G1,-31.49864738078419
023460,2016-12-31,0.0819749973818428,0.01721263456553265,0.040250367755041566,G3,3.782956495334053
023530,2016-12-31,0.2065895051293364,0.022086830427965217,0.008361149681799952,G2,8.590148599989313
023590,2016-12-31,0.24109978453179745,0.020327929687047906,0.1664423987582927,G5,11.03110047770008
023600,2016-12-31,-0.2298623733240116,0.013762931367624832,0.12332453257737142,G5,-17.926611445199697
023800,2016-12-31,0.015680232395364705,0.017719723467400597,0.01849794544915087,G3,-0.06659907854408811
023810,2016-12-31,-0.10348565970336902,0.0099194136254742,0.03960675336306428,G3,-12.132371317257727
023890,2016-12-31,-0.017747193311020096,0.006856457592471673,0.09139424280905309,G4,-5.047437761354858
023900,2016-12-31,-0.05242915694476478,0.007805604950017667,0.09723885605999144,G5,-8.876891290143705
023960,2016-12-31,0.0075614147439709845,0.03682207996752902,-0.07156171051447376,G1,-0.25253692660976174
024070,2016-12-31,0.12520106104001189,0.008076400941201588,0.014087707042152453,G2,13.414479070369627
024090,2016-12-31,0.05900492202244231,0.011203992343597547,0.1620789235684352,G5,3.7615674020141516
024120,2016-12-31,-0.044377035793736086,0.0302121736269238,0.08527690147594458,G4,-2.026910946570014
024660,2016-12-31,0.03396914413670163,0.015604384525230537,0.06205628540803005,G4,1.096409439198899
024740,2016-12-31,-0.15268466918617823,0.014566463488958773,0.026858002681876943,G3,-11.639408492324936
024850,2016-12-31,-0.26139651525021695,0.03741710705239922,-0.08010812181794821,G1,-7.436621556842795
024880,2016-12-31,-0.04280862566169213,0.010917267458760057,0.013029918024324934,G2,-5.465559540190907
024890,2016-12-31,0.012548040743225977,0.01855089709824,0.05811396668722101,G4,-0.2324582409296415
024900,2016-12-31,-0.02549315822309131,0.03228039291698929,-0.0008860151266495145,G2,-1.3120505683544559
024910,2016-12-31,-0.0971122090864059,0.01308850623185356,0.015211755918116155,G2,-8.70783546401804
024950,2016-12-31,-0.17439184198904278,0.016561702011265552,0.04528447292488621,G3,-11.547858517759794
025000,2016-12-31,0.1919084991455455,0.013007941357445955,0.05261305387510016,G4,13.457021728883756
025440,2016-12-31,0.27134520531133194,0.03172249114350674,0.004207383524160712,G2,8.022221663164453
025530,2016-12-31,-0.018164436440074802,0.006634755713032654,0.0835687365145083,G4,-5.278986537759821
025550,2016-12-31,-0.06138811044402674,0.020735122755838612,0.016254524834150925,G3,-3.7737157872548948
025560,2016-12-31,-0.002514678030775347,0.03735815698578269,-0.4070603125656307,G1,-0.5186291092598196
025750,2016-12-31,-0.07555723983966112,0.01065810072929434,0.03181352669752247,G3,-8.671112408986362
025770,2016-12-31,0.0987804214061525,0.015430441381181069,0.08315972291889025,G4,5.308990827424573
025860,2016-12-31,0.16594789830503837,0.013946870893670471,0.013135161806576708,G2,10.689677261037051
025900,2016-12-31,0.19050324956403158,0.014108197012436948,0.08476538229037343,G4,12.307944081062143
025980,2016-12-31,-0.05571626214982931,0.022629060570234335,0.2028296357831356,G5,-3.2072304360546147
026040,2016-12-31,-0.35589871954132035,0.02032552559533766,0.020111245109668642,G3,-18.33945535347803
026180,2016-12-31,0.0074177591155460965,0.013409093395982405,0.003989122387365433,G2,-0.7041930618242024
026260,2016-12-31,-0.469809947271808,0.058104961640135025,-1.6161268213353939,G1,-8.37570980489209
026890,2016-12-31,0.23080134556239712,0.016184408002824256,0.10093979654142075,G5,13.21895715151977
026960,2016-12-31,0.08673337225919599,0.015333557884996265,0.23814909434799722,G5,4.556869523231552
027040,2016-12-31,0.34556886379325275,0.046717221280774664,0.09452343682554122,G5,7.036131540601176
027050,2016-12-31,-0.1735525462481751,0.02413283527867999,0.032789022820428816,G3,-7.890199957845146
027410,2016-12-31,0.1585480534261696,0.022704747405402605,0.03653931898214325,G3,6.240443958522318
027580,2016-12-31,-0.4225014064675374,0.021140008006699802,-0.1335489572383221,G1,-20.783424300437456
028040,2016-12-31,0.16785861737920937,0.04792888628555345,-0.4416659495682624,G1,3.1504647704358004
028080,2016-12-31,-0.20458936521645146,0.009443704788121966,-0.4343669987529455,G1,-23.44945334857719
028100,2016-12-31,0.3904845273857156,0.022087332456223446,0.035179786816623884,G3,16.91576737371432
028150,2016-12-31,0.3435562909511279,0.0202734958606417,0.09638320420007539,G5,16.114435494818387
028260,2016-12-31,0.12359748410182814,0.017365979393154537,0.0007416347507787034,G2,6.146335431766838
028300,2016-12-31,0.16493118280137584,0.035196267072120424,-0.7714800166009984,G1,4.207003908897932
028670,2016-12-31,0.42951934509022693,0.0262171508198778,0.051808818208887365,G4,15.740039727238397
029460,2016-12-31,0.4378811739313968,0.025912469019265034,0.10492275197535149,G5,16.247808109988767
029960,2016-12-31,0.5424491659624132,0.023846672958250045,0.2671566869746768,G5,22.040341528239466
030000,2016-12-31,0.2763021297935723,0.016833404008060868,0.028041918416766787,G3,15.412318270207619
030190,2016-12-31,0.2948758321305247,0.01490398623908574,0.08193464870463114,G4,18.65376671853593
030200,2016-12-31,0.1773926332991299,0.011083492432415538,0.03507983431869929,G3,14.483907904270012
030270,2016-12-31,-0.24810938026632723,0.06873983884287024,-0.7356075450658082,G1,-3.854674878164335
030350,2016-12-31,-0.387844672805641,0.027071162141423282,-0.027514116181498557,G2,-14.949673026291181
030520,2016-12-31,-0.018975503116515934,0.014456905982790447,0.15109066864919168,G5,-2.478805133652021
030530,2016-12-31,0.27879488559175314,0.02226242633857952,0.6746701102704867,G5,11.765767664213932
030720,2016-12-31,-0.06660119897369329,0.014031165704156018,0.004068458498070062,G2,-5.94829755301954
030790,2016-12-31,0.3271171366447584,0.0409437989418504,-0.04216625833695984,G1,7.577625794691026
031310,2016-12-31,-0.16057945441710514,0.025435355090107963,0.024765376973414424,G3,-6.976108783968292
031330,2016-12-31,0.2849396243482596,0.025092242051566634,0.03634042853304955,G3,10.683751342227005
031390,2016-12-31,0.1779410216429118,0.018840901186770447,-0.003269585850853826,G2,8.549520556143488
031440,2016-12-31,0.012896622777249102,0.01806771084513934,0.013366028795965313,G2,-0.21938179701203692
031510,2016-12-31,-0.21738268727205032,0.025224834241872367,0.052329557374471786,G4,-9.286207182823206
031820,2016-12-31,0.043235376875634474,0.03329138756344845,0.024219261492599405,G3,0.7922477600255604
031860,2016-12-31,0.5496115936558926,0.06040497292928736,-0.7072080451846393,G1,8.819658683221402
031980,2016-12-31,0.5093809807323799,0.024549915183145164,0.1203995523326614,G5,20.062009477742397
032040,2016-12-31,-0.22113502424093093,0.026676010397089465,-0.11804781825917127,G1,-8.92170044727706
032190,2016-12-31,0.10184740485099332,0.016992394676591572,0.1262796516496925,G5,5.001476061388827
032350,2016-12-31,0.10182362425403199,0.016217353334211496,0.030167560078736885,G3,5.239034560864328
032500,2016-12-31,0.618202605253451,0.02740354755929531,0.017612602198335457,G3,21.94395650059277
032540,2016-12-31,0.2077153610190516,0.019613894694234944,0.01105264431667229,G2,9.730602429756058
032560,2016-12-31,0.0499934688935931,0.015753296392946998,0.11049756972698668,G5,2.103249911432993
032620,2016-12-31,-0.015836813127029503,0.011984075941526028,0.07427570794708464,G4,-2.7283841438354197
032640,2016-12-31,0.4066846173479532,0.0211901076968765,0.043030042844994246,G3,18.396521304847596
032750,2016-12-31,0.23261368748527322,0.03088278811170785,0.059060643386877325,G4,6.986200114267864
032790,2016-12-31,-0.041839446834795034,0.04302786351977657,-0.11548861702807736,G1,-1.3642275419546437
032800,2016-12-31,-0.1438651817373826,0.040452863409104485,-0.1733903532131205,G1,-3.9731558619793206
032820,2016-12-31,-0.2520638866547146,0.018504189485506906,0.15853311855922764,G5,-14.53315404685488
032850,2016-12-31,-0.027972312905772748,0.01933727136411406,0.11954374645776762,G5,-2.3184585721500732
032860,2016-12-31,-0.10826864286826143,0.04154913011394102,-0.09461659172190677,G1,-3.011591149452884
032940,2016-12-31,0.23220130931353034,0.017295738873073292,1.0976511424107098,G5,12.450520977651452
032960,2016-12-31,0.03113875226539002,0.010902326121700119,0.1880538802300888,G5,1.3096657039657327
032980,2016-12-31,0.00609588238904657,0.022534835588383078,-0.07147385469476474,G1,-0.4776811980315603
033050,2016-12-31,-0.1593139175463629,0.014626551122262424,-0.01079381393565699,G2,-12.044826269985514
033110,2016-12-31,-0.403332435154448,0.027938533458937778,-0.305524029492088,G1,-15.039901268345721
033130,2016-12-31,-0.22993358461627766,0.02091235845996673,0.11898241659886957,G5,-11.801343915325173
033160,2016-12-31,0.21357289927230153,0.021974770291117152,0.12025104509842807,G5,8.951745434238687
033170,2016-12-31,-0.10143333438109381,0.0157368946919728,-0.02723094662106118,G2,-7.5169648362572845
033200,2016-12-31,0.1910360258393638,0.030025496019610555,0.05034840358864786,G4,5.800925855654634
033230,2016-12-31,0.27765647179027914,0.021752723978089954,0.004621210850574551,G2,11.989124782836933
033240,2016-12-31,0.14248979859635325,0.027550767076897624,0.05000505084770947,G4,4.5599256309400085
033250,2016-12-31,-0.10375380199009003,0.03395549857601547,-0.0082126188783703,G2,-3.552124300882323
033290,2016-12-31,0.2598657169038173,0.0199922515380509,0.08810180856133012,G4,12.15497748169884
033310,2016-12-31,0.003064424205597188,0.014094104304665117,0.1070921451728008,G5,-0.9788437169566022
033320,2016-12-31,-0.09846716155185822,0.01780260616573665,0.024194975743009127,G3,-6.478125176086304
033340,2016-12-31,-0.16437606992307763,0.026324168434848347,-0.03295299328160787,G1,-6.884791822464699
033430,2016-12-31,,,-1.4813658389540998,G1,
033500,2016-12-31,0.1005537760687201,0.02823971540320782,0.025876256196679007,G3,2.9636781116024817
033530,2016-12-31,-0.08629266836020105,0.014994402593705625,0.011972919804914266,G2,-6.879435000221511
033540,2016-12-31,-0.1101024825520882,0.011480032413552934,0.015097707709303054,G2,-11.059448930871472
033560,2016-12-31,-0.21112218011335618,0.01860933390531153,0.09784761253322175,G5,-12.250977435502643
033640,2016-12-31,0.25124277690562735,0.024625770180731647,0.07058499870955653,G4,9.517770430533355
033780,2016-12-31,0.1369004693204441,0.014893221680680984,0.26936254271221055,G5,8.06005055479747
033830,2016-12-31,0.004972285901318707,0.030617360754849453,0.06825815535889891,G4,-0.3882785274739265
033920,2016-12-31,0.011073116864998012,0.015880162105401666,0.22757182529496497,G5,-0.3644315937671121
034020,2016-12-31,-0.2467417154964228,0.02067217568145384,-0.015513549437633611,G2,-12.75153951904852
034120,2016-12-31,0.13329554321042972,0.011757141796253067,-0.0006151899592939276,G2,9.903358790585251
034220,2016-12-31,0.039245236283446325,0.02153265369462114,0.035145842107141716,G3,1.0395786302311838
034230,2016-12-31,0.13809418045633737,0.0257229752014617,0.08292661450718453,G4,4.713056318582411
034310,2016-12-31,-0.049865882780685704,0.012792171712254816,0.0674231132042521,G4,-5.2161770442083775
034730,2016-12-31,0.18490637022062764,0.015380501731202026,0.03375470687987851,G3,10.925912789266647
034940,2016-12-31,0.021322771985938804,0.02876979135236895,0.0020475009694099298,G2,0.15510791444171254
034950,2016-12-31,0.2488460999810481,0.007569990793129347,0.22719127801584002,G5,30.645446826864397
035000,2016-12-31,0.21731937072436902,0.015518466120973705,0.03663185861158735,G3,12.917450701077511
035080,2016-12-31,0.15555875367084135,0.01811845055373558,-0.010143957812437727,G2,7.655091897021818
035150,2016-12-31,0.0560168715642935,0.019556456707175776,0.10763001598498027,G5,2.0022298773364353
035200,2016-12-31,-0.3486928210092171,0.036468608267428086,0.07067232354007365,G4,-10.023776283946113
035250,2016-12-31,0.05093720377884239,0.01528944275087861,0.2679192152105551,G5,2.2287832646179675
035420,2016-12-31,0.06254796642642024,0.01958367687133338,0.18870068161791057,G5,2.332943761084427
035460,2016-12-31,0.04872089767116071,0.022167685590420684,-0.04461111297848201,G1,1.4372518904083953
035600,2016-12-31,0.09117006825314439,0.018166366646348315,0.019368155994696948,G3,4.090510780136214
035610,2016-12-31,0.09903973939111227,0.033887241941564,0.04515717941559236,G3,2.4250834541942012
035620,2016-12-31,-0.16777057049615357,0.02267925671378404,0.8025124255165945,G5,-8.140959929885527
035720,2016-12-31,0.47319418261829127,0.02028149077948881,0.04470267119814921,G3,22.500014319925814
035760,2016-12-31,0.21820076869973026,0.015924416463773256,0.014752857877743625,G2,12.64350373575155
035810,2016-12-31,0.1383588988613734,0.01630850411372332,0.023638723633097686,G3,7.450011868886544
035890,2016-12-31,-0.08720678172719598,0.019100651808623373,0.026557911587676453,G3,-5.448354978679964
035900,2016-12-31,0.4001520777604415,0.021939100333294083,0.1157526395439883,G5,17.470713123473914
036000,2016-12-31,0.8158336681469862,0.031206488699767217,0.014586947961396675,G2,25.602794540053345
036010,2016-12-31,0.14671392106065126,0.014236429380635213,0.124309229639871,G5,9.12121768306118
036090,2016-12-31,-0.1215924282838055,0.015606641514077159,0.13118179040730793,G5,-8.871401179380651
036120,2016-12-31,0.06312335715073454,0.03107576363581445,-0.010412945312365189,G2,1.488716674594195
036170,2016-12-31,-0.06180351885441518,0.020954771483853843,0.03413835056457078,G3,-3.753983600602718
036190,2016-12-31,0.0702526069555011,0.008919632943302919,0.10176941386480311,G5,5.985925390039698
036200,2016-12-31,0.1272657686643488,0.01990482192232043,0.04564133907939543,G4,5.546667005857268
036260,2016-12-31,-0.4123783534581338,0.029114502245602344,-0.08168387492147566,G1,-14.743123529557117
036420,2016-12-31,0.1250063259736399,0.017089082439790883,0.0668436000291695,G4,6.328366470482872
036460,2016-12-31,0.04805120204997901,0.013341386395385027,-0.0319098933791756,G1,2.3379018848010222
036490,2016-12-31,0.061496623436900766,0.021516001841791067,0.23936355997204714,G5,2.074561719912711
036500,2016-12-31,-1.887813084374231,0.13759154025552658,-1.013010399011853,G1,-13.842954519495441
036530,2016-12-31,0.05592926826601296,0.014950313187024023,0.0065985342878973246,G2,2.613250848120881
036540,2016-12-31,0.20159725745131904,0.021088650430318177,0.017667262367936896,G3,8.760015649715626
036570,2016-12-31,0.4329091022542721,0.027813893159699427,0.2759188404415877,G5,14.958306994820516
036580,2016-12-31,0.05203013623187046,0.016278716085526508,0.02793387834048482,G3,2.1604766860446976
036630,2016-12-31,0.09412890225086765,0.04656096961954535,-0.009626293374747985,G2,1.6595133914067426
036640,2016-12-31,0.0835725469882124,0.018357834323852178,0.0702741929285686,G4,3.6339905982910072
036690,2016-12-31,0.1158751544565629,0.03145876920034382,0.06806563954816883,G4,3.1474468748488453
036710,2016-12-31,-0.08048260714968136,0.03078971193506665,0.026391518945145142,G3,-3.1615416540862897
036800,2016-12-31,-0.284144214446538,0.01449071637548764,0.09560957222941266,G5,-20.7722348776396
036810,2016-12-31,0.2566603489912589,0.025510512984572808,0.04465815176020701,G3,9.400046149049436
036830,2016-12-31,0.17198793365968568,0.02553337854705525,0.1031393449171852,G5,6.075482088022653
036890,2016-12-31,0.09118527484541039,0.024238432786903272,0.055781725281463426,G4,3.0664080408375525
036930,2016-12-31,0.5001188037612271,0.02536807239254901,0.12161669770718028,G5,19.049868931027564
037270,2016-12-31,0.012194078840981615,0.02948993919352895,-0.07742330049986088,G1,-0.15823263584049557
037330,2016-12-31,-0.25291590045556706,0.018018927299714094,0.021774458349084307,G3,-14.971826325654648
037370,2016-12-31,-0.22258337866864908,0.025187594444595146,-0.0008240901964615527,G2,-9.506415106281795
037400,2016-12-31,-0.16902272159910742,0.024907315955515184,-0.043375349826431354,G1,-7.462990857041635
037440,2016-12-31,-0.03224874004659998,0.012080343561103248,0.015364361269619693,G2,-4.065206378324615
037460,2016-12-31,-0.25420772080576864,0.025492822891984224,0.03492101600831513,G3,-10.63311315520695
037760,2016-12-31,-0.20667570966044968,0.01789050425851146,0.06158551350160705,G4,-12.4946762864133
037950,2016-12-31,0.017937931324712997,0.020262852609842712,0.09035691428681963,G4,0.05318015657084338
038010,2016-12-31,-0.30374870480585625,0.023498173003019415,0.015419667984346432,G2,-13.643999234111053
038060,2016-12-31,0.0705611927692811,0.013860616665709617,-0.015464767707093199,G2,3.8743473262473467
038070,2016-12-31,-0.26340944379466014,0.01668189398980701,0.09262145486301748,G4,-16.800837699619752
038110,2016-12-31,-0.0790766449419113,0.012410213968646862,0.004659551527303636,G2,-7.730486745404709
038290,2016-12-31,-0.3292635242778053,0.015710199721837133,0.048591711617934,G4,-22.031793360783553
038340,2016-12-31,,,-0.5196223068752787,G1,
038390,2016-12-31,-0.0689627473437253,0.008497828818713837,0.04873333191793743,G4,-10.099414665199674
038460,2016-12-31,-0.05888699646622335,0.02566127682036014,-0.008020372533789299,G2,-2.951815166752483
038540,2016-12-31,0.42698917783505036,0.020929993276079875,0.20419452124844828,G5,19.59526803352689
038620,2016-12-31,0.2371384012776081,0.048889943971061715,0.050462422594372294,G4,4.505590183487273
038680,2016-12-31,-0.05383643378987932,0.01902448729435927,-0.010444683080437585,G2,-3.7160940185331794
038870,2016-12-31,-0.20772477936223838,0.03656521958365845,-0.5181863123694801,G1,-6.142042399027695
038880,2016-12-31,-0.14653187301578546,0.01680383269734709,0.008603107739565637,G2,-9.723509249882659
038950,2016-12-31,-0.06434567939072887,0.01973416026403505,0.002887549661994939,G2,-4.114997950486609
039020,2016-12-31,0.07424474928457019,0.014539420502046676,0.023795248553641752,G3,3.9468147734046686
039030,2016-12-31,-0.016529581513108904,0.027087904930886687,0.06318301715073386,G4,-1.2326509284734695
039130,2016-12-31,0.2805259354352925,0.019338536519165395,0.012639734237526004,G2,13.634205748901314
039200,2016-12-31,0.07794436816849537,0.030516589965567793,-1.2382582140672709,G1,2.001665932762065
039230,2016-12-31,-0.0421999024568108,0.03431504870987847,-0.6692715117478912,G1,-1.7211181195309926
039310,2016-12-31,-0.07652410486166475,0.02372265541003359,0.03568018030141538,G3,-3.9365093366620783
039340,2016-12-31,0.0233331616518707,0.01912108222349578,0.16000146935635154,G5,0.33851703192653715
039420,2016-12-31,-0.05134713062270524,0.023770507436678107,0.04589860965156792,G4,-2.8694162484646886
039560,2016-12-31,-0.1764997893144991,0.021161430854418205,-0.1849452933463858,G1,-9.137384910079362
039570,2016-12-31,0.012185383841690642,0.017715888529952793,0.09984183121767691,G5,-0.2638854834040579
039670,2016-12-31,0.26884424056916734,0.03534404239857523,-0.2986618071311794,G1,7.129458709821362
039740,2016-12-31,-0.1748243786863508,0.02352644571916414,-0.08677521926512488,G1,-8.147628019329675
039790,2016-12-31,-0.4393654191521007,0.048664401322323386,-1.300759029822686,G1,-9.374938484924296
039830,2016-12-31,0.021742350270490193,0.010340231082411151,0.04393763738421603,G3,0.472136510415603
039840,2016-12-31,-0.06446132031326936,0.02888773640093766,0.23777959375798408,G5,-2.8150931881592287
039860,2016-12-31,-0.07376943130760058,0.01384469047956089,-0.6664426740015991,G1,-6.546176029846837
039980,2016-12-31,-0.16278329643152573,0.022999447236461825,0.02817063933256311,G3,-7.810781025949181
040160,2016-12-31,-0.017376500974479153,0.01621712176095091,0.1265164546051829,G5,-2.111154564262288
040300,2016-12-31,-0.038057527901128575,0.01019598214602707,0.02650343123883374,G3,-5.386227316303934
040350,2016-12-31,-0.24313723379824384,0.031074372096711843,-1.2180085139958543,G1,-8.366945682423147
040420,2016-12-31,-0.03394622758723878,0.006633588644295854,0.08726286894659067,G4,-7.658988213156149
040610,2016-12-31,0.14518573325931497,0.039895167310350525,0.021443375363706548,G3,3.2165646182331513
040910,2016-12-31,-0.18387444533122654,0.023643265525227792,0.04483899199955091,G3,-8.490146793275596
041020,2016-12-31,-0.5602931067368444,0.05748441417888079,-1.980869484113153,G1,-10.040172882186813
041140,2016-12-31,-0.15376569945392093,0.01703189612365455,0.25901205890549667,G5,-10.018030163259308
041440,2016-12-31,0.24364476224928758,0.020092530489357028,0.051830821283047813,G4,11.287001043450708
041460,2016-12-31,0.06203683814324987,0.021123944588407956,0.17820400923904992,G5,2.1386388467280595
041510,2016-12-31,0.16822238001538792,0.022235014854162388,0.012077378281450455,G2,6.807372576893213
041520,2016-12-31,-0.010250431611708716,0.01183655210651192,0.009395472197157785,G2,-2.29042892035623
041590,2016-12-31,-0.3105515879280521,0.024563239888560698,-0.2940114574160116,G1,-13.329346579026824
041650,2016-12-31,0.02191931596671057,0.01014998271213354,0.05318063365663539,G4,0.49842117566499095
041910,2016-12-31,-0.025459622801851864,0.02752383386652718,0.0955786890913527,G5,-1.537575493931043
041920,2016-12-31,-0.15002544279645016,0.01932393123094023,0.14897840370569662,G5,-8.636223677902198
041930,2016-12-31,-0.00461708638189328,0.010504077774746285,0.0629866710663256,G4,-2.044676028949308
041960,2016-12-31,0.1823762469867935,0.022758097952797134,0.006044121468544258,G2,7.2728352641658605
042040,2016-12-31,-0.42275752097155594,0.025634852051581263,-0.13943910777025023,G1,-17.149225973191765
042110,2016-12-31,0.04220249029386823,0.010444098288310912,0.05213810091309943,G4,2.4264555870640976
042420,2016-12-31,-0.06266195272358221,0.011749487230212036,-0.0415792319156615,G1,-6.7681508831680945
042500,2016-12-31,-0.01772542314993597,0.029925198113578636,0.025396194524054044,G3,-1.1557408131106817
042510,2016-12-31,0.16942090868726992,0.023168451515382524,0.10220592108338679,G5,6.584840550764854
042520,2016-12-31,0.03600484012086378,0.015863018966357965,0.16427891892521443,G5,1.2068629881307882
042600,2016-12-31,0.14672747929048893,0.01696425325698524,0.09919923582227826,G5,7.655340183433356
042660,2016-12-31,,,-0.21760195471231072,G1,
042670,2016-12-31,-0.05019280359834023,0.023447529285742327,0.02024327419269447,G3,-2.859710822046513
042700,2016-12-31,0.35450992790236846,0.024538439304383097,0.18912508835520256,G5,13.760026628576467
042940,2016-12-31,-0.09293154226888173,0.031824123799375506,-1.2853661185552807,G1,-3.4499580447643257
043100,2016-12-31,-0.30549784744891373,0.017477943831225976,-0.337684319006496,G1,-18.44371398672997
043200,2016-12-31,0.5977992425514991,0.04157815737800484,0.030803142881242185,G3,13.972213525952704
043220,2016-12-31,-0.029292431632252758,0.03675935951422553,-0.3069235366237649,G1,-1.2555382327796463
043260,2016-12-31,-0.050733790015827715,0.019652872854373563,0.008012798247787755,G2,-3.439402481614026
043290,2016-12-31,-0.1190093931312392,0.024146615847598966,0.10861138637180177,G5,-5.626864801226343
043370,2016-12-31,0.2198909808926912,0.022906643456446253,0.04359660011399015,G3,8.863395094457013
043580,2016-12-31,-0.49599676483299354,0.056615488462228324,-2.701665496386329,G1,-9.058600895504092
043590,2016-12-31,-0.05149561591470478,0.01326447486583698,-0.004292642994778013,G2,-5.153311100246198
043650,2016-12-31,-0.05863033814802149,0.014997293911672043,-0.03960742476769998,G1,-5.033620614690927
043710,2016-12-31,-0.2585461721428448,0.034833980613411086,-0.1337842890164616,G1,-7.906260408469164
043910,2016-12-31,0.16644980937352238,0.06816643229146381,-0.9595954569525684,G1,2.1944739469943655
044060,2016-12-31,-0.3651790687817024,0.03797051808109353,0.14351190711590375,G5,-10.061475000581545
044180,2016-12-31,0.3105411623320549,0.0666249079547756,0.0005454190727955341,G2,4.407973259506087
044340,2016-12-31,0.31736309638078547,0.02537336307045356,-0.0651360359553964,G1,11.843236779296367
044380,2016-12-31,-0.14261349738596996,0.02473503553457409,0.018423294998535098,G3,-6.447285948443881
044450,2016-12-31,0.2008474576035183,0.011253891999227794,0.09403645408392021,G5,16.34875365480611
044480,2016-12-31,-0.1390220694335655,0.023679322492705553,-0.06930541391420535,G1,-6.583060775152452
044780,2016-12-31,0.06185056997886401,0.02236681946205974,0.02508296406514176,G3,2.011471519445584
044820,2016-12-31,-0.35051835202010834,0.02749884894975719,0.09177860790289222,G4,-13.359784707414159
045060,2016-12-31,-0.0530263758904678,0.020051738354738623,0.03945754942500945,G3,-3.4853200408084226
045100,2016-12-31,0.14670852570710538,0.01691224298807335,0.09808935783268691,G5,7.677761970918094
045300,2016-12-31,0.008797284652909493,0.011703221720092834,0.1175800931630152,G5,-0.6889611416655436
045390,2016-12-31,-0.026957581113459875,0.01704653674780256,0.10952479995287766,G5,-2.5704887398584355
045510,2016-12-31,-0.1619607370686384,0.01823033666387444,0.012580673568453899,G2,-9.808984332875381
045520,2016-12-31,0.34217866998293694,0.045107392801695435,0.059909243283811975,G4,7.212084319809317
045890,2016-12-31,0.020795676641427695,0.016188571158633498,0.03496057094363069,G3,0.243092917374571
045970,2016-12-31,-0.08976991246594211,0.01651217574958314,-0.004776926782304553,G2,-6.457674853599091
046070,2016-12-31,0.1051952823528271,0.019195157411690505,0.0375439963515456,G3,4.601938437278898
046110,2016-12-31,-0.0792940275508113,0.01878474515595651,0.03624442996196788,G3,-5.118748026808927
046310,2016-12-31,-0.15816943371254266,0.054258923987591655,-0.03243921062510467,G1,-3.22582481368262
046390,2016-12-31,-0.19159702669375434,0.015459097690089697,0.16780932090233522,G5,-13.484446539058933
046440,2016-12-31,-0.10669485370719514,0.01742362284172353,0.07905644368736943,G4,-7.0912464347927076
046890,2016-12-31,0.3243378181145514,0.021728792496052248,0.03936428276139748,G3,14.150692843151095
046940,2016-12-31,-0.06149280205379372,0.02446530522011907,0.03228448883374757,G3,-3.202623102355967
046970,2016-12-31,0.37995150948741696,0.036600065722206136,0.0025352017726757944,G2,9.920505678676179
047040,2016-12-31,0.5025459686942124,0.018536414418789997,-0.06797515180236839,G1,26.20170266324715
047080,2016-12-31,-0.13596143964420493,0.03716127145769188,-0.23739247644336675,G1,-4.112393987071789
047310,2016-12-31,0.21240394167646023,0.022275052248905476,0.008811680939452783,G2,8.778591845310665
047400,2016-12-31,-0.10394318909108931,0.015253832535226781,0.062075135920190795,G4,-7.919553231127888
047440,2016-12-31,-0.8416190956267142,0.04474097529916981,-0.17736008286807725,G1,-19.18776780203523
047560,2016-12-31,-0.11708610944015234,0.02066926400510952,-0.04611153737067003,G1,-6.480465828748906
047810,2016-12-31,-0.22501790426399315,0.021668751878640126,0.0898748307640927,G4,-11.162537430352561
047820,2016-12-31,-0.22105683813181323,0.023456399667976437,0.04610768710776044,G4,-10.142954210785229
048260,2016-12-31,0.026237483797857175,0.0226013582073441,0.05900664541938593,G4,0.4148925060822462
048410,2016-12-31,0.30147395959351087,0.042331246030594134,-0.22354366807607426,G1,6.7234876511185595
048430,2016-12-31,-0.34383579403464487,0.04015152495747571,0.046353032503968064,G4,-8.983373460086662
048530,2016-12-31,0.14017501574167598,0.0342236190121534,-0.05971058211133147,G1,3.6032035667395426
048770,2016-12-31,-0.11262346599407891,0.032821540723543166,-0.04907078962093292,G1,-3.9450864520673985
048830,2016-12-31,0.035442304202549735,0.04076497659257076,0.027970237379984032,G3,0.45583135586999396
048870,2016-12-31,-0.1038133215214112,0.05763081583631751,0.6049491627189756,G5,-2.093908778152595
048910,2016-12-31,-0.3178006744167521,0.02745940159512388,0.005057485795738889,G2,-12.187484235873859
049070,2016-12-31,0.17421845277003134,0.019912521983306813,0.0569165276075158,G4,7.902469775129394
049080,2016-12-31,0.22880984809070298,0.020635111725697958,-0.13715049992895598,G1,10.271303652618553
049120,2016-12-31,-0.6904524801103477,0.06950398732123136,-0.02847540409655286,G2,-10.176579172237428
049180,2016-12-31,-0.5909184917092238,0.06007314525148555,-3.8203500352010513,G1,-10.117313465363189
049430,2016-12-31,-0.1533642938818769,0.01577255004927726,0.18501601293273712,G5,-10.792461776973512
049470,2016-12-31,-0.17823968876523716,0.016644925823060257,0.020875187941139715,G3,-11.721292151707326
049520,2016-12-31,0.31871708262962917,0.016345846276531264,0.0373569609347781,G3,18.466877020168344
049550,2016-12-31,-0.27282292848332573,0.01834381560517638,-0.07507342212459785,G1,-15.791876912016638
049630,2016-12-31,-0.09174872817558455,0.04061327322904484,-0.03523742498485563,G1,-2.674226162796987
049720,2016-12-31,0.2303631486315444,0.014024698148914879,0.04379149177130947,G3,15.223343612405229
049770,2016-12-31,0.11640978763702985,0.020389498144674806,0.023969150940990037,G3,4.882387848897588
049800,2016-12-31,0.6949491683649884,0.03268483590624895,0.06482695394003657,G4,20.746281873943758
049950,2016-12-31,1.5228235264454963,0.0451247802035278,0.09102575570384742,G4,33.37330774804333
049960,2016-12-31,-0.27227895503413757,0.024161588546086906,0.31743033289275585,G5,-11.966899615601427
050110,2016-12-31,-0.052236783547225586,0.02692875108214621,-0.0768340988921497,G1,-2.565924167325632
050120,2016-12-31,0.07170124914412987,0.024615835577062373,0.6282132908536067,G5,2.227870726634293
050320,2016-12-31,0.081236410759005,0.05205482164621197,-1.6193732488438015,G1,1.236697371593819
050540,2016-12-31,-0.428704663539538,0.04687097049975485,-0.13446718274230335,G1,-9.506204126757266
050760,2016-12-31,0.0849004066971192,0.020033285158905585,0.033479156629014815,G3,3.396350449118579
050860,2016-12-31,-0.0586538354603897,0.015357301087661495,0.036910822937471215,G3,-4.91715208809767
050890,2016-12-31,-0.3210982933394046,0.03197481380236068,-0.24508791064296617,G1,-10.569526536689416
051160,2016-12-31,-0.24457089258841935,0.03056300323317248,-0.09036638187688001,G1,-8.553846630982152
051170,2016-12-31,-0.7630941628650196,0.04263918189895582,-0.8524089755370928,G1,-18.291967101143406
051360,2016-12-31,0.07173027661389705,0.014285586465711847,0.03557183991824016,G3,3.84092925377938
051370,2016-12-31,0.35786273868969387,0.03056148989410354,-0.09680733970609758,G1,11.157911156194528
051390,2016-12-31,-0.053659101636128206,0.00997247106059818,0.08723850982062605,G4,-7.071411975824564
051500,2016-12-31,0.1018199346630006,0.019761401825259265,-0.0025124781502472463,G2,4.299269139097945
051600,2016-12-31,-0.16171177896376507,0.018402170560631433,0.07217898347154447,G4,-9.703862271342157
051780,2016-12-31,-0.7060738486790177,0.042555977119321325,-1.1726393860271882,G1,-16.987841597488305
051900,2016-12-31,0.1724626841659927,0.019520971704175213,0.09504991393404597,G5,7.971034273993763
051910,2016-12-31,0.2496019323728323,0.017199746177613308,0.06200569467613998,G4,13.531687056255073
051980,2016-12-31,-0.5292331644180697,0.04894158778200809,-0.20721544945562384,G1,-11.158066969563546
052020,2016-12-31,0.29463881998831626,0.02933916165604825,-0.41059247661816695,G1,9.467839387997738
052190,2016-12-31,-0.509158327586293,0.04739394503897629,-2.382929387783568,G1,-11.098858236090082
052220,2016-12-31,-0.09559911368075182,0.009373163554818036,0.026385013827493715,G3,-11.998026351870767
052260,2016-12-31,-0.07730554025988637,0.016403173096716014,0.1270487332143234,G5,-5.74071183392489
052290,2016-12-31,-0.09776111912049529,0.03773400070804267,-0.447676769180102,G1,-3.0376177086998983
052300,2016-12-31,-0.19366812771141584,0.035476777979285855,0.4445320067986198,G5,-5.93426149028214
052400,2016-12-31,0.12513140488549584,0.02571613440819951,-0.0036024199373384364,G2,4.210238347510904
052420,2016-12-31,-0.3407542853037774,0.04857418764610467,-0.5524774942828631,G1,-7.362236041075725
052460,2016-12-31,-0.1651344937259076,0.012302202348772218,0.02723422674840172,G3,-14.793679880775223
052710,2016-12-31,0.25775794599614005,0.026411544403391905,0.05521147926521398,G4,9.120920483349437
052790,2016-12-31,0.23019116428553857,0.04818405964574324,-0.031268408613337524,G2,4.427414713571886
052860,2016-12-31,0.39721299736898574,0.02454740244650943,0.04846599469693655,G4,15.494618974347778
052900,2016-12-31,-0.1981800151293684,0.027155538151001392,0.04117208515737254,G3,-7.91884011224385
053030,2016-12-31,-0.5214706944149423,0.027840724409057084,-0.03583481033094792,G1,-19.33610046045222
053060,2016-12-31,-0.3780257702796225,0.024360117954714742,-0.020544423081060418,G2,-16.210353359703028
053110,2016-12-31,-0.10618853591085492,0.03384584507299029,-0.22018523679054955,G1,-3.6355684219390407
053160,2016-12-31,-0.41560354841893676,0.0377652116843067,0.08105963590929884,G4,-11.451382867502803
053210,2016-12-31,-0.027182142272462788,0.010678095025683757,0.10354561504675373,G5,-4.124564523623185
053260,2016-12-31,-0.2937645412762019,0.01940537740323144,0.0347143323886143,G3,-16.00715536070045
053270,2016-12-31,-0.14277223514830242,0.016839623588340735,0.017143779655337556,G3,-9.479581533471865
053280,2016-12-31,0.1625565095097512,0.020474864610036916,0.0016213413784390755,G2,7.115854616590741
053290,2016-12-31,-0.01899231769926389,0.028476639960555696,0.09836299858740054,G5,-1.2590202846710394
053300,2016-12-31,0.037526444676105886,0.023348827402182328,0.16782948113077847,G5,0.8851020511558821
053350,2016-12-31,0.08736311013051369,0.013675194057404007,0.06568912649247145,G4,5.1555217559777535
053450,2016-12-31,0.07741476364635201,0.01924269762152529,0.02886646510089539,G3,3.146877594140695
053610,2016-12-31,0.35750748788056697,0.023872960553157577,0.12976911664242313,G5,14.26916186083009
053690,2016-12-31,0.31416906119890964,0.01851705419885132,0.05307991105281403,G4,16.055940019174493
053700,2016-12-31,-0.2097638364738269,0.016601182855132623,0.02495554740922446,G3,-13.65108667868872
053800,2016-12-31,0.09002050028433772,0.051219746301169766,0.10230639661583706,G5,1.4283583171968435
053980,2016-12-31,-0.010312153440910583,0.018224787448353548,-0.06111058088278799,G1,-1.4909640602538288
054040,2016-12-31,-0.11406410087920607,0.019011017485739055,0.029226688055733127,G3,-6.886767140568226
054050,2016-12-31,-0.06829203336089293,0.011831737863964832,-0.07321750821246525,G1,-7.196946381865485
054090,2016-12-31,0.033562083322069766,0.016599177700701163,-0.008452666233018583,G2,1.0061783765960064
054210,2016-12-31,-0.13571959306407183,0.014628156372028108,0.022554119816071014,G3,-10.430565467989124
054340,2016-12-31,0.5514202078332067,0.031987556482561595,-0.30960019731278193,G1,16.711493998432758
054450,2016-12-31,0.18627767200237258,0.02131284651793957,0.10415589924215815,G5,7.94907063256051
054540,2016-12-31,-0.5829845148887718,0.02075084597591361,0.035565887123176425,G3,-28.907007706355053
054620,2016-12-31,-0.6048785021271434,0.030752392913024656,0.04952172538830586,G4,-20.217576353681608
054630,2016-12-31,0.24994079448653578,0.03545919845664516,0.07514552768325265,G4,6.573201171514528
054780,2016-12-31,-0.14924060344582862,0.0184992613924315,-0.07382128004548477,G1,-8.978788372823047
054800,2016-12-31,-0.13273137333967538,0.013611311532243958,0.04726550756325934,G4,-10.990250471870828
054940,2016-12-31,-0.1788148212168557,0.014089660164454265,0.02033566031028,G3,-13.88785595843251
054950,2016-12-31,0.323509382470566,0.022503637738336194,0.11307474816499392,G5,13.626642784860632
056080,2016-12-31,-0.03611737636579382,0.019283898114098873,-0.05772894169388698,G1,-2.747251914663991
056090,2016-12-31,-0.023701097986592395,0.023937789616038464,-0.17765097070454422,G1,-1.6944525074180457
056190,2016-12-31,0.19866681022130425,0.02543425987588404,0.06028694655334108,G4,7.148093219859633
056360,2016-12-31,0.08671395440692146,0.03175701307460291,0.11277362528518704,G5,2.1996276725545063
056700,2016-12-31,-0.11124916900131811,0.02846315743792992,0.01808602440067163,G3,-4.500889226047332
057030,2016-12-31,-0.6116915113045858,0.052575503192287425,-0.11933232688635285,G1,-11.955222923042626
057050,2016-12-31,0.23621106047735868,0.018003561231784426,0.13354029937742504,G5,12.183740094696146
057540,2016-12-31,-0.06056337176636242,0.020370008800129586,0.03894017768893201,G3,-3.8008683342453695
057680,2016-12-31,0.6622805689441911,0.03762542589911252,-0.3641163807909054,G1,17.153831587832343
057880,2016-12-31,0.013810846331618443,0.0334334421358834,-0.31146826638708297,G1,-0.09121116833669451
058400,2016-12-31,-0.06304869678073594,0.033523666368422585,0.11146708209154912,G5,-2.3836607115967308
058420,2016-12-31,-0.026065309966987492,0.02195806018513289,-0.2171731520208563,G1,-1.9548930668475324
058530,2016-12-31,-0.35757294969959474,0.031419715166496644,0.0011556669188243736,G2,-11.917144931638616
058610,2016-12-31,0.2641826315000826,0.016049298216191752,0.10202797905709843,G5,15.410161772694549
058730,2016-12-31,0.26523012751902353,0.012257665906683576,0.0783489932169643,G4,20.26240393232194
058820,2016-12-31,0.20172521713878078,0.023294017431286982,0.0524083789888059,G4,7.93615219159804
058850,2016-12-31,-0.027815254697832137,0.012654940382043331,0.008236181863922219,G2,-3.5302895943764394
059090,2016-12-31,0.34954343154136275,0.028639818754494947,0.03982841320893104,G3,11.61610290703391
059210,2016-12-31,-0.3320278702404803,0.016356725182316217,0.011381887522374668,G2,-21.329955477152865
060230,2016-12-31,0.0760474898916184,0.032175343785158676,-0.18729478922446716,G1,1.8395185032512271
060240,2016-12-31,-0.0043334800526521056,0.030364963896208155,0.026583296030290474,G3,-0.6979698634072257
060250,2016-12-31,0.41224539357493056,0.023374367011972923,0.03737239596874167,G3,16.91532625127581
060300,2016-12-31,0.05128159650955855,0.020151127726338147,0.016928868378693052,G3,1.708154864912065
060310,2016-12-31,-0.3077001680807956,0.018082711960848895,-0.1433483856640739,G1,-17.948663808495944
060380,2016-12-31,-0.059980409412435536,0.02145707667651658,0.027332657727801548,G3,-3.581138298623994
060540,2016-12-31,-0.2249066576840228,0.01699834751587956,0.04798071381532219,G4,-14.222971209908371
060560,2016-12-31,-0.11459959341343054,0.0225198353860871,0.1653342154742345,G5,-5.837517939629211
060570,2016-12-31,0.4407844320934177,0.0629117614151811,-0.19085319047703034,G1,6.738391564741214
060590,2016-12-31,-0.30855537393516524,0.014843853283561352,-0.0222425907284557,G2,-21.92259094516197
060720,2016-12-31,-0.4577088139178167,0.020233201614038097,-0.04892059849292162,G1,-23.45497131995676
060980,2016-12-31,0.11154597162048359,0.01934505908708403,0.08031302256571213,G4,4.894563596001213
061040,2016-12-31,0.12606286187954419,0.027561031739772278,0.03029952668636013,G3,3.962206976149175
061250,2016-12-31,-0.1771109584383844,0.013000103308581342,0.05722481793900884,G4,-14.92075128054513
062860,2016-12-31,-0.09879376649790358,0.021090195557164713,-0.006141999571302953,G2,-5.483785858446603
063080,2016-12-31,0.18582975828461132,0.029471846102261095,0.1638222600791145,G5,5.733248200603839
063170,2016-12-31,-0.13057714272283633,0.020329028157223514,0.13027044026930007,G5,-7.25255979936242
063440,2016-12-31,-0.034739286695281396,0.0341056622270603,-0.31385392939164924,G1,-1.5129345972555421
063570,2016-12-31,0.5872493578207238,0.026762451094724915,0.061313474701329765,G4,21.31303318038766
064090,2016-12-31,0.5932885665180936,0.050500736188220055,-0.2882483532865819,G1,11.414253739180207
064260,2016-12-31,0.0686136912744339,0.03069694621207808,-0.02929828080662424,G2,1.6859443042487818
064350,2016-12-31,0.05654873444765125,0.01844837974553452,0.007753897266274094,G2,2.151320893473493
064520,2016-12-31,-0.03340282157880756,0.026231947603797868,0.006883430818333946,G2,-1.9161052007392727
064550,2016-12-31,-0.32504294473570416,0.028792147194254294,-0.6643551910117698,G1,-11.874880052512491
064800,2016-12-31,-0.02564993239044408,0.0341938389426758,-0.003781831845140811,G2,-1.243214665427301
064820,2016-12-31,0.18227522746396163,0.03695571708806341,0.06411473338777962,G4,4.476029444089465
064960,2016-12-31,0.10790151355837947,0.018653514056314317,0.029765924093988674,G3,4.88064413135132
065060,2016-12-31,-1.0601296596805057,0.05552377357342471,-0.04815840639394795,G1,-19.396916672218655
065130,2016-12-31,0.002319454698397217,0.017380101006896038,0.06452679666456185,G4,-0.8366404168872734
065150,2016-12-31,-0.306035004281383,0.024701122665211284,-0.013580216424061656,G2,-13.072092240831385
065160,2016-12-31,-0.2807144349635794,0.024870804001589628,-0.021769197106446113,G2,-11.964823678193493
065170,2016-12-31,-0.02611895413980367,0.03406620687948495,-0.0674160743300101,G1,-1.2616404268957786
065350,2016-12-31,0.22084922035191587,0.01640902273606861,0.002537392059493141,G2,12.431506371990032
065420,2016-12-31,-0.7870335255964127,0.03914438345524551,-0.01907330490584629,G2,-20.536633976260447
065440,2016-12-31,-0.12306007202735494,0.021686038331100787,-0.01977169234514314,G2,-6.452096945574392
065510,2016-12-31,-0.02118014363096339,0.019756564649273653,0.1698987898589113,G5,-1.9254609268677478
065560,2016-12-31,-0.1708865014473247,0.04020149918368214,-2.8458988975374373,G1,-4.670145514719539
065620,2016-12-31,0.31413182058366473,0.02427546957139665,-0.9761601499949851,G1,12.245755743632852
065680,2016-12-31,-0.11004421307203884,0.01668765681400538,0.06416463702874109,G4,-7.6046963415428
065690,2016-12-31,0.12323206655248188,0.014980996651560026,0.03971894306259547,G3,7.1004432733155545
065710,2016-12-31,0.1236009646720437,0.017330085615063506,0.14751014693261424,G5,6.159266456763141
065770,2016-12-31,-0.23116622908712037,0.020999454224941014,-0.16138295847545941,G1,-11.811096425681828
065940,2016-12-31,-0.2019106395830747,0.041893863062522435,-0.32234594668551064,G1,-5.222029510788498
065950,2016-12-31,-0.06667848451848,0.01733798948832818,-0.01037421156239904,G2,-4.818253824935552
066110,2016-12-31,-0.09282922915730106,0.03968041967518356,-0.1890693051253477,G1,-2.7643250677676527
066310,2016-12-31,-0.17068003419413266,0.0208753399646726,0.06442582382854584,G4,-8.9838241754078
066430,2016-12-31,,,-0.7277805394750673,G1,
066570,2016-12-31,0.29604213686448094,0.021651792401066895,0.002281411756342443,G2,12.89416515929529
066590,2016-12-31,-0.2074595307957894,0.027144890199404467,0.021749435634341074,G3,-8.263797672353835
066620,2016-12-31,0.1692579596203068,0.0163089640106662,0.053314797952019155,G4,9.344407766813873
066700,2016-12-31,-0.01793651515023748,0.017134944248104682,0.02008965019783951,G3,-2.0307544802450144
066790,2016-12-31,-1.2542102590267983,0.051306671872242,-0.10089195174616215,G1,-24.773982842664644
066910,2016-12-31,-0.3900770986609082,0.018953869133925716,0.013658684274972858,G2,-21.46988804427675
066970,2016-12-31,0.6388115553535179,0.02629560897746906,0.020920875908354574,G3,23.65228378000587
066980,2016-12-31,-0.11036501778586133,0.015284159674535893,0.06930798300553213,G4,-8.324001459378511
067000,2016-12-31,-0.29703446891830254,0.03516834656178038,-0.07349269064470693,G1,-8.925492644848454
067080,2016-12-31,-0.04853293011482758,0.021934526035667756,0.026390847506068935,G3,-2.9812944058531805
067160,2016-12-31,0.006500546075461147,0.021063044529299132,0.12587182428114593,G5,-0.4918473946384052
067170,2016-12-31,0.365302894529289,0.026977370322616108,0.020094546998413808,G3,12.91610489502853
067280,2016-12-31,0.18765478276053885,0.01889872079187118,0.06918933762883435,G4,9.037354167571609
067290,2016-12-31,-0.050973631479756726,0.02005758996764838,-0.005985741113394132,G2,-3.3819607061226336
067390,2016-12-31,0.1821702624435334,0.019398821673181094,0.07040499644435733,G4,8.521647117449666
067570,2016-12-31,-0.15621651960426375,0.013372417914947282,0.05459090090229837,G4,-12.942825325639376
067630,2016-12-31,0.25917178648477096,0.04274481422434971,-0.029627928425517397,G2,5.668791436608652
067770,2016-12-31,-0.00293691200917268,0.011016261567867726,-0.013759859886933663,G2,-1.7970943715849166
067830,2016-12-31,-0.04461271439746281,0.007599355743660585,0.14804226193616124,G5,-8.089246788991757
067920,2016-12-31,0.21236353542563788,0.016062471279538377,0.06003736070400298,G4,12.171426324935155
067990,2016-12-31,0.5367036378438326,0.0228453194216402,-0.004382848917335097,G2,22.75491441371846
068240,2016-12-31,-0.0610001431338101,0.028227161341774342,0.09117129398983848,G4,-2.7583536240653195
068270,2016-12-31,0.02449352645814823,0.014226339506506067,0.22281971820541085,G5,0.536552414224878
068290,2016-12-31,0.0097014220943339,0.01627399476325154,0.06065651148207692,G4,-0.43989983161241897
068330,2016-12-31,-0.19240718321825767,0.021999748984262532,0.20132459450738732,G5,-9.512269118084317
068400,2016-12-31,0.24319207128087894,0.027391167491440355,0.010546770458036373,G2,8.262945407539025
068760,2016-12-31,-0.16713958462724982,0.013811927699719792,-0.2013714293898167,G1,-13.321814179590032
068790,2016-12-31,0.11566427087896285,0.027583039519548505,0.14512338919661083,G5,3.5820534266569646
068930,2016-12-31,-0.003779997893365479,0.015906692485430637,0.09555601732348377,G5,-1.297588896159284
068940,2016-12-31,0.12480899641243912,0.019150951707688116,0.010136116252840445,G2,5.636724921548086
069260,2016-12-31,0.1596690149666157,0.01687241950088758,0.06670254706870209,G4,8.464030028932932
069410,2016-12-31,0.06541198385613735,0.017621258040588342,0.00508748263903595,G2,2.7552876244111033
069510,2016-12-31,0.04144371139708741,0.0314274636571926,0.050760518485637174,G4,0.7822254450721968
069540,2016-12-31,-0.05770095160398757,0.01935727990814902,0.012659221145172561,G2,-3.8518480699836566
069640,2016-12-31,-0.03762607658452097,0.015230864855601043,0.015728883075107118,G2,-3.5773691613338428
069920,2016-12-31,0.23797154150330482,0.026767218887648804,0.00037509874344410904,G2,8.260521676945023
069960,2016-12-31,0.03825681411978492,0.016843570026141022,0.1752985407341447,G5,1.2703045990979478
070960,2016-12-31,0.39606919039824723,0.021000992054560914,0.06796934554929931,G4,18.056710833598096
071200,2016-12-31,0.0006185953730170821,0.0160939614108999,0.10034963375476073,G5,-1.009183125438126
071460,2016-12-31,0.1450945036001721,0.015451299474926785,0.003664076934981601,G2,8.299247202988413
071850,2016-12-31,-0.22757812396481383,0.01119240061017671,0.032785775381175455,G3,-21.839682310237123
071950,2016-12-31,-0.11315199899985419,0.02137247475510981,-0.07937399335595503,G1,-6.083167725774012
071970,2016-12-31,0.5033360501694971,0.07946687168581376,-1.7246634997378905,G1,6.121742182610568
072130,2016-12-31,0.00860427054077656,0.022386006323757125,-0.1564988782760057,G1,-0.36880535948081655
072470,2016-12-31,0.08639740322655315,0.02728290331161572,0.05028296984152032,G4,2.5487409745940806
072520,2016-12-31,-0.0682913335465054,0.03217966485262111,-0.2496067214006219,G1,-2.646133313906134
072710,2016-12-31,-0.06924774502147048,0.01941431526050575,0.15948191780531554,G5,-4.435288781314298
072770,2016-12-31,-0.059929198400545114,0.017040634834403587,0.01865227494158044,G3,-4.506260993039016
072870,2016-12-31,-0.10176767144789721,0.009440227085907906,-0.011102838226055688,G2,-12.566225369231983
072950,2016-12-31,-0.0891824656847005,0.022693350287311505,0.05062050816883435,G4,-4.672858524302676
072990,2016-12-31,0.0817381711227195,0.021070638504840238,0.1482070150868326,G5,3.079062908201214
073070,2016-12-31,1.309743255371101,0.05365068254585105,0.06459691702110193,G4,24.098163236149425
073110,2016-12-31,0.42349295412302035,0.023603263943632682,-0.10278224374077018,G1,17.22781245186074
073190,2016-12-31,0.05989513040018135,0.04409383522104843,-0.16982723214492118,G1,0.9759818018571637
073240,2016-12-31,-0.07603539382351082,0.023825969768704797,-0.01285785778743938,G2,-3.898928118169536
073490,2016-12-31,0.4892019193153325,0.022094662512222515,-0.1862790486255389,G1,21.37808483853007
073540,2016-12-31,0.183505482723277,0.02968984744256332,-0.1881713495625226,G1,5.612865926485871
073560,2016-12-31,0.10478432840846053,0.019926397406315827,0.07411677010681196,G4,4.412437279316868
073570,2016-12-31,-0.3021114835667719,0.021600095460035672,-2.3711252657274087,G1,-14.767149238172617
074430,2016-12-31,-0.5006828519005014,0.02404299466780537,-0.2286182253176177,G1,-21.52573790002392
074600,2016-12-31,0.3057237282899805,0.018604454577672114,0.3182666211263511,G5,15.52657066261466
074610,2016-12-31,0.42014420002927605,0.029541807067369214,0.05397413570500391,G4,13.651292538037689
075130,2016-12-31,-0.16162583933732746,0.017507975114291682,0.11185726027986043,G5,-10.19456492384317
075180,2016-12-31,-0.05674338074056341,0.006133220126011302,0.114214050603892,G5,-12.000829723811126
075580,2016-12-31,0.27785553667748253,0.020824811245778608,0.04605973484128144,G4,12.532895686151255
075970,2016-12-31,-0.20591534424624158,0.024761712624804123,0.020285649983983915,G3,-8.996780524519696
076080,2016-12-31,0.4037228989173293,0.023613079136010753,-0.005293802127477292,G2,16.38340120907828
076610,2016-12-31,0.2625613586242369,0.026701473145368304,0.005270022684106719,G2,9.201777281584448
077280,2016-12-31,-0.0628029571641828,0.022630279308447587,-0.07959733769895237,G1,-3.5202087313520325
077360,2016-12-31,-0.0028012667159277096,0.019011901591881923,-0.3888964359805702,G1,-1.034174107795343
077500,2016-12-31,0.07091331381470922,0.02542501868525848,-0.00021552855488460548,G2,2.125975395868625
077970,2016-12-31,1.2786109308553426,0.06669118751648348,-0.05275306409786995,G1,18.919299958381114
078000,2016-12-31,0.0494474521435827,0.009860287271256695,0.11012880865716289,G5,3.3048836810491657
078070,2016-12-31,-0.143669618655549,0.016095964223412435,0.19826745458192313,G5,-9.973305486874732
078140,2016-12-31,-0.143039186167941,0.020351082272107555,0.12455066834709469,G5,-7.857053186672193
078350,2016-12-31,0.12239784684399334,0.01921782561390871,-0.00785072997541623,G2,5.4916461057520465
078520,2016-12-31,0.12870157530564252,0.02484741476749672,0.04145654172339698,G3,4.501121211273621
078600,2016-12-31,0.6312849744603833,0.031572621734582106,0.010391647673401628,G2,19.46067798788602
078650,2016-12-31,-0.6763402671284486,0.03652566221017435,-0.1674732533262487,G1,-18.978454457307684
078890,2016-12-31,0.135415302590762,0.01838844880215293,0.04011452273061554,G3,6.447251435723708
078930,2016-12-31,0.3481568192823496,0.014975024991618697,0.06858429528229161,G4,22.123266559983822
079160,2016-12-31,0.014670910664042108,0.020762957567543507,0.003925067660128193,G2,-0.1054492828964812
079190,2016-12-31,-0.1308497788438176,0.01680627474470233,0.025190581289691233,G3,-8.788986895547948
079370,2016-12-31,0.2695198973391428,0.02396285679067232,0.06709049785168386,G4,10.54379909273348
079430,2016-12-31,0.09757676528738635,0.02140074131141737,0.04508137334406879,G3,3.7716644700515225
079550,2016-12-31,0.05170821588757079,0.022074013387259568,0.04140804851462807,G3,1.5786828442051346
079650,2016-12-31,0.16470201686251662,0.05065647601224698,0.14992298156956352,G5,2.9185146470990992
079660,2016-12-31,0.014352741211281033,0.017998474978111044,0.0017570974885054802,G2,-0.1393233839043724
079810,2016-12-31,-0.11079115475959297,0.026219366376920406,-0.1309843307626723,G1,-4.86859608179959
079940,2016-12-31,0.06698717174074911,0.016874306601482522,0.09960644907042683,G5,2.9706004089077944
079950,2016-12-31,-0.012139065071857417,0.023896297096858945,0.05497185797948019,G4,-1.2135526523069087
079960,2016-12-31,0.01077051089101079,0.009914858553508805,0.034375761199672165,G3,-0.6142133774751324
079980,2016-12-31,0.0017148958877141879,0.011321400188020069,0.007931614604072589,G2,-1.3377721404691505
080010,2016-12-31,0.02523590982372461,0.01744962771659027,0.15999824273262522,G5,0.4799850351771053
080160,2016-12-31,0.43238916498230273,0.021297546362560062,0.06698100914059635,G4,19.51064259977057
080220,2016-12-31,-0.16131486407578582,0.024069695154804456,-0.014328337507602658,G2,-7.402470724294595
080420,2016-12-31,-0.015843648698620247,0.016043964650770962,0.11858930329186432,G5,-2.0383988035898817
080440,2016-12-31,-0.0702984661870294,0.037585580495308045,-0.6569733935782044,G1,-2.318942921428589
080470,2016-12-31,0.2107814708763267,0.026573687099804587,0.009978726825243804,G2,7.297486438282141
080520,2016-12-31,-0.08034131355922351,0.013466219290052985,0.1810640348357719,G5,-7.218185083423716
080530,2016-12-31,-0.3378801942480057,0.03229821679467582,-1.5905427503195433,G1,-10.983285738450808
080580,2016-12-31,-0.07797558869298607,0.022025445763083094,-0.3900608077583972,G1,-4.305744336048375
081000,2016-12-31,0.32650042745683194,0.030738816394351973,0.042978248279899156,G3,10.073259615271859
081580,2016-12-31,-0.07366112847015956,0.01439146608742264,0.07264106060714916,G4,-6.289941384055378
081660,2016-12-31,0.07024625433539092,0.017553724498181322,0.3217010613603948,G5,3.041286462629193
082210,2016-12-31,0.39362590160806005,0.028250503425574974,0.01593680035190875,G2,13.336596034484373
082660,2016-12-31,-0.34391580655691006,0.03162234150250967,-0.03140087177902679,G2,-11.408900766523793
082740,2016-12-31,0.2722763374530483,0.025076472238276658,-0.22571020108437265,G1,10.185483244043889
082850,2016-12-31,-0.2504401723104155,0.024559069076667998,-0.04195450784918201,G1,-10.883984288097887
082920,2016-12-31,0.1507494512090668,0.016016671448967977,0.1552898494497094,G5,8.359358683563695
083310,2016-12-31,0.16749640020166912,0.02624288306034574,0.06841352135331798,G4,5.740072468597698
083360,2016-12-31,0.1565653877174495,0.016311771431212953,0.9027949652616741,G5,8.564676047370982
083390,2016-12-31,0.1545094054418993,0.020568833597499236,0.9027950239337815,G5,6.69211771970799
083450,2016-12-31,0.5072280503318968,0.02574175453339603,0.051138577904673146,G4,19.04950573766715
083470,2016-12-31,-0.17824064856899138,0.034667675388580246,-0.025149543691765912,G2,-5.627749655334794
083550,2016-12-31,-0.11053369810405739,0.015446277237278365,0.03125094294635824,G3,-8.24755672822909
083570,2016-12-31,0.05901008674393188,0.011217325370409755,0.9070104416219795,G5,3.7575567884274146
083580,2016-12-31,0.05698590077019429,0.009224785837399288,0.9055492827097379,G5,4.349754219460244
083590,2016-12-31,0.06804912644037481,0.00832346783966624,0.9056095245878455,G5,6.1499338708417195
083600,2016-12-31,0.06276428437936041,0.010136417176685881,0.9072178397456647,G5,4.528615380451334
083610,2016-12-31,-0.0013720576272395028,0.003298674727076138,0.8673312547577227,G5,-5.5271916105986865
083640,2016-12-31,0.25605781288794316,0.06702553336705687,-0.027516257970381375,G2,3.568751358197462
083650,2016-12-31,0.5874619794822326,0.03863150808964529,0.03234620016204168,G3,14.770369008318
083790,2016-12-31,-0.16362540809689557,0.020741080653864017,-0.25930433526391755,G1,-8.701849279662346
083930,2016-12-31,0.1989517374465024,0.03226286321894142,0.06872595545821625,G4,5.6439934224203485
084010,2016-12-31,0.41529741959494615,0.022392242423564267,0.04436730281509218,G3,17.793531456470163
084110,2016-12-31,0.0784541518971072,0.03000727908612729,3.2142209128735257,G5,2.052628699522213
084370,2016-12-31,-0.0018224752962633121,0.02157244352117432,0.22652432889844115,G5,-0.866050474452508
084690,2016-12-31,0.08394063016413011,0.01801150399978218,0.020257888165475604,G3,3.724302008016194
084730,2016-12-31,0.04095853619866031,0.018157981563414905,0.011389853121730131,G2,1.3271401595023213
084870,2016-12-31,0.2541701408282392,0.02603983404264454,0.0003684536294711715,G2,9.113337311952737
085310,2016-12-31,-0.7413860669213582,0.03441070222925176,-0.20155138559037827,G1,-22.035191595919823
085370,2016-12-31,-0.3771887594608927,0.025945741476204282,0.06274590761754698,G4,-15.187429099786495
085660,2016-12-31,-0.044104394049579276,0.013302108371340101,0.060990099338247526,G4,-4.583088785480036
085670,2016-12-31,0.07493106402258917,0.0385951892378581,-0.017161154211866342,G2,1.5046101734171016
085810,2016-12-31,-0.011589603921000155,0.015392554606192259,0.013788935513421379,G2,-1.8482931715509188
085910,2016-12-31,-0.02639414825537761,0.007646317435356725,-0.03986637266083955,G1,-5.656905859769512
086040,2016-12-31,0.3598337246958746,0.02343362153029135,0.05212321296626032,G4,14.635952646166201
086060,2016-12-31,-0.10756359931981127,0.02049190523349446,0.04556066337559905,G4,-6.071858499852286
086250,2016-12-31,-0.24816220370912445,0.021643195929510545,-0.38038610652082544,G1,-12.245074813471298
086280,2016-12-31,0.03416926068423527,0.016011741112457956,0.0329652310979029,G3,1.0810136706756028
086390,2016-12-31,0.04087022184790093,0.028503744933778014,0.0704587711091637,G4,0.8423409714524454
086450,2016-12-31,0.07823005024778051,0.020882959737875233,0.13139854238804655,G5,2.93874533915445
086520,2016-12-31,1.086059242739696,0.03327524339768387,-0.04244822748936883,G1,32.13196310274828
086670,2016-12-31,-0.2523073782294811,0.04931653783146222,-0.028890712693215435,G2,-5.45796075141575
086960,2016-12-31,0.03388353020158656,0.015490607387193654,0.0729581108197364,G4,1.0989356405295168
086980,2016-12-31,0.16288936324316902,0.024436770924852032,0.10617879079424168,G5,5.975790092802681
087220,2016-12-31,-0.39468167120077324,0.05022396788627208,-0.5213031941739843,G1,-8.19413595084771
087260,2016-12-31,0.6744164932785277,0.0597797624033648,0.07639005544907951,G4,10.999644648824606
088130,2016-12-31,-0.20909725285031555,0.021814458915035365,0.14646119159445803,G5,-10.358157558743137
088290,2016-12-31,-0.12063049288069455,0.05137472088536937,-0.10418632633557871,G1,-2.676235318880325
088390,2016-12-31,0.6002978745106858,0.044790082000083234,0.01356327678560118,G2,13.026042793564253
088790,2016-12-31,0.11820782671495726,0.017064356249460295,0.06757121960517397,G4,5.939132750338179
088800,2016-12-31,0.4652837679337424,0.03971021780879381,-0.09995780756032532,G1,11.292393822732686
089010,2016-12-31,-0.04600439033451653,0.027380352137409983,-0.024013691629309466,G2,-2.295979966560532
089030,2016-12-31,0.05411951961089939,0.02028568199465736,0.1031339924994949,G5,1.8367225696608427
089230,2016-12-31,0.14759140725319259,0.03987786732538139,0.2455180236213056,G5,3.2782860862680963
089470,2016-12-31,-0.2861732189323183,0.012592029012667143,0.059382447594095306,G4,-24.065507495084926
089590,2016-12-31,0.3781788620211446,0.017853472695822957,0.07085865350714897,G4,20.237996188569515
089600,2016-12-31,0.3947393195890578,0.02546625235005957,0.17117373461730254,G5,14.83842085377844
089850,2016-12-31,0.07832948756072919,0.01643871869051473,-0.031787176152215886,G2,3.739290091133911
089980,2016-12-31,0.6491525317854643,0.02900627631724061,0.03497729852148933,G3,21.79846096823176
090080,2016-12-31,-0.19278295840030762,0.014606780589507814,0.005231602083241713,G2,-14.352465060045196
090150,2016-12-31,-0.4622258727032329,0.03440828202288018,0.019591017371981545,G3,-13.923572878035836
090350,2016-12-31,0.030896900530458384,0.011245402953892942,0.019835876186901982,G3,1.24820346035262
090360,2016-12-31,0.2529478444615543,0.027930097682101414,0.04472772337315474,G3,8.45279875130898
090370,2016-12-31,-0.07912005625762551,0.05431243076097927,-0.4259916473045729,G1,-1.7671903938597464
090410,2016-12-31,0.39548686800469324,0.026585121437104484,-0.10021217709365593,G1,14.242045846963851
090430,2016-12-31,-0.08280502354701268,0.024469886042698508,0.11438056930250909,G5,-4.072980684235804
090460,2016-12-31,0.9701185099455027,0.03270882524002195,-0.06586423946515878,G1,29.14376023290384
090470,2016-12-31,-0.046471016531082376,0.030190879384394163,0.07863030329212962,G4,-2.097698625306302
090710,2016-12-31,0.3818898618305353,0.04583671235284667,0.02421254120688757,G3,7.963693149941101
090740,2016-12-31,-0.24106476020785172,0.012456416358825408,-0.0021053070429397345,G2,-20.70620493312755
090850,2016-12-31,-0.0014985501858127935,0.019315860849156652,-0.006299515707747252,G2,-0.9504572423425798
091090,2016-12-31,-0.07731631738189886,0.018458110677398953,-0.040232990372550036,G1,-5.102183461688915
091120,2016-12-31,0.3198661323419759,0.02402773748620308,0.05381748346624214,G4,12.610666437720763
091340,2016-12-31,0.0793871185267907,0.022348825437374185,0.04397449436278548,G3,2.797765325594108
091440,2016-12-31,-0.1972064186056449,0.018452596004424487,-0.061169787062218685,G1,-11.600902561605233
091580,2016-12-31,0.03407744340352669,0.012891087984707318,-0.01333355258770415,G2,1.3355811219038818
091590,2016-12-31,0.24091654798011547,0.038214455766949346,0.09217674724292366,G4,5.863126762714386
091700,2016-12-31,-0.16903745119771416,0.019852130296251255,0.03571839678555114,G3,-9.364123551172112
091970,2016-12-31,0.10100181205569209,0.017427356148992303,-0.08617406028478918,G1,4.828125487652224
091990,2016-12-31,,,0.1632692070723818,G5,
092040,2016-12-31,-0.22721482560549328,0.02118151166544512,0.027587689343121852,G3,-11.523029097777748
092130,2016-12-31,0.019327458947237232,0.01062553039578839,0.31254119538163255,G5,0.2321869313804301
092200,2016-12-31,0.10203093485705098,0.016289562622566423,0.01991941487871285,G3,5.228537265249342
092220,2016-12-31,-0.016758925528857493,0.015583142830015335,0.00032949023426591135,G2,-2.1574130164841754
092230,2016-12-31,0.02257136777166368,0.007956388764134181,0.056978120976118915,G4,0.7177902300423246
092440,2016-12-31,-0.03300178372179482,0.006913656006058243,0.027391848185784717,G3,-7.21212240360985
092460,2016-12-31,-0.18328534958324633,0.032104671784659075,0.0819689018015314,G4,-6.234161201711265
092600,2016-12-31,0.41480575815403087,0.052509877958300026,0.012654512334810832,G2,7.578486638641665
092730,2016-12-31,0.23422042997973658,0.021288243251321722,0.18274121409380015,G5,10.210334303460748
092870,2016-12-31,0.10608712118303101,0.026911008493315902,0.11315655462888378,G5,3.3156234763495886
093050,2016-12-31,0.3961607093764541,0.01719139880869106,0.03345045466867802,G3,22.06337971371767
093230,2016-12-31,-0.6690043555762282,0.02516227275301758,-0.39070307002527727,G1,-27.257661180241584
093320,2016-12-31,0.03482379677950319,0.01380725055887932,0.14329554339917927,G5,1.301015510115547
093370,2016-12-31,0.44900876088643127,0.025022610663880198,0.3414930654010658,G5,17.270316716388113
093380,2016-12-31,-0.12111797708525011,0.011015184643407836,0.021481138974808266,G3,-12.526192814949722
093520,2016-12-31,0.1833128734275959,0.02849143637826305,0.023119009927172546,G3,5.842194881555279
093920,2016-12-31,0.1370382696542456,0.014334050465724335,0.05385013928371029,G4,8.384086570035882
094190,2016-12-31,0.46012792589972273,0.0643415775618599,-0.4108943116990885,G1,6.889286726350507
094280,2016-12-31,0.33057044940169983,0.02277298330390035,0.021521616130887225,G3,13.775538126250712
094360,2016-12-31,-0.44243817859684026,0.03009821277424321,0.2598586236009433,G5,-15.259993398685731
094480,2016-12-31,0.17374880596763875,0.037928115401609806,0.06832692349474366,G4,4.136468544667796
094820,2016-12-31,0.16623345711995968,0.012842429365214854,0.05019608784137518,G4,11.631218924528696
094840,2016-12-31,-0.13723596227176676,0.011234367511191895,0.12012194649342631,G5,-13.716509787364767
095190,2016-12-31,-0.0610182468981543,0.019744200858938844,-0.06647148081679362,G1,-3.944378255919421
095340,2016-12-31,0.48394433290997874,0.02695639599100032,0.0938008172671996,G5,17.3273898860801
095500,2016-12-31,0.053952548872271744,0.024271646710433734,-0.002836926699406637,G2,1.5282110713146282
095570,2016-12-31,0.08962120217945052,0.01776841795715482,0.013621107797756365,G2,4.094953906675874
095610,2016-12-31,0.15828699803009366,0.02629640281119715,0.174703837643564,G5,5.378174703025305
095660,2016-12-31,0.10459754693824345,0.02545179331749754,0.0515777347006604,G4,3.44719117405281
095720,2016-12-31,-0.24933179424919658,0.014209991048798101,0.037973155141194134,G3,-18.732745361022666
095910,2016-12-31,0.1892342163625039,0.021122849682713444,0.009735441137471039,G2,8.160540329613854
096240,2016-12-31,-0.03974091390547669,0.021287544748883523,-0.1437911268994836,G1,-2.658891113255084
096350,2016-12-31,-0.14519067987198034,0.044158939825740526,-0.16974504499968718,G1,-3.6697219218082178
096530,2016-12-31,-0.1494674172876687,0.020637934791923468,0.09717597797405962,G5,-8.059322243963564
096610,2016-12-31,-0.2917583262547221,0.016120593181351096,0.016279525256354965,G3,-19.144374678600123
096630,2016-12-31,0.014765725555961562,0.039810337069314174,0.03301266712343931,G3,-0.05261508061941566
096690,2016-12-31,-0.21022957822385016,0.014250605198988573,-1.0961649057303287,G1,-15.93545850883002
096770,2016-12-31,0.20195367518576965,0.014825424638045372,0.04355796615071888,G3,12.48485827923127
097230,2016-12-31,0.326125582719004,0.026671859372632046,-0.11888154393942141,G1,11.595188349935247
097520,2016-12-31,0.07283016946328125,0.029200213604923864,-0.05988062120943238,G1,1.9167606295692898
097780,2016-12-31,-0.24242929317712647,0.0327858385939951,-0.02857771767769889,G2,-7.908586571123009
097870,2016-12-31,-0.14279056312755756,0.019039192641941146,0.12548363993345965,G5,-8.385382499161999
097950,2016-12-31,0.04551076460386451,0.012572875144420875,0.02427676336604622,G3,2.2787480687126913
098120,2016-12-31,-0.27343231012595504,0.023803616727671853,-0.009182310366695168,G2,-12.195317337589193
098460,2016-12-31,0.37314498594810186,0.017609123362507934,0.17301977936194118,G5,20.232957028191848
098660,2016-12-31,-0.17495082747182558,0.0143504331660096,0.03196540821906841,G3,-13.366229081955428
099190,2016-12-31,-0.05936258211490855,0.01616729870030287,0.1324462234755957,G5,-4.714636203500728
099320,2016-12-31,0.18712132244681773,0.022005528946143944,0.0927184851907757,G4,7.737190649366469
099410,2016-12-31,-0.013609232667601015,0.017999999064331904,-0.07777607765843714,G1,-1.6927546612115103
099440,2016-12-31,0.004377298112652056,0.023212233482475392,0.01605684733995292,G3,-0.5377789925782863
099660,2016-12-31,-0.3844685913877802,0.01807609627480898,0.01217130060537703,G2,-22.20219094525546
099830,2016-12-31,-0.4624934638819017,0.07138903480128442,-1.4101465231152557,G1,-6.7146700451485435
100030,2016-12-31,0.0629806040067648,0.03422228105206828,0.010740379033962605,G2,1.3476674534419386
100120,2016-12-31,-0.14891157221116258,0.026853476622475874,0.22907703937184656,G5,-6.17320148865805
100130,2016-12-31,0.1682441037855627,0.02601966384186636,0.04157008440980311,G3,5.818051880118159
100220,2016-12-31,-0.17462812104914502,0.0178977476104973,0.17806223653199216,G5,-10.699026205240695
100250,2016-12-31,-0.0439218660082596,0.006960784096206347,0.13389554602921339,G5,-8.732093226643212
100700,2016-12-31,-0.14457619798002821,0.015963274500178842,0.14995337360640387,G5,-10.112997031315174
101000,2016-12-31,0.47564711834654694,0.02743157543102857,0.07385598067807096,G4,16.724769229887233
101060,2016-12-31,0.1337735158053749,0.010263634369101174,0.026318288690336204,G3,11.39101043067104
101160,2016-12-31,0.5471166622257806,0.0227510935570095,0.0071267553072186214,G2,23.306849459641096
101330,2016-12-31,0.1773532168272593,0.02080095995317545,0.11048224943266509,G5,7.715647140237344
101390,2016-12-31,0.2807638912021797,0.0377976651548597,-0.08190181335998342,G1,6.98200644062533
101400,2016-12-31,0.7014054215799034,0.03440350718885565,-0.03138581999776285,G2,19.897537427559094
101530,2016-12-31,0.046018949780522005,0.01739305288282691,0.027304741351502,G3,1.6764509558274387
101730,2016-12-31,0.0036469358758712267,0.0177557808714361,-0.05460556761383713,G1,-0.7441753122632282
101930,2016-12-31,0.11500213938047599,0.01095720932458031,-0.012057097838328772,G2,8.956823477850776
102120,2016-12-31,-0.11197034474424575,0.0238595223865061,0.06734642802834037,G4,-5.399550431380654
102210,2016-12-31,0.195043121823306,0.013383502059922711,0.02212081164555504,G3,13.313613385731818
102710,2016-12-31,-0.043148903842219394,0.023909644562387995,0.064710064214508,G4,-2.5098346123877118
103140,2016-12-31,0.23147279534644158,0.019467834896554646,0.04862883641405626,G4,11.023950369235633
103590,2016-12-31,-0.0938108262202544,0.00941536339168713,0.0020931587853937226,G2,-11.754318050890756
104040,2016-12-31,-0.1100059106697425,0.05147007879630576,0.0828804668310723,G4,-2.4648545968264166
104200,2016-12-31,-0.05017346159215745,0.020811128487930333,-0.05249863084661718,G1,-3.221056046114182
104460,2016-12-31,-0.07156538883020779,0.01296282673890709,-0.0039399420428944,G2,-6.821485796392948
104540,2016-12-31,-0.006227551501465593,0.014668706443262484,0.033340318433628585,G3,-1.5739561795116424
104830,2016-12-31,0.1686019496746224,0.020721632541937415,0.08952297834212494,G4,7.322859321878764
105330,2016-12-31,-0.1989932997931653,0.01769619367433511,-0.010095128511643634,G2,-12.197744521555993
105630,2016-12-31,0.06731370109984841,0.02561060026048322,0.029712003045292923,G3,1.9700183102442763
105840,2016-12-31,-0.10976968927875824,0.017580990947935953,-0.0023175494337804147,G2,-7.202667887385183
106080,2016-12-31,-0.2253904275366479,0.04467042044121011,-0.22557196449623299,G1,-5.42306910913944
106240,2016-12-31,-0.31891377063509785,0.016082598961445288,0.004454802933181164,G2,-20.878100678279466
106520,2016-12-31,-0.3702804106466803,0.033735113656442856,-0.7645882492560591,G1,-11.475899095513865
107590,2016-12-31,0.6988096462091153,0.05102442394006864,0.11994589774198827,G5,13.365154251614042
108230,2016-12-31,0.2540963329507875,0.01936906900274629,0.06587880372916313,G4,12.248187213685943
108320,2016-12-31,0.28862089149625947,0.023763012112810778,0.08307658335614808,G4,11.436283437292115
108380,2016-12-31,0.00377716917563211,0.014351726729600906,0.0936170935447914,G4,-0.91161020002792
108670,2016-12-31,0.1631848760042987,0.01844161188717521,0.02552575062228152,G3,7.934475969300009
108790,2016-12-31,-0.01174285419527342,0.02521490247614343,0.005370901844173248,G2,-1.1343769373165493
108860,2016-12-31,-0.08662795103102747,0.028143127909048177,-0.5442621650191376,G1,-3.6772138838236605
109610,2016-12-31,-0.6311984804064628,0.046956482273739455,0.005201024348352817,G2,-13.801264461823648
109740,2016-12-31,-0.3280188770129988,0.043455804587398214,0.04578032023218106,G4,-7.936321279467468
109860,2016-12-31,-0.15171603856843338,0.009945140179433414,0.06242746681715879,G4,-16.950629672108555
109960,2016-12-31,-0.1206387847589901,0.04673591461977055,-1.4808001021408055,G1,-2.9420443684047197
111110,2016-12-31,-0.13310004658614857,0.02327402545981955,0.05073937099022073,G4,-6.443251361711834
111770,2016-12-31,0.09743501204024718,0.020514010798519795,0.054441576980885795,G4,3.927786876065771
111820,2016-12-31,-0.10820251917362234,0.02342197220855327,0.006858924904406868,G2,-5.339553292540469
111870,2016-12-31,0.11520681101621616,0.03333672701171407,0.12230952612299681,G5,2.950093490920957
112040,2016-12-31,0.4194573065880009,0.02397633092583488,-0.6760660797627909,G1,16.79143310888517
112240,2016-12-31,-0.009371145234026296,0.04160869472910405,0.039110739877582325,G3,-0.6304330153867523
113810,2016-12-31,0.6860844612589981,0.06909337581437458,0.018026174368172818,G3,9.685792649740806
114120,2016-12-31,-0.3982428540087176,0.029758160654212544,0.000902496022414216,G2,-13.949222483288985
114190,2016-12-31,0.11065111591756366,0.030172693466552606,-0.026612393474948454,G2,3.108465154799126
115160,2016-12-31,-0.23300288451317122,0.010790347289003327,0.002404988493281314,G2,-23.156180933876133
115310,2016-12-31,0.03316938536518162,0.009993757850957297,0.5176369854847126,G5,1.631922241669058
115390,2016-12-31,-0.055592380569842094,0.016592111942820884,0.11051413593582561,G5,-4.36669728783627
115450,2016-12-31,0.13714342327708687,0.021035524367576178,-0.30474558836683896,G1,5.718092476560254
115480,2016-12-31,0.12613427725381038,0.019555829422831406,-0.032187091189720636,G1,5.58779304322851
115530,2016-12-31,-0.0163241487644053,0.04378799416769515,-0.5001500423033829,G1,-0.7578446797007431
115570,2016-12-31,-0.20729150080721656,0.014049163579305477,0.07328137059773199,G4,-15.954818177769925
115960,2016-12-31,-0.3133760512437977,0.020990335612966635,0.08918745095921034,G4,-15.732783266702326
117670,2016-12-31,-0.010219450677184203,0.0115389224975241,-0.7395333512559186,G1,-2.3468222733400226
118000,2016-12-31,-1.247993037977317,0.05330264196433277,-0.7674510247351808,G1,-23.72965656137716
119610,2016-12-31,-0.04408788443759547,0.015459256848671322,0.2624673231063152,G5,-3.942507371768225
119650,2016-12-31,-0.12659260456228089,0.01733653408737706,0.0050800003119948105,G2,-8.274603994640447
119860,2016-12-31,0.5403456344746702,0.024649510034908,0.1387263216707249,G5,21.237147678918333
120110,2016-12-31,-0.09925259816488508,0.016693244444863954,0.038570219962152284,G3,-6.9556848699330835
121440,2016-12-31,-0.3071806689718591,0.014498066962108655,0.011823833501174927,G2,-22.350636086114402
121600,2016-12-31,0.08763933405473151,0.027495874303222645,0.14448548774317066,G5,2.574167441407246
121800,2016-12-31,0.19882849034930272,0.04034321065474983,-0.9119415176994059,G1,4.510502207080263
121850,2016-12-31,0.3631483846670945,0.04150886709468815,0.047646423643260126,G4,8.342507499103943
122350,2016-12-31,0.07806526309848125,0.01699754546928269,0.041182731783441666,G3,3.6008089261322334
122450,2016-12-31,0.2149282094088417,0.01474903372797976,0.22335107505205512,G5,13.429209222211352
122640,2016-12-31,0.5482371155460417,0.031352580309135465,0.04820612780392883,G4,16.948422128460678
122690,2016-12-31,-0.18463559538312277,0.02169599554213313,0.0031519896924347515,G2,-9.287241262663972
122800,2016-12-31,0.17227833683979094,0.07708735100637751,-0.3123607237069079,G1,2.01612826437094
122900,2016-12-31,0.24699837811793557,0.02473507349055047,0.010467644238111275,G2,9.304117432903745
123040,2016-12-31,0.44401564936183097,0.04134564748833213,0.0328508160734303,G3,10.331324472111021
123100,2016-12-31,0.1852883990087744,0.023381090346310474,0.11304493927377782,G5,7.203601152202153
123260,2016-12-31,-0.3745106496199447,0.05354049678725432,-3.4676567611893274,G1,-7.309812623245269
123330,2016-12-31,-0.2924175375142716,0.02368900279496104,0.013664978831624432,G2,-13.055757975190442
123410,2016-12-31,0.05517250983367841,0.026328831126993725,0.03421800044290447,G3,1.4551409441055323
123420,2016-12-31,-0.090129771550193,0.021267603470144416,0.20200189920201445,G5,-5.030661839766572
123570,2016-12-31,0.09120612260200017,0.05183153252365617,0.08218100515644407,G4,1.4343734273671873
123690,2016-12-31,0.29342640621687066,0.03535057408683783,0.09093160398102072,G4,7.82352376759549
123700,2016-12-31,-0.031409086566971105,0.010232081229925695,0.08494738295853661,G4,-4.71746022462639
123750,2016-12-31,-0.2833839912617748,0.015129685966703083,-0.0858066322181285,G1,-19.844717304304424
123840,2016-12-31,-0.10892233812050844,0.03519011908473642,0.6929487445695527,G5,-3.5743751667329775
124500,2016-12-31,-0.0946737920269499,0.039311767109352795,-0.027053921660380984,G2,-2.8371693739191914
126560,2016-12-31,0.021581713242290815,0.012311059041027694,0.15610196335376497,G5,0.3835058849288931
126600,2016-12-31,-0.09286930089565704,0.019202085125304958,0.09459831986670167,G5,-5.7144653734193875
126700,2016-12-31,0.5511468034572178,0.024088601855279754,0.05971507675953458,G4,22.180052500214448
126880,2016-12-31,-0.029372935119657828,0.019183215703146902,-0.01197127104524346,G2,-2.410090439759959
127120,2016-12-31,-0.39671950490836905,0.04937136945206579,-0.8543671734504834,G1,-8.376916807224875
127160,2016-12-31,0.0003662308710808415,0.030451828821063807,-0.10036339071075108,G1,-0.5416462464763254
127710,2016-12-31,-0.26657376481490275,0.026642183676865414,0.1133126550879161,G5,-10.638546671058753
128820,2016-12-31,0.12923293728618146,0.054633825406847754,-0.1712045848744729,G1,2.0568317667491605
128940,2016-12-31,0.28531276811979106,0.02132361012732152,0.034325133612120515,G3,12.589445073631252
129260,2016-12-31,-0.1795379254737899,0.014118154973693307,0.015842119802603576,G2,-13.911044006110792
130500,2016-12-31,-0.12678337540651724,0.026140374003011602,0.04436069199194199,G3,-5.495090660918541
130580,2016-12-31,0.1469068831527866,0.02019671873581597,0.16866118542583064,G5,6.438993145545875
130660,2016-12-31,-0.051741029268009185,0.007327969668443079,0.042602980443147365,G3,-9.361580631778743
130740,2016-12-31,-0.08268602800884814,0.017954932679822556,0.08704404107015476,G4,-5.544235638993304
130960,2016-12-31,0.08478610152769127,0.021494034900680282,0.0395585852098322,G3,3.1602140868949546
131090,2016-12-31,0.3068392633729825,0.025067115831083762,0.06178926940896486,G4,11.568100441896581
131100,2016-12-31,-0.49297920925339117,0.025860486604941755,-1.002254480485912,G1,-19.715002532331084
131180,2016-12-31,-0.0028938996251544197,0.029443285718464593,0.10701541055651263,G5,-0.6709254348985818
131220,2016-12-31,-0.06656003831077081,0.02098213016510451,0.04879735338493383,G4,-3.975782597129119
131290,2016-12-31,0.5728422913465963,0.036413931972481155,-0.10880408545720535,G1,15.268385246515397
131370,2016-12-31,0.28351434579541146,0.04381425164184646,0.0074681778795623495,G2,6.086010513765886
131390,2016-12-31,0.3539224054169171,0.022832420662021766,0.10346587946408815,G5,14.762431927650077
131400,2016-12-31,-0.0511827009439831,0.027548707413158884,-0.09106535160932433,G1,-2.469918082684031
133750,2016-12-31,-0.05974954305042868,0.043359924112298366,0.017808708052662457,G3,-1.7668364110224333
134780,2016-12-31,1.0745422814424814,0.03610370266038207,0.08856970706506344,G4,29.295663709106638
136480,2016-12-31,-0.049842741529790374,0.017923624887623436,0.023164454569653062,G3,-3.7215179182978555
136490,2016-12-31,0.31621480747981195,0.019958528737940993,0.05067284380483471,G4,14.99882389929835
136510,2016-12-31,0.17436316939244378,0.032271793129049986,0.1297466773770027,G5,4.880510330252315
137400,2016-12-31,0.2887657282901728,0.02625663396324595,0.02667055102048425,G3,10.355683025495058
137940,2016-12-31,0.06898908084342212,0.024074837850490555,0.08983123875363287,G4,2.1652785998727
137950,2016-12-31,-0.14224587479826292,0.017126011126793326,0.07694007506071655,G4,-9.290325883281357
138070,2016-12-31,0.25363528973319893,0.02542255826750738,0.008637408784664057,G2,9.313576454084552
138080,2016-12-31,0.10133387397793488,0.021729264624201897,0.07686076268424694,G4,3.887546393700744
138250,2016-12-31,0.09957505943515788,0.014678717130172042,0.1140426316004595,G5,5.635009452889347
138360,2016-12-31,-0.30589391014623313,0.01999968773162304,-0.0727877661600556,G1,-16.137964958635393
138490,2016-12-31,0.05948749843779281,0.01717964566464436,0.07417020471887843,G4,2.48125890484282
138690,2016-12-31,0.35667926876684763,0.027007173816670536,-0.18185926146994713,G1,12.582542750428045
139050,2016-12-31,-0.273035269465142,0.04160521992187096,-0.0707924563884176,G1,-6.967770382175046
139670,2016-12-31,-0.24526437207040988,0.022005106459996145,-0.5633318555234089,G1,-11.911995163362887
140070,2016-12-31,0.09405624199029942,0.036575975997241085,0.1415973272395923,G5,2.1105627460432674
140410,2016-12-31,0.16983175644529844,0.021293490970615576,-1.4837507086535964,G1,7.183951518614072
140520,2016-12-31,-0.15033104444556245,0.03413735438999275,-0.014975992280798468,G2,-4.897608414110839
140860,2016-12-31,0.361386508944527,0.026131284851667436,0.15243179472796178,G5,13.184432424576825
141000,2016-12-31,-0.08733025881535621,0.0276789886744672,0.1728927817159598,G5,-3.76424910935484
141020,2016-12-31,-0.7565628117190122,0.05069558604198131,-0.4530137691819227,G1,-15.256222913152353
142210,2016-12-31,-0.11279935180490847,0.029412703615267488,0.04852123609720213,G4,-4.4082891240217235
142280,2016-12-31,0.02519835723620214,0.015108890163650681,-0.029706330340955996,G2,0.5518610232479069
143210,2016-12-31,-0.06009664503202719,0.018697600823298608,0.051266903393568666,G4,-4.115875368698783
143540,2016-12-31,-0.3319391609913787,0.028836472478325312,0.0813429392587789,G4,-12.095775962330363
144960,2016-12-31,0.23873553384082713,0.028734627273162016,0.16329991842784844,G5,7.721526438510922
145020,2016-12-31,0.6416903873794213,0.025732011131447134,0.40986468171626644,G5,24.28220765711802
145210,2016-12-31,-0.05755193126007794,0.02427588713151553,-0.0911856801395395,G1,-3.0652754524395442
145720,2016-12-31,0.4976756682796182,0.027342063183632494,0.16661754707420465,G5,17.585187898954683
145990,2016-12-31,-0.022086578406441307,0.012932143155508101,0.05055363001871672,G4,-3.011637559873635
149940,2016-12-31,0.019763775787344035,0.02874830496084898,0.028772220762510833,G3,0.10099468963295195
149950,2016-12-31,0.17644988795601532,0.014313693475364169,0.10328173427837996,G5,11.14943103821115
149980,2016-12-31,-0.12071760484722029,0.01997325727602668,0.038454308504999896,G3,-6.88810806351054
150840,2016-12-31,-0.11393759715430642,0.017989194934665508,-0.8349101991062018,G1,-7.270917196667096
150900,2016-12-31,-0.29819651847396844,0.016112315796139268,-0.5661778798084,G1,-19.553791777083344
151910,2016-12-31,1.0862026780653324,0.052556866461063466,0.6145592275628616,G5,20.346386693491336
152330,2016-12-31,0.29430171573838076,0.018779053198125874,0.09585886381664578,G5,14.773980517597096
153360,2016-12-31,0.06264731953442827,0.048924674382515285,-1.2246244459810358,G1,0.9358666248056215
153490,2016-12-31,-0.31429253786429284,0.01640142188296265,-0.1210211191274856,G1,-20.19049871881139
154040,2016-12-31,0.06645017999882054,0.041629957429284464,-0.024559186473394782,G2,1.1912054061719286
155650,2016-12-31,0.7724151267583717,0.03245307911640167,0.07466757873538514,G4,23.2814511805805
155660,2016-12-31,-0.08522192878825025,0.06490711492896695,0.053433334564086624,G4,-1.57274404432113
155900,2016-12-31,0.03164881335860689,0.029102871610101406,1.889963979030182,G5,0.5081444850660125
155960,2016-12-31,-0.10515322655983537,0.034460303987625486,-0.4545587359525365,G1,-3.540699358136813
158310,2016-12-31,-0.2228812929379786,0.030354411004847724,-1.607983740570554,G1,-7.898082507680367
159580,2016-12-31,-0.5730990323102942,0.0246509582495626,-0.04450281940167853,G1,-23.932513129428223
159650,2016-12-31,0.47080003699879047,0.06954409683494991,-1.0538203803485364,G1,6.527364765779947
159910,2016-12-31,0.17590301800064975,0.030374584647565362,-0.3122953084335613,G1,5.236044219062202
160550,2016-12-31,-0.2994067079588937,0.019020777225497987,0.028361308190262502,G3,-16.62745185750227
160600,2016-12-31,-0.36383186142462,0.024059917256876676,0.008419956875363661,G2,-15.822673328860358
160980,2016-12-31,0.23814182753573682,0.024210984894538632,0.08674558610634091,G4,9.139714012018674
161000,2016-12-31,0.2638964420179418,0.027661370830836852,0.06150152190947157,G4,8.930724868204896
161390,2016-12-31,0.10186042137130955,0.019606046274414358,0.13275774287026618,G5,4.335400953933478
161570,2016-12-31,-0.0884202037888207,0.0514102894872477,-0.10731115426346632,G1,-2.0478498465814927
161890,2016-12-31,0.11691377397562283,0.02403737173166958,0.07967890957533565,G4,4.162411158847761
166480,2016-12-31,-0.2188266471854953,0.018262310940848493,-0.06785935498989909,G1,-12.905650199431692
168330,2016-12-31,0.41431815727191407,0.03494387252388297,-2.0099317067507214,G1,11.374177471312466
170030,2016-12-31,-0.01414544778049251,0.00893690141184067,0.07255134115443408,G4,-3.4694124956734984
170790,2016-12-31,-0.14261811826170567,0.011661438943096814,-0.062200557283977144,G1,-13.675710921289117
170900,2016-12-31,-0.21440405237009158,0.01886228967609953,0.018985372443426175,G3,-12.260674922911246
170920,2016-12-31,-0.31373769393204,0.024627290421694623,-0.026241653920494892,G2,-13.42405266359144
171010,2016-12-31,0.09823134307745326,0.022406550171369836,-0.1308425520919314,G1,3.631571696881572
172580,2016-12-31,0.06884765655040952,0.04031583932227106,0.5182619507557493,G5,1.2895007960640752
173940,2016-12-31,-0.14479364696377775,0.02245736210743875,-0.06935519480098985,G1,-7.198262905534275
174880,2016-12-31,-0.06848511221303528,0.017733399876956987,0.032702178121733205,G3,-4.812695955403563
176440,2016-12-31,0.2005609402387813,0.03582307947304594,0.035212815827754644,G3,5.127995507104629
177350,2016-12-31,0.1894631115821761,0.02182145002256106,0.09515699580078571,G5,7.9097750953018044
177830,2016-12-31,0.14586851432174747,0.02758607214956566,0.045485238221238906,G4,4.676568812404453
178780,2016-12-31,-0.4774377321788036,0.026236837660218087,-0.40237719065645294,G1,-18.839849841303035
180640,2016-12-31,0.4598123190832053,0.021004171341408365,-0.4267742622776361,G1,21.08876195270815
181710,2016-12-31,0.4482475561483241,0.01909264807320615,0.008304732784980857,G2,22.59441460628847
182360,2016-12-31,0.37774412798632034,0.03561781436604313,-0.2662259201497974,G1,10.132114638679951
183190,2016-12-31,0.189517763729726,0.01244588267765904,0.09347319083660503,G4,13.872653193919685
183300,2016-12-31,0.17560693691180138,0.03463633373622279,0.11452813095660791,G5,4.583238759344614
184230,2016-12-31,0.09281942800566767,0.027520146216247324,0.06390398494094299,G4,2.7601262638086337
187220,2016-12-31,0.09587828283545137,0.019825251862047324,0.059608635500012414,G4,3.9857215300437376
187270,2016-12-31,-0.0594668154836657,0.026224424712582017,0.010849305862097033,G2,-2.9105372556521667
187420,2016-12-31,-0.08988683874137601,0.0185620747725912,0.22974967411978223,G5,-5.750822022834902
187790,2016-12-31,-0.2618430777914039,0.029793138934161092,-0.5062537006685939,G1,-9.354617788264989
189300,2016-12-31,-0.21484421772563508,0.01966510839379344,0.07939662577673978,G4,-11.782521750508817
189690,2016-12-31,0.0036581213589561012,0.011951359858719753,0.30334720040466445,G5,-1.104663272419259
189860,2016-12-31,-0.17455306953427766,0.03782568814022365,0.027648190344355304,G3,-5.060408114058319
189980,2016-12-31,-0.12338737165349842,0.01740921428297796,0.0809016479063729,G4,-8.055947788578644
190510,2016-12-31,-0.6757873302440954,0.02360815444764564,-0.014313831715635657,G2,-29.339340414367737
191410,2016-12-31,-0.14015476639898575,0.02570627857194484,-0.34307287914239504,G1,-6.108045379259896
192080,2016-12-31,0.5244661873474877,0.03212116758511137,0.31302705913578954,G5,15.802845159726411
192250,2016-12-31,-0.23797016026134438,0.015428217200939212,0.15616340699260295,G5,-16.517171530109188
192400,2016-12-31,0.10692483359875088,0.017421583033398514,0.11174378002783257,G5,5.169707240481
192410,2016-12-31,1.117979808295582,0.06558782346792381,-0.21732575286277067,G1,16.788473842004265
192440,2016-12-31,-0.3303734270099171,0.01748225196357096,0.21506051842034077,G5,-19.862073683860814
192820,2016-12-31,-0.08178643510720202,0.029092184724640598,0.04153443404152402,G3,-3.390834538253136
193250,2016-12-31,-0.32683233561215763,0.04780125320348267,-0.022851139232362438,G2,-7.190035035262774
194370,2016-12-31,0.003532026503171512,0.024851363841205548,0.05575770655210218,G4,-0.5363215971704016
194480,2016-12-31,-0.11714194944608701,0.026993116283391756,-0.6470946057555825,G1,-4.964313778727549
194510,2016-12-31,0.4972903973670642,0.03260676582344152,-0.6901330866931888,G1,14.734060112497444
194610,2016-12-31,-0.28194390801487024,0.02942578726935823,0.005963180020576125,G2,-10.154503426875918
195990,2016-12-31,-0.44525724252260895,0.024242115894149888,-0.003456340699757825,G2,-19.06259314123966
196170,2016-12-31,-0.16848125910925632,0.016395709247338245,-0.5241591940474285,G1,-11.304275159044746
196450,2016-12-31,0.04611963829526755,0.04162557685200584,-1.2591864163017774,G1,0.7029161121044735
196490,2016-12-31,-0.06941999372738952,0.029399082301925523,0.05327299684058918,G4,-2.934797164470951
196700,2016-12-31,-0.2611142812416675,0.034460914351170865,0.07135587966650382,G4,-8.06637421338684
197210,2016-12-31,0.15261403977594248,0.040887883032722665,0.010249188354884076,G2,3.320144748431922
200130,2016-12-31,0.14078663592966245,0.024806005804299886,0.11618180166039922,G5,4.9958178377041005
200230,2016-12-31,0.224138119182628,0.045359467085958324,-0.22026277318111254,G1,4.56966941740028
200670,2016-12-31,-0.09406878167875471,0.01919684528850592,0.2221392032189033,G5,-5.778508377911603
200710,2016-12-31,0.12290942547173386,0.02339438426326819,-0.17921489071538818,G1,4.533099680160986
200880,2016-12-31,-0.008229830664326934,0.021325032412210985,0.03908079452662199,G3,-1.1765600084297934
201490,2016-12-31,-0.1722257656779205,0.05186799297518795,0.18168572256257592,G5,-3.6455259685625987
203450,2016-12-31,0.03171350061966732,0.026996682212262403,0.1334033685922156,G5,0.5501843097805219
203690,2016-12-31,-0.2674399484233146,0.019365780431110962,0.30449703228894964,G5,-14.680549492182521
204320,2016-12-31,0.12779593560713126,0.023293113026102392,0.03581082964967568,G3,4.762591665290363
204630,2016-12-31,-0.10202368559658628,0.031246777331010084,-0.01959915844305122,G2,-3.8046814872314023
205100,2016-12-31,0.43637683329470295,0.029146426253007368,0.09316060754176693,G4,14.39341070506258
206400,2016-12-31,0.16079149857964437,0.025179383471870133,-0.3317898455390479,G1,5.7162300693379375
206560,2016-12-31,-0.3203646860969577,0.027654848147684968,0.1614721698798465,G5,-12.194065718474647
206640,2016-12-31,-0.13765672807773793,0.019723478560085973,0.22394061886998054,G5,-7.83416968043258
207760,2016-12-31,-0.22905787247697518,0.016310398261808266,0.1665041150051288,G5,-15.07738917100243
208140,2016-12-31,-0.48145369418810446,0.03954250302734105,-0.016761215286818287,G2,-12.601985349635115
208370,2016-12-31,-0.18229187645238368,0.02239338327865608,-0.6440778121525501,G1,-8.893351380831868
208640,2016-12-31,-0.25804216492694465,0.02205565807212129,-1.189189140473897,G1,-12.464035925764353
208710,2016-12-31,0.26649353072302184,0.04402749859210828,0.0948115218823912,G5,5.669937858277913
210540,2016-12-31,0.7031202110725098,0.027416235633730874,0.041908982684376934,G3,25.03114835276064
210980,2016-12-31,0.174342071294668,0.018242045275088457,0.09530924397535723,G5,8.632898300026543
213500,2016-12-31,-0.028727166147317507,0.01024416889961815,0.02783273751498651,G3,-4.450094121287518
214180,2016-12-31,0.3355741300408149,0.020797238059997294,0.2816170185390452,G5,15.324812817500954
214310,2016-12-31,-0.18971611335495475,0.034493784906327145,-0.17886124734502273,G1,-5.9888024340121735
214320,2016-12-31,0.20078078896219406,0.017459928339722795,0.07414985937675851,G4,10.533859918165303
214330,2016-12-31,-0.0014532941792306554,0.03036723034828796,0.04005309557056895,G3,-0.6030725759161233
214370,2016-12-31,-0.09948401053227529,0.02160990215133827,0.3678945031955241,G5,-5.383844839640789
214420,2016-12-31,-0.1792491529072908,0.020633970769108185,0.05533614232456001,G4,-9.504205698073518
214430,2016-12-31,0.2162696141255233,0.02144795616983833,0.14384495298082284,G5,9.297355090439686
214450,2016-12-31,-0.054039635395019575,0.019116763183329385,0.30089636350262255,G5,-3.7087860724872583
214680,2016-12-31,-0.11653765651231342,0.017580276708346953,-0.011884544175064174,G2,-7.587935524321237
215000,2016-12-31,-0.2320149622824636,0.01633808236764554,0.1683974792727672,G5,-15.232834939409008
215360,2016-12-31,0.414360470598778,0.02897507632843983,0.050770650320451166,G4,13.718691072377645
215600,2016-12-31,0.7409209103231207,0.040817068353477794,-13.989705007932564,G1,17.73916133325332
216050,2016-12-31,0.10184416747289976,0.02624240030451767,0.201106078965182,G5,3.2384163352587847
217270,2016-12-31,0.0031747110314160054,0.0435305945476913,-0.21781832351522487,G1,-0.3143912634581617
217480,2016-12-31,-0.07235478252725186,0.04293101667788224,0.2144544606861706,G5,-2.0781043422986185
217820,2016-12-31,0.7708202325597275,0.03718115708664476,0.07004217664736666,G4,20.278010206954953
220180,2016-12-31,-0.3093466290998078,0.028545480433266924,0.04140445099833966,G3,-11.427622649853726
220630,2016-12-31,0.22895743036305657,0.030051373675908273,0.044302909195204285,G3,7.057816491188952
221610,2016-12-31,-0.2328622609775186,0.016546032106853893,0.09716813123899666,G5,-15.092597972442299
222040,2016-12-31,-0.27719572196160736,0.027858182366717544,0.14164772207104537,G5,-10.555465096074208
222800,2016-12-31,-0.103774881005011,0.024697228311920602,0.03699946393288388,G3,-4.884565552529377
222980,2016-12-31,0.1450081408750753,0.024855542211228227,0.0845054243959369,G4,5.155702906647366
224060,2016-12-31,-0.4546731013575429,0.05287820337178291,-0.1223286512415782,G1,-8.917350078870385
226320,2016-12-31,-0.0469688968438174,0.026917241439241565,0.2182573622361312,G5,-2.371314558300649
227840,2016-12-31,-0.09766019798459441,0.012646540982623732,0.04179488222870733,G3,-9.05548385066672
228850,2016-12-31,0.07497253558159508,0.014847254922323017,0.14895966182964704,G5,3.9140020317070943
229640,2016-12-31,0.14069604696417998,0.017834215531572134,0.0426479929002571,G3,6.943714294279021
230360,2016-12-31,-0.18908168308396558,0.024009405838268095,0.40519760700093377,G5,-8.577556401086298
236200,2016-12-31,0.23962626628871095,0.021732512508474505,0.263682665215555,G5,10.25035262496661
237690,2016-12-31,-0.1029171568237225,0.02112548729634981,0.3065751528396297,G5,-5.669810347748429
237880,2016-12-31,0.09136625791449193,0.021006903466731543,0.10750739349601662,G5,3.5467344524211617
238120,2016-12-31,-0.15802503984746558,0.028489044204367833,-0.330172649797953,G1,-6.138689253428953
240810,2016-12-31,0.2542068930533821,0.02137026769285153,0.092258534400817,G4,11.106390748789083
241560,2016-12-31,0.009757142661551001,0.017797208368967064,0.04565416250463197,G4,-0.3991191675422802
241590,2016-12-31,0.04814428533558171,0.022315820624707397,0.054566311739693056,G4,1.401872519561098
241690,2016-12-31,0.4140118013190306,0.03239293212032581,0.15331152257441769,G5,12.260435399717263
241710,2016-12-31,0.1490645576365386,0.02543016611834409,0.06965021608888385,G4,5.198715862529237
243070,2016-12-31,-0.15748018330854793,0.022403114877100175,0.08767882935994914,G4,-7.781977368562417
246720,2016-12-31,-0.3147823503008169,0.050412010992917214,-21.563202363045235,G1,-6.578644521793858
248170,2016-12-31,0.259933357893844,0.019962632675473303,0.04259856235032474,G3,12.176400387416898
249420,2016-12-31,0.044350050440910206,0.020967646638789153,0.06247370921693243,G4,1.311053227103986
900040,2016-12-31,0.03243478084273637,0.013930972254597496,0.09498819632255825,G5,1.1179715893301605
900050,2016-12-31,-0.2266833048694598,0.016759224501652077,-2.008874602330146,G1,-14.531916706277286
900070,2016-12-31,-0.3991596740477862,0.017590392198302295,0.039901972312906056,G3,-23.65041205495619
900080,2016-12-31,-0.18685060178368917,0.014115028663207319,0.1666735232650981,G5,-14.432202462687039
900090,2016-12-31,-0.22420355357769234,0.026995599817959123,0.05729925842515374,G4,-8.92974799054739
900100,2016-12-31,-0.4084254583340966,0.041296627324199184,-0.29402361031457386,G1,-10.298318180943443
900110,2016-12-31,-0.4189043504370805,0.013906908894752268,-0.08860599310335475,G1,-31.334403884091362
900120,2016-12-31,-0.3861852635413112,0.03563681277068334,0.1760636864875276,G5,-11.309810890923073
900130,2016-12-31,0.4491885141429368,0.062331663686135394,-0.00973414488060891,G2,6.9359317387954
900140,2016-12-31,-0.3394341317095532,0.02044174603398013,0.10607757128758352,G5,-17.429747966129593
900180,2016-12-31,-0.13701300651150744,0.01420098175007046,0.10021327284569269,G5,-10.835402711583205
900250,2016-12-31,-0.22524161301354742,0.013469186587749414,0.4036538144743523,G5,-17.97450507398088
900260,2016-12-31,-0.3089488037273429,0.015567531485986651,0.19356284999986442,G5,-20.928761484823372
900270,2016-12-31,-0.06529281333839569,0.03246513227260451,0.14859825497435025,G5,-2.5305044901378624
900280,2016-12-31,-0.4981296979015639,0.02305638045690609,0.20091025967102152,G5,-22.336118564423597
900300,2016-12-31,-0.21907755139137136,0.020866906501454053,0.20770180056748627,G5,-11.30679820821933
950010,2016-12-31,,,-3.2211877584780813,G1,
950110,2016-12-31,0.3997266570538849,0.020802180736833212,0.062157860221516655,G4,18.405104361275743
950130,2016-12-31,-0.3732760195033,0.012449820854122308,-0.03544005432206658,G1,-31.33670546146615
950140,2016-12-31,-0.3729119643723706,0.022631009416528205,-0.00358323882146267,G2,-17.22293101685761
