종목코드,날짜,기간수익률,표준편차,Y4,그룹,성과
000020,2019-06-30,-0.17181641831200745,0.020330220950406607,-0.0016780782606407559,G2,-9.115411808474231
000040,2019-06-30,-0.7196077847252933,0.031134925557309172,-0.02908993270903471,G1,-23.546216649341215
000050,2019-06-30,-0.12658567349551242,0.011499139972768333,0.0015082681434187798,G2,-12.182440742131998
000080,2019-06-30,0.417545682581186,0.020188249696069006,-0.00862040217236771,G2,20.01380856962756
000100,2019-06-30,-0.0541857912824401,0.015330534482615944,0.002704916519795549,G2,-4.415221737207775
000120,2019-06-30,0.10016317245069985,0.015877019718992937,0.0019387223114539578,G2,5.458282232830628
000140,2019-06-30,0.5436737191621428,0.038641106890558066,-0.007743820930401653,G2,13.720409274390398
000150,2019-06-30,-0.21079616904736548,0.01755106316408587,0.006276308226320987,G3,-12.77974358354302
000180,2019-06-30,-0.24467789182462754,0.012981531905532686,-0.006676945001141229,G2,-19.88823903924708
000210,2019-06-30,-0.3245927913769673,0.018747110170466326,0.01116167617394908,G4,-18.034497376444257
000220,2019-06-30,0.03130072739138039,0.023489107482379847,0.009264418044834489,G3,0.7577473770134884
000230,2019-06-30,-0.22145911674505217,0.017981702313065083,0.005197536142279941,G3,-13.066673580874163
000240,2019-06-30,-0.2408158195807168,0.015303746062858791,0.007737255772742036,G3,-16.618005574866977
000250,2019-06-30,-0.21632704467534494,0.027160304021757047,0.018769094692723892,G4,-8.461943662318992
000270,2019-06-30,-0.05754635534549239,0.014672139125543803,0.009273970337145486,G3,-4.8423936377496855
000300,2019-06-30,-0.2290469589122721,0.02009371180725595,0.004825876248836976,G3,-12.070884615400203
000320,2019-06-30,-0.1266603765711376,0.012218792829959878,0.011336512554129242,G4,-11.471042706910106
000390,2019-06-30,-0.06261919024174338,0.03438352283854332,0.00843245634997787,G3,-2.213883330321003
000430,2019-06-30,-0.29558075691762614,0.012317378741093496,0.002282338414102224,G2,-25.093218388639556
000480,2019-06-30,-0.05542594381630107,0.014186104038420001,0.004338429543954308,G3,-4.8588295586895445
000490,2019-06-30,-0.07336877994842805,0.032026688620685216,0.0192922641456774,G4,-2.712447071425913
000500,2019-06-30,0.06089453575397908,0.018592460573781115,0.004749145669198746,G3,2.549023447310276
000520,2019-06-30,-0.14776444982246986,0.035846393846081376,0.006759173564096975,G3,-4.498817044836944
000590,2019-06-30,-0.12654703019957858,0.011183879489506396,0.015302180068346079,G4,-12.522394231733522
000640,2019-06-30,-0.01530826126238341,0.01671197739079794,0.004329194085827183,G3,-1.7239240095230275
000660,2019-06-30,0.32565888221772477,0.020000085343535617,0.008519843107650393,G3,15.607781619311956
000670,2019-06-30,-0.1201483431262507,0.016548015850488186,0.013241468811953034,G4,-8.076512745818226
000680,2019-06-30,-0.3018261315871218,0.018446155185558474,-0.0011867385863734744,G2,-17.094513529963784
000720,2019-06-30,-0.3080659431599312,0.020485668401295037,0.010434759569883507,G4,-15.697211077956423
000760,2019-06-30,-0.15715096382383997,0.01389242341084242,0.0004157125709849764,G2,-12.283881406815755
000850,2019-06-30,-0.09793995967122492,0.014807776697994875,0.014327383538977594,G4,-7.5259020818793445
000860,2019-06-30,-0.2917258719650361,0.010851133878470726,0.010514069301391876,G4,-28.128653944528757
000880,2019-06-30,-0.18357003660108043,0.0171890842095749,0.0010895040014694069,G2,-11.464947870784405
000890,2019-06-30,-0.15839594762306608,0.028678198970103548,0.0027393807905213277,G2,-5.994025831625108
000910,2019-06-30,-0.26446899689189846,0.032783508313568695,0.013716615461720028,G4,-8.478986203714776
000950,2019-06-30,-0.1696206755593789,0.01719234920023429,-0.020953770232037042,G1,-10.651400296423862
000970,2019-06-30,-0.4121735578470047,0.02188565702975869,0.0034677062320377433,G3,-19.44997470610172
000990,2019-06-30,0.6741179108817732,0.02767842529074663,0.02755613753665161,G5,23.86754254023292
001020,2019-06-30,-0.43384027122204005,0.02826705942677517,-0.02310773917715549,G1,-15.825565095976236
001040,2019-06-30,-0.1767145268561231,0.017409487592239665,0.007130143674286385,G3,-10.926022012797887
001060,2019-06-30,0.007546207530502808,0.026071493707740746,0.0024545911537745962,G2,-0.22843763170915174
001070,2019-06-30,-0.06891733582283541,0.010790311906504323,0.0014588756329035927,G2,-7.638264245297008
001080,2019-06-30,-0.2770699828400308,0.015426622698052925,-0.0022201459358892,G2,-18.83574300970779
001120,2019-06-30,-0.3631825451267454,0.017533972192746685,0.017926321058978883,G4,-21.483121952867496
001140,2019-06-30,-0.7321145180938174,0.0671658868899593,-0.09097260642193654,G1,-11.101117999433425
001210,2019-06-30,0.24886470769780722,0.0571651739477787,-0.072915199486355,G1,4.117240858999147
001230,2019-06-30,-0.27888450480334265,0.020729332262907782,0.0035020729657617047,G3,-14.104960975262385
001250,2019-06-30,-0.32641661526801635,0.016846996140345932,0.004806328629952103,G3,-20.17680364169987
001260,2019-06-30,-0.19532995931800878,0.03537655062518525,-0.0016709904699906916,G2,-5.903115861656577
001340,2019-06-30,0.1962170302156092,0.04291694564965483,0.01307318875506515,G4,4.257411836782462
001360,2019-06-30,0.5950574729900068,0.050353576692673686,-0.0011487483615852925,G2,11.54943885577849
001380,2019-06-30,-0.31219984656607264,0.025649901405608678,0.0034945888671302928,G3,-12.697973345935472
001390,2019-06-30,0.009991074776926165,0.023233880659057578,0.009178859515742342,G3,-0.15110876580681373
001430,2019-06-30,-0.3355565583806017,0.016251077998017206,0.002860892311980012,G2,-21.479096724008677
001440,2019-06-30,-0.13726706575598846,0.0205515758913939,-0.009070974110950387,G2,-7.336127621597285
001460,2019-06-30,-0.04294020064644131,0.013885682277984505,0.008587950555082042,G3,-4.064770986741387
001470,2019-06-30,-0.26147486070204407,0.03448966841054442,0.0036911506779649175,G3,-7.972728970226789
001520,2019-06-30,-0.46043677180034953,0.02221113021998812,0.002472691472051109,G2,-21.337891629758865
001530,2019-06-30,-0.150954484914679,0.015540793142269088,0.011772152701957672,G4,-10.58223999363305
001540,2019-06-30,0.020878579577905884,0.037761209852961684,-0.006597605755306016,G2,0.19535024959239125
001560,2019-06-30,-0.004635729803769195,0.023916520998857584,0.01944922387132798,G4,-0.7583731602457868
001570,2019-06-30,0.1082781882968436,0.025320014723005792,0.0038635061798389975,G3,3.7431364683414112
001620,2019-06-30,-0.3624898944769621,0.012601297665254793,0.0007715391225464464,G2,-29.83754707436941
001630,2019-06-30,0.06112130647498909,0.030199394693982938,0.014019485190616712,G4,1.5768325540729409
001740,2019-06-30,0.009294181920528718,0.01918113734466053,0.0005430949351539015,G2,-0.21936842493136877
001780,2019-06-30,-0.12971173828680688,0.023810344417807026,-0.000856086050150546,G2,-6.014766253776696
001800,2019-06-30,-0.06965314107270154,0.02007916976522045,0.0052229572698621295,G3,-4.141359421391781
001810,2019-06-30,-0.1833468296820409,0.015464522744624598,0.00355479046728584,G3,-12.729054154528232
001820,2019-06-30,0.12653117845591175,0.03196177161814556,0.043718432848127355,G5,3.536389096264076
001940,2019-06-30,-0.1570202818200665,0.014306420960223235,0.009869800224621748,G4,-11.919277372195042
002000,2019-06-30,,,0.009810055543870691,G4,
002020,2019-06-30,-0.09723260417533611,0.030363632919188952,0.0001024630553529214,G2,-3.646945748496854
002030,2019-06-30,-0.0967536336867828,0.012080469275068364,0.015500459274082515,G4,-9.12676064021346
002070,2019-06-30,1.4208993384548925,0.09047933461090878,-0.02251829980590706,G1,15.55490462765835
002140,2019-06-30,0.042458679735903976,0.049732141490988466,0.0060380767986137045,G3,0.5822544748637424
002150,2019-06-30,-0.2722192288248208,0.027828230076852294,0.02072304148552788,G5,-10.267312935245014
002170,2019-06-30,-0.03700547862718113,0.020494625493531964,0.026666033890519584,G5,-2.4644215358480324
002200,2019-06-30,-0.0645755765018198,0.012119768757290273,0.02078290372450041,G5,-6.442160397084627
002220,2019-06-30,-0.1255580972090986,0.011695377975191927,-0.015505209784781149,G1,-11.890168518904643
002230,2019-06-30,-0.08860744767586248,0.01396193984704147,0.008995372977419423,G3,-7.313408208510409
002240,2019-06-30,-0.3598526760448889,0.015393468254964862,0.0035317691098090214,G3,-24.25409190892961
002300,2019-06-30,-0.14712478538493232,0.014304726631030735,0.003332492446732169,G3,-11.228925049480475
002310,2019-06-30,-0.06539475750048224,0.021912417938320064,0.02200258055689334,G5,-3.600546298942584
002320,2019-06-30,-0.031544353551930776,0.03023329293109826,-0.0016199936572496192,G2,-1.4899558398355905
002350,2019-06-30,-0.16496805551432586,0.016334566694219822,0.011131745254719543,G4,-10.925908024588049
002360,2019-06-30,-0.06286692532589636,0.043707496653084134,-0.007093894543984171,G2,-1.7472710400293927
002380,2019-06-30,-0.14516179491113923,0.023100996883279046,-0.013925226478742352,G1,-6.868262591481595
002390,2019-06-30,-0.008479635908005642,0.021506908657274487,-0.00836589672944193,G2,-1.0220694227382496
002450,2019-06-30,-0.022293961275338236,0.029412641229078867,0.009557586106220274,G3,-1.2170236193602268
002620,2019-06-30,-0.27118581611578924,0.024304951859476554,0.0042021569241013235,G3,-11.713157696011152
002630,2019-06-30,-0.3669987414260573,0.043894285439291816,-0.08933495164270107,G1,-8.668569391806813
002710,2019-06-30,0.041674930660151224,0.019389259809190568,0.0036629223973203054,G3,1.4530215763356773
002720,2019-06-30,0.6437778422095778,0.042980661098930416,-0.0507955281810135,G1,14.664174730831284
002790,2019-06-30,0.21792835853581866,0.03096628428199774,0.009400133623529401,G3,6.6015812186560225
002800,2019-06-30,0.0037181888211345743,0.027720549423519467,0.005851010176680244,G3,-0.3529413806922452
002810,2019-06-30,0.04841770435860688,0.01432142928369152,0.023268693190705698,G5,2.438009912191373
002820,2019-06-30,-0.2130728851977478,0.014287010041264241,-0.005871096873332249,G2,-15.85879777165171
002840,2019-06-30,0.284884947783141,0.01638077947089582,0.041275152388952595,G5,16.56716217058508
002870,2019-06-30,0.05433334230806561,0.020303479991461273,0.01684845582347753,G4,2.011055470146906
002880,2019-06-30,-0.2137936931214508,0.022366135783651233,-0.0016596846889762162,G2,-10.162489091916099
002900,2019-06-30,-0.1952345042018917,0.04311892630109688,0.004615563650306734,G3,-4.840946654202773
002920,2019-06-30,-0.18116437278505204,0.011105557165806607,0.009088334084403625,G3,-17.528727977074208
002990,2019-06-30,-0.3546326716710302,0.0243691966701974,0.013389695310107244,G4,-15.106554165959189
003000,2019-06-30,-0.16067310617865116,0.02206351844372454,-0.03092856158703698,G1,-7.8942542383311665
003010,2019-06-30,-0.20376554292524326,0.028818956028563172,0.008965186357924957,G3,-7.539046886990747
003030,2019-06-30,-0.3316396065649406,0.01349039159970379,0.00869785929706395,G3,-25.584248005131155
003060,2019-06-30,0.26411410910444194,0.05699337403558436,0.0078017806358812855,G3,4.397216264819673
003070,2019-06-30,-0.1143581587083587,0.02187281318198181,0.00390976073371541,G3,-5.8456164487293885
003100,2019-06-30,-0.10204746070466042,0.016433160972175773,0.0023572109399409256,G2,-7.031476093280226
003160,2019-06-30,-0.15042179045388282,0.02205894501853205,-0.010842689885896074,G1,-7.431167180678279
003200,2019-06-30,-0.3381891881373649,0.008979701306411566,0.003267170207758314,G3,-39.16512297513441
003220,2019-06-30,0.016678653457043585,0.013659201188087552,0.020694732633077265,G5,0.23257111489029983
003240,2019-06-30,-0.32392578621222795,0.017716673454378228,0.023470121209290196,G5,-19.045770916834297
003280,2019-06-30,-0.2320406293872902,0.05404082997174411,-0.030968434221431453,G1,-4.543648706429828
003300,2019-06-30,-0.30897182152072167,0.015377170181947505,0.01267245548251157,G4,-20.970941695600054
003310,2019-06-30,-0.07710623908537059,0.026494617889526437,-0.0017117642530215273,G2,-3.419870302391037
003380,2019-06-30,-0.3465793670373204,0.01902921544806832,0.0011918179095563987,G2,-18.922550213813036
003410,2019-06-30,-0.22569641141201685,0.013066414280190322,0.017096210255391778,G4,-18.306348175633683
003480,2019-06-30,-0.30321363199809537,0.011620461658075499,0.013263083493674511,G4,-27.254988581819113
003490,2019-06-30,-0.17505692566322142,0.019379334890295512,-0.014658071823147819,G1,-9.729892410593731
003550,2019-06-30,-0.07989949881187203,0.011646162574326987,0.023204403896563117,G5,-8.019930687382553
003570,2019-06-30,-0.06573319261506542,0.014498492140190708,0.004646084154702427,G3,-5.4650586872851425
003580,2019-06-30,0.8821888268800934,0.06372884707590781,-0.06483393901017052,G1,13.630984223473806
003610,2019-06-30,-0.10317999572146111,0.01375855623827064,0.008995006314619029,G3,-8.480680058938104
003780,2019-06-30,0.13580202484899156,0.023024427965175925,0.03171026384244467,G5,5.311754421249872
003850,2019-06-30,0.19358931276396477,0.02189391719989456,0.020673013027186226,G5,8.225453367322174
003960,2019-06-30,-0.3090375122535255,0.018271610445156825,0.07160788979872304,G5,-17.652490514170236
004000,2019-06-30,-0.2790354117686308,0.017554983486483773,0.02348783303102435,G5,-16.66406179203103
004020,2019-06-30,-0.37142346717101926,0.01581517768003744,0.0014839474839310606,G2,-24.33898580002088
004060,2019-06-30,-0.15433211834779426,0.023378903815499195,-0.010759630474005476,G1,-7.178866788645016
004080,2019-06-30,-0.037911665139193994,0.0074155736491380644,0.0027574214279436557,G2,-6.9331902533783225
004090,2019-06-30,0.0475564513722465,0.0477377389092414,0.003952775882413736,G3,0.7133671250909379
004100,2019-06-30,0.11754841978304992,0.03646087127281094,-0.008694148635183079,G2,2.85364826299197
004150,2019-06-30,-0.338771191678078,0.015130492452461454,-0.0010026339721423273,G2,-23.282329414796326
004170,2019-06-30,-0.07714685172688084,0.024215167785090058,0.0017585020440380782,G2,-3.7434706354136815
004250,2019-06-30,0.034342732482429264,0.020357683605578752,0.017751881315551225,G4,1.0237321238502284
004270,2019-06-30,0.027061704259058725,0.047329299224576356,0.0010658991395900964,G2,0.2864987792550808
004360,2019-06-30,-0.3245214686378801,0.015382876375894444,0.012162195739176714,G4,-21.974003962990615
004370,2019-06-30,-0.08139205121243899,0.01370289986287425,0.0017518964285005857,G2,-6.925101253768753
004430,2019-06-30,-0.47832940678488084,0.025084819037545916,0.01339732909944587,G4,-19.60673201815597
004490,2019-06-30,-0.22525278452984976,0.016013040865722365,0.015846130098007876,G4,-14.910016425996202
004540,2019-06-30,0.7136239919696375,0.04889813129045882,-0.026936124199737656,G1,14.317971989617295
004560,2019-06-30,-0.07356086446574057,0.01681728913479075,0.017693206244153444,G4,-5.176980759274019
004590,2019-06-30,-0.1301012180299055,0.015780519784792477,0.011438070906939742,G4,-9.100025715028318
004650,2019-06-30,-0.11260185198101129,0.016244316828311237,0.011954410841296198,G4,-7.762946950742293
004690,2019-06-30,-0.1697978415785282,0.008295242311599553,3.760291044338696e-05,G2,-22.096974687578726
004710,2019-06-30,0.36787467021872544,0.034477054879913996,0.012245470594601158,G4,10.278509972641558
004720,2019-06-30,-0.08124858840821622,0.02341900385610283,0.006387121009004694,G3,-4.045881148430831
004770,2019-06-30,0.477786889064543,0.05005456654088619,-0.047810861305377164,G1,9.275576702418967
004800,2019-06-30,-0.003173675346935023,0.01506770669059075,0.012906604437377171,G4,-1.106710762133928
004830,2019-06-30,0.06113549712616778,0.03504022793747486,-0.0047007737764305,G2,1.3593969594873958
004840,2019-06-30,-0.1474980306766345,0.015427302008557846,0.01058628348162392,G4,-10.436040494672604
004870,2019-06-30,-0.26503841893738456,0.03976392864340934,-0.03840594631067093,G1,-7.004849526903331
004890,2019-06-30,-0.1371611026621624,0.006294251310934508,0.006137275306095071,G3,-23.93660707646778
004910,2019-06-30,-0.21051997964426533,0.013326094331663752,0.00752851377327435,G3,-16.810769297962455
004920,2019-06-30,-0.2751274762451695,0.025285820425115266,-0.02766257546149489,G1,-11.41467388444735
004960,2019-06-30,-0.2930364317361714,0.013227370714481821,0.011936090255623316,G4,-23.174548907802276
004970,2019-06-30,-0.21863889801987058,0.010451652915310146,0.009993180291919524,G4,-22.21091895311959
004980,2019-06-30,-0.36855607193412565,0.02905432902170852,0.017292281031496663,G4,-13.149778453217163
005010,2019-06-30,-0.2998220144349453,0.013136525357509515,0.0009893949820436398,G2,-23.851355188383383
005090,2019-06-30,-0.2310225138638294,0.01551891079724475,0.005727649373821708,G3,-15.756545988746955
005110,2019-06-30,0.0005867387432687277,0.05339242530111885,-0.018444894568154055,G1,-0.24189159777088803
005160,2019-06-30,-0.10085340269923575,0.019284070797388638,0.004961353557609734,G3,-5.930040483098641
005180,2019-06-30,-0.24341664836025562,0.012815253986836606,0.024465758270786758,G5,-20.047871578071945
005190,2019-06-30,0.010674541108519817,0.010367045587686427,0.023862507934241613,G5,-0.27272733352861744
005250,2019-06-30,-0.02971452251959786,0.020293010759813726,-0.011100456835015163,G1,-2.1296219096970366
005290,2019-06-30,0.6923444626542179,0.044985555147385566,0.019929103104296634,G4,15.09023380109273
005300,2019-06-30,-0.30079857118112047,0.01783539178884445,-0.012411856709645164,G1,-17.622292389782316
005320,2019-06-30,-0.5670317535647973,0.02895344015989705,0.012923815458838759,G4,-20.050593924831926
005360,2019-06-30,0.45979828606583073,0.06438610365898602,-0.0040487167659304804,G2,6.931563534600132
005390,2019-06-30,0.39234066720276467,0.05624683458618511,0.015785853458387455,G4,6.735290122221257
005420,2019-06-30,0.04018456834791323,0.054033611638431525,-0.009006324895108246,G2,0.4938157885547666
005430,2019-06-30,-0.15364211588233373,0.014680182134809771,0.009563523012773354,G3,-11.385692095346661
005450,2019-06-30,,,0.04022594745381679,G5,
005490,2019-06-30,-0.08404141087254824,0.015356528648799772,0.008626527085187826,G3,-6.351912656275424
005610,2019-06-30,-0.23093827418422933,0.017300519923991668,0.014087248438151028,G4,-14.129066239995979
005670,2019-06-30,-0.21128840621147293,0.020709076095852413,0.18841239984207633,G5,-10.854676615182887
005680,2019-06-30,-0.3091653140050298,0.012815090580643316,0.006091742072965309,G3,-25.17869302466148
005710,2019-06-30,-0.15233201600450844,0.013552082224262858,0.02934522618868274,G5,-12.23678627892533
005720,2019-06-30,-0.12417002231332379,0.012936410671354382,0.009018340281844889,G3,-10.642205447790513
005740,2019-06-30,-0.18259010552106855,0.02198149623320853,-0.0008494402347600397,G2,-8.920776877464867
005750,2019-06-30,-0.1372012154050256,0.013538912428984272,0.0003874365604519521,G2,-11.131110715408546
005800,2019-06-30,-0.19684048776856147,0.012705098916496554,0.0021054402750140754,G2,-16.555747181446016
005820,2019-06-30,0.04757321304024529,0.017997448236853404,0.0051906066457660755,G3,1.893118112280956
005850,2019-06-30,-0.31333388443899124,0.021474376876490023,0.02025631599807713,G5,-15.219803774843292
005880,2019-06-30,-0.24006094869751288,0.01972961710047567,0.0054112113970399885,G3,-12.851889887899484
005930,2019-06-30,0.19716438460564484,0.014308099845894305,0.015106356726390035,G4,12.836258397380938
005950,2019-06-30,-0.024737477787339007,0.01484928725300039,0.007410754180167007,G3,-2.5751670732769787
005960,2019-06-30,-0.21769890197187783,0.020759871143380886,0.01395208221072132,G4,-11.13691015629514
006040,2019-06-30,-0.19599586982080902,0.015374981603496329,0.010247139943500148,G4,-13.62588866977165
006060,2019-06-30,0.24123202027656365,0.026396478120942975,0.01511079223103554,G4,8.627291164561205
006110,2019-06-30,-0.11412873359903225,0.018960925352839973,0.008447663575202265,G3,-6.731245919289211
006120,2019-06-30,-0.08744670574741834,0.03312724996550057,0.020633753271820432,G5,-3.0472986336254158
006200,2019-06-30,-0.1155688213650773,0.012596689884309925,0.004040558241723611,G3,-10.246401265626398
006260,2019-06-30,-0.15191502250446928,0.01807767006159905,0.004410151789422743,G3,-9.150346242023215
006280,2019-06-30,0.0464657689533015,0.020584862213629814,-0.007940274929523537,G2,1.6013637012958024
006340,2019-06-30,-0.20787119137736043,0.02707029439507125,0.0012445028186172662,G2,-8.177713398857069
006360,2019-06-30,-0.3392495089588404,0.01883570248474513,0.011236529559611592,G4,-18.72780837628699
006370,2019-06-30,-0.1021945858872754,0.017184238851467373,-0.005262277517778202,G2,-6.7327104037322645
006400,2019-06-30,0.18000794719797214,0.01882749657247944,0.008104955825784362,G3,8.843768939155641
006490,2019-06-30,0.2043718925281807,0.05421001620753517,0.07118582504492782,G5,3.520935577463094
006570,2019-06-30,-0.04664172353809189,0.01569673213173845,-0.0012741721219034147,G2,-3.8316027082287976
006580,2019-06-30,-0.2251255713922753,0.018932466713334355,0.0369348252023282,G5,-12.604141489520028
006650,2019-06-30,-0.2920577408997421,0.022664623938853348,-0.005576101127244406,G2,-13.481788161688783
006660,2019-06-30,-0.35144479904274395,0.010573685681551561,0.005006191816919468,G3,-34.514617498769034
006840,2019-06-30,-0.3412890059481505,0.023594981742705835,0.0006967599302109126,G2,-15.036711094978909
006880,2019-06-30,-0.33043294779600263,0.02546917346082366,-0.0026498240374221993,G2,-13.503966515963219
006890,2019-06-30,-0.057640458964722724,0.029426483107996004,0.0004894171493016012,G2,-2.417630965679704
006910,2019-06-30,-0.08680543452525274,0.028899923967852577,0.017002986933541207,G4,-3.47085177265694
006920,2019-06-30,-0.05601873956166431,0.025231762232210683,0.017378881796280842,G4,-2.7552834689102257
006980,2019-06-30,-0.006753324423512189,0.0396346749776915,-0.005398754817142513,G2,-0.5110485261486835
007070,2019-06-30,0.023184649069273113,0.014110097892040967,0.008046314110966669,G3,0.6862270790137935
007120,2019-06-30,-0.19469275548496418,0.023209924024088533,0.03447160904243427,G5,-8.970071296963638
007160,2019-06-30,-0.42292386067285836,0.015124189191909044,0.0005742820423427899,G2,-28.85614381989821
007210,2019-06-30,-0.26083937268606466,0.029352573087320064,-0.0004560348368399291,G2,-9.346413674813256
007310,2019-06-30,-0.2920951018032043,0.010856965766791966,0.012188373598601764,G4,-28.147553025003386
007340,2019-06-30,-0.12049440055746442,0.010085089373800782,0.01583320505543304,G4,-13.286577183319912
007460,2019-06-30,0.13751581775686678,0.0517687833508895,0.016504530472970555,G4,2.395534372675513
007530,2019-06-30,-0.12357870076420531,0.016255906598014166,0.03872414607125828,G5,-8.432665243608765
007540,2019-06-30,-0.08051426271070931,0.02496848052723317,0.02541065741017094,G5,-3.7653945507971476
007570,2019-06-30,-0.011096281679706332,0.027221858783278992,0.007591824699920172,G3,-0.903619392186213
007590,2019-06-30,-0.10233665601815162,0.009142531938747788,0.009727344602515252,G4,-12.670294684498161
007610,2019-06-30,-0.27648339599142313,0.028156614746199512,-0.0013345147912468553,G2,-10.299012023055205
007630,2019-06-30,-0.4112330540375482,0.02586564378615599,-0.00993281501952735,G2,-16.420815787817244
007660,2019-06-30,-0.30203494380417634,0.029559828949058526,-0.01085876086426446,G1,-10.674515815235976
007680,2019-06-30,-0.09652944754281717,0.027828542986309827,0.004335215856914626,G3,-3.9539032066883975
007690,2019-06-30,-0.09653701283806206,0.014580179419152935,0.009968418222374454,G4,-7.547158884871538
007700,2019-06-30,0.19527517931621632,0.03062100339319474,0.03749196323820728,G5,5.936228123353878
007720,2019-06-30,-0.341192763106949,0.03428972774068099,0.0029753829375742196,G3,-10.344050661398573
007770,2019-06-30,0.007902304727087028,0.04607026323620638,0.010360077830595308,G4,-0.12154506373064133
007810,2019-06-30,0.6960220342868289,0.03848480946287302,0.0030169785827060015,G3,17.734792662467225
007820,2019-06-30,-0.13983587208295928,0.026277350159068933,0.014080105272198322,G4,-5.835359690492154
007860,2019-06-30,-0.1812248452268099,0.03751676976762925,0.004563687984986264,G3,-5.190392569539554
007980,2019-06-30,-0.23875246282459886,0.016750567457727645,0.002929192056109834,G3,-15.059452837607834
008040,2019-06-30,-0.3104797644727843,0.020541521183209736,0.002026879292383839,G2,-15.772039441062434
008060,2019-06-30,-0.23076884988443883,0.019888777909578357,0.018157729850412484,G4,-12.281838974883327
008110,2019-06-30,-0.23482206392983695,0.02307002331651881,0.010640744443399096,G4,-10.763924176888409
008250,2019-06-30,-0.30129123725999923,0.024269468288625796,0.006265452754351281,G3,-12.970747909452566
008350,2019-06-30,0.3286248570731044,0.05286296230304023,0.027499655825745616,G5,5.961129031294602
008370,2019-06-30,0.052127082768235,0.020631630049871556,0.006024434341337112,G3,1.872133460451241
008490,2019-06-30,0.078540160069513,0.016025941181025294,0.01641230854701549,G4,4.058310306186515
008500,2019-06-30,-0.22413620963329278,0.01661910277101842,-0.044581420863386165,G1,-14.29909488591179
008600,2019-06-30,0.35780902322392605,0.036684614059694885,-0.007637237741850735,G2,9.385599773666273
008700,2019-06-30,-0.358950918586742,0.02504430378577484,0.0002956702515450188,G2,-14.871758447783813
008730,2019-06-30,-0.03899459427927242,0.027353330922687644,0.005694303555889645,G3,-1.9191999773581303
008800,2019-06-30,-0.0345348167729441,0.0045587678366394695,-0.0040567339131445295,G2,-10.537218893904871
008870,2019-06-30,-0.1198318564967269,0.009001496029888003,0.009119228958626161,G3,-14.812401612157908
008930,2019-06-30,-0.6508077385913517,0.03140897332326771,0.011843824013153056,G4,-21.150314260907454
008970,2019-06-30,-0.389810679795647,0.025401169535635572,0.005359618811625585,G3,-15.877717639656495
009070,2019-06-30,-0.26271918101663905,0.02068703999388013,-0.0034792381326894687,G2,-13.352374187248296
009140,2019-06-30,-0.22051388393661145,0.0220746364082325,-0.0006659805110956991,G2,-10.601116929724691
009150,2019-06-30,0.27258047789782447,0.01936892910223,0.0349510930309715,G5,13.375987837127088
009160,2019-06-30,-0.15724473806288786,0.026379878511788808,0.0071601652482470215,G3,-6.4726096367275785
009180,2019-06-30,0.12276647924446289,0.02737859349154512,0.008159704574739288,G3,3.990875625878521
009200,2019-06-30,-0.20733437047312267,0.013911632731969246,0.006554991726199296,G3,-15.874217824472542
009270,2019-06-30,-0.2154440107768402,0.03594631763075878,0.0002764867682297183,G2,-6.369106592135418
009290,2019-06-30,-0.13471267777072052,0.01633653629239667,0.009926283536845522,G4,-9.07258386515638
009310,2019-06-30,0.1353232743824933,0.037296168733889926,-0.006860317451970555,G2,3.2663236120437937
009410,2019-06-30,-0.04727932663115285,0.02035043460002993,0.013925638968210158,G4,-2.9867295531508016
009420,2019-06-30,0.12437133653900015,0.036577648173174215,0.023117951764337556,G5,3.0310701826940263
009450,2019-06-30,0.015532670446472316,0.01959409362509449,0.012007261050024602,G4,0.1036410602658518
009470,2019-06-30,0.06677043121521728,0.041803891309654465,0.018266510329130795,G4,1.2742477252278175
009540,2019-06-30,-0.010503840020491262,0.019822637428958224,0.008124742404368949,G3,-1.211027438439711
009580,2019-06-30,-0.24611855893531545,0.02029193960017173,0.008750249245978486,G3,-12.794266189385732
009620,2019-06-30,-0.6854726851747059,0.06163682427182182,-0.015671201976713886,G1,-11.340211168252411
009730,2019-06-30,-0.09798748950049643,0.05053621676353986,-0.051797333695287905,G1,-2.2061288804102044
009770,2019-06-30,-0.0691705786947347,0.013452306246861265,0.010301787873037696,G4,-6.145600240274285
009780,2019-06-30,-0.3068070428224674,0.02863179437666671,0.01826460691233024,G4,-11.187177318223554
009810,2019-06-30,0.02220721389689101,0.07686872103820465,0.04567952944486649,G5,0.11324887380844051
009830,2019-06-30,-0.264703657233138,0.021419569479103732,0.00147856875422126,G2,-12.988383137801433
009970,2019-06-30,-0.359359368153529,0.01795094138976053,0.021331165299070563,G5,-20.771127144030086
010060,2019-06-30,-0.47820604497156477,0.0219339865781831,-0.006983367311410372,G2,-22.417628506660392
010100,2019-06-30,0.06339322248838974,0.04689583704467803,0.007404974678493277,G3,1.0638749156484564
010120,2019-06-30,0.0587625772954255,0.014984353435162752,0.010757770301240598,G4,3.0205280249861346
010130,2019-06-30,-0.21362741920649053,0.012591661783083132,0.024368461749825956,G5,-18.038074793261792
010140,2019-06-30,-0.1772683066474417,0.019518861617913684,-0.021123101780372546,G1,-9.773634763647234
010170,2019-06-30,-0.45928487049209527,0.027461783079345693,0.0022968428128426906,G2,-17.216172268722875
010240,2019-06-30,-0.36425698460220374,0.03138961670625582,0.02440733537781147,G5,-12.034517845359261
010280,2019-06-30,0.39876604403305127,0.05191226467499414,-0.0054881692305102535,G2,7.421447101890968
010400,2019-06-30,-0.1518007685043656,0.020224435834853442,-0.020849489736447426,G1,-8.173413966273074
010470,2019-06-30,-0.08854788167077594,0.019436915538033856,0.007945775922021725,G3,-5.250308325891813
010600,2019-06-30,-0.32292067356477483,0.04480936451719419,-0.036496204545807084,G1,-7.5078634789364695
010620,2019-06-30,-0.13656507978086652,0.023239312744885866,0.00559725856950372,G3,-6.457462801782294
010640,2019-06-30,0.596929671302989,0.04224675289583111,0.01974511205982349,G4,13.810002272443102
010690,2019-06-30,0.2407655020407377,0.03125462856971105,0.007966362462207905,G3,7.271357703887748
010770,2019-06-30,-0.2609028793702052,0.028909595710625055,-0.027216069955232593,G1,-9.49182409623159
010780,2019-06-30,-0.2817549349525941,0.015522999835807468,0.006470152915105105,G3,-19.020605287886013
010950,2019-06-30,-0.07261768032398985,0.01719108566118755,-0.008599664259922743,G2,-5.009549706720495
010960,2019-06-30,-0.2652261132761525,0.015399089643703876,0.01609192240094976,G4,-18.100292779212005
011040,2019-06-30,-0.10857019567817822,0.013783156473358083,0.012189320057966992,G4,-8.856615226153355
011070,2019-06-30,0.3762722412123686,0.024507746116604872,-0.0009243553637499293,G2,14.802271970589723
011090,2019-06-30,-0.03294916215932969,0.03204332015552678,-0.022403759962699298,G1,-1.4496338001833757
011160,2019-06-30,0.011533739531876086,0.02945916136162204,0.00037008200273204396,G2,-0.06681039735595176
011170,2019-06-30,-0.2592311637965913,0.019503407056943884,0.012569414418064495,G4,-13.98386860349654
011200,2019-06-30,-0.036077157886493405,0.019735346677693836,-0.031623928526808356,G1,-2.512196846825601
011210,2019-06-30,-0.07360279911592847,0.02718819439532759,0.000934028988842424,G2,-3.203769829566798
011230,2019-06-30,-0.09161594955159635,0.02566292664211023,-0.00467093386781224,G2,-4.096098189647937
011280,2019-06-30,-0.5956946820293333,0.02875756134437055,0.010325446415399436,G4,-21.18387552207399
011300,2019-06-30,0.2487983700377071,0.05201658251825005,0.0012027956795963334,G2,4.523489257429283
011320,2019-06-30,-0.2764160908571233,0.029755862260247935,0.007992026208557748,G3,-9.743223238825637
011330,2019-06-30,-0.1656725960567412,0.026244528229531397,0.030557123584090413,G5,-6.827118868280741
011390,2019-06-30,0.17664563873780476,0.04872322034228608,0.021284433584526447,G5,3.348377216930299
011420,2019-06-30,0.0062065249772764175,0.05127117039911699,-0.006086396379044074,G2,-0.14229035097409015
011560,2019-06-30,-0.28255711243298975,0.016227403961084515,0.011226923987082395,G4,-18.244386529798483
011690,2019-06-30,-0.47950399082389844,0.04231760501033163,-0.007642516579195875,G2,-11.650137301289915
011700,2019-06-30,-0.19775351670979388,0.02095091656002033,0.004846678333797116,G3,-10.083350478381556
011760,2019-06-30,-0.33784838570958253,0.0263072719559132,-0.0011440004949036134,G2,-13.355634294069292
011780,2019-06-30,-0.3657904296038299,0.02099361292121978,0.02411161275727943,G5,-18.067035380492822
011790,2019-06-30,0.3076081668059009,0.021492258171839786,0.003711230441547769,G3,13.684287925734777
011810,2019-06-30,-0.4429376924775441,0.020188720175005646,-0.004503664407927002,G2,-22.608645140906543
012030,2019-06-30,-0.12910765825534182,0.015220059877198483,0.008428405922206393,G3,-9.369843299841916
012160,2019-06-30,-0.19981490692611836,0.023117801164149552,-0.0051196925407854706,G2,-9.22738383376804
012170,2019-06-30,-0.2202906604607747,0.036537610374610854,-0.06826240410418571,G1,-6.398682778429619
012200,2019-06-30,-0.1660085707876831,0.01891696936952342,0.00594988777623862,G3,-9.48938939897563
012320,2019-06-30,-0.047272915109291186,0.016661275681058612,0.003696284568670208,G3,-3.6476698471895683
012330,2019-06-30,-0.008946105404357294,0.01532443412848845,0.014368896205796108,G4,-1.4648516887710126
012340,2019-06-30,-0.22602688039222243,0.05383818905097,-0.000594751750244934,G2,-4.449050059497237
012450,2019-06-30,0.015271663236675392,0.0233721813935787,0.008644508779964186,G3,0.07572016486841314
012510,2019-06-30,0.42218295102639214,0.025982832448178617,0.04115046265523653,G5,15.728886911512271
012600,2019-06-30,-0.09905960634968192,0.04502052339971886,-0.18247211755398784,G1,-2.5002269111470166
012610,2019-06-30,0.3752675713885201,0.03748297686997005,0.013985875276296557,G4,9.651465379478278
012620,2019-06-30,-0.04852040594974761,0.00971387742634677,0.008466351142347646,G3,-6.384919330950662
012630,2019-06-30,-0.3731537457240651,0.022594729402592644,0.0207305349099154,G5,-17.11264855811538
012700,2019-06-30,0.17582675177540796,0.03828696196971384,0.01035182629603825,G4,4.239689586642908
012750,2019-06-30,-0.058230314332405324,0.012188137526893347,0.026279964738022805,G5,-5.885413746140131
012800,2019-06-30,0.019061941225233137,0.03623310609188314,0.007440378347700965,G3,0.15345147067751735
012860,2019-06-30,0.24052937489989867,0.04794790994792361,-0.001898612968668369,G2,4.734877022549154
013000,2019-06-30,0.021425183888442265,0.03623917507795371,0.010053379063044546,G4,0.2186381467894745
013030,2019-06-30,-0.039857927290749995,0.025224068497756512,0.014643503329249512,G4,-2.1154337217136523
013310,2019-06-30,0.09573713677616888,0.04162256273121034,0.0036588259232941895,G3,1.9757365614175966
013360,2019-06-30,-0.12294914834996543,0.038520466470691204,0.0027865247918505173,G2,-3.5423004615482823
013520,2019-06-30,0.015041988385010995,0.021354616493587598,0.007544239386048823,G3,0.07211885904175776
013570,2019-06-30,-0.10862372024018133,0.020317970185023945,0.012962663246952482,G4,-6.010720408400705
013580,2019-06-30,-0.4223159553343952,0.015838790675821557,0.011502034284947261,G4,-27.515855349228453
013810,2019-06-30,0.14094879256522375,0.04554621003678926,0.09344733818544185,G5,2.7981883597792505
013870,2019-06-30,-0.23112987604936325,0.026605772822581465,0.002007750477654994,G2,-9.194688516995562
013890,2019-06-30,0.2715711983409555,0.023736838742536074,0.028944731039205744,G5,10.872099833171125
013990,2019-06-30,0.3711965334400324,0.04412576115100016,-2.530086038734596e-05,G2,8.106253723482924
014100,2019-06-30,0.49689516972415526,0.041131406579517395,0.009083868835400445,G3,11.752412380583555
014130,2019-06-30,-0.3758363037367969,0.028634518510557525,0.00941479520011747,G3,-13.596813978257302
014190,2019-06-30,-0.12803436312673616,0.033995746342565906,-0.0047339993978470244,G2,-4.163352659145431
014200,2019-06-30,-0.31916401626933344,0.023171215828557187,-0.023554386794263357,G1,-14.356861398164572
014280,2019-06-30,-0.2458627404608716,0.018520307155073076,0.0013250908117681708,G2,-14.004338918215277
014440,2019-06-30,-0.16368227853867828,0.011364757276877809,0.00789615671743442,G3,-15.590671409004743
014470,2019-06-30,-0.36288587853584675,0.03109078071647955,0.00022140400059536872,G2,-12.106090219360846
014530,2019-06-30,0.08687135157267936,0.04483970661274481,0.01912584335128479,G4,1.6362603439427137
014580,2019-06-30,0.3139454455335994,0.0578849347444255,0.0015034280434018078,G2,5.190357889352443
014620,2019-06-30,-0.0929302839968673,0.01940236464876487,0.005543898997292477,G3,-5.4855273432798715
014680,2019-06-30,0.3364835009436709,0.016926604204081912,0.02739820797672449,G5,19.08129824749867
014790,2019-06-30,-0.2839957930075914,0.024328296988910068,-0.007391368841738687,G2,-12.228464283851164
014820,2019-06-30,-0.5074093449566753,0.017926398289192787,0.013737338312231883,G4,-29.058333657516364
014830,2019-06-30,-0.12355476229741182,0.011908488058428555,0.013010641170917277,G4,-11.509158797755639
014910,2019-06-30,-0.234238218114404,0.03140234384332069,-0.011103036362474741,G1,-7.889224357223187
014940,2019-06-30,-0.06437346545754184,0.030030230746371744,-0.006149548406296683,G2,-2.5932329299590853
014970,2019-06-30,0.5339391734274991,0.07016813194898457,0.005584598856244529,G3,7.417003148917539
014990,2019-06-30,-0.0963177253474779,0.05027601494127422,-0.0019896725157573774,G2,-2.1843346829293018
015020,2019-06-30,0.12332488737310378,0.025954933260690836,0.07591407151059398,G5,4.231294623716613
015230,2019-06-30,0.019377351075687076,0.01378870330208455,0.02201136101993846,G5,0.4261048438528432
015260,2019-06-30,-0.3148471801078464,0.025411026603705266,-0.023727295399688552,G1,-12.921520371325252
015360,2019-06-30,-0.13324704020990968,0.011864851167541251,0.004818823004826067,G3,-12.368377482862229
015540,2019-06-30,-0.2713476310506681,0.039825724428993764,-0.07253751530204515,G1,-7.152400940421117
015710,2019-06-30,-0.2534941420429603,0.01813401095039741,0.02030581664901924,G5,-14.723497221960603
015750,2019-06-30,-0.09512524784534282,0.02169493329570445,0.0006120454210306183,G2,-5.007029253003969
015760,2019-06-30,0.007727736612623432,0.01475320280905537,-0.002139064652517879,G2,-0.39138492640063133
015860,2019-06-30,0.4595711569094126,0.04275202262490207,0.01767666623351768,G4,10.433874509632403
015890,2019-06-30,-0.07175482695576978,0.01482267607853492,0.004156096800022857,G3,-5.751778175025447
016100,2019-06-30,-0.5508076413454643,0.031404137668613795,-0.05251689450197403,G1,-17.969274148153758
016250,2019-06-30,-0.46232809683825576,0.02168575250713684,0.004719106624710678,G3,-21.942056863826974
016380,2019-06-30,-1.0205622470669935,0.04210960543958169,-0.013257836566159635,G1,-24.556491424714828
016450,2019-06-30,-0.27268709555209236,0.014825295202858538,0.005424199541955005,G3,-19.30410217431151
016580,2019-06-30,-0.14233228124585387,0.013935765556482268,0.009416653618307251,G3,-11.182320657051111
016590,2019-06-30,-0.2138823798748489,0.02234530580229759,0.030560147890385594,G5,-10.175931343024535
016670,2019-06-30,-0.030623329118294462,0.03392446990558233,0.09097327740232995,G5,-1.3006908302273201
016710,2019-06-30,0.0364054535881752,0.014020594863529374,0.0008100257672886306,G2,1.6335637683628632
016740,2019-06-30,-0.047064948883808105,0.021595293057092176,0.012359814300601374,G4,-2.804632774924826
016880,2019-06-30,-0.24729999543476094,0.05188243381679656,-0.007364120283479001,G2,-5.026786410288782
016920,2019-06-30,0.23778934444133001,0.028692979041668152,0.008053790689719457,G3,7.816805160154302
017000,2019-06-30,0.026401044832756897,0.02366104578307937,0.02298959852589962,G5,0.5451630136214115
017040,2019-06-30,-0.10207173041440176,0.0268867067451556,0.01567770900080415,G4,-4.298542373302925
017180,2019-06-30,-0.053765320736950645,0.0271156477115807,-0.02068918224165347,G1,-2.4807535213861382
017250,2019-06-30,-0.10978991988755062,0.023789007485904103,-0.02838082720984542,G1,-5.182723061011474
017370,2019-06-30,-0.20846785945941615,0.01653132608452867,0.005027811661411097,G3,-13.427221514635312
017390,2019-06-30,-0.04730752220769699,0.014607806596470077,0.008710376509679502,G3,-4.1628042933297404
017550,2019-06-30,0.2296297173769051,0.03826080407329079,0.006146330904368105,G3,5.64880443063038
017650,2019-06-30,-0.03098875738338691,0.025542038187344247,0.010461281367699233,G4,-1.741860804736038
017670,2019-06-30,-0.11405514427832579,0.009724108476516028,0.00608247561378224,G3,-13.117609947955488
017680,2019-06-30,-2.1979590620863894,0.09899506902205817,-0.004761726719170619,G2,-22.33910235874323
017800,2019-06-30,-0.3400866365056221,0.028596786686283553,-0.00917252364044092,G2,-12.364625375320227
017810,2019-06-30,-0.18115609788451312,0.024277469396589216,0.003951084456009528,G3,-8.01805215003505
017890,2019-06-30,-0.007186515920710526,0.019777264343784354,0.020801115045817064,G5,-1.0460715581946343
017900,2019-06-30,-0.238847028572741,0.018542678746310843,0.00589373698551901,G3,-13.609087976631544
017940,2019-06-30,-0.25854754653269585,0.010818686836225564,-0.007086248216602582,G2,-25.146255590833604
017960,2019-06-30,-0.1293742553357685,0.022909711860213185,0.004275693943133022,G3,-6.236489311422449
018000,2019-06-30,-0.21480298250396307,0.03440633478108174,-0.015732919056006225,G1,-6.635548417604634
018120,2019-06-30,0.006685532304658496,0.006891626573368487,0.025673918305390814,G5,-0.9890822479995385
018250,2019-06-30,-0.152185791742847,0.02573466594826778,0.008055696087983634,G3,-6.438308151507936
018260,2019-06-30,-0.08821059012930091,0.014184664698570668,0.022000387996143445,G5,-7.170596563186244
018290,2019-06-30,0.09839990896899899,0.030633966520119314,-0.013737964489831285,G1,2.7713678901170633
018500,2019-06-30,0.08493230897750192,0.015246198286936697,0.020708951862264117,G5,4.685128044706464
018620,2019-06-30,0.10284581073046839,0.06376380782810165,-0.014358983827685839,G1,1.4011693461455115
018700,2019-06-30,-0.08931792180701867,0.03155411102703836,-0.045460167456615415,G1,-3.2585243655615166
018880,2019-06-30,-0.08959808680975298,0.014118542061518,0.01007998418835332,G4,-7.30245404721959
019010,2019-06-30,-0.23739141919114376,0.016981902612479574,0.0010189972406145968,G2,-14.774159452250519
019170,2019-06-30,0.04597621754720797,0.028646369448685875,0.0062194128276355665,G3,1.133627065627283
019180,2019-06-30,0.13083498202809574,0.031475454460742285,0.03554703291396314,G5,3.7277639427325844
019210,2019-06-30,-0.33034693655610237,0.01710777516092177,0.005169236523216727,G3,-20.098981377178376
019300,2019-06-30,,,0.05178763807552662,G5,
019440,2019-06-30,-0.21242835815365402,0.011511453901615029,0.0069674802043531,G3,-19.62656306430378
019490,2019-06-30,-0.26053419141381917,0.01917784885080047,-0.03514090810607025,G1,-14.28919955277467
019540,2019-06-30,0.04962619175224392,0.05193722872861655,-0.019316223076439997,G1,0.695537186490678
019680,2019-06-30,-0.08981941344399468,0.011206048667567569,-0.0006919707888240664,G2,-9.220139436949383
019770,2019-06-30,0.25364138740420494,0.043889067170229466,0.003686416710414548,G3,5.471509992786439
019990,2019-06-30,-0.2557648319249425,0.02394309933702188,0.01921253963288983,G4,-11.24611087073466
020150,2019-06-30,0.29219366702755145,0.023941296047832007,0.016611832226634187,G4,11.640629173230124
020560,2019-06-30,-0.13260068619789564,0.027391598953675697,-0.018312839603369265,G1,-5.333847222763503
020710,2019-06-30,-0.3036732335180924,0.013390832719485156,0.019209627772084643,G4,-23.685991601163554
020760,2019-06-30,0.1517052223524883,0.03772598202231829,-0.0551991108396067,G1,3.663345448834427
021050,2019-06-30,1.2095482181049564,0.053952128174662724,0.012462946128383626,G4,22.168658415562383
021240,2019-06-30,0.15110336526350518,0.01864196268380135,0.0390555188102209,G5,7.381274696727759
021320,2019-06-30,-0.16442734908274476,0.015938745722918767,0.011868978204617598,G4,-11.163316736718778
021650,2019-06-30,0.15991292128783208,0.030394590322996785,0.00966478909669703,G3,4.81700861645887
021820,2019-06-30,-0.0463036498038024,0.008754993820078629,0.0121987004254198,G4,-6.831023395455057
022100,2019-06-30,-0.11930604063817361,0.019366205800904816,0.02542471510258277,G5,-6.857716984510605
022220,2019-06-30,-0.17163497560627838,0.01985286425098323,0.0598426804483273,G5,-9.325450024438085
023150,2019-06-30,0.0386135371447556,0.01131180806290051,0.0014849041193148733,G2,2.219947438720726
023160,2019-06-30,0.01868698777296114,0.023154660354198952,0.007822652611724384,G3,0.2239320242847659
023410,2019-06-30,-0.31788397844385535,0.02274296930434959,0.006386820999638131,G3,-14.570916040795824
023460,2019-06-30,0.22188127365283355,0.03239065130794742,0.009051089206998257,G3,6.433317868896515
023530,2019-06-30,-0.29758268645857666,0.020767841998284832,0.002245871035770997,G2,-14.979149219860568
023590,2019-06-30,-0.17313397047300516,0.016325289300346928,0.0026121871330537067,G2,-11.432317360358088
023600,2019-06-30,-0.20725696710260313,0.018653892222285858,0.016425929210026384,G4,-11.834467696081198
023800,2019-06-30,-0.2920149864368732,0.022727450190462004,-0.0027923114548890227,G2,-13.44263882154753
023810,2019-06-30,-0.076254841685828,0.016288072179288435,0.0015462739874689947,G2,-5.5105821306575455
023890,2019-06-30,-0.2108624081412101,0.012975510561681607,0.028507635778119687,G5,-17.291367833494483
023900,2019-06-30,-0.2369095314059748,0.0307622083242556,0.01142383452148691,G4,-8.14022993975851
024070,2019-06-30,-0.006180449782092416,0.01224327280890425,0.008802343447479714,G3,-1.6076067157465475
024090,2019-06-30,-0.05005276378087681,0.010550516139613565,0.03681162276291445,G5,-6.02384572925963
024120,2019-06-30,0.014603278471414495,0.012418797774775472,0.021332107195938838,G5,0.08868496638477971
024720,2019-06-30,-0.24070600336190281,0.02545737507167596,0.025423500750246623,G5,-9.985629722404308
024740,2019-06-30,0.06555255063973639,0.039220755438214405,0.0004493937949787804,G2,1.3271195888491774
024800,2019-06-30,-0.1939429320503231,0.021683501049627237,0.02392200163603109,G5,-9.566944442401677
024840,2019-06-30,-0.12219073332450185,0.026629943476240037,0.007622406244937188,G3,-5.095491518928296
024850,2019-06-30,0.35191939408140765,0.03947828030157093,0.015886488632405594,G4,8.572244628895907
024880,2019-06-30,-0.0723945773359228,0.03530866586778547,0.007275226104574218,G3,-2.432731258263464
024890,2019-06-30,-0.20562224222613715,0.020211015919444658,0.007954489434046853,G3,-10.8418181900268
024900,2019-06-30,-0.13956342526017487,0.027768769764495733,-0.010114511045185487,G2,-5.5121398739132665
024910,2019-06-30,0.02169034699401884,0.031678061881204665,-0.008691298765394807,G2,0.2584889573265866
025000,2019-06-30,-0.07715020507037101,0.01177106551641309,0.016337304750227166,G4,-7.701267379082087
025320,2019-06-30,-0.0067718844065155215,0.03849417793779666,0.029427947156081796,G5,-0.526671909905322
025440,2019-06-30,0.08854147623913156,0.04648121145704781,-0.03397355465883783,G1,1.6144062531643497
025530,2019-06-30,-0.0488443887912887,0.010125230570600788,0.00880718544267335,G3,-6.157519689530239
025540,2019-06-30,-0.5142840766352771,0.02557787674943708,0.004681958495248376,G3,-20.63447250190975
025550,2019-06-30,0.011101978870857815,0.02058944217943177,0.006235930540696753,G3,-0.11656162981233201
025560,2019-06-30,-0.131962361116294,0.04686993710538355,-0.0292837713730352,G1,-3.103573162418537
025750,2019-06-30,-0.2692032074557186,0.019168832132795428,-0.00044027363916196546,G2,-14.748166362220122
025770,2019-06-30,-0.07789100023777475,0.034803135218998194,0.024719345180864792,G5,-2.625996694576663
025870,2019-06-30,0.4686412313946984,0.05685047059219075,0.01248815651957595,G4,8.005902305565073
025900,2019-06-30,0.014359891995708363,0.021966239819887264,0.006662544051767577,G3,0.03905876447330942
025980,2019-06-30,-0.41701594999197467,0.03677160106925623,-0.0029544997956369484,G2,-11.707890200085373
026040,2019-06-30,-0.4442939065401556,0.03147036588518795,-0.0284347694803898,G1,-14.546885982150082
026150,2019-06-30,0.02124607359272908,0.03954916457098952,0.005327652559484692,G3,0.19581085639898677
026890,2019-06-30,0.22270077200804012,0.03552142662173987,0.020923729015263084,G5,5.889370841648201
026960,2019-06-30,-0.1576726917449296,0.010879926646740805,0.022804908722583644,G5,-15.73306650963735
027040,2019-06-30,-0.22247604536665266,0.02320363496614367,0.006580832423885232,G3,-10.169870518959048
027050,2019-06-30,0.27937230198679047,0.043674224497796385,0.008438080463247271,G3,6.0875811130197865
027410,2019-06-30,-0.349760724487161,0.014938664104499203,0.007358735355702291,G3,-24.31694291767182
027580,2019-06-30,-0.3212097875168709,0.04107514907889386,-0.029272819873843173,G1,-8.148764224378166
028040,2019-06-30,-1.0836992449227971,0.07056201843385981,-0.23839853360568208,G1,-15.549458293337517
028050,2019-06-30,0.024084314996064587,0.015995584560545346,0.017001823437377158,G4,0.6615823978042
028100,2019-06-30,-0.35840121497388855,0.03318691783258657,0.013176671217777589,G4,-11.206317340410932
028150,2019-06-30,-0.25860701544499687,0.014306592045169255,0.016986271755759664,G4,-19.01982892879761
028300,2019-06-30,1.3580380868369957,0.07580380678967315,-0.2511044766189584,G1,17.73705340101659
028670,2019-06-30,-0.1289943051848384,0.018425303942989864,0.00846489707050979,G3,-7.733724416919158
029460,2019-06-30,0.22784621809186878,0.02712519209478813,0.0257952438412103,G5,7.902038058740016
029480,2019-06-30,-0.4470649169401937,0.046104894172497975,-0.0619937220963774,G1,-9.98954325814602
029530,2019-06-30,-0.3184177898626001,0.01194302490412733,0.007077713595071742,G3,-27.791929627151056
030000,2019-06-30,-0.3073583200236054,0.017329409663006022,0.019539705455220057,G4,-18.515358807448663
030190,2019-06-30,0.05402957596233729,0.029678115899370253,0.04355800216416866,G5,1.365573821853634
030200,2019-06-30,-0.10876439069234049,0.006483516317290348,0.006067237529838046,G3,-18.85802433696324
030270,2019-06-30,,,-0.13418225841976691,G1,
030520,2019-06-30,-0.0801292166150265,0.02427099999842237,0.02727999320810978,G5,-3.857736987735641
030530,2019-06-30,0.32229384339055156,0.02799843057157105,0.025485796044036887,G5,11.028901237624101
030720,2019-06-30,0.2925314921063338,0.03755343103980782,0.06044475657275614,G5,7.430201890270279
030790,2019-06-30,-1.3648085759423525,0.06164932551807678,-0.11912053810317189,G1,-22.35726801822713
031310,2019-06-30,-0.04454368189014227,0.04174969168180728,-0.015746179012425986,G1,-1.3903240325881303
031330,2019-06-30,0.15448488711492978,0.02530201154339865,0.026559133382410845,G5,5.572006362612437
031390,2019-06-30,-0.013367756286684983,0.026160247034537225,-0.00952391259954742,G2,-1.0271185153347486
031430,2019-06-30,0.04255107001378736,0.03347102462403866,0.009286486117261614,G3,0.8678895412333837
031440,2019-06-30,-0.22019091601744256,0.01618400195977828,0.004433279144389142,G3,-14.43974329751399
031510,2019-06-30,-0.253586090179607,0.027622432340404776,0.0053005639223530545,G3,-9.669242907227344
031860,2019-06-30,0.0798050258290075,0.05596286096379819,-0.04235155895345926,G1,1.1847698076708257
031980,2019-06-30,-0.022362161659666924,0.0253484495463712,0.07307893118069553,G5,-1.4148431209679355
032040,2019-06-30,,,-0.020345625904857546,G1,
032190,2019-06-30,-0.15426762396703633,0.013991143404148537,0.0028847745858262023,G2,-11.991124451308952
032350,2019-06-30,0.02433359120218967,0.02235022885471756,0.014894166061264948,G4,0.4846336681552245
032500,2019-06-30,0.2871883954859764,0.03744590237392109,0.09158563307292368,G5,7.308849842763146
032540,2019-06-30,0.07334817524703773,0.018535366665299327,-0.001062249173265939,G2,3.2287603757447503
032560,2019-06-30,-0.1892509985181444,0.019127168346158716,0.010578482167263752,G4,-10.600257845646146
032620,2019-06-30,-0.09399030551894226,0.02104126093219341,0.02315176275220652,G5,-5.1086398136290825
032640,2019-06-30,-0.07610103732312451,0.013972733824494174,0.006678142004182975,G3,-6.41270035318857
032750,2019-06-30,0.29752306207681395,0.03782043546570007,0.03449344142007166,G5,7.509726970917031
032790,2019-06-30,-0.6070936651148208,0.03816842000448725,-0.10167288507503294,G1,-16.259399337202847
032800,2019-06-30,-0.06404843571311247,0.026572013238477524,-0.16114867304937935,G1,-2.9184974742160326
032820,2019-06-30,-0.132115822638983,0.03809131388158265,-0.015511842950985419,G1,-3.822859481820319
032850,2019-06-30,0.23386682459335584,0.025526153532195266,0.017968088874510943,G4,8.632906893206528
032860,2019-06-30,-0.45770517479337725,0.0354825486445989,-0.01559964045230551,G1,-13.279967493916839
032940,2019-06-30,0.0010319360184373148,0.024020454182639542,-0.07517508416227035,G1,-0.5191401334448684
032960,2019-06-30,-0.1842704222108279,0.020228070809892463,0.006949880976837714,G3,-9.777123180838739
032980,2019-06-30,0.09019447609966183,0.05026399579849477,-0.08229757623123392,G1,1.525795095935038
033050,2019-06-30,0.34905416476077744,0.05170997201650025,-0.02484258866263358,G1,6.489120644766278
033110,2019-06-30,-0.8131984474664995,0.051260429958373835,-0.0690908904566546,G1,-16.127456713610144
033130,2019-06-30,-0.2659656844920974,0.02821887506362914,0.01408342824191649,G4,-9.903569921556436
033160,2019-06-30,-0.03773777758510834,0.016669090393817084,0.017010284125024724,G4,-3.073934700860064
033170,2019-06-30,-0.1240280807692109,0.03536543842461174,-0.014867017578001995,G1,-3.888824929191866
033180,2019-06-30,0.36374396178837165,0.0628291306278873,0.021412688500988233,G5,5.574516796269251
033200,2019-06-30,0.03945223019919501,0.014259299729751363,-0.0031471883572607136,G2,1.8198868726233268
033230,2019-06-30,-0.06582497063087601,0.028885537276330427,0.0031980285379609443,G3,-2.7462493662563006
033240,2019-06-30,-0.09547246043813536,0.0333528937337489,-0.012783259698662348,G1,-3.2673140482586147
033250,2019-06-30,0.42718912571974144,0.06653037848590801,-0.003919455552502342,G2,6.218019757683275
033290,2019-06-30,-0.35023149826299416,0.025331579876241267,0.044600380784668006,G5,-14.3588918594202
033310,2019-06-30,0.2904771114384577,0.04636060208926614,0.012476847002842788,G4,5.97436575773822
033320,2019-06-30,-0.11683435458539446,0.0323682792871541,-0.01059112372444052,G1,-4.0266667015981845
033340,2019-06-30,-0.23264044815239687,0.05178724975076577,-0.005825616207659754,G2,-4.752953036610645
033430,2019-06-30,0.08901329035403949,0.05785010117668766,-0.038297109336371433,G1,1.3052936988855222
033500,2019-06-30,0.11133548153393542,0.023919725453051596,0.0043918458542114335,G3,4.090078873093211
033530,2019-06-30,-0.19914835657097976,0.02667582281418151,0.003519268190246149,G3,-7.971648179719837
033540,2019-06-30,-0.07884535906184728,0.008672580802795008,-0.19972913787261481,G1,-10.648188696068956
033560,2019-06-30,0.027743226888376993,0.023873179224638684,-0.011357235829639005,G1,0.5965401150031946
033600,2019-06-30,-1.0614299446201148,0.08723770503807869,-0.07719235170677152,G1,-12.321872313802078
033640,2019-06-30,-0.19253482342241002,0.03968280791829235,0.02589397756119658,G5,-5.192090782861503
033780,2019-06-30,-0.030023510892935604,0.008406770367739229,0.029914433671125083,G5,-5.177425669693858
033790,2019-06-30,-0.3657727878108625,0.07396632165676625,-0.16124990704658085,G1,-5.127667526567971
033830,2019-06-30,0.11031902556987766,0.037697012147181186,0.003718149482289613,G3,2.5682965902882056
033920,2019-06-30,-0.27211044908649706,0.019485732909151173,0.009534758141171419,G3,-14.657512151394766
034020,2019-06-30,-0.08649910975547628,0.023091769249999686,0.007289639227756346,G3,-4.330591843398782
034120,2019-06-30,0.12276552985868022,0.022712417304733924,0.0010416652241650732,G2,4.810743417772946
034220,2019-06-30,-0.10943754528671204,0.02305557468529355,-0.015454173577688935,G1,-5.332309637605804
034230,2019-06-30,0.09320388731741723,0.026334069733338853,-0.0022560023892847433,G2,3.026572433211704
034590,2019-06-30,-0.0635224050332719,0.004113598677157303,0.00823948487326422,G3,-18.72431631923769
034730,2019-06-30,0.03800432599471659,0.017984669642313926,0.0037728605801391015,G3,1.3624052414534613
034940,2019-06-30,0.13725375722817956,0.028843499898584604,0.0011207238489451686,G2,4.290458503825088
034950,2019-06-30,-0.150378179556782,0.008036147925442487,0.09224910733417574,G5,-20.392867190281045
035000,2019-06-30,-0.32642034084358673,0.013189832817878907,0.00011068125213949282,G2,-25.771536557388274
035080,2019-06-30,-0.16349999964469009,0.015540473007685351,0.003811251738015423,G3,-11.389738096477187
035150,2019-06-30,-0.16410882827191797,0.031322536411645445,-0.010183673611399501,G1,-5.670381981393532
035200,2019-06-30,-0.13060283629608102,0.021718151861861962,0.0037942926537444907,G3,-6.6352217730530985
035250,2019-06-30,-0.08035696726709299,0.013469632699428184,0.012168842214953558,G4,-6.968184446432357
035290,2019-06-30,-0.9792387495504169,0.048302202279967864,-0.1043677729404518,G1,-20.552699887357942
035460,2019-06-30,-0.39452417815912716,0.032163102981440934,-0.0035454502394590692,G2,-12.686154572921321
035480,2019-06-30,0.5612608629047716,0.28773852697826624,-0.24754474205152968,G1,1.9036691083704835
035600,2019-06-30,0.21133521185947818,0.025469316831205673,0.017489224050417425,G4,7.7675147457771025
035610,2019-06-30,-0.1217133938367688,0.022506770091766007,0.036389799824017265,G5,-6.007761713194726
035620,2019-06-30,0.017313169844352966,0.034848389054570626,-0.09559966920054107,G1,0.1093666634106272
035760,2019-06-30,-0.21939574889749747,0.019604882927609087,0.0089165586633992,G3,-11.87957446956913
035810,2019-06-30,-0.1853233578877087,0.027326905758960216,0.0004358162022974759,G2,-7.2758063957070975
035890,2019-06-30,-0.21018878581338296,0.021553909044238862,0.016767819408301212,G4,-10.378196510084669
035900,2019-06-30,0.09712015533747931,0.029799088876204343,0.039444928959383264,G5,2.8060669195839862
036010,2019-06-30,0.09695314760595158,0.025828335126728323,-0.017820581720049935,G1,3.230995315349356
036090,2019-06-30,-0.2991360037411742,0.02245971868792437,0.0036903049374076005,G3,-13.919939331986619
036120,2019-06-30,0.025884347227859594,0.04103979665938566,0.11152430573116338,G5,0.3017176113812109
036170,2019-06-30,-0.13259475351716948,0.04563242389872621,0.0020654170088165408,G2,-3.2015978736879416
036190,2019-06-30,-0.177875849080559,0.011911902071108038,0.03659645976178224,G5,-16.06609639219241
036200,2019-06-30,0.3009703403898585,0.03175908021035205,0.02018145591034076,G4,9.051534889475086
036260,2019-06-30,,,-0.7345687346840687,G1,
036420,2019-06-30,-0.14476229595612336,0.027116620662539025,0.011170648567558247,G4,-5.836428356391061
036460,2019-06-30,-0.2465583212051726,0.014121130705887022,-0.00018214669848829701,G2,-18.416389199270995
036490,2019-06-30,0.08324070570007908,0.020265723741526628,0.026488788657679303,G5,3.441218718922814
036530,2019-06-30,0.08059781917088481,0.02142181648696426,0.02133345771209412,G5,3.132129406649304
036540,2019-06-30,0.6423215194007259,0.036956266033845456,0.00817162118346268,G3,17.015236361179408
036570,2019-06-30,0.3072855705371971,0.016465410750558167,0.03679022039366189,G5,17.842473363078344
036580,2019-06-30,-0.33884122406654094,0.03268615242933719,-0.0011673430384090801,G2,-10.779584493356195
036620,2019-06-30,-0.007384695420439291,0.026047591383388774,-0.05467192674562079,G1,-0.8018635167157291
036630,2019-06-30,-0.3924090565179139,0.020096847505669865,-0.008230374169176723,G2,-20.197743661617306
036640,2019-06-30,0.3310255378125915,0.035204337073203,-0.0005233009283026311,G2,9.019446079729375
036690,2019-06-30,0.03382671481310535,0.022638154215552327,0.021633546490176275,G5,0.8978115800149085
036710,2019-06-30,-0.07467627344778624,0.040158191981406785,-0.012935477014998255,G1,-2.1957709474777114
036800,2019-06-30,0.3018900267128323,0.025390613379041093,0.016241732516954682,G4,11.358059949141115
036810,2019-06-30,0.17337234857246914,0.03414230728198783,0.027668683042727193,G5,4.6824729636415485
036830,2019-06-30,0.8323528040276932,0.038445794199973536,0.03717217852667616,G5,21.29884173962617
036890,2019-06-30,-0.2794169962873968,0.019039944546158056,0.019607453262429568,G4,-15.384441555777645
036930,2019-06-30,0.11256464997910914,0.034482115791314646,0.01998870398239059,G4,2.8728727891993766
037030,2019-06-30,0.005563480969627568,0.04130040548907254,0.0039654928761595895,G3,-0.19221207987151548
037270,2019-06-30,0.06876154635754361,0.0296772664516532,0.003849502391805766,G3,1.8620188162999145
037330,2019-06-30,0.0925351915614196,0.03154075571837582,0.009332187741441891,G3,2.5057507961724332
037340,2019-06-30,,,-0.041293519845744205,G1,
037350,2019-06-30,-0.3693109333080819,0.030080308372556628,0.007612622264586008,G3,-12.726360593615299
037400,2019-06-30,0.19427781555626794,0.028032269159937742,-0.007955025513636582,G2,6.448849956335475
037440,2019-06-30,-0.0003198953499134252,0.012893327151321271,0.0045207554358749555,G3,-1.0720129099273
037460,2019-06-30,-0.24509085019826565,0.026181820073870266,0.008800327255870183,G3,-9.876806397602707
037760,2019-06-30,0.025443659232541826,0.021702244416173487,0.006960028352018786,G3,0.550253752345686
037950,2019-06-30,0.18833579506838147,0.035688485999253686,0.009603177743176728,G3,4.898887480511737
038010,2019-06-30,-0.06682513519405131,0.015582083173110843,0.011203442872453211,G4,-5.155090760963625
038060,2019-06-30,0.17200204487067514,0.033762168506746223,0.00029391865636859706,G2,4.694607428156906
038070,2019-06-30,0.23793862719839737,0.038148381982523724,0.08746383920171061,G5,5.883256319835416
038110,2019-06-30,-0.04957811330720073,0.026701454312214726,0.0075258138767671165,G3,-2.362419304126202
038160,2019-06-30,-0.6103832162583386,0.06863590842662823,-0.20756170882962066,G1,-9.089777470250734
038290,2019-06-30,-0.24062328256603882,0.023495317252077052,0.013777572473808885,G4,-10.815993572157131
038340,2019-06-30,-0.5369514794407513,0.051616550013489304,-0.06241504755749619,G1,-10.664281070802227
038390,2019-06-30,-0.1331087038410267,0.011930749879828317,0.014094481213946502,G4,-12.28846661995026
038460,2019-06-30,-0.1231389731305921,0.026831496182746467,0.003283086181959293,G3,-5.092555778781946
038500,2019-06-30,-0.1379509753518793,0.024690933816940583,0.010004732314039401,G4,-6.133947556741893
038530,2019-06-30,-0.5321282205420407,0.026102242028873488,-0.025633431639653155,G1,-20.90357363734122
038540,2019-06-30,-0.6554811620210348,0.04831293144986802,0.008453491223439809,G3,-13.84687411326769
038620,2019-06-30,-0.05719323817154331,0.02783348670218798,0.007833169243290411,G3,-2.53993172814404
038680,2019-06-30,-0.13022852820747402,0.031668949312062294,0.01859587373408766,G4,-4.5385290367353015
038870,2019-06-30,-0.10890145169811893,0.04295360751412341,0.02775884185813871,G5,-2.8496644773338566
038880,2019-06-30,-0.2551353963106572,0.02671173718033669,-0.008810317184183222,G2,-10.056901664809292
038950,2019-06-30,-0.12261034859844724,0.014247119437127463,2.0301686754575544e-05,G2,-9.553669217649913
039020,2019-06-30,-0.1903037849666332,0.01291599744140818,0.00583416998004564,G3,-15.77932356361881
039030,2019-06-30,0.5652685408887976,0.02986640047754598,0.013481728093638672,G4,18.474493553228992
039200,2019-06-30,-0.008272523339212672,0.03539677498777019,-0.1139350482407034,G1,-0.6151532492707326
039230,2019-06-30,-0.7672438183345711,0.047567464187445826,-0.08648785942125747,G1,-16.413440352131435
039290,2019-06-30,-0.23443760501200478,0.02404325248107917,-0.004824203821938,G2,-10.312228888971651
039310,2019-06-30,-0.34962168421038253,0.026893562741200968,-0.005446114072204269,G2,-13.502249795349572
039420,2019-06-30,-0.2170389897584315,0.02467330744821803,0.02706764259961196,G5,-9.343737480290706
039440,2019-06-30,0.3458672608515425,0.03765053696303109,0.0282944513677152,G5,8.827638855978908
039560,2019-06-30,-0.2259968684596264,0.03318981798872773,-0.0001946242674488957,G2,-7.2160319272973
039570,2019-06-30,-0.037457938094283647,0.03101862231079765,0.012507310983393059,G4,-1.6428794094044454
039670,2019-06-30,,,-0.5352767594187559,G1,
039740,2019-06-30,-0.115145899675365,0.019576643232806116,-0.0010559582377159757,G2,-6.571495222837739
039840,2019-06-30,-0.04065543064438398,0.019662054268446288,0.041027254149399915,G5,-2.7544094687763616
039860,2019-06-30,0.25564227668002104,0.03621211363979956,0.04139500862546395,G5,6.686722605599947
039980,2019-06-30,-0.15982854561890314,0.026089743041046828,-0.0020327960655391847,G2,-6.643624782138428
040160,2019-06-30,-0.071895159433754,0.018466233147307307,0.011050335277460686,G4,-4.624499028077392
040300,2019-06-30,0.019275937652730196,0.01527673140777269,0.00483403945148814,G3,0.37796173084337015
040350,2019-06-30,1.0060850907837438,0.05071046555625954,-0.009745468460383655,G2,19.573536982702837
040420,2019-06-30,-0.04610562587672169,0.008252103555922274,0.02186072020827844,G5,-7.2233150348873645
040610,2019-06-30,-0.1943914130436459,0.020497545108459865,-0.0027095878924505703,G2,-10.142352645247364
040910,2019-06-30,0.5267678273097898,0.04122323639769935,-0.014055728943341998,G1,12.450888245402677
041140,2019-06-30,-0.18438601103515084,0.02645335881666315,-0.0510914733416065,G1,-7.480635265065813
041440,2019-06-30,-0.2972893180443503,0.016380746579311833,0.0066822196848866896,G3,-18.972959159571225
041510,2019-06-30,-0.18150489973183193,0.027443261828445784,0.0006817849830265446,G2,-7.105817769005888
041520,2019-06-30,-0.2003464009269661,0.019111652716454108,-0.0029595374124916523,G2,-11.189420502135501
041590,2019-06-30,-0.12611610028722264,0.06612986240593642,-0.131357426854001,G1,-2.111270355265527
041650,2019-06-30,-0.17317201485021433,0.015919191748598117,0.0055179141937930975,G3,-11.726344880221225
041830,2019-06-30,-0.10169067743768824,0.02351654710804112,0.04618724719548627,G5,-4.8983634679310155
041910,2019-06-30,0.49481006026505026,0.062281938250666385,0.08901293376432431,G5,7.727892804487044
041920,2019-06-30,0.09586680484050877,0.031577481559646146,0.040147304378495195,G5,2.6083424948475398
041930,2019-06-30,-0.2802809499680269,0.029038742443679513,0.011722098252609973,G4,-10.116928043493493
041960,2019-06-30,-0.2434334415391206,0.044478009260483946,-0.002468603151283836,G2,-5.776682986025894
042000,2019-06-30,-0.17415358035627207,0.025220570456882897,0.01617816420404646,G4,-7.440573102234431
042040,2019-06-30,0.36279549107908315,0.06386765038794456,-0.029326240874693064,G1,5.469021815413386
042110,2019-06-30,-0.13151734339202453,0.03672018535762392,0.004978338880695768,G3,-3.9493063498421175
042370,2019-06-30,0.2439258690372893,0.01745409273581456,0.023645327976044225,G5,13.20171461884447
042420,2019-06-30,0.032032211426581726,0.021262318921031233,0.030670258116435194,G5,0.8715085916632391
042500,2019-06-30,-0.001963366296140287,0.028097983364913943,0.015229385051347867,G4,-0.550405482966831
042510,2019-06-30,-0.25506480890908717,0.025550771850671564,-0.023233757639579567,G1,-10.511100341191744
042520,2019-06-30,-0.026075122223101127,0.027573501387318296,0.021263374091882396,G5,-1.4353287772702923
042660,2019-06-30,-0.2486868881617183,0.02102773440139048,0.01221466392703628,G4,-12.468713983404696
042670,2019-06-30,-0.21001474850345564,0.018283271019697216,0.014744018708843655,G4,-12.225201172748157
042700,2019-06-30,0.19945115345840492,0.028603419914355364,-0.0021485041898447804,G2,6.5009441600674585
042940,2019-06-30,0.07247604805929216,0.031918675646289786,0.018782718732091818,G4,1.8476371295789689
043090,2019-06-30,0.10216005071982934,0.05322144184417512,-0.040720706159784965,G1,1.6658348560189085
043100,2019-06-30,-0.44831652704926617,0.037707360607126775,-0.05239045563751895,G1,-12.247434915139634
043150,2019-06-30,0.127550095152507,0.021454648536573948,0.030233902956882504,G5,5.315779335646949
043200,2019-06-30,0.714113799006538,0.04330510990527926,0.028476601432638367,G5,16.178503708471325
043220,2019-06-30,0.8513263952840897,0.06945945321854198,0.015374211592323729,G4,12.06206554548886
043260,2019-06-30,-0.20652906132654697,0.01834361350310369,-0.0010917139952337268,G2,-11.994963756597766
043290,2019-06-30,-0.13564404005403022,0.022473235823861674,-0.06498111038432579,G1,-6.6366036040029845
043370,2019-06-30,-0.03829050377791485,0.025480962795519115,0.012943159784057528,G4,-2.032592802782233
043590,2019-06-30,,,-0.048726937641920084,G1,
043650,2019-06-30,-0.13779194629709007,0.01924874936157725,0.0002663021781349026,G2,-7.859932157842392
043710,2019-06-30,-0.5886381290571363,0.03683252099151202,-0.00361863577207499,G2,-16.348054128690173
043910,2019-06-30,-0.2306013862223776,0.03505307556676484,0.006072562621030488,G3,-6.963819866980244
044060,2019-06-30,0.18598284821855068,0.03744757552478083,0.00937714427914401,G3,4.605930503997322
044180,2019-06-30,,,-0.013783882537528921,G1,
044340,2019-06-30,0.13973188799221775,0.027412580938538326,0.029160560549110787,G5,4.6048188773986105
044380,2019-06-30,0.5896669912064534,0.04388413329833734,-0.013763543972417889,G1,13.129234420132974
044450,2019-06-30,-0.01571379057934488,0.01398259181904868,0.003439689634485047,G3,-2.0894344028381826
044480,2019-06-30,0.10199650034029559,0.046229689558218885,0.005058468764754922,G3,1.9142370060831078
044780,2019-06-30,-0.24682902923930278,0.020154031845606313,0.0077043643904681864,G3,-12.917065381350751
044820,2019-06-30,-0.431182601475757,0.02777207631886475,0.00015897822858733525,G2,-16.011929183051937
045060,2019-06-30,1.211172874044762,0.046772703465479085,0.013013316013419813,G4,25.60619479950506
045100,2019-06-30,-0.031838274068697006,0.023860256068724807,0.031977424350257744,G5,-1.9002391150506766
045300,2019-06-30,0.061235135168939095,0.019029840140738587,0.010448521330373873,G4,2.5083351729547068
045390,2019-06-30,-0.17067227807790059,0.040594765705995885,0.01953025153905671,G4,-4.536895155892402
045510,2019-06-30,0.06725846752741163,0.028782425735580246,0.001112625816884738,G2,1.8676865603005701
045520,2019-06-30,0.36446126787588823,0.03147589125799238,0.02343959924117168,G5,11.150100475027953
045890,2019-06-30,0.8243621983194285,0.05944225638635964,-0.03176971280289986,G1,13.641142342256028
045970,2019-06-30,0.23882866430467153,0.045123237136369704,0.0066560209690101225,G3,4.993585584639653
046110,2019-06-30,-0.19283122693963856,0.019640265063736007,0.016012682023164734,G4,-10.505619149144449
046120,2019-06-30,-0.31262652764372134,0.03232599508444335,0.001900123756517141,G2,-10.08873646735433
046140,2019-06-30,-0.16865210727885482,0.021753784694156453,0.010592556900317714,G4,-8.373440651731952
046310,2019-06-30,0.003912233323968985,0.02070989881037948,0.03203887302785911,G5,-0.46304835055224747
046390,2019-06-30,-0.2255257556581023,0.025914072878217738,-0.0429126867787486,G1,-9.223855878989902
046400,2019-06-30,,,0.04432800110512026,G5,
046440,2019-06-30,-0.18462850164778255,0.017305902571410795,0.006634441679455626,G3,-11.448719223885583
046890,2019-06-30,-0.1902639540327038,0.022073920493842204,0.005308793711932982,G3,-9.23106848635094
046940,2019-06-30,0.6338464318701126,0.0486080105693907,0.003784919367043817,G3,12.76218686581127
046970,2019-06-30,-0.34991580891860063,0.033130357978199534,-0.015581725020116987,G1,-10.969326892451818
047040,2019-06-30,-0.09721180107508419,0.020566222248602026,0.008326735834363634,G3,-5.383279318146483
047050,2019-06-30,-0.06780469070467779,0.015551651200155763,0.01220988101299465,G4,-5.228165644049591
047080,2019-06-30,-0.050891858466130105,0.031332004735283935,0.05477274175529568,G5,-2.055207664443937
047310,2019-06-30,-0.30684973878825833,0.0314516242680374,0.03976239715784224,G5,-10.185536170290375
047400,2019-06-30,-0.14876639881695478,0.030119277640245648,0.015672518971089813,G4,-5.387523517773532
047560,2019-06-30,-0.15550405522352806,0.03233774995401105,-0.10026769437802058,G1,-5.226274965701019
047770,2019-06-30,-0.0420440075931921,0.02773810494025196,0.038907957146792134,G5,-2.002513348372483
047810,2019-06-30,-0.15968047794260404,0.01573597254087751,0.022344695736864647,G5,-11.005509529261403
047820,2019-06-30,-0.02616151384925547,0.02844155531282957,0.04518038192600164,G5,-1.3945591660236325
047920,2019-06-30,0.30575267678806095,0.04178173967078749,0.028420196553790047,G5,6.994700586490288
048260,2019-06-30,-0.49686486767470806,0.030214410926382634,0.004182684666425677,G3,-16.891502095686562
048410,2019-06-30,-0.32030470842941855,0.03531286513587555,0.004788178097740561,G3,-9.452833264965296
048430,2019-06-30,0.04985444856757559,0.02791786877197531,0.0024219876925033754,G2,1.3021241362036944
048530,2019-06-30,-0.03900409584202492,0.045373348270008565,0.03545769555439158,G5,-1.1571994497252067
048550,2019-06-30,-0.04742128621566516,0.04081750972647061,0.003980875592026137,G3,-1.4925752313687803
048770,2019-06-30,-0.035863570432891845,0.036454581049762014,-0.022213276456659003,G1,-1.3541641906054294
048830,2019-06-30,-0.14875701624080068,0.021859989536970208,0.001059020660394577,G2,-7.422644634600722
048870,2019-06-30,-0.035992752225752586,0.03304105061424638,0.11048711751831422,G5,-1.4979750677973604
048910,2019-06-30,-0.20106159692820055,0.02453063107121708,0.007065977230515441,G3,-8.74675886297018
049070,2019-06-30,-0.3444772488458224,0.03123235107900581,0.031948200094286276,G5,-11.46180656552215
049080,2019-06-30,-0.22345824266269781,0.03380925150129479,-0.04202357112730448,G1,-7.008737252341778
049120,2019-06-30,0.18742739261626562,0.0379098311252723,-0.051122779960893275,G1,4.587872582004207
049180,2019-06-30,-0.034936601517514446,0.04102631565667588,-0.03686518911258235,G1,-1.1806694934803776
049430,2019-06-30,0.0376482642953334,0.010690545815337422,0.02552260392344299,G5,2.2586635803451838
049470,2019-06-30,-0.2765615127789484,0.02053777790222853,-0.05203284277432752,G1,-14.123408674883619
049480,2019-06-30,0.11279572233467272,0.04029742866841234,0.01398239558905414,G4,2.4640233336844712
049520,2019-06-30,-0.08224907071043511,0.009468970094284067,0.012563631127167428,G4,-10.11208057109128
049550,2019-06-30,-0.11601188728280654,0.0312736810884314,-0.0003065393357300852,G2,-4.141303504528438
049630,2019-06-30,-0.16950744230744386,0.03095869577870694,0.020904573921600163,G5,-5.9114040663668685
049720,2019-06-30,-0.08040091660211697,0.012428792377739637,0.04431818248154218,G5,-7.555266155907399
049770,2019-06-30,-0.2693692287487095,0.017247192795572238,0.005403993151010514,G3,-16.40099637719295
049800,2019-06-30,-0.365175845811944,0.02011825027362966,-0.008960515271448293,G2,-18.822599305095704
049950,2019-06-30,-0.43718584509087943,0.029489614157773385,0.062379983165417756,G5,-15.282931831113784
049960,2019-06-30,-0.17872537456069623,0.024997896685359174,0.018030757627899314,G4,-7.68973865235228
050090,2019-06-30,-0.21289446649951435,0.029994965713200327,-0.009860174332997754,G2,-7.547812738725683
050120,2019-06-30,-0.014809161913451996,0.033777635736856576,0.0050683019656128465,G3,-0.8381604900422153
050540,2019-06-30,-0.06985082942525511,0.03170640583553764,-0.04557058591601327,G1,-2.6288929645898125
050760,2019-06-30,0.18676277596007504,0.0355543842583098,0.030994867877038968,G5,4.873122169493379
050890,2019-06-30,0.015077009015912371,0.028455627245694254,-0.012406991343672673,G1,0.055352538676916696
051160,2019-06-30,-0.015579268414268987,0.042459420402793796,-0.01548414983763134,G1,-0.6849171737769323
051360,2019-06-30,0.2347260582146089,0.022212936489620548,0.017788296290258927,G4,9.959247869355826
051370,2019-06-30,0.2887522536881897,0.03786740417548931,-0.003989659083897097,G2,7.268793356005472
051390,2019-06-30,0.0014531780723022122,0.013633345990376876,0.004882057554445902,G3,-0.8837698202936807
051490,2019-06-30,0.08390997452468435,0.023919880438767756,-6.780395786536695e-05,G2,2.943495344665372
051500,2019-06-30,-0.1383997192189712,0.01906668269913474,0.006622843082025975,G3,-7.966862375807185
051600,2019-06-30,0.1999819928655379,0.015005236225083209,0.0347710407236801,G5,12.427666733136327
051780,2019-06-30,0.7486937106713036,0.05305074531011045,-0.017664483971480217,G1,13.858274536304602
051900,2019-06-30,-0.019768423417495073,0.017875459348353533,0.03677826249736647,G5,-1.861230001274271
051910,2019-06-30,-0.0260629215037764,0.017879960024164122,0.002584294323755354,G2,-2.2128035665921564
051980,2019-06-30,-0.8042410099576627,0.04571975054789872,0.05662886816453849,G5,-17.88598839595955
052020,2019-06-30,-0.23960809109800307,0.05059766572438527,-0.05196223522674218,G1,-5.002404859642314
052190,2019-06-30,-0.08453877209195482,0.07491656059354122,-0.1178030703885326,G1,-1.3086651218826288
052220,2019-06-30,0.08931233884274783,0.021680286093776237,0.00599046932352223,G3,3.4967444943584756
052260,2019-06-30,0.4760137084683552,0.05354139690079023,0.010053703468519894,G4,8.638396034327407
052300,2019-06-30,-0.18695936568100346,0.05097013613379313,-0.01158305052419241,G1,-3.93291638388066
052330,2019-06-30,-0.13739019841856348,0.015234762369940385,0.028319330562951994,G5,-9.904461425962701
052400,2019-06-30,-0.29323111172000116,0.03342789004992213,0.0026370092890360334,G2,-9.175961422337357
052420,2019-06-30,0.42552902034321777,0.054124264735182,0.00615068600445252,G3,7.6126133916267635
052710,2019-06-30,0.2706243418099594,0.02922309436748958,-0.007354831574900416,G2,8.798603623844386
052770,2019-06-30,,,-0.423999009315519,G1,
052790,2019-06-30,-0.13439471722694576,0.030781698883731126,-0.0022657109749786276,G2,-4.8046937108247745
052860,2019-06-30,-0.11456115122017131,0.03249164772688791,0.07852665977329173,G5,-3.941415040100107
052900,2019-06-30,0.26294375507688955,0.042850570162117754,0.02129367459895239,G5,5.821202292640452
053030,2019-06-30,-0.2563512426287692,0.029913611283291695,0.014831515738547709,G4,-9.021082673081178
053060,2019-06-30,0.07150214974332766,0.02550896781109903,-0.022398774259534945,G1,2.2737192803964588
053110,2019-06-30,-0.10798384513729203,0.036297000762116165,-0.023687782181506276,G1,-3.3469917732791874
053160,2019-06-30,-0.08837044308055239,0.01941555032998005,0.006055683388267144,G3,-5.246946862560358
053260,2019-06-30,-0.05818741527831679,0.018192638175180912,0.007929888467199801,G3,-3.940568289009192
053270,2019-06-30,0.07601687899741943,0.026385733238026808,0.007208345949786331,G3,2.3692713264873175
053280,2019-06-30,0.07628423468865456,0.024899621107394472,0.009998806223054973,G4,2.5214165552820744
053350,2019-06-30,-0.017065818586254264,0.01762631196271055,0.0058961647158659964,G3,-1.7342105631138935
053450,2019-06-30,-0.0707572438992626,0.029673690991683016,0.018835373680146032,G4,-2.8395241337216204
053590,2019-06-30,0.4844018647718309,0.045379975647151134,-0.05300770020636618,G1,10.376822381419103
053610,2019-06-30,-0.15514608536758978,0.02207255806411454,0.05165843037006787,G5,-7.640618848342552
053620,2019-06-30,-0.18924952034202838,0.017251543273656945,0.009620172705696565,G3,-11.752655106505653
053660,2019-06-30,-1.069439791539946,0.05872420345154509,-0.12428612342550367,G1,-18.441147698865418
053690,2019-06-30,-0.2520896848782491,0.021820522746143694,0.015110026810483328,G4,-12.171642530122512
053700,2019-06-30,-0.21579273197187832,0.023223912326412088,0.002705250049510335,G2,-9.87321371857425
053800,2019-06-30,0.10802703055109683,0.034083760291550684,0.020274421704963155,G5,2.773318200055242
053950,2019-06-30,-0.48154560426092763,0.03513577198261719,-0.006940817040074781,G2,-14.08955870712227
053980,2019-06-30,-0.32942259914110594,0.02928748386413169,-0.007227373821031184,G2,-11.708910145377969
054040,2019-06-30,0.1356799271253536,0.019241351115396613,0.024660309187141707,G5,6.349762476886023
054050,2019-06-30,-0.03488913467480054,0.01621978983720713,0.011864656154508619,G4,-2.9834574287771476
054090,2019-06-30,0.11314780334982559,0.02982568373111348,-0.0002044369082458226,G2,3.3409422040393357
054210,2019-06-30,-0.3105343701535148,0.03355435494202806,0.021758910306433663,G5,-9.65705609663998
054340,2019-06-30,,,-0.03220325574843784,G1,
054450,2019-06-30,-0.16342996373244723,0.02587155624490175,0.017389055524605228,G4,-6.838857309773648
054540,2019-06-30,0.043701801820923376,0.017118453841457503,0.003342805866513141,G3,1.7641712442256956
054780,2019-06-30,-0.014673474513918136,0.031997575431773666,0.0031446048100840177,G3,-0.8805477271930754
054800,2019-06-30,-0.1685916791052409,0.020926283483669133,0.01561623919364419,G4,-8.701669221654473
054920,2019-06-30,-0.05391806618630411,0.027250703130258964,0.027467132369687293,G5,-2.4740640148716255
054940,2019-06-30,0.09184725278034467,0.05113303624645088,-0.00139739322896374,G2,1.5321862483291009
054950,2019-06-30,-0.36365550947505554,0.018812306361750224,0.005525795235930544,G3,-20.048441697192594
055490,2019-06-30,-0.053535382023594896,0.017784977295585334,0.010110754167833786,G4,-3.7693216425108593
056000,2019-06-30,1.675029101279211,0.08817508794634688,-0.02878442511100405,G1,18.843499021877975
056080,2019-06-30,-0.24356794028733791,0.02420822775131375,-0.029582183581593206,G1,-10.619111020285498
056090,2019-06-30,-0.4616275932982244,0.020299678560287394,-0.0007629167950515064,G2,-23.405765253640393
056190,2019-06-30,0.05003129714310041,0.023303664524276034,0.019665292300819547,G4,1.567537985145111
056360,2019-06-30,0.07076517615640872,0.03185083936101312,0.07678464711559335,G5,1.797857120785407
056700,2019-06-30,-0.5002463818530711,0.04641281085491584,0.023397690979440038,G5,-11.069105494757519
056730,2019-06-30,,,-0.03895985225153694,G1,
057030,2019-06-30,-0.06336748556904906,0.04195978280791084,0.002484323925769711,G2,-1.831978104585797
057050,2019-06-30,-0.33435940353122484,0.011701353779385115,0.016516938537989505,G4,-29.728297075530644
057540,2019-06-30,-0.13623366412806115,0.03720475435843944,0.0004968142250910382,G2,-4.024635682141378
057880,2019-06-30,-0.24245708015271203,0.03213427152526987,-0.04235326658092288,G1,-7.96529642066568
058110,2019-06-30,0.35298173800755117,0.042309803552869174,-0.0030757271876614436,G2,8.02366807908071
058220,2019-06-30,-0.32101415764955643,0.03730225520837974,0.010860339950328726,G4,-8.96771719535682
058400,2019-06-30,-0.028089525883426614,0.0454255892595079,0.013002162581564527,G4,-0.9155950284770469
058420,2019-06-30,0.45112767067082143,0.05395616425181168,-0.007930606897181725,G2,8.110764709296552
058450,2019-06-30,0.0692158954722147,0.04736193324842248,-0.006489136222868453,G2,1.1763450907243371
058610,2019-06-30,-0.1918772419181901,0.024583090329779577,0.0083562729814642,G3,-8.354489080553721
058630,2019-06-30,0.10302976322872551,0.031435003897030696,0.020701135494835324,G5,2.848030358569894
058730,2019-06-30,-0.13418025792406263,0.028872224318545227,0.015864610186881484,G4,-5.1150259191295655
058820,2019-06-30,0.20533907496507645,0.039025661973169035,0.00946977462498191,G3,4.915666960082557
058850,2019-06-30,-0.06898168152553559,0.015270720917219227,0.011456132760611911,G4,-5.401421437854086
059090,2019-06-30,0.17131938194393753,0.036227886132716824,0.014936897939428902,G4,4.356242689887334
059210,2019-06-30,0.09344752134817369,0.02757962597631431,0.013997099134201569,G4,2.898719642123236
060150,2019-06-30,-0.07875182702516413,0.023266144354845145,0.010454018122025462,G4,-3.9651496795674084
060230,2019-06-30,-0.00868100056001364,0.037607857590371614,0.013144004689896061,G4,-0.5898479676734385
060240,2019-06-30,0.3066559903208331,0.05610579777212645,0.11433097754456484,G5,5.225022798949557
060250,2019-06-30,0.3245078876111979,0.032215353595102164,0.025707447608318144,G5,9.653967288760796
060300,2019-06-30,-0.06702603966973689,0.012531014452611462,-0.35899594833737275,G1,-6.426291964029619
060310,2019-06-30,0.06216192850023583,0.03586248965670877,-0.005511939184982793,G2,1.3568497658085454
060380,2019-06-30,-0.03545131832429357,0.013342928198486658,0.01226863397860494,G4,-3.6688525490278026
060540,2019-06-30,-0.06555291485007067,0.022458016572436807,0.020293822682241933,G5,-3.5201164093589403
060560,2019-06-30,-0.015956880317936226,0.027050314070283566,-0.001878858346910978,G2,-1.0890371937868804
060570,2019-06-30,-0.22243730325454997,0.029316508769415113,-0.06104015482810811,G1,-8.047998583955408
060590,2019-06-30,0.04574068898392551,0.04671942941801187,-0.029667222117508312,G1,0.6900506187106228
060720,2019-06-30,0.7581362801426631,0.041446966159692074,0.012445274874630203,G4,17.965955806401443
060900,2019-06-30,0.14910886770484125,0.03195274953029813,-0.048184211507866,G1,4.24398375382492
060980,2019-06-30,-0.04015010892007989,0.014233259172350276,0.002461294896497664,G2,-3.7694828765940134
061040,2019-06-30,0.022072411737482256,0.03215399622762502,-0.04786687477769485,G1,0.26654521785070634
061970,2019-06-30,-0.3645894357004262,0.03082576919634317,0.021916233271848943,G5,-12.26543127279036
062860,2019-06-30,0.11211632623662329,0.014245976365365502,0.00888737156027765,G3,6.92226393609309
063080,2019-06-30,-0.303814758278225,0.024389074750884608,0.003762451541319753,G3,-13.010607385790019
063160,2019-06-30,0.10938721893937045,0.024966252165607394,0.015232268511451071,G4,3.8405965178561887
063170,2019-06-30,-0.3272301802094642,0.024320725654913562,-0.004130157811158198,G2,-14.009947846636088
063440,2019-06-30,0.06358593955652397,0.05078957153437004,0.00727744251795706,G3,0.9861083729444781
063570,2019-06-30,-0.09022550905880061,0.022657136824636864,0.0031752266070755346,G3,-4.578134813319788
063760,2019-06-30,-0.20422099695416576,0.030661463604826435,-0.017952002827791653,G1,-7.100865032682688
064090,2019-06-30,-0.5686272254510175,0.03497688201360609,-0.05834982005057619,G1,-16.643254336758407
064240,2019-06-30,-0.07590677322062253,0.04070249322294276,-0.01385119030501741,G1,-2.1966391724240797
064260,2019-06-30,-0.1371986105591142,0.03351367901266158,0.017162970876100414,G4,-4.496687108281911
064290,2019-06-30,-0.0795195197785958,0.025944889218998814,0.0854572311148436,G5,-3.5853472644121993
064350,2019-06-30,-0.3313480994314123,0.028473640229106256,-0.014151461589020201,G1,-12.111202307287696
064520,2019-06-30,,,-0.06088253753909488,G1,
064550,2019-06-30,-0.14598720984842445,0.030497003437275474,-0.008394661793622905,G2,-5.229665530407664
064820,2019-06-30,0.08460723580851798,0.03018702778038025,0.0015474092278253367,G2,2.3554925154477444
064960,2019-06-30,-0.09055033542612534,0.0248702954975935,0.020984111457733153,G5,-4.183796418679979
065060,2019-06-30,0.14433737299909616,0.0371887531857826,0.010996308099357994,G4,3.5181457828732983
065130,2019-06-30,-0.08584707441783379,0.027362856662272696,0.024407084428403353,G5,-3.6307975242597075
065150,2019-06-30,,,-0.018169212637322966,G1,
065170,2019-06-30,0.018183791312048905,0.03655534345087873,-0.13424198093018933,G1,0.1280763101055533
065350,2019-06-30,-0.05387492566692459,0.02473185998298087,0.007051140060773963,G3,-2.724293422391557
065420,2019-06-30,,,-0.11293178798993918,G1,
065440,2019-06-30,-0.15306674786399954,0.029328666473889584,-0.01139301322593611,G1,-5.679380814006995
065500,2019-06-30,-0.21341077396569222,0.03081578189217098,-0.01165088412869949,G1,-7.363522125380844
065510,2019-06-30,0.10898113169465734,0.019734625369409647,0.013839564821713075,G4,4.838156899316624
065560,2019-06-30,-0.3726730521247997,0.02358054174568111,0.01595324283241005,G4,-16.37684893324169
065570,2019-06-30,0.17192799307361611,0.031013173871611194,0.0017942076555482699,G2,5.108347695119875
065620,2019-06-30,0.17972251615570944,0.09452971453842157,-0.07413077547694753,G1,1.7583952216414445
065680,2019-06-30,0.04805528497895306,0.015907360737626382,0.010134338171730229,G4,2.1721621669774107
065690,2019-06-30,-0.14363062689118783,0.0159464446628809,0.0038927051912839112,G3,-9.853766655909824
065710,2019-06-30,-0.04983308495820938,0.019451523940887273,0.019615791287418794,G4,-3.256043226170974
065770,2019-06-30,-0.1545328495608053,0.03627761438803584,0.0010935862961967276,G2,-4.631913376984387
065950,2019-06-30,1.0833803447555717,0.04539561366591105,0.0027442756208749075,G2,23.56788113541368
066110,2019-06-30,-0.8739357708307556,0.05034318765259408,-0.03406713187928305,G1,-17.627761173228905
066310,2019-06-30,0.9312907700081914,0.04961464244363676,0.005686677893994632,G3,18.498346596825705
066360,2019-06-30,0.03708845957956472,0.051824792803612144,-0.019617433908981113,G1,0.4551208117845404
066570,2019-06-30,-0.1691399722877949,0.014838430903618104,0.0023113004459041934,G2,-12.308706444930095
066590,2019-06-30,-0.20469252954287961,0.02990616508202118,0.007092426333134906,G3,-7.295968799499193
066620,2019-06-30,0.01947655865584201,0.017725808819220222,0.014749283086566211,G4,0.33705885630135585
066700,2019-06-30,-0.021726711148899083,0.03306270796280469,0.027771113597749704,G5,-1.0655094856945837
066790,2019-06-30,,,0.00862961833577972,G3,
066910,2019-06-30,-0.26044045557754897,0.02944761707418837,-0.007107816841413882,G2,-9.302700883932845
066970,2019-06-30,-0.09539442677862713,0.032750262155024835,-0.006345198712987824,G2,-3.3250526078655662
066980,2019-06-30,-0.35303582371593645,0.02643297225662669,0.018437609066591556,G4,-13.866686574842726
067080,2019-06-30,-0.28025710847826324,0.03234559450306599,0.021109749311291524,G5,-9.081886754582216
067160,2019-06-30,-0.08337340688674647,0.025291718416437677,0.05216933675723261,G5,-3.830318015560544
067170,2019-06-30,-0.06128759316949073,0.026299217482396123,0.017431206107501165,G4,-2.8437922545707552
067290,2019-06-30,-0.10209015172906896,0.03252649461982184,-0.015789260272952025,G1,-3.5537819518628857
067310,2019-06-30,0.4402392729743141,0.03145165849475259,0.015212733335343037,G4,13.568039829673593
067390,2019-06-30,-0.24163766714404672,0.02751525022818809,0.0005901922093209,G2,-9.272660900277303
067630,2019-06-30,1.7707805104743641,0.07743427021925521,-0.011043213963271969,G1,22.69380970067141
067770,2019-06-30,0.09266961353395275,0.02993419954258647,-0.00227658001304961,G2,2.6447239924723602
067830,2019-06-30,-0.30357719568271146,0.008863098151943511,0.012157476002584185,G4,-35.77520050608952
067900,2019-06-30,0.2763253612739972,0.02534746020556244,0.017040306147831343,G4,10.368827540682048
067990,2019-06-30,-0.27462113940660776,0.02755720732754235,0.022059581691949617,G5,-10.455451954554885
068050,2019-06-30,0.058305126444491505,0.029897000876009928,-0.0003996265555639426,G2,1.498585387279549
068060,2019-06-30,,,-0.09703725582747764,G1,
068240,2019-06-30,0.19916846181848125,0.021343277909757603,0.007559743521239903,G3,8.699064164149785
068270,2019-06-30,-0.13186315621383074,0.023954365629944015,0.021251342922071457,G5,-6.068416766601288
068290,2019-06-30,0.4425575710763543,0.06144350494058569,-0.0009066455370930548,G2,6.982929337820509
068330,2019-06-30,0.22633681248883597,0.034101860961773596,0.031292942016965,G5,6.241151910131638
068420,2019-06-30,,,0.02599658579812335,G5,
068760,2019-06-30,-0.004648939256272716,0.03439013779906976,0.004331481050970177,G3,-0.5277925075654347
068790,2019-06-30,-0.02464847971381437,0.02727784029938724,0.01829260093609109,G4,-1.3985857055879356
068930,2019-06-30,-0.13200378441270666,0.01830264390421281,0.037934034557049356,G5,-7.949982690065562
068940,2019-06-30,-0.17867221614703765,0.05076253681764699,-0.0014245276549214542,G2,-3.7857472459581607
069080,2019-06-30,-0.10168896575437839,0.026417354263499983,0.01930769109081085,G4,-4.360424681958144
069140,2019-06-30,-0.16144739591667995,0.021944657678970737,-0.029680346280849767,G1,-7.972296323061381
069260,2019-06-30,-0.1088805811979673,0.01271667217422151,0.02347803107844679,G5,-9.623783434023963
069410,2019-06-30,-0.47503257571730206,0.033301516353826395,-0.013836117744795259,G1,-14.670037494235238
069510,2019-06-30,-0.1555346888678635,0.013696690817881649,0.023926360095921598,G5,-12.341419465744071
069540,2019-06-30,,,0.12012883333599904,G5,
069620,2019-06-30,-0.20305954037757065,0.022551845561397884,0.008801711823715462,G3,-9.602826411532332
069640,2019-06-30,-0.2918928438820576,0.021422079076346037,-0.006181931768340231,G2,-14.256074800297483
069920,2019-06-30,0.06611707823304172,0.022966309187572993,-0.010102253114211559,G2,2.290971526817748
070960,2019-06-30,-0.3102648376348045,0.031037094383725004,-0.010675452997852176,G1,-10.431606497700956
071090,2019-06-30,-0.1708427171162613,0.031598938302403144,0.014184776393185727,G4,-5.833886985704859
071200,2019-06-30,-0.06594510203645798,0.01775228276656052,0.031924422513785626,G5,-4.475312887327892
071280,2019-06-30,0.42645883064732415,0.03158876753346731,-0.004046362162758661,G2,13.072903600990134
071320,2019-06-30,-0.2152750680025356,0.009998873976522195,-0.007485551848567808,G2,-22.880274953753133
071460,2019-06-30,-0.1287688347569451,0.027723637180806664,-0.0002847676302625053,G2,-5.131749187067692
071670,2019-06-30,-0.32878552024427343,0.025371240017240438,0.002606814037943956,G2,-13.491159195210761
071850,2019-06-30,-0.17493564536934453,0.01937673143915824,0.003512891304135947,G3,-9.724940646942763
071950,2019-06-30,-0.23945604452373212,0.0338479305187585,0.006539702895297416,G3,-7.473365681596461
071970,2019-06-30,-0.2243516424703653,0.04801766495467489,-0.0014206490139036688,G2,-4.953459534175611
072130,2019-06-30,0.13464929396558295,0.039975928318625,-0.00458549947304858,G2,3.03050813959261
072470,2019-06-30,0.17114475950887642,0.042380967249517086,0.0012023073320670584,G2,3.7196612520082004
072520,2019-06-30,-0.5045385508978051,0.04335673174563773,-0.46024891619234143,G1,-11.948328387509193
072710,2019-06-30,-0.12313846651532057,0.01403608740502742,0.004554406620971856,G3,-9.734933986988292
072870,2019-06-30,0.05666555382101782,0.031026695963139343,0.014006830007086727,G4,1.3911773288421807
072950,2019-06-30,-0.09993960590391598,0.022703648234329066,0.003151890030677715,G3,-4.996620919302556
072990,2019-06-30,0.2741545372120639,0.022147719179664994,0.024221674316739716,G5,11.76882446853326
073070,2019-06-30,-1.1247989462797263,0.057319930891998994,-0.0184107664808174,G1,-19.858727084523323
073110,2019-06-30,0.23352993329449295,0.04751907397296357,0.06337249092112862,G5,4.630309412415335
073190,2019-06-30,0.10896533906680284,0.0356091677031779,-0.03848408478674898,G1,2.6808664008753045
073240,2019-06-30,-0.021339277134386644,0.015459777826592353,-0.0005360017622857937,G2,-2.2536672475768365
073490,2019-06-30,0.1707042151592545,0.03121320948707453,0.05158625753739785,G5,5.036402854250961
073540,2019-06-30,0.26251183572180864,0.04584090572031844,0.008094036022256374,G3,5.432046204166049
073560,2019-06-30,-0.12590650370552517,0.036962470077879804,0.01506902882654384,G4,-3.7716208148430352
073570,2019-06-30,0.09276090230148934,0.03249283898649848,-0.011016354745330628,G1,2.4392754516219433
073640,2019-06-30,0.029416987058005883,0.031321196816897934,-0.04443277409218471,G1,0.5081245567602473
074430,2019-06-30,-0.18139430515135094,0.027020056797380624,0.005011431321190479,G3,-7.21302047664325
074600,2019-06-30,0.3905225122482975,0.03520366709147693,-0.03298725203099009,G1,10.709696619400138
074610,2019-06-30,-0.10249373570475323,0.06446187932604514,-0.10312934084883961,G1,-1.7994457301853064
075130,2019-06-30,-0.25178503134945945,0.02001735145884557,0.003300658342600257,G3,-13.252849644124602
075180,2019-06-30,-0.1415970057112098,0.016779460538933307,-0.003410813501882296,G2,-9.243379616380016
075580,2019-06-30,-0.23674021034213882,0.020348241975199154,0.005530878699473107,G3,-12.29797288902688
075970,2019-06-30,0.15162814912267153,0.03528435722540026,0.008253931741718913,G3,3.9146591344171915
076610,2019-06-30,-0.36791265732747847,0.03585007629314488,0.011441849297323647,G4,-10.639156581338442
077280,2019-06-30,-0.018845583959453717,0.016604172553870207,0.025861521048232868,G5,-1.9481549991561071
077360,2019-06-30,0.43224018491851607,0.034300040032816864,0.011339186199743707,G4,12.20809849521066
077500,2019-06-30,-0.06033763004931375,0.023799807918867162,0.016561983780243428,G4,-3.1025270501866964
077970,2019-06-30,-0.09836967782872032,0.01725650148069692,0.014038362408095716,G4,-6.482866516256425
078000,2019-06-30,-0.412929365026772,0.017161107278598996,0.005658321569222787,G3,-24.848704452001087
078070,2019-06-30,-0.41781728151677483,0.04616378433437003,0.011218981082804233,G4,-9.343237465128409
078140,2019-06-30,-0.15038665206005225,0.030352163755902644,0.02237601170404342,G5,-5.399567924919346
078150,2019-06-30,-0.20164912945242902,0.03228867897151598,-0.017482844103583396,G1,-6.66335861713164
078160,2019-06-30,0.06799310133186103,0.029197413775040214,0.00843374581749958,G3,1.866301719168852
078350,2019-06-30,0.3952417796188997,0.028314578159444093,-0.030359498192889765,G1,13.48209603056913
078520,2019-06-30,-0.08550249856458984,0.03212350530005916,0.005988980612881291,G3,-3.0819929347071184
078590,2019-06-30,0.9163726553918732,0.08009196795203942,0.056632405506009856,G5,11.272924872120885
078600,2019-06-30,0.18517120049195496,0.03276383096714233,-0.002169718272107091,G2,5.239597373576269
078650,2019-06-30,-0.11942519092169007,0.030419816390523723,0.03483651553651179,G5,-4.369753815191278
078860,2019-06-30,-0.089639653678352,0.03832760231357572,-0.03685972379556851,G1,-2.6910520163177067
078890,2019-06-30,-0.4683816919593452,0.028560269242434884,0.023814106393033125,G5,-16.872516350496483
078930,2019-06-30,-0.10253155005089429,0.01239378079914609,0.008194850214763053,G3,-9.362233344251816
078940,2019-06-30,,,-0.07016789252321447,G1,
079160,2019-06-30,-0.31947961626561483,0.023299481969004047,-0.002312451888748176,G2,-14.291370705872716
079190,2019-06-30,,,0.04193424450133502,G5,
079370,2019-06-30,0.08112529790922499,0.022287126800131063,0.014614321438721618,G4,3.0341901272176615
079430,2019-06-30,-0.40024107574675305,0.023949052470068337,0.0070147265336258525,G3,-17.275965054236302
079650,2019-06-30,-0.04978674712368572,0.02576754095170909,0.0022015059166474843,G2,-2.4561391034757287
079810,2019-06-30,0.6479686844011509,0.05103638202406497,0.004195723577947144,G3,12.431656426855733
079940,2019-06-30,0.0012905516226699998,0.020646679388125123,0.0203270438970673,G5,-0.5914445590012158
079950,2019-06-30,-0.2768670355598648,0.027413714286752305,-0.008998572644115682,G2,-10.592105481613082
079960,2019-06-30,0.3537997919186663,0.02975542203180853,0.023603668028296734,G5,11.43649966539439
079970,2019-06-30,-0.2056450781441201,0.04859805360710712,-0.0213357589293321,G1,-4.5093780447266845
079980,2019-06-30,-0.24656333312866602,0.014878960107636877,-0.0022120798611633776,G2,-17.47872492805477
080000,2019-06-30,0.1363688854817582,0.03172194126301192,0.01599567686385817,G4,3.8732486973236746
080010,2019-06-30,-0.07183992230296739,0.015242356083046079,0.015933322975562443,G4,-5.598992678442372
080160,2019-06-30,-0.23615445618720293,0.027292502927085096,-0.002122531207812693,G2,-9.147434174960296
080220,2019-06-30,0.04568635656794362,0.02585288649044075,-0.003689558573155913,G2,1.244906976697741
080420,2019-06-30,-0.26796447417622493,0.02547762728554859,0.005325303892822987,G3,-11.047590453766365
080440,2019-06-30,-0.18525171779400262,0.05883110061243572,-0.09135565941182922,G1,-3.378376972947694
080470,2019-06-30,-0.0007810655994530749,0.028689310456850844,0.0016140129299602104,G2,-0.4978503554191047
080520,2019-06-30,-0.18265974828560694,0.02696139520124744,0.007522219492084045,G3,-7.275649669819392
080530,2019-06-30,,,-0.029177882891899706,G1,
080580,2019-06-30,0.2044507380447932,0.030943375925871663,0.004219221947201061,G3,6.170911043902042
081580,2019-06-30,-0.1991589144641842,0.01425710117415657,0.0015357059019295957,G2,-14.916134049598206
081660,2019-06-30,-0.5041290749975567,0.025233679524298003,0.024560056404981774,G5,-20.51349634948557
082660,2019-06-30,-0.06881884009158018,0.048395748362378185,-0.014874317640944067,G1,-1.7009915268464726
082740,2019-06-30,0.1376552385478929,0.02676718475318337,-0.009638971294044294,G2,4.638265917184602
082850,2019-06-30,-0.04064141396005022,0.03915616299895303,-0.007507490285404165,G2,-1.382753763940483
082920,2019-06-30,0.4186947523253153,0.017323125921884747,0.03800840193037811,G5,23.39028396746835
083310,2019-06-30,0.18931552721420153,0.02456009870241725,0.0035753642175382384,G3,7.1585058161300665
083450,2019-06-30,0.9502401122223306,0.03260824761006911,0.034942464883748615,G5,28.727032670251674
083470,2019-06-30,,,-0.22648804175001114,G1,
083550,2019-06-30,1.0277187280902496,0.04093658544565589,0.006815476329435842,G3,24.775315264836212
083640,2019-06-30,-0.3990862003997987,0.0385230431394937,-0.04097899394991143,G1,-10.710164218180203
083650,2019-06-30,-0.037244966132761514,0.030478862063870793,-0.02797418224428376,G1,-1.664986174176604
083660,2019-06-30,,,-0.03461964511225465,G1,
083790,2019-06-30,-0.11196179164003649,0.02831067629248622,-0.012808225449287223,G1,-4.4316747559137
083930,2019-06-30,-0.12226854652603932,0.022363543104405623,0.037629615798073904,G5,-6.07106234018489
084010,2019-06-30,-0.38497615556802633,0.016873894685690245,0.018686640735875806,G4,-23.61506224844293
084110,2019-06-30,-0.15465777377452858,0.023313452927480136,0.018801600897496093,G4,-7.212989517504454
084370,2019-06-30,0.46100613325842865,0.028812592501054234,0.037988302537245645,G5,15.531549805309453
084670,2019-06-30,0.012671831516589106,0.011072071553064066,0.014092873230025955,G4,-0.07497118200977777
084690,2019-06-30,-0.1861681655515134,0.01487298508729351,0.012881661763269613,G4,-13.425017384729136
084730,2019-06-30,-0.1337495892540695,0.021171004652689385,0.004023604586646336,G3,-6.955338656712404
084990,2019-06-30,-0.23651214592420386,0.06529923750995231,0.04456200234885734,G5,-3.8287439986465106
085310,2019-06-30,-0.1865401859241277,0.028917292120171585,-0.001245856317819694,G2,-6.91773292260672
085370,2019-06-30,-0.009340229722950968,0.0382800088066202,-0.0009466111358645218,G2,-0.5967121806727423
085660,2019-06-30,-0.08423563809906999,0.02812255069535187,0.048713055587103614,G5,-3.475415760329426
085670,2019-06-30,-0.17748131495838199,0.03117068776087493,-0.03431875571628879,G1,-6.1270137583015085
085910,2019-06-30,-0.08623375394414472,0.011805000868135624,-0.0015164055350311491,G2,-8.44859503751271
086040,2019-06-30,0.10837486304779109,0.03539522038785242,-0.03515788306658739,G1,2.6803886004939854
086060,2019-06-30,0.4014554777781943,0.06918142956021676,0.002737279433909793,G2,5.60777021284727
086250,2019-06-30,0.8510542589943457,0.06865544166583591,-0.016797431030519904,G1,12.199358431961068
086280,2019-06-30,-0.07173650791205857,0.01637135143871921,0.012801399943482433,G4,-5.206560132762396
086390,2019-06-30,0.343685383491255,0.031719816245549405,0.0538749773967427,G5,10.4093751088285
086450,2019-06-30,0.44388173787147245,0.02167419354554602,0.02490195695239971,G5,19.85678586651244
086670,2019-06-30,0.3339626328524833,0.045199830415586006,0.014410565513800653,G4,7.089865428649074
086900,2019-06-30,-0.21234134134378702,0.03390112881616027,0.025170820575944795,G5,-6.661821214765845
086960,2019-06-30,-0.17904673973549137,0.020129793721576708,0.056008635811826676,G5,-9.565356714873914
086980,2019-06-30,0.060584213644791475,0.027002397745551805,0.00013597483583391187,G2,1.7436338905987838
087260,2019-06-30,-0.40435841864854,0.03348919945683691,0.018196282274848975,G4,-12.477465667560226
087730,2019-06-30,-1.525257325961836,0.06844261137664795,-0.014279458697829477,G1,-22.482474189976145
088130,2019-06-30,-0.23391069046349913,0.020087351085659132,0.008128103340451595,G3,-12.316835963919225
088290,2019-06-30,1.7524571563421683,0.08214684993439321,-0.01245283088808918,G1,21.168860886604538
088390,2019-06-30,-0.07922631207963361,0.023206008919603848,-0.0031076821042661973,G2,-3.995871509362315
088790,2019-06-30,-0.12652054079735114,0.01640053961871892,-0.014133092378380098,G1,-8.537673872983683
088800,2019-06-30,-0.17559983163627202,0.03494750362344937,0.019489190732929228,G4,-5.411023101449972
089010,2019-06-30,0.4591425510005839,0.03974252773502712,0.01467503445013922,G4,11.213192984692789
089030,2019-06-30,0.48553826661459826,0.034478097014656095,0.013966941586930359,G4,13.690904941932379
089230,2019-06-30,-0.14361253492294151,0.03187758594294878,0.005740635607410667,G3,-4.928681017827007
089470,2019-06-30,-0.24742895411687466,0.020473355075896014,0.0031636885584712146,G3,-12.744900430721133
089530,2019-06-30,0.2988490104304449,0.0271326388976904,-0.011654616785493642,G1,10.516746774915257
089590,2019-06-30,-0.3731474162792645,0.02321043562933403,-0.019806248012087607,G1,-16.658426419141605
089850,2019-06-30,-0.17496689898693174,0.02931509473911588,0.020102077683377687,G4,-6.429070704781729
089980,2019-06-30,-0.023180599898772483,0.026618695844849598,0.01591589529773269,G4,-1.3780734383382374
090080,2019-06-30,-0.22564197156486565,0.03698259569053117,-0.04646575572955304,G1,-6.466390065592773
090120,2019-06-30,,,-0.04818664306826318,G1,
090150,2019-06-30,0.05897128606467941,0.02643149234020559,0.01738495400566912,G4,1.720272456477824
090360,2019-06-30,-0.3251860936302945,0.025230149254483886,-0.001222165333177949,G2,-13.42394006560711
090370,2019-06-30,-0.35536894671168334,0.03132878890439022,-0.09129553061659512,G1,-11.774182067670392
090410,2019-06-30,0.10902883729090161,0.038856640169120014,0.010604654544866358,G4,2.4584451735124335
090430,2019-06-30,0.19306472386508444,0.02891697084020126,0.00977220329801012,G4,6.209599444186304
090460,2019-06-30,0.19844841521946394,0.03053961635811855,0.02004191670902631,G4,6.055953527460708
090470,2019-06-30,0.0958636980541078,0.03643865878639661,0.00998511481080277,G4,2.2602857237060596
090710,2019-06-30,-0.0956833236014919,0.038377229454967396,-0.028779872891279833,G1,-2.845052729453313
090740,2019-06-30,0.3240754901025934,0.04016249388939633,0.018898231755078605,G4,7.732925478922305
090850,2019-06-30,0.2988193627589258,0.026582243483749098,0.0068407073781760475,G3,10.73338467933054
091090,2019-06-30,-0.21335302850717097,0.02853758383538283,0.003151298305398455,G3,-7.9493396365995075
091120,2019-06-30,-0.2714408030653002,0.03389143412547179,0.008715772508264575,G3,-8.407514412597987
091440,2019-06-30,0.20844713681510696,0.027030575557361606,0.0023785401169374274,G2,7.212026195786856
091580,2019-06-30,-0.0957300161991542,0.02790108324786684,0.013105406133356713,G4,-3.9149710796882635
091590,2019-06-30,0.5496201703955271,0.043958256246899925,0.008292747714266463,G3,12.196076422506334
091700,2019-06-30,-0.3979537915230351,0.030185781260557994,0.028257723613591062,G5,-13.630778868356789
091810,2019-06-30,-0.30193063141066817,0.02750697699777225,-0.039340044046328,G1,-11.467365143193806
091970,2019-06-30,-0.12810462253347432,0.05710410078058431,0.003229156413559652,G3,-2.47979634397536
091990,2019-06-30,0.12593993412358748,0.03020788895251913,0.0028849519015991007,G3,3.722140812027573
092040,2019-06-30,0.06894918323558386,0.03724909113370989,-0.10143253111643925,G1,1.4885535120395388
092130,2019-06-30,-0.002968364409404015,0.005803113501140866,0.14146242192925038,G5,-2.838180265539384
092200,2019-06-30,-0.3086720101102334,0.022950895126649693,-0.00966059325705191,G2,-14.037532137226167
092220,2019-06-30,-0.1419898593125924,0.022003699586615067,0.0056958215761031585,G3,-7.066619706778663
092230,2019-06-30,-0.1541988558434397,0.0077668540965723076,0.009459004708795071,G3,-21.591853222229204
092300,2019-06-30,-0.0558533923781082,0.021254508618387485,0.007862283429703883,G3,-3.263086972818906
092440,2019-06-30,-0.14642028691746867,0.013399745953690296,0.008156681110167934,G3,-11.934719156496037
092460,2019-06-30,-0.0410973648871562,0.01953657576261794,0.017377229216219578,G4,-2.794721212089162
092600,2019-06-30,-0.4759576289008759,0.03550900115523802,-0.053886557024861566,G1,-13.784097856464026
092730,2019-06-30,-0.212958359934669,0.02207777052025411,0.04173539298719532,G5,-10.257388876070339
092780,2019-06-30,-0.061531136079637505,0.02015614607937089,0.012448247759209441,G4,-3.7225893081143306
092870,2019-06-30,0.41573646548952115,0.03521535108053256,-0.025788798336843863,G1,11.42213652112819
093050,2019-06-30,-0.40140258923654465,0.01739936814105574,0.009293897823287753,G3,-23.845952547308347
093190,2019-06-30,-0.07958078752057986,0.013526865904267993,0.014781623583091812,G4,-6.881320919979667
093230,2019-06-30,-0.9547186345982035,0.04200458797887064,-0.04472211361831729,G1,-23.050352330404046
093240,2019-06-30,-0.2037601989066789,0.029435018748139065,0.014163637000159891,G4,-7.381076213129091
093320,2019-06-30,0.19909921723979657,0.029621613265683248,0.0352046111324306,G5,6.2656040292914295
093370,2019-06-30,0.36202175878963544,0.04702023668165616,0.004991178200097744,G3,7.412124344269477
093380,2019-06-30,-0.11583725121502562,0.03304828647251751,0.01044056552534268,G4,-3.913642213516922
093520,2019-06-30,-0.2579180268749526,0.019799943591437448,0.009446988142210634,G3,-13.708117067593474
093920,2019-06-30,0.11966169801641899,0.019427661457958056,0.018811344195866043,G4,5.464362267066072
094190,2019-06-30,,,-0.09160602980379659,G1,
094280,2019-06-30,0.45416117571412856,0.02279980752119585,0.01124592572785375,G4,19.327323596756262
094360,2019-06-30,-0.004191763014622943,0.028012002073382322,0.024605913725696687,G5,-0.6316464198628293
094480,2019-06-30,-0.0775156189948337,0.02503352115696743,0.00401951147310356,G3,-3.6358263878399897
094820,2019-06-30,-0.2823941785454466,0.013776584598407455,0.011849840697514675,G4,-21.478189622402542
094840,2019-06-30,-0.1194832261370786,0.027687495043717696,0.012520939876476818,G4,-4.803076036142611
094940,2019-06-30,0.1713013591369162,0.052026662398286294,0.0019370359241270868,G2,3.033049479912338
094970,2019-06-30,0.24786701187401777,0.04209126536233642,0.02222007400151488,G5,5.5680220598811045
095190,2019-06-30,-0.4269678818545556,0.03058847684178872,-0.004990363288366166,G2,-14.39986050763479
095270,2019-06-30,-0.10712531004932219,0.0383545008472733,-0.05820875288191387,G1,-3.1450605585476414
095340,2019-06-30,0.4888750053368116,0.03828589007890454,0.0028649257901725077,G2,12.416404230093171
095500,2019-06-30,-0.1450984105084073,0.031089682853153413,0.01058249750415848,G4,-5.101381351033618
095570,2019-06-30,-0.07318313475290208,0.017187686739912247,-0.017088502775553727,G1,-5.043439170893559
095610,2019-06-30,0.4503013903474186,0.03362724110512214,0.015653433049659594,G4,12.98945313930811
095660,2019-06-30,0.21419002523196853,0.027402081821759596,0.033183018617699366,G5,7.323827026324177
095720,2019-06-30,-0.1287367863574036,0.04463624903125114,0.004810129971000572,G3,-3.1866186620214725
095910,2019-06-30,-0.18798836539351665,0.021549900561966717,-0.0007018618599373823,G2,-9.349940275703394
096240,2019-06-30,-0.15031088949931612,0.015801385386133262,0.02059912404778137,G5,-10.366990191334212
096350,2019-06-30,-0.7940929101629891,0.03697297147943341,-0.0025221384687529893,G2,-21.842843451748017
096530,2019-06-30,0.19664536408788838,0.030304393834620674,0.0557813737474148,G5,6.043461792343805
096610,2019-06-30,-0.28374451059085476,0.028479388095152883,0.001392646164608431,G2,-10.437247717750806
096630,2019-06-30,0.19717688515087933,0.03774122185862924,-0.006979114543941666,G2,4.8666937183610095
096690,2019-06-30,-0.6578243571780571,0.03280494361674537,-0.0487426161979069,G1,-20.464180119596243
096760,2019-06-30,0.004865924051143125,0.03548069674662812,0.001316850056405931,G2,-0.24339977928693707
097230,2019-06-30,-0.30728035620105565,0.020517597606955033,-0.006842795681804809,G2,-15.634494844588255
097520,2019-06-30,0.28906743586086386,0.033814044165204435,0.04222537769460542,G5,8.149439821700152
097780,2019-06-30,0.16914489896502172,0.04299719555323775,0.006770159988065573,G3,3.619840297818736
097870,2019-06-30,-0.312526732004897,0.02493501525886864,0.002932970498848357,G3,-13.075133358787799
097950,2019-06-30,-0.19683362886696665,0.019175274977491216,0.0015740788771531574,G2,-10.969101977525066
098120,2019-06-30,0.6881838895978307,0.048901675402060786,0.002471729652937891,G2,13.79670463726442
098460,2019-06-30,0.1421653533548186,0.023603868366506055,0.03773638619398585,G5,5.450947003634928
098660,2019-06-30,0.04585793537662205,0.022856186653969598,0.017512348285343378,G4,1.4156349901344278
099190,2019-06-30,-0.03758259358485372,0.014588554799767627,0.044956651794152626,G5,-3.501684169146526
099320,2019-06-30,-0.05409116893414534,0.02777830634105787,0.033100709564786564,G5,-2.4333048211243242
099440,2019-06-30,-0.34015448580406954,0.0237191093719714,0.0005613332993339633,G2,-14.910188998504319
099660,2019-06-30,,,-0.0990936714989438,G1,
100030,2019-06-30,-0.33332983845928693,0.031642170757141284,0.03999469179719418,G5,-10.961060760637922
100090,2019-06-30,-0.1810590255787836,0.021602695997818614,-0.01125538950931933,G1,-9.006326960609409
100120,2019-06-30,0.15070232630015878,0.024670626554843842,0.037082812462374395,G5,5.561285936007232
100130,2019-06-30,-0.050612093109262096,0.02589337048509925,0.006251278379517649,G3,-2.476078228378058
100220,2019-06-30,-0.21622358725956167,0.01929418533666807,-0.006736346810658691,G2,-11.906463064350989
100250,2019-06-30,-0.034886942698525394,0.00952341535782696,0.005810343133179005,G3,-5.081040644412873
100700,2019-06-30,-0.004294083807423897,0.01905412736225622,0.03210101029353289,G5,-0.9339709595357617
100840,2019-06-30,0.17029548555358776,0.023604280373836727,0.0233862668520958,G5,6.642590465039574
101000,2019-06-30,-1.1712288098468904,0.042147415145854746,-0.04419326653563532,G1,-28.109214374244477
101060,2019-06-30,-0.07632196737306282,0.01973915913529184,0.010404763422727134,G4,-4.550542632825983
101160,2019-06-30,0.1770547400412235,0.02627436284298989,0.03856316857672519,G5,6.2248064095925715
101330,2019-06-30,-0.4480262849658918,0.029900770940694144,0.01793372392759407,G4,-15.435327861262047
101390,2019-06-30,-0.2379258370303863,0.031251435822927776,-0.027582839925831316,G1,-8.045318501946852
101400,2019-06-30,-0.41067471267061284,0.044361889555608554,-0.07428910628344323,G1,-9.561734965033843
101530,2019-06-30,-0.2484667777788807,0.014564694214891908,-0.001758648345256125,G2,-17.986556512751616
101670,2019-06-30,-0.08080433173187349,0.03426913054888244,-0.007543856847801565,G2,-2.7519300323529245
101730,2019-06-30,-0.3521555715058858,0.041079537642553995,-0.11028263867264317,G1,-8.901207518346627
101930,2019-06-30,0.06173000034119153,0.017851994945368335,-0.005076420721133919,G2,2.701551433358716
102120,2019-06-30,-0.001990477937656554,0.02904927577315699,0.027974712919607927,G5,-0.5333143540945511
102210,2019-06-30,,,-0.010382410399345362,G1,
102260,2019-06-30,-0.24571491717911753,0.011453926839797094,0.010671914161181937,G4,-22.631263374817284
102280,2019-06-30,0.3603944757354808,0.0452341265504854,-0.056312933714329494,G1,7.668824057873605
102460,2019-06-30,-0.0736029319291252,0.03604012010993463,0.004807183038619048,G3,-2.4168856671854844
102710,2019-06-30,0.36074783416065603,0.030562176862640324,0.031464000826165336,G5,11.361949703815622
103140,2019-06-30,-0.2033946459920043,0.019565278298382643,0.0013736049514810823,G2,-11.085789861632232
103160,2019-06-30,,,0.001935013345792592,G2,
103590,2019-06-30,0.030442799210476,0.022028630762161886,0.015246954789786644,G4,0.7690392373980791
104040,2019-06-30,-0.1560038220074107,0.03381252762906846,0.019905913676908107,G4,-5.013104659762456
104200,2019-06-30,-0.1838329683984184,0.014297367934584564,0.025359506690737933,G5,-13.80218282900135
104460,2019-06-30,0.44121241325747323,0.020616633902738848,0.029580970408516566,G5,20.745893702484295
104830,2019-06-30,0.3219283236554015,0.031839063136662925,0.023514365422195475,G5,9.687044010162065
105330,2019-06-30,-0.020473383030430364,0.020869061394812982,-0.0038935169735959084,G2,-1.6280224680873334
105630,2019-06-30,-0.29501671978710753,0.020007956582091844,0.004797193832191003,G3,-15.419797435559552
105840,2019-06-30,-0.3866723921041445,0.04122523032553509,-0.015317901334559602,G1,-9.70702423618708
106080,2019-06-30,,,-0.0148556460748989,G1,
106240,2019-06-30,1.0370646852887926,0.04465896791409052,0.05601496407193161,G5,22.919534760623637
106520,2019-06-30,0.06541825919849428,0.03929109851570592,-0.011910364441581533,G1,1.3213257799224547
107590,2019-06-30,-0.03762113130905902,0.009686607774840768,0.016825912172184324,G4,-5.2777040534314965
108230,2019-06-30,0.1757349265838095,0.028482156532200976,-0.0034010160305089484,G2,5.695952432259653
108320,2019-06-30,-0.11220161971629633,0.022491700578874552,0.009208792580150458,G3,-5.588885423923133
108380,2019-06-30,0.02332908866332269,0.012940527932108868,0.014060292124291825,G4,0.7594103506951775
108490,2019-06-30,-0.3460975566701476,0.027570356437891075,0.01340032356069477,G4,-13.042975171120906
108670,2019-06-30,-0.20869334113330168,0.01740766195520938,0.009246395427539007,G3,-12.764221841694665
108790,2019-06-30,-0.18488951964787043,0.018068440460891285,0.0009184092723530972,G2,-10.979997852360484
108860,2019-06-30,,,-0.028190969696674076,G1,
109070,2019-06-30,-0.13295173333873692,0.05394791768171915,-0.1571827878710332,G1,-2.7147229668993047
109610,2019-06-30,-0.1301772117365382,0.01521429994608086,-0.0074025972310625705,G2,-9.443689821677829
109740,2019-06-30,-0.31598624681136933,0.02640084695295006,0.0259180664260339,G5,-12.480211911639868
109820,2019-06-30,0.03902065434083807,0.05204408328386609,-0.01691556625255545,G1,0.4903292540178115
109860,2019-06-30,0.024437562441507483,0.010056035086923425,0.033788021053974784,G5,1.087470811185685
109960,2019-06-30,0.20218348247871043,0.04529658525136191,0.01715764263882172,G4,4.165469949300831
110790,2019-06-30,-0.20970694678087481,0.027742325216594362,0.029226848371668328,G5,-8.045787901569954
110990,2019-06-30,0.008684998209049652,0.02315455478780405,0.003807666910179604,G3,-0.2080333499526697
111110,2019-06-30,0.1299850692362641,0.022228725017392776,0.008891110635514038,G3,5.240208394179296
111770,2019-06-30,-0.1632088151565361,0.018631714794103693,0.023481509947924153,G5,-9.484405215384589
111820,2019-06-30,,,0.040828389205666664,G5,
111870,2019-06-30,-0.13418433866373136,0.038995934089454086,0.0014820365185544096,G2,-3.7872219225001267
112040,2019-06-30,0.07069169457212086,0.03795850274198847,-0.000342972324970507,G2,1.5066394254966287
112610,2019-06-30,-0.10405712439108991,0.026161858258141078,0.00942298736367406,G3,-4.493527984111255
113810,2019-06-30,-0.07224639740534804,0.025516928651847803,-0.05187298283915063,G1,-3.3604481316507404
114090,2019-06-30,-0.08671964610002579,0.01918819904749975,0.023034948917125642,G5,-5.223083399340907
114190,2019-06-30,0.3412315969950838,0.03838347618650917,-0.02328700197807272,G1,8.53830115840455
114630,2019-06-30,-0.02306884773659293,0.024032289701459663,-0.01587912050452262,G1,-1.5217345496043544
114810,2019-06-30,0.18221185828301104,0.03531060906832368,0.00030078676597808184,G2,4.777882481391056
115160,2019-06-30,-0.40223224345938696,0.022286615804918985,0.005462385499560321,G3,-18.653983400021076
115310,2019-06-30,-0.0954874396088839,0.012200169445074346,0.030046575271618865,G5,-8.933429810772509
115390,2019-06-30,-0.06712711404776045,0.025186280414420312,0.002793244393972535,G2,-3.201307637701665
115450,2019-06-30,0.025589987189433228,0.033531001197155484,-0.020747894736149387,G1,0.36050427811978164
115480,2019-06-30,0.06674974792787286,0.03953792629200479,-0.003638521596831217,G2,1.34675323451198
115530,2019-06-30,,,0.011768202127121012,G4,
115570,2019-06-30,0.4634905082213941,0.0447219639072959,0.009798948262741365,G4,10.06191479752445
115960,2019-06-30,-0.16549230843594148,0.025533505359684235,0.02250951572673527,G5,-7.010170508228809
117580,2019-06-30,-0.07336089354125372,0.019230057781800675,-0.003993821927153645,G2,-4.5170332993840425
117670,2019-06-30,-0.09291576900305701,0.0353595592546544,0.03706454604847367,G5,-3.0095874794386286
117730,2019-06-30,-0.24706744807473555,0.028141252976938064,-0.01754694994426342,G1,-9.259337745071017
118000,2019-06-30,0.848750186523759,0.04709456392389316,-0.027688739173571047,G1,17.73555585025348
118990,2019-06-30,-0.49054497261274715,0.038558457114820484,-0.003881290772189299,G2,-13.072278512597144
119610,2019-06-30,0.1118816022717079,0.02095347712176806,0.027111945017237304,G5,4.6951483943103876
119650,2019-06-30,0.046124066408158804,0.023089340842290525,-0.0005168955223796643,G2,1.4128661715707707
119830,2019-06-30,-0.4516491631125384,0.05508083109440576,-0.05469917564480252,G1,-8.444881307682378
119850,2019-06-30,0.016209744316833342,0.02123698506082738,0.015748916912431757,G4,0.12750522265087905
119860,2019-06-30,-0.013080565682734961,0.022824960167833894,0.04564641039121653,G5,-1.1646234339727575
120110,2019-06-30,0.014639673502847506,0.01869665294920237,0.002802980303863663,G2,0.06085344247013415
121440,2019-06-30,-0.24386236977484596,0.011408009189845497,-0.003140491889201605,G2,-22.559964959718858
121600,2019-06-30,-0.10301768616231174,0.024790711288750898,0.01005643816267289,G4,-4.700131537710383
121800,2019-06-30,0.024923570706522097,0.0509242212950062,0.0029880755082373313,G3,0.22428723715060495
121850,2019-06-30,-0.16647820212864278,0.04888943062643371,0.020577584774958423,G5,-3.6813707509113365
122310,2019-06-30,0.17517445782234348,0.02810421201362927,0.049177467696198914,G5,5.752608894912992
122350,2019-06-30,-0.24902307903645468,0.015725758958583334,0.00022002505660261986,G2,-16.693947652134405
122450,2019-06-30,-0.20337891836065458,0.018488824650844927,0.014282464252117906,G4,-11.73037444318898
122640,2019-06-30,-0.19072964665440992,0.04154636890951951,-0.020470911916766473,G1,-4.915750035999742
122690,2019-06-30,-0.1304406002201882,0.023042059942248675,0.0005101231863295568,G2,-6.24694660065883
122900,2019-06-30,-0.19716250400780522,0.02149092728756529,0.010011618223145486,G4,-9.802481716920395
122990,2019-06-30,-0.30687692112757525,0.021264680851059425,0.022577453873274977,G5,-15.066242525799902
123040,2019-06-30,0.6413260518538448,0.04741904268572783,0.022232962637117513,G5,13.239915833108709
123260,2019-06-30,,,-0.38681086768568845,G1,
123330,2019-06-30,-0.32829744063563826,0.029330204921080683,-0.004712202312847257,G2,-11.65349370601205
123410,2019-06-30,0.12904471722119396,0.042298855612661834,0.013172604156593437,G4,2.731582160780443
123420,2019-06-30,-0.04872533260277184,0.04418770282338274,0.004504231635804735,G3,-1.408248142242468
123570,2019-06-30,0.00262785656344644,0.029618395657234793,0.017107053251763128,G4,-0.3671387664144645
123690,2019-06-30,0.42024234965278884,0.04952875932484312,-0.0432875326768812,G1,8.212207157802817
123700,2019-06-30,-0.03382728690919708,0.01786258700973141,0.010707078425885521,G4,-2.6496276654457507
123750,2019-06-30,-0.5647083883819295,0.04478915900071675,-0.03597225226065834,G1,-12.909603999952214
123840,2019-06-30,-0.19533280301962092,0.03356208748834181,-0.06168321548553526,G1,-6.222340040689701
124500,2019-06-30,0.1640374027278187,0.03063190763729628,0.00603458129866065,G3,4.914335950018113
126560,2019-06-30,-0.05640850083455552,0.01652703374977297,0.013747101969746297,G4,-4.23006449319649
126600,2019-06-30,0.12583782034396995,0.02889757512833587,0.01593312843771825,G4,3.887381624127986
126700,2019-06-30,0.4046951230836185,0.03190077266259524,0.004937136028335534,G3,12.262812860770827
126880,2019-06-30,-0.15094946422788558,0.03658777713714857,-0.011873116256501677,G1,-4.494708203224862
127120,2019-06-30,-0.014784132153991686,0.03306741673662767,-0.05932464112897882,G1,-0.8554054944025709
127160,2019-06-30,-0.6129469987219753,0.05478091562613528,-0.03552199414630748,G1,-11.435532052905733
127710,2019-06-30,-0.16094036527675712,0.017893943326822672,-0.01151093774968539,G1,-9.748677521711533
128540,2019-06-30,-0.058226599550702446,0.0323603305054413,0.01596295576592036,G4,-2.2165570078729777
128820,2019-06-30,-0.29955076692423466,0.03929360950007134,-0.007118652555207088,G2,-7.967012669881738
128940,2019-06-30,-0.2684704791670792,0.030680711781683384,0.010792285780508053,G4,-9.190542872073717
129260,2019-06-30,-0.12164094200511667,0.02296336577205116,0.0027728321766850284,G2,-5.8851503370563805
130500,2019-06-30,-0.01172458960231905,0.03218912992536049,0.009163925937164728,G3,-0.7836964673799174
130580,2019-06-30,0.0480112631816069,0.015546487977254756,0.07801548667307448,G5,2.219751845167638
130660,2019-06-30,-0.0761532046681429,0.013808724475146599,0.050354382489446105,G5,-6.492643302263459
131090,2019-06-30,-0.06718343304558833,0.027108090772588498,0.014108857703961475,G4,-2.9764305989190474
131100,2019-06-30,-0.13729953165560005,0.056992454447382546,-0.0754162709909799,G1,-2.6459897354139126
131180,2019-06-30,-0.1239399141081053,0.02332595296569208,0.02081181252540735,G5,-5.892227945348022
131220,2019-06-30,0.307565762960453,0.026581385436754274,0.01274612672389382,G4,11.062773452945372
131290,2019-06-30,0.801606137086712,0.03710202767090589,0.024436115650959878,G5,21.24154038881537
131370,2019-06-30,-0.302876896511668,0.03133621480329699,0.03979279709427068,G5,-10.096267730670515
131390,2019-06-30,-0.05641554379815206,0.02805370315813028,0.012756122194957796,G4,-2.4922720972795473
131400,2019-06-30,0.17318944012767865,0.026533808898686135,0.011455112953107595,G4,6.018266089470731
131760,2019-06-30,0.7520210878996385,0.04857153010823942,-0.002945122338167435,G2,15.204774658028342
133750,2019-06-30,0.8242936840047044,0.05540549018138132,0.023009073705244652,G5,14.633780218209257
134580,2019-06-30,0.0557389415893484,0.04289532998853497,-0.028641049430553855,G1,0.9846531963367182
134780,2019-06-30,,,-0.018227589148705595,G1,
136480,2019-06-30,-0.06459782507127823,0.042390114707636935,-0.009363751792976997,G2,-1.842404612918565
136490,2019-06-30,-0.2441592767562697,0.01778866729299266,0.0025643801945782986,G2,-14.484569884894476
136510,2019-06-30,-0.1713965318130376,0.0319005372505493,-0.03157089402960417,G1,-5.796092027198474
136540,2019-06-30,-0.15849990044268863,0.02472665256515129,0.01948749663926741,G4,-6.956130345492862
137400,2019-06-30,0.4604983973409029,0.035090999964094316,0.008595713609297421,G3,12.7382086572072
137940,2019-06-30,-0.47146366005880314,0.04182905243039147,-0.004535375396298638,G2,-11.59398909822456
137950,2019-06-30,0.5219227005726612,0.05527059282569027,0.01562217108564807,G4,9.198757544864318
138070,2019-06-30,-0.06280922970840276,0.014177492593259162,0.012020104029198894,G4,-5.3825559784037456
138080,2019-06-30,0.11730567258999265,0.036655221722642295,0.08958541933569278,G5,2.831895427266039
138250,2019-06-30,-0.29440184124345536,0.016166184522265262,-0.01873018573268757,G1,-19.046161364025426
138360,2019-06-30,,,-0.028053821315770364,G1,
138490,2019-06-30,-0.21441719651527646,0.02459818047940534,0.011143839120049934,G4,-9.265689977123282
138690,2019-06-30,-0.2977580941990606,0.018370342027010156,-0.005079304304822222,G2,-16.943615505341707
139050,2019-06-30,-0.07312965951849382,0.06942189702136087,0.0017268599545958957,G2,-1.2478998852488394
139480,2019-06-30,-0.2011008634458784,0.020809747245256166,-0.0012781728370599673,G2,-10.31260873689943
139670,2019-06-30,0.6856743922736946,0.04500694224254367,-0.013648004971163188,G1,14.934862067347726
140070,2019-06-30,0.02465491928312441,0.022478015416872284,0.0058631372809276145,G3,0.4961737621433283
140520,2019-06-30,-0.22804959738653285,0.02191621870328659,-0.0034341613484990033,G2,-11.02158718458712
140670,2019-06-30,-0.21975937417554509,0.030953327611843766,-0.0050816793686327905,G2,-7.53590356774794
140860,2019-06-30,0.11359966003809005,0.015743770733386613,-0.0015014582679709076,G2,6.357926822295579
141000,2019-06-30,-0.2150218340294036,0.023376780277786974,0.003063722326568961,G3,-9.775672659881653
141020,2019-06-30,-0.8862563067847358,0.05297410556072165,-0.1366444632129761,G1,-16.984868646089847
141080,2019-06-30,-0.030290395541868936,0.029885818627016406,-0.017558957165864145,G1,-1.4653208565784572
142210,2019-06-30,-0.23269470369910333,0.0322612993854476,-0.029110901129081355,G1,-7.631329989714446
142280,2019-06-30,-0.10557847094259086,0.05676642689454914,-0.16479061353829652,G1,-2.097725632300532
142760,2019-06-30,-0.3048526678678539,0.0341602064078007,-0.1078291259694003,G1,-9.319457320473765
143160,2019-06-30,0.26806319592221084,0.06330507129948587,0.003970270477118913,G3,4.021183025127706
143210,2019-06-30,0.05872585642243808,0.018006302249457883,0.0031740808103028107,G3,2.5115616736679227
143540,2019-06-30,0.6737393117758645,0.041873108780882344,-0.0011166407860898203,G2,15.76757525749042
144960,2019-06-30,0.23834629617415254,0.0331242981552053,2.8153582698652977e-05,G2,6.787898639011625
145020,2019-06-30,0.09192920903500594,0.02673705393364892,0.014250309730392029,G4,2.9332809598773726
145210,2019-06-30,,,0.024257086714775868,G5,
145720,2019-06-30,-0.37174766010675653,0.023521830013088513,0.01672347414901638,G4,-16.378384577246198
145990,2019-06-30,-0.23816438665749842,0.015368752088700541,0.008409950573980234,G3,-16.375194486398698
148140,2019-06-30,-0.14343452700726722,0.01903159149289154,-0.00805073562830227,G2,-8.246102007501761
149940,2019-06-30,,,0.033665181075956244,G5,
149980,2019-06-30,-0.13377120976753043,0.031719009985986236,0.026452186361630253,G5,-4.643055619983608
150840,2019-06-30,-0.2726628291045553,0.06648618640189911,-0.014204935093175578,G1,-4.3041233435010255
150900,2019-06-30,-0.27098118916799735,0.02171011850599634,-0.024235023684205246,G1,-13.103710460983535
151910,2019-06-30,-0.3122648315944273,0.029947771216900752,-0.07539160912906592,G1,-10.877829506684723
153360,2019-06-30,-0.017898263574361393,0.005150932434265824,0.04317599013068162,G5,-6.0960188826581065
153490,2019-06-30,0.3403758436320713,0.038414796178346027,0.012209165692747714,G4,8.509063130422314
154030,2019-06-30,-0.36636602727114487,0.032494135893027284,0.019251258731654664,G4,-11.69035380198793
154040,2019-06-30,-0.35204049141592664,0.027898487854269377,-0.009046962174463455,G2,-13.102588611024158
155650,2019-06-30,0.4260852935575066,0.03957407817017814,-0.03234255174423064,G1,10.42559662350387
155660,2019-06-30,-0.11531456174910101,0.024884378209969766,0.009983470535230419,G4,-5.176600293983262
155900,2019-06-30,-0.029804480882697104,0.003007577812376577,0.043528279633405643,G5,-14.399095016828742
156100,2019-06-30,,,-0.057876608782866136,G1,
158310,2019-06-30,-0.0742072019980563,0.05960486741783218,-0.05682535975580211,G1,-1.4715093516009607
159580,2019-06-30,-0.09858120457883536,0.036093826461057195,0.035951828042845996,G5,-3.1053266826110733
159650,2019-06-30,0.16574345799016332,0.014622509997582467,0.06524706649009496,G5,10.411450579080759
159910,2019-06-30,-0.10549793702922862,0.03451543683532691,-0.013020947857898755,G1,-3.4477284875516974
160550,2019-06-30,-0.009583808522539511,0.02909469387471158,-0.02264922806212216,G1,-0.793468610811686
160600,2019-06-30,-0.3661227162135127,0.06036687968695267,-0.11279468275137047,G1,-6.288624424359334
160980,2019-06-30,0.2984415965442706,0.026996567616670502,0.0015512818056423934,G2,10.55466319948392
161000,2019-06-30,0.02840130501275257,0.016363159307183878,0.030107926903735073,G5,0.9105446524615924
161390,2019-06-30,-0.17358999124176483,0.019630376268470428,0.008938433027940167,G3,-9.530734739429523
161570,2019-06-30,-0.36031143447729436,0.04811771242353868,-0.011227741409367411,G1,-7.768726596874707
161580,2019-06-30,0.36549402530049246,0.03580295125540925,-0.02753826949823118,G1,9.831371301802752
161890,2019-06-30,-0.3185356914043892,0.02306208725027202,0.0058562212059949876,G3,-14.39755238150406
163560,2019-06-30,-0.05382275599771526,0.01858495736680466,0.012074537532683593,G4,-3.6225358216955468
166480,2019-06-30,-0.04976784225954012,0.032005542959005144,-0.00038797840526213394,G2,-1.9768375793155408
168330,2019-06-30,-0.4822235564321241,0.058646975282973204,-0.0399156430940897,G1,-8.452703176053918
170030,2019-06-30,0.29427416920150823,0.04098596161325021,0.01116157947799007,G4,6.850449284140236
170900,2019-06-30,-0.04603968369125791,0.02032714419619894,0.00791584782904695,G3,-2.9291670745667755
170920,2019-06-30,0.22326357873890895,0.03852789768840476,0.004123933672287162,G3,5.444409726872251
171010,2019-06-30,0.8459548572462149,0.06616586695441698,0.03537393877489941,G5,12.581304798915271
171090,2019-06-30,-0.12753039042591308,0.03709623061113182,-0.0008939479079749808,G2,-3.80179619089955
172580,2019-06-30,-0.002346634746063795,0.004174262989799938,0.047049415646834354,G5,-3.7967307266000825
173940,2019-06-30,0.027838891272644512,0.01860496036777642,-0.00042488205090739756,G2,0.7705995165276908
174880,2019-06-30,-0.168804148412135,0.035169349470030246,0.01418356894546202,G4,-5.1836633024931915
175140,2019-06-30,-0.18330266140340085,0.03938571903565787,-0.06706758065256636,G1,-4.996851245331916
177350,2019-06-30,0.022404966921289543,0.04592781186825222,-0.052071655321730075,G1,0.1938487541842736
177830,2019-06-30,0.03930480612011117,0.04275126832201768,-0.005281050318652711,G2,0.6035584281976275
178320,2019-06-30,0.11644968703222537,0.0292649003752782,0.031748804444945274,G5,3.517789840520773
178780,2019-06-30,1.0032866213676923,0.05629351279592985,0.012353793063670161,G4,17.582571319497347
179290,2019-06-30,-0.05323430604952947,0.039037110935017744,0.020364862443006296,G5,-1.709558475493732
179900,2019-06-30,0.023560114319233855,0.04611500999962042,0.027716109517391348,G5,0.218111120676272
180400,2019-06-30,,,-0.07322156167128079,G1,
180640,2019-06-30,0.37806086074279677,0.030592998578936784,-0.05192427483653243,G1,11.91641747682673
181340,2019-06-30,-0.23490665890070392,0.028339340569532672,0.0214056240902452,G5,-8.76550306805602
181710,2019-06-30,0.0076712815347037555,0.02090476542963982,0.007267786189408444,G3,-0.27891421662394894
182360,2019-06-30,0.17881062560931432,0.05115386313230392,0.003552082604364004,G3,3.2315977265205196
183190,2019-06-30,-0.3281775331403109,0.019345332705704432,0.013230642999436965,G4,-17.662112931651865
183300,2019-06-30,0.030310391648847718,0.02174940302446312,0.028105063759161924,G5,0.7728246068052012
183490,2019-06-30,0.07653256818990042,0.03743264584314929,-0.06197125278889622,G1,1.6838417098751992
184230,2019-06-30,-0.31132644818479915,0.03093270885512498,-0.02811070139851148,G1,-10.501128999544449
185490,2019-06-30,-0.06425272165134906,0.04938461737835099,-0.04072346093555233,G1,-1.5744708289195728
185750,2019-06-30,0.07191714531220698,0.014993172142395896,0.016613946379718247,G4,3.8961219780041243
187220,2019-06-30,-0.4132234009615313,0.02285362529910113,-0.0032186863351650673,G2,-18.672106205685196
187270,2019-06-30,-0.1569594815177274,0.02000467573834311,0.004355893250617798,G3,-8.521077849775988
187420,2019-06-30,-0.2526527812935738,0.028731700438898222,-0.011563734022451654,G1,-9.263450997890162
187790,2019-06-30,0.008853302661107391,0.02322137216495974,0.0027509175398862983,G2,-0.20018692754626988
189300,2019-06-30,0.14272255584643573,0.03741747009788781,0.020066751282396916,G4,3.4534840998111997
189690,2019-06-30,-0.0404637124660266,0.01410783604576427,0.04794211895374808,G5,-3.825223804642128
189980,2019-06-30,0.028879815163010636,0.023761891515517313,0.024286164591098065,G5,0.6471663817145701
190510,2019-06-30,-0.12243073452045117,0.03274421345057959,-0.04055722350909361,G1,-4.151348834010983
191410,2019-06-30,-0.20973131970730158,0.02941669211050146,0.014479472064546113,G4,-7.588658734196315
191420,2019-06-30,-0.21038719758027075,0.04037016902980873,0.009644459613850256,G3,-5.545904829458939
192390,2019-06-30,-0.21861384281209723,0.018550257317985753,-0.003629142591556702,G2,-12.51280543668061
192400,2019-06-30,-0.22329111980689934,0.022276254258488122,0.020004371593627845,G4,-10.629840855084113
192440,2019-06-30,-0.1746637618378888,0.023163605411245302,0.026526248409795335,G5,-8.1233329745273
192820,2019-06-30,-0.3985108442192288,0.02976574359506781,0.0054388606799166865,G3,-13.841843416796701
193250,2019-06-30,-0.08235014253107553,0.02779655692753976,-0.003975080735834831,G2,-3.4483429220806894
194370,2019-06-30,-0.5059490005134092,0.025500744825386796,0.01825780627434332,G4,-20.370029263007982
194700,2019-06-30,0.03288113060335904,0.022883123632720548,0.027103741893824206,G5,0.8468779484034065
195990,2019-06-30,0.4384312610814255,0.05954204137996793,-0.05877537073872394,G1,7.136627052497528
196170,2019-06-30,0.8845450495180645,0.05642574838621339,-0.02421310004243354,G1,15.436979687852379
196450,2019-06-30,-0.0017263521595828057,0.029700657562856107,0.07500960140794295,G5,-0.5127250107366836
196490,2019-06-30,-0.8492157747721761,0.060291851493495606,-0.019328187736853093,G1,-14.3090263644245
196700,2019-06-30,-0.1509988554778095,0.025491383586482626,0.009863001480202268,G4,-6.453191241187036
197210,2019-06-30,-1.4414831275123872,0.07272559659193369,-0.16839894798794702,G1,-20.00650546030701
200130,2019-06-30,0.05083450044315625,0.02726773107957115,0.04635331855306868,G5,1.3691121760734426
200230,2019-06-30,0.04550132102609627,0.05293887795340891,0.004674587614721234,G3,0.6044594153665201
200670,2019-06-30,-0.20084316234570018,0.022524863487446516,0.021855408406984127,G5,-9.51593248382515
200710,2019-06-30,0.873298020770382,0.0441664066077324,0.016881308129975323,G4,19.467196201821743
200780,2019-06-30,-0.15297678786607416,0.0304062557183768,0.011130513097490458,G4,-5.475146536167479
200880,2019-06-30,-0.20477900918996197,0.026717446358250387,0.006580973681244151,G3,-8.169977177881586
201490,2019-06-30,-0.15635781860112197,0.02719625923519875,0.042464546766585884,G5,-6.245702210012038
203450,2019-06-30,-0.0884235280445152,0.020068673423664987,0.02708022122912158,G5,-5.078833249264191
203650,2019-06-30,-0.306165935272694,0.04730784134767351,-0.0008048842027798225,G2,-6.75718536239307
203690,2019-06-30,-0.2758109837567765,0.034184091995884985,-0.022828925722643917,G1,-8.463378275480377
204020,2019-06-30,-0.20632549850137236,0.036851138816494176,0.0016521265531539782,G2,-5.9652814911434735
204320,2019-06-30,0.17329800371197,0.024903724948763077,0.0072020272711759295,G3,6.416553597203442
204620,2019-06-30,-0.1659930352184122,0.02239886673545462,0.03376499988643525,G5,-8.013572969855353
204630,2019-06-30,-0.12588188935050404,0.02288144061264003,-0.053456074189497375,G1,-6.091566065194585
204840,2019-06-30,-0.6323145753199342,0.054437066216480735,-0.11951189643587436,G1,-11.86354331734052
204990,2019-06-30,0.02689527644466394,0.08614397231697862,-0.20222385995898828,G1,0.15547644572463035
205100,2019-06-30,-0.05661330046010536,0.025423615940959002,0.024853995267594246,G5,-2.7578774959137347
205500,2019-06-30,-0.08393281481591724,0.0758932647436671,-0.10499195282250903,G1,-1.2838389935289591
206400,2019-06-30,0.21490753930950596,0.021793590423765066,0.06194544639358589,G5,9.24150713971672
206560,2019-06-30,0.041753013391149396,0.031604887580711546,0.00115743000229562,G2,0.8938837548712522
206640,2019-06-30,0.37168862458817187,0.04489145552993562,0.014437782318574323,G4,7.978950616584439
207760,2019-06-30,0.9617360958829484,0.07382389249568712,0.01757696654523141,G4,12.844543223321992
208140,2019-06-30,-0.15394246983190296,0.04288948856005216,0.0036629252741435564,G3,-3.904089166408994
208350,2019-06-30,-0.4076612734357663,0.028566431165006203,-0.013927605781483292,G1,-14.743290431039533
208370,2019-06-30,-0.042991126400999086,0.061104543841997844,-0.03283372925573646,G1,-0.9245309866856404
208640,2019-06-30,-0.38513048671436095,0.0435609396359001,-0.0695918302778746,G1,-9.15114338337305
208710,2019-06-30,-0.2261284704879913,0.01901477135990525,0.03159341583148095,G5,-12.602328145869672
210540,2019-06-30,-0.2989434455114837,0.024132118767209,0.016578212253399085,G4,-12.947282678894206
210980,2019-06-30,-0.017509060666865993,0.013539747900672666,0.00021671247240868203,G2,-2.2903660173425013
213090,2019-06-30,-0.2086093400034884,0.019427310458870084,0.00746958289741124,G3,-11.432939123608664
213500,2019-06-30,-0.0079761302856802,0.015041324804959328,0.0026096533895195923,G2,-1.4279359280119894
214150,2019-06-30,0.10803593892992701,0.037499201090781156,0.08742760362317474,G5,2.5209609370837556
214180,2019-06-30,-0.3824470693352946,0.025220733768493483,0.024429743299868495,G5,-15.699344467056918
214270,2019-06-30,-0.32919964669783214,0.03511435395364112,0.038265897483929834,G5,-9.75958620678298
214310,2019-06-30,-0.5822177199661429,0.033623881477754095,-0.07700592960738539,G1,-17.717158507369124
214320,2019-06-30,0.01036436995165059,0.01563451744554896,0.013292662167968199,G4,-0.20068082481572233
214330,2019-06-30,-0.1481219875582258,0.047013392793942343,0.0002007509801328572,G2,-3.437826877860858
214370,2019-06-30,,,0.02223981712475234,G5,
214420,2019-06-30,-0.08770151508379949,0.03427558978747252,0.00033525186116805414,G2,-2.952638700589414
214450,2019-06-30,-0.02968894205495784,0.025263111570895766,0.01162451995405695,G4,-1.709641337804754
214680,2019-06-30,-0.03217313902490146,0.03509247396030875,0.0013574483715557482,G2,-1.3015627477498812
214870,2019-06-30,0.09260354817862665,0.04399257145917026,-0.07099196961457446,G1,1.7980678952541371
215000,2019-06-30,-0.2205349954957342,0.021847567444228094,0.026988071436036556,G5,-10.712264141140507
215100,2019-06-30,-0.33255038591226493,0.031966730957711485,0.004458047559860225,G3,-10.825389189100184
215200,2019-06-30,0.28664889141595695,0.02558291279917542,0.03930595489911024,G5,10.67693017413333
215600,2019-06-30,-0.8359268637970299,0.08239319041510938,-0.34607165898300807,G1,-10.309453697880834
215790,2019-06-30,-1.1252032202331683,0.03379592064067697,-0.014129441369098036,G1,-33.69356763936874
217270,2019-06-30,-0.30174634476467194,0.029532447304393146,-0.06952359778996678,G1,-10.674640652825133
217480,2019-06-30,-0.01979440025995599,0.04685610806654315,0.0013821655505494217,G2,-0.7106078469191052
217620,2019-06-30,-0.3836576923237892,0.020983785095846058,0.0019163888916044907,G2,-18.926976630666594
217730,2019-06-30,-0.6589733133666625,0.044648842896259026,-0.08068037355264901,G1,-15.061425729158731
217820,2019-06-30,0.09544550836511981,0.03514616684815611,0.010271075167137503,G4,2.3315086083477037
218150,2019-06-30,0.01955058370944205,0.039696739902796374,0.005779569809474181,G3,0.15237185512044546
218410,2019-06-30,0.08051375864279531,0.0377397800220043,0.035384439473152236,G5,1.7756288138273375
219420,2019-06-30,-0.1820379749667152,0.03388621557504103,0.005816155953775973,G3,-5.770484825663439
219550,2019-06-30,0.0020173473755429883,0.05069062358974272,0.007177066023623872,G3,-0.2265620270451768
219750,2019-06-30,-0.48142743262369636,0.03405030026289502,-0.05089563788048609,G1,-14.535241880708035
220100,2019-06-30,0.10509950512163596,0.021303504262949018,-0.007286977382326333,G2,4.299648836305444
220180,2019-06-30,-0.275406059458447,0.05749897665882102,-0.05481401111597772,G1,-5.024575984733534
220630,2019-06-30,0.1507746780038262,0.023214047948228088,0.04467711679272895,G5,5.913348697381535
221610,2019-06-30,0.6346229110822225,0.049920025374273674,0.041303423306908386,G5,12.442321265207099
221840,2019-06-30,0.18288473626239515,0.031104443551499786,0.005123796946253667,G3,5.445614809785232
221980,2019-06-30,-0.05091011340583101,0.013477071864672504,0.02740854651980437,G5,-4.779378774620446
222040,2019-06-30,-0.35386985323317743,0.033605701990009854,-0.004404141173657097,G2,-10.931828507870692
222800,2019-06-30,0.7205765745924531,0.03347553066793834,-0.013257174488487069,G1,21.12213436728113
222810,2019-06-30,0.06054409644172454,0.09087849742462198,-0.4874299840710725,G1,0.5176381648752932
222980,2019-06-30,0.4225916880813402,0.050188195877424825,0.009499365053779471,G3,8.151115279621635
223310,2019-06-30,-0.7136243282482791,0.03832346168661592,-0.06896745963727248,G1,-18.973396818963245
224060,2019-06-30,-0.2232364133509435,0.040925554254131954,0.018901658746929673,G4,-5.784609041312151
224110,2019-06-30,0.051601966069926786,0.032761471688875006,0.014971025239256553,G4,1.1629528924564605
225190,2019-06-30,-0.21720115103358323,0.013208408444805201,0.06267047421368162,G5,-17.466379072532142
226320,2019-06-30,-0.21452397449841545,0.02616463304045955,0.00849886127080258,G3,-8.715042628498857
226340,2019-06-30,-0.31462951820683266,0.0373450075744977,0.03347646966665634,G5,-8.786487333292909
226350,2019-06-30,-0.1359721307639657,0.05214523426182765,-0.0678318853925253,G1,-2.8664949096145054
226360,2019-06-30,-0.14423623891300577,0.04031560535275687,0.049011833227244665,G5,-3.9125831136859874
226950,2019-06-30,-0.05803030048348469,0.0383685255429171,-0.06279726373088813,G1,-1.864346291120609
227100,2019-06-30,-0.20726495570960324,0.03358671997881797,-0.03647008607429194,G1,-6.573040584405168
227840,2019-06-30,-0.23030989483809486,0.026837279189811943,0.008974667689358876,G3,-9.084818580971154
227950,2019-06-30,0.14390200536119924,0.03905937409389105,-0.04440993835348711,G1,3.338509399549617
228850,2019-06-30,-0.15333575282610906,0.019501611125265248,0.021893614462184966,G5,-8.555071145797909
229640,2019-06-30,-0.06882218768696413,0.021052152281919975,0.010957216707652465,G4,-3.9104840394815565
230240,2019-06-30,0.36796152602606264,0.036039294786960344,0.01706648958289946,G4,9.835364712688365
230360,2019-06-30,0.1977198912476213,0.033927703683115644,0.060042638241638434,G5,5.429721243736265
230980,2019-06-30,0.3923195878541094,0.048791431665661654,-0.022258227053330863,G1,7.764020384597444
232140,2019-06-30,0.5952715401019584,0.03625837572462501,-0.011464134861710079,G1,16.045109872327465
234080,2019-06-30,-0.16814275831272377,0.018283065432963506,0.028353324270355695,G5,-9.93513242005064
234100,2019-06-30,0.11804877607635116,0.04847394693411281,0.0174893448746061,G4,2.156763888243619
234300,2019-06-30,-0.37318818917338126,0.026465020429825372,-0.02688313037620774,G1,-14.61136627522913
234920,2019-06-30,-0.4940639329659739,0.034453083219331805,-0.03541263288624065,G1,-14.732087910477492
236200,2019-06-30,0.31605944095622046,0.03741633145348361,0.0462888738266762,G5,8.086242327742477
237880,2019-06-30,0.15360572398223019,0.033641820400072,0.005611665786534036,G3,4.164572680903771
238090,2019-06-30,-0.06351388851159985,0.043522553890353345,-0.016801746341246006,G1,-1.7695608238855982
238120,2019-06-30,0.15779796879978308,0.047334666580133196,-0.004141588497372398,G2,3.0484222540637127
240810,2019-06-30,0.4097634878405165,0.02601469754394552,0.03357959658256653,G5,15.232218993240632
241560,2019-06-30,-0.1493505820435664,0.015654877896150117,0.014004300333858301,G4,-10.40266816081872
241590,2019-06-30,0.14058341379122588,0.024938791343237083,0.01684198903433074,G4,5.095735965466857
241710,2019-06-30,-0.5459177994427957,0.03358061381958489,0.013003656727613744,G4,-16.659008088909623
241770,2019-06-30,0.05261110728716647,0.028059094109021077,0.01811695084250365,G4,1.3938151148783382
242040,2019-06-30,0.016832926875296993,0.03353599758167428,0.03261860322755054,G5,0.0993263748592964
243070,2019-06-30,-0.04607781731127711,0.022232602334719256,0.02959036227937181,G5,-2.6798363152681564
243840,2019-06-30,0.06178669081158952,0.026882014633753486,0.01704226474025889,G4,1.7961738977235449
246720,2019-06-30,-0.1856335694904904,0.04939980908797871,-0.09653559448445233,G1,-4.031098317486586
246960,2019-06-30,0.09585441637999723,0.0446045716821591,-0.04706346988398813,G1,1.846279326670843
248170,2019-06-30,-0.015120135569440595,0.018553722475658042,0.03855305825332425,G5,-1.5426582679142191
249420,2019-06-30,-0.19722440710093483,0.021160573012242834,0.009654355900403443,G3,-9.958441332719792
250060,2019-06-30,-0.29872246798580193,0.038155952335984074,0.019584947810682086,G4,-8.182848721602182
251270,2019-06-30,-0.19208024045135613,0.02339882048577047,0.00656451926772342,G3,-8.786005191355523
251370,2019-06-30,0.11973773505779442,0.034045248913948056,0.03194022953953453,G5,3.120430034689843
251630,2019-06-30,-0.26676794211542526,0.026082814609363094,0.017992847578934604,G4,-10.745384043907377
251970,2019-06-30,-0.2555329988143587,0.046090448526539554,0.027270245354725744,G5,-5.837107800495011
253450,2019-06-30,0.23780247822949346,0.025615586054307065,0.012919872808092819,G4,8.756409474518343
253590,2019-06-30,-0.008544295813018105,0.030514462712645053,-0.02215391029920682,G1,-0.7224840833294898
255220,2019-06-30,-0.4456178317211055,0.027838664263965834,0.05280262318133401,G5,-16.492161591373687
255440,2019-06-30,-0.45209759619290846,0.02783688193687583,0.019618232379104754,G4,-16.72599377534244
256940,2019-06-30,0.39107060543630234,0.05215526135432287,-0.008013851688923527,G2,7.239321169594495
257370,2019-06-30,0.6457701088937624,0.05230456624572881,-0.0009672879326163545,G2,12.088202550330378
258610,2019-06-30,1.3683315217929761,0.07704924495419124,-0.017276732251118254,G1,17.58394394118016
259630,2019-06-30,0.17963175873507398,0.025762550062838004,0.024820950599691128,G5,6.448501430240556
260930,2019-06-30,-0.41299095010383724,0.026503453242390264,0.019306046197426735,G4,-16.091973525544716
263020,2019-06-30,0.12574163945471645,0.020955237887884965,0.015033128882518414,G4,5.356165472661488
263050,2019-06-30,-0.18518065389610247,0.03719548494037716,-0.052112282929701784,G1,-5.34157766790248
263600,2019-06-30,0.5894583004795942,0.03900168879894299,-0.014549465210445317,G1,14.76747290714715
263690,2019-06-30,0.023180522244943078,0.03399979555183018,0.03166776618618384,G5,0.284666548125844
263720,2019-06-30,0.4798755480954324,0.03211163581346076,0.02627253066619519,G5,14.523508954710923
263810,2019-06-30,-0.03418753331673852,0.02659038658855921,0.017100530558025854,G4,-1.7934846853816169
263860,2019-06-30,-0.06059818553817056,0.02403267230642834,0.036061811476840726,G5,-3.0833068583292413
263920,2019-06-30,-1.0570429178242224,0.06782580188878833,0.0018335063671226315,G2,-15.78374019650778
265520,2019-06-30,0.2059730229891538,0.030921554560834716,0.014285765625971008,G4,6.224496404353447
265560,2019-06-30,-0.012323086735181454,0.04122547097178369,-0.004558994876468863,G2,-0.6264332204009565
267250,2019-06-30,-0.1540368523830217,0.01456643731264527,0.0022331361793308862,G2,-11.501698500140373
267260,2019-06-30,-0.33626456642631664,0.040259183236903216,-0.0364795537349375,G1,-8.687868359781465
267270,2019-06-30,-0.36659865876743913,0.026495787282518533,-0.0024692640469476225,G2,-14.345698526438659
267290,2019-06-30,-0.2662228962255335,0.013920907147466152,0.00817891999215734,G3,-20.093863932184007
267790,2019-06-30,-0.11493967934878485,0.030169915146336455,0.029896303454993247,G5,-4.257274060401218
267850,2019-06-30,0.010550933410732516,0.058355487855973553,0.002443612699082857,G2,-0.05056909822722975
267980,2019-06-30,0.09993477978964278,0.01992446248209398,0.030907624295264998,G5,4.3380272897750904
268280,2019-06-30,-0.026883396096863223,0.008229544615777485,0.04869209425786086,G5,-4.907357064163262
270870,2019-06-30,0.09083936956831061,0.030314337745659576,0.03688101380972046,G5,2.5511839450018883
271560,2019-06-30,0.12768427083680609,0.01866870938271942,0.016181913929740988,G4,6.1162424615318685
272290,2019-06-30,-0.04633127739080781,0.0249362346954973,0.02196902248139897,G5,-2.3994478689210825
277070,2019-06-30,-0.15988583301192766,0.03221596282211457,0.03106980110525124,G5,-5.382044664551364
277410,2019-06-30,-0.06264004603357198,0.0266289018552193,0.014742487133806674,G4,-2.859373032195363
278280,2019-06-30,-0.029770473310770443,0.02748556828969941,0.026890147842037023,G5,-1.574367706823312
280360,2019-06-30,-0.21411175066898047,0.013172063475760587,0.005624552881285523,G3,-17.28003124917045
282330,2019-06-30,-0.22251673261906618,0.017933926025184288,0.022001705553174548,G5,-13.160456338218895
284740,2019-06-30,-0.2545117999574364,0.02118396333025488,0.024853960547854978,G5,-12.651726855232942
285130,2019-06-30,0.08139261290363323,0.03367877083808047,0.006098276012652776,G3,2.01583054862116
285490,2019-06-30,-0.06894980124215219,0.032381807266159336,0.010812210422487242,G4,-2.5462358654866577
286940,2019-06-30,0.017634673679362736,0.02085611609738923,0.042805740958789966,G5,0.19815558428258462
290120,2019-06-30,-0.22258429368282517,0.06044308337338702,-0.012283570773380246,G1,-3.9059260103033173
290270,2019-06-30,-0.252052742236369,0.053188184893072296,-0.007370965001452301,G2,-4.99273777773109
290550,2019-06-30,0.37397928869460684,0.0488344661639377,0.024004329766631645,G5,7.38161792690151
290650,2019-06-30,0.6112088834537459,0.029018692845636546,0.03590248097464329,G5,20.597308391008458
290660,2019-06-30,-0.17101644895386073,0.028728639724839685,-0.08483481260371642,G1,-6.422802072405102
290720,2019-06-30,-0.25751133573145457,0.03580099846566346,0.019614819356307617,G4,-7.569991485002884
290740,2019-06-30,0.2335192382410748,0.035100923603637535,0.0521357081921591,G5,6.268134790904906
294870,2019-06-30,-0.620004783934871,0.022127341684258034,0.03413606731057252,G5,-28.630041094985366
298000,2019-06-30,-0.2085689503704608,0.019685270556139244,0.015011145187957629,G4,-11.28106761577746
298020,2019-06-30,0.1779297458522961,0.01743403871977344,0.015019832778905541,G4,9.431424966240623
298040,2019-06-30,-0.35335849608233444,0.025166495968305048,0.00917800698314349,G3,-14.577333862949434
299900,2019-06-30,-0.257210788074629,0.03297719232229242,0.033719099120147686,G5,-8.209088973892046
299910,2019-06-30,-0.5514770566306076,0.02839564328442238,-0.010766760047513485,G1,-19.89667811994137
302430,2019-06-30,-0.02172402010036434,0.0275681902190905,0.016756952008569713,G4,-1.277774769712309
308100,2019-06-30,0.10037923844226121,0.03886727191129163,0.03978562732874878,G5,2.235230731714995
319660,2019-06-30,0.3786990189436538,0.033043936890654296,0.019719945541980654,G4,11.051864139067586
900040,2019-06-30,,,0.004515305778396573,G3,
900070,2019-06-30,-0.1375734336643505,0.015778351868300247,-0.004120585623720751,G2,-9.574849942096298
900080,2019-06-30,-0.15040330550510128,0.018631948544934506,0.006126524835013572,G3,-8.796998495247648
900100,2019-06-30,-0.3945497250959144,0.047076821877763984,-0.05456377419455854,G1,-8.667782289204839
900110,2019-06-30,,,0.004224963650124196,G3,
900120,2019-06-30,-0.30718772874983324,0.02583873496584762,-0.033403297458718444,G1,-12.411197645005622
900140,2019-06-30,0.3689156147014224,0.024092327715627436,-0.018317800066568024,G1,14.752152680650486
900250,2019-06-30,-0.31009427440918313,0.046100729697308246,0.02128589092625743,G5,-7.019329072274893
900260,2019-06-30,-0.9828751878750104,0.03974791245159873,0.002973622328026211,G3,-25.067407172553377
900270,2019-06-30,-0.15879152135975172,0.04202980292520951,0.023654253067354795,G5,-4.099315894356219
900280,2019-06-30,-0.9246983031293922,0.037374576119061496,0.02682142811468083,G5,-25.1026317448753
900290,2019-06-30,0.1152797630609708,0.0330075171051281,0.025875751158886708,G5,3.083474740877716
900300,2019-06-30,-0.4550133547321106,0.04103769882927815,0.04004479297374003,G5,-11.416704296442415
900310,2019-06-30,0.03393732888741133,0.04583122613454001,0.05423943064398823,G5,0.44588401408251516
900340,2019-06-30,-0.0867280103392154,0.050028544298612324,0.01568205001168392,G4,-2.003454818696668
950110,2019-06-30,-0.4031615606056368,0.03000900648067829,0.012700647192569612,G4,-13.884614230135556
950130,2019-06-30,-0.2653385221036971,0.049043114665881314,-0.03108005765910945,G1,-5.685618497348458
950140,2019-06-30,-0.1295092648717828,0.019858584377349636,0.01477241768514056,G4,-7.201479217376546
950170,2019-06-30,-0.14079153457932395,0.026912551010664112,0.012825116890691716,G4,-5.733141103063929
