종목코드,날짜,기간수익률,표준편차,Y1,그룹,성과
000020,2024-06-30,-0.2263486931478672,0.017863211312737676,0.027110095964844462,G3,-14.281043961518032
000040,2024-06-30,-0.3255775611893414,0.025264613522061528,-0.07533255501742168,G2,-14.02491962852137
000050,2024-06-30,-0.1618505609641181,0.02566629037460102,0.031152041880914198,G3,-7.426362403191928
000070,2024-06-30,-0.028422869298288703,0.018386796577221972,0.0432661804844439,G3,-3.1098120850670576
000080,2024-06-30,-0.07058058837539087,0.015306039874381002,0.06596217079139766,G4,-6.490065496620432
000100,2024-06-30,0.49281393390168615,0.04175996734239137,0.060404208612442105,G4,11.112492430696578
000120,2024-06-30,-0.08975549658170658,0.021965517689442136,0.020040216710434447,G3,-5.3953706514231605
000140,2024-06-30,0.0007800136532839057,0.010095777600639892,0.05865778685295219,G4,-2.7711188138859826
000180,2024-06-30,-0.28144494024280714,0.02007234558616498,-0.06959217525790862,G2,-15.454175587722133
000210,2024-06-30,-0.5797355384260471,0.026889462939099468,0.0062054627480044805,G2,-22.629390282260932
000220,2024-06-30,0.006451285254247253,0.02403821494179988,0.06112577333607177,G4,-0.9279111491008414
000230,2024-06-30,0.18037190020812557,0.04088677727520969,-0.01915179254076681,G2,3.7081740701736985
000240,2024-06-30,0.14465743757735383,0.025302118264503487,0.29840305095234754,G5,4.58067674265542
000250,2024-06-30,0.17447140617044885,0.0520159398335007,0.03327622193717234,G3,2.8013488506339725
000270,2024-06-30,-0.21695221096902145,0.02312123192943755,0.10724869319966873,G4,-10.626978035690868
000300,2024-06-30,,,-1.266430426187754,G1,
000390,2024-06-30,-0.2113299610316869,0.026725440306680785,0.053987666037494705,G3,-8.983446902272222
000430,2024-06-30,-0.32378404013690215,0.020218876709530886,-0.003654121615385263,G2,-17.43621359904457
000440,2024-06-30,-0.23178046053719661,0.04367820110973644,-0.07594075542025175,G2,-5.964922245443513
000480,2024-06-30,-0.06405695454957398,0.012842129714302456,0.01142359889252295,G2,-7.22727222957669
000500,2024-06-30,0.19659170927449593,0.054667084693119566,0.016696975740479573,G3,3.0701307251599967
000520,2024-06-30,0.5906075625015397,0.04560701326770596,0.006452848436608105,G2,12.319398034252703
000590,2024-06-30,-0.0069408527146790034,0.012050133870306822,0.23289990343605546,G5,-2.962412368369469
000640,2024-06-30,0.06768766404789034,0.020638185552390234,0.05250702542282593,G3,1.8863601669748387
000660,2024-06-30,-0.23201949424332569,0.034912597216068965,0.25086392724269446,G5,-7.4693986681267575
000670,2024-06-30,0.3740828925084908,0.0602340857626269,0.07166643709928355,G4,5.733070822493128
000680,2024-06-30,-0.39741684693590207,0.030277140560133736,0.01612677454446431,G3,-14.075749953754729
000760,2024-06-30,-0.3107254154095255,0.022760896133800407,0.06779126276787731,G4,-14.915143336936252
000850,2024-06-30,-0.06358790317628253,0.03389428110233997,0.06833643699956675,G4,-2.7244866412916227
000860,2024-06-30,-0.004993831739123218,0.019092383119936253,0.048182293305381534,G3,-1.7677439442908949
000880,2024-06-30,0.02987808145971092,0.021424404508741265,0.0028603712587026626,G2,0.05234537818904422
000890,2024-06-30,0.08426057754855854,0.03714535151707164,0.002089235412490068,G2,1.4942371623492017
000950,2024-06-30,-0.11960460248334795,0.0169108365007171,0.4335907715081495,G5,-8.773144686265667
000970,2024-06-30,-0.094479312993691,0.010379551614424769,0.041913164801943105,G3,-11.872952751220215
000990,2024-06-30,-0.32325594650504264,0.03241240362331457,0.21481912545789447,G5,-10.86042749248816
001060,2024-06-30,-0.18293095800833364,0.027995474488568824,0.04940432960182752,G3,-7.561492519013964
001120,2024-06-30,-0.09557295017340303,0.01983382663256968,0.02776871296072645,G3,-6.268561552941265
001140,2024-06-30,,,-0.21507319035843542,G1,
001210,2024-06-30,0.31664994433169125,0.027594321963110645,-0.1028430018697373,G1,10.433064157667452
001230,2024-06-30,-0.126896689586551,0.011803363332840194,0.05003262253191183,G3,-13.187199114400437
001250,2024-06-30,-0.2913193027492087,0.04478143168159267,0.019691708961734184,G3,-7.147514128808016
001260,2024-06-30,0.4424531667512576,0.05441081608152549,0.002376762632790884,G2,7.603204356063634
001340,2024-06-30,-0.5492612728031168,0.04306657788224769,0.0038670893194437325,G2,-13.421495603545624
001380,2024-06-30,0.7889353048545756,0.07775112744898476,0.10086475212572178,G4,9.777076126003829
001390,2024-06-30,-0.2320054717250473,0.024953065110537694,0.038874001360620664,G3,-10.450102361098441
001430,2024-06-30,0.010610813834561179,0.03183308469557672,0.04804958850721501,G3,-0.570029553912066
001440,2024-06-30,-0.33063089080900504,0.032549776834280945,0.029894965230378382,G3,-11.041166443074633
001460,2024-06-30,-0.17559855868286542,0.01568308267340481,0.0280834856998562,G3,-13.03029358715518
001470,2024-06-30,-0.04674840608032819,0.08669038213617589,-0.4018771305536107,G1,-0.870973424306152
001530,2024-06-30,0.621786409734066,0.024691973745030356,0.03425523900548376,G3,24.017107864866276
001540,2024-06-30,-0.10386288794580077,0.018896199790640302,0.1441839149657884,G5,-7.018315974554624
001560,2024-06-30,0.07456506464685912,0.016827896862407363,0.08006420299485072,G4,2.722173312457542
001570,2024-06-30,-1.223646057678887,0.0527021544046972,-0.9097733122539362,G1,-23.763785081060927
001620,2024-06-30,-0.22822112563842042,0.01696433723382503,0.04389324562160876,G3,-15.148115425886534
001800,2024-06-30,-0.00040475739054387713,0.012479411535103398,0.08194860543706918,G4,-2.3367584450389756
001880,2024-06-30,,,-0.013378991846809756,G2,
001890,2024-06-30,,,-0.14636278736124259,G1,
001970,2024-06-30,,,-0.019030113779578504,G2,
002030,2024-06-30,-0.015062606402975387,0.011838017839649276,0.08597516279250426,G4,-3.701567264025969
002100,2024-06-30,-0.16774687095421772,0.012571024889724487,0.06373185795128454,G4,-15.631460885744072
002150,2024-06-30,-0.1384675631277372,0.018281225668697287,0.03597175496731745,G3,-9.147317530098588
002200,2024-06-30,0.11268932320303762,0.020359944860364604,0.06288961127528087,G4,4.122442908143945
002220,2024-06-30,-0.16963249047320744,0.018167244261039737,-0.02960850648339201,G2,-10.920153905889034
002310,2024-06-30,-0.12898359421641659,0.014307981753242577,0.04314367119545576,G3,-11.02463015679302
002320,2024-06-30,-0.015250044834895685,0.015172884792221434,0.01739092089274602,G3,-2.9003487695815124
002350,2024-06-30,-0.23620613618044728,0.0188182888100444,0.058140341872161265,G4,-14.080066033541119
002360,2024-06-30,-0.05582035168285906,0.03003651069710371,-0.0237182032494405,G2,-2.8158052524469905
002380,2024-06-30,-0.22415865341983945,0.027317002580710792,-0.018463130600820655,G2,-9.25852920999667
002390,2024-06-30,-0.11803228593706477,0.02911456001510482,-0.10070243716821389,G1,-5.041769436465312
002410,2024-06-30,1.0487969839425155,0.08061578982016421,-0.6301013826639825,G1,12.653108941992278
002460,2024-06-30,0.037287220996734094,0.015456061379848512,0.006223289798564516,G2,0.5519263856334343
002600,2024-06-30,-0.011069444943817501,0.0109123091899116,0.04522113471246309,G3,-3.6496452908301364
002710,2024-06-30,-0.5734775823824436,0.0487462336069937,0.05043273278936271,G3,-12.354476453320611
002720,2024-06-30,-0.020258919474254636,0.04246885744152924,0.01595161738063315,G3,-1.154152367884269
002790,2024-06-30,-0.39226196942749697,0.027498246918128827,0.5342128263289683,G5,-15.310742666040902
002800,2024-06-30,0.12833191421313242,0.04397941514905327,0.09194186689804329,G4,2.2641342767390156
002810,2024-06-30,-0.019841755241583985,0.007500261990460079,0.1428320652878668,G5,-6.479556075057675
002820,2024-06-30,-0.03770768736813055,0.024494642375934326,-0.053821126346533,G2,-2.7134219496364915
002840,2024-06-30,-0.05986356391591299,0.01785128928848833,0.15985101119680864,G5,-4.964357217396439
002870,2024-06-30,0.5430756349832044,0.054867807252165564,0.03711367921278607,G3,9.37378488110948
002880,2024-06-30,-0.07049403017037119,0.021554432318986304,0.026986741341536315,G3,-4.604651219980017
002900,2024-06-30,0.18220178983476032,0.04902469693665042,0.043791855248814134,G3,3.1299566651032227
002920,2024-06-30,-0.318221551217339,0.010441249618805699,-0.08906580093489026,G2,-33.231478681979176
003000,2024-06-30,-0.11078797063168588,0.025036625027990592,-0.07576636878642652,G2,-5.573617984808368
003030,2024-06-30,-0.010381768797882378,0.02940985855864107,0.06105171372565879,G4,-1.3307912250944407
003060,2024-06-30,-0.27734998446583115,0.049055182932501405,-1.5451687457312364,G1,-6.240045986379283
003070,2024-06-30,-0.34611500303770765,0.03957866434629581,-0.03163174686153097,G2,-9.47155802583363
003080,2024-06-30,-0.16576018378659768,0.012236771095314366,-0.13867636621023932,G1,-15.896088533053193
003100,2024-06-30,-0.1777580926399063,0.00860110122981301,0.14668285755826685,G5,-24.010263340153916
003160,2024-06-30,-0.43994208613904323,0.052506626176102744,-0.019761113834378154,G2,-8.926467632300227
003200,2024-06-30,-0.13879431819787827,0.01301477713780158,0.16052074098966923,G5,-12.87389936278281
003220,2024-06-30,0.05466840167214052,0.026995672527751004,-0.016451303790174118,G2,0.9598497219240578
003240,2024-06-30,-0.007721376881692318,0.018645293082434993,0.08940369274943036,G4,-1.956418149269137
003280,2024-06-30,-0.443122752749011,0.03088345983582042,0.15202368230875446,G5,-15.279355621448989
003300,2024-06-30,0.06251416819637626,0.01873211764574597,0.1378284569653494,G5,1.8021216784754042
003310,2024-06-30,-0.0974214666189984,0.019947506172122396,0.046957501783993334,G3,-6.325506478527334
003380,2024-06-30,-0.0630799966785472,0.019381012481694385,0.018071292204301787,G3,-4.738483588951499
003480,2024-06-30,-0.007528450020224526,0.011882390366664497,-0.004335355400237373,G2,-3.0536837962541954
003490,2024-06-30,-0.013190760955292542,0.015743491775853574,0.08158149811344265,G4,-2.6644263201416796
003550,2024-06-30,-0.09054452611976346,0.01902882111975589,0.15922385559104452,G5,-6.269497110313878
003570,2024-06-30,-0.08918345858764858,0.03931163893026796,0.3241329970315844,G5,-3.000131124018503
003580,2024-06-30,0.08853030798233401,0.04665996160649924,-0.005831968180380281,G2,1.2810489554878324
003610,2024-06-30,0.48528666129311643,0.03221007261861929,0.021376566606118915,G3,14.173518135006931
003620,2024-06-30,-0.27571744180022145,0.02356716392987132,0.033114679368562036,G3,-12.91941854393125
003650,2024-06-30,0.17845328706165667,0.01619865953608657,0.2501564183521568,G5,9.241300110354443
003720,2024-06-30,-0.0011888366514499855,0.03403532272179464,0.11532574235540911,G4,-0.8798344531488784
003780,2024-06-30,0.41419417081645865,0.03811908420472085,0.11315630779031095,G4,10.111406555394067
003800,2024-06-30,-0.026855814720722397,0.011650524119517586,0.27802145706816245,G5,-4.77338418885235
003850,2024-06-30,0.12688671632516915,0.03087601301012438,0.09254259135072997,G4,3.1781986680004986
003960,2024-06-30,-0.6813582041552568,0.04591746271985614,0.04031952057389345,G3,-15.465027355516465
004060,2024-06-30,-0.13942173296046906,0.030117557115869907,0.201495998531033,G5,-5.584063316180324
004080,2024-06-30,-0.016814580048254903,0.004432873942462706,0.060643083238879826,G4,-10.280281718582636
004090,2024-06-30,-0.20957403479464043,0.04108739701085932,0.016400361643118273,G3,-5.800577915288133
004100,2024-06-30,0.17753572110508434,0.060152114657311705,0.0044280854352212635,G2,2.4733811778597863
004140,2024-06-30,-0.3919797110277993,0.03917392184338886,0.05207530760309659,G3,-10.740214513447553
004150,2024-06-30,-0.13592477228020108,0.010314878521275937,0.08997556609943808,G4,-15.965421681287625
004170,2024-06-30,-0.14138732379388458,0.01968641695754772,0.03619733291563164,G3,-8.6427071550914
004360,2024-06-30,-0.2090066183921127,0.018415748176338693,0.0822910307453044,G4,-12.910864604503358
004380,2024-06-30,-0.29280776891118765,0.025545261700715406,0.008079426956301046,G2,-12.588024565252658
004430,2024-06-30,-0.026756183466780038,0.030531152333124027,0.03866247929775045,G3,-1.8182345613525561
004440,2024-06-30,-0.27565594116481495,0.019743682295600133,-0.0041172209704584415,G2,-15.418225917050888
004450,2024-06-30,-0.024876826312744585,0.013112158696500884,0.0742391386109149,G4,-4.090359219819619
004490,2024-06-30,-0.30227726401021704,0.03293879069475606,0.10896445540421133,G4,-10.049970564527866
004540,2024-06-30,0.019407657614534952,0.05008553066506574,-0.021928158157893285,G2,-0.1866598030319296
004560,2024-06-30,-0.37349238664594037,0.03146931437048083,0.06260051489041076,G4,-12.782261310608275
004650,2024-06-30,-0.009885719940640308,0.01038154257029166,0.10403449147294574,G4,-3.722214938890385
004690,2024-06-30,-0.019829949622043007,0.009652810536035656,0.019661768756314243,G3,-5.0334109784799494
004720,2024-06-30,-0.21436322114660822,0.02324412797113427,0.024471644394919917,G3,-10.459408688153518
004830,2024-06-30,-0.07725583949777397,0.04119522417961747,0.07398047586620847,G4,-2.5734160818926313
004840,2024-06-30,-0.20499062947937305,0.023300368579038683,0.03298546015783736,G3,-10.031911795287261
004890,2024-06-30,-0.042425384427402395,0.009622351779147194,0.05521932774926394,G4,-7.397567555666405
004910,2024-06-30,-0.1347089331745097,0.02858495674552475,0.05754012172293242,G4,-5.718586441566947
004920,2024-06-30,0.06259515769237081,0.028716663779380962,-0.1460354556790825,G1,1.1783591941290077
004960,2024-06-30,-0.008467628665766412,0.024761336306148254,0.03900581095211867,G3,-1.5033211902925208
004970,2024-06-30,-0.2121466912276461,0.019254620856929607,0.06310827504650361,G4,-12.511454051517843
004980,2024-06-30,-0.10020670920317486,0.019898726089484738,0.07488558964009363,G4,-6.480983834163631
005010,2024-06-30,-0.13597857794655913,0.02182815971715894,0.031108477228680917,G3,-7.546911557564237
005180,2024-06-30,-0.13583756470846933,0.026891414900850653,0.08917491453761683,G4,-6.120696074139577
005250,2024-06-30,0.2599736687965261,0.027574245582627454,-0.04469782764999773,G2,8.385254102435844
005290,2024-06-30,-0.5941691383977499,0.029702587101277062,0.12140987223151588,G5,-20.972104186648206
005360,2024-06-30,-0.23526412800147206,0.02246464837474041,-0.1318638562119629,G1,-11.752720830545773
005380,2024-06-30,-0.2947083340363154,0.0240202424162261,0.09271093147376308,G4,-13.466348146471448
005390,2024-06-30,-0.02711494998888123,0.019305609558210226,0.0816167633912251,G4,-2.8940584716397186
005420,2024-06-30,-0.5025042565610353,0.040446879006505045,-0.0100648557748509,G2,-13.134780297357894
005430,2024-06-30,-0.19750319911061517,0.030052444764971827,0.07603408049520938,G4,-7.528832139392606
005440,2024-06-30,0.11742030374717365,0.024867921647868545,0.2364311133186133,G5,3.565384035683871
005450,2024-06-30,,,-0.10349964357882786,G1,
005670,2024-06-30,-0.09931280951801034,0.019759850886665056,0.033296193330844874,G3,-6.481294983236126
005680,2024-06-30,0.07120929722533001,0.014978651869709493,0.13050283263550244,G5,2.8342126308412277
005720,2024-06-30,-0.050100290185026125,0.010909230997269918,0.06311548186271376,G4,-7.228456626134894
005740,2024-06-30,-0.19589998394878594,0.019443739313173516,0.04873978382979901,G3,-11.554186837909437
005800,2024-06-30,0.012050478158825397,0.012011407250461674,0.03009379330483332,G3,-1.390855742049565
005850,2024-06-30,-0.3596583625140864,0.022520978507522705,0.09526929098321857,G4,-17.24680725074044
005880,2024-06-30,-0.5015186205724212,0.02696274785527913,0.12713017012204533,G5,-19.666958142466278
005950,2024-06-30,-0.41441926568977316,0.041154601452552016,-0.026096323155428126,G2,-10.768562030759684
005960,2024-06-30,-0.21184104050993963,0.015001045583748485,-0.14141719692728927,G1,-16.038725572157386
006040,2024-06-30,0.14744536692331475,0.018339431580569943,0.021296185199582707,G3,6.471779318713237
006060,2024-06-30,0.1174584178484316,0.017777133548362915,0.017623595221081947,G3,4.989657342894535
006110,2024-06-30,-0.6462207610849877,0.04337093195494118,0.0027966504744838033,G2,-15.562897626674458
006120,2024-06-30,0.04002584885580048,0.017115588936319263,0.00767878718537744,G2,0.6584194090254984
006280,2024-06-30,0.5223093591649837,0.03404268475369461,-0.021696166882455684,G2,14.498055891675618
006360,2024-06-30,0.1981466607676967,0.029944561402225886,0.010678688468196784,G2,5.656788409393084
006370,2024-06-30,-0.28908742451009617,0.03739443648272192,-0.4444813467778895,G1,-8.499768075397569
006400,2024-06-30,-0.2951508271644591,0.031925029447977406,0.06767362881537548,G4,-10.14587756592362
006570,2024-06-30,-0.10099753861841038,0.022766935976824894,-0.034574456936795624,G2,-5.6992364564874505
006620,2024-06-30,-0.2803535866401918,0.03692242359240594,0.037112331643236525,G3,-8.371882706177342
006650,2024-06-30,-0.4934038312157929,0.03170989324158694,-0.0024043728780501383,G2,-16.466799182856125
006660,2024-06-30,-0.6079140530861991,0.0398934358628146,0.13127997201128608,G5,-15.95928383252838
006840,2024-06-30,-0.37843164059112455,0.01909190587342095,-0.012538463037395229,G2,-21.32779494064146
006890,2024-06-30,-0.22708850847660664,0.025519044077045014,0.21512642430912757,G5,-10.025654589858686
006920,2024-06-30,-0.04638132371236231,0.026858154239349414,0.0017424879416188233,G2,-2.797583778318795
006980,2024-06-30,-0.1717227017993595,0.022156904558974157,0.0014994993769179737,G2,-9.048164384559108
007070,2024-06-30,-0.057051016307989505,0.018344604034611828,0.021740199697291854,G3,-4.677540548126145
007160,2024-06-30,-0.16897075217452615,0.050545549000948105,0.11207596643747585,G4,-3.911865020479708
007210,2024-06-30,-0.07024326455152713,0.02081159288160662,0.09251496405615324,G4,-4.7569582019956504
007340,2024-06-30,0.17114651394813213,0.02278709857430792,0.12439032364287991,G5,6.248706941806476
007460,2024-06-30,-0.2326885495765891,0.04624562479829124,-0.527564921591003,G1,-5.653403183980234
007530,2024-06-30,-0.12493617017217225,0.02559948808381539,0.0008209661404872625,G2,-6.003744394114127
007540,2024-06-30,-0.3063417526707573,0.016422524919608487,-0.014900768640412941,G2,-20.404801771612828
007570,2024-06-30,-0.08977948893408069,0.019643772248254438,0.021456256046590294,G3,-6.03428406414352
007590,2024-06-30,-0.025322800426690904,0.005426516666198508,0.03341355955658712,G3,-9.965769324320807
007610,2024-06-30,,,0.5677998080841397,G5,
007660,2024-06-30,-0.5518868321910515,0.05851993529432913,0.10766860197028764,G4,-9.922147763388667
007680,2024-06-30,-0.00959087643498686,0.023902426747414156,0.03175343066180246,G3,-1.6043345616512017
007690,2024-06-30,-0.20659333402310057,0.021226100658134864,0.014359330755565761,G3,-11.087761747522332
007720,2024-06-30,0.6996391090057501,0.06125088628310587,0.06210813281009843,G4,10.95302512034942
007770,2024-06-30,-0.16161599326568532,0.02063418832496744,-0.04352338424277327,G2,-9.226076798890102
007810,2024-06-30,-0.42932024005842934,0.03400586895372299,0.005358277349912028,G2,-13.470523384802508
007820,2024-06-30,-0.24133210381016093,0.026988393239488102,0.09218936304561362,G4,-10.007587866261193
007860,2024-06-30,-0.31620795197767576,0.026166327422344617,0.04673035957085187,G3,-13.183530088610013
008060,2024-06-30,0.01648897669304801,0.008387334543785317,0.058813057387217885,G4,-1.4626382369912283
008250,2024-06-30,0.010384083812568895,0.020894453476857835,0.005312381009824453,G2,-0.8793017300503142
008350,2024-06-30,-0.06786314937632047,0.032943327398328885,0.10303271091912719,G4,-2.9329084190945296
008470,2024-06-30,-0.03223098693674554,0.015712123374720877,0.04051095664171038,G3,-3.88156319712292
008500,2024-06-30,-0.08456674693671277,0.03558546075952311,0.14265702459127566,G5,-3.184541029431854
008600,2024-06-30,0.66132754705575,0.04972539669132598,-0.030059878619860675,G2,12.721284821099655
008700,2024-06-30,-0.19605199082629915,0.02909423303237371,0.03881858214291225,G3,-7.726912872368078
008770,2024-06-30,-0.3509642125474099,0.018817837892852064,0.027357847784169304,G3,-20.178770144197717
008870,2024-06-30,-0.021271424408785312,0.019851660027791655,0.026459984875634144,G3,-2.520093394807968
008930,2024-06-30,0.09204366373853513,0.0488788268394233,0.06583244848401212,G4,1.29477434152051
008970,2024-06-30,-0.5295263285813917,0.03333589186592273,-0.326224345343913,G1,-16.747202796614435
009070,2024-06-30,-0.06326697449703363,0.051956874314937215,0.031099381645849883,G3,-1.7711532615002463
009140,2024-06-30,-0.09048223364708757,0.017703511122462774,0.2447650018113356,G5,-6.735321921481403
009150,2024-06-30,-0.20550419881678328,0.025078645729178367,0.07029721999959544,G4,-9.341047130286329
009160,2024-06-30,-0.0020225269026109133,0.02290377317957621,0.07706773319760717,G4,-1.3438458180891841
009180,2024-06-30,-0.3773671061193445,0.02281040097523619,0.017721869850391692,G3,-17.804321785639505
009240,2024-06-30,-0.21426780786744448,0.024837732970150413,0.028327916286190732,G3,-9.784484802326086
009270,2024-06-30,0.17022079502055917,0.029523071468161178,-0.009290652400469933,G2,4.791648533923506
009300,2024-06-30,-0.17058912636655668,0.04329903344345587,0.25362857368128866,G5,-4.603930467180237
009310,2024-06-30,-0.32092176221560054,0.025660630085390858,-0.2631484474139867,G1,-13.627037759992715
009320,2024-06-30,-0.1779532920257557,0.026754838547022524,0.011846895574976594,G3,-7.7260755868768145
009440,2024-06-30,-0.490306787015621,0.0656033431440668,-0.40841992011237305,G1,-7.912148604667433
009450,2024-06-30,0.6163735838013557,0.03475680942843174,0.09262541341820044,G4,16.906527974269345
009470,2024-06-30,-0.7676949410933436,0.049622836150700324,0.11749148196063179,G5,-16.050101440752275
009540,2024-06-30,0.428951283743572,0.032999754100320106,0.05408205754262885,G3,12.127201603495108
009620,2024-06-30,0.06821220783495711,0.05679390634403351,-0.04265147792998725,G2,0.6947152867549906
009730,2024-06-30,-0.16862681880345512,0.07517593514256618,-0.09903004583489496,G2,-2.625619905257664
009780,2024-06-30,-0.13315048747821145,0.03613688233519709,0.12227434768697582,G5,-4.480383749755323
009830,2024-06-30,-0.45986706198299077,0.03553474550540382,-0.12307107303384716,G1,-13.750588837393272
009900,2024-06-30,-0.25182786349985586,0.03211006256351816,0.0876917993479102,G4,-8.738210205852033
009970,2024-06-30,0.028428099122981415,0.018696098822906345,0.2094491993402499,G5,-0.017571247529023837
010040,2024-06-30,-0.1624509182179249,0.02005156063441521,-0.002493353468320465,G2,-9.53579297927436
010060,2024-06-30,-0.37496177773452677,0.02323640347256274,0.024015362075782497,G3,-17.374392345805937
010100,2024-06-30,-0.4794820335961137,0.02884561743667562,0.03933104414289348,G3,-17.619267384900624
010120,2024-06-30,-0.19500020274542937,0.04441204170996976,0.057086079445118273,G4,-5.038201510975018
010130,2024-06-30,0.9696383836043346,0.07002391017800058,0.057385576049698926,G4,13.436578567369203
010140,2024-06-30,0.23946470480576315,0.028613284025201514,0.029226066275692193,G3,7.3639953986740405
010170,2024-06-30,-0.1117897126937441,0.03787000021701546,-0.19826913143972333,G1,-3.7112839923835192
010240,2024-06-30,-0.006237103866580357,0.020433564855024358,0.08265981504384705,G4,-1.7125605354761009
010280,2024-06-30,-0.07420184286090617,0.01652738571324617,-0.0024947400878841844,G2,-6.229566947276728
010400,2024-06-30,-0.07471626735849635,0.033522725007712924,-0.10867610447176912,G1,-3.0866488400902683
010420,2024-06-30,0.03815940131753732,0.02723894372914585,-0.0006309583775898291,G2,0.3451965137785603
010580,2024-06-30,0.08791010577160471,0.030920448819385035,0.00039519605384929856,G2,1.9130864889417023
010620,2024-06-30,0.4297474889342194,0.03200874447730399,0.02562194637351183,G3,12.527541538385513
010640,2024-06-30,0.09688836199914486,0.03391453987797896,0.07599300964801162,G4,2.0089244713639083
010690,2024-06-30,-0.7061226188935834,0.033088833576975805,0.033599435001256915,G3,-22.209281874117195
010770,2024-06-30,-0.15590274978192473,0.0185496347519947,-0.020369151627574147,G2,-9.954878635294612
010780,2024-06-30,-0.13840965146694875,0.02496324699184832,0.0589075849694941,G4,-6.696495228555894
010950,2024-06-30,-0.17611567778237203,0.016823407579709286,-0.002229376361819101,G2,-12.177811761078315
011040,2024-06-30,-0.07160879358183261,0.015925264815655794,0.02947681932560327,G3,-6.302275512956699
011070,2024-06-30,-0.46381734456780127,0.029265048817830583,0.021708048416021097,G3,-16.83147568067312
011090,2024-06-30,0.18349830668594852,0.039119214102954665,0.04500551925605757,G3,3.955644235987735
011150,2024-06-30,-0.4874874860865784,0.033058568593469305,0.0015588702754434026,G2,-15.616045127004918
011160,2024-06-30,,,0.03161995573833936,G3,
011200,2024-06-30,-0.0733934611802349,0.02284119182483698,0.24808630368637158,G5,-4.472186690905729
011210,2024-06-30,-0.39905996840700414,0.02071755010344087,0.020477701073658643,G3,-20.649960018157554
011230,2024-06-30,0.015707998116197903,0.04011810388999243,-0.1735608056562834,G1,-0.3252550225905094
011300,2024-06-30,-0.3742368890453973,0.053856837925881015,-2.7895383382742702,G1,-7.482680333056905
011320,2024-06-30,-0.22600513470878622,0.030379212374994215,0.03302864438469067,G3,-8.386055058547598
011370,2024-06-30,0.044709097546251075,0.018306423373754474,0.010325910919796073,G2,0.871414602259009
011390,2024-06-30,0.5210634092134461,0.052400014205262246,-0.0075968852626069954,G2,9.395165321554066
011400,2024-06-30,,,-0.34995439165910847,G1,
011560,2024-06-30,-0.17836782580244953,0.026483094392646227,0.03565232700822452,G3,-7.821005945709623
011690,2024-06-30,-0.3890873198065784,0.04142141033346067,0.10240793959671254,G4,-10.087631718620292
011700,2024-06-30,-0.4263884724961735,0.03646009024270069,0.2245048740324853,G5,-12.483377917324802
011760,2024-06-30,-0.13552028211193234,0.022921666773162347,0.017786781800235636,G3,-7.166882611150269
011780,2024-06-30,-0.41348213658921035,0.03277363984284215,0.07101711408044312,G4,-13.493733122505837
011790,2024-06-30,-0.3660500560925178,0.04172308117248625,-0.2439850383969362,G1,-9.462548256289704
011930,2024-06-30,-0.4824669351175525,0.026434763774195128,-0.04326269786672747,G2,-19.33906247045114
012160,2024-06-30,-0.22822273059703624,0.021431972853699955,-0.003008732727923606,G2,-11.990466078623175
012170,2024-06-30,-0.9253727673898869,0.04506073012707525,0.4119325034502072,G5,-21.174299164757947
012200,2024-06-30,-0.10954348190869766,0.019170867809337206,-0.001108286419553623,G2,-7.214075866954971
012320,2024-06-30,-0.23455697967317704,0.030687279744974663,0.051766866576088665,G3,-8.580545254081146
012330,2024-06-30,-0.04052338379788892,0.018596750982337037,0.06807554423800198,G4,-3.725381749044012
012340,2024-06-30,-0.3535281582623126,0.017907471459253477,-0.0414939893583607,G2,-21.34778056384935
012450,2024-06-30,0.30904530281817716,0.034654911964978094,0.05740140941302853,G4,8.087993130619068
012510,2024-06-30,-0.05395508514781377,0.036029391531535386,0.10733893122447802,G4,-2.295672908565348
012600,2024-06-30,,,0.1983086675152086,G5,
012610,2024-06-30,-0.17468075362183,0.020398218927437213,0.0721066844632732,G4,-9.973290670560285
012620,2024-06-30,-0.10291098798916612,0.01583950701153704,0.016934147171807076,G3,-8.312607254536964
012630,2024-06-30,0.4161896182265643,0.020935000247101748,0.041098531695707353,G3,18.50647245045889
012700,2024-06-30,-0.2238292294444436,0.014830266239451306,0.038905756949291825,G3,-17.03178070234123
012750,2024-06-30,0.03522994022136533,0.015532155674350874,0.062293439842424664,G4,0.41676940753493136
012800,2024-06-30,-0.10903362655113596,0.0334215555521589,0.022350561749936257,G3,-4.122795518578459
013000,2024-06-30,0.13217899930167668,0.025687197060675286,0.0908524699118767,G4,4.026223108506493
013030,2024-06-30,-0.06489730996395489,0.025189572556965047,0.2833651247625783,G5,-3.7179639573234797
013120,2024-06-30,-0.07952050880967529,0.014919546743601941,0.054801835518142356,G3,-7.257400212867348
013310,2024-06-30,-0.34722617992324367,0.022189651915691798,0.0050228612608316904,G2,-16.94405997241384
013360,2024-06-30,1.3899978660610406,0.07435968092042362,0.004849196508025417,G2,18.30617394142067
013570,2024-06-30,-0.2598004082950508,0.025072490403740703,0.03892488648829936,G3,-11.508909428288192
013720,2024-06-30,-0.3542585515761737,0.030637932053476077,-0.05833036002591414,G2,-12.501338661201968
013810,2024-06-30,0.12372282242628665,0.057571186258309724,-0.04625350190594459,G2,1.6495440809047706
013870,2024-06-30,-0.1971219495797266,0.011978742698459202,0.026942913230085738,G3,-18.856616939606408
013890,2024-06-30,0.7143797481764504,0.03986689300401471,-0.05052746945987221,G2,17.197807092822117
013990,2024-06-30,0.1775695869003222,0.03615321768211056,0.1097707704252119,G4,4.116175088634849
014200,2024-06-30,,,-0.004310775170656867,G2,
014280,2024-06-30,-0.20072107099557177,0.026036983484705987,0.027641964880742182,G3,-8.813528035365225
014440,2024-06-30,0.003475476892519079,0.011199756174343534,0.16321709002608437,G5,-2.257293428282027
014470,2024-06-30,-0.19199741965130945,0.03970860039240916,0.0023220904859043863,G2,-5.559350628654627
014580,2024-06-30,-0.12181611892443636,0.024213079375205497,0.1168380745082004,G5,-6.218652716343488
014680,2024-06-30,-0.5776569790281209,0.029779849719999255,0.18346027077154733,G5,-20.363218674139162
014710,2024-06-30,-0.19542897003434917,0.0479727566014855,0.05253430996691257,G3,-4.673185341420071
014790,2024-06-30,0.013610593024980886,0.028449058860000317,0.014051580376567554,G3,-0.5323908939406208
014820,2024-06-30,-0.08020778494299818,0.03422913581139703,0.0647433763560911,G4,-3.1833815041845983
014830,2024-06-30,-0.28953095507644644,0.02855925724322306,0.09308183356500309,G4,-11.144812530276848
014910,2024-06-30,-0.26228622075817876,0.022391815876056383,0.0847409437964603,G4,-12.997732531938924
014940,2024-06-30,0.42089838516768424,0.037417063544235116,0.1211027199295276,G5,10.480292548902495
014990,2024-06-30,0.8199011485249151,0.07278315592649932,0.061428204701755716,G4,10.86988501049107
015230,2024-06-30,-0.08396292398263966,0.02276215184357491,0.12217341632551593,G5,-4.952059790326145
015260,2024-06-30,-0.3376412697035707,0.03462781033868455,-0.06405643145423748,G2,-10.581029496903366
015360,2024-06-30,0.1574470701538338,0.018592835133734758,0.055311837803442385,G4,6.921508006980206
015590,2024-06-30,-0.07260546450148411,0.029545566439489822,-0.008307344019405924,G2,-3.430703473304612
015760,2024-06-30,0.05133309085928834,0.020935877538776296,0.005588533625102674,G2,1.0783631072663478
016250,2024-06-30,-0.16201698721843089,0.024994702332783687,-0.02442656414942604,G2,-7.632561395677562
016380,2024-06-30,-0.10248745024544882,0.023458160016300036,0.044139635150023185,G3,-5.594814898418245
016450,2024-06-30,0.02490182854471329,0.047937582780808514,0.025885786400660117,G3,-0.08041257266012464
016590,2024-06-30,-0.017389010764988833,0.01660604252246615,0.08742778330134578,G4,-2.778845327282805
016670,2024-06-30,-0.39383000268013346,0.04452227906274914,-0.21380562822130372,G1,-9.491576452943278
016710,2024-06-30,-0.22478676541691275,0.01175737304176839,0.025194800477705736,G3,-21.564628205587997
016740,2024-06-30,-0.12319472233106928,0.023993570823193564,0.03518710467973847,G3,-6.333002134363851
016880,2024-06-30,-0.29743021177530016,0.02180568757964294,0.018171611811878038,G3,-14.958795657654155
016920,2024-06-30,0.6383721214483934,0.05690460629989915,0.006514407000588501,G2,10.712937812667864
017040,2024-06-30,-0.35424964921469193,0.028733875889610423,-0.32899332084004274,G1,-13.329432603848787
017180,2024-06-30,0.010459675689352122,0.040916282168374195,-0.03603802551769168,G2,-0.44717985711849684
017250,2024-06-30,-0.03828402894392468,0.016544339562605603,-0.059230638819561254,G2,-4.052179997482601
017370,2024-06-30,-0.24054852300767413,0.03202880248158657,0.050527545153626466,G3,-8.408217449457377
017390,2024-06-30,-0.12920991023319855,0.009616407831346114,0.006218954553016637,G2,-16.426770360290764
017550,2024-06-30,-0.0392126035982096,0.022829536247855088,0.032002774582944135,G3,-2.977249111129944
017650,2024-06-30,-0.1669922826105824,0.010095426496853813,0.045305471841507815,G3,-19.389858920255854
017800,2024-06-30,0.21294520590698682,0.02699622194746031,0.029304055398384134,G3,6.8227544343881315
017810,2024-06-30,-0.35748789416837096,0.024974760124393695,0.0065828804387177775,G2,-15.465394067762782
017860,2024-06-30,0.008878884837473528,0.07056151987329531,0.0074766167206843865,G2,-0.2817077651026503
017890,2024-06-30,-0.2054599741703194,0.016877106737983368,0.08165550321136002,G4,-13.877768903743481
017900,2024-06-30,-0.18383467057994185,0.017277359703446328,0.0952190218491967,G4,-12.304616395800448
018120,2024-06-30,0.08598738768303872,0.011328891220647723,0.16523702730414894,G5,5.051754286024541
018250,2024-06-30,-0.40453471213063336,0.027863268433629407,0.07454756462122687,G4,-15.550628098995764
018260,2024-06-30,-0.12564500572793025,0.019918172499608804,0.05655276074280275,G4,-7.751796437860376
018290,2024-06-30,0.40000307967217397,0.05486825326752545,0.1417659544102864,G5,6.766143346295947
018620,2024-06-30,-0.17159444914052027,0.017895984122527495,0.20095753227145283,G5,-11.195308437469153
018670,2024-06-30,0.18601876577710863,0.016655738843156374,0.023286134462787763,G3,9.441919950522028
018700,2024-06-30,-0.1942574280082801,0.02570013598401858,-0.24228026186919205,G1,-8.677543225848508
018880,2024-06-30,-0.11692688099212979,0.02789582935916963,-0.012189528405775541,G2,-5.2224112794649
019010,2024-06-30,0.02047350709993093,0.0171927473189431,0.2887681216614192,G5,-0.48177906937354187
019170,2024-06-30,-0.038022469881403564,0.04289468500858902,-0.00048135606393500096,G2,-1.5568148541307119
019210,2024-06-30,-0.09173959604591989,0.015769696493719232,0.03126770990191032,G3,-7.64099733924093
019440,2024-06-30,-0.04931746160264641,0.00948302229313145,0.009003385863838347,G2,-8.233037115437472
019680,2024-06-30,0.05632719401982138,0.02276939595615194,-0.027468227780855402,G2,1.2108613320129136
019770,2024-06-30,-0.1282096352981613,0.02306484991373812,0.06153472801729078,G4,-6.805431155565129
019990,2024-06-30,-0.3486380980218099,0.04304498723079801,-0.0019242211908325028,G2,-8.767448551013059
020000,2024-06-30,-0.17118180127145105,0.014690523433763116,0.004921654128137887,G2,-13.6100265641427
020120,2024-06-30,-0.2158869711587147,0.029744127711600177,-0.025682131764041896,G2,-8.224937252623809
020150,2024-06-30,-0.7121990879226654,0.03847752150862885,0.030578107158954964,G3,-19.25684586154352
020560,2024-06-30,0.013013092581841927,0.020000957883768482,-0.060587199757967745,G2,-0.7871383167183367
020710,2024-06-30,0.06007329320011814,0.03644337981447614,0.11726808996332128,G5,0.8593242574184254
020760,2024-06-30,-0.31488532587504336,0.015639198933438164,0.02074940411003376,G3,-21.973116413496633
021050,2024-06-30,-0.13209922193472834,0.02178869339106136,-0.012233110952642642,G2,-7.3825369860839825
021240,2024-06-30,0.07809324066999947,0.024594664205660557,0.14246489221340258,G5,2.0059890777211202
021820,2024-06-30,-0.2049113854950593,0.018008386006996908,0.5270522104009775,G5,-12.975510315443962
021880,2024-06-30,-0.15171950346515617,0.036726922519529595,-0.04630662630354613,G2,-4.9140005202563195
022100,2024-06-30,-0.6131010536641444,0.03700783859888908,0.057760682464449355,G4,-17.34383014161324
023160,2024-06-30,0.39740271003621386,0.038301897263951196,0.1594229298880885,G5,9.624747687889307
023410,2024-06-30,-0.08010129861057971,0.013381150951631468,0.08440497497334283,G4,-8.135168036538234
023440,2024-06-30,0.05922727529069656,0.04420448677684927,0.4511818385480072,G5,0.6893115294221408
023460,2024-06-30,-2.5000726507146096,0.09191870022334771,-0.11707788996534453,G1,-27.51158640704433
023530,2024-06-30,-0.13730921523030057,0.01924391814805515,-0.02324455035607044,G2,-8.629522681185874
023590,2024-06-30,-0.0457159235507179,0.012904339060541118,0.10020941849060777,G4,-5.771123658837032
023800,2024-06-30,-0.1603469153684524,0.02537129925895671,0.07789084033353183,G4,-7.453442819051525
023960,2024-06-30,0.03799389249015045,0.04641401224546777,0.04777079467438352,G3,0.19901920002243842
024070,2024-06-30,-0.09120119159024812,0.026920644363092664,-0.04594373218375027,G2,-4.455978203030392
024120,2024-06-30,-0.2698819706834964,0.022204259284835725,0.02371220890673379,G3,-13.449608012399484
024720,2024-06-30,-0.4115436700192155,0.02626653917001544,0.059671452172586306,G4,-16.76278249191907
024740,2024-06-30,0.051956145959810296,0.0554121893009317,0.06901647449477603,G4,0.418672016920191
024800,2024-06-30,-0.15456332935698755,0.013274217960848166,0.29166206728053695,G5,-13.81022541598375
024810,2024-06-30,,,-0.7789346572452289,G1,
024880,2024-06-30,-0.26384970545551306,0.027920002576872247,0.03951394284950518,G3,-10.480168028391287
024890,2024-06-30,-0.37451296900814807,0.0392017506770527,-0.1104823587278218,G1,-10.287029914391896
024900,2024-06-30,-0.29480582235579417,0.028527509904546715,0.008539167380911226,G2,-11.342119811426324
024910,2024-06-30,-0.1820102542647047,0.03680240970448173,-0.0016979822020941403,G2,-5.7269855115564265
024940,2024-06-30,0.847552814757784,0.06710275081554559,0.01722017660321414,G3,12.202125723657648
025000,2024-06-30,-0.10152229987436759,0.011017845882512645,0.07823782930741469,G4,-11.824354249170435
025320,2024-06-30,-0.5765989500644704,0.03963065358825398,0.1046248936178828,G4,-15.274932612948776
025440,2024-06-30,-0.7750414318317803,0.03648872681795032,0.011272842607971692,G2,-22.02866788817593
025530,2024-06-30,-0.1769588263319715,0.016340520577556455,0.12479134865967477,G5,-12.589283080598143
025540,2024-06-30,0.017166280112531997,0.027116386109105585,0.11979572059672738,G5,-0.4274291103563319
025560,2024-06-30,-0.6358984219639767,0.049645206720163516,-0.790139920076634,G1,-13.388100861653808
025770,2024-06-30,-0.0505284024256365,0.017129908044195726,0.059546299131190326,G4,-4.628455396509096
025860,2024-06-30,-0.13070568362302143,0.01383713200240009,0.020161226315889236,G3,-11.52423034618648
025870,2024-06-30,-0.1207895497075076,0.03564202468562987,0.03521172962776333,G3,-4.195781915583133
025980,2024-06-30,0.012382897917213661,0.03258725533366644,-0.14840457355994893,G1,-0.5024576270188724
027040,2024-06-30,-0.30375567738268605,0.0346611514298878,-0.10256061514356521,G1,-9.593226900107865
027050,2024-06-30,-0.26127020417076363,0.032990089531606134,0.011758617246486594,G2,-8.791331614790842
027410,2024-06-30,-0.00748549836992361,0.013408096359891186,0.15576049966983324,G5,-2.703001999714412
027580,2024-06-30,-0.21422039880579904,0.03477550180234595,0.07903295587553237,G4,-6.987016696122374
027970,2024-06-30,-0.2325977855938729,0.03441679597045562,0.022440830447881255,G3,-7.593803871849458
028050,2024-06-30,-0.33660512844409923,0.025719831874760464,0.0764121970616044,G4,-14.205448275338998
028080,2024-06-30,-0.013461838749988138,0.06064195744909268,-0.24053158322729243,G1,-0.6961920991527228
028100,2024-06-30,0.013095579654364526,0.02368654045780358,0.025780009785713903,G3,-0.6611785826959677
028260,2024-06-30,-0.18155869785289153,0.022349284558961287,0.06670135928603867,G4,-9.410382251891289
028300,2024-06-30,0.36140185870791225,0.04954948734772319,-7.247702292008913,G1,6.713394297508743
029460,2024-06-30,-0.18258850993201767,0.02344976339457095,-0.023003395314969335,G2,-9.01267613148599
029480,2024-06-30,-0.4753225155972221,0.044302763492394565,33.7419998236283,G5,-11.378051587842437
029530,2024-06-30,-0.0002733193995013948,0.013013695142997732,0.1746435741687116,G5,-2.2307217115307405
030000,2024-06-30,-0.07076042456343251,0.013491506726806442,0.05996024094077025,G4,-7.3762730495421
030200,2024-06-30,0.1826056706222742,0.01964642104150651,0.06271249277656311,G4,7.830894868536885
030520,2024-06-30,0.019396997772647907,0.03819844075860712,0.23414887703398052,G5,-0.24502610433042132
030720,2024-06-30,-0.26271169686858253,0.018520591033815904,0.04106125403991235,G3,-15.737527449293038
031310,2024-06-30,-0.22489915069477856,0.027930705712261646,-0.022406524471146258,G2,-9.081609545105367
031330,2024-06-30,-0.2102421049574693,0.022243992925400153,0.03007642225144522,G3,-10.744416196418822
031510,2024-06-30,-0.10442683634178654,0.021402943446443997,-0.11724252535420336,G1,-6.2226697733549425
031820,2024-06-30,-0.15999269476587885,0.018340936337415483,0.03668029867412254,G3,-10.291148946635637
031860,2024-06-30,0.37824583260826145,0.06488564033663721,0.32143222483598605,G5,5.38623365496324
031980,2024-06-30,-0.4457946287682162,0.05132555573747844,0.37417643492540065,G5,-9.245905569901502
032040,2024-06-30,,,-0.027011652701476725,G2,
032190,2024-06-30,-0.09064080037655031,0.019558368058973926,0.09539206591119496,G4,-6.104671561541313
032350,2024-06-30,-0.20576447134914527,0.021806311666585323,-0.021721384779093935,G2,-10.754734126438128
032500,2024-06-30,-0.3238232072069825,0.037187569976709405,-0.8439270868422044,G1,-9.481120178893894
032540,2024-06-30,-0.20093683767542728,0.01292371597000521,0.05962798907308735,G4,-17.773019084584575
032560,2024-06-30,-0.2548547250777066,0.01564600156919351,0.08190487184599228,G4,-18.126761442958966
032680,2024-06-30,-0.7067850037948677,0.025613681395785407,0.005567825352971326,G2,-28.716747324698236
032750,2024-06-30,-0.10377701336506295,0.020675063023071358,0.07005147788651787,G4,-6.410313048158263
032800,2024-06-30,-0.49020302258796195,0.022535285942228526,0.16875859122416184,G5,-23.02875751484108
032850,2024-06-30,-0.12363128083237282,0.024925804331754595,0.21612828602397816,G5,-6.113660033087149
032940,2024-06-30,-0.2944996393582433,0.039294498293354546,0.032495140670921165,G3,-8.2265015791317
032960,2024-06-30,-0.05895562119009471,0.011922945721365576,0.22759882750347124,G5,-7.356590908247004
033130,2024-06-30,-0.03414721310594437,0.03502839585883644,0.10984359659774393,G4,-1.7957952246135107
033160,2024-06-30,-0.41825213491810126,0.0320467877119009,-0.064959633465273,G2,-13.948628856031203
033170,2024-06-30,-0.31962561052882743,0.0468470509224849,-0.16771086478103062,G1,-7.436588143157636
033180,2024-06-30,,,1.6663379721777218,G5,
033200,2024-06-30,-0.22859443564475979,0.0194688712882295,-0.05404700926319639,G2,-13.218591090258785
033230,2024-06-30,-0.3133966959267229,0.040877521813521125,-0.03282050529851868,G2,-8.370206745673464
033310,2024-06-30,-0.366800386708381,0.01654755846539846,0.21224191093050074,G5,-23.904251520774544
033340,2024-06-30,-0.9064040596682482,0.05013386445266544,0.040360140912091794,G3,-18.65327324715649
033430,2024-06-30,,,0.12945106101529497,G5,
033500,2024-06-30,0.2703089606043589,0.028358493216796964,0.023702626897678884,G3,8.517813194604418
033530,2024-06-30,-0.31491424015511277,0.023168439763073992,0.04248680936294245,G3,-14.833577771002231
033540,2024-06-30,-0.200750699545491,0.054440028366446826,0.0028445054614758504,G2,-4.215782381740449
033560,2024-06-30,-0.060280824370912325,0.023256382274938276,0.014873944136396023,G3,-3.8285162421881647
033630,2024-06-30,,,0.05875816503505168,G4,
033640,2024-06-30,-0.7885945984901671,0.03327247735340541,-0.2818091859121415,G1,-24.565384858838524
033780,2024-06-30,0.2333233957160696,0.025389410822961596,0.21966969476897316,G5,8.057169354549904
033830,2024-06-30,0.03298998735115483,0.02095768930382364,0.09448152504621102,G4,0.20199624045178863
033920,2024-06-30,0.019616200227924534,0.019921326238013494,0.3712522130038769,G5,-0.4588255102142597
034020,2024-06-30,-0.07344395546413035,0.03190023213543686,0.05319053549694322,G3,-3.203756258996783
034120,2024-06-30,0.29264467990953297,0.042912655671312194,0.017952852461875505,G3,6.1494228888453675
034220,2024-06-30,-0.18819501081667947,0.025482801503171816,-0.07018247371611963,G2,-8.513648850300134
034230,2024-06-30,-0.3544387547094064,0.02173099393641948,0.06428998695199682,G4,-17.633586790083545
034730,2024-06-30,-0.1593627103034176,0.020534582107893665,0.014556851864258027,G3,-9.161098200986945
034810,2024-06-30,-0.24431540160614737,0.020654055892522907,0.03846940655425979,G3,-13.221229570131527
035000,2024-06-30,0.013882861428068716,0.006730841553892921,0.05454596594730882,G3,-2.2097907603477216
035080,2024-06-30,-0.11723225980335364,0.03282545021936855,-0.025995297846229427,G2,-4.447429410136138
035150,2024-06-30,-0.11458763134308653,0.02545412591276591,0.10754593424268652,G4,-5.631473841905584
035200,2024-06-30,0.1557968572780471,0.03035316475755945,0.08751259602402676,G4,4.185403577832258
035250,2024-06-30,0.15786492891428835,0.01695640591582156,0.47635440994710504,G5,7.614132184143758
035420,2024-06-30,0.20427166819616563,0.02165102391239581,0.12720104116423558,G5,8.10654757036468
035430,2024-06-30,,,-0.04896534875459784,G2,
035460,2024-06-30,-0.17600183974278824,0.019151158068219584,-0.09659199172654223,G2,-10.691700831700654
035600,2024-06-30,-0.19404673918803073,0.018416136552936096,0.05750586171045259,G4,-12.098267812622993
035620,2024-06-30,-0.11974620124804342,0.02751839833951725,-0.6346658399231216,G1,-5.396491914938766
035720,2024-06-30,-0.022767683687548577,0.02536722756350544,0.04346814255900217,G3,-2.031136294330398
035760,2024-06-30,-0.3965662727736071,0.02922959780533574,0.00871453499923725,G2,-14.551102909777022
035810,2024-06-30,-0.09642917630201618,0.01641763356866953,0.04160893470938889,G3,-7.625081208057863
035890,2024-06-30,0.18672447694387806,0.018699309022726655,0.056436971767343136,G4,8.447791511903581
035900,2024-06-30,0.25744182986499714,0.030995202521000194,0.013366016200586606,G3,7.378084295685119
036000,2024-06-30,0.23679743831813432,0.06410161480480056,-0.6856292037211694,G1,3.245484939005443
036010,2024-06-30,-0.6249067231081893,0.03608049328935632,-0.005878347135174085,G2,-18.116807072708305
036090,2024-06-30,0.0798025749972666,0.03670981654312109,0.06455715824064835,G4,1.3905262107229495
036120,2024-06-30,0.15858770530307403,0.027717884184966034,0.2850302333100214,G5,4.684018864263371
036180,2024-06-30,-0.05563679574952359,0.01792530185833052,-0.9601312172606802,G1,-4.708060668642453
036190,2024-06-30,-0.04004805884064872,0.014865456245205367,0.1945388676967943,G5,-4.628493778390855
036200,2024-06-30,-0.5913047684150315,0.03630226802234144,0.03457401035145363,G3,-17.08051356286208
036220,2024-06-30,-0.20585373280880961,0.04145283177870326,-0.2920818582971211,G1,-5.659694058164886
036420,2024-06-30,-0.18083823387388484,0.03139354515078521,-0.1126247840221699,G1,-6.67636757079881
036460,2024-06-30,-0.29319559351784424,0.04289831384371659,0.0336228230204265,G3,-7.505008415808097
036530,2024-06-30,0.06646121427752573,0.018523416832301694,0.18654549173683366,G5,2.0355100635941805
036540,2024-06-30,-0.5152192285460967,0.02884570058693666,0.009001987312084047,G2,-18.858125487708648
036570,2024-06-30,0.07947234410459211,0.03151976886571425,0.1927694606820778,G5,1.6090134232085869
036580,2024-06-30,-0.1517323615317318,0.04376235008563575,-0.033366861896835506,G2,-4.124298034309635
036630,2024-06-30,-0.3835178820239189,0.014570226372034539,-0.10431167303917228,G1,-28.29568219464637
036640,2024-06-30,-0.23289622950796438,0.01893345740952475,0.17690565742467113,G5,-13.81960181660017
036690,2024-06-30,,,-0.22525865739850154,G1,
036710,2024-06-30,-0.8317878218340334,0.02580650526979434,-0.11225958053477252,G1,-33.34602751285731
036800,2024-06-30,-0.20257464907806938,0.011505484869292938,0.03957720180129522,G3,-20.1061723699013
036810,2024-06-30,-0.7932378895677348,0.03769193204736458,-0.013072946168575399,G2,-21.808234755332325
036890,2024-06-30,0.03321511706479499,0.02557586752499475,0.05187698198214151,G3,0.17432465026697516
036930,2024-06-30,-0.1498863765445661,0.03788739357334111,0.3397902129293364,G5,-4.715103695427898
037030,2024-06-30,-0.10740410744694547,0.028028669658093797,0.0816017016798105,G4,-4.857908777374039
037270,2024-06-30,0.24326530836227006,0.05995832344026132,0.04532255806284235,G3,3.5776299794767805
037330,2024-06-30,-0.2017616505162972,0.02064021536341618,0.004796981005480359,G2,-11.168403980324056
037340,2024-06-30,,,-0.07744633532555412,G2,
037350,2024-06-30,0.14083451390460044,0.038155464609395465,0.07433933531222178,G4,2.937401028888963
037370,2024-06-30,-0.2608021437081184,0.03754217255622796,-0.11078370473590103,G1,-7.712892912035497
037400,2024-06-30,-0.24562709166493787,0.022225112035371673,0.026545492878263098,G3,-12.345661256126718
037460,2024-06-30,-0.009310301326521206,0.013700869310050283,0.03646271391423372,G3,-2.778430577527149
037560,2024-06-30,-0.18819770129465327,0.018811091227103033,0.01809600621733516,G3,-11.533318911626516
037760,2024-06-30,-0.004228884853115062,0.021686777680502145,0.04395234867744999,G3,-1.5209957994818664
037950,2024-06-30,-0.14095513553627345,0.026586540005256454,0.0899948516577655,G4,-6.383370999232896
038010,2024-06-30,-0.3265568503071094,0.024511765713385574,0.12430776655708384,G5,-14.495629052798218
038060,2024-06-30,-0.0639536502991026,0.02829041522541952,0.032491140251939624,G3,-3.2770909321622934
038070,2024-06-30,-0.02483536097188433,0.045043635782835566,0.03325984035332942,G3,-1.1897790430037178
038390,2024-06-30,0.09402110602474062,0.013831476866560746,0.06907912465721049,G4,4.718548406012924
038460,2024-06-30,-0.35186154497980654,0.03739037382519933,-0.03587996667862202,G2,-10.17957615675171
038500,2024-06-30,-0.020657990694551764,0.021071543122503485,0.12160651919939332,G5,-2.345087083109966
038530,2024-06-30,0.033236216962912686,0.04745937520557267,0.23492034627472688,G5,0.0943881802127243
038540,2024-06-30,-0.7017070776657196,0.027551863784520753,-0.41821704984300945,G1,-26.512314966486446
038620,2024-06-30,0.04807945790324737,0.03584568382090797,0.009713048758807479,G2,0.5390563922999009
038680,2024-06-30,-0.12176949279353601,0.027906442505620483,-0.021896433735280885,G2,-5.393955380247596
038870,2024-06-30,-0.130330939569785,0.03912949191433948,0.04702659703290314,G3,-4.065668749833963
038880,2024-06-30,-0.22370671560068534,0.033447836535291625,-0.15805930722443387,G1,-7.547971846774931
038950,2024-06-30,-0.17339393065856942,0.028567736502794202,0.04780147391840398,G3,-7.076183426083579
039020,2024-06-30,0.7025384661063399,0.03001613131093245,-0.049399370373032755,G2,22.447324947492806
039030,2024-06-30,-0.16071213725899172,0.046913320359221626,0.14604613266954786,G5,-4.038698363522976
039290,2024-06-30,0.08758430523821442,0.04595504786410955,-0.048220399907418186,G2,1.280113830126864
039310,2024-06-30,-0.1860023430308506,0.022654001265826434,0.003184225268044093,G2,-9.479956914191591
039420,2024-06-30,-0.011916981574478094,0.013490446997073873,0.2372292126360967,G5,-3.014992348772886
039440,2024-06-30,-0.7139741437785889,0.041498665049777235,0.06336549813926645,G4,-17.897702390930327
039560,2024-06-30,0.17902827073282318,0.0537304942656669,-0.026856620883134504,G2,2.796766712894712
039570,2024-06-30,-0.003763055923776768,0.013514897614436815,0.018292050864360056,G3,-2.4062090409227053
039610,2024-06-30,0.20169664087726685,0.06600559540912769,0.06857471155590404,G4,2.6200813264707823
039740,2024-06-30,-0.1712040318245772,0.020474539377675315,-0.0007398823199943056,G2,-9.7663073654215
039830,2024-06-30,-0.0890580306792395,0.016020958012323422,-0.029098000077491155,G2,-7.3537826821493155
039840,2024-06-30,-0.13169122606451023,0.023967833676984206,-3.046572196876403,G1,-6.694298747650715
039860,2024-06-30,0.12920228697003172,0.055845601765278946,0.07985952784256524,G4,1.798631779257795
039980,2024-06-30,0.23500593050163904,0.06025530759149117,-0.01103294140666772,G2,3.4229236534100496
040160,2024-06-30,-0.11694713585830271,0.02294854489883722,-0.11458628589540158,G1,-6.349149778507794
040420,2024-06-30,-0.06892297026784458,0.009235320289805836,0.0635418943089725,G4,-10.576740178561147
040610,2024-06-30,-0.04758229205957634,0.019006297346378497,0.4798348691212953,G5,-4.016505875477526
040910,2024-06-30,-0.6029160057770483,0.026153046072130814,-0.14145340960840017,G1,-24.152927232189466
041440,2024-06-30,0.39281152793257534,0.056271066411365596,0.027019735008274683,G3,6.469664398537469
041460,2024-06-30,-0.2781232144354078,0.023151530463901972,0.05793500655403002,G4,-13.255271733206698
041510,2024-06-30,-0.01559381425799334,0.027376979782453733,0.03312106089496049,G3,-1.6199897692748382
041520,2024-06-30,-0.2883834241886308,0.022733004813871464,-0.1460478666890602,G1,-13.950643115086164
041590,2024-06-30,,,0.4146493628160114,G5,
041650,2024-06-30,-0.21136077352263422,0.02415573983104732,0.03551451937630442,G3,-9.940386347315997
041830,2024-06-30,-0.0897117141522141,0.019861936162171637,0.16303523401039355,G5,-5.964591069478443
041920,2024-06-30,-0.16587074369480517,0.031105332018138258,0.10122171906330661,G4,-6.2570416057458935
041930,2024-06-30,-0.27235510670510377,0.026105217425910196,0.05704781399483699,G4,-11.5345417238114
041960,2024-06-30,-0.05474276441926149,0.014503179660530031,0.25249145767552267,G5,-5.757315242376011
042110,2024-06-30,-0.0830177946318944,0.015940280977871608,0.035683978758450446,G3,-7.01207260338046
042420,2024-06-30,0.0847351773803178,0.03900553541362035,-0.005041641767260722,G2,1.4351441118161101
042500,2024-06-30,-0.17521041815222196,0.027506801965791663,0.08474144455094826,G4,-7.415148853331175
042600,2024-06-30,-0.49399395318955236,0.033922600923813044,-0.2067523124321362,G1,-15.41009686335156
042660,2024-06-30,0.2977301537895362,0.04050103422234549,-0.010797289319116946,G2,6.641152406372641
042940,2024-06-30,-0.6739909939307566,0.049557402673737934,-1.1093537745359654,G1,-14.180476960435843
043090,2024-06-30,-0.050771593839339706,0.08446215364056027,-0.9724434124269481,G1,-0.9415839321479792
043150,2024-06-30,-0.33511840904857076,0.018119046464994043,0.14772331853201084,G5,-20.08245978367583
043200,2024-06-30,-0.11580803689955012,0.022485361670690637,0.0594202583605538,G4,-6.429278386534203
043220,2024-06-30,-0.14594356746185078,0.04902518971987799,-1.0094148136745413,G1,-3.5634779052010845
043260,2024-06-30,-0.3514261937946254,0.029586100420459453,0.20227208460770948,G5,-12.850047870281218
043370,2024-06-30,-0.25574576398812837,0.02239487404753346,0.05575831137372806,G4,-12.703906094202342
043590,2024-06-30,0.17713727461238243,0.06458919004339315,-0.2617138567122249,G1,2.2972986905311803
043610,2024-06-30,-0.17690711296208517,0.0376281871945429,-0.007855361748674326,G2,-5.465682542770429
043650,2024-06-30,-0.34654925325959657,0.02600748593659993,0.0851842045366572,G4,-14.430686113903084
043910,2024-06-30,-0.4149308745044082,0.027947471894050654,-0.09336050919140511,G2,-15.875764687756405
044180,2024-06-30,0.3942446217594991,0.06163481909092217,0.3060763504671658,G5,5.929895053591613
044340,2024-06-30,-0.709211048157478,0.021239040837944614,0.009893947856062728,G2,-34.74580922422295
044380,2024-06-30,-0.25061439620101367,0.022074571984901353,-0.07250209693457768,G2,-12.655783735934934
044450,2024-06-30,0.015188362302061977,0.017007844220854627,0.1354261592873608,G5,-0.797764280115333
044480,2024-06-30,-0.5016400453919956,0.03769431007089511,1.096876508678834,G5,-14.071000564744553
044780,2024-06-30,-0.13089268738318127,0.022112936796280975,-0.014375272911098604,G2,-7.219723990404449
044820,2024-06-30,-0.13816500966165463,0.013693446727343647,0.04271040862483981,G3,-12.189890966717995
045100,2024-06-30,-0.16156770208471616,0.01985852609503597,0.0547631893797634,G3,-9.584010116214882
045300,2024-06-30,-0.2753716815373589,0.018870700197874582,0.07277735956259027,G4,-16.116428709669123
045390,2024-06-30,0.05206304160673868,0.025719310100619303,0.1210005693065925,G5,0.9061840544063303
045510,2024-06-30,-0.35631861076080007,0.018478769279239575,-0.0014641102566318083,G2,-20.838791688180663
045520,2024-06-30,-0.2590341249847186,0.02827768559969558,0.017339689464647864,G3,-10.177308778446937
045970,2024-06-30,-0.7995078371880779,0.04092192436237504,-0.10993194281354296,G1,-20.240114877218172
046120,2024-06-30,-0.28955785456854494,0.0331831779822719,-0.04593419067995175,G2,-9.59264563634713
046390,2024-06-30,-0.29159319304496584,0.03114031948129359,0.08293811751321362,G4,-10.287299914846091
046400,2024-06-30,,,-1.0063140748458235,G1,
046440,2024-06-30,-0.03734802775603301,0.019848627787736557,0.0982271341260061,G4,-3.330438827620187
046890,2024-06-30,-0.17814821947733908,0.027900278574839326,0.029402822576642586,G3,-7.415869767234265
046970,2024-06-30,0.11057280076078653,0.03658383132530635,-0.06619338800685977,G2,2.2364029379548755
047040,2024-06-30,-0.14461941196252737,0.02428381633565305,0.03421205057308726,G3,-7.139570752361756
047050,2024-06-30,-0.42528170400114595,0.034572114695942735,0.022891720996505625,G3,-13.133079098504094
047080,2024-06-30,-0.22945905351954032,0.04541855746155839,0.2739093541991044,G5,-5.685245874251205
047310,2024-06-30,-0.032041038144640134,0.03521082763292025,0.00914146342068828,G2,-1.7266748649504438
047400,2024-06-30,-0.07395181901285855,0.03246414239219103,0.0057022678065535605,G2,-3.163750043826507
047770,2024-06-30,0.1920712557717826,0.04570191651951324,0.07979178526177615,G4,3.5734747097274737
047810,2024-06-30,0.07556924070723357,0.02568710808654751,0.062159124717581116,G4,1.8224172081295453
048260,2024-06-30,,,0.093546291492917,G4,
048430,2024-06-30,0.042872206516241705,0.023668775190252397,0.06708719540403345,G4,0.5963803998961971
048550,2024-06-30,-0.2205132575501747,0.030321415762348626,0.11037599473317355,G4,-8.2209179283419
048830,2024-06-30,-0.22332202942838578,0.017053190416257236,0.0015088387452658707,G2,-14.781905096849131
048870,2024-06-30,0.17136692151703875,0.03910171437810299,0.377059885638268,G5,3.647162557498372
048910,2024-06-30,-0.16372914842375266,0.01912203067061247,-0.006736261005587134,G2,-10.06617783658294
049070,2024-06-30,-0.31904086656919,0.03280610658239645,0.07002849681137052,G4,-10.601607923173722
049180,2024-06-30,0.9220823259300992,0.08239445402288034,-0.0825952311629221,G2,10.84206119963855
049430,2024-06-30,0.21441505792528548,0.036693801070667824,0.49893196268642764,G5,5.059667835024886
049480,2024-06-30,0.04823156370808522,0.02724575292202198,0.06580786031536691,G4,0.7147884978843204
049520,2024-06-30,-0.12458630571123488,0.029152323584430758,0.07871903896881983,G4,-5.260058196402423
049550,2024-06-30,-0.0802734525852716,0.012742315379559745,0.09471197885381347,G4,-8.556534840080566
049630,2024-06-30,0.029381386917018124,0.02255244767859424,0.06622481945134298,G4,0.027703157665912116
049720,2024-06-30,-0.05070144029899551,0.009927125578341795,0.08063036562932288,G4,-8.004134991056876
049770,2024-06-30,-0.3193416270881299,0.02118176468979579,0.01666704095575641,G3,-16.433863990522486
049950,2024-06-30,-0.0931930781558448,0.03169698258167073,-0.05401348984362683,G2,-3.8473596262626546
049960,2024-06-30,0.12052794045895472,0.02302471439436427,0.32148347811462513,G5,3.9857748497497836
050110,2024-06-30,-0.3738792062638183,0.02828536644062447,-0.03372392923731584,G2,-14.234774720428014
050120,2024-06-30,-0.04021047296608932,0.04922836741961274,-4.64239984654002,G1,-1.4009622801717856
050540,2024-06-30,,,-0.042703702296736985,G2,
050760,2024-06-30,-0.1503551678559321,0.018146512570074692,0.07007091998588616,G4,-9.870314203211148
050890,2024-06-30,0.25566539776926733,0.031249745754566263,0.06805172513206212,G4,7.261140191288925
051160,2024-06-30,-0.2874226015165537,0.02879420904369161,0.043864512959755034,G3,-10.980652878501266
051370,2024-06-30,-0.4846800039339851,0.03081874744411395,0.11507086382195075,G4,-16.65987943761393
051490,2024-06-30,-0.14752739136249665,0.037040525821013776,-0.012404580453280415,G2,-4.75921981014949
051500,2024-06-30,-0.1295717849184689,0.02155552892850936,0.019587245956692395,G3,-7.345140930978939
051600,2024-06-30,0.17854766749937792,0.021386033575250058,0.1389349671797671,G5,7.0041531576713
051780,2024-06-30,-1.097546399065142,0.04012886153801041,-0.11687232998293788,G1,-28.067155877360825
051900,2024-06-30,-0.09027641268610578,0.023648712954323952,0.06092291701456867,G4,-5.033382823802572
051910,2024-06-30,-0.2741221568321389,0.02822814070963593,0.004861349148172407,G2,-10.729674789809104
051980,2024-06-30,-0.15836237470852182,0.05183000517861426,-9.136599514029076,G1,-3.6102444320988676
052020,2024-06-30,0.7139264866991732,0.059833959693631124,-1.782523818958545,G1,11.451187207135124
052220,2024-06-30,0.31235441634915606,0.054586140288940606,0.075436342398056,G4,5.195417773536709
052260,2024-06-30,-0.01837013900653707,0.03578204036926416,0.1335091796339083,G5,-1.3170504371305642
052300,2024-06-30,-0.230295099006172,0.01995639162738196,43.25078740006365,G5,-12.980889368494633
052330,2024-06-30,0.07650081610478211,0.017536157525663225,0.09537308435907518,G4,2.72261486769181
052400,2024-06-30,0.7274405495224997,0.04644010101240606,0.16007184996762253,G5,15.044841018597841
052420,2024-06-30,0.13419314671386318,0.04788648020886431,-0.037344689247546616,G2,2.2018017058418073
052460,2024-06-30,-0.3613020409883086,0.03695137060519461,-0.10444480331986111,G1,-10.555999615253787
052690,2024-06-30,-0.18851414745167194,0.03316684698132554,0.1316684139762834,G5,-6.550841582174849
052710,2024-06-30,-0.4752153028536945,0.03488993466266161,-0.10245943536700866,G1,-14.444621941245973
052770,2024-06-30,-0.468929136649638,0.03799954044067381,-0.2833137338096822,G1,-13.097151801871602
052860,2024-06-30,-0.16608191075018847,0.05243533295959673,-0.3761549930997529,G1,-3.7157869065796567
052900,2024-06-30,-0.2809301030723413,0.02185118311114515,0.12156005673171383,G5,-14.172537679097662
053080,2024-06-30,-0.20731846195130757,0.04119240753667035,0.021486290238606466,G3,-5.731033677610962
053160,2024-06-30,0.5654393599546146,0.060018903686039335,-0.007224917913222293,G2,8.941895204530761
053260,2024-06-30,-0.22016849407215905,0.022535095333040715,0.05194271326360569,G3,-11.046108449801565
053270,2024-06-30,-0.2625159472574324,0.02627969530576523,0.05958247984939296,G4,-11.0835592563647
053280,2024-06-30,0.2780924151268719,0.06599084864830866,0.020773731670008667,G3,3.7783390777781207
053300,2024-06-30,-0.0027421648264219223,0.027139433771230966,-0.03388800716356067,G2,-1.16062766803329
053620,2024-06-30,-0.13988179945337026,0.014274457441364066,0.021400400813321594,G3,-11.813998048564779
053690,2024-06-30,0.16911095341148807,0.03811933168198193,0.03293758157563181,G3,3.6819727501834545
053700,2024-06-30,-0.16947603567653466,0.02692180518453665,0.05350994527838916,G3,-7.36327475891629
053800,2024-06-30,0.16072451210317565,0.03464001241788826,0.07960781182265617,G4,3.8096954934058
053950,2024-06-30,0.3107710187673971,0.057851308274234486,1.1260512315081266,G5,4.87481466326274
054040,2024-06-30,-0.01687775006467311,0.028166064069563082,0.051901427015271916,G3,-1.6201895605716696
054090,2024-06-30,-0.49854744767698406,0.03213896630794401,-0.133435719288358,G1,-16.407001255976066
054180,2024-06-30,-0.18981428107461137,0.07153029412142625,-1.0075997223551236,G1,-3.05564092336601
054210,2024-06-30,-0.5171619745136571,0.035003172522205,-0.11836195602217219,G1,-15.596260226714248
054220,2024-06-30,0.18384509645420202,0.027189671844624192,-0.7302226542119992,G1,5.703948338811583
054340,2024-06-30,,,0.2235555527151953,G5,
054450,2024-06-30,-0.40822286467960134,0.03459522163138495,-0.33976477673894573,G1,-12.631209079649235
054540,2024-06-30,0.03321023830349858,0.02939261846009137,0.014137420927184313,G3,0.15152190017775455
054630,2024-06-30,,,-4.3880002260259285,G1,
054800,2024-06-30,0.013464770218430733,0.014851376359808773,0.10993583976830926,G4,-1.029658283132484
054940,2024-06-30,-0.12599214166386302,0.024910471614248714,0.03390377093136472,G3,-6.212196901104553
054950,2024-06-30,-0.35815543205485484,0.025090240139735088,0.16006671093053096,G5,-15.420818724860789
056190,2024-06-30,-0.2822919849956184,0.02572778275063366,0.06729389988023486,G4,-12.089988512173022
056360,2024-06-30,0.5063074417655489,0.036806789771064906,-0.1999456051978368,G1,12.974530836094333
057030,2024-06-30,0.2819228843258569,0.04044273020999733,0.004490533734286094,G2,6.259870936212143
057050,2024-06-30,-0.1079724317569981,0.014108866360595456,0.029509377659697723,G3,-9.691001471393434
057680,2024-06-30,0.18938386353713807,0.05668136154602102,-0.6923714949360539,G1,2.8338636591059125
058110,2024-06-30,-0.03994321653658034,0.04721962485719163,-0.5458314976436529,G1,-1.4548999414454904
058450,2024-06-30,-0.587126872527595,0.05652866888796615,-0.1122644662950881,G1,-10.895064354892858
058610,2024-06-30,0.013575896675171006,0.03502091202002617,0.040562998782634176,G3,-0.43347575355473117
058630,2024-06-30,-0.10388391146096321,0.032093692430083975,0.20778882314374214,G5,-4.132915670365635
058730,2024-06-30,0.01781128190194112,0.04250035667510107,0.03667378961174881,G3,-0.25753503870467565
058820,2024-06-30,-0.14978536493032135,0.025017784703833305,0.24070263630636163,G5,-7.136602219068196
058970,2024-06-30,0.20815879827977063,0.04157413504570833,0.45402252351885325,G5,4.315235546796166
059090,2024-06-30,-0.6356390543151222,0.0373055899331612,0.14347921682252157,G5,-17.809547266474457
060150,2024-06-30,-0.31750075367186276,0.02350252513837671,0.0635632717841462,G4,-14.732772948286021
060230,2024-06-30,-0.4039465557657045,0.05499277052537223,-0.9989876433558224,G1,-7.86836459656624
060240,2024-06-30,-0.9124579232138861,0.05429261869076978,-4.9587401185072775,G1,-17.335957609227027
060260,2024-06-30,-0.6229375625739637,0.05388105171755321,0.04057052772524131,G3,-12.095052986222289
060310,2024-06-30,-0.2903043822837559,0.02748279625950425,-0.1256816204395959,G1,-11.609480788427497
060380,2024-06-30,-0.43096988859327384,0.02400281085063967,0.0005608868019279869,G2,-19.153027716512128
060540,2024-06-30,-0.3567137848386235,0.032300207861121574,-0.029506619207140074,G2,-11.933991242385288
060560,2024-06-30,-0.1833467727797841,0.028245620945566763,0.09062942361877303,G4,-7.509248463390576
060570,2024-06-30,-0.13387456270160822,0.04510357814084575,-0.0545104170050751,G2,-3.605726691948535
060850,2024-06-30,-0.5104659597925826,0.016961978629624588,0.03722213673102995,G3,-31.79007499479103
060980,2024-06-30,0.015185970051283186,0.011335561479938121,0.013745044037956514,G3,-1.1971742975379007
061040,2024-06-30,0.06332856965045391,0.025545292823045466,0.03082274738696395,G3,1.3533591878046247
061970,2024-06-30,-0.4664737496442013,0.03727861789199177,-0.00863356637438646,G2,-13.28456875687478
063440,2024-06-30,-0.20206613223213954,0.023122080872883404,0.12493623775543798,G5,-9.9827842660158
063570,2024-06-30,-0.09785170381796988,0.016322069727740526,0.022677139687019583,G3,-7.756878804776565
063760,2024-06-30,-0.3570896567376288,0.02238563162674897,-0.09154935808968577,G2,-17.23633606030577
064090,2024-06-30,-0.6144830135705769,0.04328059682364097,-7.267159440359855,G1,-14.862078475832124
064290,2024-06-30,-0.9238149501828159,0.03786707944101592,-0.18470692920559292,G1,-25.155664950866502
064350,2024-06-30,0.2727458863217518,0.03498014606488039,0.09212555276799327,G4,6.9750787479840755
064400,2024-06-30,,,0.07042362902789265,G4,
064520,2024-06-30,-0.611175590239893,0.024688056641531113,-0.20728449385145684,G1,-25.920719983548747
064820,2024-06-30,0.06274144499767462,0.029361507995601915,0.030974120808516727,G3,1.1574620792480903
064960,2024-06-30,-0.19002820228647013,0.019208580745213266,0.11337658815753267,G4,-11.389952130857798
065150,2024-06-30,,,0.002714733816864331,G2,
065170,2024-06-30,-0.7879428839204033,0.04445725728036229,-0.39185034003342567,G1,-18.37044268550464
065350,2024-06-30,0.8105841954815319,0.05627841283143206,-0.010726170773733416,G2,13.892139867555887
065440,2024-06-30,-0.009960978871885535,0.029148101309005935,0.09267097047661765,G4,-1.3283057913329228
065450,2024-06-30,-0.18936976903103309,0.025239560326772444,-0.08872231929412608,G2,-8.64224174709117
065500,2024-06-30,1.887700734330071,0.08365740644272453,0.008305698876930065,G2,22.220915044737357
065510,2024-06-30,-0.3385673674499149,0.02817705898624597,0.1771511939352694,G5,-13.036278219541721
065530,2024-06-30,-0.3007727661992892,0.020005870650945216,0.006206422363742396,G2,-16.471633994441813
065560,2024-06-30,-0.34528800209173505,0.25194121025064115,-0.026007845672893114,G2,-1.4846503857897895
065680,2024-06-30,0.19312093202513708,0.03205254261070127,0.11889027501187474,G5,5.1279650765376585
065710,2024-06-30,0.0579813135487177,0.010932322641957773,0.2415248760311212,G5,2.673238030254321
066310,2024-06-30,0.26198242025493673,0.04189305335912853,0.04705335902278578,G3,5.5671713721217895
066360,2024-06-30,-0.35383663715590025,0.02665485643737839,-0.04386690824785432,G2,-14.353603852940337
066410,2024-06-30,,,-2.465769676057054,G1,
066570,2024-06-30,-0.25528950932329236,0.02134504687077915,0.02901536739999685,G3,-13.307355282286608
066590,2024-06-30,-0.05457722486379688,0.020200427870082485,0.027189542455752058,G3,-4.125350131342659
066620,2024-06-30,0.1756875931185877,0.015981504765197666,0.0936915223266674,G4,9.193813872604043
066670,2024-06-30,-0.32302133729573174,0.025941930183854628,0.3754469797425877,G5,-13.56020726699404
066700,2024-06-30,-0.13246470180583725,0.024215922823097646,0.022697349744579876,G3,-6.657657273142894
066790,2024-06-30,-0.27972333606140504,0.06215031957105101,0.055336741825278986,G4,-4.963449119710041
066900,2024-06-30,-0.21300585048166631,0.023821432213524795,-0.13857162683211327,G1,-10.148947435982866
066910,2024-06-30,-0.6696864107189004,0.03676536371682145,0.014007529412628231,G3,-18.997310321795183
066970,2024-06-30,-0.3894662159093268,0.04471564278272557,-0.13412585447688208,G1,-9.352942343794716
066980,2024-06-30,-0.3391009501839733,0.043833667101038316,-0.26777564430182377,G1,-8.392123849443694
067170,2024-06-30,-0.27591468530916463,0.024263292501739052,-0.00039317309322791516,G2,-12.556881890227938
067290,2024-06-30,0.023798558716493334,0.03879589814172417,0.045650682358822615,G3,-0.12779841231205255
067390,2024-06-30,-0.24003175084994355,0.023458674616580688,-0.1264948674056408,G1,-11.45795183003172
067570,2024-06-30,-0.09653931932893879,0.019615981973732235,0.0573430647606036,G4,-6.387441240512374
067630,2024-06-30,0.3358840368984282,0.05018496071016374,-6.136442010713946,G1,6.119909623302768
067770,2024-06-30,-0.0689682010807989,0.030162708122060605,0.3384427909376773,G5,-3.2399217466998613
067900,2024-06-30,-0.257284920288404,0.020943911102807296,0.24021995905639565,G5,-13.657503213585027
067990,2024-06-30,-0.0501960305015067,0.01786834845563535,0.003820906249253513,G2,-4.418575314935291
068100,2024-06-30,-0.3418130322399015,0.03845748217882475,-0.5582185774758542,G1,-9.635827000322147
068270,2024-06-30,0.14914387983362834,0.022286705229756,0.0896861271989121,G4,5.401752555584933
068400,2024-06-30,,,0.02550230325204176,G3,
068420,2024-06-30,,,-0.36069640839809397,G1,
068940,2024-06-30,,,0.05459714252347683,G3,
069080,2024-06-30,-0.15462804993625448,0.026459117828539318,0.2896938880814201,G5,-6.930868369378438
069110,2024-06-30,,,-1.9282647796354082,G1,
069140,2024-06-30,-0.2038022481479551,0.033482473194202986,0.004700780398204668,G2,-6.945689456758683
069260,2024-06-30,-0.14282034008447242,0.014343916154923527,0.0762713258962198,G4,-11.961653368198522
069410,2024-06-30,-0.06427160729841082,0.03452330267432851,-0.11934790269364054,G1,-2.694650076767201
069510,2024-06-30,0.09219213740689491,0.01863308705070024,0.1332978262575508,G5,3.4044559729186257
069540,2024-06-30,-0.9397658118490959,0.060477926424179845,-1.0931194969467652,G1,-16.014478042109165
069640,2024-06-30,-0.4055871055254897,0.0475139112949687,-0.0887094478757459,G2,-9.14140104636489
069960,2024-06-30,-0.0090954532032639,0.018637828115574694,-0.14205349576909845,G1,-2.030926880093858
070300,2024-06-30,0.25757214407662443,0.08343619923060624,-0.034459642692787985,G2,2.742401179384787
070590,2024-06-30,-0.275361297077709,0.02295830653399437,-0.11119382402735106,G1,-13.24653059800501
070960,2024-06-30,0.026689739722013578,0.03386457327594574,-0.04213278535853254,G2,-0.06103349256375633
071090,2024-06-30,-0.24070855265580102,0.03387866646268697,-0.06103797971483974,G2,-7.953830350902636
071200,2024-06-30,-0.16199576873626262,0.020262698433157148,0.34881716399372803,G5,-9.413967358234384
071280,2024-06-30,0.0828526892126064,0.04103267604444855,0.06858469558381113,G4,1.3183657885432856
071320,2024-06-30,-0.09779890099255796,0.03439654910103967,-0.05935351222992017,G2,-3.6793084539971628
071460,2024-06-30,,,-2.9349350448492753,G1,
071670,2024-06-30,-0.33594455866635364,0.030691563126826395,0.003041100084307614,G2,-11.882782576518796
071850,2024-06-30,0.45330404450463097,0.03994603706297707,-0.014074468751617365,G2,10.628023774475635
071970,2024-06-30,0.3932287421337775,0.043443074601107405,0.11027017684059946,G4,8.389648582130073
072130,2024-06-30,0.6174586117351457,0.03019661582737197,0.10346055215598235,G4,19.49562832462458
072470,2024-06-30,-0.38678301809331894,0.022484910571807123,0.020162916486067283,G3,-18.48082204594455
072710,2024-06-30,-0.18191522329085036,0.010712163703057538,0.12168619793653958,G5,-19.666599767696304
072770,2024-06-30,-0.3654715858932192,0.0375132206435164,0.02328559391190031,G3,-10.509046998196926
072950,2024-06-30,-0.2354522698217313,0.02283051268255585,0.07180557735053879,G4,-11.572621534987766
073110,2024-06-30,-0.13908241372336,0.016226907560776025,-0.10747781545896147,G1,-10.343254005605438
073240,2024-06-30,-0.2765083551064252,0.024601716802047653,0.07139060041710917,G4,-12.40827908336231
073490,2024-06-30,-0.011814950742197192,0.02544130239267319,-0.06729663366225906,G2,-1.594712527653739
073540,2024-06-30,-0.1551265692844899,0.02184480530909768,0.059159261562941656,G4,-8.417707532103025
073560,2024-06-30,-0.13723225086808316,0.017691951186217286,0.1679754185400584,G5,-9.382168310560381
073640,2024-06-30,,,-0.6620917637729135,G1,
074600,2024-06-30,-0.6944743838122938,0.029963920408218762,0.08643804580364489,G4,-24.136728000290162
075130,2024-06-30,0.2155488767038754,0.050662187606021904,-0.0917003113845256,G2,3.687015358540237
075180,2024-06-30,-0.13336391349171425,0.014880541974924074,0.0988034651718718,G4,-10.894799844531015
075580,2024-06-30,-0.08723165723170012,0.03743263793747744,0.021468015612370835,G3,-3.0985865951701688
075970,2024-06-30,-0.17864793998789458,0.026354366181535773,0.022240338066090312,G3,-7.869836499290611
076610,2024-06-30,-0.29052674959406727,0.026173080505778046,-0.17781236929900765,G1,-12.198921805433148
077360,2024-06-30,-0.5680722548185387,0.03186420795658974,0.09998483400124554,G4,-18.730384528460757
077500,2024-06-30,0.22707854667803376,0.042573465267782204,0.03543826267063092,G3,4.65834605023072
078070,2024-06-30,-0.06911393817457082,0.011532597896111116,0.1448488670293038,G5,-8.486427079088514
078130,2024-06-30,,,-0.010190330656339099,G2,
078140,2024-06-30,0.4222756789057748,0.06174441711770197,0.07090692318560947,G4,6.373354618481418
078150,2024-06-30,-0.493213129814918,0.046661246397298656,-0.32639226288049106,G1,-11.186365196373366
078160,2024-06-30,0.7317247459232425,0.05258702600969564,0.1477749871263219,G5,13.367710371953876
078520,2024-06-30,-0.25449546586136984,0.03065086481520738,0.055032224957159835,G4,-9.241242636131446
078600,2024-06-30,-0.5496761842174855,0.03970023742805872,0.1108288811220417,G4,-14.570008508611478
078860,2024-06-30,0.2527514832730341,0.04149422544965891,-0.914866486518593,G1,5.398217895199911
078890,2024-06-30,-0.48437042447222123,0.027407425688892026,-0.15178586582856657,G1,-18.722190226841068
078930,2024-06-30,-0.15618808524283564,0.018278543596081512,0.04439463170074269,G3,-10.118130975473845
078940,2024-06-30,,,-3.096285533323612,G1,
079190,2024-06-30,-0.05767341619847686,0.05920205958078207,-0.07096870427802855,G2,-1.4599159170090632
079370,2024-06-30,-0.29884738782434517,0.03836078386007046,0.059603947651632086,G4,-8.540075769113056
079430,2024-06-30,-0.14117816970635172,0.027988558657489046,0.011568874765999595,G2,-6.0715803442814
079550,2024-06-30,0.088291271825443,0.03756122443902993,0.07551408713904126,G4,1.5850031464989902
079650,2024-06-30,-0.046117271507261644,0.02419138149123027,0.052564979797450194,G3,-3.0950644318362026
079810,2024-06-30,-0.6423718514197083,0.03952294562859576,0.08810948911283434,G4,-16.980729893709068
079950,2024-06-30,-0.2189028334182062,0.04006380394457431,-0.8777199594515773,G1,-6.181625855199693
079970,2024-06-30,6.84478772035179,0.6680130415381199,-1.9048340434046582,G1,10.203440177985822
080000,2024-06-30,-0.27017846961271635,0.027665720737679894,0.0824766548514419,G4,-10.805251934347815
080010,2024-06-30,-0.09695868337154552,0.014796117043952079,0.180971469614422,G5,-8.496505934721402
080160,2024-06-30,-0.3894401311844958,0.02821346399057632,-0.06924365943143436,G2,-14.822594780541834
080220,2024-06-30,-0.6560532967374205,0.03719859388391974,0.046122394125788294,G3,-18.409564398526285
080420,2024-06-30,-0.03646831866814825,0.01752459400520663,0.07062161590370275,G4,-3.721908282268647
080520,2024-06-30,-0.30177034541395487,0.019227631306721744,0.08257381585236043,G4,-17.19020679378393
080580,2024-06-30,-0.3916388002024145,0.042389203779232026,-0.00924514194619738,G2,-9.917511432748517
081000,2024-06-30,-0.327211694469807,0.026750562975002366,0.08786419437550542,G4,-13.30694638859283
081580,2024-06-30,0.028037592939545497,0.035118359705505385,-0.03808367343314935,G2,-0.020474189845705645
081660,2024-06-30,0.031154096462718595,0.020639020542877667,0.0854544036445847,G4,0.1161626616201102
082660,2024-06-30,-0.0187473998426287,0.028075306784845013,-0.4624418379995536,G1,-1.692021145482088
082800,2024-06-30,1.0731427859552256,0.06879602608657562,-0.025037706010328873,G2,15.180908439939587
082850,2024-06-30,0.11010103765664044,0.06215013992893435,0.026567115600059657,G3,1.308837354934808
083310,2024-06-30,-0.5686315235406956,0.02963938367905555,0.02890857575352695,G3,-20.1552145251273
083450,2024-06-30,-0.12087075586985709,0.04084484235587757,0.14795170749253694,G5,-3.663311207554496
083470,2024-06-30,-0.20401694800388273,0.020490831438699987,0.12657753939742333,G5,-11.359888523970822
083500,2024-06-30,-0.6127240984813365,0.03662126437487361,0.4259472227403218,G5,-17.516618345506707
083650,2024-06-30,0.6100418397553122,0.05084474006362878,0.017407068052927535,G3,11.432553812344146
083930,2024-06-30,-0.3768262740791265,0.02614761845697527,0.039477597502633965,G3,-15.511274483743927
084010,2024-06-30,0.3168910554729174,0.020115754207112604,0.04982154964376144,G3,14.32382000709732
084370,2024-06-30,-0.37194002144755484,0.03799069481321946,0.15829209496775,G5,-10.547231008034943
084440,2024-06-30,0.1598085096911169,0.05848677102201511,-0.14195062718158166,G1,2.240710069950034
084650,2024-06-30,0.31467968219478465,0.05660352597855762,0.009377007175069016,G2,5.051329653913634
084870,2024-06-30,-0.15845570430639655,0.02545340281686236,0.041701053600427834,G3,-7.355099770220035
085310,2024-06-30,-0.06744199004155374,0.02128953884070855,-0.1614253205864754,G1,-4.518585567519877
085670,2024-06-30,-0.05530975839705379,0.04243329654920356,0.07639262609505322,G4,-1.9811416537671156
085910,2024-06-30,-0.06360714111333561,0.01595284141856667,0.23242483713959414,G5,-5.789799546873456
086040,2024-06-30,-0.3137126856796319,0.029814882955222805,-0.3293323815484458,G1,-11.486521650854439
086060,2024-06-30,-0.1607477964481304,0.019359706306856884,0.0265846165639703,G3,-9.788599390282945
086280,2024-06-30,0.10838199060074068,0.023453101785202712,0.04431286882208642,G3,3.395089418311099
086450,2024-06-30,-0.09099750541657474,0.02205256956673596,0.06302661221437464,G4,-5.4303929506898525
086670,2024-06-30,-0.49354987723221094,0.021884639243778765,-0.0388762354744654,G2,-23.8663513854319
086710,2024-06-30,-0.6186544844530227,0.038619885872282746,0.12288376917561916,G5,-16.763671946034712
086900,2024-06-30,-0.09720537947132393,0.039964523922996396,0.17428162966570884,G5,-3.151845186927615
086960,2024-06-30,-0.33498772499686524,0.03757113025403437,0.07397199387281933,G4,-9.681485104138764
086980,2024-06-30,-0.007857758869342485,0.03528810539246272,0.37797247693009783,G5,-1.0375839497574397
087260,2024-06-30,-0.248018134746462,0.036223877012925884,-0.12557733400501672,G1,-7.6406715810934696
088260,2024-06-30,-0.13395841269021208,0.015019286511070304,0.21766096137631702,G5,-10.833738704798334
088800,2024-06-30,-0.34468061666373,0.060829326324148746,-0.3451281542968401,G1,-6.1390985587605345
088910,2024-06-30,-0.2541132932782112,0.01510023649500227,-0.0090670344634692,G2,-18.732812977800613
089030,2024-06-30,-0.32537544104013205,0.05407722862832974,-0.028052961911791054,G2,-6.548635403957013
089140,2024-06-30,0.08712002512358753,0.06247972917654734,-0.48186141180394737,G1,0.934117560840345
089230,2024-06-30,-0.6593739902331268,0.02514966068335015,-0.5567002294144926,G1,-27.361426931374716
089530,2024-06-30,-1.8202470517987759,0.13991574195667933,-0.6083065878137789,G1,-13.215122464736595
089590,2024-06-30,-0.289864593940452,0.020909762543849977,-0.039872242180661814,G2,-15.237916077501861
089600,2024-06-30,-0.1480658115472174,0.01947095658055513,0.19221665764726065,G5,-9.081342445549323
089850,2024-06-30,-0.43000868052263674,0.020499037331493573,0.07490831596846499,G4,-22.3798457462703
089860,2024-06-30,-0.01667208458298704,0.020391467226405433,0.04699840069446609,G3,-2.2278287767045057
089980,2024-06-30,-0.39060247655984254,0.02735447673527689,-0.051753493115863795,G2,-15.330546934654183
090080,2024-06-30,-0.20989541895237673,0.021972620548935253,0.010214788202101099,G2,-10.86133678611981
090120,2024-06-30,,,-0.006154717472093046,G2,
090360,2024-06-30,-0.19753645779536075,0.03055326894320215,0.0647312425964446,G4,-7.406509304102953
090370,2024-06-30,-0.22978676633378356,0.029395429443094253,-0.06957949930384573,G2,-8.795359827537675
090410,2024-06-30,-0.007905151488639022,0.026658860986362186,0.17504158492111893,G5,-1.375218709104631
090430,2024-06-30,-0.37093742050731743,0.03842245615259565,0.5864571314725522,G5,-10.402615382607227
090460,2024-06-30,-0.24903185243021445,0.03671289286042905,0.05895960339667238,G4,-7.566509846813358
090470,2024-06-30,-0.2155145029785294,0.03645623550828021,-0.5349705832990083,G1,-6.70039329283668
090850,2024-06-30,-0.12175643342562018,0.021485253775353215,0.19522271201389071,G5,-7.005411614058143
091120,2024-06-30,0.1153191326483897,0.04976785430483537,-0.21549029513205914,G1,1.7393259354714359
091440,2024-06-30,-0.32105335336559937,0.052426506438117006,-2.4056159980891714,G1,-6.6723875008099665
091580,2024-06-30,-0.6483642991059884,0.029456378593334713,0.02064423629778397,G3,-22.987242300125473
091590,2024-06-30,-0.06599558165143606,0.024837558147530872,0.3618306589115935,G5,-3.814875600566285
091700,2024-06-30,-0.09660158542897011,0.015632786131114858,0.044820703288108416,G3,-8.018928761693227
091970,2024-06-30,0.1760825363858922,0.035503813088555165,0.06039690299316228,G4,4.1495803032536145
092040,2024-06-30,-0.1735014916412773,0.03800708312428849,-0.20733688333807782,G1,-5.321589764810172
092130,2024-06-30,0.013463213084283915,0.009616873985547753,0.4635254595069365,G5,-1.5902672575230594
092190,2024-06-30,0.06487944791375204,0.039935069460113555,0.22367609261742494,G5,0.9045391806969335
092200,2024-06-30,-0.38437594407173936,0.03464833786227398,0.01653764082641902,G3,-11.92358948406569
092220,2024-06-30,-0.4822214207086116,0.02901514413917244,0.018984113716481326,G3,-17.61073566138112
092230,2024-06-30,-0.08904147312431529,0.010485947647941146,0.1445475317683955,G5,-11.233899880347966
092300,2024-06-30,-0.3477595784249929,0.02555150284664136,0.05336617321534017,G3,-14.735579100299775
092440,2024-06-30,-0.1585051433844298,0.014255103685402707,0.017435674442668293,G3,-13.13647100858428
092460,2024-06-30,0.1915247776200745,0.027937361459381877,0.1406103309601984,G5,5.826182438649308
092600,2024-06-30,-0.12027962613682143,0.028366573509244576,-0.3817788797860896,G1,-5.253938724445404
092730,2024-06-30,-0.20517443436186905,0.02534652364320692,0.1921086352253261,G5,-9.229314858244487
092780,2024-06-30,-0.3198231829917625,0.027958184644377264,0.02831983667602326,G3,-12.467898053069478
092790,2024-06-30,-0.17770750946851158,0.04527284014752872,0.18211684174218953,G5,-4.5604411320107445
093050,2024-06-30,0.1368624039807481,0.016300805991538648,0.04055517365254902,G3,6.631929190104918
093190,2024-06-30,-0.04812117183636649,0.01852246811929887,0.08143195584372127,G4,-4.150515160530471
093230,2024-06-30,,,-0.002739062824786328,G2,
093240,2024-06-30,0.948368932678445,0.07892560111894859,-0.017188550493055375,G2,11.651635296249104
093320,2024-06-30,-0.022901564919043604,0.031917105784434414,0.1511542121146542,G5,-1.6185107187087893
093370,2024-06-30,-0.32780242811386306,0.030517078968803086,0.09850746462731454,G4,-11.683917762299302
093380,2024-06-30,-0.44067900246024017,0.018827455287267907,6.324329725073765e-05,G2,-24.933566868217312
093520,2024-06-30,-0.1911441598151772,0.029375683309912835,0.10012150696732885,G4,-7.485809620101582
093640,2024-06-30,-0.42329615962303424,0.031379500149667526,-1.7268201953089595,G1,-14.4059902283386
093920,2024-06-30,-0.016528897262264808,0.009173906630106404,0.08273304481186956,G4,-4.936338682244181
094280,2024-06-30,-0.09041461157011549,0.011235779416636397,0.025764144459644384,G3,-10.606404776591548
094360,2024-06-30,-0.12127491496737051,0.04148595822105024,0.2060332109515019,G5,-3.6164411840551236
094480,2024-06-30,0.5145929894426078,0.06574951366689696,0.04675485046266529,G3,7.389201066957655
094820,2024-06-30,-0.33890082249978076,0.03191549273543743,0.020999630469061316,G3,-11.51971672349515
094860,2024-06-30,-0.2415154909859245,0.04444461286562756,-0.14618441959169184,G1,-6.081099293322286
094940,2024-06-30,0.007413241338003189,0.034390301030473414,0.024311666871116723,G3,-0.6206218301581641
094970,2024-06-30,-0.5930743269649058,0.041306970071041324,0.10423856297408725,G4,-15.053898622888166
095270,2024-06-30,-0.3485478627869014,0.03710941961125558,-0.06826987106722994,G2,-10.16735049059317
095340,2024-06-30,0.19311165430300117,0.03994984004890978,0.32267108814356854,G5,4.114035029891455
095610,2024-06-30,-0.4872764883706785,0.028782317110869822,0.2135139480811406,G5,-17.928824120939908
095660,2024-06-30,-0.05537559067199152,0.019605239972702887,0.08818606624655755,G4,-4.291312102905026
095910,2024-06-30,-0.26430556603482713,0.026387924100001247,-0.0192324525550271,G2,-11.105920186349143
096040,2024-06-30,,,-0.08235780493580809,G2,
096240,2024-06-30,-0.1530532405411895,0.009972317589479673,0.019102935003235257,G3,-18.23145440496361
096250,2024-06-30,,,-0.08285060056873342,G2,
096350,2024-06-30,-0.28561827951193475,0.020868698938111517,0.09864750679343827,G4,-15.064422240575455
096530,2024-06-30,0.23882174162531242,0.04290538825631777,0.24027653849479436,G5,4.896008106654408
096610,2024-06-30,,,-0.0008229285672418894,G2,
096630,2024-06-30,-0.589135297998444,0.04606506855104431,-0.22207842534080266,G1,-13.413459055574597
096690,2024-06-30,0.006993396567181502,0.02607088927565706,0.02440173383099235,G3,-0.8347707707985652
096760,2024-06-30,0.0017579933387595903,0.02328579481272077,0.1805569343067957,G5,-1.1594459103331598
096770,2024-06-30,0.01617419679985891,0.029312803574610153,-0.034028680706178885,G2,-0.4292464237117662
097230,2024-06-30,0.6735750497353602,0.054344690554307476,-0.0853424092409241,G2,11.865343794491892
097520,2024-06-30,-0.12596553889633785,0.02689714990385969,0.08160374641747661,G4,-5.752362326588413
097780,2024-06-30,-0.09972526122349562,0.02049637629362271,-0.08272986870732173,G2,-6.268516555616593
097870,2024-06-30,0.058840203630482896,0.04082009549682625,0.12931833980707702,G5,0.7369799203335057
097950,2024-06-30,-0.38137487059491654,0.021878059841629924,0.020420510666065435,G3,-18.74624562081769
098120,2024-06-30,-0.4123419521698128,0.03323697174233029,0.09278219634771552,G4,-13.271322324207402
098460,2024-06-30,-0.39871594847158115,0.02678930915147672,0.13994135445377934,G5,-15.956834084735744
098660,2024-06-30,0.4666054353099598,0.042372049639467974,0.05482645296003301,G4,10.33343503871699
099190,2024-06-30,-0.1232490394807924,0.039357876766913415,0.0004131897195077564,G2,-3.8621405642441373
099320,2024-06-30,-0.234025004912297,0.036997808784591364,0.07364661640903745,G4,-7.102626518924131
099390,2024-06-30,-0.2337245555019518,0.024534971521457963,0.12237790168322725,G5,-10.69824630428509
099430,2024-06-30,0.35872241486071677,0.03825961324122041,0.5518207228326615,G5,8.624389375739693
099440,2024-06-30,0.059731469051931926,0.035316492045995435,0.14422668814931028,G5,0.8770649165371563
099520,2024-06-30,,,0.13006855348766616,G5,
099750,2024-06-30,0.07405995134176623,0.018728936607216105,0.0482230052541986,G3,2.4188953910541526
100030,2024-06-30,-0.20913338050237829,0.02172852542418908,0.2635304866024721,G5,-10.948280601718846
100090,2024-06-30,-0.021372791548563294,0.03307973538951991,0.017356311813469163,G3,-1.515411289162571
100220,2024-06-30,0.000950409027787414,0.0429996640770962,-0.1339986687103717,G1,-0.6466609558991735
100250,2024-06-30,-0.060464995931856086,0.008076024401207875,0.14451162184143315,G5,-11.047714123020432
100700,2024-06-30,-0.09937305362636918,0.01995884088406603,0.19910845891263185,G5,-6.4196947745540776
100840,2024-06-30,0.8835335349495335,0.0510163433703087,0.12380374971545113,G5,16.754962539000477
101000,2024-06-30,-0.09900255555227656,0.04056935940148333,-0.6667567958342775,G1,-3.149154197658618
101160,2024-06-30,-0.24752537807770938,0.029018379998022502,0.247810459810544,G5,-9.5209309065414
101170,2024-06-30,-0.28866582559433374,0.03455999271728511,0.05686149117814338,G4,-9.184678975317068
101330,2024-06-30,-0.27136609961898045,0.02281573691780441,0.03927699464467687,G3,-13.154197631372735
101360,2024-06-30,-0.5843270989630993,0.04363189245390353,-0.029375649173510116,G2,-14.05127482182991
101390,2024-06-30,-0.8680703943681826,0.05256355429127573,-0.11857834210396631,G1,-17.061764931300694
101490,2024-06-30,-0.2604327744410957,0.03397230556876669,0.18481370978719186,G5,-8.512504008859358
101530,2024-06-30,-0.1705658449240251,0.026822966032900207,0.054755431156771076,G3,-7.431037178467446
101730,2024-06-30,-0.16676533181181716,0.0361856503381982,-0.0650673337788663,G2,-5.40330055941116
102120,2024-06-30,-0.6323947542168752,0.04095722367100162,-0.04344348913643659,G2,-16.14248496018559
102260,2024-06-30,-0.1477705314871403,0.015277894728905655,0.08541417131651526,G4,-11.55441554760671
102280,2024-06-30,,,-0.12372281566607367,G1,
102370,2024-06-30,0.16623504058986321,0.05549404896169027,-0.30622809186598166,G1,2.4773544237427005
102460,2024-06-30,-0.012636575955207653,0.027674711899187535,0.018487241863081646,G3,-1.4957044181424217
102710,2024-06-30,-0.47008768580286564,0.03213553771810332,0.06602220751627322,G4,-15.523135261715915
102940,2024-06-30,0.18799636531682334,0.03764290992282561,-1.4811220839097565,G1,4.230272121365384
103140,2024-06-30,-0.17139435550198567,0.03252287006477743,0.09019047296318668,G4,-6.154160687742525
103160,2024-06-30,,,0.0039830451536135925,G2,
104830,2024-06-30,-0.6255291700217875,0.026039335509355672,0.1817611624876402,G5,-25.126823328112003
105330,2024-06-30,-0.5875886505801265,0.042077886562703316,-0.027384564705088835,G2,-14.647723871893888
105550,2024-06-30,0.1763781950012436,0.04352715196323069,-0.14287896867409192,G1,3.391482682412125
105740,2024-06-30,-0.21473170905992234,0.0337210887157728,0.02344795990763032,G3,-7.220654232591791
105760,2024-06-30,-0.4449101892694792,0.03166867251279814,0.1133236636824303,G4,-14.95695160513229
106080,2024-06-30,-0.2429878236186351,0.07132163969901588,0.11401431550705823,G4,-3.810126038445672
106520,2024-06-30,,,-2.259469765267804,G1,
108230,2024-06-30,-0.510004210740744,0.02504445521472744,0.0533541123099269,G3,-21.51217980286313
108380,2024-06-30,-0.03360347190553338,0.025880676664527393,0.08412782139354223,G4,-2.4095229663848485
108490,2024-06-30,0.057051102849677904,0.034350443102596814,-0.05007531212700835,G2,0.8237008722694792
108860,2024-06-30,-0.1309175350093516,0.042691608410297635,0.04675505214386847,G3,-3.7401764388446517
109070,2024-06-30,,,0.04576499664133933,G3,
109670,2024-06-30,-0.6450549548762164,0.044889832193010175,0.0017652868682525693,G2,-15.01033830739875
109740,2024-06-30,-0.30208006029775886,0.016338076914097964,-0.23250761239918852,G1,-20.249425617252967
109860,2024-06-30,-0.13087745873040932,0.01081979135775197,0.11577765497486826,G5,-14.753895556337449
109960,2024-06-30,-0.11605032654251488,0.042977594843999004,-5.563005573286615,G1,-3.36935884782208
110790,2024-06-30,-0.23828247096901464,0.02393641103963591,0.015598912583259633,G3,-11.156187259236768
110990,2024-06-30,-0.5889927963685427,0.038954639354887535,0.250992684031334,G5,-15.858172980216828
111110,2024-06-30,0.13550979251695208,0.025220225654380653,0.02828960254444668,G3,4.232839986314067
111380,2024-06-30,-0.1669543912655905,0.02942729967842718,0.09806967349202934,G4,-6.65066133513738
111770,2024-06-30,0.22987252531763253,0.023542548516179537,0.1840416122931103,G5,8.542656810335997
111870,2024-06-30,,,4.403865016488211,G5,
112040,2024-06-30,-0.11208581297839239,0.03660558616423798,0.0025870535037615357,G2,-3.8475664683991577
112240,2024-06-30,,,-0.003943571319543175,G2,
112610,2024-06-30,-0.06783226889460485,0.04050952582074204,0.1261482726453498,G5,-2.3843498495944964
113810,2024-06-30,0.7688535959521342,0.07146385201254979,0.07864122885598958,G4,10.3562425227084
114090,2024-06-30,-0.12080007293409596,0.018691676679763434,0.11460058097588834,G4,-8.0012450675032
114190,2024-06-30,-0.47691823701187264,0.039494832864173234,-0.007109941683233359,G2,-12.803569815174708
114810,2024-06-30,-0.49503994024634823,0.031784322170948995,0.3417701693224741,G5,-16.47971444325235
114840,2024-06-30,-0.4999820007822167,0.04474174066173318,0.1350410198931695,G5,-11.817569139362147
115160,2024-06-30,-0.4397783014837509,0.033964777752954055,-0.24230769460422577,G1,-13.794729286760203
115180,2024-06-30,0.29794542964264625,0.04152255219791964,-3.811728116705477,G1,6.482954502804077
115310,2024-06-30,0.0055227986782517766,0.014447441852066518,0.4115176169305652,G5,-1.6081611168866357
115390,2024-06-30,-0.0102187523341361,0.0014952872138666712,-0.04576889885586362,G2,-26.06547081786066
115440,2024-06-30,0.3804119356217982,0.03788711313491161,0.24674600069345326,G5,9.281660533658732
115450,2024-06-30,0.6510190770442307,0.049018466155643904,-1.9299750936509275,G1,12.694449927608732
115480,2024-06-30,-0.016957505205161007,0.019804522713472574,0.06496622377657583,G4,-2.3082665898980994
115530,2024-06-30,0.21283640245271654,0.05151628993004312,0.12253665667476411,G5,3.5732345982108398
115570,2024-06-30,0.2517118092875412,0.06120965241479757,0.08221804367474808,G4,3.6424842747582002
115960,2024-06-30,,,0.024368576809919367,G3,
117580,2024-06-30,-0.08336636625680267,0.029417943674152302,-0.02843732372466725,G2,-3.8113805778526895
117670,2024-06-30,,,-0.08095521826678076,G2,
118000,2024-06-30,-0.5110767767498583,0.01869403459708158,-0.3371898265844363,G1,-28.877307723468117
118990,2024-06-30,-0.2470300206963505,0.032344239164781054,0.06501218746834482,G4,-8.526607541904228
119610,2024-06-30,,,-0.08188323138753918,G2,
119650,2024-06-30,-0.3434801754982094,0.07487443553290571,-0.9752036507026842,G1,-4.971480395840114
119850,2024-06-30,0.20036254099219136,0.04984059326995918,0.45690361470559243,G5,3.443095614040353
119860,2024-06-30,0.00010031962654099896,0.0018910121684071746,0.021218228008906374,G3,-15.15394440894708
121440,2024-06-30,-0.09492845968939059,0.02066603746384032,0.12100683252417209,G5,-5.984943790459591
121600,2024-06-30,-0.6028033567880501,0.039895820005656744,0.10394765968353151,G4,-15.830229071660348
121800,2024-06-30,,,-1.971073698818292,G1,
121850,2024-06-30,0.4569814115037907,0.06545117661542718,-0.038071625788856645,G2,6.542660052036866
122310,2024-06-30,-0.1436561091457111,0.014220168471279103,0.03778409912697467,G3,-12.124520352706368
122350,2024-06-30,-0.3627700498022851,0.02756604950597422,0.010552944482874553,G2,-14.203219892667526
122450,2024-06-30,-0.37307208771492933,0.016975052190320073,0.1845870559412443,G5,-23.671721071190323
122640,2024-06-30,-0.47430507426009466,0.05373726037173819,-0.17975263429608043,G1,-9.361506032933036
122690,2024-06-30,-0.5139097614838515,0.024332137878434273,0.01386256656562792,G3,-22.302453532784142
122900,2024-06-30,-0.07785774485868412,0.008861416920307792,0.010617976225525683,G2,-12.031299138807112
122990,2024-06-30,-0.4302448986789808,0.019262628793356922,0.0712381798214813,G4,-23.828601823054488
123010,2024-06-30,0.3622002874399065,0.06370900407021476,0.13093213822800479,G5,5.233854765162972
123040,2024-06-30,-0.5374950749332174,0.02828332483558648,-0.036949404340727285,G2,-20.02069032294171
123330,2024-06-30,2.2869253210846927,0.07109801188510033,0.0878459131402312,G4,31.761348148958586
123410,2024-06-30,-0.22082061178184875,0.03683183797830427,0.05870524623919281,G4,-6.776127350258425
123420,2024-06-30,-0.20197375085215405,0.032340973818060455,0.005739502293024902,G2,-7.134304769342815
123570,2024-06-30,-0.2103548435544366,0.027852806079510326,0.16497341533618837,G5,-8.58482465914135
123690,2024-06-30,-0.3011626038609922,0.027343303676512446,0.0020107543019747967,G2,-12.065814016746428
123700,2024-06-30,-0.19645465355785094,0.0157798762170143,0.11488736188589746,G4,-14.27205532944851
123750,2024-06-30,-0.2090485106838332,0.020849107906837677,0.06514941145106246,G4,-11.406009535260182
124500,2024-06-30,0.30250683809757023,0.04175064988136116,0.009807148309874496,G2,6.556789558299915
124560,2024-06-30,-0.2957126207852009,0.03015151858690394,0.018041170640005724,G3,-10.761289941441197
125210,2024-06-30,-0.463839914605864,0.037790494050209594,0.0060279441529081535,G2,-13.034932193651956
126340,2024-06-30,-0.4788389942081773,0.03559661719203157,0.07090081232899803,G4,-14.259658561741936
126560,2024-06-30,0.09649332127603732,0.025730446492730985,0.09546722720241263,G4,2.632550833968139
126600,2024-06-30,-0.3626731854714322,0.022929191190406966,0.02996895342119797,G3,-17.071243164408823
126730,2024-06-30,-0.33140957984724595,0.04306456507936196,0.15114376959513592,G5,-8.363400212837071
127120,2024-06-30,0.8641704415527655,0.03631191817601465,-0.9767836326996535,G1,23.006601430418538
127710,2024-06-30,0.32752378606678545,0.022808585714924987,-0.5079361793109048,G1,13.098890781643638
127980,2024-06-30,-0.2213095098367771,0.02831320336845238,0.06309105262959532,G4,-8.83213811894686
128540,2024-06-30,-0.5878922430337209,0.05688384434844442,-0.06067703069623594,G2,-10.840491935805847
128660,2024-06-30,-0.14671987165455572,0.03091031573160754,0.04913809620114989,G3,-5.676955424248447
129260,2024-06-30,0.04080139993006289,0.030458440280805972,0.03782159448933028,G3,0.3954498955229619
129920,2024-06-30,-0.2777933752981762,0.04013386919669051,0.05782502613399078,G4,-7.638186756902086
130500,2024-06-30,0.14689056499391462,0.05000340117983944,0.10123610693910877,G4,2.3625183348191627
130580,2024-06-30,-0.1486030169174453,0.011654196157141083,0.2698932621067431,G5,-15.218521074230791
130660,2024-06-30,-0.1283378621079,0.054877543973118,0.10502382552247413,G4,-2.862636766107448
130740,2024-06-30,0.026764324957089053,0.04021468332424099,0.10816868621999372,G4,-0.04954130634508343
131180,2024-06-30,-0.16925148649236657,0.022064412829940427,0.14024592446534653,G5,-8.974093302265636
131220,2024-06-30,-0.1353733011045973,0.019011622711236475,0.0516149986522394,G3,-8.633135450916406
131370,2024-06-30,-0.2507817936293746,0.027240861883504625,0.1607122963426907,G5,-10.26173135519884
131400,2024-06-30,-0.19412558599148946,0.04594562978023443,-0.11381388106224974,G1,-4.850998886309705
131970,2024-06-30,-0.3223646782610383,0.03633051105377642,0.2359793695030277,G5,-9.664639471890016
133750,2024-06-30,-0.006354410159007874,0.03747363410384878,0.08829315175956781,G4,-0.936952710936235
133820,2024-06-30,-0.1189911712383718,0.029616084033038843,-0.12088766973019807,G1,-4.988768399521505
136410,2024-06-30,0.05594134264758124,0.024154621614303866,0.06618663031082116,G4,1.125446309134365
136480,2024-06-30,-0.17933657312275308,0.012721065857847139,-0.051618373203074164,G2,-16.358156490292373
136490,2024-06-30,-0.2232250612804926,0.019593787868376168,0.01957286517866641,G3,-12.86028387550372
136540,2024-06-30,-0.15305262170475822,0.02134761938923612,0.16420906591527903,G5,-8.516604652397715
137080,2024-06-30,-0.19825437110941968,0.030345812016914147,-0.5629247737684612,G1,-7.480801103167518
137400,2024-06-30,-0.506353202263748,0.033004724248807606,0.08925064883379967,G4,-16.21312788839029
137940,2024-06-30,0.68286160955188,0.05585429225033819,-0.009753333360852575,G2,11.710917286660163
137950,2024-06-30,-0.28255611115794044,0.030580143312733,-0.024113372773161786,G2,-10.180224496578518
138070,2024-06-30,-0.060111009886661106,0.04285541527322358,0.04055602567452956,G3,-2.0736614549949803
138080,2024-06-30,0.03120453774645231,0.02657481180514898,-1.2078647199765065,G1,0.09211447520965027
138580,2024-06-30,0.14400476837030216,0.021784362526291685,0.134741907054707,G5,5.290407526407194
139050,2024-06-30,,,-0.8646221138082093,G1,
139670,2024-06-30,-0.21809100153555203,0.043166183145314584,0.331670216999863,G5,-5.718541609476805
139990,2024-06-30,-0.3435639101823325,0.025061055239633565,-0.030165248972544877,G2,-14.856538143563114
140070,2024-06-30,-0.2129303067268937,0.031857597158425954,0.06330080086911223,G4,-7.58647673357864
140410,2024-06-30,-0.11977908679253076,0.03264580436604735,-0.7132215040177753,G1,-4.54991698260124
140520,2024-06-30,-0.13643741828646513,0.019675701930379406,-0.009912687481440677,G2,-8.395839283102287
140670,2024-06-30,0.031063402996488576,0.04407395245626538,-0.19439089148280464,G1,0.05233907931338384
140860,2024-06-30,0.19309970695790546,0.03396073165788594,0.29947236534481875,G5,4.839209464337849
142210,2024-06-30,-0.24728059903568383,0.03157976582457066,0.04017335827617362,G3,-8.740951832015762
142760,2024-06-30,-0.41152076014888656,0.03051924826931702,0.235140723339395,G5,-14.426219452290761
143160,2024-06-30,0.07510363735687353,0.02135089700504322,0.09216942356168656,G4,2.170729615842382
143210,2024-06-30,-0.12033735720508494,0.03374347017451614,-0.16984597837864313,G1,-4.4184539804951655
143540,2024-06-30,-0.29679566689893666,0.024053043349095835,0.006281519027103647,G2,-13.534764606591876
144510,2024-06-30,-0.11019628207406315,0.03215195979536236,-0.14104039633412493,G1,-4.321755061330093
145210,2024-06-30,-0.0793271221316957,0.0546553826684871,0.2952127065342832,G5,-1.977549689671093
145270,2024-06-30,-0.0684731906712339,0.00839418791860562,0.15381878513558114,G5,-11.582991054912052
145720,2024-06-30,-0.5886974209377636,0.029053296313781788,0.18327364051295533,G5,-21.25246055292158
145990,2024-06-30,-0.08200528261929363,0.016971081491797137,0.06019246630950403,G4,-6.5265077877361835
146060,2024-06-30,-0.29853714330583087,0.018450489302922105,0.02510252769102316,G3,-17.739028533905675
146320,2024-06-30,-0.7266253863842796,0.038557527377571676,-0.0077350581682885,G2,-19.591038395446997
148250,2024-06-30,-0.10432446262212179,0.03807717424531648,-0.16642200929590695,G1,-3.4950354947023587
148930,2024-06-30,-0.43010099205727265,0.028654217617855596,0.08872722724310522,G4,-16.01361485698237
149980,2024-06-30,-0.394270632686912,0.03646099837441126,0.1703791638762545,G5,-11.60218492225992
150840,2024-06-30,,,-1.7062324770435366,G1,
150900,2024-06-30,-0.16075373421144046,0.03412463617589734,0.05251186842617542,G3,-5.553475973716602
151860,2024-06-30,-0.4048799888947069,0.031240983622873277,0.0419098509921598,G3,-13.880376080106613
153490,2024-06-30,-0.26153621423200246,0.029426538409429746,0.14080119860169546,G5,-9.865000874251788
154030,2024-06-30,-0.2183636922137009,0.022665798449080267,0.17530492921108543,G5,-10.902784019371456
155650,2024-06-30,-0.238023084483394,0.02591780706161114,0.049962069358450815,G3,-10.293297451919369
156100,2024-06-30,-0.24862882240536696,0.03838985767310438,0.325373492095629,G5,-7.225487462615074
158430,2024-06-30,0.4851228548362265,0.046165508539795695,0.1805513181997487,G5,9.885437339861705
159580,2024-06-30,0.10468033814167638,0.03695586261589583,0.03894149407798333,G3,2.0544433241234503
159910,2024-06-30,-0.6563171500444579,0.03401213511809388,-0.3323999363584366,G1,-20.14203932123144
160190,2024-06-30,0.0899579543517743,0.06694653756086345,0.005029821534088643,G2,0.9141823263512054
160550,2024-06-30,-0.30125201234004545,0.03270759905558354,-0.28290067781384104,G1,-10.08966218163712
160600,2024-06-30,,,0.10444034314149989,G4,
160980,2024-06-30,-0.7710001064949359,0.02966851329555738,0.09381252295087927,G4,-26.956413738396485
161000,2024-06-30,-0.5543462758670323,0.04098373643321931,0.0068517618772821,G2,-14.227665398941639
161890,2024-06-30,-0.18992724758634769,0.03288625692034188,0.06840362971432357,G4,-6.64970358345361
162300,2024-06-30,-0.14389443033076207,0.03249777448975964,-0.0073988682877271445,G2,-5.312703591084117
163730,2024-06-30,0.3574839399082023,0.05944634934312772,0.012657654411054852,G3,5.529815213841705
164060,2024-06-30,0.06567726929276466,0.026232814411354628,-0.00250292806759064,G2,1.4074226200280708
166090,2024-06-30,-0.9853052614404032,0.030486497669526172,0.09174053829157292,G4,-33.262655662715545
166480,2024-06-30,-0.8596093878362481,0.06566526945441258,-2.0038242585786823,G1,-13.528704109806672
168330,2024-06-30,-0.3926438719980936,0.021893720203983676,-0.1568902922715252,G1,-19.24755048366076
168360,2024-06-30,-0.10337929053148227,0.05617969989156625,-0.13668597055560316,G1,-2.3520222373872888
170030,2024-06-30,-0.3361954183138318,0.02665099958566832,0.05618753774107002,G4,-13.693746459450324
170900,2024-06-30,-0.030719461290303153,0.024457064478263058,-0.038310049830363284,G2,-2.4318566214841555
170920,2024-06-30,-0.40466225893492846,0.032521700637486745,0.006221422938534369,G2,-13.32706664603406
171010,2024-06-30,-0.40122127931998897,0.03384420709223747,-0.006082916604809108,G2,-12.704623011299171
171090,2024-06-30,-0.09237178683545272,0.04291119645764798,0.0024812715432267762,G2,-2.822769107783524
172670,2024-06-30,-0.47571530435236103,0.047883607463050676,-0.0886333797493338,G2,-10.535378263738002
174880,2024-06-30,,,-0.029570305822136347,G2,
175140,2024-06-30,-0.36321386955780655,0.045432808148476264,-0.17127947018077322,G1,-8.627476452260156
177350,2024-06-30,-0.5788716689933218,0.04697557374387723,-0.1611375275585008,G1,-12.934983725999633
177830,2024-06-30,-0.1820075865623185,0.020060711833551105,0.07222623063060932,G4,-10.506317084573526
178780,2024-06-30,,,0.07603410416297901,G4,
179530,2024-06-30,-0.14926211704868242,0.052230042353542866,-0.9351519324793325,G1,-3.408358904764182
180640,2024-06-30,0.2115731717032951,0.0306704773352684,1.9547246458810654,G5,5.960668847818877
182360,2024-06-30,0.14919886098315685,0.03481927264937331,0.04150433370271726,G3,3.4590684674195464
183190,2024-06-30,-0.016887403259802047,0.016892741105936377,0.11690696015790353,G5,-2.7019899184382696
183300,2024-06-30,-0.7256088250945981,0.030584254475992098,0.16501283405670486,G5,-24.66515698755981
184230,2024-06-30,-0.13834379334291336,0.03521495321524821,-0.01108921909510349,G2,-4.7451548558009735
185490,2024-06-30,-0.0030023816843672236,0.036939037116447325,-5.813924524307226,G1,-0.8597677976140893
185750,2024-06-30,-0.008387978331302687,0.026130807320609354,0.13870844918485045,G5,-1.4214865533539243
186230,2024-06-30,-0.2884199390028141,0.034763066097773423,-0.07276808365981292,G2,-9.123952156980625
187220,2024-06-30,-0.10422985821957773,0.04707422453940635,-0.10465398523446331,G1,-2.8250379570560757
187270,2024-06-30,-0.39008706340269417,0.02081686194684064,0.18852061603548445,G5,-20.120404188465475
187660,2024-06-30,0.22223339987419527,0.04705699236088326,-4.846453422877344,G1,4.111541712806099
187790,2024-06-30,,,0.26476353007257925,G5,
187870,2024-06-30,-0.3299682166475773,0.02095606670047489,-0.12778037386075233,G1,-17.11794654397974
189330,2024-06-30,-0.42722008368696596,0.0464529084446362,-5.376630369734963,G1,-9.815891229580098
189690,2024-06-30,-0.23835507043134804,0.020849771296895633,0.41874334985641803,G5,-12.811252436823837
189980,2024-06-30,-0.41752060211014846,0.025693272632257402,0.06631003857002772,G4,-17.369418890339485
190510,2024-06-30,0.03393622030880103,0.030673657612657602,0.03966627020960709,G3,0.1688617468116307
191410,2024-06-30,-0.5128677736737368,0.02764657757775305,-0.04005388725206854,G2,-19.59101031777629
191420,2024-06-30,-0.3455428955283202,0.037303143899898646,2.582995438623739,G5,-10.033993634315712
192080,2024-06-30,0.17601930279332234,0.017857226544325734,0.39326650326675583,G5,8.246671985963596
192390,2024-06-30,0.3187358974911549,0.05447181375907304,0.1604308061274245,G5,5.323474005666444
192410,2024-06-30,0.1356574368876844,0.07336398990942243,-0.6304622244950124,G1,1.4571293643712921
192440,2024-06-30,-0.37848133973589754,0.01683696347591149,0.028172018588468146,G3,-24.18713761669409
192820,2024-06-30,-0.16841537589228195,0.03982238239710418,0.06400702370232103,G4,-4.951285606906476
194370,2024-06-30,-0.18739120384709004,0.02648876302415501,0.16597291709775092,G5,-8.159981519454547
194700,2024-06-30,-0.27448599126656203,0.032566710595749844,0.08707095634597063,G4,-9.311428714245487
195990,2024-06-30,0.05594695625724004,0.03963621300291675,-0.6122235705189573,G1,0.6859975081881149
196170,2024-06-30,0.2369265798457517,0.04768317138843098,-0.2599674864916287,G1,4.3656904706852755
196450,2024-06-30,-0.38259162961663146,0.05114783559687778,-0.07125116566809767,G2,-8.04233918639105
196700,2024-06-30,-0.18297537097409505,0.03857594028097472,0.07523770448314043,G4,-5.488705714886877
197140,2024-06-30,-0.38668507575045286,0.04087013606357208,-0.13599674170077464,G1,-10.164920616057492
198080,2024-06-30,-0.0016646087694183326,0.0413310404455911,0.11396009253733368,G4,-0.7360381288414733
199800,2024-06-30,-0.45972492566061124,0.04257246696167907,-38.83179975587648,G1,-11.474118683409536
200130,2024-06-30,-0.40124832347039074,0.02441524889367814,0.029792257954886804,G3,-17.612146337158908
200230,2024-06-30,-0.18258826208100715,0.022829979998814132,-1.1207713921751163,G1,-9.25733947183532
200350,2024-06-30,0.4714133147779609,0.07424894269068756,-0.09710096701398802,G2,5.961791317605576
201490,2024-06-30,-0.23999553850362787,0.024037574274756203,0.2012224445183652,G5,-11.180502172762582
203400,2024-06-30,-0.07180361979308741,0.0334663239999511,-112.3716569554335,G1,-3.0048185960447924
203450,2024-06-30,0.07420121157170086,0.034761681332484425,0.048566192403940986,G3,1.3073187753438027
203650,2024-06-30,0.3186362235819512,0.034277028391795535,-0.0020665523503669656,G2,8.456964453432908
203690,2024-06-30,0.09007106865772589,0.05023864031266895,-0.04846762128570685,G2,1.2204640765135935
204020,2024-06-30,-0.05543567847726122,0.013580968749318112,0.06959704242805421,G4,-6.199284670669331
204210,2024-06-30,-0.11440027165232333,0.03525523624704238,-0.21364215038777512,G1,-4.060585030615382
204270,2024-06-30,-0.33785520010159387,0.0486751040208891,-0.23090741158635433,G1,-7.531813652570457
204320,2024-06-30,-0.014656876342160056,0.031950884509524005,0.005530518701569149,G2,-1.3587570394943227
204630,2024-06-30,,,3.292427444567132,G5,
205100,2024-06-30,-0.0892155345849076,0.026093495085167326,0.055202546917042884,G4,-4.521132454777738
205470,2024-06-30,0.23670901465796573,0.06205591460055636,1.0484464954788362,G5,3.3510488580064464
205500,2024-06-30,0.8197517275190005,0.05337798921622741,-8.473588076397633,G1,14.818750691629738
206400,2024-06-30,-0.09781304221470674,0.0351015927169411,-0.6653189787566448,G1,-3.6058094610859683
206640,2024-06-30,0.09195821555391102,0.03451166133843003,0.27031538962762186,G5,1.8313115103591915
207760,2024-06-30,-0.6721207728271081,0.03680192224197868,-0.07257969808076106,G2,-19.044586343124962
207940,2024-06-30,0.29622873417329326,0.02205492989838398,0.27486470547603137,G5,12.127543479050724
208140,2024-06-30,-0.086468654452646,0.01882676721294709,0.11692162396876155,G5,-6.120289588359697
208350,2024-06-30,-0.1567711828209692,0.025790607729248453,-0.04660529930443839,G2,-7.193618609994706
208370,2024-06-30,0.14877642872164698,0.05225986599421349,0.027291869809606826,G3,2.2965963179413906
208710,2024-06-30,-0.14142501290384887,0.027424959015869645,-0.12502198199528186,G1,-6.2053557020303245
210980,2024-06-30,-0.387737653371329,0.022567408030374794,0.13577292972899913,G5,-18.45556502164408
213420,2024-06-30,-0.3005726533201151,0.0346776961037906,0.1887647204428465,G5,-9.496861188172824
213500,2024-06-30,-0.25854870931456575,0.011219350065335391,-0.016945710437045996,G2,-25.608018338378038
214150,2024-06-30,0.006555948625784567,0.033987436395649294,0.4524978218872796,G5,-0.6532020838230422
214180,2024-06-30,-0.07505495785312744,0.013831893841284927,0.131876445956924,G5,-7.505231889974478
214260,2024-06-30,0.7314995049935871,0.0763399499437621,0.32192062410613287,G5,9.205440828924512
214270,2024-06-30,0.061721233175274684,0.039473149773923466,-0.04017616461691392,G2,0.8351150202314434
214310,2024-06-30,-1.5554959249247875,0.09214121057224403,-0.11907341254827912,G1,-17.193745643116635
214320,2024-06-30,-0.09106504853478707,0.012679126687902898,0.05129926436622938,G3,-9.450308715057972
214330,2024-06-30,0.11960932404140928,0.02797093934244196,-0.12788394047092955,G1,3.248110834816595
214370,2024-06-30,0.39414654629237594,0.04329576395926093,0.29456791341437966,G5,8.439392217052992
214420,2024-06-30,-0.5577698002661992,0.03836065201181213,0.08347941936520344,G4,-15.289792597602876
214450,2024-06-30,0.6541176313831083,0.03787915108994374,0.3455585866750273,G5,16.509372583217818
214610,2024-06-30,0.40967340677191405,0.08181851200398421,-3.1975262485194382,G1,4.655630914555611
214680,2024-06-30,-0.4038173090253024,0.0400857068612111,-0.21444649546126637,G1,-10.791225995495864
214870,2024-06-30,,,-1.9692210551704172,G1,
215000,2024-06-30,-0.14482237670744047,0.01838733974500417,0.10299205353991699,G4,-9.440136094609748
215200,2024-06-30,-0.21755677958521694,0.02326236539107341,0.10717020748537608,G4,-10.588492973417134
215360,2024-06-30,-0.38786187752241674,0.018221979107901402,0.04303652462140606,G3,-22.863514877206104
215480,2024-06-30,-0.13266590968219447,0.02521894433925241,0.03689349472372989,G3,-6.400843763082173
215790,2024-06-30,-0.10269889904261083,0.035129110975847894,-0.9066081631589121,G1,-3.7420677123373673
216050,2024-06-30,-0.020124812720620895,0.023761189638826008,0.09349648923956207,G4,-2.0571960565465113
216080,2024-06-30,0.05498648942669285,0.030678994084058685,-0.02354159095757887,G2,0.8549783754838473
217190,2024-06-30,-0.39456912506954783,0.043020845719381674,0.14536553345890324,G5,-9.84001432082628
217270,2024-06-30,-0.03730816483330619,0.032856969427704844,0.4083968029390931,G5,-2.010677761437927
217330,2024-06-30,-0.4234954134727945,0.05429061851204119,-2.475200062965108,G1,-8.330205821392783
217480,2024-06-30,,,-0.3676265685438113,G1,
217730,2024-06-30,-0.13375748895182912,0.055621023390166835,2.0419098084355713,G5,-2.921810710224824
217820,2024-06-30,-0.593195313389879,0.030794914072776403,-0.8991583351572577,G1,-20.19657937097244
218150,2024-06-30,-0.30375163826545054,0.03716200847895475,-0.016009158715821845,G2,-8.94753176101823
218410,2024-06-30,-0.011795632707207864,0.03446184062201167,0.0950355066349712,G4,-1.1767289523279811
219420,2024-06-30,-0.04712314070325275,0.04294562020835477,0.1891290059576701,G5,-1.7668799108812654
219750,2024-06-30,,,-0.1602413539548492,G1,
220100,2024-06-30,0.3165000147929072,0.0569466923845491,-1.0116932003654928,G1,5.052855395825457
220180,2024-06-30,-0.38173555460556846,0.023461272889535784,-0.1778355972324591,G1,-17.49658551953003
221840,2024-06-30,-0.41190654347755806,0.02293751155190313,-0.03554848561941096,G2,-19.21146308236832
222040,2024-06-30,-0.184576259192828,0.03003310771169277,-0.0062096001220728805,G2,-7.103256650759357
222800,2024-06-30,-1.1141105947835055,0.03166479111626904,-0.051091415621785534,G2,-36.09268109460346
222980,2024-06-30,-0.22667530053207982,0.026671526589939508,0.03674497069993204,G3,-9.576951381990053
223250,2024-06-30,-0.026622633065810822,0.050564782683472996,0.05436835414444495,G3,-1.0952137640084671
223310,2024-06-30,0.04168539174825189,0.059057855877814314,-0.3767111174246592,G1,0.2189171728783152
224060,2024-06-30,-0.23544518074103846,0.03178385115444155,-0.20291015130646967,G1,-8.312453779136959
224110,2024-06-30,0.46720577949310216,0.0613465168597615,0.11831001715888693,G5,7.147091457403747
225190,2024-06-30,0.6483669574505841,0.06755927866188147,0.08214813878752465,G4,9.17135820304365
225220,2024-06-30,-0.5033832782634666,0.03723569398148726,-1.1199482423479683,G1,-14.291123227923732
225530,2024-06-30,-0.027206072437519834,0.03080759260067825,0.2834255114512454,G5,-1.8165225068418223
225570,2024-06-30,0.0041783175645995815,0.048153559003641475,-0.2518567113234914,G1,-0.5104149277266826
225590,2024-06-30,-0.029267561222046472,0.019604165934989794,0.06727678523364225,G4,-2.9597879510757403
226320,2024-06-30,-0.284647346497411,0.02312756355100849,0.1900962746980322,G5,-13.551101425336725
226330,2024-06-30,-0.10687656756159561,0.04954119018291921,752.3415721447874,G5,-2.7377860718329075
226340,2024-06-30,-0.9090564191225273,0.0347572177485159,-0.23360718105336437,G1,-26.981821123061465
226350,2024-06-30,,,-1.39050998337249,G1,
226360,2024-06-30,,,-0.24204186994084928,G1,
227100,2024-06-30,-0.11902832215007392,0.09848379546083864,-6.956312730721043,G1,-1.5006015391848428
227610,2024-06-30,-0.3863254822880836,0.029971242864184285,-0.35173024278406256,G1,-13.849345423286854
227950,2024-06-30,-0.17671041047746303,0.03975657318541442,-0.5923652481341253,G1,-5.168127102465384
228670,2024-06-30,-0.6625348109811661,0.036045458982247834,-0.7351195710242987,G1,-19.178322135524716
228760,2024-06-30,-0.019666808766949793,0.05146083709502322,-5.067937370647728,G1,-0.9409761753537161
228850,2024-06-30,-0.2603259801467863,0.01657364823735082,0.08348030135638836,G4,-17.442302920278458
229640,2024-06-30,0.061583388878002764,0.039141292941538175,0.05583920203874592,G4,0.8386737766636214
230240,2024-06-30,0.31318239991313995,0.04365622799479422,-0.2913225724103918,G1,6.515125105261739
230360,2024-06-30,-0.17339847850823004,0.030150552038245612,0.18257350840734388,G5,-6.704855392200598
230980,2024-06-30,,,-1.7707904412196387,G1,
232140,2024-06-30,-0.34266033092074977,0.0565280463129102,0.13636208589149781,G5,-6.570489660442222
234080,2024-06-30,-0.08313393058549279,0.012131458090642857,0.12237671216425651,G5,-9.223173558586591
234100,2024-06-30,-0.40718879023357757,0.026419988022130386,0.07938063461262629,G4,-16.500590491246207
236200,2024-06-30,-0.08705251204433177,0.021839336094523258,0.3143746905518163,G5,-5.30277680815579
237880,2024-06-30,-0.7356420997453216,0.031907926501638824,0.0968723306137459,G4,-23.956389413435783
238090,2024-06-30,-0.2766269615792518,0.02928350206349431,-0.6477386630561447,G1,-10.428519574616654
238120,2024-06-30,-0.13199366731885656,0.03872748831365218,0.19045268618169273,G5,-4.15080572538485
238200,2024-06-30,-0.4334040102049664,0.019064051009572723,-0.5769455101811766,G1,-24.24251922511775
239340,2024-06-30,-0.022063103697284793,0.05134110547092016,-0.3114213572434339,G1,-0.9898446115324709
240600,2024-06-30,-0.5047293586580773,0.04711044074690942,-0.23316536781772193,G1,-11.32415581563629
240810,2024-06-30,-0.37303618777922154,0.03358464272851741,0.04535958753889471,G3,-11.963587164834623
241520,2024-06-30,-0.11400435637723845,0.023955310436307962,0.09499186150852729,G4,-5.959470642638302
241560,2024-06-30,-0.14215534961888143,0.031159203957238316,0.07025657870566339,G4,-5.485119669830467
241590,2024-06-30,0.15686598801560675,0.028053041818773754,0.017679415833984333,G3,4.566683924687524
241690,2024-06-30,-0.008622942778756172,0.04146715339346139,0.15484521029589532,G5,-0.9014256495329154
241710,2024-06-30,-0.33359679300416045,0.038054086505996794,0.11343930865364948,G4,-9.52206291564204
241770,2024-06-30,-0.0632723746195226,0.019271511312581598,0.02538260401920794,G3,-4.775390265457093
241820,2024-06-30,-0.380557068968443,0.05975775473518087,-9.43552736184547,G1,-6.849549212241331
241840,2024-06-30,-0.06334775053873926,0.03128064325217013,-0.7385433762056225,G1,-2.944452347078099
242040,2024-06-30,-0.2508640732458683,0.03350944523955101,-0.07751771150195683,G2,-8.34453343378718
246960,2024-06-30,-0.1525658987828593,0.016548621889622066,-0.979439368643055,G1,-10.95695538247784
247540,2024-06-30,-0.41962152325546637,0.038225181335017656,0.008579252654427712,G2,-11.729915215547663
248070,2024-06-30,-0.04236462997031597,0.02769054309152444,0.038539016161957,G3,-2.5684307685287204
248170,2024-06-30,-0.34676736025277904,0.024524096645573153,-0.019734195972738927,G2,-15.31244875532615
249420,2024-06-30,-0.03912005494857603,0.0313468112729666,-0.027435686335258284,G2,-2.1653452167984457
250000,2024-06-30,-0.14146826727067008,0.02389121960036545,0.10383303090471326,G4,-7.124997510436513
250930,2024-06-30,-0.14260988332964683,0.05449033777009019,-0.03128683082203777,G2,-3.1448969348642186
251270,2024-06-30,0.016735231967638625,0.02981097668486041,0.20749513688472399,G5,-0.40325350835258816
251370,2024-06-30,-0.030608541291742584,0.02523201848774075,-0.12752290092727364,G1,-2.3527707156608018
251630,2024-06-30,-0.5518029968770445,0.03058716544832832,-0.07854117381408572,G2,-18.98049725336676
253450,2024-06-30,0.07209528338627685,0.02450742009959094,0.059453117398657995,G4,1.7683897491835314
253590,2024-06-30,-0.25468837097771224,0.05012748003317755,-0.03179444393915548,G2,-5.654483003999725
254120,2024-06-30,-0.570927893913162,0.02988350181022594,0.09756163827551032,G4,-20.067410794914927
254490,2024-06-30,-0.16329722522043,0.05888247676095981,0.012648752034909833,G3,-3.2616467358076737
255220,2024-06-30,1.1478137456064303,0.07828567191751767,-0.1186063406097282,G1,14.294533153937172
255440,2024-06-30,-0.27123831417878724,0.03506998741274793,-0.3522978382031118,G1,-8.554178350602001
256630,2024-06-30,-0.11606666323604772,0.022204315741693906,0.054754969983982806,G3,-6.522303043427419
256840,2024-06-30,-0.03750472480777284,0.04114947565032632,0.006526733832660995,G2,-1.610259588094488
256940,2024-06-30,-0.15946962082628607,0.027264585489205018,-0.04323731630117474,G2,-6.903689542760042
257720,2024-06-30,-0.1729469386680828,0.05521399276685616,0.1838821351869361,G5,-3.6531238090860754
258610,2024-06-30,-0.27006350441858595,0.04648133813304873,0.4339809725987919,G5,-6.42881916321913
258790,2024-06-30,-0.10989831079239137,0.04087005688520578,-0.5064835673735825,G1,-3.3925796600935914
259630,2024-06-30,-0.29529127268516325,0.03364584383934719,0.00849290589988111,G2,-9.631141579793896
259960,2024-06-30,0.14634269854745893,0.026362417925989538,0.4828783913587687,G5,4.460368012310064
260930,2024-06-30,-0.17643459038187043,0.03746001372198665,0.015251045586004056,G3,-5.477606196515139
261200,2024-06-30,-0.3878685570214364,0.02011947808359761,0.12599833028950128,G5,-20.70755355549285
262260,2024-06-30,-0.6322688190351847,0.02934504941954273,-0.05403730613594809,G2,-22.525960767276537
262840,2024-06-30,-0.06800756165001288,0.03562297931274959,-0.07070981942202405,G2,-2.7163414296065476
263020,2024-06-30,0.03149066815302452,0.03752999013183325,0.07383160671837624,G4,0.07284987926175021
263050,2024-06-30,0.21467278869969325,0.05444086420807686,-1.9746857998522724,G1,3.4150114716379703
263600,2024-06-30,-0.38286699769184657,0.03123882988981604,0.05312399471519768,G3,-13.176665452801194
263720,2024-06-30,-0.07612893536868638,0.035405448216333374,0.13978490841479876,G5,-2.962412666859729
263810,2024-06-30,-0.23863300752974695,0.02174523899449354,0.016632495939789424,G3,-12.296467309496244
263920,2024-06-30,-0.11347972440188266,0.01411166891739461,0.09733110637257669,G4,-10.0793420067971
264660,2024-06-30,-0.3033855590422582,0.027951210052392463,0.07945476008101822,G4,-11.882926403647936
264850,2024-06-30,-0.19049985589553223,0.040404618537828486,0.07446355465429863,G4,-5.426519955719443
265520,2024-06-30,-0.43397448656470794,0.03012756496131381,0.11619767482128104,G5,-15.359060716062427
265560,2024-06-30,-0.22989698107151513,0.028070367196017718,0.1649785426700788,G5,-9.214471337996445
267250,2024-06-30,0.08574752887690584,0.019985532743519947,0.030993544385775666,G3,2.8516085462950005
267260,2024-06-30,0.3320031076379989,0.045125018165136414,0.17581773825059657,G5,6.7201412224374755
267270,2024-06-30,0.14572401017475223,0.0385140865177573,0.03590397903304683,G3,3.037003025311206
267290,2024-06-30,-0.09354885093439688,0.008819524474426032,0.01176702758160867,G3,-13.86758029781217
267320,2024-06-30,-0.3636490175302855,0.030352607136200242,0.0007196836647681926,G2,-12.92823475336674
267790,2024-06-30,-0.2711968564154241,0.021573686399772033,0.08249602388638706,G4,-13.903672453578425
268280,2024-06-30,-0.00438672961586528,0.010149342090641252,0.11627586417371698,G5,-3.2655656123417773
268600,2024-06-30,,,-0.9996909025839136,G1,
269620,2024-06-30,,,-1.1230418320938136,G1,
270870,2024-06-30,-0.5429727894493759,0.04805573106978811,0.17919688937677086,G5,-11.8972157872766
271560,2024-06-30,0.12231678405526611,0.016886888240269234,0.1058761269573045,G4,5.540403289276974
271830,2024-06-30,-0.5458889527351111,0.029986297712109134,0.03769257841006597,G3,-19.16360502904906
271980,2024-06-30,-0.25280678142512886,0.02343139484042203,-0.15924207364437803,G1,-12.016501631504381
272110,2024-06-30,-0.3518116701182507,0.03225622092723349,0.22594809866567475,G5,-11.79829106081574
272290,2024-06-30,-0.6620779961833663,0.02765212866612771,0.1607645801324416,G5,-24.98305347222058
272550,2024-06-30,-0.1158277672655385,0.01244709692963251,0.11990069603732331,G5,-11.615911805471336
273060,2024-06-30,-0.4056772894401251,0.030917095140520275,-0.2027808768504592,G1,-14.051575685517014
274090,2024-06-30,0.016360749064796874,0.03647313516010821,0.017868899893039334,G3,-0.3398628547837768
276730,2024-06-30,-0.9119077173591599,0.05175943504239185,-0.37126003213609243,G1,-18.17377507099847
277070,2024-06-30,-0.28386461450405837,0.042574194009168786,0.20533627773494656,G5,-7.34297465126311
277410,2024-06-30,-0.22661960314572166,0.020078027001470926,0.009681172477752619,G2,-12.719188794309245
277880,2024-06-30,-0.3440554621099885,0.030397315461679716,0.13017995039318342,G5,-12.264638154747537
278470,2024-06-30,-0.34499775422540546,0.04156717769849166,0.15498446007673267,G5,-8.991574309895801
280360,2024-06-30,-0.45249621109146515,0.0265854465114734,0.038987351049334665,G3,-18.10211552350637
282330,2024-06-30,0.01606312124215827,0.0197313211700037,0.026549668781108253,G3,-0.6433168641725142
282690,2024-06-30,0.0952284952459723,0.012965345854804236,0.034729838352596375,G3,5.126888483126405
282720,2024-06-30,-0.19096494353548105,0.049659719478589444,0.021379112661153374,G3,-4.424542843691229
284620,2024-06-30,-0.32066567044658567,0.05885007932682634,-17.115521306774475,G1,-5.937498935375777
284740,2024-06-30,-0.11669684209159722,0.018485056708644882,0.1664693065459696,G5,-7.868704829387891
285130,2024-06-30,-0.06045666663974087,0.024282026729174382,0.012362337341184098,G3,-3.674045850372887
285490,2024-06-30,-0.10361668434656254,0.04185714308560672,0.331747449172232,G5,-3.162501964815346
286750,2024-06-30,0.1528908412557222,0.05003843648045045,-2.3453353922763167,G1,2.480777519917004
286940,2024-06-30,-0.2592073217867865,0.03184378459776845,0.008313462471970177,G2,-9.043018545923472
287410,2024-06-30,0.002668245137220894,0.0028183337327454773,0.2048497966374938,G5,-9.256663773665633
288620,2024-06-30,-0.4974823336239569,0.02830305277251012,0.07848899121339936,G4,-18.593010116502427
288980,2024-06-30,-0.4236148745510626,0.037351874677379764,0.21877371289698225,G5,-12.111078529834645
289010,2024-06-30,-0.2146691683956713,0.029248470050845014,-0.09786860336292626,G2,-8.322684259235785
289220,2024-06-30,-0.03020804565087922,0.047635749475086045,-0.33013022469995434,G1,-1.237823676626398
290090,2024-06-30,-0.2948042871355573,0.030883106073673238,0.1957883341727857,G5,-10.476954593456757
290120,2024-06-30,-0.29012372497482214,0.01742611752021196,0.03989857667944826,G3,-18.298989290539872
290270,2024-06-30,-0.15473811382487354,0.01974600909405766,0.16292467665017563,G5,-9.292750036427362
290520,2024-06-30,-0.047398682980331404,0.04026330799604082,0.09539432830916829,G4,-1.8914316700218898
290550,2024-06-30,-0.29246372285417666,0.03309136020253487,0.06303606902455677,G4,-9.707075617060802
290650,2024-06-30,0.039175531229676167,0.03114979174126022,0.06308486262345926,G4,0.33447794492474053
290660,2024-06-30,0.0004827985478173891,0.02438541284115441,0.610779835467741,G5,-1.1594560461035819
290670,2024-06-30,-0.2228435241793489,0.03850966162596297,-0.1054376260387679,G1,-6.533428923014673
290720,2024-06-30,0.303623756870056,0.05616413957199603,-0.131287617150449,G1,4.893997238477798
290740,2024-06-30,-0.33039177882179604,0.018692802891697374,0.024842742441840582,G3,-19.21319097012154
291650,2024-06-30,-0.3777495761481661,0.08228995480278167,-161.69652180812835,G1,-4.939924806443698
293780,2024-06-30,-0.3058142469961489,0.04971941480067544,-6.27721469997264,G1,-6.729179360631363
293940,2024-06-30,-0.0917337752208365,0.014023845893523556,0.16617676369867873,G5,-8.59182203219352
294090,2024-06-30,-0.7109776130958079,0.09818553540029842,-6.922589832899237,G1,-7.534044836473798
294570,2024-06-30,0.09372062946875048,0.03302404633125653,0.1719958532329965,G5,1.9671731293580972
294870,2024-06-30,0.07448900075357243,0.037026363602304706,0.04358738519186295,G3,1.2351304152239249
296640,2024-06-30,-0.06815100316875397,0.040360952767070156,0.0997894487114529,G4,-2.401023995425725
297090,2024-06-30,-0.374306438941252,0.04199440212189049,0.1220427353819269,G5,-9.598018580537724
297890,2024-06-30,-1.1811796752953037,0.0440998538977166,-0.4058430975362143,G1,-27.436287907093895
298000,2024-06-30,-0.38023192067454026,0.04490665054643059,-0.11937451194985552,G1,-9.107527027759467
298040,2024-06-30,0.24813380652644546,0.04452942924401072,0.02362605820387247,G3,4.92656648305741
298380,2024-06-30,0.41234018854943594,0.04602790429897233,-1.3514346399706996,G1,8.333718023628863
298540,2024-06-30,-0.2613239957059035,0.023075802611357506,0.05428267546827101,G3,-12.570770061378349
299170,2024-06-30,-0.28816426557923713,0.026819941549232035,0.02064928919937949,G3,-11.816613317396945
299900,2024-06-30,0.016589996249252233,0.058083609691683614,-1.1071015350280589,G1,-0.2094672958267532
299910,2024-06-30,,,-1.1365982322168444,G1,
300080,2024-06-30,-0.195112881869987,0.053906153425034097,-0.2943248238245118,G1,-4.1529487924702755
300120,2024-06-30,-0.3884860335596576,0.03754938467311452,-0.020460856748691737,G2,-11.111837120506276
300720,2024-06-30,0.11247352455178014,0.02282103381709909,0.14826317501085734,G5,3.6684101307377177
301300,2024-06-30,-0.24880672473328688,0.04136568501079266,-0.6920247291240363,G1,-6.7099901177532555
302430,2024-06-30,-0.3336110813354049,0.02964244283251946,0.16320203326919072,G5,-12.224623196071159
302440,2024-06-30,0.02677663361950751,0.034056929326466055,-0.42606379180590437,G1,-0.05813734012066727
303530,2024-06-30,-0.1802748322268667,0.032546604848660905,0.026843512344643203,G3,-6.422526899566694
306040,2024-06-30,-0.2074954398061587,0.024635241694248244,0.03307839387359762,G3,-9.590003444721383
307180,2024-06-30,-0.09020745239730452,0.03910538534755181,0.13893840894883502,G5,-3.042140212741262
307280,2024-06-30,-0.2838075315947393,0.020400649513627897,0.20295825710675716,G5,-15.321283976236552
307750,2024-06-30,-0.3066573491735394,0.029645867375904994,0.060123005282511986,G4,-11.314020865834966
307870,2024-06-30,-0.49191529250995847,0.0783918976126594,-0.6751931212962801,G1,-6.641909703294409
308170,2024-06-30,-0.3036044714946276,0.0289583853594466,0.0018428342279156046,G2,-11.477196683185683
309960,2024-06-30,-0.29513833945787904,0.025845669005075997,0.3500845795517036,G5,-12.53188502481762
310200,2024-06-30,-0.14443226155142985,0.02612336447797662,0.1289920890783211,G5,-6.62965425455297
311320,2024-06-30,-0.30812031441209975,0.04173660805935107,0.10361561237216904,G4,-8.071497492950877
311390,2024-06-30,-0.0004959423306933504,0.029118810712195825,0.535522730277948,G5,-1.0045930626441177
314130,2024-06-30,-0.26113323136897126,0.0503487952349089,0.07722355187347987,G4,-5.757632191985489
317120,2024-06-30,-0.29590102194389256,0.03272069813325339,-0.7829586623641582,G1,-9.922087649993486
317240,2024-06-30,-0.2576475890284918,0.01959213588883687,-0.10927375563453472,G1,-14.618324594966893
317330,2024-06-30,-0.4925685165934413,0.04195375479036755,-1.8929348496982457,G1,-12.426185262835203
317400,2024-06-30,-0.3426195009440251,0.02332684600538746,0.003996604594356517,G2,-15.920545527735708
317770,2024-06-30,-0.40610107690129427,0.04198492786936948,-1.032642857813576,G1,-10.357471403964821
317830,2024-06-30,-0.4771917149847243,0.03556136726878987,-0.07049640378007534,G2,-14.227471178589674
317850,2024-06-30,0.18342484160154388,0.04885744118032711,0.009929048428131046,G2,3.165704649317506
317870,2024-06-30,-0.16315076050000712,0.02205598506852798,-0.14175648513493475,G1,-8.70092053503738
318010,2024-06-30,-0.3521316640713847,0.04330468381705056,-0.10762900402584266,G1,-8.795544578589938
318160,2024-06-30,-0.16100261368937005,0.035423129470869785,0.11481291129218218,G4,-5.356930046190423
318410,2024-06-30,-0.40977502393647114,0.024112063039515838,0.0668093637328575,G4,-18.187230023453957
319400,2024-06-30,0.15074605372915134,0.022495795305411813,0.005714392456255955,G2,5.422766306758604
319660,2024-06-30,-0.7265972134740988,0.03207957473854236,0.20237154781365657,G5,-23.546254354481714
321370,2024-06-30,-0.39212386355145507,0.05356709027559905,-0.7056536991505945,G1,-7.857071838124478
321820,2024-06-30,0.2943527650685721,0.06474101871266376,0.11249179312827205,G4,4.102440113649216
322000,2024-06-30,-0.14938463962059026,0.0461663942584798,0.0917343616779067,G4,-3.8586780576023703
322180,2024-06-30,-0.0423492788170349,0.04517173054704507,-0.04599700656164149,G2,-1.5741237021283905
322310,2024-06-30,-0.1940891553232201,0.05230460749650784,-0.028239760072377208,G2,-4.260538007886291
322510,2024-06-30,-0.10637066640883308,0.059892746282359736,-14.42285198557966,G1,-2.256154337538835
322780,2024-06-30,-0.3465643507273263,0.05042993922889204,-0.3854223917613022,G1,-7.44242347640041
323280,2024-06-30,1.1244369090846653,0.07920993705971793,0.09088938657858438,G4,13.832611624920048
326030,2024-06-30,0.41383410555454603,0.029620191857320177,0.18327534795121103,G5,13.000506360871334
328130,2024-06-30,0.5050687485992377,0.05768333257959965,1.142364924356813,G5,8.257361605082869
331520,2024-06-30,-0.2621003732913581,0.02350174064371264,0.08372427486184794,G4,-12.375976341667107
331920,2024-06-30,0.11847737262873156,0.06620859612102109,8.304087934519707,G5,1.3551225215757086
332290,2024-06-30,-0.3426606151759368,0.025271889520277292,0.0649520521727999,G4,-14.696852318112194
332370,2024-06-30,0.20303393242550657,0.01900586623337677,0.271927470086247,G5,9.169659376862665
332570,2024-06-30,-0.16191576710681127,0.02740971634854211,-0.11187478553743287,G1,-6.95637917537876
333430,2024-06-30,0.4631480600492325,0.04665159969913165,-0.14988504855195095,G1,9.311394463373402
335810,2024-06-30,-0.48306870025477805,0.04290742517070263,-0.27873936926067816,G1,-11.928595368325208
336060,2024-06-30,-0.23339438976619087,0.042547948014942126,0.08774523335177654,G4,-6.16130776923375
336260,2024-06-30,-0.22022440593838388,0.0316020253218648,-0.0038363061411819097,G2,-7.878641204345367
336370,2024-06-30,-0.6905041179556767,0.042439086726106925,-0.06653498601097182,G2,-16.948072787260063
336570,2024-06-30,-0.5191076630463812,0.03601495648703248,0.1524933966923204,G5,-15.21213210813876
337930,2024-06-30,0.10981009729072638,0.06294814147785224,0.12028735753929723,G5,1.287623152718791
338220,2024-06-30,-0.006685825817243106,0.04379721679298573,-0.5040127799398889,G1,-0.8092395205839912
339950,2024-06-30,0.14734839032012415,0.030721847669661035,0.06357668462783439,G4,3.8601772488447086
340810,2024-06-30,-0.11530108771407445,0.0551578496602565,-0.9300398386185827,G1,-2.61173525626217
340930,2024-06-30,-0.6809867297817525,0.06016501072226809,-0.0795076823986335,G2,-11.796612917784959
347000,2024-06-30,-0.34332934905442025,0.029923661546189105,0.051611406260446885,G3,-12.434506431751586
347740,2024-06-30,-0.4127255310648102,0.029143685937518718,0.2751462976067277,G5,-15.148466289217211
347770,2024-06-30,-0.5268125672312215,0.041426767874112785,-0.05340441026604463,G2,-13.41087438495576
347850,2024-06-30,0.681630622171737,0.05583137662331974,-2.5572442528872306,G1,11.693675648968643
348150,2024-06-30,-0.08218518144273691,0.04155096784979216,0.0010710590554067164,G2,-2.6700170919488615
348210,2024-06-30,-0.24181831850415234,0.03223179502099153,0.0645841571773448,G4,-8.394659100778018
348340,2024-06-30,0.045348410028312865,0.04245602332069261,-0.03097632160073101,G2,0.3907996045640103
348350,2024-06-30,-0.03455340327416835,0.05039365462790114,0.17989343800231783,G5,-1.2563092842713117
348370,2024-06-30,-0.37062146690377396,0.05096786997057535,-0.11182350566655865,G1,-7.835879349825052
348950,2024-06-30,-0.35266553075696,0.015459152801620694,0.3002077999298082,G5,-24.67290080865224
351320,2024-06-30,-0.1305195326691483,0.033341948573365525,-0.6215322748739034,G1,-4.777049704275782
351330,2024-06-30,-0.6703319206364677,0.03338676758961865,-0.11673978457561791,G1,-20.939090065043303
352480,2024-06-30,-0.9439506942508564,0.047494063541907605,0.2213641358197586,G5,-20.480608198449666
352700,2024-06-30,-0.07028687915690225,0.01888420084957347,-0.021662468236887264,G2,-5.2447806952003
352770,2024-06-30,-0.7829170853590246,0.06291785987274531,-2.6713732875989415,G1,-12.90052935531983
352820,2024-06-30,-0.0068587134501410605,0.025397639002094817,0.01576978490657227,G3,-1.4023085512172715
352910,2024-06-30,0.0091191635010262,0.020964485760705233,-0.265965875210743,G1,-0.9367007436455719
353190,2024-06-30,-0.4068533636492127,0.025774121623357148,0.015391502673771616,G3,-16.901060021291975
353200,2024-06-30,-0.2664768213481788,0.03322128952870047,0.05134053058826628,G3,-8.886874604802655
353590,2024-06-30,0.08123828240330291,0.048721573252590515,-0.0766067261352726,G2,1.077175181269145
353810,2024-06-30,-0.014403842320028459,0.026332472572007336,0.042956548844189445,G3,-1.6390582048544828
354200,2024-06-30,-0.30300593924936636,0.0715776532803735,-1.4048671144485698,G1,-4.635001805005544
354320,2024-06-30,-0.20255537181589905,0.05175098528517378,0.08511050332670261,G4,-4.469711705863768
355390,2024-06-30,-0.005903075975268991,0.05672336039694879,-1.3099551329836554,G1,-0.6110302463737527
356860,2024-06-30,-0.49558275697086057,0.03959893799606868,0.028568399467140772,G3,-13.241248286157118
356890,2024-06-30,-0.1595845552520678,0.028909550036362558,0.08008530390828475,G4,-6.514842601091932
357230,2024-06-30,-0.317168371772345,0.020893177011472534,0.030119501603112584,G3,-16.556839799213968
357430,2024-06-30,-0.48520576338653454,0.01515018318993414,-11.317548565469831,G1,-33.924499119670024
357550,2024-06-30,-0.3040924326121567,0.021884161190455338,0.4645525699461485,G5,-15.20958663293674
357780,2024-06-30,-0.5209086460146415,0.025794666597073322,0.2037584717227575,G5,-21.309260069297917
359090,2024-06-30,-0.1861386350139784,0.028964117653128528,0.08762195669787666,G4,-7.419361103651383
361610,2024-06-30,-0.5887277279079655,0.03634197749921938,-0.7780235779853675,G1,-16.990939494815734
362320,2024-06-30,-0.67931529367738,0.035949745654229245,0.006689055077752553,G2,-19.69615900459941
362990,2024-06-30,-0.31443930826975963,0.033143360362043926,0.17470607666939295,G5,-10.354892123914402
363250,2024-06-30,0.11821844313270197,0.045005821558356064,-14.353649506190205,G1,1.9877835162608233
363260,2024-06-30,-0.07828827738897781,0.05892735712729702,-0.010698478302619762,G2,-1.816556782971979
365340,2024-06-30,-0.7106957575392261,0.028162062708649238,-0.574802233252246,G1,-26.257038701051844
365550,2024-06-30,-0.06289082540597474,0.017306684362374532,0.03575395993893122,G3,-5.29549371735501
365900,2024-06-30,-0.43450953610470555,0.026816563132538777,0.08164537567546193,G4,-17.2753736829837
366030,2024-06-30,-0.40886627242897183,0.0328649544067351,0.183416114843332,G5,-13.315791645903348
368770,2024-06-30,0.2710406359280361,0.045979759600018245,0.25231160790674,G5,5.269362544138099
368970,2024-06-30,-0.40912432179358466,0.023845678751624865,0.32609785150327897,G5,-18.36311472857416
369370,2024-06-30,-0.0247131241791109,0.021942458133699192,-0.28497230920345623,G1,-2.4368161833344444
372170,2024-06-30,-0.577497293579047,0.03902828467841916,0.1303965002172863,G5,-15.533706169195371
372910,2024-06-30,-0.4077719872632809,0.03330797561686675,0.14252357298823154,G5,-13.105828021125786
373110,2024-06-30,-0.38285379425136196,0.08062004995643827,-4.479994136300104,G1,-5.1055588203802245
373200,2024-06-30,-0.5025232729522127,0.0726036216081302,-0.24321577512340883,G1,-7.317539732700405
373220,2024-06-30,0.11971448256083807,0.03018927578782024,-0.0038527290272135097,G2,3.0129198956905388
375500,2024-06-30,0.02782767317499328,0.024046527275082434,0.019632952311229888,G3,-0.038630930678921836
376300,2024-06-30,0.4558646163348561,0.04440913854108395,0.3604687269386735,G5,9.617570109730963
376900,2024-06-30,,,-0.12983271731504545,G1,
377030,2024-06-30,-0.7426550560585562,0.06079418595185024,-0.24488273574515196,G1,-12.688905310332633
377220,2024-06-30,0.11418723754996726,0.029149482423691517,-0.17554752110397867,G1,2.9307767254662105
377300,2024-06-30,0.07275688626830766,0.040308828755210704,0.0033758188762609354,G2,1.0915790590763312
377330,2024-06-30,-0.3623931442602739,0.03408551398896895,-0.29830224798064686,G1,-11.475542287262764
377460,2024-06-30,,,-0.24399187842615638,G1,
377480,2024-06-30,0.3842966904896603,0.0502881474618753,0.350807327184208,G5,7.070057171145116
378340,2024-06-30,-0.32953592067096155,0.04594217524478042,0.06481494089241631,G4,-7.798771644250642
378800,2024-06-30,1.0934237521969725,0.08700627810261506,-209.54357697934034,G1,12.236670301401471
378850,2024-06-30,-0.49016034184129276,0.027670227074947033,0.05413918054879504,G3,-18.75362111554019
380540,2024-06-30,0.2977810971175278,0.0526898647476665,0.2925365344515031,G5,5.105810870888911
382150,2024-06-30,-0.3314167366464148,0.04349595606793266,-7.839559311668087,G1,-8.280616914986677
382480,2024-06-30,-0.235974692653278,0.029507678523853345,0.10777293046698944,G4,-8.971607351032409
382840,2024-06-30,-0.2501603543314181,0.045831840104455734,0.1308505508542986,G5,-6.085659371279046
382900,2024-06-30,-0.49984517728212724,0.027556214480173324,0.09747633508659656,G4,-19.18267077525041
383220,2024-06-30,-0.04990030763227742,0.039050285589881856,0.18890457044318837,G5,-2.014246998385171
383310,2024-06-30,-0.46604263624178544,0.04043696896085886,0.06794911483368998,G4,-12.236309047395572
388050,2024-06-30,-0.21301586000077488,0.05762349147456364,0.05060417214155489,G3,-4.195727588126532
389030,2024-06-30,-0.19739169056339181,0.029759944312344223,-2.6594717420044094,G1,-7.599083556510985
389260,2024-06-30,-0.19543586918668376,0.04087622468306789,-0.07101408521325624,G2,-5.484667036356138
393210,2024-06-30,-0.6642590550138857,0.04495063376063982,0.14615907489306013,G5,-15.417261336233656
394280,2024-06-30,-0.2908304991763934,0.04219732400765777,-1.4225155638287517,G1,-7.573634575065046
396690,2024-06-30,-0.15445268343722163,0.009847680463953306,0.23402185043484447,G5,-18.604309614946512
399720,2024-06-30,-0.4250478379620443,0.044135073840273584,0.06488838610793049,G4,-10.282172688950396
402340,2024-06-30,-0.1392920528030919,0.03886490950460213,1.5554180200868182,G5,-4.323917586542135
402490,2024-06-30,-0.052842316736113504,0.05706220147794378,0.10687786641086672,G4,-1.429999676245924
403490,2024-06-30,-0.4244503277666515,0.03009057214065857,0.08794129745212395,G4,-15.0614265010103
403550,2024-06-30,-0.053236975125552664,0.013165979005214077,-0.11388685100572268,G1,-6.227686372301431
405000,2024-06-30,-0.5792902593997189,0.036160233271341095,-2.2414236643662653,G1,-16.81534706206816
405100,2024-06-30,-0.39464606494145504,0.0383876043522735,0.07068428094634098,G4,-11.029671816954759
405920,2024-06-30,-0.35417078411869113,0.03167724040423771,-0.13931490887062054,G1,-12.088407706458224
406820,2024-06-30,-0.5090218472098861,0.043577496608757385,0.025692023155222045,G3,-12.340737811107749
407400,2024-06-30,0.07968496605631556,0.04613785236700185,-0.1549443189047118,G1,1.1038301641780386
408900,2024-06-30,-0.1477243033829687,0.054490069294580216,0.15848380198407144,G5,-3.2387721023461413
408920,2024-06-30,-0.20952055298313427,0.016872923544587533,0.15708466657499606,G5,-14.121866033275198
412350,2024-06-30,-0.8304909973110541,0.03887978826093068,-1.984833104369129,G1,-22.100110331046125
412540,2024-06-30,-0.5738013045452797,0.046140153504888384,-0.0002730813539715907,G2,-13.059295899062551
413630,2024-06-30,-0.3508032276139117,0.05475034222728415,-2.8491976326563675,G1,-6.932556493281399
416180,2024-06-30,-0.05715407455126962,0.04782173956185076,0.06335323436239491,G4,-1.7964776739955663
417010,2024-06-30,-0.4566895805909236,0.05762002263945607,-0.05894308729027463,G2,-8.424956660147748
417200,2024-06-30,-0.6255189329433569,0.03355753739435031,0.03839418586163608,G3,-19.49712632836805
417500,2024-06-30,-0.14776115108836796,0.03397845536180189,0.08220057818485957,G4,-5.194990829101448
417840,2024-06-30,-0.3499272313783663,0.04430252073040026,-0.20495562697954547,G1,-8.547681667732743
417970,2024-06-30,-0.2831643915983578,0.03162957133196987,0.0708095196401896,G4,-9.86168927892825
418620,2024-06-30,-1.0904195111835677,0.0468050383358684,-6.661390984179854,G1,-23.91144551694829
419050,2024-06-30,-0.25895076737353523,0.04930840636387891,0.007060451316289189,G2,-5.834854571319553
419120,2024-06-30,-0.27559840189417156,0.02600814429048003,0.08874619417651931,G4,-11.702296457529377
419530,2024-06-30,0.46675343992921586,0.049629739143113916,-0.4032785230885456,G1,8.825289727253418
420570,2024-06-30,-0.8612409738624589,0.04757800125336927,0.21692086001089517,G5,-18.70607346504828
424960,2024-06-30,0.5277210369168529,0.053465137738868365,0.10229651902472736,G4,9.332519191302623
425040,2024-06-30,-0.6372101258043734,0.03721717130505044,0.031402587319657026,G3,-17.89407188550158
425420,2024-06-30,-0.4628208393856127,0.046717589738608706,0.017205570644477114,G3,-10.522320501534464
430690,2024-06-30,-0.3133971607610827,0.057649281323741884,-0.024656335242089173,G2,-5.935091744559151
432320,2024-06-30,-0.12607534085315003,0.012432257984902242,0.15912477261110997,G5,-12.45404929212409
432430,2024-06-30,-0.8030296441842119,0.03686293052719956,-0.6655214609127444,G1,-22.564300916708145
432470,2024-06-30,-0.34502821878737383,0.05267793415150534,0.05147905905794128,G3,-7.095662305502887
434480,2024-06-30,-0.16043107765668643,0.05856422349197841,0.21467130985839303,G5,-3.230431128073019
438700,2024-06-30,-0.3888774645813383,0.03933109914181075,-4.4985033552343365,G1,-10.618418671157858
439090,2024-06-30,-0.4906440336573308,0.040780879652878604,0.17997144422759892,G5,-12.736376728055538
440110,2024-06-30,-0.21252686672397214,0.0432276992847955,-3.0286736242524506,G1,-5.581686826253663
441270,2024-06-30,-0.42528227348521197,0.043315274580003116,0.021719754257512828,G3,-10.482188807318536
443060,2024-06-30,0.3053180984991466,0.03832085005451736,0.12944737362989506,G5,7.216997671045114
443250,2024-06-30,0.16740942555937488,0.04860812012795216,0.14801157823767397,G5,2.85246194033364
445090,2024-06-30,-0.032810058419012716,0.06282608196150515,-0.1433588617529126,G1,-0.9799540159127176
445680,2024-06-30,-0.18284835089780715,0.04668386894282392,-2.8144497737850616,G1,-4.532721228829517
448280,2024-06-30,0.06815240727811556,0.04456118541604368,0.38180194415246343,G5,0.8840831770311437
450140,2024-06-30,-0.130840681685293,0.0513693343495014,0.003897727711372529,G2,-3.106859308369992
450330,2024-06-30,-0.7808639866838938,0.043554585544017005,0.0477312010305616,G3,-18.588642033314798
450520,2024-06-30,-0.46827759363435817,0.05643657074611513,-0.21452293224324487,G1,-8.806952654397376
451220,2024-06-30,-0.9087358946912324,0.04282468609737543,-0.5310672859827662,G1,-21.891404071538865
451760,2024-06-30,-0.19330346892023337,0.04942369851634884,-0.6834836629875782,G1,-4.492987948888609
452260,2024-06-30,-0.07055764821803166,0.027088176883807148,-0.006692578834045895,G2,-3.666332420496923
452400,2024-06-30,-0.1955813714496413,0.053295573973068465,0.029729722656164248,G3,-4.209317352811144
453340,2024-06-30,0.17055696957361072,0.01479769573647654,0.043437620151298824,G3,9.582597128338362
454910,2024-06-30,-0.32392431428166313,0.040779163968407195,-0.25691833488699617,G1,-8.648557078269704
456040,2024-06-30,-0.5247754387146403,0.025305062930442504,0.04380998419360133,G3,-21.87435981247673
460930,2024-06-30,-0.003211407859882595,0.04721224587851056,0.08801202497283535,G4,-0.6771129008641201
462520,2024-06-30,-0.20817104734559339,0.019873990970331972,0.018592512080583597,G3,-11.921493805773908
472850,2024-06-30,0.08125816833292918,0.0419117956591453,0.06439768428480795,G4,1.252667765816599
481850,2024-06-30,-0.2903319054900939,0.01642756554213535,-1.233498995122411,G1,-19.423968668691902
900070,2024-06-30,-0.05363323970770529,0.021662076044583686,0.0531585542880963,G3,-3.8034144299632615
900100,2024-06-30,0.4199717857848514,0.06586981784445341,-0.8594835939655052,G1,5.939217469910887
900120,2024-06-30,-0.35674495598500633,0.03075407961338613,-0.26357606717156934,G1,-12.534973367254903
900250,2024-06-30,-0.2558170337608412,0.030454059332630748,-0.10991359332539131,G1,-9.344358450078724
900260,2024-06-30,-0.28903975495514095,0.02612837276299584,0.01746193943089222,G3,-12.162884031892107
900270,2024-06-30,0.1567607313229896,0.061018971757282256,0.041491294468607526,G3,2.097775736518983
900290,2024-06-30,0.09008298792385358,0.04930180079287521,0.10971041049825232,G4,1.2438972620547826
900340,2024-06-30,-0.10016530148805013,0.06547513231931952,0.11240362553618517,G4,-1.9690210592096105
950110,2024-06-30,0.5896187901911406,0.03880990034635491,-0.07906108068433829,G2,14.451523252638083
950140,2024-06-30,-1.0390145038965208,0.05039328169775617,0.10105100085471928,G4,-21.188759311289118
950170,2024-06-30,-0.27450611540130265,0.020593502599599998,0.09169556009790392,G4,-14.726136403353694
950190,2024-06-30,-0.1121626283643335,0.016421069665844744,0.25989615580307607,G5,-8.581611559730876
950200,2024-06-30,0.12655961158989848,0.04000174298012596,-0.174619625737399,G1,2.444968428882314
