종목코드,날짜,기간수익률,표준편차,Y6,그룹,성과
000040,2015-12-31,-0.0925407250970583,0.022577030890396702,-0.2467986705377934,G1,-4.778443142241544
000050,2015-12-31,0.035662846658368795,0.022651991853693442,0.035161591185672456,G3,0.8970740169907921
000070,2015-12-31,0.033944264652676005,0.0384162386705351,0.05839688303533306,G3,0.4842205266079367
000100,2015-12-31,0.05538019523588107,0.02965884634047266,0.12342859264774246,G4,1.3499467053751115
000120,2015-12-31,0.009739748358354042,0.02264487639718737,0.03386332571675665,G2,-0.247410711222745
000140,2015-12-31,0.13528462846803802,0.024367474107431914,0.060878056622680296,G3,4.92222930476504
000150,2015-12-31,0.021520006306286782,0.02767759285853636,-0.17229392846106556,G1,0.22320123735211803
000180,2015-12-31,0.4079521897680647,0.048994160920381793,0.006992662001289512,G2,8.013400965734345
000210,2015-12-31,0.32898276930220033,0.02901102031220611,0.0907760749619142,G4,10.811079120747289
000220,2015-12-31,0.01095957911827557,0.04052903227204695,-0.10732528041129746,G1,-0.10813863468633952
000230,2015-12-31,0.11223601940799678,0.026495411148410992,0.0636379078570475,G3,3.656998773558359
000250,2015-12-31,-0.06466873641640743,0.025060387078935986,0.13503795284468767,G4,-3.192730802509929
000270,2015-12-31,-0.07198268993349222,0.021233560410892298,0.12808882950116862,G4,-4.112594476714792
000300,2015-12-31,0.015312645589172611,0.019322147815460673,0.019273049939930245,G2,-0.0015364619111833146
000320,2015-12-31,-0.08864376335878646,0.020277612073304294,0.21453723676175704,G5,-5.128123386333969
000360,2015-12-31,,,0.5905825899983819,G5,
000420,2015-12-31,,,0.511701064361704,G5,
000430,2015-12-31,-0.05279157202342521,0.010857879540791033,0.07357746495411066,G3,-6.275065504345681
000440,2015-12-31,0.0424440810300232,0.012153309908129921,0.02861614331566548,G2,2.2299890236947095
000480,2015-12-31,0.0806974177698563,0.015267359232242796,0.03698780492075366,G3,4.280706534925899
000490,2015-12-31,-0.08786431506912291,0.016531187387144326,0.021583067287227926,G2,-6.243147935200112
000500,2015-12-31,-0.004002118983079216,0.013862036518707712,0.01207016091810926,G2,-1.3954985827880306
000520,2015-12-31,0.24392535856487968,0.023758330552290187,0.019358404867693958,G2,9.621173706984731
000590,2015-12-31,-0.056689172659496495,0.015417900507765401,0.14689057406464812,G5,-4.671939993162514
000640,2015-12-31,0.24023340277147123,0.03615635412080346,0.1561111964571858,G5,6.219959808080905
000660,2015-12-31,-0.07303370207357507,0.022746039375413408,0.24636217362846305,G5,-3.8853373085441674
000670,2015-12-31,0.007971870694987511,0.020664645432525504,0.0381730450658897,G3,-0.35667017188424305
000680,2015-12-31,-0.02096365212350762,0.016755285938937273,-0.13428008183071904,G1,-2.166837712537641
000700,2015-12-31,0.2590832042579395,0.0362096581197156,0.26338590383981203,G5,6.73137730598713
000720,2015-12-31,0.4191256855444864,0.031056596154904532,0.12152360865191882,G4,13.00153275642819
000760,2015-12-31,0.18684485207084342,0.050098561957801505,0.049616895852028144,G3,3.4233022273567113
000800,2015-12-31,,,0.7318361295316381,G5,
000850,2015-12-31,0.058174014590758584,0.016967259250708466,0.07479754154970808,G3,2.5243724177572657
000860,2015-12-31,0.012570637034455297,0.01727977677959006,0.11361711503990586,G4,-0.16040116340807145
000880,2015-12-31,-0.08427440896302398,0.025899732894002138,0.012851186596535486,G2,-3.846245932498653
000890,2015-12-31,-0.10598565856335623,0.03148930848697286,0.1129152467628797,G4,-3.8529900377737096
000910,2015-12-31,0.019990125383848166,0.017148571575868445,-0.03522758896781078,G2,0.2710308569989142
000950,2015-12-31,-0.2564630321235553,0.018024924003700492,-0.12609797335578404,G1,-15.079418110228225
000970,2015-12-31,-0.009004192086635766,0.026708018928128772,0.05153328148143949,G3,-0.9115811054906596
001020,2015-12-31,0.053312463614940506,0.02165930183934114,-0.6338403779428496,G1,1.7530634442075907
001040,2015-12-31,-0.22634289187658785,0.028007339170449105,0.07450637574840112,G3,-8.629353318394712
001060,2015-12-31,-0.00715856830953478,0.031625231965249564,0.009124097588191831,G2,-0.7114857423841995
001070,2015-12-31,-0.22543978355903183,0.0220215972106094,-0.0462765622181772,G2,-10.933907953613963
001080,2015-12-31,0.05196318218469531,0.016762538990754677,0.04189422846179899,G3,2.184683887778582
001120,2015-12-31,0.07913165104114189,0.027130801545510036,-0.13946591037720724,G1,2.351177041371462
001130,2015-12-31,0.07445697344308688,0.017249635351007053,0.07108765859684492,G3,3.4270081023076457
001140,2015-12-31,0.008079142975637915,0.04190984063766772,-0.24555058482277725,G1,-0.17330512946802754
001210,2015-12-31,-0.020866255891038504,0.018288088433278473,-0.29055578066555326,G1,-1.9799001605046798
001230,2015-12-31,0.1938699730273082,0.025137084828899103,-0.08541547853574508,G1,7.102161643212056
001250,2015-12-31,-0.17802579936750973,0.035538724467162594,-0.22246671649714236,G1,-5.4410543878555115
001260,2015-12-31,-0.2977654579878458,0.030748600950202494,-1.9530710800456492,G1,-10.182830491320848
001360,2015-12-31,-0.28886771950521223,0.032498291140656964,-0.014141327432486245,G2,-9.360801511743606
001380,2015-12-31,-0.05087460174570839,0.030646749774065476,-0.05727811382745988,G2,-2.1606511479098893
001390,2015-12-31,-0.020136897395014917,0.017711701707105013,0.12377530543933718,G4,-2.0031520017139752
001440,2015-12-31,0.7353236924646513,0.08576046086821762,-0.18033012009558433,G1,8.395259911646992
001460,2015-12-31,0.1399083687908572,0.023368632127634622,0.04692565160839414,G3,5.330480396848649
001470,2015-12-31,-0.6554717424295331,0.07334747508546564,2.258938258676497,G5,-9.145700993540993
001520,2015-12-31,0.2556298686484656,0.02886303905550538,0.24650018118446973,G5,8.325094764035233
001530,2015-12-31,0.01608331048003269,0.0075688430564158655,-0.0030380231441105776,G2,0.09789833679683282
001540,2015-12-31,-0.1379134878657028,0.025564593552086977,0.08812132080262652,G4,-5.994846774574478
001560,2015-12-31,-0.1598580827003074,0.021666196176888742,0.048658165910683664,G3,-8.08634864206235
001620,2015-12-31,0.005094371143553045,0.017286693359925456,0.05197064380365026,G3,-0.5928237388381873
001630,2015-12-31,-0.05468567660448398,0.04163286890192596,0.08648100501627853,G4,-1.6820366163759077
001680,2015-12-31,-0.09619647429149669,0.024881335417506964,0.09491505101462516,G4,-4.482830433062257
001780,2015-12-31,0.10900863201041991,0.04325492329770999,0.13306905869351177,G4,2.1654482666033417
001790,2015-12-31,0.18938299787851862,0.016578338529278553,-0.023750323183636412,G2,10.49807640481082
001800,2015-12-31,-0.22781208852168555,0.022743288761509592,0.16498510099836483,G5,-10.691260371566395
001810,2015-12-31,0.1522635388282903,0.0266994328262158,0.01706159153622722,G2,5.128243973801419
001820,2015-12-31,0.04213202961950406,0.031453267085297276,0.07143010823850694,G3,0.8517301625144529
001940,2015-12-31,0.07003183109261639,0.019039915785615036,0.08205531860433898,G3,2.872360275910562
002000,2015-12-31,0.0649168155759539,0.014223984753054073,0.08068556121284133,G3,3.485273859842707
002020,2015-12-31,-0.2004661270981879,0.027231016737691974,-0.030087577116069658,G2,-7.925097417784208
002030,2015-12-31,0.04712483206416621,0.017089788996855395,0.0227539484838665,G2,1.8597361697491426
002070,2015-12-31,-0.10679353136039878,0.011774864178156697,0.07115166249015814,G3,-10.372592230855942
002100,2015-12-31,0.008746789162387886,0.009852436873347779,0.050035332736611954,G3,-0.6694327764522202
002140,2015-12-31,-0.08391433867728308,0.0207884084283989,0.09078282701458318,G4,-4.774616217132936
002170,2015-12-31,-0.008912660794685176,0.018267652888856033,0.060285382492307374,G3,-1.3277564597702078
002220,2015-12-31,0.019063557129537223,0.013677652765175926,-0.08752356575811884,G1,0.27206596483267564
002240,2015-12-31,0.1609686503411659,0.016217842301414532,0.0199842328204769,G2,8.979389138290667
002310,2015-12-31,0.0327442471975361,0.018132688855242107,-0.08219460034411608,G1,0.9596984762230639
002320,2015-12-31,-0.1433742702141829,0.020431801171767544,0.17732759889425434,G5,-7.7681160957473105
002350,2015-12-31,0.1757418912968109,0.019838105300222775,0.15936271150414766,G5,8.085427289352896
002360,2015-12-31,0.01577308702291221,0.025384175070841276,0.19161894941781107,G5,0.01696937908664573
002380,2015-12-31,0.006402694442225302,0.018433678211697828,0.042723813781159595,G3,-0.48496229501473087
002390,2015-12-31,0.20849210289939066,0.024683482486482507,-0.0023617935205804577,G2,7.825061543557824
002410,2015-12-31,-0.08405144237649818,0.0154416820997038,0.20052462443007593,G5,-6.436719462819277
002420,2015-12-31,0.11023173615377009,0.022933380236133737,-0.04955661623594704,G2,4.137610846870686
002450,2015-12-31,-0.153469389484159,0.023872669353965977,0.06593410221653317,G3,-7.071338370857449
002630,2015-12-31,0.21437470445404175,0.056231314063431535,-0.02702851490270116,G2,3.5395290762045977
002680,2015-12-31,-0.0714657617726023,0.01684118174196952,-0.03429636067362091,G2,-5.154513289860365
002700,2015-12-31,0.4334289259420503,0.029980634533437453,-0.14708970609472177,G1,13.945221611051101
002710,2015-12-31,-0.004958906447077093,0.01746511273234124,-0.17684977940306254,G1,-1.162388132932995
002720,2015-12-31,0.18107277755096063,0.041373169793126316,-0.024567833583661478,G2,4.005746841402554
002780,2015-12-31,0.15393894453366253,0.028506541990652747,-0.6376475101289655,G1,4.861922966516768
002790,2015-12-31,0.013896569198812825,0.028689926720611984,0.18855128231533494,G5,-0.05039274406657168
002810,2015-12-31,0.0013558443397840084,0.018059215348867265,0.08739453181351273,G4,-0.7744793294370119
002820,2015-12-31,0.12923614933350042,0.032163050489031744,0.02540301483449708,G2,3.5411384886830684
002840,2015-12-31,0.003735436957021181,0.011279977803794469,0.13052030899194167,G4,-1.028982199983381
002870,2015-12-31,-0.2085997614270789,0.019175463983570243,-0.3372180128057336,G1,-11.678575024431657
002920,2015-12-31,-0.027938594162602214,0.011445648408505073,0.07934694521161398,G3,-3.781430806818615
002990,2015-12-31,-0.1704215775591,0.027512527440748273,-0.05057850037196835,G2,-6.751975487984502
003000,2015-12-31,0.21396885728616957,0.06009678332684281,0.14141437250297953,G5,3.3051107389988674
003010,2015-12-31,0.14191556513087955,0.04985661771706741,-0.03365777028999715,G2,2.538744856617428
003030,2015-12-31,0.2640692688139528,0.01966419672654645,0.05584197896980487,G3,12.64872086764881
003060,2015-12-31,0.3998044281456201,0.05358312859422539,0.017941764185642157,G2,7.175058733948579
003070,2015-12-31,-0.035997435049599305,0.024898680170368524,-0.09259452333567575,G1,-2.0619473816138725
003090,2015-12-31,0.1759429569762793,0.027352392588113447,0.09695161904920475,G4,5.8715384084074
003100,2015-12-31,-0.0502799711144576,0.015714410702274983,0.03390706430135983,G2,-4.175931614049692
003160,2015-12-31,-0.2556476989454528,0.03231842323383197,0.011677068806773333,G2,-8.385001654260938
003200,2015-12-31,-0.05691971969421254,0.018684237573387875,0.04136202716217969,G3,-3.867540901453177
003220,2015-12-31,0.16903921846771636,0.026662448632030135,0.15637576977612339,G5,5.76454500693323
003230,2015-12-31,-0.12434269201335096,0.02105329265060382,-0.0004809828114535607,G2,-6.634830364298292
003240,2015-12-31,-0.1517782722346473,0.015130771730918187,0.052722421536056024,G3,-11.045081410255284
003280,2015-12-31,-0.23844418982961368,0.025019427151632263,0.0780536612957558,G3,-10.143578493018776
003300,2015-12-31,-0.10896169700271803,0.024656486513824637,0.07782875987111149,G3,-5.041433225547174
003310,2015-12-31,-0.09963677990053003,0.028600080299484017,0.04253138801454069,G3,-4.020237426953578
003410,2015-12-31,0.186979378224925,0.0251485426981684,0.06598194063620459,G3,6.824930054658484
003480,2015-12-31,-0.02224667843344629,0.03299057962338884,-0.11709888780147712,G1,-1.1393862186080141
003490,2015-12-31,0.12424089253614136,0.0198522827103168,-0.1946203639347371,G1,5.485442696532617
003550,2015-12-31,-0.021008523775372788,0.020278521341186816,0.08080374841338947,G3,-1.7925792762254058
003560,2015-12-31,0.09655767543020649,0.02705882407231124,0.030261805296320003,G2,3.0014364955341586
003570,2015-12-31,0.026637518802607896,0.023255005219101756,0.05935584139775819,G3,0.4857098660204412
003610,2015-12-31,-0.0957560515443246,0.017890310344296174,0.045596446078642376,G3,-6.209975273742444
003620,2015-12-31,0.07700148888981102,0.02108593307426802,-0.08633956038653265,G1,2.9241843526347315
003670,2015-12-31,-0.19077028358431272,0.01872403666163007,0.08591310083493046,G4,-11.007915688395281
003720,2015-12-31,0.0776726722287086,0.037144184438961975,-0.12700793737709007,G1,1.6780645432611674
003780,2015-12-31,0.8704165346292925,0.04594852334931815,0.19251547100926836,G5,18.609394578262282
003800,2015-12-31,2.4045032282875908e-05,0.01838200783107618,0.11179136122213011,G4,-0.8333305285156998
003920,2015-12-31,0.10332873571137488,0.009672370302073612,0.04478606937984346,G3,9.096674303213824
003960,2015-12-31,0.15409548665750578,0.03006476190822835,0.07771128062679555,G3,4.61514226348147
004020,2015-12-31,0.12120007650110821,0.023243428866488416,0.05971182346137153,G3,4.554308392958191
004060,2015-12-31,0.002014506296039026,0.025000688437820193,0.010747825035179724,G2,-0.5330984012877186
004080,2015-12-31,0.18485955712071123,0.028799273734638208,0.05271911635210157,G3,5.886163149437055
004090,2015-12-31,0.21073220154348787,0.044291502294087085,0.15552672189163558,G5,4.411452718690897
004100,2015-12-31,-0.06228869125094783,0.02874626389775823,0.08859717079371787,G4,-2.7005604923266286
004130,2015-12-31,0.19728037332966677,0.01595403931860875,0.0564646459923876,G3,11.403885646948444
004150,2015-12-31,0.1562901831292817,0.02058030939496792,-0.011289221360964448,G2,6.848674968434218
004170,2015-12-31,-0.1114602007895211,0.021264844210980526,0.14365687919591713,G5,-5.963012607323848
004250,2015-12-31,-0.021982301261293597,0.016689414666282872,0.15404090045751723,G5,-2.2364256231246245
004270,2015-12-31,-0.019859977185613505,0.019080353191483157,-0.0043803938574658655,G2,-1.8449506760000638
004320,2015-12-31,,,6.251829186678956,G5,
004360,2015-12-31,0.025840493985022195,0.016701396197699784,0.07638288182447464,G3,0.6285798221549133
004410,2015-12-31,0.061072068814939366,0.024621672000860545,0.044068308594937385,G3,1.8572961040179465
004490,2015-12-31,0.048759674239743485,0.016456329293336264,0.13471239478709715,G4,2.0306679764813653
004540,2015-12-31,0.0444693438188619,0.029691255305413188,-0.013529006655245056,G2,0.980996262566853
004560,2015-12-31,0.10206554914419222,0.02160661132788026,0.01630684631734523,G2,4.01373517090831
004590,2015-12-31,0.0020459174868089815,0.031094088122041744,0.09935070387833034,G4,-0.4276187741649473
004650,2015-12-31,0.012844143915284083,0.03266805026496725,0.10907604497527514,G4,-0.0764719472936608
004690,2015-12-31,0.03258534591637469,0.01695825945832411,0.030234034842363335,G2,1.016791412197523
004700,2015-12-31,-0.048971001299952986,0.028499833005530932,0.05661678273103215,G3,-2.2566214553188817
004710,2015-12-31,-0.31037760294905375,0.03612650076907702,0.11775609634610872,G4,-9.01609426178335
004720,2015-12-31,0.21315266120752419,0.025710759411084125,0.07441129080652548,G3,7.693678926843101
004740,2015-12-31,,,-0.5994313879955833,G1,
004770,2015-12-31,-0.3183367555322053,0.03864677413689905,0.03365153193686332,G2,-8.63407351111744
004800,2015-12-31,0.22470201288468483,0.02691488907044817,0.17202491131907355,G5,7.778582293367981
004830,2015-12-31,0.10147807824121532,0.04456734779624125,0.011058725351563005,G2,1.9327096892031477
004840,2015-12-31,0.009192608014946074,0.017680306196906446,0.19110714077115606,G5,-0.3478291184495026
004870,2015-12-31,0.47873734436688653,0.048148503354294124,0.06194514257352848,G3,9.624286919651995
004890,2015-12-31,0.13593327276393688,0.01578406699629525,0.017341547309119604,G2,7.640042294480124
004910,2015-12-31,0.011042391527939871,0.027302496397305576,0.1445032139083539,G5,-0.15749262422090463
004920,2015-12-31,0.07021698424227829,0.028975496411158104,0.038532758792029304,G3,1.8938295354903194
004960,2015-12-31,-0.03656523424948739,0.022684918823347458,0.13640286213181804,G4,-2.2881971933440255
004970,2015-12-31,-0.00379511068691592,0.019782685532401423,0.052283235510352216,G3,-0.9673835227732168
004980,2015-12-31,0.09987125838661239,0.03754958975955456,-0.11071479720584881,G1,2.2511277911304086
005010,2015-12-31,0.006518208700439608,0.014829559151092412,0.013647716605699634,G2,-0.595036207279546
005090,2015-12-31,-0.03384302659960779,0.012616360929501866,0.06490994074553139,G3,-3.898537796103072
005110,2015-12-31,-0.10568037636366027,0.037629703749370275,-0.08908047823045531,G1,-3.2161483519258076
005180,2015-12-31,0.019691221505912702,0.014981987433067903,0.06273353415618135,G3,0.29027445070342367
005190,2015-12-31,-0.11309705874224074,0.026636020961780308,0.21376657332373605,G5,-4.8220187339494185
005250,2015-12-31,-0.11123449675930808,0.03209427024668027,0.1200668086910636,G4,-3.9439074052707
005290,2015-12-31,0.08044193264157298,0.0324927560074568,0.14444501574479146,G5,2.0035111608661293
005300,2015-12-31,-0.18721350935731892,0.01944791155245893,0.04145544703972574,G3,-10.41530048839829
005320,2015-12-31,0.3745540594942206,0.04848746562691395,0.23343506552493282,G5,7.408341960473584
005360,2015-12-31,-0.015248723893059996,0.024760653519938586,0.09024406496131473,G4,-1.2354705097650103
005380,2015-12-31,0.031077850409182994,0.01636753988566086,0.12648319074536132,G4,0.961385595255834
005390,2015-12-31,0.11515402074949443,0.032031908304661634,0.07230708687743498,G3,3.1160081524595094
005420,2015-12-31,-0.04236522744879368,0.01631456947163919,-0.7933136912119598,G1,-3.5371795058670887
005430,2015-12-31,0.11203633104541323,0.014919882015729656,0.044048525327975256,G3,6.48088219532419
005440,2015-12-31,-0.23118528123372975,0.021461217738593334,0.0821858364065802,G3,-11.487121447155198
005450,2015-12-31,0.18428418400140353,0.035551280463017025,-0.03534165955465155,G2,4.752060923482505
005610,2015-12-31,-0.2334565860853316,0.02745099649008781,0.20337789064496437,G5,-9.063383892402701
005620,2015-12-31,0.11963372085766634,0.034121568897830044,-0.34866829410238454,G1,3.056465188825635
005670,2015-12-31,0.0845020227675908,0.026380111404185492,0.05345318325562057,G3,2.621660249064928
005680,2015-12-31,-0.0714975422641298,0.018480990689718656,0.03551633908187428,G3,-4.698875566544919
005710,2015-12-31,-0.030924850654961998,0.01368370592075092,0.04694129158421043,G3,-3.3811881266852244
005720,2015-12-31,0.03176551369316871,0.011222162449817143,0.11759223944392527,G4,1.4634595099898058
005740,2015-12-31,0.011143577734226126,0.03606285544832792,0.19291663390717045,G5,-0.11642881704482091
005750,2015-12-31,0.39590918679645826,0.04988822099325826,0.07360526476308489,G3,7.628390948527781
005800,2015-12-31,0.037572206368295974,0.028085323703746275,0.05226015036762909,G3,0.7915120818777471
005810,2015-12-31,0.043896884873989905,0.01440878386489155,0.07067279811116235,G3,1.9817461215607945
005820,2015-12-31,0.009397040965437111,0.019960547549261076,0.07621010828489318,G3,-0.2978521682946668
005850,2015-12-31,-0.05848649841377218,0.015743961458365683,0.13577669340732285,G4,-4.689342764357185
005860,2015-12-31,-0.07328178568741546,0.031384040436486196,-0.06914082906622762,G1,-2.8238594453796613
005880,2015-12-31,-0.10269428311664269,0.01959719022076715,0.07098826353942898,G3,-6.023139803219982
005930,2015-12-31,0.047574449450927495,0.015522818602984297,0.14498505122352837,G5,2.076434502133361
005960,2015-12-31,0.41754304003751813,0.06766254717753735,-0.07163729741443968,G1,5.944214687171984
005990,2015-12-31,0.01838761474738249,0.024992322049004517,0.08628412676272011,G4,0.12184867848925894
006060,2015-12-31,-0.03355512400510548,0.03657965210003008,0.18501699168991576,G5,-1.3367392670855551
006120,2015-12-31,0.1126160650768188,0.023809345587976042,0.04500715871693448,G3,4.085527314644452
006200,2015-12-31,-0.09629901031747728,0.016883474304563245,-0.06365370756790903,G1,-6.612462674263455
006260,2015-12-31,0.12893917441677388,0.028842296012956802,0.005765531877002438,G2,3.9385505589572185
006280,2015-12-31,0.018598371001257094,0.03741732884771884,0.12918397458970504,G4,0.08701951123168641
006340,2015-12-31,-0.033350464109320244,0.04006859440970927,0.08152248987518342,G3,-1.2152359762052074
006360,2015-12-31,0.35831916371780786,0.03439196502291519,0.009351260139051763,G2,9.972586043163012
006400,2015-12-31,-0.11836334399528385,0.02687973265521076,0.0034708950046230926,G2,-4.974219016374693
006490,2015-12-31,0.6068330158238923,0.05787645901947705,-0.9669376072637443,G1,10.219883740494659
006570,2015-12-31,0.02403829185611651,0.016963918914928437,-0.02568085882404794,G2,0.5126149545038587
006580,2015-12-31,0.00806199932586339,0.01649186251741476,-0.2325427585000974,G1,-0.4414500787756497
006650,2015-12-31,0.4326589541332515,0.0340346651699418,0.25946800821271543,G5,12.261516859830232
006660,2015-12-31,-0.03985394186539101,0.011845522773716673,0.03917872236344812,G3,-4.659674060244607
006730,2015-12-31,0.03287697435618401,0.022409923113262495,-0.028158864645359993,G2,0.782449851979789
006840,2015-12-31,-0.08412134432883443,0.03451454662401184,-0.02205916399980821,G2,-2.881790067987469
006880,2015-12-31,0.09243477362981958,0.014898081467663886,0.01906918407507679,G2,5.174655573190046
006890,2015-12-31,0.009514583422773198,0.0193154766648727,0.06962464608074766,G3,-0.3017140095309437
006910,2015-12-31,0.011670112444437913,0.0282942168664248,0.016047520272046957,G2,-0.12978697753790921
006920,2015-12-31,-0.1025405149940729,0.024302917420109753,0.1629330959811009,G5,-4.850563670593004
006980,2015-12-31,-0.26202610197374354,0.025342980773789246,-0.02497783536766911,G2,-10.944586107800813
007070,2015-12-31,-0.10383896400991652,0.03036171619514018,0.10253851948664724,G4,-3.925380784710928
007120,2015-12-31,-0.2690348402300374,0.05242496156124953,0.03248853238931937,G2,-5.42446126986903
007160,2015-12-31,-0.09406805199959108,0.021306706067816636,0.09598908795444469,G4,-5.13502110484298
007210,2015-12-31,0.06843396795380059,0.030968137658108297,0.1491349477478311,G5,1.7143954604763405
007310,2015-12-31,-0.2704273155798659,0.031248289141556286,0.1505131814029792,G5,-9.145129437923742
007340,2015-12-31,0.15184718691358512,0.022219076109129973,0.12885460515983008,G4,6.143588190157061
007530,2015-12-31,0.2968126382768171,0.048825025759057665,0.07232233861187452,G3,5.764877756183619
007540,2015-12-31,0.09044133404961012,0.030346132472282333,0.11770449596261505,G4,2.4747470138038516
007570,2015-12-31,0.06369251692685075,0.039123388933070456,0.05427971966253824,G3,1.2358383287355685
007590,2015-12-31,0.05925847500516701,0.011710621872860821,0.05854804375158388,G3,3.750111834249268
007610,2015-12-31,-0.026287473471401607,0.024914015322495948,0.06699769768017219,G3,-1.6709392791914022
007660,2015-12-31,0.19300642594645268,0.02447691013702562,0.08013668643374114,G3,7.258436282133963
007690,2015-12-31,0.15007661225338678,0.02099019178883764,0.17228772943064666,G5,6.418916047813518
007720,2015-12-31,0.026049657084502634,0.024041961976655986,-0.04600018354339398,G2,0.445359815541086
007770,2015-12-31,0.15724642462787441,0.03737488228591045,0.028376282666567953,G2,3.7967769425734343
007810,2015-12-31,0.05943337243833548,0.02180554040432993,0.04224727473648234,G3,2.0220108416229388
007820,2015-12-31,-0.06227726950957119,0.025594901771301352,0.06633250912239697,G3,-3.0326196809216355
007860,2015-12-31,-0.0019526225411637867,0.01833897642237855,0.13028378674016927,G4,-0.9430709476998154
007980,2015-12-31,0.23527802253088026,0.029856356972983628,-0.08823365257514271,G1,7.366460998458787
008000,2015-12-31,0.005022273151544699,0.00906619300669591,-0.019019118262329916,G2,-1.1383013988524906
008020,2015-12-31,0.030844709333932407,0.01387916818075775,0.09293887174976743,G4,1.1169528172510923
008040,2015-12-31,0.36391330620593654,0.07559495306296005,-0.7186758107915266,G1,4.6110349798390935
008110,2015-12-31,0.059677467264155196,0.021330372405291353,-0.008227183731247789,G2,2.0784978850075686
008250,2015-12-31,-0.09107278625480388,0.03460377549021434,0.037098006476724774,G3,-3.075245925642724
008290,2015-12-31,-0.08171244611792225,0.05943290336027455,-0.381494439937039,G1,-1.6330142726314762
008370,2015-12-31,-0.010602232992503294,0.016880661475819764,0.10560759627421513,G4,-1.5369401467472228
008490,2015-12-31,0.09678879954571418,0.024357637136893148,0.10490106099019962,G4,3.3437753323379
008500,2015-12-31,0.029070545048957647,0.01581796252730477,0.16918746483533353,G5,0.8678874849985804
008600,2015-12-31,0.1482036073073409,0.0262383270633441,0.033115812508838514,G2,5.063633578972328
008700,2015-12-31,-0.11657141880454977,0.03205271240876313,0.027558410902490577,G2,-4.115525402518452
008770,2015-12-31,-0.12386404890489913,0.029907720929249853,0.05913194429376288,G3,-4.654529931168648
008800,2015-12-31,1.0875671489588814,0.0685312231537258,-0.0007836496071903672,G2,15.645785472417254
008870,2015-12-31,0.1511641105830884,0.02236908083270543,0.07706335083683834,G3,6.071853299004245
008930,2015-12-31,0.17717047401630265,0.03333230244896235,0.4000531903741131,G5,4.854994368623555
008970,2015-12-31,-0.012012289458407998,0.02453319291391942,0.027628873836317062,G2,-1.1150045934795998
009070,2015-12-31,0.0656538988908091,0.027986846241488127,0.06877997781390048,G3,1.7976861388152106
009140,2015-12-31,0.07673544399650721,0.02267197124203318,0.034612379208433304,G3,2.7078858740501945
009150,2015-12-31,-0.045393909088387925,0.02730027997688382,0.08499619502515168,G4,-2.224747968634348
009160,2015-12-31,-0.034575466792571376,0.015764439031124254,0.09466608135639755,G4,-3.1664812193665965
009180,2015-12-31,-0.14811717820127496,0.02595475082607853,0.027972261782747757,G2,-6.297864796697228
009200,2015-12-31,0.07869353696140843,0.02383901274332324,0.016701309615499073,G2,2.657459195570854
009270,2015-12-31,0.020060887288783757,0.019747747861742652,0.05985978755296502,G3,0.2389413713647671
009290,2015-12-31,0.016077662989938804,0.023374208708823098,0.13162332482825287,G4,0.03145901817535827
009310,2015-12-31,,,0.13292879214446354,G4,
009320,2015-12-31,-0.013965063216143802,0.02866568049238805,0.04294790883794465,G3,-1.0223862139696798
009410,2015-12-31,0.1575577146754936,0.02030002315083992,0.03128038424973364,G2,7.005675820437479
009420,2015-12-31,0.3737250538472937,0.042517704675670065,-0.050674057457741145,G2,8.429023232739041
009450,2015-12-31,0.12419776712212818,0.025713972480486277,0.10813171476138102,G4,4.233318436947176
009470,2015-12-31,-0.18180896234393368,0.02540285577044197,-0.1427793113761099,G1,-7.760989451692536
009520,2015-12-31,0.058635036060957685,0.01721401485578089,-0.25302755727608195,G1,2.514968360973943
009540,2015-12-31,0.2140340049257869,0.02650275663031019,-0.12057729848615739,G1,7.497019059716132
009580,2015-12-31,-0.01298743250880679,0.01956741402579842,0.029859035215187978,G2,-1.4478032613195118
009620,2015-12-31,0.41881509936781475,0.05612338709563266,-0.00024710111454482003,G2,7.189030935481054
009680,2015-12-31,0.0034179925173592075,0.016562518045567593,0.029967610313294153,G2,-0.7199594157825093
009780,2015-12-31,0.43265622506219775,0.046075529472967156,0.13293336810550976,G4,9.05716974937218
009810,2015-12-31,-0.06883690899167708,0.034071204374953694,0.06251018536827108,G3,-2.4706858436413817
009830,2015-12-31,-0.0636448911336626,0.02766220720324644,0.046313594265384915,G3,-2.855420172607411
010060,2015-12-31,0.3764721356229826,0.031967629753030705,-0.09349279414597018,G1,11.296733760982457
010100,2015-12-31,0.1197402791793512,0.02647218562144604,0.06336394027374406,G3,3.943684414234444
010120,2015-12-31,0.0528949715745535,0.024365784448249567,0.11199570897171486,G4,1.5412037449883111
010130,2015-12-31,0.03616800541841981,0.01838907309049661,0.13114980524949932,G4,1.1325025455388018
010140,2015-12-31,0.04647930943084848,0.03101900166207438,-0.34268585156936787,G1,1.0038032956935885
010170,2015-12-31,0.03147688355556938,0.020403619858966354,-0.026007992988491876,G2,0.7907690073507101
010240,2015-12-31,0.05290718792384868,0.014595482893246874,0.03617929722781378,G3,2.573731534973474
010280,2015-12-31,0.26228556935787056,0.05360707013554131,-0.19627823857188337,G1,4.606542297502186
010470,2015-12-31,-0.22083802104856415,0.03582908710479417,0.050176261400363235,G3,-6.591860788724784
010600,2015-12-31,0.04584383611335129,0.024234871832747612,0.04209800084667884,G3,1.2585790835007642
010620,2015-12-31,0.24287914766442714,0.03409244081250504,0.02772268570118886,G2,6.674113349127933
010690,2015-12-31,0.05025990130408563,0.021127495221393656,-0.037896465109815355,G2,1.6527074130110253
010770,2015-12-31,-0.007391028544813013,0.023056645308784682,0.028471111989963164,G2,-0.9859787308036883
010780,2015-12-31,0.08422114905800751,0.029275801752447952,0.21694181255773226,G5,2.3527559144956554
010950,2015-12-31,0.22762403790713073,0.024515675161763166,0.15078729412716374,G5,8.659019307976918
010960,2015-12-31,0.057171034725650376,0.020210724078621917,0.09428567854845828,G4,2.069629036030518
011040,2015-12-31,-0.10369022093531167,0.01782635894183967,0.10199800613955232,G4,-6.677334090321021
011070,2015-12-31,-0.2035960683807028,0.020803081930236757,0.06918113755457043,G3,-10.524325311424873
011080,2015-12-31,0.04269561501745192,0.02850391088245368,0.0044593681616083404,G2,0.9596325850484125
011090,2015-12-31,0.24602672715727525,0.03721231022388881,0.1353499959707592,G4,6.199141962324387
011160,2015-12-31,-0.12874744973393062,0.035927015808022635,-0.3523839977497205,G1,-4.010624868962486
011170,2015-12-31,0.36108390122912676,0.027344928390842467,0.18812147638634233,G5,12.64371816792099
011200,2015-12-31,-0.4886148191023169,0.06729015368440823,-2.9928138736413934,G1,-7.489314927102357
011210,2015-12-31,-0.04391656946332771,0.02655207775691227,0.14015380425424204,G4,-2.2317990832651216
011230,2015-12-31,-0.10278628872609297,0.02667247161736413,-0.9644137198047081,G1,-4.428859228123538
011280,2015-12-31,-0.0006808551078074016,0.017309184775902216,-0.017335685380149624,G2,-0.9257043961682209
011300,2015-12-31,-0.10275221575524211,0.014406880927801704,-0.04689856109683063,G2,-8.197093436142882
011320,2015-12-31,-0.13975611348612849,0.018855947873397342,0.10846860703488602,G4,-8.225438883307497
011390,2015-12-31,-0.009541137112709281,0.019873323311131973,0.1922469466334038,G5,-1.2521041426475568
011420,2015-12-31,-0.0983053652178063,0.02590881946997439,0.0523835915149312,G3,-4.386448355273208
011560,2015-12-31,-0.010198045734674702,0.01324876166061581,0.17146036967791797,G5,-1.9277559459712474
011690,2015-12-31,0.4840653414869802,0.06544254096627344,0.046878013473088,G3,7.162359548282341
011700,2015-12-31,0.09284805774520462,0.024938772379853234,0.11149700542211088,G4,3.107840403342557
011760,2015-12-31,-0.19022494323779665,0.030530845164210854,0.0783173265882915,G3,-6.733101408280106
011780,2015-12-31,0.13610545900395649,0.02938890685055063,0.10195721917903952,G4,4.109139760955776
011790,2015-12-31,-0.04703667718116783,0.021701136189321495,0.23772483714122222,G5,-2.8744582758388506
012030,2015-12-31,0.29313860096770133,0.03687620177931582,-0.20624370310948786,G1,7.533212593228252
012160,2015-12-31,0.1355055488069109,0.02435250257371756,0.03386270440423768,G2,4.934327185053405
012170,2015-12-31,-0.16338371714592625,0.0431134351511398,-0.22226735597674227,G1,-4.145483881131531
012200,2015-12-31,-0.0736217749656879,0.01909689591256133,0.06697160912522337,G3,-4.658563816148962
012320,2015-12-31,-0.11717292638974387,0.017571935779078597,-0.04714747125860657,G2,-7.541301162780927
012330,2015-12-31,0.023471959234644426,0.021391092447134063,0.16406849289459827,G5,0.38004725197661876
012340,2015-12-31,-0.164026559494967,0.030490351876529917,-0.09617707719134301,G1,-5.882808225849644
012450,2015-12-31,0.14525965263081209,0.025280905557343514,-0.008520475510651847,G2,5.138950383038823
012510,2015-12-31,0.20922560348591854,0.03583202628744796,0.18258128871812845,G5,5.410893277350128
012600,2015-12-31,0.417185556546326,0.03422411489863617,-0.46363305036276686,G1,11.741522736326662
012610,2015-12-31,-0.0014820108057037266,0.015069623319286383,0.028621076611106012,G2,-1.116440921088249
012620,2015-12-31,4.2262350112298036e-05,0.02109033807919279,0.06482718294277387,G3,-0.7254540408868883
012630,2015-12-31,0.20321484084971397,0.03441566048386231,0.13125444025914418,G4,5.458924945068977
012700,2015-12-31,-0.11127392796720281,0.028021912008364444,0.20846541741681676,G5,-4.518473302704741
012750,2015-12-31,-0.10158100607226947,0.02491269185644083,0.15932829924095354,G5,-4.693324193121021
012800,2015-12-31,-0.10265528255560533,0.019041478008253676,-0.35255717558775673,G1,-6.196872734237944
012860,2015-12-31,0.0576626479788297,0.028178894398438008,0.14082832279192722,G4,1.5018443962741934
013000,2015-12-31,0.10342215828299572,0.04341527156346582,0.03474537360009106,G3,2.0287751700667016
013030,2015-12-31,0.12241993746548033,0.028235395855060408,0.19971728402964375,G5,3.792318148532574
013310,2015-12-31,0.2444558664388206,0.02820384395108566,0.18899153069265698,G5,8.12348605753323
013360,2015-12-31,0.14290007088557416,0.034195608712853605,0.02432374441254802,G2,3.7302373712181893
013520,2015-12-31,0.17722368930275062,0.02231525781783793,0.30943187989809023,G5,7.254290194219301
013570,2015-12-31,-0.03491032367149327,0.023680339925199467,0.05279039979471485,G3,-2.1221256605083676
013580,2015-12-31,0.0716591058298029,0.021435723276459658,0.06676611777105927,G3,2.627239201129065
013810,2015-12-31,0.2959087036062556,0.058046777822561034,0.18309608599628796,G5,4.833452963238806
013870,2015-12-31,0.0448889287526405,0.014639048729452916,0.07143161738323298,G3,2.0183412163838996
013990,2015-12-31,-0.11243957629914729,0.030342663397696718,-0.00017055693537555046,G2,-4.211295098181145
014100,2015-12-31,-0.11943870430413746,0.028661052924992707,0.169206527297691,G5,-4.702585002379325
014130,2015-12-31,0.11765544439896722,0.027622074876374157,0.20241665596724467,G5,3.704034237961784
014190,2015-12-31,-0.09578333076378463,0.0339456020842717,-0.00367985335623512,G2,-3.2736395077407314
014280,2015-12-31,0.1834227618104261,0.03533016978146227,0.07483311591551386,G3,4.757419211873828
014440,2015-12-31,-0.04113051213159639,0.022640600166678466,0.1237021628411647,G4,-2.4943175114255225
014470,2015-12-31,0.2042218674424549,0.04116555048826398,0.021913100983745742,G2,4.588291225765823
014530,2015-12-31,0.19494308756856754,0.01735716542151362,0.14888255177022983,G5,10.347355105150127
014620,2015-12-31,0.341370158846119,0.03456073480440858,0.056895516714433214,G3,9.433474935006227
014680,2015-12-31,0.14008471660646993,0.038588165514513266,0.1727727326810884,G5,3.2326590707251985
014710,2015-12-31,0.041492332995894776,0.017340430285615435,0.05405739825582119,G3,1.5080363769435357
014790,2015-12-31,0.012146796055766075,0.025502477047373035,-0.3088432518350691,G1,-0.12530301553183484
014820,2015-12-31,-0.13229841875199283,0.02780085419421238,0.18206794010942326,G5,-5.310655242962362
014830,2015-12-31,0.10047996960073981,0.022308815257958844,0.15966693456198205,G5,3.8163226187922716
014910,2015-12-31,-0.0375939259241416,0.04101774013263516,-0.0593963192066534,G1,-1.2905698628520241
014940,2015-12-31,0.3177984168920244,0.03929343202342905,-0.23707937969298018,G1,7.697369967030343
014970,2015-12-31,0.2390024250103689,0.03028939093139997,0.12856317587712,G4,7.3841066062894924
014990,2015-12-31,-0.15446035850887135,0.04985345433426622,-0.07845093168976999,G1,-3.4060366349677937
015020,2015-12-31,0.14818496602696005,0.046315688837265244,0.028053238252033045,G2,2.8681994379999933
015230,2015-12-31,-0.0273483664660674,0.0108216175139519,0.14558261430805766,G5,-3.9449462840801037
015260,2015-12-31,-0.07599628488690466,0.030856576186202744,0.03392755927917081,G2,-2.9601021730038624
015360,2015-12-31,0.010433832935699801,0.011109208814957259,0.03541903965226011,G3,-0.44184068185168995
015540,2015-12-31,-0.9528495671200898,0.06358548826538966,-4.507537689655478,G1,-15.226617375531289
015710,2015-12-31,-0.1235259328321288,0.02748944184343763,0.10486448020264667,G4,-5.051694645397583
015750,2015-12-31,0.1089499428264998,0.020632251557976624,0.06425407492710485,G3,4.536955611951953
015760,2015-12-31,0.19334389284722292,0.01587911171860515,0.27458207844209387,G5,11.209793259740703
015860,2015-12-31,-0.11874188701968966,0.0342126784118802,0.050659390844526316,G3,-3.919138359727569
015890,2015-12-31,-0.09319194029052391,0.009875562289001034,-0.022419021394667078,G2,-10.990186730403991
016100,2015-12-31,0.21002138106566792,0.04991096483943263,0.17427043548436624,G5,3.9005266349514964
016250,2015-12-31,-0.1829492782374707,0.03887461670923951,0.16879446256312833,G5,-5.1007991423790715
016380,2015-12-31,-0.6691831875219876,0.043322626826683155,-14.294609895953892,G1,-15.800646705792776
016450,2015-12-31,-0.03671161822499107,0.020403354963986854,0.2708921857178395,G5,-2.5512447168714525
016590,2015-12-31,-0.022688197595388607,0.026505261109539133,-0.11585677929728695,G1,-1.4348295144708043
016670,2015-12-31,-0.15171318503588496,0.029572804957851195,0.0798635024127284,G3,-5.648957500220729
016880,2015-12-31,-0.0697280369459611,0.024277495256148567,0.10044001501869011,G4,-3.5040834889154935
016920,2015-12-31,0.14771960814459778,0.021621780983634268,-0.08607454739664057,G1,6.122403834885853
017040,2015-12-31,-0.07512775316500106,0.022649205613489598,0.1217474334828267,G4,-3.9944043973202956
017180,2015-12-31,0.8432294535376865,0.09676973483351055,-0.15573325737552557,G1,8.555227743764188
017250,2015-12-31,-0.002500987515602594,0.013006692126813603,0.03991118725949698,G3,-1.3718569391022555
017370,2015-12-31,-0.08382401527359287,0.023902511941882996,0.17337329949321714,G5,-4.148783560825785
017390,2015-12-31,-0.3148933178434392,0.021259219193232808,0.06332956838378173,G3,-15.533761996390371
017550,2015-12-31,-0.21920106617655086,0.031721379056418246,0.03247329270724674,G2,-7.393858857546377
017680,2015-12-31,-0.22279254903517678,0.03839348730050922,-0.14019297177308587,G1,-6.202481178763662
017800,2015-12-31,-0.05722206102709263,0.03460147708429513,0.05295847685305478,G3,-2.097147303383802
017810,2015-12-31,-0.03195887708215381,0.02033815327884399,0.09438031335237591,G4,-2.325737728837478
017890,2015-12-31,0.01945190067953934,0.02258062917580898,0.11372176312176942,G4,0.18199525417160073
017900,2015-12-31,-0.007580086451728925,0.026383325362119237,-0.02467685734536978,G2,-0.868822237926607
017940,2015-12-31,0.06219231944645318,0.01321053947941493,0.0045818522397809884,G2,3.5464097576123184
017960,2015-12-31,0.10031882264372241,0.02248804200991199,0.10767137988281103,G4,3.778741131528225
018000,2015-12-31,0.046092624131560275,0.019028539619465424,-0.4623257402969707,G1,1.616008974581037
018260,2015-12-31,-0.34506703386539817,0.02907369961583667,0.135888828439709,G4,-12.396405409733742
018500,2015-12-31,0.06044435504907701,0.019600567948075263,0.017097822097540974,G2,2.301056879332551
018700,2015-12-31,0.024640028838632547,0.028029784390344308,-2.3258539901647315,G1,0.33170770690987167
018880,2015-12-31,-0.110447033933883,0.018498008927687028,0.19210633717314324,G5,-6.8001571282053055
019010,2015-12-31,0.07471810507973992,0.01925858786849224,0.2498295343353092,G5,3.0830802420123207
019170,2015-12-31,0.17117235838098335,0.02478145144782832,0.009488512852117343,G2,6.288171835927953
019180,2015-12-31,0.16949120443337695,0.03457216620476591,0.3422672171818311,G5,4.458756509124777
019210,2015-12-31,-0.10326275950417521,0.017044521007372894,0.07463515144065368,G3,-6.958546549134699
019300,2015-12-31,0.003151692697482701,0.0033074678315140114,-0.140272061688266,G1,-3.6857926537324137
019440,2015-12-31,0.020486378302183104,0.01577768472649433,0.09000661790109143,G4,0.3260329419697276
019490,2015-12-31,0.18334156745297747,0.07221795290426768,-0.15088431494514534,G1,2.3262807565640142
019540,2015-12-31,-0.26161656352345825,0.019827882806322722,0.06529779091787591,G3,-13.968152805930185
019660,2015-12-31,0.02790191656344211,0.03746178208247783,0.5536606796044551,G5,0.33526390182017907
019680,2015-12-31,0.19377465191911059,0.02200338907056836,0.09326000747303773,G4,8.109310707251348
019770,2015-12-31,-0.06707193789020821,0.01645742936993112,0.0241325479435422,G2,-5.007724436850277
020000,2015-12-31,-0.0010502347455347907,0.018548918736478178,0.08372623325128598,G3,-0.8837479052959888
020120,2015-12-31,-0.2116651756387717,0.01928417891875873,0.29556884084752577,G5,-11.77169688833798
020150,2015-12-31,0.10776120142848773,0.03982864472012685,-0.20763525324148238,G1,2.3204120738874106
020560,2015-12-31,0.04961227297678701,0.01984422087062223,-0.19302688269773358,G1,1.7269481057927336
020710,2015-12-31,0.15912909864376373,0.03263370704711397,0.010840572511262195,G2,4.4060812675324454
021050,2015-12-31,-0.43152641438524136,0.0399891334556741,-0.9874521760425717,G1,-11.174754467083059
021240,2015-12-31,0.15304716473390367,0.022861646349065044,0.3670273012053148,G5,6.02339959677497
021320,2015-12-31,0.07962940825918756,0.03147526731598179,-0.37206996531218245,G1,2.0424631911930424
021650,2015-12-31,0.4125843962815266,0.06815993110887196,0.06183842438181039,G3,5.8280878000548135
021820,2015-12-31,-0.012652658931227526,0.014424955774226445,0.1452194991293752,G5,-1.94073331681061
022100,2015-12-31,-0.02228757376344838,0.016060707189258963,-0.08370393304975127,G1,-2.342979462445323
023150,2015-12-31,-0.10760948239202713,0.026942694148664313,0.17324007648222972,G5,-4.563456610795391
023410,2015-12-31,0.06590664649063263,0.027698886445563942,0.03304928256193771,G2,1.8254998538180345
023430,2015-12-31,-0.019460408456801907,0.021785827805773803,-0.21495858391261558,G1,-1.5974945776864906
023460,2015-12-31,-0.016276100852225688,0.0156841912409002,0.035347609459016625,G3,-2.0159429134673226
023530,2015-12-31,0.09076653645745242,0.021953296395897704,-0.0046678614364573144,G2,3.4356664149176805
023590,2015-12-31,0.014131020327424117,0.026713958998005192,0.19557934249501205,G5,-0.04534382215678538
023600,2015-12-31,-0.1464013319530867,0.014181818983525853,-0.10134243744064897,G1,-11.405001394694692
023800,2015-12-31,-0.016520130246923108,0.018921078535080887,0.05900744322034576,G3,-1.683966562539307
023810,2015-12-31,0.05084425609569622,0.016309503337690125,0.13722434037314052,G4,2.1767629600541194
023890,2015-12-31,0.22759159782588617,0.031085871751200613,0.1662931746351966,G5,6.827836973378598
023900,2015-12-31,-0.004790624125705011,0.01801497036599564,0.09614835204543594,G4,-1.117568169695162
023960,2015-12-31,-0.04869291095145641,0.0247220960270646,0.043329564539951,G3,-2.5902028782141664
024070,2015-12-31,-0.0716008624427047,0.011165749480304493,0.03145735448191508,G2,-7.7865973913707265
024090,2015-12-31,0.1005380703658437,0.02417755005718225,0.03931685842327766,G3,3.5237539300307184
024120,2015-12-31,-0.05568032524873903,0.01671116986345727,0.11232632916826332,G4,-4.250011169916917
024660,2015-12-31,0.02325004284087449,0.018390343999639895,0.22025185056440516,G5,0.429992473642473
024720,2015-12-31,-0.3176767191611953,0.030346751487870912,0.040643902710004044,G3,-10.973795749691059
024740,2015-12-31,-0.029351050126677464,0.04686533429618615,0.04392429161467236,G3,-0.9536554925128932
024800,2015-12-31,-0.06161176213924199,0.03182457492473134,0.07487511814356138,G3,-2.4180714323625785
024850,2015-12-31,0.2519459158119426,0.06378261283742337,-0.47305515449400215,G1,3.70953104542287
024880,2015-12-31,0.033952576749195724,0.014773284100561813,0.1699889312933816,G5,1.259722840851255
024890,2015-12-31,0.0630056445939845,0.022035170482573013,0.20282763070349272,G5,2.1630561605296736
024900,2015-12-31,0.109540457599238,0.020396432420002684,0.04675034540236675,G3,4.618362776694469
024910,2015-12-31,-0.008019608964907415,0.019239960345181092,0.1350047474056964,G4,-1.2142406678136448
025000,2015-12-31,0.11043650635661777,0.019218356344983905,0.11696734345713812,G4,4.9480908417074145
025270,2015-12-31,0.020423417020165084,0.022225227915671164,-0.07479419759790132,G1,0.22861784392541845
025440,2015-12-31,-0.061441149998113315,0.018673581816955186,0.05588264228970733,G3,-4.111877629268156
025530,2015-12-31,-0.06736432149232649,0.013994343805586385,0.15404493196934888,G5,-5.910005926297469
025550,2015-12-31,0.31332941720118307,0.03594207083180622,0.004005019408524787,G2,8.29076001942971
025560,2015-12-31,-0.009454465075613216,0.01936065811205604,0.0059345714741194325,G2,-1.2807828259466743
025750,2015-12-31,0.070810645319946,0.015840447968108025,0.023144861413734168,G2,3.5016883422923675
025770,2015-12-31,-0.15395648882780413,0.026612201250702853,0.2400371015228366,G5,-6.361699303497718
025870,2015-12-31,0.2708052675458388,0.039261543299814614,-0.20483993277546192,G1,6.506696190256782
025880,2015-12-31,-0.12792397061002672,0.034104990316333295,-0.040555630409520635,G2,-4.200743135081556
025900,2015-12-31,0.20819505350480538,0.03232144518090827,0.09526033342719535,G4,5.966710928055497
025980,2015-12-31,-0.23506797125284848,0.034859539418142314,0.16617138890667663,G5,-7.1834082941399435
026040,2015-12-31,0.3375518301351811,0.04338579525830293,0.05084810714480342,G3,7.426612670887601
026180,2015-12-31,0.06106406009185556,0.02092825493144869,-0.03821370908607753,G2,2.1846889245321948
026260,2015-12-31,-0.3653431018113911,0.041429582885805456,-1.6028690524792986,G1,-9.18873444113661
026890,2015-12-31,0.09166553727026572,0.026238771018238717,0.12914405876463744,G4,2.908794923507649
026960,2015-12-31,0.049885552303205176,0.025066480118276804,0.13682972798282647,G4,1.3780642039440252
027040,2015-12-31,0.21728448012153828,0.052270201602091004,-0.06039664520363788,G1,3.86342773891514
027050,2015-12-31,-0.13067277272186287,0.03502003240262915,0.08833668911877018,G4,-4.169473756518683
027410,2015-12-31,0.018086017019568617,0.04438228958105366,0.2539460141190263,G5,0.061819336319380566
027580,2015-12-31,0.1454820356240755,0.04747261220362685,-0.07293250542639537,G1,2.741363835900306
027710,2015-12-31,0.2466738106939174,0.03324656282573486,-0.0053936720162596685,G2,6.958056944807523
027740,2015-12-31,-0.12814100190561073,0.02252096709049942,-0.18587463419325717,G1,-6.3711000803101925
028040,2015-12-31,1.0746810073286919,0.07790606225461642,-0.21397595074481046,G1,13.597641099266136
028050,2015-12-31,-0.2410969025689529,0.04179687140073012,4.633851243230893,G5,-6.135369163008853
028080,2015-12-31,-0.08840996602834679,0.014229450143162108,-0.11306601188343532,G1,-7.29137797440035
028100,2015-12-31,0.006047048502494002,0.012684898822231745,0.04339790256454686,G3,-0.7327835216587035
028150,2015-12-31,0.11639051922123941,0.018675275372955952,0.12250448623426995,G4,5.410800315921233
028260,2015-12-31,0.03360957799876279,0.020601202807563453,0.15156378995063882,G5,0.8867076760548611
028300,2015-12-31,-0.15368168950762182,0.03647983903278425,0.09245107775054531,G4,-4.633354404032707
028670,2015-12-31,0.03150495559114279,0.025759470485486227,0.0196550273315514,G2,0.6274438858095336
029460,2015-12-31,0.30647233782453825,0.03029712355521811,0.20231709252843189,G5,9.609163192030593
029530,2015-12-31,0.015411238718404207,0.012250808308086536,0.023901316512421292,G2,0.0056245582608131055
029960,2015-12-31,0.0580392707058116,0.01927863511804091,0.10159986932482679,G4,2.2147282269232105
030000,2015-12-31,-0.1758672145963309,0.026183688041685534,0.1868098206367602,G5,-7.302620915176295
030190,2015-12-31,-0.08853099865148235,0.030995948685106897,0.21916758382073998,G5,-3.3511906036521895
030350,2015-12-31,0.14328702415686623,0.03752300265915102,-0.311055760031448,G1,3.4097668564999575
030520,2015-12-31,-0.1779700382449069,0.023906223407445814,0.16843018235195023,G5,-8.086278132832613
030530,2015-12-31,0.04783779963403219,0.050393150611719666,0.17777178194518747,G5,0.6448389494651198
030720,2015-12-31,0.14098200862676086,0.03694941784607004,-0.00415803995784203,G2,3.400315420850146
030790,2015-12-31,0.0833716673399037,0.027922833944460403,-0.24146234411237472,G1,2.436333437425562
031310,2015-12-31,0.021618728682515402,0.02299244991171297,0.02347183986730926,G2,0.2729763628183318
031330,2015-12-31,-0.030129565868280212,0.02315660447611075,0.348453926179287,G5,-1.9636686910865584
031390,2015-12-31,-0.14399959074935517,0.023363381636952972,0.07955640303447532,G3,-6.820156711846175
031440,2015-12-31,-0.2607923275393959,0.028803056587852528,0.02763944544337768,G2,-9.586991576067208
031510,2015-12-31,0.10761944048062722,0.022443947274173544,0.11645465488294149,G4,4.111447332327233
031820,2015-12-31,-0.22591669893658156,0.06489135892291767,0.03650849730048475,G3,-3.7178915078122903
031860,2015-12-31,0.3682185568952005,0.03985324530064689,-0.37039426274356196,G1,8.85439117692479
031980,2015-12-31,-0.0269728966481488,0.01703755746160764,0.09746226050849711,G4,-2.483644153619736
032040,2015-12-31,-0.12698609709617253,0.03880112177241617,-0.1510680264907308,G1,-3.668152463846743
032350,2015-12-31,-0.0018767217308710768,0.0217170686155572,-0.3028216755678941,G1,-0.7928811834148456
032500,2015-12-31,0.23987654957104618,0.02972675796190109,-0.8342399007853809,G1,7.553269566949891
032540,2015-12-31,0.026671383982792743,0.034110674253640186,0.0343840341032534,G2,0.33212625951685554
032560,2015-12-31,0.17446235420797912,0.021348003684949678,0.03840129469113616,G3,7.453625323609311
032620,2015-12-31,0.052294704312099885,0.02573775458219882,0.10852173400102944,G4,1.4357262930902368
032640,2015-12-31,0.0707167418981206,0.018470733240020853,0.10474343264313057,G4,2.9979539981015266
032750,2015-12-31,-0.34271014704340863,0.05330952193482011,0.10034982508950892,G4,-6.716482672917637
032790,2015-12-31,2.113044086273824,0.08269328562645933,-1.1009662156654354,G1,25.36725608432337
032800,2015-12-31,0.7003156441519065,0.0456300196670072,0.039325206400340554,G3,15.011462099233837
032820,2015-12-31,0.06955523603484094,0.04268374638738985,-0.4052980535982134,G1,1.2701064758815046
032850,2015-12-31,0.03884849219831451,0.02227855553765378,0.15929921616005388,G5,1.0551024650252838
032940,2015-12-31,-0.06745939663585843,0.039643944366148993,-0.016125768444696247,G2,-2.0886350057511973
032960,2015-12-31,0.07369198063437242,0.03869812087374164,0.07004912051687269,G3,1.5078160381847348
032980,2015-12-31,0.2968314203188564,0.03712478444237848,-0.11375983558687115,G1,7.582241653750834
033050,2015-12-31,-0.10130845609520951,0.02769266565386493,-0.02055434504182347,G2,-4.212335167967568
033110,2015-12-31,0.2808318409986374,0.04869281630176395,-0.5871527895922176,G1,5.452334201003823
033130,2015-12-31,-0.20598784418001287,0.02858162351507468,0.06491067068494003,G3,-7.743793049286055
033160,2015-12-31,0.1674862050022975,0.022868256390668886,0.38203867804868313,G5,6.653059554249384
033170,2015-12-31,-0.03646147160872947,0.026977789293733144,0.0040167143980011305,G2,-1.9202390669607852
033180,2015-12-31,0.8089254308829756,0.0683830197722466,0.07277368819781059,G3,11.604972991726811
033200,2015-12-31,0.089112624939546,0.016069068529942297,-0.041067947330575484,G2,4.590825626809221
033230,2015-12-31,0.1021783272372847,0.027442538059413598,-0.25183905041960336,G1,3.164284357224899
033240,2015-12-31,0.005567671329237314,0.027319239697268825,0.0964362577985899,G4,-0.35779407159245374
033250,2015-12-31,-0.19083192147299627,0.03714616252401137,-0.15004870177936916,G1,-5.550351390215828
033290,2015-12-31,0.168562063241727,0.01886977948410029,0.13767847453227716,G4,8.11984740136984
033310,2015-12-31,0.13595214035657752,0.02892287398435577,0.17925836138739323,G5,4.170049182819156
033320,2015-12-31,0.4175578740620477,0.06101893546955157,0.03994408775313889,G3,6.591651224879526
033340,2015-12-31,0.04348946010006437,0.057556506004918906,0.01257787118789489,G2,0.4890346673289295
033430,2015-12-31,-0.31845727273558666,0.03041223855147581,-0.6240484567072295,G1,-10.975831506251346
033500,2015-12-31,0.17782444993727026,0.03216728585701402,0.15356584863246284,G5,5.051160278992205
033530,2015-12-31,-0.0184975826025552,0.014968341910121924,0.06273348605567096,G3,-2.2607658309171317
033540,2015-12-31,0.044969357172189695,0.017548945737176393,0.05293332575466073,G3,1.6882509230223042
033560,2015-12-31,0.04994193468907943,0.026836442563724087,0.2535261468242455,G5,1.2892767464833734
033640,2015-12-31,0.039691339206058676,0.021230545875326003,-0.08072484033600472,G1,1.1468855306741599
033780,2015-12-31,0.0611641792197648,0.018242972201790122,0.22933325370450902,G5,2.5117533140753863
033830,2015-12-31,0.10752570250696347,0.014028886128276023,0.043010316217693884,G3,6.570968523853743
033920,2015-12-31,-0.027459215981335362,0.031996482473806764,0.09940283061882559,G4,-1.3376954591714028
034020,2015-12-31,0.09099730164050653,0.03837784970323817,-0.2217248566979735,G1,1.9713185833022258
034120,2015-12-31,-0.1771331496112631,0.01568342603680818,0.07534286364008766,G3,-12.27254061025101
034220,2015-12-31,0.09498055011059382,0.022385639005432435,0.1128679233521155,G4,3.5575583416642385
034230,2015-12-31,-0.16899334095802582,0.030607791248089506,0.06151827721826926,G3,-6.022508216853613
034310,2015-12-31,-0.07122161321805832,0.029268325234557274,0.1259657905821396,G4,-2.9575982177888713
034940,2015-12-31,0.08593266763501523,0.025433425928425665,0.012264043744881947,G2,2.7754945204918946
034950,2015-12-31,-0.1576945012073091,0.013716652155255362,0.2064505013215772,G5,-12.615092413373299
035000,2015-12-31,0.06475712352352947,0.014552427860173498,0.11736247736167688,G4,3.3956389040369386
035080,2015-12-31,-0.14059837364293543,0.025378771288790073,0.0679422341782097,G3,-6.144533366166097
035150,2015-12-31,0.2190754584185227,0.026831666726234698,0.2167294693043614,G5,7.5930104217487555
035200,2015-12-31,0.1109010259738801,0.024907021988091936,0.1387209439808295,G4,3.8366165447733356
035250,2015-12-31,0.07471748012061062,0.019921191556122365,0.19810936496807827,G5,2.98050177470582
035290,2015-12-31,-0.32396545977053154,0.03308298688608262,-0.29270555004774645,G1,-10.256262358421004
035420,2015-12-31,-0.015181941017141494,0.024178092203164216,0.31208320446744586,G5,-1.2624765467012349
035460,2015-12-31,-0.02811309397412575,0.055655702072715495,0.03388650343728098,G2,-0.7807902099713615
035600,2015-12-31,-0.24093513430880542,0.030167754146647994,0.0652852889503919,G3,-8.495079428065889
035610,2015-12-31,0.07493986620168552,0.024674537298224216,0.024441182800243898,G2,2.4153455097470595
035620,2015-12-31,0.13633435816042488,0.053909766919710354,-0.04900915850015265,G2,2.244343311802648
035720,2015-12-31,-0.14023915081841137,0.021812548422318143,0.04236860497018068,G3,-7.13265965716124
035760,2015-12-31,0.04553265519207259,0.016990468352735356,0.12022604822315848,G4,1.776897565856613
035810,2015-12-31,-0.005084694219069173,0.029218584479987396,0.07081736586140265,G3,-0.6991107856848274
035890,2015-12-31,0.08685833218592498,0.019103035908251225,0.09883648802284273,G4,3.743698080036669
035900,2015-12-31,0.11188216591138272,0.02191583061625937,0.0650211569756911,G3,4.405027318765023
036000,2015-12-31,-0.061523537791234276,0.021620675485177987,0.03460543807483856,G3,-3.555202110926777
036010,2015-12-31,0.07609238134972736,0.02132033426241113,0.13395762997098398,G4,2.8493947265873576
036090,2015-12-31,0.05022594529519911,0.037892393518945015,0.09987398496236592,G4,0.9205966876815282
036170,2015-12-31,0.1257274635953522,0.033902090935541404,-0.01084213416003102,G2,3.2559977044453072
036190,2015-12-31,0.0545425496712914,0.017113786813463875,0.19621586592928758,G5,2.290563553539081
036200,2015-12-31,0.2521697447309413,0.04332696875147585,0.1019597059052601,G4,5.466050781351763
036220,2015-12-31,-0.5934065086006524,0.038295366968689924,-0.14027234443747227,G1,-15.896148545376137
036260,2015-12-31,0.6968051514813831,0.05762322028434564,-0.14298024674509102,G1,11.826184215066874
036420,2015-12-31,-0.19105785043659393,0.031214505784945175,0.38675700445851047,G5,-6.612316247834829
036460,2015-12-31,0.05456777696147744,0.02237361452302218,0.027521046770068343,G2,1.7532010121914636
036490,2015-12-31,-0.014080069147049398,0.031261458020096874,0.23363397092643418,G5,-0.9411717924822351
036500,2015-12-31,0.12637532071526253,0.07510009690797888,-0.5533631403116878,G1,1.4784666325794409
036530,2015-12-31,-0.15894173180626936,0.017681750849846946,0.11425252703351203,G4,-9.856719881397451
036540,2015-12-31,0.0976932459233891,0.02402844723157105,-0.5550834963801533,G1,3.427225729420196
036570,2015-12-31,0.1938181325386332,0.025905496212027885,0.13388397301335378,G4,6.889495485611807
036580,2015-12-31,-0.3175846221392211,0.02705275386279997,0.07598960802823715,G3,-12.306582803400275
036630,2015-12-31,0.013341771421450307,0.09466081598170836,-0.06499209931117773,G1,-0.021134002397249448
036640,2015-12-31,0.05537094849481261,0.0236791395613588,0.07926391863500822,G3,1.6904590243980255
036690,2015-12-31,-0.2558366421354886,0.021242374254917006,0.14660832302755736,G5,-12.765944720423695
036710,2015-12-31,0.2484903910185054,0.051967477065837736,-0.06914743015536821,G1,4.486422486698674
036810,2015-12-31,0.07321538626566781,0.03053838262202226,0.14250152344473105,G5,1.895092272850111
036830,2015-12-31,0.036531904742126,0.02318704361416735,0.22367807617064658,G5,0.9138539505677122
036890,2015-12-31,0.09453091362976979,0.02061354671619789,0.1865074914477334,G5,3.8415795877674457
036930,2015-12-31,0.055451389065064104,0.029417708782369666,0.06815823825270731,G3,1.3634323471095258
037270,2015-12-31,-0.007099157417020345,0.03383126763490383,-0.0457266564450086,G2,-0.6633357931643302
037330,2015-12-31,0.00612711663962745,0.03235642515333221,0.04579992580448262,G3,-0.284803301045661
037340,2015-12-31,-0.7016105113339032,0.07078495969008423,-3.013005978286115,G1,-10.128604265740217
037370,2015-12-31,0.00662883225472409,0.015000981447058465,-0.07710109633971066,G1,-0.580862066216198
037400,2015-12-31,-0.06838576814575588,0.02658827877461217,-0.042027943073669506,G2,-3.149060613846016
037440,2015-12-31,0.1314147618534218,0.023001492650031978,0.08425789330113602,G3,5.0462998330644036
037460,2015-12-31,-0.08881785227129436,0.026095474891614984,0.1827948624747161,G5,-3.991503739144311
037760,2015-12-31,0.11648526761875368,0.050591673477565165,0.12741191083883097,G4,1.9992011991908532
037950,2015-12-31,0.2838254885650431,0.030295358229074913,0.13372939385103405,G4,8.862187837542795
038010,2015-12-31,0.1302650423992971,0.01560305471631355,0.09249351351818302,G4,7.365398068226217
038060,2015-12-31,-0.030329316411244707,0.028363386733204453,-0.027784893715272964,G2,-1.61023259225638
038070,2015-12-31,0.046495398756733,0.02834947530908491,0.047226618976941845,G3,1.0988938978146214
038110,2015-12-31,0.1817332530257116,0.036712360124253746,0.03150018072613454,G2,4.532286105530257
038290,2015-12-31,0.007404126983686716,0.01994394146534841,0.11789534780920875,G4,-0.39802595507206223
038340,2015-12-31,-0.22435500162967809,0.06290840909781964,-0.3490397648013049,G1,-3.810259048043851
038390,2015-12-31,-0.22277937695950772,0.02065416611807676,0.13879587749540973,G4,-11.528991726489226
038460,2015-12-31,-0.023207925999345645,0.04250709179952582,0.05647901040985086,G3,-0.9069135925480794
038500,2015-12-31,0.13685553447541926,0.03272643409248308,-0.0074224730453040545,G2,3.712998513638742
038530,2015-12-31,-0.1895797444643886,0.0453047730857468,-0.4820400392545655,G1,-4.523189585562495
038540,2015-12-31,0.3324035222070173,0.02426163067872426,0.23554904757917175,G5,13.068420382465234
038620,2015-12-31,-0.3603194340144376,0.03387344165648509,0.025352028127674463,G2,-11.090156446380767
038680,2015-12-31,-0.03436913578374287,0.026541159503266475,0.06427867273104358,G3,-1.8729953795333658
038870,2015-12-31,0.219230749414653,0.034193854090463154,0.21645272391075318,G5,5.962721123565455
038880,2015-12-31,0.3033876929506794,0.02823827258244185,0.01836825403491308,G2,10.200530460083755
038950,2015-12-31,0.030278406153701424,0.019079039340195177,0.0012495466575464238,G2,0.7828524567744463
039020,2015-12-31,0.1062104020357005,0.023038081437706054,-0.12798443855886724,G1,3.9442550347810164
039030,2015-12-31,-0.006202868467278862,0.03442827376655848,0.10125309232239478,G4,-0.6257996537003221
039130,2015-12-31,-0.2749760930630462,0.03247390001785572,0.2160557028973839,G5,-8.940054204661235
039200,2015-12-31,0.3544370106066592,0.050112835685947175,0.011233736381862779,G2,6.766623214028498
039230,2015-12-31,0.0722519997460403,0.04800966681629883,-0.0026963224433280636,G2,1.1853793243444606
039310,2015-12-31,0.050364125292184224,0.020364026060052515,0.1189820908024597,G4,1.7197872294787562
039340,2015-12-31,0.011053612466720989,0.018066365730660432,0.1680446020898795,G5,-0.2373870279474052
039420,2015-12-31,0.2869625072100261,0.05175522171599192,0.10866617355308496,G4,5.2481694575132005
039560,2015-12-31,0.08457503405038694,0.02331728936593648,-0.02558701160997832,G2,2.9691573334503265
039570,2015-12-31,0.014689380176744938,0.02421372929682223,0.11074611806951186,G4,-0.026966236740495603
039670,2015-12-31,0.412493108333541,0.04581297074788312,-3.565940393794905,G1,8.668959216502214
039740,2015-12-31,-0.17613021444899235,0.034088330017021495,0.012249644667881077,G2,-5.616953006695157
039790,2015-12-31,-0.1880285860615291,0.03082046181233744,0.012115913867515428,G2,-6.598568205537173
039830,2015-12-31,-0.1959073033143619,0.023880217155526382,0.09388505501601621,G4,-8.846219248002425
039840,2015-12-31,0.5413347336757938,0.03109374581910461,0.16811693879482195,G5,16.91634077806349
039860,2015-12-31,-0.08510127167844148,0.025852330312706773,-0.19452238103930347,G1,-3.8852824405699855
040160,2015-12-31,-0.22027376493734277,0.0346541985059767,0.09481247002472948,G4,-6.799063560221717
040300,2015-12-31,0.10132092514335808,0.020989311011435797,-0.020678882011599894,G2,4.096303673959582
040350,2015-12-31,0.3800923699928398,0.05479720442446385,0.32833048776469687,G5,6.656362135449855
040420,2015-12-31,-0.0030779751698605043,0.007274777384695147,0.11292538675404812,G4,-2.5320786505367043
040610,2015-12-31,0.04588873120557223,0.02773867055763385,0.03995420057151245,G3,1.101220687875842
040910,2015-12-31,0.5077346089228377,0.03790763359648182,0.01328178926846942,G2,12.989264400698517
041020,2015-12-31,0.034419871055992673,0.02919962385943647,-0.35464688535428174,G1,0.6533487490967815
041440,2015-12-31,-0.1419626204292333,0.015097033754233016,0.1206675346506866,G4,-10.419593432945748
041460,2015-12-31,0.0956874370679478,0.03197930718267664,0.1683852430966568,G5,2.5124091424387656
041510,2015-12-31,0.012111344730308072,0.023877945982299302,0.08803057872638263,G4,-0.13531266908051376
041520,2015-12-31,-0.1259396781603215,0.020669033457400763,0.2080791700441902,G5,-6.835443553025327
041590,2015-12-31,-0.4803537261078835,0.04926792496318286,-0.14151407893555654,G1,-10.061232735327147
041650,2015-12-31,0.12378735931785743,0.020316698332766274,0.2480559241313646,G5,5.337728808505594
041830,2015-12-31,-0.15456904642496075,0.030907068673151773,0.27206986182934306,G5,-5.4974925495245035
041910,2015-12-31,0.2664486588467844,0.041074115801042595,-0.022563911181309806,G2,6.1134931480881
041920,2015-12-31,0.4537858853863496,0.04480558896143192,0.23707401524852778,G5,9.785465657653175
041930,2015-12-31,-0.01966169454551951,0.013767396707376716,0.10215941695551528,G4,-2.5425306339939566
041960,2015-12-31,0.09884551259711515,0.04167112384036704,-0.12305834856484682,G1,2.003861944872527
042040,2015-12-31,-0.10517130837813018,0.043202938188975346,0.2435621378755919,G5,-2.789477909681072
042110,2015-12-31,0.0032329069930011937,0.018404777545251196,0.16899158331362268,G5,-0.6579501605253905
042420,2015-12-31,0.010967387596740392,0.02444556290974612,0.15211739906551824,G5,-0.1789668641603952
042500,2015-12-31,-0.13260317436559688,0.03983037686523129,0.11062429355748982,G4,-3.714388849483237
042510,2015-12-31,0.23858044170783452,0.05579202073695383,0.08016082785224518,G3,4.00125511544054
042520,2015-12-31,-0.09360281108923654,0.028670459464512344,0.12791557097877082,G4,-3.799909260520214
042600,2015-12-31,0.014020335134714988,0.02617512508592975,0.1393866121540946,G4,-0.05050589803404469
042660,2015-12-31,0.04877875689930509,0.04104910779820461,-5.048483892224237,G1,0.8145469014903706
042670,2015-12-31,0.3981860223780873,0.05026449936610664,-0.21401039121517532,G1,7.616582157842111
042700,2015-12-31,0.18491511562259758,0.028045147048201505,0.14463850859566751,G5,6.04642157867162
043100,2015-12-31,0.1328080072134127,0.054355136470479216,-0.18698298590973428,G1,2.16107771054675
043150,2015-12-31,0.13461105043059388,0.026114626564496316,0.26512280009873734,G5,4.567123209772804
043200,2015-12-31,0.09556117785552526,0.05231562387230501,0.2425525083270767,G5,1.533363048828295
043260,2015-12-31,-0.06557560652084797,0.03378523281014923,-0.08258782877215522,G1,-2.3950682923775264
043290,2015-12-31,0.0821085227689702,0.02719472077678557,0.06033377852800769,G3,2.455115828680653
043370,2015-12-31,-0.050894347710667434,0.022191881771292957,0.02181144324786458,G2,-2.9847257536169556
043580,2015-12-31,-0.47672330517962536,0.07187889450793498,-0.06681301621871448,G1,-6.845759689009097
043590,2015-12-31,0.1572678600723064,0.025030933794701407,-0.12356507374381968,G1,5.670005278389419
043650,2015-12-31,0.12317018362051402,0.0246117990501014,-0.021041519697123864,G2,4.381144591164556
043710,2015-12-31,0.9744897523199603,0.06623876733373164,-0.4210419261506541,G1,14.48015199549445
043910,2015-12-31,0.12467545173448766,0.03364116496841382,0.01921529435702181,G2,3.249980150919529
044060,2015-12-31,0.3301829428229213,0.03179765359476932,0.17593607707172082,G5,9.901378683532137
044180,2015-12-31,0.18565412973035963,0.029274621601711705,0.036031700947716544,G3,5.817728362612485
044340,2015-12-31,0.0896543621068379,0.028701135113539427,-0.17080210579530936,G1,2.5891668911188375
044450,2015-12-31,-0.026055352400528805,0.014787180798498991,0.10965327351279701,G4,-2.799565806219418
044480,2015-12-31,1.6403907184237179,0.10932320781443912,-0.06962486756922397,G1,14.864624059044052
044780,2015-12-31,0.00642209380310798,0.02483048655582962,0.0011651174451725917,G2,-0.3592454586086665
044820,2015-12-31,-0.2605278363669886,0.03290444286913811,0.036523961926052076,G3,-8.38397935492983
045060,2015-12-31,0.4160602203357624,0.06470658992624441,0.07677100580020584,G3,6.1928450789816925
045100,2015-12-31,0.17080711713531363,0.02712505380836767,0.2946124283048266,G5,5.731409231491432
045300,2015-12-31,-0.02849975885463902,0.017212818796064615,-0.006695657936602611,G2,-2.5470605777826467
045390,2015-12-31,-0.041248903215079215,0.019733684896558787,0.0807520576839342,G3,-2.8677480584622623
045510,2015-12-31,0.09951985912227881,0.04672923208555619,0.12442044309260868,G4,1.801389024215624
045520,2015-12-31,0.14922277635762352,0.030088225929865965,0.18635156622155147,G5,4.449595776645599
045890,2015-12-31,0.024562023975825596,0.021587999696274857,0.06717409485157273,G3,0.42707479952777605
045970,2015-12-31,-0.00470661192689702,0.015021104621616684,-0.021220124028673463,G2,-1.3347184355122697
046070,2015-12-31,-0.2208624372057397,0.03340971835989111,0.10264519308884805,G4,-7.069941984983643
046110,2015-12-31,0.09273073313733536,0.04829139214359665,0.09148714678449674,G4,1.6025298996120079
046310,2015-12-31,-0.037231026285067643,0.033468641366834494,0.09608514449825133,G4,-1.5708244335994515
046390,2015-12-31,0.23560134805185587,0.02106179515072468,-0.06625202223749965,G1,10.457751257301732
046890,2015-12-31,-0.028844321112725595,0.026002434738756314,0.05919094965048051,G3,-1.6993275779748134
046940,2015-12-31,-0.18932140701514835,0.03433449564471828,0.26816148043753435,G5,-5.960878018022244
046970,2015-12-31,-0.2088979364028423,0.03963106449974393,0.057162214842516414,G3,-5.658194463528087
047040,2015-12-31,0.13729251264332848,0.028085741883880667,0.05962858943096335,G3,4.34206722450819
047050,2015-12-31,0.32938498304844444,0.041887915353232046,0.055155273925537394,G3,7.497213625143552
047080,2015-12-31,0.0391502038381213,0.03815190658769253,-0.15222514051504124,G1,0.6240283287039761
047310,2015-12-31,-0.19876705505191314,0.02320835446088436,0.019269820157292082,G2,-9.225530777983808
047400,2015-12-31,-0.023601875209255607,0.02359245084795612,0.06747821751847634,G3,-1.6507063549085563
047440,2015-12-31,-0.048250312797565316,0.029014171218164585,-0.05262153585721311,G2,-2.1917788260340134
047560,2015-12-31,-0.25967098618883006,0.042077174120216866,-0.06837779611077666,G1,-6.535926550971194
047810,2015-12-31,-0.16120435108118408,0.025225479553149317,0.28249248631067564,G5,-6.998744425949917
047820,2015-12-31,-0.018867308093491277,0.03275659547617823,-0.009558680006027097,G2,-1.0443588819144247
048260,2015-12-31,-0.014706093096051996,0.021903412470632693,0.23898251588994426,G5,-1.371860502087205
048410,2015-12-31,0.07613932189232116,0.027903668908280197,0.03544577023664771,G3,2.1788170135916
048430,2015-12-31,-0.053284956158540425,0.02350185984067126,0.1346027532581665,G4,-2.9200790897880533
048550,2015-12-31,-0.02796950445510262,0.020538398323048747,-0.10052549327516407,G1,-2.10882256284952
048770,2015-12-31,0.1211144008393375,0.02628903978713689,0.044777085234686834,G3,4.023428332203977
048830,2015-12-31,-0.3844360503997789,0.03366241219258457,-0.03981494731204596,G2,-11.876106247109014
048870,2015-12-31,0.19599874063798584,0.09097048137601736,2.502066390417342,G5,1.9858794256339853
048910,2015-12-31,0.2380705525127523,0.03369455672942687,0.0911103577734812,G4,6.6102136605614135
049070,2015-12-31,-0.03636243860193091,0.01733827397418554,0.10405702755926631,G4,-2.9821175978788887
049080,2015-12-31,0.1269222095527842,0.0276014371459308,-0.27932483226726135,G1,4.0425386413584175
049120,2015-12-31,-0.037034774995896524,0.025427968913099862,0.01703201807944944,G2,-2.0598227293823084
049180,2015-12-31,0.4104095843192792,0.0600469976407188,-0.29032152309589515,G1,6.579300656292008
049430,2015-12-31,0.0702702611172467,0.023384921204100316,0.15741177267073295,G5,2.3488609307044537
049470,2015-12-31,0.015796533668287007,0.028496774102345072,0.04002548206908401,G3,0.01593865794501663
049520,2015-12-31,-0.001327038038793995,0.02253011846926006,0.15594666037782773,G5,-0.7398705601513322
049550,2015-12-31,0.3958482713027568,0.055243520228170175,-0.6790805696336562,G1,6.887793109451289
049630,2015-12-31,-0.33762559695924693,0.04327413085059165,0.026492816343250267,G2,-8.156557355507337
049720,2015-12-31,-0.1234431522690571,0.021380310457561256,0.36099667262372725,G5,-6.491275506867499
049770,2015-12-31,-0.13502592612966569,0.029686533337815957,0.13956811991391838,G4,-5.065201037517357
049800,2015-12-31,0.04280412550509523,0.024609117735838047,-0.31905807748766063,G1,1.1159194111119854
049950,2015-12-31,0.564880101603771,0.04915936631427607,0.06147377222963252,G3,11.178699187398795
049960,2015-12-31,0.1168038375916577,0.02150369041055671,0.316296739041869,G5,4.718329845769838
050110,2015-12-31,0.6719482294208114,0.07200393563834462,0.10165131986904397,G4,9.119027873496021
050120,2015-12-31,0.13355516724889557,0.025837988359716364,-0.04168021035264492,G2,4.575156249387672
050540,2015-12-31,-0.1754462477632004,0.02050862283685029,-0.3387078092798538,G1,-9.302847032406344
050760,2015-12-31,0.20965007775060893,0.05515367849028249,-0.04080634024751494,G2,3.5230242068352817
050860,2015-12-31,-0.132196840500904,0.022213314323123377,0.035001136348553834,G3,-6.641925274548227
050890,2015-12-31,-0.07423931788312049,0.022212248437298618,0.05886523713324189,G3,-4.032984390091237
051160,2015-12-31,0.10254459713205245,0.03888928169158785,-0.1765636163323384,G1,2.242321277370929
051170,2015-12-31,0.20911905986944,0.08003634220733244,-0.3567733266082565,G1,2.4211092260329963
051360,2015-12-31,0.24318937623546272,0.03357022810472681,0.21633742126338862,G5,6.787175892619201
051370,2015-12-31,0.051612977246214886,0.025463727854980574,-0.38829374676342,G1,1.424404318151995
051390,2015-12-31,0.051932538183445884,0.023302749255117855,0.019587352280032666,G2,1.5702097829541062
051490,2015-12-31,-0.19324675574612094,0.024909501347347415,0.06099126778535923,G3,-8.373876544970125
051600,2015-12-31,-0.2857538481861763,0.03593134743419185,0.28142482126519586,G5,-8.37976316003641
051780,2015-12-31,-0.04860020137681619,0.03232498115140616,0.026016230087131477,G2,-1.9781151429184352
051900,2015-12-31,-0.08396871211428786,0.02688109971485065,0.3048094979253874,G5,-3.6944561978897057
051910,2015-12-31,0.015607898484053676,0.025080047099063522,0.11826156357046602,G4,0.010588702232950402
051980,2015-12-31,-0.0817189803860609,0.03727523074685711,-1.8746191657762008,G1,-2.6039091314700453
052020,2015-12-31,0.7406455245660107,0.045472887620082156,-0.2454367295083223,G1,15.950233846868398
052220,2015-12-31,-0.09364781869611771,0.014405507216808245,0.024279334190836114,G2,-7.5658670249584885
052260,2015-12-31,-0.17928381974231214,0.025829567095757247,0.1122659990765479,G4,-7.535014131445303
052270,2015-12-31,0.26584557382111135,0.052661546126372194,-3.072460590792558,G1,4.756853129352565
052290,2015-12-31,0.04401467539233601,0.02362028356534698,-0.4196984628260907,G1,1.2138864455068406
052300,2015-12-31,0.18059653428074632,0.03556278179424527,0.06628495212358815,G3,4.6468299893838525
052400,2015-12-31,-0.3508695193853933,0.04839225152335943,0.17846758946765323,G5,-7.567572104843117
052420,2015-12-31,0.5441412800588816,0.0881639682024512,-0.14417136223139077,G1,5.997903196816931
052460,2015-12-31,-0.04093400933360635,0.03315568977247682,0.09839403249516425,G4,-1.6973359038259475
052710,2015-12-31,0.0725805296084613,0.03406954403867271,0.1452127149559083,G5,1.6800399855705812
052790,2015-12-31,-0.1585099758567461,0.0380237410654539,0.0019604376138799844,G2,-4.572204215540254
052860,2015-12-31,-0.04149326473184912,0.04334449172515438,-0.9882587012663798,G1,-1.3112530751444635
052900,2015-12-31,-0.1907970175672657,0.025304315891892616,0.02132007610580679,G2,-8.146410745948879
053060,2015-12-31,0.09173864848384458,0.019040397943763325,-0.15164227890488902,G1,4.012327650721966
053110,2015-12-31,-0.1515166110932077,0.04052864304840354,-0.5244416269632819,G1,-4.117062202829259
053160,2015-12-31,0.3376373661013638,0.06298349669160831,0.055015336019547105,G3,5.11713464157305
053210,2015-12-31,-0.027182297643194013,0.02163654019613571,0.1967753800817563,G5,-1.9654080823939788
053260,2015-12-31,0.16176129951407567,0.05221303444124424,0.08719230768458447,G4,2.804260808582363
053270,2015-12-31,-0.06941955184692554,0.02519878534864653,0.0878373135956872,G4,-3.363729005486035
053280,2015-12-31,-0.08142570718356833,0.02137025398205836,0.20855616919082287,G5,-4.528165205623871
053290,2015-12-31,0.24643548252417666,0.020851365254652695,0.14130175429546754,G4,11.082878572628625
053300,2015-12-31,-0.07212958718538649,0.02897633767194449,0.1348579562286496,G4,-3.018736236063814
053320,2015-12-31,,,-0.08888856380875042,G1,
053350,2015-12-31,0.10627011081754491,0.049639733610080256,0.17581345570232979,G5,1.8317539372481049
053450,2015-12-31,0.031704028204203295,0.021376703473551372,0.0666245359033291,G3,0.765398410990437
053610,2015-12-31,0.01942331021903162,0.013136585128317715,0.12125562535148793,G4,0.31065736230804697
053620,2015-12-31,0.011448681015773213,0.02206075821523998,0.0664594436178009,G3,-0.1764967586141396
053690,2015-12-31,-0.01204797471975899,0.024139793821134643,0.13648143211040012,G4,-1.1346537694581222
053700,2015-12-31,0.03329291412911916,0.018389591365856287,0.1312506880643689,G4,0.9761272253778542
053800,2015-12-31,-0.30922378864485783,0.028742982074495802,0.08519558993541378,G4,-11.292012816797632
053810,2015-12-31,,,0.07872485532679693,G3,
053980,2015-12-31,0.04509409679974552,0.029007218984950827,-0.4853050939512183,G1,1.025667558198104
054040,2015-12-31,0.046886978896971604,0.011757653240134417,0.10292981962014043,G4,2.6829032052043793
054050,2015-12-31,0.01974329542690509,0.014430921616702154,0.003283867644754711,G2,0.304967500376286
054090,2015-12-31,0.03043666991048234,0.024191414669788816,0.11856298322337794,G4,0.6239542739928895
054210,2015-12-31,0.3814827084751576,0.062465300483804345,0.13203030079852077,G4,5.861500261841454
054220,2015-12-31,0.1434409335736616,0.049245070642190684,-0.28799303123613773,G1,2.6012471617936903
054340,2015-12-31,0.038271383100840196,0.02137001284700452,-0.29303725734105435,G1,1.0729544213035367
054540,2015-12-31,0.0963824462282948,0.018660010383394203,0.022745204850069343,G2,4.342983269027555
054620,2015-12-31,0.42063247026771006,0.05180921699140519,0.09494402128568412,G4,7.822741984338649
054630,2015-12-31,0.08464546344698284,0.0886192135879652,-0.3141061229459166,G1,0.7820327816930789
054780,2015-12-31,-0.012878044424556492,0.021184857634696467,0.1022750178014483,G4,-1.3321013643098834
054800,2015-12-31,-0.01048487830008481,0.01273492434916822,0.10565094473255315,G4,-2.0280616456983536
054930,2015-12-31,0.06155201266645561,0.022170660162385367,0.016058565760598015,G2,2.0842716903631677
054940,2015-12-31,0.14387579928765534,0.028738072991049794,0.11024600236713132,G4,4.472584713468874
054950,2015-12-31,-0.11045115006830208,0.016280228831324788,0.06444303065997672,G3,-7.726763837593988
056080,2015-12-31,-0.2528797577182426,0.02569539772834885,-0.07307127500178265,G1,-10.438526536433244
056190,2015-12-31,0.2214234363912568,0.023491433387952322,0.08051073885634476,G3,8.772606577664734
056360,2015-12-31,0.18770081820422152,0.022709451794358317,0.12934997527561387,G4,7.589724597125987
056700,2015-12-31,0.47802420898159703,0.029069635405765692,-0.03571738132091877,G2,15.916328814928825
057030,2015-12-31,0.0863776603142569,0.020532145900652818,0.010032837033345673,G2,3.459712751148189
057050,2015-12-31,0.13151474463654317,0.017745085159872095,0.10773956399086458,G4,6.546737322282155
057540,2015-12-31,-0.027877084024245012,0.026883436451357157,0.13515197984231547,G4,-1.6076596991526537
057680,2015-12-31,0.085410101976732,0.03669765242219125,-0.21097473844025796,G1,1.9093256385258137
057880,2015-12-31,-0.1836722756036661,0.05505222828685122,-0.4510207158790676,G1,-3.61501459850141
058370,2015-12-31,-0.08933314952490805,0.039629507208216036,-0.7350398697132784,G1,-2.64135211947677
058400,2015-12-31,0.46951529541718096,0.04196016982685105,0.04732361350252311,G3,10.823906670492415
058420,2015-12-31,0.7436464464470257,0.07259079265897488,0.02204206877375397,G2,10.033009510382406
058430,2015-12-31,0.13787546263115882,0.020128392472530215,0.06865532251822436,G3,6.0875765148682355
058530,2015-12-31,-0.03393709604403777,0.03296862474794147,0.01452228735202798,G2,-1.4947371858587477
058610,2015-12-31,0.04243168864742682,0.028040198808060232,0.07426220644315176,G3,0.9660899874328492
058650,2015-12-31,0.1120729575218588,0.018822333852379212,0.0950158968125758,G4,5.1391408178799445
058730,2015-12-31,0.016538227387818613,0.025391161546263932,0.12888980892190186,G4,0.04709883209975704
058850,2015-12-31,0.02963744591364068,0.014473457733113471,0.11338355345075005,G4,0.9876777784483329
059090,2015-12-31,0.04191546635897732,0.027598091712839907,0.20919385977115823,G5,0.9628612478768215
059210,2015-12-31,0.46546496707241225,0.03959137568082868,0.045455569128864365,G3,11.369209227984507
060150,2015-12-31,0.13038009274748233,0.02524948269573447,-0.017532805533441262,G2,4.556044208920881
060230,2015-12-31,0.06383505322811961,0.052187792409217997,-0.33526930923922205,G1,0.9291966120073123
060240,2015-12-31,-0.1820685877117486,0.02651922292810242,0.015224469433316795,G2,-7.444068839433662
060250,2015-12-31,-0.32787169905874,0.027849256044283635,0.13850233804073883,G4,-12.323992850879828
060300,2015-12-31,0.013099559148854798,0.037797624411472094,-0.08894976200776077,G1,-0.05933637945240309
060310,2015-12-31,0.053371746542629855,0.03196862211967241,-0.15104486633468311,G1,1.1895856213926255
060380,2015-12-31,0.07704186794053888,0.01593338508587845,-0.08421650890623628,G1,3.8723431508530504
060540,2015-12-31,-0.00872681526312865,0.025861286824507237,0.11530909324219091,G4,-0.9307018927477745
060560,2015-12-31,0.012286880154695874,0.016532534641646467,0.054050450438891104,G3,-0.1848145638201521
060570,2015-12-31,-0.22460324910197,0.024477043056097943,0.013213803478000576,G2,-9.80288272097989
060590,2015-12-31,0.011993026952211733,0.03284349938657383,0.03200735393762682,G2,-0.10197775644122618
060720,2015-12-31,-0.009014662946245103,0.028866770804804247,0.11203564510414969,G4,-0.843772808683011
060900,2015-12-31,,,-0.4934497938492841,G1,
060980,2015-12-31,-0.15527329056645237,0.02553852575909511,0.09804348931616257,G4,-6.680715461385779
061040,2015-12-31,-0.20432292275386377,0.019790405771397818,0.12075303572317037,G4,-11.099583233642909
061250,2015-12-31,0.022681298885553328,0.026798937516994626,0.07356903643352486,G3,0.27385285508300394
062860,2015-12-31,0.049381170689195,0.025280601646711375,-0.011072801471767242,G2,1.3464409522978904
063080,2015-12-31,0.18683037089616528,0.027826240724638896,0.13638197553352574,G4,6.162817293928854
063170,2015-12-31,0.031786199438398804,0.03302809468387483,0.2257986972836195,G5,0.49787510489043757
063440,2015-12-31,0.08963352525451279,0.029197730438941822,-0.5638988652396111,G1,2.544416665416407
063570,2015-12-31,0.13494034430218224,0.04633141243731564,0.1154678940698107,G4,2.581359053766379
064090,2015-12-31,-0.6810802909088038,0.0688242254873399,-0.3866065697682139,G1,-10.118858865622004
064260,2015-12-31,-0.09119026960273159,0.019101493782213926,-0.020335338953655684,G2,-5.577187006979589
064350,2015-12-31,0.19668468987090174,0.030975028919559694,-0.2065613041937296,G1,5.85446932135249
064520,2015-12-31,-0.03198157594108217,0.06501131070648415,0.062074541146439004,G3,-0.7279334743468794
064550,2015-12-31,0.35039240018481727,0.05371164475570589,-0.15557245062379557,G1,6.237940922780826
064820,2015-12-31,-0.11600619345618268,0.036271658117242894,-0.035951312149420614,G2,-3.6212440678876843
064960,2015-12-31,-0.19609622534680143,0.02608139512992869,0.17258337621477401,G5,-8.106873026800114
065060,2015-12-31,0.09624634630766862,0.028925124137658124,-0.02264563421120705,G2,2.7970152380091244
065130,2015-12-31,0.033163493199983574,0.02465159554469333,0.08643797643537722,G4,0.7229211526832209
065150,2015-12-31,-0.06896711936669221,0.02180540712805181,-0.08991544490911627,G1,-3.8664470791542658
065160,2015-12-31,0.33705173471308497,0.04769870100466915,-0.6439450258045804,G1,6.744615568215579
065170,2015-12-31,-0.3536466985246526,0.04510003644716246,-0.25922382512719516,G1,-8.181568373903197
065270,2015-12-31,-0.380902465435247,0.05805340202520704,9.48110649492031,G5,-6.825522449081091
065350,2015-12-31,-0.1538751643048781,0.021449742612027242,0.07244405357076637,G3,-7.889022292665099
065440,2015-12-31,0.20452945042976067,0.030192746892236545,0.0056794823301698355,G2,6.26597897076642
065510,2015-12-31,-0.0008199115104395053,0.031151765965896232,0.1158314905004078,G4,-0.5188227486514452
065560,2015-12-31,-0.2903555353268064,0.053155708060377026,-0.3573088281755507,G1,-5.750988554473062
065620,2015-12-31,0.3117630460408262,0.04883997246454637,-0.09020297460517096,G1,6.0692235836674335
065680,2015-12-31,-0.028994575765203222,0.015289578724097202,0.09168146467452559,G4,-2.8998123426814355
065690,2015-12-31,-0.1369668650073102,0.022777315651789275,0.05037728579952046,G3,-6.686880959507572
065710,2015-12-31,0.1366567629077251,0.03247393526866006,0.07103738423969644,G3,3.7357477180004692
065770,2015-12-31,-0.324048349349073,0.04695611230841047,-1.22216884816621,G1,-7.227827560622324
065940,2015-12-31,-0.2899398194725633,0.04271391885036564,0.09512076949639593,G4,-7.147135196734199
065950,2015-12-31,0.1217692819950738,0.028244980291431004,-0.000770626337211395,G2,3.7679951468767148
066110,2015-12-31,-0.009451728352117716,0.027060724759943446,0.44659294030635216,G5,-0.9162379021774157
066310,2015-12-31,0.20276256867694478,0.04972972089540887,0.030540049741930607,G2,3.7687771410941986
066430,2015-12-31,-0.47581973339588135,0.0502068352955194,-0.42451149939592003,G1,-9.782772880190825
066570,2015-12-31,0.1470337540063442,0.01982982984281084,0.04568302798778171,G3,6.641076686835749
066590,2015-12-31,-0.14374513039391515,0.03560767931843992,0.08420122879817779,G3,-4.467785229824367
066620,2015-12-31,0.15174603886465268,0.03588580030005017,0.1721850318290716,G5,3.8010495625237226
066700,2015-12-31,0.006582771363265407,0.027824185599119734,-0.056793081203314534,G2,-0.31481826984165306
066790,2015-12-31,-0.013548496678691176,0.04312755573732158,-0.08141110505828912,G1,-0.6698925899717301
066910,2015-12-31,0.14857638043751167,0.050947565131526845,0.3144625401870134,G5,2.6151209927347803
066970,2015-12-31,-0.16270804083794366,0.02559657335794848,-0.08211454798784217,G1,-6.956023827149783
066980,2015-12-31,-0.0642957035628641,0.023160814592426675,-0.14998218444105396,G1,-3.438481689769157
067000,2015-12-31,0.048425640223856904,0.0270080154458432,0.06382320501653278,G3,1.2249440154854263
067080,2015-12-31,-0.003985334198632867,0.03282951614313671,0.10458788164864359,G4,-0.5887283701562199
067160,2015-12-31,-0.21398834657771185,0.030210232040277476,0.10652978640612279,G4,-7.591159167704917
067170,2015-12-31,0.24794100167804295,0.025186187052311824,0.03653896350395057,G3,9.235167985594689
067280,2015-12-31,-0.10727226853156939,0.02178953291822597,0.2086780423845167,G5,-5.627224884767542
067290,2015-12-31,-0.051404166081861775,0.029554541430199314,0.03439383666366949,G2,-2.258417697761754
067570,2015-12-31,0.0061157988427174,0.01619662317118545,0.03112160277666827,G2,-0.5696579091270306
067630,2015-12-31,0.037159981660141506,0.04264429224033347,-0.6504202692207267,G1,0.511619426202431
067770,2015-12-31,0.20832744185937302,0.019980001514853192,-0.13960819287276247,G1,9.658913608318498
067830,2015-12-31,-0.0484361812524916,0.015139990074123269,0.10049820320643817,G4,-4.212586287941686
067920,2015-12-31,0.145096700351718,0.016824168257238085,-0.07120773921613092,G1,7.712379300686192
067990,2015-12-31,0.10104037201729402,0.02340447602011307,0.09460342327875715,G4,3.6616089422516658
068060,2015-12-31,,,0.03599390456745961,G3,
068150,2015-12-31,-0.2953757765010602,0.05595798950496224,-0.4852797922542374,G1,-5.552703243686762
068240,2015-12-31,-0.07430549660773672,0.031019290475069974,0.06910613812739176,G3,-2.8900670701388056
068270,2015-12-31,0.3069763857451903,0.039377750108344656,0.09012442940058604,G4,7.406061839730552
068290,2015-12-31,-0.1713556338857869,0.028740464225308744,0.08048234439424974,G3,-6.495996924597853
068330,2015-12-31,-0.011423411371424646,0.030208865532796357,0.1172684592171432,G4,-0.8860228357698388
068400,2015-12-31,-0.04218020418235745,0.025011285695326572,0.09943118434530833,G4,-2.2998632783775292
068760,2015-12-31,-0.030497781707641607,0.029183100359449127,0.004485959379358874,G2,-1.5707760476563781
068790,2015-12-31,0.4198609699184436,0.035419580767004195,0.10656721984798481,G4,11.420762974189337
068870,2015-12-31,0.12228045011796304,0.025423432491377435,0.05393259234546016,G3,4.206281619167619
068930,2015-12-31,-0.0686463858913302,0.01129052388673743,0.10554185356687137,G4,-7.438868210829616
068940,2015-12-31,0.08104698128797541,0.022781831281526374,0.0240157782578765,G2,2.8840810531294525
069260,2015-12-31,0.24386550571161678,0.024058818848665744,0.08910736508082363,G4,9.498520015289817
069410,2015-12-31,-0.192870741018793,0.029964501865433108,-0.07924206339824386,G1,-6.948657958246248
069510,2015-12-31,-0.056880918252398896,0.007749886073500463,0.16086944074527723,G5,-9.319266231885454
069540,2015-12-31,0.0748120241412725,0.03703262427523771,-0.12867900966480425,G1,1.6058729828580978
069640,2015-12-31,0.33769582856169356,0.03241456524957672,0.025226496533920267,G2,9.944711358810206
069920,2015-12-31,0.028017973226814777,0.02936848184394074,-0.024578446951455463,G2,0.43160691658621353
069960,2015-12-31,0.0926023156800359,0.017657977261814433,0.0964379902291184,G4,4.3753585816297385
071200,2015-12-31,-0.0539516478562896,0.02187688544127969,0.10253103524059666,G4,-3.1674518466358785
071670,2015-12-31,-0.062019771727964315,0.02309001054377458,-0.05904808669498364,G2,-3.3504577624437526
071840,2015-12-31,-0.13341015818284552,0.016677551283294484,0.0803365244781506,G3,-8.919324485314625
071850,2015-12-31,0.013983725763039804,0.01795217199409961,0.11654676797498728,G4,-0.0756792866478805
071950,2015-12-31,-0.447388160883091,0.03583563284592807,-0.3116130232374028,G1,-12.912580509067345
071970,2015-12-31,-0.04789602472230111,0.031066158379013376,0.1024857539002186,G4,-2.035602770194942
072130,2015-12-31,-0.1157599911995002,0.02072084045157674,0.03572977524702998,G3,-6.327075624138469
072470,2015-12-31,-0.13781964475945999,0.03874919730195796,0.0766471316447553,G3,-3.952649054876143
072520,2015-12-31,0.3487745769120865,0.07454491293829216,-3.433177410350487,G1,4.4729040579169554
072770,2015-12-31,0.0454354662079193,0.04282891763913808,0.0056429119809729145,G2,0.7026358482402125
072870,2015-12-31,-0.06069877328648819,0.013423697104543487,0.12135019113155579,G4,-5.664691778100689
072950,2015-12-31,0.019255285633605915,0.03719674515367841,0.06619532476503058,G3,0.10519609401592064
073070,2015-12-31,-0.14170359788011722,0.013453753921339925,0.10547696379319539,G4,-11.673019451050697
073110,2015-12-31,-0.16873248933583332,0.023088001231712268,0.06626468275558471,G3,-7.9727483042721214
073190,2015-12-31,-0.1733936623955614,0.02656900772995302,-0.0742079364674745,G1,-7.103614769780054
073240,2015-12-31,0.23609720282836744,0.02197726220740575,-0.05193558530923313,G2,10.044693802699665
073490,2015-12-31,-0.1226844686051749,0.00925685899225382,-0.03565528582091771,G2,-14.91075990830255
073540,2015-12-31,-0.07382513948840515,0.03380046178290197,-0.002057126768320994,G2,-2.6380548702102056
073640,2015-12-31,0.20298752901717093,0.05554841543683851,-2.3071380410891,G1,3.3780476762149974
074430,2015-12-31,0.409100784365782,0.03234123605174073,-0.06207098288322574,G1,12.17512065409309
074600,2015-12-31,-0.1893813891654686,0.022394083165776367,0.18467331373232757,G5,-9.141866670017096
074610,2015-12-31,-0.09040967660937706,0.04723478371978647,0.01005609481655385,G2,-2.2388587734426584
075130,2015-12-31,0.1564633765754396,0.03520548160791786,0.07677923284249531,G3,4.008496313550432
075180,2015-12-31,-0.03347169753541571,0.011155271601580096,0.1660668101018015,G5,-4.375871122836196
075580,2015-12-31,0.10370561581166449,0.014846487208101718,0.17507783480800454,G5,5.9517972999102025
075970,2015-12-31,0.0009768407465753919,0.014798814745374157,0.016368625142165992,G2,-0.9707191308174409
076080,2015-12-31,0.37291069826743256,0.06517222427692558,-0.014782008079785197,G2,5.486514675557841
076610,2015-12-31,0.0073675796050877256,0.026287282934482462,0.08155588763910797,G3,-0.3033692659725086
077280,2015-12-31,-0.07907017897407767,0.028969746054964596,-0.07324076921522986,G1,-3.2590037941057943
077360,2015-12-31,-0.017308969734686083,0.026914346510532046,-0.09788946557630032,G1,-1.2131560784967372
077500,2015-12-31,-0.020012846919469498,0.018813450143312465,0.014737640894671259,G2,-1.8792502163868317
078000,2015-12-31,-0.04972282028387868,0.013148137323398085,0.08713273712301725,G4,-4.948621391520131
078070,2015-12-31,0.11826368766564546,0.027115086476747634,0.17764706328358104,G5,3.7957228873517215
078140,2015-12-31,0.23349588977721902,0.0331617261329202,0.16362569699757945,G5,6.578474099010215
078160,2015-12-31,-0.1273005068753941,0.027741183307238546,-0.0036886535151276724,G2,-5.1419162127632605
078340,2015-12-31,0.06512037388358019,0.02650644846163245,0.33544634046714317,G5,1.8779596452651732
078350,2015-12-31,0.21377067155561058,0.04766197292219419,0.13175078771543391,G4,4.163242225541139
078520,2015-12-31,0.257060258438816,0.029182387198914802,0.10936496434098834,G4,8.28300726249261
078600,2015-12-31,0.027910227055452687,0.027323155281719767,-0.08905758078854017,G1,0.4599722686686836
078650,2015-12-31,0.14775826375042234,0.041769279288150836,-0.4508445477380529,G1,3.1701751304732935
078890,2015-12-31,0.08972868129993473,0.024921542238216535,0.12324749760793774,G4,2.984821214336081
078930,2015-12-31,0.1643766572675795,0.020766401807715575,0.15180074913693162,G5,7.176704241505805
079160,2015-12-31,-0.22080780495378607,0.027874061543650228,0.16350301919040736,G5,-8.472039064608971
079190,2015-12-31,-0.00030928821510583376,0.025801919228812434,-0.15419896264293567,G1,-0.6066068732965155
079370,2015-12-31,-0.03148977089010439,0.019460988409581284,0.17127227018377933,G5,-2.4064607222303636
079430,2015-12-31,0.01112621905156813,0.026860469564060484,0.16442612775180265,G5,-0.1569635360137704
079550,2015-12-31,0.04175555315054344,0.02784594221807901,0.18182057985118258,G5,0.9485482520344133
079650,2015-12-31,0.1032589277684668,0.02450919384764867,0.23142401132634938,G5,3.5870863391766723
079660,2015-12-31,-0.08861898078991588,0.021848702727435557,0.19206591226623493,G5,-4.7582373846253265
079810,2015-12-31,0.2235974255052071,0.04078314412015485,0.14363021392153685,G5,5.1064011042972774
079940,2015-12-31,0.1187861627634349,0.03053222853593765,0.12172485850190613,G4,3.3880209336290035
079950,2015-12-31,0.3509267381183912,0.03592625321208269,0.035288022408314385,G3,9.34092410928603
079960,2015-12-31,-0.008318280034025079,0.021077914953261896,0.12011480450882342,G4,-1.1225310197817653
079970,2015-12-31,0.3596376179604978,0.04171235768590544,0.039862200937131546,G3,8.254035583884088
079980,2015-12-31,0.14216886432062215,0.01581432844097277,0.07680898193364927,G3,8.019722839365
080010,2015-12-31,-0.0790256843579143,0.028502614096632184,0.04857886976862644,G3,-3.3108548349745215
080160,2015-12-31,-0.09249542289507358,0.02621141129903653,0.1682173856733776,G5,-4.11415299230266
080220,2015-12-31,-0.1427877268626268,0.024917348287567722,-0.010631467648445081,G2,-6.346183324605919
080420,2015-12-31,0.06057180354988745,0.050659102064808496,0.11985145905851151,G4,0.8928202114339057
080440,2015-12-31,0.2412650957877148,0.03954024306431876,-0.04827863101285714,G2,5.71374237854028
080470,2015-12-31,-0.24906349355297563,0.02963501512663456,0.025597252202634292,G2,-8.922074976390798
080520,2015-12-31,0.01150715521999971,0.02178348717186997,0.10565011809166938,G4,-0.17605896076575633
080530,2015-12-31,-0.2239294442613618,0.0395412531415068,-0.09968029264277602,G1,-6.051193591118878
081000,2015-12-31,-0.026693660871945996,0.022473574376515502,0.16395277342636255,G5,-1.870463216087522
081150,2015-12-31,-0.10252905504581371,0.020302673366830497,0.017163302981349552,G2,-5.8057077631815455
081580,2015-12-31,0.15130037895791928,0.0356835920642262,0.14243324885464778,G5,3.810099761814274
081660,2015-12-31,0.013976094221490112,0.013725739078286779,-0.3666117385636484,G1,-0.09953847323270987
082210,2015-12-31,0.08973826985012211,0.034933541291510405,-0.020562243247580873,G2,2.129641993520668
082270,2015-12-31,-0.21503792758632775,0.03442384154249171,-0.11837320003947747,G1,-6.6924622760445525
082390,2015-12-31,-0.42212377206111795,0.06086634403988016,63.58813563254801,G5,-7.187323508502822
082660,2015-12-31,-0.09138922915630233,0.024824413235482755,0.022381271005326064,G2,-4.299459627794102
082740,2015-12-31,0.10014323113427538,0.03003114783103119,-0.2883448086436292,G1,2.82376478841469
082850,2015-12-31,-0.0711866302937937,0.027165698775743034,-0.024238311142905124,G2,-3.1852287085061475
082920,2015-12-31,0.10602772652861464,0.02570460214735048,0.15235131312028977,G5,3.5279827587072297
083310,2015-12-31,0.3964257780882623,0.051066155144763106,0.14857610506056673,G5,7.462544295230918
083450,2015-12-31,-0.11087894451300911,0.022205231156941223,0.11120870559055115,G4,-5.684303709979007
083470,2015-12-31,0.007028815119538602,0.01923192051138529,0.12532904092270092,G4,-0.43227706816243955
083550,2015-12-31,0.1581026550179544,0.036397139605589796,0.10850756806043303,G4,3.92229508229532
083640,2015-12-31,0.0677748636591254,0.024828806290689478,0.04650416380403914,G3,2.111762028022011
083650,2015-12-31,0.203879107535436,0.06430949698643697,-0.729986506960532,G1,2.931709670219712
083790,2015-12-31,0.10350098959247571,0.033127367836307806,-0.07444897517318416,G1,2.6612031687745485
083930,2015-12-31,0.1187268659688266,0.0353079501064296,0.12469554021727153,G4,2.928080852155359
084010,2015-12-31,0.22900526950117098,0.02452486081252239,0.11726112097624133,G4,8.7120957709469
084110,2015-12-31,-0.1884013825183071,0.029328468053658182,0.2156655754109052,G5,-6.946960730402936
084370,2015-12-31,0.0951147511394916,0.024349947057942963,0.1135715557803491,G4,3.2760817761259355
084690,2015-12-31,-0.350221624707591,0.030922088319132877,0.09303883370331104,G4,-11.822097986012594
084730,2015-12-31,0.12638283776964065,0.039534459626687134,0.012277139649733163,G2,2.8087017119958593
084870,2015-12-31,-0.013106313973649007,0.03111500026695547,-0.00804749772662437,G2,-0.9143065101366931
085310,2015-12-31,-0.28112207942875483,0.030134844879703603,-0.025091941661679076,G2,-9.837927288013441
085370,2015-12-31,0.017570715913072882,0.02729529255920883,0.0779410955062463,G3,0.08163981297895098
085660,2015-12-31,-0.019988394791142013,0.020286855411583603,-0.012350266542143508,G2,-1.7415576444785927
085670,2015-12-31,-0.06637659795315608,0.03892813436605778,-0.06296600372567517,G1,-2.0992254732284774
085810,2015-12-31,-0.0845248392846603,0.01835884205292005,-0.018602400766103543,G2,-5.4397315653200105
085910,2015-12-31,-0.04038967481500538,0.01669379303611515,-0.05554822359144869,G2,-3.338486827275787
086040,2015-12-31,0.03908344822646251,0.02669940868755792,-0.19434007716884377,G1,0.8892000257740796
086060,2015-12-31,0.13715915709708615,0.05271253002584103,0.03917057308326231,G3,2.3109652240944443
086200,2015-12-31,-1.0035436297692821,0.06735783861972554,-0.40288887930709166,G1,-15.126464625072424
086250,2015-12-31,-0.15446685159005782,0.042682366730923675,-0.15461635694609285,G1,-3.9784388244891584
086280,2015-12-31,-0.010026511985979376,0.02161992119837342,0.19135812277396128,G5,-1.1734013776711327
086390,2015-12-31,-0.003634274985176711,0.042811537241445964,0.4510796498297782,G5,-0.4432592133164217
086450,2015-12-31,0.14355441831484353,0.028751525054914476,0.1833890273965991,G5,4.459314235910245
086670,2015-12-31,-0.0819332067470999,0.02226188546763215,0.04932874743469135,G3,-4.36960023991983
086830,2015-12-31,-0.36454813878663417,0.05553978494361147,-1.9580770228680349,G1,-6.83997016743337
086900,2015-12-31,-0.11848352259465243,0.03205610952742664,0.45789212043606914,G5,-4.174737917384726
086960,2015-12-31,-0.18179095026527808,0.022566433851165066,0.13658660183670834,G4,-8.735686147788643
086980,2015-12-31,0.08446043579349578,0.024373240215762107,0.10786458333743568,G4,2.8358191954906338
087220,2015-12-31,-0.0901740033145359,0.05468977076178134,-0.42732710195471335,G1,-1.9293614725042298
087600,2015-12-31,0.10979259933503399,0.0478211603473401,0.09593661970745514,G4,1.975072652266878
088130,2015-12-31,0.39277204654363057,0.046465155639787335,0.12130165250392536,G4,8.12285481482624
088290,2015-12-31,-0.0036219243773260856,0.02754875198035277,0.043858567910183034,G3,-0.6883889957768083
088390,2015-12-31,0.030499731064543276,0.025308738993890915,0.057039363555646476,G3,0.5988997608639721
088790,2015-12-31,-0.0828021832539336,0.024788388574936832,0.05056740947356063,G3,-3.9592939367789066
088800,2015-12-31,0.06402869485219104,0.029899117181910986,0.07516355798910296,G3,1.6283544836003736
089010,2015-12-31,-0.11076157895246608,0.01952329800664469,-0.14858620237427747,G1,-6.4591501007094365
089030,2015-12-31,0.17330398056492272,0.02670220523112327,0.22139462951958913,G5,5.91567796982828
089230,2015-12-31,-0.8719314309545326,0.060058783674472406,-0.4860251698993672,G1,-14.773422137501527
089470,2015-12-31,-0.08466324424432126,0.026503912377688926,0.27510441352850845,G5,-3.7732383111045738
089850,2015-12-31,-0.24967150437884453,0.03241322170799213,-0.1189974050038762,G1,-8.17610295266741
089980,2015-12-31,-0.0043262741010843125,0.03886546159503731,0.10993486823496806,G4,-0.5060690553313562
090120,2015-12-31,,,-0.18329321884569932,G1,
090150,2015-12-31,-0.14641206545263752,0.027374707819223864,0.028124660884448226,G2,-5.90889955261473
090350,2015-12-31,0.06092933214605781,0.02698029887096611,0.15519599179390384,G5,1.6896402456750141
090360,2015-12-31,0.10976106318068461,0.029846129748646828,0.25344931782450636,G5,3.1635166985639764
090370,2015-12-31,-0.07703343539778641,0.025670553705358253,-1.6749273053207605,G1,-3.59851095505735
090410,2015-12-31,0.020409276326699494,0.014336629180788832,0.028734982370554957,G2,0.3534263828317403
090430,2015-12-31,-0.05426873323773042,0.022956063209997817,0.2307902682539255,G5,-3.032360816150164
090460,2015-12-31,0.01947824065941691,0.018895839821251904,0.09008337276362402,G4,0.218879254121957
090710,2015-12-31,0.12046379153099539,0.05093811858320158,0.12435320430968358,G4,2.063709087055467
090730,2015-12-31,-0.00379303261633601,0.015496058902565953,-0.008829980476967765,G2,-1.2348537179670087
090740,2015-12-31,-0.042130667686114495,0.026261126882646577,0.07378097838653602,G3,-2.188519985310536
090850,2015-12-31,-0.0905015270367957,0.021929670935824385,0.15423441759625509,G5,-4.826513844182775
091090,2015-12-31,-0.02017689053166566,0.028352658524090094,0.034649320063821945,G3,-1.252765197832145
091120,2015-12-31,0.313178320891989,0.03342053145382467,0.12169199596611742,G4,8.911766946918826
091340,2015-12-31,-0.025151588465869148,0.029241133895855753,0.05680054382788268,G3,-1.3848273443644241
091580,2015-12-31,-0.24223910708930593,0.029858075567415432,-0.07024352928706896,G1,-8.62686008818806
091590,2015-12-31,-0.1048733029207957,0.012509646116401426,0.023868681713877564,G2,-9.609835093297646
091700,2015-12-31,0.23688834288608562,0.0314543820101775,0.1724263745507172,G5,7.043406844905363
091970,2015-12-31,0.02829409400784259,0.02239040393498554,-0.24689561368282145,G1,0.5784514076707582
092040,2015-12-31,0.0444563526793977,0.03794446683808626,0.027909333724902362,G2,0.7672797056365954
092200,2015-12-31,-0.05506348656701971,0.022034431920141855,0.10741964255486551,G4,-3.1952636743947322
092220,2015-12-31,0.06709033469252688,0.019039375715383767,0.003363459915727072,G2,2.717946330424128
092230,2015-12-31,0.060947302613394996,0.011019776288932154,0.08236054146864592,G3,4.138465980100302
092440,2015-12-31,-0.05317401585005198,0.01371090286577332,0.10254500102640385,G4,-4.997216438198496
092460,2015-12-31,0.242446168962797,0.02828027556569476,0.09433291739840925,G4,8.030467563935296
092600,2015-12-31,0.3713727639194524,0.03462768108652329,0.15069397136387414,G5,10.28167117793753
092870,2015-12-31,0.09090246509624911,0.03903219940031163,0.08873748153710832,G4,1.9358409959934906
093050,2015-12-31,-0.0365332275497697,0.013057787072591644,0.07208831193513969,G3,-3.9727681723337382
093230,2015-12-31,-0.17036288755266482,0.04098567698836099,-0.06330857977999792,G1,-4.530978491308909
093240,2015-12-31,-0.050196490709937786,0.024401648002540414,0.2581971370192315,G5,-2.6858359745394234
093320,2015-12-31,0.10286024481359668,0.023307229800362553,0.1128686064277733,G4,3.754968403791256
093370,2015-12-31,-0.17580959519886072,0.03004325124347521,0.13607136503096762,G4,-6.362557999567653
093380,2015-12-31,-0.0672516787967593,0.021294035826733608,0.04937235442075727,G3,-3.8787392301838777
093520,2015-12-31,-0.09605562443385991,0.024385481790509644,0.15241813638506327,G5,-4.568208195523418
093920,2015-12-31,0.05534909425241682,0.021136973274453026,0.19204107445338778,G5,1.892738397291595
094190,2015-12-31,-0.04086212998961408,0.021412906202186652,-0.4363888785643368,G1,-2.6247937945577835
094280,2015-12-31,-0.0766307304284626,0.024785891177834748,0.1848113606639988,G5,-3.710702314550811
094360,2015-12-31,0.26670233573239216,0.06623489562236884,0.11162500932065732,G4,3.794978463198024
094480,2015-12-31,-0.06147764547189439,0.027008148419712937,0.04958762878501243,G3,-2.8443260015987506
094820,2015-12-31,0.015065477742073086,0.01053736439314069,0.1450711172392887,G5,-0.026273703834371918
094840,2015-12-31,0.021297169202436246,0.042014012639603936,0.01727829473009558,G2,0.1417345189135703
095190,2015-12-31,0.02857952161593657,0.021003172370204035,0.028939288012368218,G2,0.6302470907386386
095270,2015-12-31,0.20715597502437483,0.05407608050495411,-0.18044612171770444,G1,3.5471069630031478
095300,2015-12-31,-0.8927085751615353,0.07211186476937523,-0.8653653005391488,G1,-12.5922538738799
095340,2015-12-31,-0.08533046972608908,0.02996806181263055,0.06780272252195386,G3,-3.35933647257068
095500,2015-12-31,-0.13242456549952566,0.027805484648070887,-0.014997089614705831,G2,-5.314307616037575
095570,2015-12-31,-0.10089329948039848,0.02950894430100796,0.09612073404249033,G4,-3.93899665227134
095610,2015-12-31,0.21079005002731516,0.04137829713688954,0.14787114943088459,G5,4.7234354774773095
095660,2015-12-31,0.010882628808993568,0.03484825236017718,-0.05394096012774249,G2,-0.1279749836016476
095720,2015-12-31,0.34715630261070324,0.027981761587841075,0.07147212641766815,G3,11.858223015578588
095910,2015-12-31,0.06844891605359191,0.018162458717579506,0.05907305967023371,G3,2.923975412473012
096240,2015-12-31,0.22052826566757874,0.029132856443462928,0.05353910290774341,G3,7.043110679258049
096350,2015-12-31,-0.21897707633400668,0.023483762296873042,-0.03312066916838154,G2,-9.977933122689654
096530,2015-12-31,-0.09176963189152962,0.03021376910639767,0.06590358535369084,G3,-3.5451374784677996
096610,2015-12-31,0.0827042470872613,0.01990242571444067,0.04431901386333284,G3,3.3846082241649555
096630,2015-12-31,0.5353063232285472,0.06739324415786765,0.11659142646712511,G4,7.715372607337407
097230,2015-12-31,-0.019504384706089027,0.039936557674405494,-0.23180151236054067,G1,-0.8725518689798064
097520,2015-12-31,-0.23819041659079523,0.030479048571510587,0.2546635267163274,G5,-8.318263259736755
097780,2015-12-31,1.0189291045344762,0.0501815053435827,-0.5774795362130462,G1,19.999136421472127
097870,2015-12-31,-0.1283248878268755,0.02572209494408207,0.14931415776697898,G5,-5.585362369298874
097950,2015-12-31,-0.07138934539044672,0.019642634326463255,0.06774262389266206,G3,-4.41548100332612
098460,2015-12-31,0.06860251991396452,0.022087235610346378,0.18886597962664414,G5,2.411355930648125
098660,2015-12-31,0.03400334367357552,0.019882383135986555,0.1441673373915243,G5,0.9385701006066167
099190,2015-12-31,0.0789428160891486,0.024470298538805495,0.1432224202456673,G5,2.5990889590070325
099220,2015-12-31,-0.001500471029592311,0.05395124012704881,0.021784279591992393,G2,-0.3121856758670016
099320,2015-12-31,0.5894726692546595,0.0330830091566682,0.09889961846820804,G4,17.35423561993618
099660,2015-12-31,0.2109810134104603,0.032225116351566774,0.027546830049737958,G2,6.070999959868728
099830,2015-12-31,0.1210255981127274,0.050035883933842985,-0.7507883471853719,G1,2.1121494509645835
100030,2015-12-31,-0.04769072969920647,0.034408691291830766,-0.0038409877007914294,G2,-1.8318936485534094
100120,2015-12-31,0.13519464132520667,0.030891675193060047,0.2259420968112902,G5,3.8797607200919524
100130,2015-12-31,0.1637844878719291,0.037071930936419265,0.11655069876500913,G4,4.004165706749497
100220,2015-12-31,0.3792106838127979,0.0254717885401329,0.133874621886629,G4,14.285151194081248
100250,2015-12-31,0.05227524887909658,0.02361727022544478,0.02851628327181664,G2,1.5638096695007735
100700,2015-12-31,-0.10239954649113478,0.026032295507199817,0.06264476001022953,G3,-4.522915767912358
101000,2015-12-31,0.3055067131011047,0.04798561107706524,0.15545025780424634,G5,6.046903920880892
101060,2015-12-31,-0.1767367473178297,0.015665840209765948,0.05277489110313806,G3,-12.261013650032163
101160,2015-12-31,0.39707682051982857,0.05449990061975593,-0.09535157709537341,G1,7.004315289487307
101330,2015-12-31,0.006944941484962209,0.03212117675476005,0.19470641839106007,G5,-0.2614285246298363
101390,2015-12-31,0.03378904959414248,0.022551617030056214,0.07797722779504815,G3,0.8179775417533852
101400,2015-12-31,-0.089542085818505,0.02897443971752031,-0.4529756983200055,G1,-3.6198946441893276
101730,2015-12-31,-0.531239686216409,0.03580591812845383,-0.2742248238285858,G1,-15.265130685627943
101930,2015-12-31,0.03279454726968669,0.01431343757795668,0.0501640725024162,G3,1.219288786589641
102120,2015-12-31,0.1934699193096566,0.030667386715455176,0.08974640234139315,G4,5.808371858647932
102210,2015-12-31,-0.05419523022617301,0.012719280627054652,0.10050821040654531,G4,-5.467098776922641
102280,2015-12-31,0.1003758043085426,0.05347897204222772,0.0006449493434900966,G2,1.5900356294819147
102710,2015-12-31,-0.023286221798425377,0.032823189276165045,0.2623089641779028,G5,-1.1768678176501663
103140,2015-12-31,0.08748740565905781,0.021777268146053765,0.07302109304419524,G3,3.3128614591081216
103590,2015-12-31,-0.00011687952123252791,0.016057521691286325,0.029802730538348726,G2,-0.9627396525925198
104040,2015-12-31,0.2685961891951408,0.030239946017393087,0.1361356430455597,G4,8.374811771031059
104110,2015-12-31,-0.1911320259960542,0.034787337690682645,0.06253161339919235,G3,-5.935330871401783
104460,2015-12-31,-0.22516754722533439,0.04083204499426483,0.04693896744613783,G3,-5.890223734629239
104540,2015-12-31,-0.04290455141157888,0.017166607018565823,-0.004904003125522147,G2,-3.3930342019199093
104830,2015-12-31,-0.01459956949246241,0.019872403582819418,0.13896624234489213,G4,-1.5067076662876273
105330,2015-12-31,0.1289359233894264,0.026442315616651457,0.034169128627264185,G2,4.295901754707143
105630,2015-12-31,0.08384448312588869,0.023583186799620726,0.3225246249930188,G5,2.904702845064902
105840,2015-12-31,0.0573975116310649,0.011478967203157516,0.15394121414570486,G5,3.6636726591712425
106080,2015-12-31,-0.1524046154426692,0.024820239526428735,0.009965394790020368,G2,-6.758474212039114
106240,2015-12-31,0.060013265820668515,0.024192434751950407,0.04562954297386585,G3,1.8464835369136958
106520,2015-12-31,-0.28340470980138266,0.0492824156451594,-0.1797628496336369,G1,-6.061939927736871
107590,2015-12-31,0.0715712697709791,0.01126279980673207,0.20355381527287594,G5,4.992447473321534
108230,2015-12-31,0.040549173443704484,0.024077418193368214,0.12505840453243747,G4,1.046907932899302
108320,2015-12-31,-0.12358463615659686,0.02696449227170206,0.17320408899750195,G5,-5.152219003052669
108380,2015-12-31,0.1716967794745682,0.016488789446284166,0.12743038330651926,G4,9.48246968951806
108670,2015-12-31,-0.038519985214744784,0.02449337331759206,0.12085511652392694,G4,-2.1990567754663735
108790,2015-12-31,-0.11452040277752411,0.021344059669148405,0.13470546497501362,G4,-6.084256609278809
109610,2015-12-31,0.7402180879306952,0.0679849926043481,0.2131501811945236,G5,10.66229070312499
109740,2015-12-31,1.282207086308937,0.09197741985730792,0.28373426577913746,G5,13.773649608142893
109820,2015-12-31,0.2153655661139772,0.02882399265446703,-0.23748643406205394,G1,6.939470016470638
109860,2015-12-31,-0.034644389952124,0.010581329250825848,0.10118210139323605,G4,-4.724049512168424
111610,2015-12-31,-0.20794148041828742,0.5579674485711721,-0.6498234272034137,G1,-0.4001735483376313
111770,2015-12-31,0.15283300938310096,0.025878068136071342,0.1400248176280872,G4,5.313019323035165
111820,2015-12-31,0.2292554828794962,0.04582628014830736,-0.007689938726868741,G2,4.667914324572643
111870,2015-12-31,0.030741928587746294,0.01165421968772726,0.10578129197224465,G4,1.3213750613119013
112240,2015-12-31,0.005999002001664967,0.019050205194275943,0.02426485214700798,G2,-0.4904583040646599
112610,2015-12-31,-0.17670493400386802,0.028555047419676398,0.07921645763112267,G3,-6.7255103630074
113810,2015-12-31,0.06371040385771722,0.03123233276024561,0.06475610638747567,G3,1.5486537907904747
114120,2015-12-31,-0.13819829047928586,0.032487464217190676,0.13982605725209668,G4,-4.726149840016553
114190,2015-12-31,0.1014061469244998,0.04734596123385253,0.0035395474316677732,G2,1.8177646276115849
115310,2015-12-31,0.019624164963421193,0.014160010365627893,0.18066492092352213,G5,0.302389018053378
115390,2015-12-31,0.17471448623251773,0.028985391916900163,0.03853245157176075,G3,5.4983611522692994
115450,2015-12-31,0.5527741098148757,0.049497741801473476,-0.12820586626729902,G1,10.857702935965936
115480,2015-12-31,0.4481019485711713,0.05772513744273222,0.0189065305274648,G2,7.49690056030042
115530,2015-12-31,0.06779518786816106,0.04325888882874528,-0.7063241947864155,G1,1.2125335614254873
115570,2015-12-31,-0.1059824008607136,0.019622168976211926,-0.11034485475397957,G1,-6.183044001971934
115610,2015-12-31,0.10183724861943681,0.030620789782976138,0.04215833262993015,G3,2.824712095903908
117930,2015-12-31,-0.09186403442142548,0.03251510019312474,-0.2678609676808237,G1,-3.297125554527044
118000,2015-12-31,-0.09142654258494846,0.029641618879137813,-1.253380282926382,G1,-3.6019920623642867
119860,2015-12-31,-0.036050297301545124,0.020622114919581977,0.11409963629463321,G4,-2.4921125129643205
120110,2015-12-31,0.15613668522641896,0.021671609583098907,-0.0700740116950589,G1,6.496718730245458
121440,2015-12-31,0.2343194044841414,0.03558530196423391,-0.036955288552736755,G2,6.15358193028396
121600,2015-12-31,-0.3259604609384804,0.039470303173710246,0.13175241616613673,G4,-8.647078102484485
121800,2015-12-31,0.17557231888785765,0.06311091510572475,-0.08853047239753768,G1,2.5388632899095764
121850,2015-12-31,0.10818385787552957,0.07056513445691447,-0.09707982499447944,G1,1.3156855047003881
122350,2015-12-31,-0.09191582623015508,0.023294384821809747,0.21224838736833385,G5,-4.604464139489368
122450,2015-12-31,-0.04121032007923869,0.02293924872225554,0.10079566694142728,G4,-2.4653228227873445
122690,2015-12-31,0.1328406325685392,0.03992102183386193,0.030979504731151596,G2,2.943268830246753
122870,2015-12-31,-0.1198192642087894,0.018844594181365994,0.12330962038288273,G4,-7.172433443845339
122900,2015-12-31,-0.2740427357897319,0.021902472551004845,0.14625967359199085,G5,-13.212438387911083
122990,2015-12-31,0.08157091455611559,0.02400160681386306,0.2217892855990327,G5,2.7593394782439895
123040,2015-12-31,0.0529813538921828,0.022633938827456117,0.09321554882236946,G4,1.6629461114029096
123100,2015-12-31,0.11260043098624178,0.03637922344541182,0.021774175574303004,G2,2.673451724412076
123260,2015-12-31,-0.4011627251507485,0.033524403163071835,-0.4196540700816521,G1,-12.423936571162438
123330,2015-12-31,-0.3700554036013096,0.03250735773938447,0.058424610678844,G3,-11.855707868490098
123410,2015-12-31,-0.015462714951234989,0.02153596846869509,0.15386680006248435,G5,-1.4303999529599447
123420,2015-12-31,-0.08010593823840538,0.029841953093408473,0.2617139784687673,G5,-3.198459272185554
123690,2015-12-31,-0.07305451365091283,0.02503217517431145,-0.16197843854336377,G1,-3.531329034280683
123700,2015-12-31,0.1050068154721892,0.012732904729519927,0.21146274589114158,G5,7.0419502889217425
123750,2015-12-31,0.39414421282413437,0.029368713923734895,-0.07556990185584234,G1,12.89814325797443
123840,2015-12-31,0.16628987792874986,0.060764825751207674,0.1477546830975933,G5,2.484127004880229
124500,2015-12-31,-0.032183108967101644,0.0283062149218947,-0.18654155258918928,G1,-1.6789755335205307
126560,2015-12-31,-0.0190330269924162,0.011983341852710131,0.08376775274919548,G3,-2.868595484320198
126600,2015-12-31,-0.19599555153791726,0.026964819422916925,0.17206501727489643,G5,-7.837541262806983
126700,2015-12-31,0.024258607397404982,0.029505318738376217,0.12804189719410178,G4,0.3021920943519472
126870,2015-12-31,-0.043181521985367594,0.01923377788028689,0.009178362467577195,G2,-3.042764436761187
126880,2015-12-31,0.31106224088105183,0.03557017705324567,0.11827763582208177,G4,8.313703558603313
127120,2015-12-31,-0.15454407664937397,0.028521940588464918,-0.8126603956962678,G1,-5.956341205318062
127160,2015-12-31,0.044585414968182246,0.047588816885738405,-0.03843147013389516,G2,0.6144948235435667
127710,2015-12-31,0.00933585894016889,0.02082069125653698,0.13066120542404566,G4,-0.28848582975258347
128820,2015-12-31,-0.014595728145309003,0.031094759461304647,-0.8634203188819525,G1,-0.9628008705421324
128940,2015-12-31,-0.018415650268606216,0.027310256626557002,0.2813940398175716,G5,-1.2360917754655094
129260,2015-12-31,0.0378291395044662,0.024048083794984812,0.09116476613297964,G4,0.935076838671964
130500,2015-12-31,0.43743509136259695,0.0712090402212007,0.08889793427846876,G4,5.9275164602428685
130580,2015-12-31,0.015546308586653602,0.03166342704346331,0.18697703242343977,G5,0.006441982828968319
130660,2015-12-31,0.06523861351854848,0.01836843855219244,0.43117886639574354,G5,2.716413811845732
130960,2015-12-31,-0.20927614144976964,0.02841111358403399,0.03803097719046984,G3,-7.906007419199871
131100,2015-12-31,-0.06123860362692324,0.03170028880585905,-0.329356718219639,G1,-2.4157804185715297
131180,2015-12-31,-0.08076740540201298,0.024793823696586118,0.12675975175450746,G4,-3.8763580765712926
131220,2015-12-31,0.002493705795113266,0.027349221702668194,-0.07947162329680141,G1,-0.46979865379374
131290,2015-12-31,-0.28158139743496174,0.022403544711764357,0.022906613402391886,G2,-13.253426392493017
131370,2015-12-31,0.021978666340127587,0.048820361949055514,-0.041529723389792536,G2,0.1359337117106862
131390,2015-12-31,-0.2835283585630921,0.04149074261247899,0.056740267600167746,G3,-7.203310258576462
131400,2015-12-31,0.5222547759486916,0.041907527667852995,-0.4445713593499264,G1,12.095975850281611
133750,2015-12-31,0.10027447395554588,0.028979190438049928,0.18135163051000805,G5,2.9307975598481844
134780,2015-12-31,0.012339125699895578,0.01959672284990634,0.11841291955034877,G4,-0.15325050297642473
136480,2015-12-31,0.07355086399713659,0.012880607375761978,-0.013978946059955144,G2,4.51908275485028
136490,2015-12-31,0.052068851622011816,0.014814885752999513,0.14251595055993485,G5,2.479028114087388
136510,2015-12-31,0.6053081845861947,0.04885341279226154,0.009215709791894518,G2,12.076246418270966
137400,2015-12-31,-0.08097086900832699,0.037542514799023916,-0.010385556369597548,G2,-2.5654435473290245
137940,2015-12-31,0.44249812279207557,0.052525830011004894,0.08744581737253421,G4,8.132299658458459
137950,2015-12-31,-0.030953290768717688,0.022720463994898448,0.07330054683564094,G3,-2.0376178986681794
138070,2015-12-31,-0.3294618761286682,0.02821239650610481,0.07714233121842418,G3,-12.221727047802911
138080,2015-12-31,0.11251541936380066,0.027250098038886367,0.026679960198624265,G2,3.565971978955806
138250,2015-12-31,0.019933937626027187,0.014872259761833937,0.27797184422596527,G5,0.3087361548429318
138360,2015-12-31,-0.30226639188584237,0.044639411337429276,0.04702251368040229,G3,-7.114984622408472
138490,2015-12-31,0.18353694770461124,0.023238280973313766,0.10805501409937117,G4,7.237825145690777
138690,2015-12-31,0.05164280196903752,0.04437090437757481,0.35251862895379493,G5,0.8181142382585866
139050,2015-12-31,0.02394644894854417,0.02948736666704923,-0.04913133736321877,G2,0.29178989471533756
139200,2015-12-31,-0.151668212470726,0.027086458614699018,-0.20615999680776032,G1,-6.165831723510273
139670,2015-12-31,0.051744338501346396,0.029997156256132366,-0.07906709960521503,G1,1.213515203147677
140520,2015-12-31,-0.0734789358111785,0.019273852587211787,0.029151624546628455,G2,-4.608381678888879
140860,2015-12-31,0.32410898059523,0.03502011952909763,0.15319404095259664,G5,8.816835905010194
141020,2015-12-31,-0.268714076760371,0.033478020521242643,-0.8143270952601146,G1,-8.484862774770791
141080,2015-12-31,0.20884636768864273,0.03879637549917193,-0.19464505274549002,G1,4.987683304576727
142210,2015-12-31,-0.09551216963913331,0.04447179275313989,0.40248184192237657,G5,-2.4926924711088887
142280,2015-12-31,0.2736146093336115,0.0662345734278834,0.007829065209176438,G2,3.899357429718884
143160,2015-12-31,0.015322997299406704,0.01563548143306455,0.09622184759101526,G4,-0.0012366765941550463
145020,2015-12-31,0.3618374159785107,0.02803557721936599,0.18267791279646878,G5,12.3591206963212
145990,2015-12-31,-0.05484630334841547,0.0336534249695232,0.09451503428547868,G4,-2.0856313063324805
149950,2015-12-31,0.22733969299123566,0.03252479109655248,0.09606949198571621,G4,6.518023713928584
150840,2015-12-31,0.03711309210767267,0.03978574197397135,-0.04471724920161239,G2,0.5472000192577087
150900,2015-12-31,0.010909308960739786,0.04621815628742807,0.0020399775668160283,G2,-0.09591521446733638
151910,2015-12-31,-0.4067130582668546,0.05662444044789475,-0.46168140011932224,G1,-7.453590503707655
153360,2015-12-31,-0.23340735081236733,0.02142449890697164,0.06002829820612311,G3,-11.610525185480826
153490,2015-12-31,0.132576085986503,0.05921666479373994,-0.06688045644807472,G1,1.9797425785716152
154040,2015-12-31,-0.027137847665072004,0.02989480618445683,0.1540146060523314,G5,-1.4209886739621007
155650,2015-12-31,0.35656097401910336,0.03254517211725392,0.07059310120578406,G3,10.48446262494559
155660,2015-12-31,0.12120767710209848,0.02180632923074194,0.10403733237263879,G4,4.854798927804834
155900,2015-12-31,-0.2858665965392449,0.024315612975116977,-0.34206260561005425,G1,-12.38747014853444
155960,2015-12-31,0.1690549973209788,0.027990948089312084,-0.04088929768948118,G2,5.491513309845276
158310,2015-12-31,-0.13350608646550768,0.04271567863085199,-0.7234609004075158,G1,-3.4846319798682344
159580,2015-12-31,-0.25783433225489594,0.022101812893638953,-0.013702536555908945,G2,-12.359921193019026
159650,2015-12-31,-0.20000833498519768,0.017722573183581246,0.08352318502878257,G3,-12.151207733086903
159910,2015-12-31,-0.19945685999534418,0.039488825741902316,-0.5991379863395923,G1,-5.439493053872963
160550,2015-12-31,0.4181472465703272,0.03924620973195312,-0.007907821201551696,G2,10.263536682602036
160600,2015-12-31,-0.07068553108109714,0.031397951062674505,0.22829223346539387,G5,-2.7399196922979896
160980,2015-12-31,0.017824290501223868,0.02465831550582384,0.03147910154231855,G2,0.10065396264819282
161000,2015-12-31,0.027603930200535816,0.017910573598993926,0.16761449103410808,G5,0.6846010151171962
161390,2015-12-31,0.16345178539374955,0.02485241643681234,0.16327727785967006,G5,5.959559402884901
161570,2015-12-31,-0.13221265747038155,0.041311703436403335,0.011761851270183296,G2,-3.5717479195905373
161890,2015-12-31,-0.1274198791773872,0.02992010956568125,0.2663673151620155,G5,-4.771446849060694
166480,2015-12-31,-0.008345958990919423,0.03215166164432519,0.010488302110143007,G2,-0.7367672808423498
168330,2015-12-31,-0.3306772379140078,0.029088896887275822,-0.3860855607427941,G1,-11.895245549813145
170790,2015-12-31,0.006284002648266909,0.017406058312392735,-0.05680887224438282,G2,-0.5204125208874588
170900,2015-12-31,0.0610678751480626,0.030670413180010157,0.11537209200369794,G4,1.4908681388267537
170920,2015-12-31,-0.1883009890967165,0.021400462928269394,0.09544668321342771,G4,-9.515837256073693
171010,2015-12-31,0.41702989848399324,0.042094183327421965,-0.0928590979088591,G1,9.542590766667358
172580,2015-12-31,-0.1769026546396279,0.021022834806478735,0.030343778533874963,G2,-9.144579679316887
173940,2015-12-31,-0.23269249871347647,0.03099663185010885,0.06159261141581338,G3,-8.001993030927931
177350,2015-12-31,0.14151141613431936,0.031110998304422273,0.23362661749965166,G5,4.055449509090543
177830,2015-12-31,0.054374646206324075,0.023444452966977832,-0.0915108048141106,G1,1.664884777988587
180640,2015-12-31,0.16297332033162248,0.02878137968090587,-0.13025030328332307,G1,5.1293922888703785
181710,2015-12-31,-0.01913810580168412,0.022479839042367642,0.15243552175435118,G5,-1.5338383459967098
181980,2015-12-31,,,0.06975511253819315,G3,
182360,2015-12-31,0.3014425639508712,0.05802040983240834,-0.25665353883605563,G1,4.931027399563997
183190,2015-12-31,-0.04029917733215352,0.01777586545704815,0.09367570912585789,G4,-3.1301716813695233
184230,2015-12-31,-0.09523539160036693,0.025420827460462467,0.11092946258290347,G4,-4.349886922669376
187220,2015-12-31,-0.31757214299278225,0.031040521058626865,0.03927426310963762,G3,-10.725157470692364
187270,2015-12-31,0.011902138518938505,0.03372552589935041,-0.020391832715709064,G2,-0.10200566848569373
187420,2015-12-31,0.261831424041859,0.053847595453997754,0.04420594686322253,G3,4.577531988760806
187790,2015-12-31,0.16645404805888267,0.03867119546098778,-0.2595868106180682,G1,3.9076039135638734
189690,2015-12-31,0.0463310637699479,0.028401089763713125,0.12207191186862881,G4,1.0911106121078347
189860,2015-12-31,-0.02601023487807398,0.018199330636040945,-0.008609677687552747,G2,-2.2722027001100233
189980,2015-12-31,-0.2699232142715178,0.02736285362075965,0.129578407450022,G4,-10.425285007131926
190510,2015-12-31,0.2992921368265891,0.0388878318612504,0.2541828070934597,G5,7.30176484269868
191410,2015-12-31,0.5346537065223894,0.0527030795362176,0.04251523923379572,G3,9.853529959898925
192250,2015-12-31,-0.09489923986294352,0.028299582574215904,0.18649650638871185,G5,-3.895519409417695
192400,2015-12-31,-0.11162839037716109,0.02808878720261933,0.193402240936987,G5,-4.520334850863699
192410,2015-12-31,-0.030749544138777795,0.03467922997426991,0.036972119630134734,G3,-1.3290917216532423
192440,2015-12-31,-0.1517479543093706,0.029827824729142756,0.3085005480089199,G5,-5.601826119068323
192820,2015-12-31,-0.3455346731761149,0.03460698896000893,0.3055414115794547,G5,-10.427864930013696
193250,2015-12-31,1.3686034847121982,0.09184257555017093,0.3238172506769863,G5,14.734573189747032
194370,2015-12-31,-0.4194653378749912,0.04362320365980037,0.26702053225119576,G5,-9.96734844600623
194480,2015-12-31,-0.17751665852723902,0.019778609428458084,-0.0060556821213338784,G2,-9.750887318856742
194510,2015-12-31,0.12040255647644202,0.043086269789636894,-0.19085382388828215,G1,2.4383689666348833
194610,2015-12-31,0.6928428269126882,0.05630362577899688,0.03407951897025415,G2,12.0329816100775
195990,2015-12-31,0.0793023904410145,0.03471665092421063,0.17816368145594713,G5,1.8423452552295831
196170,2015-12-31,-0.027310300339248444,0.037026642017879335,0.02714848069245592,G2,-1.1519444202362656
196450,2015-12-31,-0.2454717778217866,0.04944643801360301,-0.08232815282760489,G1,-5.274679463935671
196490,2015-12-31,-0.16626847691029079,0.038359950011212056,0.13116453152504107,G4,-4.734385998692436
196700,2015-12-31,0.07098895836736811,0.030349641093968274,0.0751883120257606,G3,1.8335183886274713
197210,2015-12-31,0.7936140260692628,0.09112564623095935,0.15650901725303326,G5,8.54064387936836
200130,2015-12-31,-0.08967419280775399,0.02874512254348979,0.11048722714361611,G4,-3.6533685317292726
200230,2015-12-31,1.0495260411741854,0.06962161744700325,0.01434925470466031,G2,14.854347625981028
200710,2015-12-31,0.18619419561692432,0.056195547971025606,0.06384511924117466,G3,3.0403095699268228
200880,2015-12-31,-0.06416812597064331,0.019439412187280607,0.17818719226169621,G5,-4.090167878430043
203690,2015-12-31,0.34440772257498153,0.04497111740797053,-0.1952970713271636,G1,7.317260682148977
204320,2015-12-31,-0.042075511542937094,0.021628635216508943,0.14731047096895927,G5,-2.654714192620156
205100,2015-12-31,0.07812477973269,0.029960995110860925,-0.2786438471813173,G1,2.0954726692838688
206400,2015-12-31,0.5969849266988784,0.03662690215476461,-0.39945968801301973,G1,15.88020168639575
206560,2015-12-31,-0.28933761705453154,0.04729024748122646,0.06625494432210137,G3,-6.442764980428964
206640,2015-12-31,-0.12392822926198392,0.04884672100240236,-0.015013987903823757,G2,-2.851175262889554
208710,2015-12-31,0.32769135000078614,0.05407490154458825,0.11428467589975297,G4,5.776229040563316
210540,2015-12-31,0.13785399722377162,0.02633587983520782,0.03813580110567117,G3,4.651891816678755
210980,2015-12-31,-0.11393932722322013,0.020154548296058377,0.10308543352423691,G4,-6.414515406521766
213500,2015-12-31,0.07367910554474381,0.016313638368352687,0.09761033614808284,G4,3.575951047473244
214310,2015-12-31,-0.028883202175500867,0.020005313991132645,0.16593766076785366,G5,-2.210689396249274
214320,2015-12-31,0.15368577667002903,0.01964926504113169,0.1723191309000947,G5,7.040642133286013
214330,2015-12-31,-0.06709550775865382,0.026289638352497507,0.23151951513984972,G5,-3.1357540939377575
214420,2015-12-31,-0.20745160788917139,0.02642263451607198,0.1645238923820276,G5,-8.431935168576276
214430,2015-12-31,-0.12006603950602848,0.027995910245303825,0.1319896621274818,G4,-4.83671977988556
215000,2015-12-31,-0.1871016381701902,0.014996708913677935,0.41955839837237235,G5,-13.49922657489751
215360,2015-12-31,-0.07760088778497969,0.04034064095241566,0.2345113846213153,G5,-2.3039599501640398
219130,2015-12-31,-0.042510494924239264,0.029349886769871672,0.08544472211182245,G4,-1.971143149927237
221610,2015-12-31,-0.17395410643766065,0.05613262056663607,0.18817921219885186,G5,-3.3723071871600343
222040,2015-12-31,0.45491114625083645,0.05707482606495094,0.1614974406234475,G5,7.701623346469342
222800,2015-12-31,0.20842379267859706,0.03423363619528096,0.07846465491132729,G3,5.640109576553823
223310,2015-12-31,0.2851413745832321,0.056173300195403016,0.20650939069274452,G5,4.802976508614994
226320,2015-12-31,0.1299111674828194,0.027188384802387933,0.36318655189122095,G5,4.213888944937383
900040,2015-12-31,0.028304964124924992,0.023589605028414798,0.2121976871062207,G5,0.5495060547210336
900050,2015-12-31,-0.46733739584455813,0.03213186190342518,-0.2293759453949016,G1,-15.02184126860196
900070,2015-12-31,-0.175218792117828,0.03832666928954045,0.0237674669536295,G2,-4.972024154031211
900080,2015-12-31,-0.04961654828344631,0.026185157614507567,0.1013954611971728,G4,-2.480751980686569
900090,2015-12-31,-0.20387497942258992,0.02597872207011129,0.11374778177570481,G4,-8.43834089160738
900100,2015-12-31,-0.03398122500156459,0.06382901455873158,-0.3606485063566619,G1,-0.7727451015166993
900110,2015-12-31,-0.07496716128436212,0.025252869619932575,0.042495353387592576,G3,-3.57620721830411
900120,2015-12-31,-0.11165545150182361,0.024073929691550738,0.1931121533893071,G5,-5.275324239221715
900130,2015-12-31,-0.26085481351778794,0.024591116410239557,-0.12064202501284907,G1,-11.23158226098734
900140,2015-12-31,-0.05402303032539581,0.03313771396783626,0.12982467639962583,G4,-2.093245289221089
900180,2015-12-31,-0.1260488395655974,0.02076070875494417,0.16008447349329413,G5,-6.810517625765468
900250,2015-12-31,-0.1472609454774745,0.03641182357013787,0.19574796974241768,G5,-4.465672489530634
950010,2015-12-31,,,-0.28599604086207664,G1,
950110,2015-12-31,0.1278122298401617,0.015310678627094728,0.12242262457853528,G4,7.345846598059648
950130,2015-12-31,0.08861349222304932,0.027886690647617094,0.02207774972088861,G2,2.627459809254096
