종목코드,날짜,기간수익률,표준편차,Y4,그룹,성과
000020,2019-03-31,-0.046252862476969976,0.012066697266374184,0.004947670708546121,G3,-5.136239796532754
000040,2019-03-31,0.058532478860128405,0.017680412368504227,-0.04244478711437155,G1,2.4212043097530915
000050,2019-03-31,0.0013607151066835788,0.013260238737650051,0.0026410072494383553,G3,-1.0832288477451695
000080,2019-03-31,0.15145236268911358,0.015804276232175563,-0.0040310700732348595,G2,8.588041138985815
000100,2019-03-31,-0.09274098251144211,0.01564327928436703,0.006979454074131562,G3,-6.933684988615546
000120,2019-03-31,-0.1701862370984699,0.020934630823218676,-0.0014167858245239095,G2,-8.880539948551164
000150,2019-03-31,0.14000618468145948,0.01854405201877979,0.001813929456687758,G2,6.70196547768006
000180,2019-03-31,-0.11631073707446599,0.012200558736529758,-0.002605967155383063,G2,-10.822072018261952
000210,2019-03-31,0.10447505463257488,0.0184741869249019,0.017716857489171206,G5,4.80402557135824
000220,2019-03-31,-0.1835808254409455,0.017121967415390814,0.010831557035982925,G4,-11.64033366265406
000230,2019-03-31,0.04559169970652939,0.015461426477457256,0.024607297672130404,G5,1.9317177179467562
000240,2019-03-31,0.00884188121351408,0.01691264983479868,0.011931091446431445,G4,-0.40695615938423124
000250,2019-03-31,-0.30473181583921505,0.026911230374542138,0.02077162329126305,G5,-11.907906090301207
000270,2019-03-31,0.22709444617279367,0.01804234831515431,0.012219588434900059,G4,11.715207701647335
000300,2019-03-31,-0.13354808414635505,0.023241226856714654,0.004190538048442058,G3,-6.4227535534993745
000320,2019-03-31,-0.0924833599150513,0.009715911404501648,0.0008071733171686522,G2,-11.137189672212294
000390,2019-03-31,0.07072771558563928,0.03707058459084391,-0.006198331911243616,G2,1.483740490133259
000430,2019-03-31,-0.1274612659415184,0.017650950172926238,0.00372725478790505,G3,-8.11207627770866
000480,2019-03-31,0.04785808068882582,0.03240368491440842,0.010090208675365166,G4,0.9916616748499315
000490,2019-03-31,-0.08874352164103436,0.01944766804030227,0.010063434549289426,G4,-5.371755094741156
000500,2019-03-31,-0.02320072235120902,0.013902755401717648,0.0027325643339377514,G3,-2.7998270459173877
000520,2019-03-31,-0.354497213533923,0.031748491811862525,0.00796983409914136,G3,-11.661083114218584
000590,2019-03-31,-0.02832545665856028,0.008155594601488791,0.012678086964505958,G4,-5.401205803659383
000640,2019-03-31,-0.16414699965937032,0.01414718379636757,-0.0003725679884142103,G2,-12.71430346022989
000660,2019-03-31,0.0538389313365436,0.02079184549144415,0.016921612170430405,G4,1.8331390119714748
000670,2019-03-31,-0.15287065038023434,0.018295946662782572,0.006360034099661631,G3,-9.214895611741325
000680,2019-03-31,-0.10410764632829998,0.018404121316452512,0.009930750126429556,G4,-6.511163043490106
000720,2019-03-31,-0.1982697773409694,0.020077568475062944,0.008456731829284246,G4,-10.65838056246961
000760,2019-03-31,-0.19273290718527278,0.014629389850192364,-0.0020207651484537544,G2,-14.249226902503104
000850,2019-03-31,0.028910228206077797,0.016441986904806437,0.009209762274046452,G4,0.8019493049790213
000860,2019-03-31,-0.0945422574175439,0.011976263291338232,0.006015514225538191,G3,-9.207116023625492
000880,2019-03-31,-0.23305215194890552,0.014836991639990476,0.0010063936238374424,G2,-16.767330347054056
000890,2019-03-31,-0.22329775897034065,0.050516047902076616,0.004184284524782153,G3,-4.731612173402207
000910,2019-03-31,0.17471383698424559,0.05048015839692397,-0.02267666310626598,G1,3.1495394190094212
000950,2019-03-31,-0.08456610129338178,0.013442518104280493,-0.03178228079654686,G1,-7.460707045411408
000970,2019-03-31,0.2594551248169317,0.029304521682937765,0.017471006468040822,G5,8.317164812266737
000990,2019-03-31,0.11119054955917576,0.032713691018433466,0.014860660119329636,G4,2.918226539160275
001020,2019-03-31,-0.29302799356031123,0.016258628187365117,-0.013821464986772754,G1,-18.990075806982457
001040,2019-03-31,-0.28295485565247014,0.01203819634563991,0.0028840166577316848,G3,-24.810979594625266
001060,2019-03-31,-0.2885828358610807,0.017023720622985624,-0.007681123274999398,G2,-17.87549448417847
001070,2019-03-31,0.4130123274580097,0.03669064495657788,-0.014426372981964924,G1,10.82803912803637
001080,2019-03-31,0.024473408955834844,0.019379670147495066,0.002553144895803679,G3,0.45144322137348525
001120,2019-03-31,0.15348671139663958,0.018258705352659835,0.01566848202833326,G4,7.545010475853754
001130,2019-03-31,0.003221184792621609,0.021633969512704836,0.006818195492779547,G3,-0.5779523464396908
001140,2019-03-31,1.0628236770711876,0.08225978423245209,-0.02142051671624287,G1,12.729173782865397
001210,2019-03-31,-0.544485577144964,0.02961103935550367,-0.01496824286663041,G1,-18.91896325064775
001230,2019-03-31,-0.08607261639121419,0.018079787943633824,0.00012788172899244813,G2,-5.630442400313256
001250,2019-03-31,-0.03343941531877888,0.015827975962645523,0.006545396916712224,G3,-3.1061459576449595
001260,2019-03-31,-0.19963459657064195,0.026642787727781465,0.0178532002901841,G5,-8.083207621001788
001360,2019-03-31,-0.1495144956803974,0.02690853304043593,0.031435900307575565,G5,-6.140768940000698
001380,2019-03-31,-0.12093728661210759,0.032425199663931294,0.007307255223349226,G3,-4.2146810586773285
001390,2019-03-31,-0.20097195972850093,0.020483956028409158,0.009367254131127562,G4,-10.578842664144515
001430,2019-03-31,-0.14959226338839038,0.020460908406908382,0.002862842466027429,G3,-8.079643793716764
001440,2019-03-31,-0.5238906958246663,0.02150862463299263,-0.005228390461358572,G2,-25.08832123241533
001460,2019-03-31,-0.0941548696763853,0.011523284413190595,0.003395510035609314,G3,-9.535428786770327
001470,2019-03-31,-0.21579284716660993,0.018210588300241477,-0.0029027959035004118,G2,-12.71334190773145
001520,2019-03-31,-0.1311135380465685,0.018758612179267626,-0.0008393852342448261,G2,-7.827771312642781
001530,2019-03-31,-0.09200666473616062,0.026134977379269814,0.003135447260856332,G3,-4.122110052289804
001540,2019-03-31,-0.3728190309483539,0.023084981042948944,0.007070278928939703,G3,-16.831013136236663
001560,2019-03-31,-0.04017256300545899,0.01674805684179504,0.017740593598247152,G5,-3.3375305427230737
001570,2019-03-31,-0.026435831546356314,0.017959823132371256,0.006117451491659439,G3,-2.3474852436413682
001620,2019-03-31,-0.05228871025736535,0.02069256641239251,0.0038483680165316936,G3,-3.286846935135468
001630,2019-03-31,0.4589457440241377,0.030584895061261275,0.029048608927239372,G5,14.491504871966228
001680,2019-03-31,-0.16050413429655805,0.017097936534172947,0.009882932149334509,G4,-10.307017000538691
001740,2019-03-31,-0.1766406645581095,0.01943035648861111,-0.00051442115151121,G2,-9.900243101878054
001780,2019-03-31,-0.1249826761075242,0.019114197339070795,0.0005409784461825305,G2,-7.361400630472854
001790,2019-03-31,-0.06443564555750542,0.014534446142211867,-0.0015585282121764023,G2,-5.515190122036577
001800,2019-03-31,-0.1555499737533301,0.01839741936110687,0.009368711616901023,G4,-9.309705813996272
001810,2019-03-31,-0.20618363507345167,0.01876041225225071,0.01531402500047422,G4,-11.828536618758106
001820,2019-03-31,-0.19243027370347202,0.03070428529387802,0.06042855356308817,G5,-6.779342360405605
001940,2019-03-31,-0.0530302653460965,0.014039726923520473,0.014642197012840684,G4,-4.8971645927248755
002000,2019-03-31,,,0.007054581341310911,G3,
002020,2019-03-31,-0.6485992978161931,0.03822438541972451,-0.0011339983056126424,G2,-17.379583183793542
002030,2019-03-31,-0.16159484105743213,0.01081817940628654,0.0014866216492682826,G2,-16.390875269611847
002070,2019-03-31,1.9191579837970474,0.07769131248575155,-0.00647043158882618,G2,24.499951598974977
002140,2019-03-31,0.42664825231868697,0.06131739979028783,-0.0010793487086427972,G2,6.701583326898995
002150,2019-03-31,-0.103725151609063,0.027443667805721935,0.007137801851450608,G3,-4.35254284121061
002170,2019-03-31,0.17025320046828935,0.02682373478699654,0.021913931167386,G5,5.760890996726778
002200,2019-03-31,-0.13528141542278185,0.01595765036537443,0.008803742645343454,G4,-9.462922184692994
002220,2019-03-31,-0.020851591583923388,0.011883430275541762,-0.007590229360218383,G2,-3.0779142866263
002230,2019-03-31,-0.13168084196497737,0.011898629592201495,0.015287128073132877,G4,-12.38843759762744
002240,2019-03-31,-0.021319569589500792,0.021871706299515972,0.0035174034057031227,G3,-1.6937022341788985
002300,2019-03-31,0.02595110818082128,0.014869617289934555,-0.00799433531089387,G2,0.6877460089339114
002310,2019-03-31,-0.2569502852075587,0.024014185170818658,0.018126908450259036,G5,-11.354741853752314
002350,2019-03-31,-0.1314180481133439,0.016344085959701462,0.007759019938020246,G3,-9.002806073795618
002360,2019-03-31,0.028806467267189093,0.030322567956907385,-0.0003097500282291219,G2,0.4314238507268306
002380,2019-03-31,-0.23684359296844085,0.026457363082756046,0.0036892788313050914,G3,-9.54623408287993
002390,2019-03-31,-0.20525984500995967,0.027074921226497975,0.009763360990686068,G4,-8.161960339481185
002410,2019-03-31,-0.22905281438539757,0.022585046331908644,0.018222692157901434,G5,-10.83802968669871
002450,2019-03-31,-0.12505607030445878,0.021236145628831637,0.013653841166072732,G4,-6.629294270266233
002620,2019-03-31,-0.2908640316188456,0.019799190702344857,0.0019396560645353195,G2,-15.484906654181064
002630,2019-03-31,-0.0014766424099522772,0.02999881390558694,-0.012971343921371847,G1,-0.5733970249418043
002680,2019-03-31,-0.3556694737881042,0.026108874412433442,-0.0160470183011473,G1,-14.224820884907043
002710,2019-03-31,-0.04590544530483776,0.023372874891238415,0.00709881006797047,G3,-2.6368186980384936
002720,2019-03-31,-0.25418796540505306,0.0233914115371631,0.01478048332445336,G4,-11.538959639589242
002790,2019-03-31,-0.16368159514431724,0.025327481574641597,0.020340264161925064,G5,-7.083459239754676
002800,2019-03-31,-0.19106477816130404,0.0177146090760329,0.006780795022378255,G3,-11.673380175031646
002810,2019-03-31,0.020957711502051984,0.011611537188572335,0.02314530880698404,G5,0.4506830733753438
002820,2019-03-31,-0.09115873557752761,0.01278671539065404,-0.007022733067883238,G2,-8.358935078115838
002840,2019-03-31,-0.17584233179502348,0.018956517348380785,0.019379558708933646,G5,-10.105596745948734
002870,2019-03-31,-0.08933788565660647,0.01957072630909517,0.01573865770277498,G4,-5.368348227478636
002880,2019-03-31,-0.22350159249753082,0.01988852608378986,-0.010379415054525276,G1,-12.028351408494075
002900,2019-03-31,-0.1754838756757695,0.026209086280229738,0.008622694554422302,G4,-7.295502859834439
002920,2019-03-31,0.015327857939438073,0.016819325814225336,0.020701770195723508,G5,-0.02358776447035042
002990,2019-03-31,0.38540310997428273,0.0428507767304558,-0.023174020663728805,G1,8.627113670876424
003000,2019-03-31,-0.1952079531218291,0.0218220556358229,0.005603493773119229,G3,-9.666025276319896
003010,2019-03-31,-0.17123374293462354,0.026020088289310562,0.0007917356214367167,G2,-7.185153604829346
003030,2019-03-31,0.00498903458622682,0.01600885123674225,0.003430084768536107,G3,-0.6706011249844018
003070,2019-03-31,-0.1343955011402746,0.034881967778607574,0.004782019643678677,G3,-4.30365885113954
003100,2019-03-31,-0.03889466990205738,0.011500190068104947,0.00013641788227375254,G2,-4.749422210754112
003160,2019-03-31,-0.11976301971246134,0.030861095375250044,-0.0010313996638856237,G2,-4.390239759811432
003200,2019-03-31,-0.09497502269649523,0.0116090140208821,-8.230698130691853e-05,G2,-9.535660025275593
003220,2019-03-31,-0.10224851362473392,0.012943452704151441,0.019455019556667997,G5,-9.114500169046062
003230,2019-03-31,-0.28368477004689097,0.019315419498321548,0.028833517393287274,G5,-15.501053876060153
003240,2019-03-31,-0.25477226428705646,0.015483663868912584,0.006489470220885866,G3,-17.469822053257186
003280,2019-03-31,-0.023730852743757136,0.04515977604423014,-0.004766654541266109,G2,-0.8736854881744321
003300,2019-03-31,-0.08510580100121407,0.019941917433332488,-0.0030993380186497012,G2,-5.056203325161317
003310,2019-03-31,-0.20073211020365742,0.019560951852961125,0.005698995536395907,G3,-11.065754880746482
003380,2019-03-31,-0.10798331847181378,0.019419292887335175,0.003044296776578629,G3,-6.370361033474468
003410,2019-03-31,-0.11592987293294957,0.015666688139350574,0.003964346051267409,G3,-8.403464727019267
003480,2019-03-31,-0.32827105151356534,0.019296553249525103,0.005054188912622641,G3,-17.826791930176718
003490,2019-03-31,-0.2071648196896299,0.01766906915664621,-0.00227671817145831,G2,-12.614666112226082
003550,2019-03-31,-0.08423354341900613,0.01341342711460469,0.01944771693342973,G5,-7.452094889714254
003570,2019-03-31,-0.09558910919519471,0.013332568727565344,0.005285854773117117,G3,-8.349006084652359
003580,2019-03-31,-0.5592025146229691,0.04703686393517601,-0.030672296375663082,G1,-12.22290464880058
003610,2019-03-31,-0.07917093380786391,0.014630680918990745,0.004641816918184893,G3,-6.486063264491186
003670,2019-03-31,-0.1878514910670714,0.02382607469348206,0.03221889396115417,G5,-8.544255901206272
003780,2019-03-31,-0.04350926512161465,0.022932626423922572,0.027058906977870785,G5,-2.582951130931864
003850,2019-03-31,-0.007233003245162377,0.020798014132349454,0.01843123679847004,G5,-1.103835747699969
003920,2019-03-31,-0.1297204784713436,0.010231684972968646,0.004826315270567744,G3,-14.21516271180092
003960,2019-03-31,-0.20447572123733682,0.016339336662405675,0.002175977025941422,G2,-13.476698229694863
004000,2019-03-31,0.12311023277952497,0.023417880536962803,0.02325571346589484,G5,4.585626114828508
004020,2019-03-31,-0.13843514230995252,0.013336745344652843,0.003354859154616282,G3,-11.559021827394682
004080,2019-03-31,-0.005861121646317887,0.005186318994368546,0.00012422376207198713,G2,-4.16204824752399
004090,2019-03-31,-0.1868817613053893,0.016056986951127613,0.003567562080532892,G3,-12.617955669849707
004100,2019-03-31,-0.14916961181475716,0.01912218201122443,0.0016003163306871533,G2,-8.623189547785962
004150,2019-03-31,0.0034756847208022084,0.017677907118485554,0.005894226642005767,G3,-0.6928933064527406
004170,2019-03-31,-0.267708860027094,0.020644606194482742,0.049697300104563684,G5,-13.729176792829088
004250,2019-03-31,-0.15554842956920173,0.019129758913951047,0.010234492777003138,G4,-8.953224061783077
004270,2019-03-31,0.8521653596420586,0.07228831781432106,0.004491721391908175,G3,11.570898268171582
004360,2019-03-31,-0.1266823511559591,0.017595178105442588,0.01470387679759089,G4,-8.093520766760724
004370,2019-03-31,-0.26382409635191,0.014976984844467729,0.011091924293871468,G4,-18.66521783190995
004430,2019-03-31,0.06793856825158279,0.0269332910363226,0.0095642527743634,G4,1.9386409163986758
004490,2019-03-31,-0.116600963037004,0.018892001010501844,0.020293215476182947,G5,-7.00431633466142
004540,2019-03-31,0.06627132732916229,0.029836958346630374,-0.015627961202702458,G1,1.694098255815565
004560,2019-03-31,-0.20865866432416497,0.01676793404528409,0.0034762143132041905,G3,-13.381687449001262
004590,2019-03-31,-0.04015143440893822,0.020833868823201984,0.00955308842143666,G4,-2.68198015060962
004650,2019-03-31,0.060221983883561286,0.01512057752827947,0.014223118900166008,G4,2.9428370421067127
004690,2019-03-31,-0.0514564409755604,0.006696303850557361,0.01535845737330652,G4,-10.032553884970849
004710,2019-03-31,0.14037843454561277,0.035293960435699566,0.008956429912541208,G4,3.5318747108990434
004720,2019-03-31,-0.23907306264413472,0.0177017090448204,0.005046630295409342,G3,-14.393957681390306
004770,2019-03-31,0.13170916892965528,0.025806806411471785,0.02162013729426596,G5,4.494340711712514
004800,2019-03-31,0.0925274674817379,0.018087838019465268,0.0037890078563809454,G3,4.246106094260254
004830,2019-03-31,0.10770184981697806,0.03618032842144403,0.0003863372571781212,G2,2.5421897919303893
004840,2019-03-31,-0.15233234728856798,0.010964645150739942,0.0026825089033404794,G3,-15.32716592406284
004870,2019-03-31,-0.38096281505399276,0.018529761533792405,0.021556533678225225,G5,-21.40812241786571
004890,2019-03-31,0.04443076964783938,0.012263664901941279,0.006784362315540566,G3,2.3407506354810157
004910,2019-03-31,-0.1605467509901957,0.013488946483568288,-0.0018606633351692765,G2,-13.067835908476374
004920,2019-03-31,-0.06293453667983598,0.02343549270784417,-0.031239262527029618,G1,-3.3564101209957418
004960,2019-03-31,-0.17634606601140695,0.012276260839127941,0.00991344972257787,G4,-15.645696744607866
004970,2019-03-31,-0.12581396616905433,0.011525212430271565,0.01400802084660579,G4,-12.280776190518633
004980,2019-03-31,-0.3544851407727335,0.026618545498932694,-0.00808707508273391,G2,-13.907962364918536
005010,2019-03-31,-0.10848543162329478,0.015710259567610522,0.00499110036064025,G3,-7.9062996587701075
005110,2019-03-31,-0.27280945499156845,0.03622036032382048,0.09953212442495787,G5,-7.96607324298502
005160,2019-03-31,-0.037820031206341406,0.019187346428073435,0.0031008551385528797,G3,-2.7906213942795746
005180,2019-03-31,-0.021870445596538696,0.014145808443979922,0.008911581645221926,G4,-2.6576801163903956
005190,2019-03-31,0.20595325138591766,0.01413886548298668,0.02024278884351877,G5,13.454308860886046
005250,2019-03-31,-0.1871116615928017,0.02143680884570203,0.0015032211656940816,G2,-9.462054323853497
005290,2019-03-31,0.38558262804232235,0.05162970898655225,0.02261561470649096,G5,7.16366694810082
005300,2019-03-31,-0.1821793005121997,0.02183088632584729,0.0002993471284556566,G2,-9.065316258514887
005320,2019-03-31,-0.2672783837291104,0.0482636049582453,0.014620790077472728,G4,-5.863693195094756
005360,2019-03-31,0.9352372023201467,0.06562211631238803,0.004689251434874609,G3,14.01223651044105
005390,2019-03-31,0.4696535903168561,0.036162845993390744,0.001053137058549206,G2,12.552358355991222
005420,2019-03-31,-0.328519130059091,0.03331289635542544,-0.0022610772013699496,G2,-10.333647204420293
005430,2019-03-31,-0.057603762123567485,0.021127917705480736,0.00406244306250036,G3,-3.4706851560596377
005440,2019-03-31,-0.13289450444843512,0.015022854134605617,0.01233199481153713,G4,-9.892866651842173
005490,2019-03-31,-0.1083497664639361,0.01262356193834582,0.00976231056927419,G4,-9.828791216394887
005610,2019-03-31,-0.40150100596957794,0.01566355243261049,0.007341581139349703,G3,-26.636715776954638
005670,2019-03-31,0.30968557544668013,0.03747893941770125,0.016014009588583386,G4,7.8433646143292055
005680,2019-03-31,-0.14248932025265013,0.010495702393751308,0.005175731975997163,G3,-15.074161075883593
005710,2019-03-31,0.0034653829133777124,0.016646743754910508,0.01623778388943913,G4,-0.7364326322557908
005720,2019-03-31,-0.03443952536613308,0.01544563475916492,0.006991891903001898,G3,-3.24778582321853
005740,2019-03-31,0.012998281465530573,0.028904342063081918,0.002783929829255814,G3,-0.09432170307885016
005750,2019-03-31,-0.3025007828710464,0.01307647096200415,0.003983144471055846,G3,-24.335722690854208
005800,2019-03-31,-0.09941123062416571,0.011392142543611674,0.0024486887479448697,G2,-10.106599212456665
005820,2019-03-31,0.1635186896295766,0.01589336510703417,0.009477429047500223,G4,9.299106916563002
005850,2019-03-31,0.03054595955547565,0.02510619956491093,0.004075435655681903,G3,0.5903470687334245
005860,2019-03-31,-0.069365028925626,0.030483427381657678,-0.008526196683061708,G1,-2.791340228760489
005930,2019-03-31,0.023588332384104408,0.013803923846218176,0.014616211036945447,G4,0.5696745531499517
005950,2019-03-31,-0.054616498952984996,0.006801484789408886,-0.005451608496459962,G2,-10.342019333456806
005960,2019-03-31,0.13862315653778223,0.025105558438724827,0.007284016488227257,G3,4.89527323610215
005990,2019-03-31,-0.03147744340427502,0.015337737799181786,0.013847018508871956,G4,-3.07750936008876
006040,2019-03-31,-0.0013553394560760733,0.01815869819433595,0.011808525203296602,G4,-0.9405920792657778
006060,2019-03-31,-0.012106277355094269,0.026023221608746847,0.007930777000018825,G3,-1.06946272866669
006110,2019-03-31,-0.011762007269176504,0.029986320158729162,0.005575564350772926,G3,-0.9166378321505757
006120,2019-03-31,-0.06769108101979274,0.023692808726532524,-0.0002051632846044378,G2,-3.5207167802639345
006200,2019-03-31,-0.0649680057393862,0.015960480738833188,-7.698529230993531e-05,G2,-5.055774653350412
006260,2019-03-31,-0.15249900679589615,0.0192918826131207,0.00758331683329149,G3,-8.719915956609587
006280,2019-03-31,-0.28470046016315104,0.015815508454401814,0.003010473816763805,G3,-18.995598482629248
006340,2019-03-31,-0.2807855942422144,0.023185697472250945,0.0028902996247432305,G3,-12.78849527094784
006360,2019-03-31,-0.21527030725299232,0.017415436152334977,0.009995642050352388,G4,-13.263801920764168
006370,2019-03-31,-0.29838436788055905,0.012018770073285143,-0.00528680223720029,G2,-26.13486689574355
006400,2019-03-31,0.1641931622925079,0.018820573195536747,0.0029608016432874484,G3,7.8886318984388195
006490,2019-03-31,-0.5904756665013488,0.034985036281577744,-0.008382435574013572,G1,-17.32741535145564
006570,2019-03-31,-0.011932073442806605,0.01545804033500597,-0.0015219918456944172,G2,-1.7891441009808977
006580,2019-03-31,-0.06511287556655664,0.032632006559226365,0.028200688804095726,G5,-2.4772446541138233
006650,2019-03-31,-0.24683922880046907,0.020311367645843393,0.02776804122841032,G5,-12.926939318608385
006660,2019-03-31,0.019723981314636096,0.01005978994277969,0.009613739471603305,G4,0.3975622853052229
006840,2019-03-31,-0.1996670127679886,0.018199873339326676,0.01616852420563019,G4,-11.834785714571975
006880,2019-03-31,0.21626937163029755,0.030396184681242534,0.0015517141029198023,G2,6.597695911446396
006890,2019-03-31,0.024055718675371655,0.038467781635158106,0.017943668904718293,G5,0.21657423656744504
006910,2019-03-31,-0.3336599478777249,0.02020768742211314,-0.003600627774467222,G2,-17.289684307502192
006920,2019-03-31,-0.2583418414036564,0.01687059100163931,-0.023331590546979402,G1,-16.245218060962983
006980,2019-03-31,0.12711445265934992,0.04935503356226179,-0.01103223000340093,G1,2.2569099113981266
007070,2019-03-31,-0.0394761920572506,0.014600862706871763,0.00154691786814197,G2,-3.780651965624261
007120,2019-03-31,0.12211254038614877,0.027864665375328473,0.00444456102466523,G3,3.818023676862495
007160,2019-03-31,-0.1575588181039462,0.01361336870071427,0.011014016888962436,G4,-12.728914506675222
007210,2019-03-31,-0.34595607002989615,0.017965893446431704,0.002400795886714389,G2,-20.131515270509713
007310,2019-03-31,-0.1744445876247548,0.009524324109591684,0.01455159924304861,G4,-19.966684635241965
007340,2019-03-31,-0.04967594862728822,0.015247228300039013,0.019813944380180734,G5,-4.2893393852058335
007460,2019-03-31,-0.06593843679257017,0.05632020946906936,-0.012067381586497377,G1,-1.4499772958535069
007530,2019-03-31,,,0.0036776138496158167,G3,
007540,2019-03-31,0.16448571330304332,0.04315688150131059,0.014952428363257914,G4,3.446985043699963
007570,2019-03-31,-0.1854989282954737,0.0171891089900581,0.016598203575534938,G4,-11.706454165085125
007590,2019-03-31,-0.04029231355307398,0.008686335903978935,0.05706457396502474,G5,-6.448852819830341
007610,2019-03-31,-0.23933055343883053,0.020221465006624022,0.0022216067308525513,G2,-12.613089189659368
007630,2019-03-31,-0.72276622578778,0.03780786254891849,-0.02310600657194908,G1,-19.532731136746026
007660,2019-03-31,-0.04711903177400027,0.03228748647138678,-0.013335312187445412,G1,-1.9463769675904157
007680,2019-03-31,-0.01077756844400405,0.03632442150206375,0.0062491693188730935,G3,-0.7295961114698676
007690,2019-03-31,0.01999152446110828,0.014359926490648404,0.00970499163998809,G4,0.29714192677747525
007700,2019-03-31,-0.09994509994507993,0.03374446160698483,0.027173013924453617,G5,-3.427812526024459
007720,2019-03-31,-0.20700829250440955,0.026044399847563498,-0.001708360782662321,G2,-8.552045047816325
007770,2019-03-31,0.2583364071592993,0.04065925629287037,0.005192654161294789,G3,5.966951711474057
007810,2019-03-31,-0.13609225639009737,0.019087620584807948,-0.0038699294167850885,G2,-7.953680970912854
007820,2019-03-31,-0.18529826767061214,0.026628817008800383,0.01423054215471257,G4,-7.549071963635167
007860,2019-03-31,-0.16280598383359624,0.035907710247354646,-0.004072423819569639,G2,-4.97192861474766
008040,2019-03-31,-0.21263296100600096,0.026915917673460722,0.010141150682333747,G4,-8.484107880388457
008060,2019-03-31,0.10339483701173702,0.02771565677154857,0.011979174309758735,G4,3.163203004680032
008110,2019-03-31,0.3722939708244895,0.027970363024074667,0.004986789002600347,G3,12.748114219407478
008250,2019-03-31,-0.37455290777955774,0.019643125678544537,0.0033808204151193474,G3,-19.8684009053171
008350,2019-03-31,0.358665752644219,0.04505388263066374,0.007540890752457502,G3,7.611800457248909
008370,2019-03-31,-0.07617768197685118,0.02376086366467824,0.0072534935185715275,G3,-3.8678000728047097
008490,2019-03-31,0.24116288671766958,0.02466936680779506,0.01850370963073212,G5,9.138390143485205
008500,2019-03-31,-0.05416237207056782,0.01746503677443085,-0.0417031905721062,G1,-4.001535250597227
008600,2019-03-31,-0.2160320908881535,0.02034497239401402,-0.006346299626771701,G2,-11.391348910929759
008700,2019-03-31,-0.0022400834787495716,0.03678923676696895,0.0006926614750244948,G2,-0.4883132484600272
008730,2019-03-31,0.22855721082390054,0.028581285583532196,0.005309754574154442,G3,7.446572757078329
008800,2019-03-31,-0.4561234516173332,0.017918973618125153,0.04461424831153509,G5,-26.332313999020016
008870,2019-03-31,-0.06325451440120228,0.013797731203730105,0.0012222685657921058,G2,-5.724064447287176
008930,2019-03-31,-0.4433608345789073,0.03323190590451266,0.006345445523035596,G3,-13.814598059266316
008970,2019-03-31,-0.12777996679872658,0.030131521603422952,-0.003362852733057269,G2,-4.7626056500816905
009070,2019-03-31,-0.12131127971075367,0.029494316750929984,0.01077910787423868,G4,-4.646178757191482
009160,2019-03-31,0.07981482825125089,0.027795259853025656,0.005802038160411,G3,2.3057974760750524
009180,2019-03-31,-0.04170237616538839,0.021150273263736023,0.007579507222965354,G3,-2.715187822142516
009200,2019-03-31,-0.1618403615048224,0.017887717433059874,0.004802410829622429,G3,-9.926641026425372
009240,2019-03-31,-0.36206419698677617,0.03365301656047741,0.010258975621808282,G4,-11.226000633350381
009270,2019-03-31,0.002252925117638367,0.0389822387730628,0.0009909896427518054,G2,-0.3455846442294336
009290,2019-03-31,0.010481099167350532,0.029975284763385547,0.012174607504406352,G4,-0.17492708107141763
009310,2019-03-31,-0.2953958544830019,0.02484781151910204,-0.004540937052921136,G2,-12.521040031196252
009410,2019-03-31,0.08687584544689786,0.02284707067103854,0.00602977527973893,G3,3.114239818139867
009420,2019-03-31,-0.2217066724410671,0.02603486901523325,0.02012978819085848,G5,-9.119740934261582
009450,2019-03-31,-0.3855526407032658,0.02309208463598572,0.005010933321630248,G3,-17.37726304333852
009470,2019-03-31,0.008822342083866432,0.043869522511982346,0.008701816222332124,G4,-0.15733579387700017
009580,2019-03-31,-0.2508998785077196,0.019932660169934176,0.009325728427296317,G4,-13.376261094602015
009620,2019-03-31,0.4870831527894166,0.06584052067800192,0.00825873882635955,G3,7.159095336735526
009730,2019-03-31,-0.3705184240144864,0.043134407873027684,-0.01260650888831339,G1,-8.954406268581273
009770,2019-03-31,-0.1327499028033603,0.0092091053664846,0.005238190438448559,G3,-16.122574900598806
009780,2019-03-31,-0.4488559704075358,0.03317586928916234,0.01694251493998466,G4,-14.00356851522187
009810,2019-03-31,0.49827909275928545,0.05485503889669698,-0.03170561080562455,G1,8.796903880293259
009830,2019-03-31,-0.09209260141087641,0.021440404524126,0.007778924701130317,G3,-5.028691950510929
009970,2019-03-31,-0.18391481172984164,0.015529868425318543,0.010496311801627797,G4,-12.855189400037741
010060,2019-03-31,-0.19430566272209732,0.019066433579447203,-0.007267633451958634,G2,-11.015707268075296
010100,2019-03-31,0.050141977210376776,0.03504839886204119,0.0010881880881847721,G2,0.9819960424028977
010120,2019-03-31,-0.017114231614111585,0.015938787370431574,0.010977727547212398,G4,-2.060308547080926
010130,2019-03-31,-0.04201800521969842,0.013382575630529215,0.021453355690700674,G5,-4.314759359421538
010140,2019-03-31,-0.14455774007845784,0.016112567414665793,-0.006998536427392548,G2,-9.947659127735387
010170,2019-03-31,0.004195166577014377,0.03968024678547282,-0.008556859468594831,G1,-0.29055821453461117
010240,2019-03-31,0.007798972172043298,0.02718079795863127,0.01945611696951894,G5,-0.2915887927688313
010280,2019-03-31,-0.03816299162859269,0.020060948650424404,0.003849098550077819,G3,-2.686193001283953
010400,2019-03-31,-0.26592906510958153,0.026041945929412513,-0.013770535723078849,G1,-10.81538430762073
010470,2019-03-31,-0.0832188526222506,0.01812095028391733,-0.0015244019586929244,G2,-5.460168440799641
010600,2019-03-31,-0.030491579209970053,0.05657356383838458,0.015662239490786503,G4,-0.8169216204461026
010620,2019-03-31,-0.2999310863585976,0.019384660519901155,0.006887608316247602,G3,-16.283786567725834
010640,2019-03-31,0.32107585688530565,0.033472855958560435,0.01913764060192338,G5,9.122354812748513
010690,2019-03-31,0.05566198834927639,0.03462295049168078,-0.0015311152110922934,G2,1.153494995280037
010770,2019-03-31,-0.2743126321268056,0.033373533903892284,-0.0056065986076201295,G2,-8.690635555627308
010780,2019-03-31,0.0687170136642216,0.015390234437636029,0.008199330329482514,G3,3.443250045583272
010950,2019-03-31,0.0601521003879447,0.01634515944582054,0.0069258450886410736,G3,2.7180837421571136
010960,2019-03-31,-0.09464780034154922,0.01947253622450673,0.010523662024484666,G4,-5.66810544370366
011040,2019-03-31,-0.21294021216971493,0.011020438847958145,0.01632737566660752,G4,-20.749155597136298
011070,2019-03-31,-0.00854070608637094,0.026995814358785102,-0.005967798548737202,G2,-0.8988539482146988
011090,2019-03-31,-0.3753402557289773,0.028246423932139733,0.0033677261483610076,G3,-13.844755884984952
011160,2019-03-31,0.12432071225666382,0.03383244310120277,-0.005182453029133772,G2,3.209822113541337
011170,2019-03-31,-0.20776257263749995,0.01722865920209537,0.01049519898832186,G4,-12.971825506050598
011200,2019-03-31,-0.07808616771336581,0.021154639377759174,-0.029242835416836335,G1,-4.4345239960595775
011210,2019-03-31,0.1051278546355944,0.02925905694525531,0.0019106726557892287,G2,3.0555758023089004
011230,2019-03-31,-0.021273748456381258,0.03009663732244786,-0.003365011686454443,G2,-1.229317956530639
011280,2019-03-31,0.41705795461311673,0.05076383775740551,0.006475510350505118,G3,7.905890967025547
011300,2019-03-31,-0.06313750308337782,0.015290530388837986,-0.0036499802846966032,G2,-5.157577226767808
011320,2019-03-31,-0.2208381430624182,0.04025837315287484,-0.0032991401092905027,G2,-5.876112539356783
011330,2019-03-31,-0.16039113168487326,0.031805010002962965,0.030650857826101715,G5,-5.537357790604699
011390,2019-03-31,-0.22766716856007654,0.02775207428236464,0.009117057920140927,G4,-8.770218554439248
011420,2019-03-31,0.7930189040800389,0.052403905034213695,-0.04039067404529644,G1,14.832755599745123
011560,2019-03-31,-0.25987354329113993,0.021474618555367257,0.015771015205657966,G4,-12.833668305486732
011690,2019-03-31,-0.10390405911241718,0.031566329635984734,-0.018002230867626447,G1,-3.7897547395354434
011700,2019-03-31,-0.3260220713784912,0.02218943293169469,0.005745317620274003,G3,-15.401324615449957
011760,2019-03-31,-0.2234978010165481,0.021858206472901362,0.007477279582476508,G3,-10.94428262210888
011780,2019-03-31,-0.13644237683226998,0.019757027745297258,0.02385191299369739,G5,-7.7019158463136845
011790,2019-03-31,0.1778318385424517,0.022191630319028488,0.005748319391754168,G3,7.304882425341987
011810,2019-03-31,-0.49011398182268795,0.025155850054544664,-0.024207438346944044,G1,-20.108188312507338
012030,2019-03-31,-0.05468420774137337,0.020672886886585733,0.013079084798834323,G4,-3.4058521368079697
012160,2019-03-31,0.0051684695830249185,0.028305992975864256,0.011310236871913123,G4,-0.37292875262387365
012170,2019-03-31,-0.29670084200157326,0.07498815908656387,-0.026313836627377872,G1,-4.166330178558107
012200,2019-03-31,-0.10134112816471111,0.013187413580924042,0.004969552826542115,G3,-8.877079321250985
012330,2019-03-31,0.15674268392710491,0.016772454360210107,0.010964080667112854,G4,8.407719744723412
012340,2019-03-31,-0.44980970088305755,0.0388730589982694,-0.005806880806749891,G2,-11.975756503728634
012450,2019-03-31,-0.05450430337014782,0.0166509549451561,-0.001008093255491761,G2,-4.21770954499352
012510,2019-03-31,0.3409217103550646,0.02361279404275231,0.03845491344868538,G5,13.77207295040911
012600,2019-03-31,0.20254248835613706,0.06488685877432655,-0.05545847673700199,G1,2.8791330579060213
012610,2019-03-31,0.4239452419357706,0.04541020597835989,0.00573861147620771,G3,8.989623475722901
012620,2019-03-31,-0.042136015438706785,0.008361704378118041,0.007456606841254806,G3,-6.919714098649289
012630,2019-03-31,-0.4032679253463759,0.016727731217078573,0.015845459337713468,G4,-25.047778933337337
012700,2019-03-31,0.1476877930092873,0.032900584109592956,0.006896785225516959,G3,4.0109684476852845
012750,2019-03-31,0.04617773542170989,0.013048545488630256,0.021103580387648094,G5,2.3338346188048993
012800,2019-03-31,0.4295739440070776,0.0722611527832405,0.00044659043882543873,G2,5.727134702835345
012860,2019-03-31,-0.0014678267419732764,0.03457592284249089,-0.005657509532483822,G2,-0.4972366191232748
013000,2019-03-31,0.016042036704931602,0.031726282332759405,0.004837094145504301,G3,0.010005851499017622
013030,2019-03-31,-0.028229550985743913,0.016979102633367417,0.008248535035628519,G3,-2.5887198028156755
013310,2019-03-31,0.31304563661472645,0.044884261489274505,0.0046965676401466315,G3,6.624171558453287
013360,2019-03-31,-0.21368716187610426,0.03338165901379289,0.0023284639430620896,G2,-6.872389116928198
013520,2019-03-31,-0.08030468166473034,0.021024486784054053,0.005558828502374047,G3,-4.567496504735493
013570,2019-03-31,-0.05762326404028539,0.01536924134555406,0.015085929217064352,G4,-4.772379496584404
013810,2019-03-31,-0.3869057339467908,0.01903071633522592,-0.010065051450010064,G1,-21.156866356985986
013870,2019-03-31,-0.368104677450186,0.027048657351697564,0.0006047916461339829,G2,-14.190326000095938
013890,2019-03-31,,,0.027223508116693895,G5,
014100,2019-03-31,-0.38228479120001296,0.017570467700058382,0.1278064173234256,G5,-22.652178998854115
014130,2019-03-31,0.4891671890375131,0.06614449710236099,0.0009616483511337063,G2,7.157702024244731
014190,2019-03-31,-0.07437195133399208,0.029364191386925535,-0.010972849373514457,G1,-3.06824521002822
014200,2019-03-31,0.07824691788850456,0.04417697000367743,-0.0188637617594228,G1,1.415269758156929
014280,2019-03-31,-0.13212390934580048,0.024415412970402253,0.0008275381818658074,G2,-6.055539497133426
014440,2019-03-31,-0.05174773686090052,0.010840357304160973,0.010935586413815835,G4,-6.224179074825881
014470,2019-03-31,0.28942941088316043,0.05416909362300085,0.000849064088452727,G2,5.052785718601132
014530,2019-03-31,-0.021630338885597136,0.01561605420649802,0.0097906485001437,G4,-2.39208487796792
014580,2019-03-31,0.32914415244180795,0.056672307644163034,0.006991721015842014,G3,5.530382954836224
014620,2019-03-31,-0.16586424634954672,0.017349047703203443,0.0024318790334290283,G2,-10.466789744967446
014680,2019-03-31,-0.002654595446243045,0.01700161927896494,0.02715390311635583,G5,-1.081025482336061
014790,2019-03-31,-0.238427622419711,0.017811090801886885,0.002771836100058641,G3,-14.269323169588272
014820,2019-03-31,0.0997259731391607,0.030335762557380283,0.011960075987917181,G4,2.7690546675718952
014830,2019-03-31,-0.0337446480097883,0.013322958438012128,0.014018543387932512,G4,-3.7130819311077525
014910,2019-03-31,-0.28848518761712094,0.02893966114342692,-0.0058056927178189235,G2,-10.51186378253466
014940,2019-03-31,0.25691186543282457,0.055549896289974816,0.00816748782174949,G3,4.341813276095314
014970,2019-03-31,0.5153714550993919,0.06252754427875529,0.0018852093672648339,G2,7.990828244215256
014990,2019-03-31,0.3778541744379962,0.05403666826541868,-0.03301841813746265,G1,6.701552812693499
015020,2019-03-31,-0.1822768658219248,0.014979154125617546,-0.0134607281053874,G1,-13.218466970614463
015230,2019-03-31,0.010338071544047,0.011287152469891539,0.017382321783191556,G4,-0.47722547432717244
015260,2019-03-31,-0.2827715723679293,0.024407900044172773,-0.022522302215032264,G1,-12.229489635036728
015360,2019-03-31,-0.011580614906702218,0.006719838524199392,0.01127438978992601,G4,-4.063371916403228
015540,2019-03-31,0.03414549762507445,0.03353378052417466,-0.07210029883136716,G1,0.5493239683041589
015710,2019-03-31,-0.07656711442355944,0.02798992111918941,0.019826211672518267,G5,-3.2973191409096163
015750,2019-03-31,-0.10263820096394115,0.021173765788368507,0.0039038554799010966,G3,-5.590067935116959
015760,2019-03-31,-0.059734639987584714,0.015064685219655096,-0.003973461671940561,G2,-5.0090146008776975
015860,2019-03-31,-0.1764293178965519,0.023992798892479624,-0.0024536446229628207,G2,-8.008815769804801
015890,2019-03-31,-0.01932865152139208,0.01815721737883696,0.04466345130712896,G5,-1.9305402928943443
016100,2019-03-31,-0.39690862934078597,0.02266415015341261,-0.06355517828592978,G1,-18.20642798353278
016250,2019-03-31,-0.09678861259772747,0.02554451659498705,0.009689486699724583,G4,-4.404593072436595
016380,2019-03-31,-0.08226591635682134,0.05546595815761483,-0.01858754476668898,G1,-1.7666782986721468
016450,2019-03-31,-0.18212521950452998,0.018675272936321673,0.010605803222368558,G4,-10.59421237989109
016580,2019-03-31,-0.08361804399331779,0.014975547412197001,0.02539318407156161,G5,-6.633656152542456
016590,2019-03-31,-0.20773709848187233,0.02254036330883085,0.02493549811718219,G5,-9.913845826505323
016670,2019-03-31,-0.21876605129236262,0.050050719653563946,0.029570871028763882,G5,-4.685060297848473
016710,2019-03-31,0.14231808470331933,0.013492114925035935,0.0196652943100861,G5,9.382776323163291
016740,2019-03-31,-0.07467423185564329,0.02189307765140616,0.010588194300989194,G4,-4.1291051687806535
016880,2019-03-31,-0.4328449451215269,0.03223252556048853,-0.008107121953749432,G1,-13.916673470560719
016920,2019-03-31,-0.202649021223,0.023576351497996726,0.006082842393373474,G3,-9.262400481128271
017000,2019-03-31,-0.37434833531910494,0.01693551809070682,0.00528035867391295,G3,-23.032830850828667
017040,2019-03-31,-0.13834395773658428,0.017552000426883967,0.006004940964748178,G3,-8.77783399183921
017180,2019-03-31,-0.18431211424930855,0.02252469457055516,-0.005850832515039721,G2,-8.880773138033828
017250,2019-03-31,-0.25371017260604306,0.020754688699979786,0.009040885158324201,G4,-12.981874348305672
017370,2019-03-31,0.021903018979956307,0.016799781075142645,2.0168452786059942e-05,G2,0.36776852728182
017390,2019-03-31,-0.11992955952711279,0.011317025416683031,0.011761389327391987,G4,-11.986731739811406
017550,2019-03-31,-0.08062779772771819,0.03086320752790969,0.006279028215542557,G3,-3.121917444124385
017650,2019-03-31,-0.31105193865688063,0.02015532247474562,0.013244935420067765,G4,-16.212914841805276
017670,2019-03-31,-0.007721705887853383,0.01009406427529094,0.008619638581503306,G4,-2.322780347311757
017680,2019-03-31,,,-0.04283910622565985,G1,
017800,2019-03-31,-0.08222011661201457,0.025106128232512088,0.011465301094721133,G4,-3.9012269809277735
017810,2019-03-31,0.14387097231869125,0.03268401058078302,-0.005422502296590667,G2,3.9207668155248503
017890,2019-03-31,0.11676379927358299,0.024293229703760234,0.025184799192230062,G5,4.159151017398461
017900,2019-03-31,-0.19799299268539788,0.022692105324434195,0.009431209870526413,G4,-9.418146878181776
017940,2019-03-31,-0.1754809283180959,0.013461351848005943,0.002260294171129656,G2,-14.204035279095216
017960,2019-03-31,-0.09932649727198362,0.01969405960927069,0.0034250786264017306,G3,-5.8419182123892375
018000,2019-03-31,-0.24638055919664564,0.019829998294376854,0.006956984150738899,G3,-13.217608168239948
018120,2019-03-31,0.034369985530325796,0.006408542032126271,0.023275896792817902,G5,2.909460092726487
018250,2019-03-31,-0.40057553548839187,0.02208191061784921,0.04232727668441397,G5,-18.85254092946029
018260,2019-03-31,-0.11070781278881042,0.014502381436208142,0.016331934033482914,G4,-8.718044107462264
018290,2019-03-31,0.1415518650528993,0.027178522864664014,0.02207075665539801,G5,4.629658405063608
018500,2019-03-31,0.1459763804688643,0.02389873872557445,0.004574869664618868,G3,5.45015340471443
018620,2019-03-31,0.41689943464423646,0.05040791904892759,-0.016424863083738007,G1,7.958567899213392
018670,2019-03-31,-0.1592020697730847,0.011570931888450217,-0.0013699300541518337,G2,-15.117767496582166
018700,2019-03-31,0.19330342344370144,0.05908482728783852,-0.033889328798054626,G1,3.0054896216132043
018880,2019-03-31,0.04599142256161403,0.019328449629374262,0.008286091946892888,G3,1.5659214736148386
019010,2019-03-31,0.03039358697771912,0.028493476487676996,-0.0018989413438496295,G2,0.514819549968539
019170,2019-03-31,-0.15196158373708418,0.021001535300006285,0.002428709792458192,G2,-7.984472067255393
019180,2019-03-31,0.5701587069508507,0.04004619417868493,0.023933672862362664,G5,13.844864164661642
019210,2019-03-31,-0.1980492844616921,0.019083305950472154,0.004404785685283884,G3,-11.202140407527086
019300,2019-03-31,,,0.04232145471954068,G5,
019440,2019-03-31,-0.112111244984583,0.010641744217150808,0.003733594755320033,G3,-12.012676739011448
019490,2019-03-31,0.08521370291126418,0.027138329878707436,-0.011697825430222521,G1,2.560552362158837
019540,2019-03-31,0.18636378406797297,0.038459494510720844,-0.00346055767436689,G2,4.4368548781917045
019680,2019-03-31,-0.0024856327440213027,0.014676128526582805,0.012606061479255732,G4,-1.2408054989659782
019770,2019-03-31,-0.12386526697629195,0.03178157638502517,-0.013137341820959367,G1,-4.392162727250935
019990,2019-03-31,-0.22683179112548374,0.028426245467346727,-0.015006277933201553,G1,-8.532832084328644
020150,2019-03-31,0.03627671366813012,0.023381659934602797,0.016927681804423618,G4,0.8789848749113267
020560,2019-03-31,0.6611068461611974,0.06440734899537234,-0.008266964577879076,G1,10.02032016520776
020710,2019-03-31,-0.2084615484706135,0.025105542595108277,0.008807630932548818,G4,-8.929746722526103
021050,2019-03-31,0.12417304424481988,0.05427568924260323,0.0023694865450242697,G2,1.998103709467039
021240,2019-03-31,-0.09812370147592664,0.022068297183650814,0.039432574744148206,G5,-5.158906859182804
021320,2019-03-31,-0.1827078293974704,0.013677771958506545,0.011049080818535888,G4,-14.50765652730118
021650,2019-03-31,-0.17778868242066834,0.018697091665559516,0.005710426116496119,G3,-10.34991292321781
021820,2019-03-31,0.09894576317234394,0.025858860288218283,-0.002265102872357838,G2,3.218284719801311
022100,2019-03-31,-0.1408001845118148,0.014789809126088346,0.011783927205315556,G4,-10.583285518608113
022220,2019-03-31,-0.06561079039811288,0.023834716913067877,0.022190956076457272,G5,-3.412475127355642
023150,2019-03-31,-0.015444829863675397,0.008571149702230555,-0.004883744890329438,G2,-3.6365504257681995
023160,2019-03-31,-0.17525971776228777,0.020817317182854296,0.00833260905311919,G3,-9.174299662152514
023410,2019-03-31,-0.25016084403776406,0.02228809325275875,0.0017926160469758762,G2,-11.929483121672945
023530,2019-03-31,-0.2607795053625993,0.013693110148583244,0.0033009565991166602,G3,-20.192935760945577
023590,2019-03-31,-0.0016095092017630215,0.027894686128380364,0.007240161749438,G3,-0.6214121699480685
023600,2019-03-31,-0.030588908935866098,0.03105254221629238,0.01564458043240716,G4,-1.4914558958995905
023800,2019-03-31,-0.20340698550317007,0.027372936357869162,0.0009653901626509754,G2,-8.005409827925469
023810,2019-03-31,-0.3044510307739051,0.026699545621889358,-0.010189916819054252,G1,-11.991800292912341
023890,2019-03-31,-0.12475574970142368,0.013607305109368426,0.030488345957294664,G5,-10.32389123398131
023900,2019-03-31,0.22706824058027292,0.04801072124494695,0.013225373114125173,G4,4.402009527553648
023960,2019-03-31,-0.16979697215010642,0.02925309590615536,0.0006938195408617544,G2,-6.34194619880775
024070,2019-03-31,0.011703569841057401,0.00999056042268059,0.0042488907427103775,G3,-0.4024817651978942
024090,2019-03-31,0.06000164583813892,0.013022829282719887,0.026317200937484245,G5,3.3999568482093556
024120,2019-03-31,-0.0533058869608751,0.014219181444892358,0.024072795409779447,G5,-4.854743253942054
024720,2019-03-31,-0.46234655990986173,0.02268505087579023,0.02005087825351526,G5,-21.074281506476996
024740,2019-03-31,-0.019786142935756233,0.02659441104645199,0.0035563282144155293,G3,-1.3352704487053453
024800,2019-03-31,-0.11990468775044806,0.02266870649801529,0.010417560770558025,G4,-5.983106093751618
024840,2019-03-31,-0.14922898371578117,0.020797859765002202,-0.006801770731418235,G2,-7.931276285873053
024850,2019-03-31,0.06822200799173891,0.024189734884021544,-0.0153231745623174,G1,2.1702354328456
024880,2019-03-31,-0.3025239031493708,0.03295173312210045,0.007438899426260074,G3,-9.658019813568417
024890,2019-03-31,-0.18629270003029283,0.021909019979851306,0.014842660512231359,G4,-9.220735954934211
024900,2019-03-31,0.050807411392363784,0.04168791096583253,-0.002931303805893672,G2,0.8415586759869932
024910,2019-03-31,-0.27412329610315367,0.029972569304938464,-0.012100447635145489,G1,-9.670438372818797
025000,2019-03-31,0.03931246212579434,0.01592921075867878,0.015021443265612102,G4,1.4807936342764976
025320,2019-03-31,-0.07934415899287892,0.027595518621901297,0.008740567668079378,G4,-3.445079200385867
025440,2019-03-31,-0.0809917636714544,0.040649465337907614,-0.016020720757045123,G1,-2.3792773435707595
025530,2019-03-31,-0.003956323610926377,0.007525706718635116,0.00739283972530921,G3,-2.615157962173401
025540,2019-03-31,0.10501196089522288,0.02455867096835363,0.013305583097560667,G4,3.6356760825935868
025550,2019-03-31,-0.13800334372403628,0.016727093371007373,0.0031918000300604535,G3,-9.19035534444872
025560,2019-03-31,0.17501029383974712,0.057603056602012974,-0.037228217255458315,G1,2.765230093690665
025750,2019-03-31,-0.17585253662561648,0.015715064161197702,0.010630998139364368,G4,-12.190667686482408
025870,2019-03-31,0.04657368746858973,0.02946691666361934,-0.0069461438114807985,G2,1.0469062503367639
025880,2019-03-31,-0.04596614991856923,0.024508021547288577,0.0005613389713271644,G2,-2.5171651671200865
025900,2019-03-31,0.02792562191615349,0.02488038881131205,0.007677265506305014,G3,0.4903875808931128
025980,2019-03-31,-0.24065910874235644,0.032000367252070616,0.01056211920121219,G4,-8.011898580978349
026040,2019-03-31,-0.06385164679590598,0.031182889791206644,-0.013389097058520243,G1,-2.5519198369369867
026150,2019-03-31,-0.1990846039618977,0.026457674935996097,0.001420288616933708,G2,-8.118974653549031
026180,2019-03-31,-0.11211824121957571,0.01388621847286122,-0.023995198744402618,G1,-9.206453845207877
026890,2019-03-31,-0.46778341684064306,0.02800385877546309,0.007731049896923332,G3,-17.265763584680897
026960,2019-03-31,-0.08890270429086962,0.015190328513487983,0.028049676032340713,G5,-6.887757064191322
027040,2019-03-31,-0.253498274899817,0.022112294396927468,-0.00827541114073098,G1,-12.175256818782223
027050,2019-03-31,-0.34714401739229406,0.020248370600699457,0.010135666661565729,G4,-17.920879303495823
027410,2019-03-31,-0.26537217386438444,0.015189489874803905,0.0012327973810835925,G2,-18.50600411314389
027580,2019-03-31,-0.1393088225113127,0.07102709142413825,-0.0019261475907050444,G2,-2.1827363001650295
027710,2019-03-31,-0.19735396666841973,0.026977063548408547,0.005377367943614078,G3,-7.898508098235323
027740,2019-03-31,0.1737033181591978,0.048055976954109125,0.008003422610938875,G3,3.2873898302965494
028040,2019-03-31,-0.441491442065348,0.046721852030299826,0.008791663157577623,G4,-9.785914094418402
028050,2019-03-31,0.037130980416222606,0.019097319280367096,0.021923818101026917,G5,1.1209108391948621
028100,2019-03-31,0.3199110685244242,0.0459681655040381,0.019864666782367563,G5,6.617329122312019
028150,2019-03-31,-0.061150604402915615,0.011827093360602801,0.02271652175585437,G5,-6.499922702418877
028260,2019-03-31,-0.14679890129737921,0.013206415930997426,0.0049635981749380454,G3,-12.306403976813003
028300,2019-03-31,-0.9010292828186998,0.05988581130924808,-0.042225510475998325,G1,-15.308365220601441
028670,2019-03-31,0.17350933853774728,0.018927103897366987,0.006630464783065645,G3,8.336444453311378
029460,2019-03-31,-0.1704861906547678,0.026531362421316616,0.021568289584721793,G5,-7.018515518843122
029480,2019-03-31,0.7161242493969019,0.07377679727554648,-0.021648363754469508,G1,9.493495069265594
029530,2019-03-31,-0.07072611994766431,0.011943323335671328,0.0053659878916347305,G3,-7.238413107744861
030000,2019-03-31,0.11917898342449589,0.015129550578222682,0.009696436152702197,G4,6.8379027291209145
030200,2019-03-31,0.01355986150796229,0.007989796877041482,0.007813137964280091,G3,-0.2709363905798548
030270,2019-03-31,,,-0.034191302930179794,G1,
030520,2019-03-31,-0.18117222854157222,0.019050878398431368,0.0029137042920702677,G3,-10.335314343987342
030530,2019-03-31,-0.2348918844700983,0.025726228980320464,0.003180349377289654,G3,-9.741671540632868
030720,2019-03-31,-0.0834694452996835,0.019227568732558608,0.0021137100171651647,G2,-5.15894832647299
030790,2019-03-31,-0.09007941167131826,0.04595885540909958,-0.02936395320408355,G1,-2.3021461036138815
031310,2019-03-31,-0.033449284766672235,0.04564446651855104,0.0057857720959075066,G3,-1.077323863167091
031330,2019-03-31,0.28693212550970615,0.034955876254286214,0.030190160493891633,G5,7.758567838537796
031390,2019-03-31,-0.22608799054213197,0.021699050635608147,0.09045722324776567,G5,-11.143924351262243
031430,2019-03-31,-0.5337363593475848,0.026918301632592172,0.02090686374330083,G5,-20.412169946026683
031440,2019-03-31,-0.2154061684866757,0.012316731852991489,0.001326785942376819,G2,-18.765591350097694
031510,2019-03-31,-0.3792720504884667,0.021516161716203623,-0.0034485392157842937,G2,-18.358136731529232
031860,2019-03-31,-0.8453170261731122,0.05610276452699155,-0.050801510371095135,G1,-15.347579066164403
031980,2019-03-31,-0.5206482990550805,0.030679751917653295,0.00578075807626304,G3,-17.482960381493264
032040,2019-03-31,,,0.06437027528554373,G5,
032190,2019-03-31,-0.12377181864819081,0.015560526137884834,0.007216577364704864,G3,-8.964761579870775
032350,2019-03-31,-0.1001020296411656,0.020604575834633525,-0.0001436741606929976,G2,-5.621402682882251
032500,2019-03-31,1.3868568789909583,0.04596900098020001,0.06649463256362141,G5,29.827324099260828
032540,2019-03-31,0.0358039105699553,0.01578348218825893,-0.015332917744472502,G1,1.2721731551480995
032560,2019-03-31,-0.18043670511163387,0.01805761261399548,0.017678720540300962,G5,-10.863080161266387
032620,2019-03-31,0.08838873451486197,0.033039522236226165,0.018877238424603177,G5,2.199309837473839
032640,2019-03-31,-0.1611084446619371,0.016345117204741206,0.009194852696893694,G4,-10.81870693750287
032750,2019-03-31,0.23212091890299147,0.03141632584806687,0.019948919403250706,G5,6.888021588336461
032800,2019-03-31,-0.16062419200614536,0.041571398663000934,-0.022259481636375974,G1,-4.242069930603323
032820,2019-03-31,-0.44240807961545175,0.02964915128758578,-0.03404087999785896,G1,-15.451797031457284
032850,2019-03-31,-0.11546690778481278,0.021280378683569263,0.03099600516172506,G5,-6.164904204519669
032860,2019-03-31,-0.09818781375209419,0.018871590387033177,0.023504862378977,G5,-6.036184531943764
032940,2019-03-31,-0.2580329340599026,0.021071619313866377,0.17145880943708144,G5,-12.991764810170425
032960,2019-03-31,-0.1272757172659808,0.018557311606664073,0.018293353103763076,G5,-7.705874025951172
032980,2019-03-31,-0.3445565710872564,0.027927870133326843,-0.023872668924612667,G1,-12.900416594698367
033050,2019-03-31,-0.11274788002385702,0.021312411042847135,-0.0291138679287558,G1,-6.0280588620811635
033110,2019-03-31,0.8511979232257919,0.06666596565344099,-0.005563742894054882,G2,12.532231803761093
033130,2019-03-31,0.3872730910470942,0.03898778327651545,0.00525891999651805,G3,9.529869912753023
033160,2019-03-31,-0.02375594981891303,0.014679753002863343,0.015758932148476394,G4,-2.6894552004046868
033170,2019-03-31,-0.0938656886301796,0.032365419320995875,-0.025784197945507105,G1,-3.3860298789449343
033180,2019-03-31,-0.508758034859965,0.0360893359917499,0.028605308760389716,G5,-14.53289756329008
033200,2019-03-31,-0.06651862950496679,0.017327590791925328,-0.0004976582310058202,G2,-4.746373499227965
033230,2019-03-31,-0.2618281019933596,0.013934870619848926,-0.017326619565094934,G1,-19.917851970100514
033240,2019-03-31,-0.3476841152934445,0.022241888237219076,-0.0021468213340327317,G2,-16.338932182952824
033250,2019-03-31,0.8563773138397546,0.06599791159342147,0.005109701451648352,G3,12.737565557881302
033290,2019-03-31,0.22062298601528837,0.03032315732478327,0.041210882605268874,G5,6.757159077644259
033310,2019-03-31,-0.12538338457864903,0.034783124347213486,0.010153339522405002,G4,-4.056794076500131
033320,2019-03-31,-0.21771233794540656,0.030545795115434086,0.005326040909208775,G3,-7.642195113878387
033340,2019-03-31,0.09062892053222879,0.04931341067994982,-0.02094409453349908,G1,1.5189444669133338
033430,2019-03-31,-0.12806160495311866,0.03671759336239977,-0.022869015423377995,G1,-3.916002657615773
033500,2019-03-31,-0.031735205746198675,0.022760789787921894,0.03357263140850013,G5,-2.085155850201539
033530,2019-03-31,-0.28425846402944216,0.023630407274910142,-0.004077956358797892,G2,-12.694789758585614
033540,2019-03-31,-0.05481296415229451,0.008590744726288386,0.0004909758954599743,G2,-8.210877477448248
033560,2019-03-31,-0.18850739622312615,0.019928473094434872,-0.022171558988625818,G1,-10.248250505225766
033640,2019-03-31,0.7418080633955507,0.04415092618142447,0.01927270273372367,G5,16.445486832521766
033780,2019-03-31,-0.0684864026075575,0.009259438643317889,0.025409801487072496,G5,-9.094610816782376
033790,2019-03-31,-0.586386704109346,0.0374991285866817,-0.06881581939161248,G1,-16.05667424918476
033830,2019-03-31,-0.0034187019455469373,0.038476634329285074,-0.0008856153378610666,G2,-0.49753026777268905
033920,2019-03-31,-0.17804831232395701,0.01943386640286921,0.03627884623054935,G5,-9.970887755544236
034020,2019-03-31,-0.0702990765047269,0.02369407370330282,0.0020292054035450403,G2,-3.630598343586219
034120,2019-03-31,-0.3422670678885106,0.025779866600000076,-0.004844706415875693,G2,-13.886482101649184
034220,2019-03-31,-0.27476684798486434,0.02226216864382931,-0.0017700925068316275,G2,-13.048658505274492
034230,2019-03-31,-0.07423384515861636,0.019677567910588556,-0.004165302636628133,G2,-4.571623576788856
034590,2019-03-31,-0.001518385135096699,0.002140796541246007,0.01163903594018524,G4,-8.054466194323577
034730,2019-03-31,-0.1949350639211344,0.012811373266930002,0.0076407266502261754,G3,-16.44317496393648
034940,2019-03-31,-0.20763026496908923,0.01943721427225373,0.00382082303248368,G3,-11.491093840706295
034950,2019-03-31,0.14679168288878686,0.011371089780223179,0.030435096915148917,G5,11.526344192748105
035000,2019-03-31,-0.10584810897851171,0.014805962948014647,-0.010147446916002289,G1,-8.211063180467278
035080,2019-03-31,-0.06983978464534797,0.016299062666077987,0.0026565943431971013,G3,-5.249649911385442
035150,2019-03-31,0.043284114750266584,0.027692070325587195,0.026795433971295538,G5,0.9952136547012793
035200,2019-03-31,-0.042139890196308046,0.02379198736552956,0.01203881553450335,G4,-2.4320994098810633
035250,2019-03-31,-0.03240974923188708,0.013303555004125334,0.023639093233839323,G5,-3.6181560080937074
035290,2019-03-31,-0.03240870225199004,0.03404930465213554,-0.07942628721942557,G1,-1.4136350500850907
035420,2019-03-31,0.12052434778181992,0.018048622676447287,0.00803824949968503,G3,5.806523933999973
035460,2019-03-31,0.019184161123790885,0.03722321206272697,-0.061234282336289095,G1,0.0929412776808959
035600,2019-03-31,-0.028753263453637996,0.027987339130415758,0.01585583360603941,G4,-1.5892133039755458
035610,2019-03-31,-0.19432102440948146,0.01579199626935623,0.008141459631207252,G3,-13.300763821250458
035620,2019-03-31,0.18333684262417882,0.052505179383951474,-0.058297608532809124,G1,3.1922994332272756
035760,2019-03-31,-0.3281925760390745,0.016820568663735994,0.0070301694176385645,G3,-20.44622694688264
035810,2019-03-31,-0.2458999223629655,0.022089813918150143,0.00763946236576596,G3,-11.843672000482327
035890,2019-03-31,0.018385296467659913,0.023148427181335033,0.014748109912093474,G4,0.11494121010999755
035900,2019-03-31,-0.3914684534225775,0.022785382557780967,0.03789619347722509,G5,-17.87080118691356
036010,2019-03-31,-0.024862603826205424,0.021979431614269088,0.0039748758261834985,G3,-1.8465988008147693
036090,2019-03-31,-0.19529630853726726,0.02565048012043427,0.006083970696459698,G3,-8.226781556593675
036120,2019-03-31,0.09050152112957478,0.060242730846149777,0.021759878005592252,G5,1.2412606773296668
036170,2019-03-31,-0.3501108566912666,0.02581145596302008,-0.02325533137763135,G1,-14.173375010332272
036200,2019-03-31,-0.06472925702103721,0.037075127916990365,0.03487604732453817,G5,-2.1700220545823616
036260,2019-03-31,-0.030716590273864516,0.022907322001924454,-0.0022099903121587513,G2,-2.0273508402796745
036420,2019-03-31,-0.03745726996154569,0.022539671727178714,0.0072199704272829755,G3,-2.3594779391889817
036460,2019-03-31,-0.03949404415558008,0.018239200220238293,0.01361524161220232,G4,-3.0274700493502644
036490,2019-03-31,0.06382655230946578,0.019275681904540768,0.02461100431128442,G5,2.495474054427113
036530,2019-03-31,0.1716210840306196,0.021338744419908882,0.010593016492423137,G4,7.305795164305698
036540,2019-03-31,0.584165007948485,0.0466862022753257,0.006305758005517693,G3,12.175769113985513
036570,2019-03-31,-0.02049530494643699,0.014785573624657957,0.022699086037403914,G5,-2.4496779158657085
036580,2019-03-31,-0.43640273758324927,0.024059685000250252,-0.0009257876328410457,G2,-18.791905455696558
036620,2019-03-31,0.008723398056633117,0.036970282647535484,-0.037306602087057016,G1,-0.1893734555780493
036630,2019-03-31,-0.06738375408277418,0.015739389205308308,-0.0006892550842568283,G2,-5.280277476716755
036640,2019-03-31,-0.2364221753725063,0.01815778459662799,-0.0036533253503737025,G2,-13.886427733845107
036690,2019-03-31,-0.13601159941733987,0.021683187346484112,-0.013104965458401854,G1,-6.997872832438433
036710,2019-03-31,-0.18584830976886624,0.030644346755266352,-0.027812558228047873,G1,-6.577816770380959
036800,2019-03-31,0.3842485053194419,0.019243511788343534,0.01361202173408894,G4,19.15055428226856
036810,2019-03-31,0.264230306143196,0.04964422659895783,0.032815614485442596,G5,5.005732487594413
036830,2019-03-31,0.24985913862190623,0.0327832147677781,0.041314025153807846,G5,7.1419033198885
036890,2019-03-31,-0.09405035587551468,0.022674105608069685,0.026303313809558405,G5,-4.841423340276761
037030,2019-03-31,-0.08620117610517594,0.04920238232250921,0.014055461656657291,G4,-2.0715615693641083
037270,2019-03-31,-0.542632822208136,0.02704258875701388,-0.0009179074657925694,G2,-20.647335780625372
037330,2019-03-31,0.27983760999958635,0.036287287106134894,0.013606893713050646,G4,7.278389839168773
037340,2019-03-31,,,-0.07678454529153794,G1,
037350,2019-03-31,-0.1349666950107225,0.015567330276060307,0.00502271390784874,G3,-9.679969562780595
037370,2019-03-31,-0.28924434970109403,0.02406965871789968,-0.006709252719997416,G2,-12.670264315363742
037400,2019-03-31,0.03722119936992803,0.02456693496714051,0.006871026864507394,G3,0.875022104441873
037440,2019-03-31,-0.1494433104016836,0.011912207190693731,0.003332777408326005,G3,-13.865431988625344
037460,2019-03-31,0.21051789018147363,0.047037571444078614,0.015841438144503943,G4,4.141227873079347
037760,2019-03-31,-0.2864112678089567,0.019647484759031525,0.003773512668039324,G3,-15.377838932047801
037950,2019-03-31,-0.11104987578287707,0.029159301041201298,0.0029666980471344403,G3,-4.347650989268993
038010,2019-03-31,0.028537247102416907,0.014872954091670816,0.008067462468354627,G3,0.8614737050992562
038110,2019-03-31,0.1561126130973687,0.034581614307869726,-0.0021980997399157977,G2,4.059614557384227
038160,2019-03-31,0.6161418633752944,0.057922996575110665,-0.04804011933145274,G1,10.365784069224032
038290,2019-03-31,-0.2721740624965302,0.01887875738260348,0.04360680321740161,G5,-15.24987290726661
038340,2019-03-31,0.24163989972728228,0.09991335212534108,-0.0020454143045567736,G2,2.26111232068941
038390,2019-03-31,0.08301249838818421,0.013856196378791671,0.013410728825817763,G4,4.856160255918511
038460,2019-03-31,0.13866868425036183,0.026451497929933725,0.01854689796877922,G5,4.6479067590322956
038500,2019-03-31,-0.1862564427118051,0.02275658079048706,-0.009419648052177357,G1,-8.875719634978442
038540,2019-03-31,0.20537468250950966,0.022222356020856194,0.01116559730492346,G4,8.534202858428898
038620,2019-03-31,-0.009266372414676236,0.02875940845834471,0.007634421647076805,G3,-0.8689664353203714
038680,2019-03-31,0.7367724720387101,0.05499336164285182,0.0028228750273544766,G3,13.111544053010983
038870,2019-03-31,-0.32940001558911586,0.030922758903865713,-0.0008497673423528958,G2,-11.160860675379947
038880,2019-03-31,0.08190265336675676,0.047496799914886395,0.036349245122891366,G5,1.3933162918355095
038950,2019-03-31,0.09481505262621961,0.021409364097084924,-0.019640804194921386,G1,3.69419960500809
039020,2019-03-31,-0.14405068425654652,0.012735234386113414,0.004652076172846885,G3,-12.54592319604739
039030,2019-03-31,0.0994201630791602,0.0385239894227055,0.008069440633307891,G3,2.172557310342763
039200,2019-03-31,-0.29155201196919767,0.030990869413674377,-0.07237890141206654,G1,-9.915068728885334
039230,2019-03-31,-0.14886311608798014,0.029146105025206898,0.05772590748926631,G5,-5.6469879656623485
039290,2019-03-31,-0.22191953549621807,0.023415140591198418,0.008497968695761377,G4,-10.149164930525375
039310,2019-03-31,-0.21032020352127717,0.02395299630644088,0.01444692333458534,G4,-9.4370152637559
039420,2019-03-31,-0.08231483421525858,0.02226022236466423,0.022175621716571257,G5,-4.40424272698102
039440,2019-03-31,0.2937935088851195,0.04164660630804272,0.019991442170666385,G5,6.67686866471339
039560,2019-03-31,0.176295109087785,0.03979193127005281,0.014403931740045398,G4,4.0352532718947325
039570,2019-03-31,-0.061603774932123885,0.015923601318514,0.014964733961988375,G4,-4.856210703888329
039670,2019-03-31,-0.1792066889827903,0.05807784643054272,-0.04803938128639791,G1,-3.3563792254454436
039740,2019-03-31,0.08975763255432168,0.02899598997234324,0.0017814822274166077,G2,2.5532166478758365
039790,2019-03-31,,,-0.07417329972760951,G1,
039830,2019-03-31,0.26703579260460436,0.030658621079178265,0.012812488681582176,G4,8.197081131609918
039840,2019-03-31,0.09820253467429706,0.024183996159486607,0.03698275973271771,G5,3.410434979193854
039980,2019-03-31,-0.2111374389237326,0.02007629033652097,0.0024151257188589218,G2,-11.29999732800934
040160,2019-03-31,-0.3363574991039365,0.018667839001414076,0.005793297055835796,G3,-18.86035589403576
040300,2019-03-31,-0.06244244196984901,0.012808995637632341,-0.021998845412500644,G1,-6.102510486887149
040350,2019-03-31,-0.13908862117310414,0.029615704533757278,-0.05710906412319564,G1,-5.227402550290011
040610,2019-03-31,0.0225476202690192,0.03031537322348923,0.0054337248394289535,G3,0.2250683830749744
040910,2019-03-31,0.14196451052042736,0.03373719611523221,0.005942713064490918,G3,3.741861708185537
041140,2019-03-31,-0.1614925874189667,0.06222543655689492,-0.028153849859410864,G1,-2.8479860561882093
041440,2019-03-31,-0.21173926875943502,0.016527230439556638,0.0014152259856083922,G2,-13.762974856955593
041510,2019-03-31,-0.08326973740773125,0.02400875187153195,-0.0037305271170431802,G2,-4.123259975059617
041520,2019-03-31,-0.44367169540758333,0.02823487067512743,-0.007070544247821214,G2,-16.270529053549634
041590,2019-03-31,-0.5936960835953583,0.03867251173157572,-0.04261728474642819,G1,-15.758497303216705
041650,2019-03-31,-0.1378639383018668,0.012693397682632203,0.0014260729876006504,G2,-12.099875098635653
041830,2019-03-31,0.162090373658135,0.02881118919772288,0.037992600285831055,G5,5.080171610355086
041910,2019-03-31,-0.2932938039384246,0.018433813250446594,0.004562332696951554,G3,-16.763671627531114
041920,2019-03-31,0.34616484831776123,0.03389978470704032,0.02295017816784487,G5,9.747562202477386
041960,2019-03-31,-0.005996335668843214,0.04452853905864557,-0.0013284665452197278,G2,-0.48779781154576246
042000,2019-03-31,-0.4600754710678226,0.039042822385995664,0.004883841867484428,G3,-12.18662049067903
042040,2019-03-31,-0.07782432574224513,0.044711263618996876,-0.06249831642959371,G1,-2.092289647072114
042370,2019-03-31,-0.16952560425885368,0.014976123031318879,0.014963806603083813,G4,-12.369702900192697
042420,2019-03-31,-0.10610064129195779,0.016346204584604604,0.019908564441565236,G5,-7.45281443754784
042500,2019-03-31,0.14027354796611863,0.035743935927214886,0.027286392872609668,G5,3.484478038021405
042510,2019-03-31,0.03561414076600823,0.034111711820553794,-0.027607740016453206,G1,0.5830710764485822
042520,2019-03-31,-0.19795568124124882,0.022872213368876935,0.009204063816685204,G4,-9.342352050952163
042600,2019-03-31,-0.16599368017683758,0.02010343102056327,-0.010961138148764859,G1,-9.03916690769137
042660,2019-03-31,0.06263671357871205,0.0180815579824067,0.016417045965220513,G4,2.594473628271596
042670,2019-03-31,-0.11507082731785928,0.017805141388280668,0.010776136391116548,G4,-7.345935238640837
042700,2019-03-31,-0.1727303607577114,0.02518770109023905,0.002522440641731206,G2,-7.482022607693925
043090,2019-03-31,-0.2633714752873101,0.04549437707309765,-0.061772383198416464,G1,-6.134737553921648
043100,2019-03-31,-0.09290899686067619,0.025295662340692384,-0.017039668885819523,G1,-4.2945538896293165
043150,2019-03-31,0.058380712022675765,0.021668313912929404,0.026323867975158163,G5,1.9685945089584893
043200,2019-03-31,-0.028660971029659518,0.019509730399255795,0.013005014450030692,G4,-2.2750472895641205
043220,2019-03-31,0.005584574252786165,0.04146762025079454,0.0096681378492028,G4,-0.2445284759815377
043260,2019-03-31,-0.11271361221459153,0.02133569479425626,0.0006221530988283964,G2,-6.019874285250004
043290,2019-03-31,-0.23160766750204498,0.027874689657705457,0.007431477487222573,G3,-8.873004821740446
043590,2019-03-31,,,-0.07833557368844744,G1,
043650,2019-03-31,-0.03474978846874771,0.01234795508758916,-0.002630113383997647,G2,-4.08767090145746
043710,2019-03-31,-0.2888145053801149,0.02285856419834567,-0.003397104247645537,G2,-13.32275688765479
043910,2019-03-31,-0.3407549644202028,0.03532050390255806,0.00036617267029711605,G2,-10.092708576269183
044060,2019-03-31,-0.5807045316306803,0.04758867906905073,0.019641447340831213,G5,-12.533004309713267
044340,2019-03-31,-0.3505105731736807,0.0321259982679395,0.09488049954699963,G5,-11.399962060461892
044380,2019-03-31,0.0067922965793912465,0.03371858747486794,-0.011481790488836395,G1,-0.2649070534926921
044450,2019-03-31,-0.07374234483153468,0.010506036711013562,0.0038385583671679178,G3,-8.51576436745551
044480,2019-03-31,-0.2541509713987792,0.0341000781048226,0.010484578221392642,G4,-7.914221158217997
044780,2019-03-31,0.15063370364725753,0.04538066863650309,0.004463313954479508,G3,2.972832253587508
044820,2019-03-31,-0.30480680708321684,0.019415110279456724,0.0018908648609881613,G2,-16.50937804137366
045060,2019-03-31,-0.16488223231345264,0.015391064869942616,0.011031684719612083,G4,-11.734524029032965
045100,2019-03-31,-0.21220519751277206,0.021338634063312108,0.014805516691094193,G4,-10.681554642710232
045300,2019-03-31,-0.074774787743934,0.013105507041065358,0.027745778275384166,G5,-6.905446366604013
045390,2019-03-31,-0.29441401052836474,0.025121847078496354,0.011988118575659798,G4,-12.34537404015684
045510,2019-03-31,-0.19213239232284599,0.02203527480156951,0.005425056893320565,G3,-9.432919826501779
045520,2019-03-31,-0.277005076952783,0.03218846754903335,0.047908953398458645,G5,-9.094240499090427
045890,2019-03-31,-0.6246429154816938,0.07333285477901456,-0.019225303941160617,G1,-8.732341126589278
045970,2019-03-31,0.40130286201463616,0.04312769832151899,0.007209561963963939,G3,8.940386081001545
046110,2019-03-31,-0.12426040395391255,0.026536720543083772,0.012875757358715339,G4,-5.2751428708733465
046120,2019-03-31,-0.1351689801223389,0.02962415249477094,0.009787191746234172,G4,-5.093599500754249
046140,2019-03-31,-0.07975811345975631,0.022899661018909077,0.0008423712722663055,G2,-4.169612013741465
046390,2019-03-31,-0.31519361791574807,0.03904206567967962,-0.005802384718381542,G2,-8.475939999334525
046440,2019-03-31,-0.15023912867932698,0.01707134109587049,0.013624411173511016,G4,-9.721773818623262
046890,2019-03-31,-0.2247207532648962,0.022059696591914632,0.009305339973707314,G4,-10.899757414991775
046940,2019-03-31,-0.16528374829271242,0.023487602011832295,0.05076215449599216,G5,-7.706548179623461
046970,2019-03-31,-0.001592507715773574,0.032035881084963753,0.015443004495209788,G4,-0.5405531349407952
047040,2019-03-31,-0.20697752217132448,0.012937962989566343,0.005047441594528109,G3,-17.213073695311532
047050,2019-03-31,0.06517183888333725,0.01570954281291701,0.006767532603238113,G3,3.1475932327824108
047080,2019-03-31,0.13775863007214204,0.026299310934299994,0.028300525037402668,G5,4.64019921060704
047400,2019-03-31,0.5638084057019088,0.06545262633819421,0.002439294471076926,G2,8.373748283753528
047560,2019-03-31,0.149063651179812,0.0561941838721358,-0.004310048736580815,G2,2.3728267545964807
047770,2019-03-31,0.11476287057811282,0.023810822041210915,0.013737632095646277,G4,4.159381065105893
047810,2019-03-31,0.05650985596749279,0.01700191686822343,0.009677429480658846,G4,2.398862907536404
047820,2019-03-31,-0.034301342658538125,0.02121944564171885,-0.019101533950193324,G1,-2.357551263991454
047920,2019-03-31,-0.05523596956111172,0.04756659809744307,-0.021783103083002273,G1,-1.4918148582128745
048260,2019-03-31,0.2641622253992899,0.02306635738259918,0.013373398261777244,G4,10.770562210720467
048410,2019-03-31,0.6418616722332097,0.08247279256580399,0.008670311997229833,G4,7.592044170182898
048430,2019-03-31,-0.17752941027846883,0.017007250587242822,-0.007974152039634254,G2,-11.363035872401575
048550,2019-03-31,-0.37349854459325005,0.020779692639902876,-0.004080473241834943,G2,-18.730937919703674
048770,2019-03-31,0.05192551591863108,0.04057555510955187,-0.0034144292341012797,G2,0.8921856419609386
048830,2019-03-31,0.02148031717808673,0.022576446996906176,0.005205558444043835,G3,0.2549439663194735
048870,2019-03-31,-0.2669262235243226,0.031963106251577424,0.017875223321942014,G5,-8.843033262628143
048910,2019-03-31,-0.26148410724671445,0.020599754057856627,0.014538770460675974,G4,-13.456893451418793
049070,2019-03-31,0.3118885866110128,0.04610386948634552,0.020017557323964697,G5,6.42384254673966
049080,2019-03-31,-0.17187648889805804,0.04329103005301443,-0.036879646181688555,G1,-4.33348610332475
049120,2019-03-31,-0.1641975089566318,0.042338349675185794,-0.019414155254873153,G1,-4.249624715471065
049180,2019-03-31,-0.3363265159202706,0.02460793625578093,-0.02732932908452198,G1,-14.306405075836473
049430,2019-03-31,-0.0877876737419909,0.009194277957066701,0.02219572239992049,G5,-11.258335071078172
049470,2019-03-31,-0.1900523024885618,0.017904893174554078,-0.031885135802543756,G1,-11.492773998579347
049480,2019-03-31,0.2607844097489236,0.048838043808331184,-0.0291117279880271,G1,5.017805841597308
049520,2019-03-31,-0.03914041792724409,0.01544885567586168,0.014337149832995848,G4,-3.5513961236794342
049550,2019-03-31,0.3645709956443191,0.04912852716003141,0.0005639501705778326,G2,7.100689305679604
049630,2019-03-31,-0.03543030725576397,0.030154980874259517,0.013722417358020534,G4,-1.6963995336082014
049770,2019-03-31,0.056284067467759,0.018445140184376426,0.016331514351277377,G4,2.1989249648977975
049800,2019-03-31,-0.3638980219613959,0.023460954005292398,-0.017720565437352013,G1,-16.18103893435252
049950,2019-03-31,-0.4211555729284785,0.032186722910805175,0.01530010713655744,G4,-13.573303575341951
049960,2019-03-31,-0.5510636159230938,0.026367701175157045,0.02028875245016964,G5,-21.49554867879043
050090,2019-03-31,0.0816453089055368,0.04963379168301671,-0.021464306273901106,G1,1.328141945939603
050120,2019-03-31,0.057211624356519594,0.04633191032135488,-0.008587986779812382,G1,0.8954311582120038
050540,2019-03-31,0.039591955806658974,0.028120960160692484,-0.033726228533999036,G1,0.8487394255025015
050760,2019-03-31,0.6311529334846859,0.04751507727563879,0.023599371488882623,G5,12.952274952206063
050890,2019-03-31,0.5985647911224236,0.0432993065916212,-0.026192193563050532,G1,13.460728329536673
051160,2019-03-31,0.13776233716084402,0.04629566253892461,0.016543542609883218,G4,2.6360514621200775
051360,2019-03-31,0.021302189709970085,0.018355928628255844,0.023640153428964666,G5,0.30385831126463453
051370,2019-03-31,-0.19154682629975628,0.036317166707540385,-0.013518571394286012,G1,-5.707257292513831
051390,2019-03-31,-0.24050129790744845,0.019003512782928694,0.006802354098444315,G3,-13.483080158365054
051490,2019-03-31,-0.24358007119372793,0.01767376386517751,-0.0034909342909303183,G2,-14.671728184618791
051500,2019-03-31,-0.0847522313450547,0.022685986474128207,-0.001361076573362803,G2,-4.4290258082863465
051600,2019-03-31,-0.07182627042675674,0.018935510564740427,0.0120647583686907,G4,-4.623633377231358
051780,2019-03-31,0.027492208367785653,0.03066007886473316,-0.011657028521481868,G1,0.3838091931990196
051900,2019-03-31,-0.1080585164123024,0.016599518888295934,0.0391128564095881,G5,-7.457029657339892
051910,2019-03-31,-0.07210311116503022,0.014532710922797681,0.00679021096981525,G3,-6.043449144959437
051980,2019-03-31,-0.0948093876347959,0.06412729069078549,-0.02473224544000629,G1,-1.7236651459839818
052020,2019-03-31,-0.6207512359091445,0.03940985469589445,-0.05823158096908442,G1,-16.1501692674534
052190,2019-03-31,0.17027574103163146,0.03850852731116259,-0.04700453330588599,G1,4.01342672877384
052220,2019-03-31,-0.1950136353337667,0.01846832722294089,0.007101363848990199,G3,-11.410791081678859
052260,2019-03-31,-0.30807082263685465,0.019196808434967107,0.020840849839231453,G5,-16.86714809751153
052300,2019-03-31,-0.27910408267196624,0.021629599604386637,-0.06693052404855332,G1,-13.630796514951067
052400,2019-03-31,0.4768121977889077,0.03662589298018258,0.02047394767521314,G5,12.589115842256662
052420,2019-03-31,-0.25182696299334606,0.030327542080374074,0.008583357362336836,G4,-8.822065122177552
052460,2019-03-31,-0.01099505136867297,0.03244602712604814,-0.028049613552408995,G1,-0.8235103638471707
052710,2019-03-31,-0.06955320202952323,0.03187636367725207,0.014687724659164169,G4,-2.675267202001278
052770,2019-03-31,,,-0.018081688783313,G1,
052790,2019-03-31,-0.006123845611076106,0.041569273797315086,0.1056394936904077,G5,-0.5255909437557068
052860,2019-03-31,0.20662179155320026,0.04305819045057888,0.052606849450906365,G5,4.433470178850484
052900,2019-03-31,0.1592630628588752,0.04317689990290374,0.0042272324547320056,G3,3.3244275282933833
053030,2019-03-31,-0.2174595006818234,0.025004606295458306,0.006574610699069562,G3,-9.325645289582972
053060,2019-03-31,-0.018081963870751477,0.026245640546430225,0.009543120477503126,G4,-1.2880825692266726
053110,2019-03-31,-0.2208678747068697,0.027417743341873302,-0.019445203286224212,G1,-8.629173451369786
053160,2019-03-31,-0.08144302194734918,0.01837422118599539,0.010406150076819694,G4,-5.2882573470217755
053260,2019-03-31,-0.0908793094003836,0.014406439793994242,0.007141728767595654,G3,-7.39973922496235
053270,2019-03-31,-0.08044019588126593,0.02520238046132016,0.003949043177475647,G3,-3.815702420021426
053280,2019-03-31,0.4307625731512556,0.03979961790311379,0.023029695135671383,G5,10.428190188315611
053350,2019-03-31,-0.18496813230105577,0.016189222849580714,-0.0008410630371671833,G2,-12.396686511826454
053450,2019-03-31,-0.1190048960868126,0.025015321285037657,0.001206302778295856,G2,-5.385878629617765
053590,2019-03-31,0.017187800924468,0.04547657370037752,0.038934037347326214,G5,0.03217508642612948
053610,2019-03-31,0.020317158124898572,0.025819326147432455,0.07688148977407713,G5,0.17787334430728996
053660,2019-03-31,0.03376479460772809,0.03666788582706196,-0.017981123502773855,G1,0.49198926978003715
053690,2019-03-31,-0.20183497606090114,0.022362207734791247,0.09678452294465986,G5,-9.728894699324114
053700,2019-03-31,-0.263675829866306,0.019280520664872153,0.0008274396946769029,G2,-14.491331585803561
053800,2019-03-31,0.0557208817076892,0.01973486340811565,0.016430103605503874,G4,2.0266820522277977
053950,2019-03-31,,,0.0007260768465187594,G2,
053980,2019-03-31,-0.20490081401780416,0.028731470888365404,0.0024884488700633494,G2,-7.67887600012984
054040,2019-03-31,-0.0556840918808174,0.015602532793705605,-0.0065751368869492,G2,-4.57673642223776
054050,2019-03-31,-0.06613488149754052,0.013414657309372486,0.012971754713128841,G4,-6.102240843352849
054090,2019-03-31,-0.16638594269956267,0.018708044173838024,0.0046002299488792815,G3,-9.734343646115954
054210,2019-03-31,0.4274661969890541,0.03924750897006828,0.013669912921822085,G4,10.490897882659777
054340,2019-03-31,,,0.04511348756368826,G5,
054450,2019-03-31,0.09872990101822358,0.03405029260900719,0.011744390774174723,G4,2.437726857036536
054540,2019-03-31,-0.0017420889102851764,0.018317038642609803,0.0032716133635235607,G3,-0.9535753833563261
054780,2019-03-31,-0.0651870563031973,0.04731959375397891,-0.00922046367878518,G1,-1.7098972776301122
054800,2019-03-31,-0.2628081934799205,0.024995759300675557,0.009967860327488956,G4,-11.143201467285962
054920,2019-03-31,-0.24384713088333063,0.020241586270061746,-0.021537329114002208,G1,-12.82368464879373
054940,2019-03-31,0.8313358064644429,0.0800107823793425,-0.0010231161215780887,G2,10.19376631467269
054950,2019-03-31,0.045750715612448374,0.027795473977221177,0.011002190703352791,G4,1.0802523965506452
055490,2019-03-31,0.14107251288757772,0.029696408785428112,0.007075092990555478,G3,4.220979228767596
056000,2019-03-31,-0.049979140439836,0.028405086094812224,0.0017426791474074053,G2,-2.313097325451513
056080,2019-03-31,-0.3463631029093081,0.018000111965233597,-0.014706261722803413,G1,-20.11585771488301
056090,2019-03-31,-0.22174763389664323,0.02200549068193758,0.0009727147796811302,G2,-10.791498611156076
056190,2019-03-31,-0.11743764737806027,0.023136632188578643,0.01988220130508121,G5,-5.755471865049127
056360,2019-03-31,0.12382503896487354,0.03257616119683776,-0.00033957016545544376,G2,3.3183913253742428
056700,2019-03-31,1.2485994808223426,0.05759661551804759,0.029806314370355795,G5,21.40533573888094
057030,2019-03-31,-0.1100363234782312,0.055607549951852055,0.003493317166096475,G3,-2.2615798002684118
057050,2019-03-31,-0.1490034144096781,0.012329142594672065,0.014760615744265045,G4,-13.360864421842118
057540,2019-03-31,-0.21411944986078849,0.027995416694928346,0.002193947397364881,G2,-8.210059546558604
057880,2019-03-31,-0.1259149964699502,0.0452567592986271,-0.01967111914170215,G1,-3.129689065242925
058110,2019-03-31,0.02672628259503273,0.024987002357301585,0.0008840680377301437,G2,0.44029668715038
058220,2019-03-31,-0.05726143033649979,0.026801079068996873,-0.03165435529798818,G1,-2.723249253654982
058400,2019-03-31,0.1673723832176159,0.0452360212946942,0.007234012871912512,G3,3.352368104931209
058420,2019-03-31,-0.47804733205696176,0.027615957979313332,-0.02128105957239145,G1,-17.87994900130325
058430,2019-03-31,-0.16740877209261146,0.013033798003298335,-0.0009954550841905353,G2,-14.050652026490038
058450,2019-03-31,-0.3407750901684097,0.02602890615288977,-0.019802223108470577,G1,-13.696298888231405
058610,2019-03-31,-0.05716923784603618,0.02954794379033951,0.007863535399769979,G3,-2.4669678065775393
058630,2019-03-31,0.16388636846588328,0.045385390802232646,0.04521475863505744,G5,3.2645258223335745
058650,2019-03-31,-0.0850481519467316,0.009332839237558472,0.0035913322667185726,G3,-10.797650920256125
058730,2019-03-31,-0.23055278437890875,0.020050633208838486,0.008757505198704385,G4,-12.282772820642977
058820,2019-03-31,-0.44721044953806566,0.03370563890380059,0.004500428264974741,G3,-13.73464657040398
058850,2019-03-31,-0.13807917014754711,0.011453103496734968,0.0044751936275183955,G3,-13.429002752545399
059090,2019-03-31,-0.16780237451173063,0.036313730217554414,0.01759774622843565,G5,-5.053927581868359
059210,2019-03-31,-0.17243704069696317,0.02886280414858738,-0.004883874936122148,G2,-6.5191735343381865
060150,2019-03-31,-0.0597151178650766,0.03604741221189363,0.002195079665816875,G2,-2.092791173383587
060230,2019-03-31,0.08793927416359651,0.028828931924270693,0.011627604473771395,G4,2.504937960171387
060240,2019-03-31,0.8094732056329035,0.052003708649562226,0.0014503752117333796,G2,15.26330790648892
060250,2019-03-31,0.4602528575339801,0.034088358882676056,0.015690336341470768,G4,13.04047140634272
060300,2019-03-31,-0.5721150423821636,0.05275787482613463,-0.0015619083595564398,G2,-11.142215878761288
060310,2019-03-31,0.3036488004587341,0.03924576023596809,0.01500897554618043,G4,7.336441197527427
060380,2019-03-31,-0.07154459918549189,0.00970830878833369,0.008694565574501913,G4,-8.989123576874263
060540,2019-03-31,-0.12975788686575496,0.02893703031568317,0.008027904728406277,G3,-5.027553743903053
060560,2019-03-31,-0.2824734958878276,0.020876425840674843,-0.0039128508137822055,G2,-14.28396251345495
060570,2019-03-31,-0.37451717445364124,0.024566477118386217,-0.04586492024179681,G1,-15.885133257339035
060590,2019-03-31,-0.306173675028519,0.025240304333418985,-0.0069870226916484675,G2,-12.753343185232886
060720,2019-03-31,0.16017908824905286,0.038067310273968966,-0.009567332359379423,G1,3.7947125492745686
060900,2019-03-31,0.08502648293994124,0.02146394542363091,-0.038552859360363886,G1,3.2287584289302487
060980,2019-03-31,0.06397415047692318,0.01640460013716774,0.0030134826025293615,G3,2.9412214767923857
061040,2019-03-31,0.34990797392914763,0.03864473113196084,-0.0006695745789791339,G2,8.647579525206467
061970,2019-03-31,0.27850325340003007,0.05260106480361836,0.020507399953721733,G5,4.99569098355324
062860,2019-03-31,0.20009830130001666,0.017262427844389465,-0.006381397343828163,G2,10.680636277048748
063080,2019-03-31,-0.2847779731088571,0.020422103403799647,0.015245516743315717,G4,-14.71457446877098
063170,2019-03-31,-0.31239153232737954,0.02012754292021123,-0.001230841847354714,G2,-16.301846771033006
063440,2019-03-31,0.0578815193711453,0.04666320117744537,0.0006284308372554096,G2,0.9034298991949083
063570,2019-03-31,-0.17179854798427613,0.019170833715445926,0.002907666407227513,G3,-9.781689153585583
063760,2019-03-31,-0.35587444415239256,0.03140542979801162,0.0003163294267463285,G2,-11.832318002895594
064090,2019-03-31,-0.5505191545867254,0.03509244179400527,-0.020886880115498073,G1,-16.1357749382589
064240,2019-03-31,0.16749123794544096,0.045801892760996686,-0.015054481951801318,G1,3.313545370321161
064260,2019-03-31,-0.08604011454022503,0.026752355019837516,0.029902989951167476,G5,-3.8039530613307933
064290,2019-03-31,-3.6430640377688867e-05,0.02772597536615413,0.014920392396783218,G4,-0.5684567870932941
064350,2019-03-31,-0.31497045633677245,0.022503624504443057,0.0018112305084419789,G2,-14.695190301756723
064510,2019-03-31,-0.42457455589536586,0.03889622556738867,0.003590197716542695,G3,-11.319842419358425
064520,2019-03-31,,,-0.011838172777180724,G1,
064550,2019-03-31,-0.18135841756660406,0.025982130130812586,-0.037870670475808596,G1,-7.585329024588887
064800,2019-03-31,-0.37555428647386885,0.030940503782188506,0.0052121728747637945,G3,-12.646170129085297
064820,2019-03-31,-0.01944310908403097,0.03668392300854544,0.00020450714159440326,G2,-0.9586678423442563
064960,2019-03-31,0.2858428117625754,0.025271408343202854,-0.057784540055205745,G1,10.688688966554327
065130,2019-03-31,0.03965058267675453,0.03951419956995196,0.04127547648634454,G5,0.6055037101056356
065150,2019-03-31,,,-0.008511119181975677,G1,
065170,2019-03-31,-0.10517636148566978,0.04379465863415034,0.005258479923241384,G3,-2.760632312057511
065350,2019-03-31,-0.2664838723277228,0.023078622878085736,0.008111472950359301,G3,-12.228132590657626
065420,2019-03-31,,,0.021336015442778838,G5,
065440,2019-03-31,-0.1484014348218139,0.027926542574612932,-0.013152634073134311,G1,-5.87706203224417
065500,2019-03-31,0.16408061063597035,0.0584913951368292,-0.0003918980030843307,G2,2.536373462346492
065510,2019-03-31,-0.12908097920765027,0.020376616175254235,0.00692479176272092,G3,-7.106458020188804
065560,2019-03-31,-0.4277967064352851,0.03419641072224383,0.018220980123291337,G5,-12.96982008647126
065570,2019-03-31,-0.2240159643666469,0.014974250264364533,0.002628011134042977,G3,-16.010187379629382
065620,2019-03-31,-0.24837793564562471,0.034078394738726495,-0.03928446213133877,G1,-7.749852242329777
065680,2019-03-31,-0.0726458169635439,0.018080641972580032,0.0064956035332013285,G3,-4.887570105799065
065690,2019-03-31,-0.10394698390641481,0.0190074562823392,0.0024346241069385086,G2,-6.296033007473067
065710,2019-03-31,0.2294281098441296,0.036159968130479295,0.06718022722947799,G5,5.909947731085096
065770,2019-03-31,0.33903264310165,0.043978695758085495,-0.022324905099466368,G1,7.35146982631734
065940,2019-03-31,,,-0.006542827930198301,G2,
065950,2019-03-31,-0.47699350374182903,0.022098234290230494,-0.0066086729673378265,G2,-22.29671771535842
066110,2019-03-31,-0.4088330297518008,0.033375638439314445,-0.04413791066917409,G1,-12.720584169769534
066310,2019-03-31,0.5778972796042046,0.03788220342649391,0.00767948866361656,G3,14.840020920634734
066360,2019-03-31,-0.2072181972963039,0.04038751120164461,-0.004349087699789814,G2,-5.520092199256873
066570,2019-03-31,-0.1262369378504908,0.017924967466753337,0.012581769035932574,G4,-7.919764783344275
066590,2019-03-31,-0.08284591620282575,0.029856936677199585,0.008792875304774354,G4,-3.3014272530307425
066620,2019-03-31,-0.0889416947589345,0.015612954363304142,0.011823202736419488,G4,-6.703810218021944
066700,2019-03-31,-0.28825069682197796,0.028661850970227224,-0.006755095170813405,G2,-10.605570637187016
066790,2019-03-31,,,-0.009754251425608287,G1,
066970,2019-03-31,0.03896880494808024,0.03177128434473753,-0.00569741421333898,G2,0.7316108615746351
066980,2019-03-31,-0.1738762143764595,0.025565080612864804,-0.03533859128408136,G1,-7.4163976043299895
067080,2019-03-31,-0.42078018784648147,0.020124719997516683,0.003309023905261839,G3,-21.689980090934863
067160,2019-03-31,0.08801239293149991,0.02494103544586744,0.0452660730768205,G5,2.8983481801748296
067170,2019-03-31,-0.2630070205059957,0.02627689033120878,0.0054290536900848466,G3,-10.607480764580552
067290,2019-03-31,-0.29277549468211106,0.025133042193016687,0.009133317144596,G4,-12.274681295968344
067310,2019-03-31,-0.0013762194723069415,0.029038722528331434,0.014172525679304137,G4,-0.5888966944367735
067390,2019-03-31,-0.3205302425013471,0.03121340951968542,0.002690424236715413,G3,-10.772768368177617
067570,2019-03-31,0.19990653784789758,0.02191397527181964,0.00919182953842871,G4,8.404771262540073
067630,2019-03-31,-0.6675199074310595,0.06621099569034863,-0.017392129777031574,G1,-10.319199832935725
067770,2019-03-31,-0.07692208257055003,0.018793637993525795,0.009792563079452078,G4,-4.929682631843813
067900,2019-03-31,-0.09491035005455238,0.02995447243588789,0.014382058033998408,G4,-3.6934363817169698
067990,2019-03-31,0.26540991308955736,0.0331641778138732,0.02373147291759403,G5,7.528765713884671
068050,2019-03-31,-0.3980495995360436,0.021899059494047548,-0.000788192963415239,G2,-18.894609966414627
068060,2019-03-31,,,-0.05133424037567824,G1,
068240,2019-03-31,-0.12202839080045054,0.01645035605425997,0.00356111641408729,G3,-8.373860029617552
068270,2019-03-31,-0.03634215232719401,0.023637645272720387,0.017993322558254504,G5,-2.202704201783459
068290,2019-03-31,-0.23297415628462642,0.030634217823134937,0.016015491248118956,G4,-8.118331793413816
068330,2019-03-31,-0.24789964058714195,0.024583849515502815,0.00638008422801202,G3,-10.723472280294917
068420,2019-03-31,,,-0.00949039122397262,G1,
068760,2019-03-31,-0.41345922738385954,0.021284193373139648,0.0006375897290567756,G2,-20.164438844122586
068790,2019-03-31,-0.03779269056443891,0.03052067081642384,0.016306638203782375,G4,-1.75347649210037
068930,2019-03-31,-0.1923013712967033,0.0291807941820357,0.010073375397686357,G4,-7.1288655899592515
069080,2019-03-31,-0.214898617784526,0.025722049746798214,0.02433065511723232,G5,-8.965973096624122
069140,2019-03-31,-0.5051737299710503,0.026159833803373087,0.0026201810363254445,G3,-19.912141725425602
069260,2019-03-31,0.027238219159896677,0.015061437963220174,0.022670524517427973,G5,0.7644443347785717
069410,2019-03-31,0.07034405616632784,0.03997863320104999,0.004905587405699684,G3,1.3662164901024987
069510,2019-03-31,-0.03814492220021995,0.022213626571471645,0.021927530025421492,G5,-2.4250659955136364
069540,2019-03-31,,,0.03821535130533597,G5,
069620,2019-03-31,-0.12777289133914566,0.022417193195151362,0.006309654519348794,G3,-6.401224199891224
069640,2019-03-31,-0.2932996919193746,0.021349033011805192,-0.017628508763849908,G1,-14.47486075757109
069920,2019-03-31,0.01782470021727479,0.02642606449790382,-0.010865768387992388,G1,0.07947123500539673
070960,2019-03-31,-0.13790870766389124,0.028155585019371134,-0.0011910138302596808,G2,-5.456583331281703
071090,2019-03-31,-0.1945126812879953,0.019820633558682736,-0.0046770100987631935,G2,-10.6069903820603
071200,2019-03-31,-0.10917864109304232,0.022393410710513966,0.020598455725652096,G5,-5.577677779548468
071280,2019-03-31,0.04109030887755877,0.035679489224936946,0.003951016831840508,G3,0.7109328410602966
071320,2019-03-31,-0.10970330692362973,0.014143556117607326,0.00965159568784024,G4,-8.868200763369442
071460,2019-03-31,-0.4652736935977477,0.02924316637590208,-0.04938229512503214,G1,-16.448228473282217
071670,2019-03-31,-0.03552269157135782,0.03310461129462367,0.00134254029904888,G2,-1.548040523737389
071850,2019-03-31,-0.1342647441444646,0.015261952176319891,0.0005472505960936979,G2,-9.827663633521198
071950,2019-03-31,0.05694059823973153,0.048027604015807614,0.008834872363964375,G4,0.8581733536170522
071970,2019-03-31,-0.6887425028164995,0.020164419543901996,-0.007192632384007525,G2,-34.936145298803524
072470,2019-03-31,-0.2513214610674822,0.01995978276471686,0.001444660629456348,G2,-13.3792061993198
072520,2019-03-31,0.018480265170017975,0.04273680547562301,-0.03559806213745372,G1,0.06448018058569452
072710,2019-03-31,-0.0739896973897823,0.01176318631139419,0.00992142613286634,G4,-7.626699369555707
072870,2019-03-31,-0.14517926864452138,0.01944001159838109,0.008070653297959097,G3,-8.276942432133893
072950,2019-03-31,0.01646032651763133,0.02531833457952881,0.009231141273950033,G4,0.029059505475218295
072990,2019-03-31,-0.02982770662925886,0.027724331890477582,0.019952977713211268,G5,-1.6430439169644595
073070,2019-03-31,-0.05528239818056549,0.03350715504972112,-0.01676271401989418,G1,-2.1191589172668537
073110,2019-03-31,0.7781414248130263,0.061222522364335986,0.04073697019845388,G5,12.453208511086494
073190,2019-03-31,0.1567392157279146,0.0507998951501241,0.007749901884111487,G3,2.7758842233019063
073240,2019-03-31,-0.0665946170125732,0.022182897397847984,-0.007858927887866953,G2,-3.7109311633859554
073490,2019-03-31,0.2774828906728594,0.03406650737988518,0.016322052114511463,G4,7.6837434351172265
073540,2019-03-31,0.3927218891035405,0.060506325933662015,-0.028437136880610614,G1,6.2307088564851725
073560,2019-03-31,-0.11619199075455347,0.036022767837893606,0.01513308350698548,G4,-3.662033400195304
073570,2019-03-31,0.07246244156181605,0.030421537618552777,-0.01773516172755039,G1,1.8650554103458596
073640,2019-03-31,-0.37288141209379166,0.01919831572613548,0.0014289309379844394,G2,-20.24167150246727
074430,2019-03-31,-0.007514639211975824,0.02840544400360182,0.018933856564784017,G5,-0.8181258298347032
074600,2019-03-31,-0.23946307566437977,0.03444926877958056,0.015451589194933413,G4,-7.4076365896896395
074610,2019-03-31,0.4150704567438906,0.0718318038834286,-0.05071651393673798,G1,5.559457606781953
075130,2019-03-31,-0.08951701208023456,0.04320275013913094,0.006528242605939083,G3,-2.4359930786027895
075180,2019-03-31,-0.1169153905235401,0.016342187225666494,0.001584320817096048,G2,-8.11641531988535
075970,2019-03-31,0.009457839001948673,0.03907357560070615,0.006955717122158236,G3,-0.16038330603232986
076610,2019-03-31,0.2835201896867833,0.043187684270422445,0.01800013386365379,G5,6.200740002049424
077280,2019-03-31,-0.1169956674524073,0.017309739697598935,0.004286160299180428,G3,-7.667374438109619
077360,2019-03-31,0.2117800605301791,0.04507684228999851,0.007695161293419826,G3,4.349361275875908
077970,2019-03-31,-0.07442487995172188,0.014869296239045704,0.007596497546114516,G3,-6.062793204044853
078000,2019-03-31,0.062488411620605935,0.02636603181516875,-0.007947825596984304,G2,1.773639041063735
078070,2019-03-31,0.861928031231005,0.05470884695922505,0.011648948948219532,G4,15.467396774536178
078150,2019-03-31,-0.12872008149083394,0.03487146834110146,0.009422984090475841,G4,-4.142202109564669
078160,2019-03-31,-0.2567511597634059,0.022724105981772273,0.0017358982543124197,G2,-11.990603644308887
078340,2019-03-31,-0.1549107996955275,0.017249946266610704,0.03212448891564534,G5,-9.891937359892328
078350,2019-03-31,0.29222856619565873,0.027124802320617668,-0.020314374350739507,G1,10.19376932934154
078520,2019-03-31,-0.18948831174449848,0.03042113570890567,-0.0003980568898948416,G2,-6.745734345470781
078590,2019-03-31,-0.06239176182942188,0.07952606682470567,8.690233324593179e-05,G2,-0.9822735259484536
078600,2019-03-31,0.09703892737457828,0.037039778351925325,0.0006496977413022345,G2,2.1953246687033015
078650,2019-03-31,-0.0654375775801333,0.041472350656823934,-0.10314370352557402,G1,-1.957018701134869
078860,2019-03-31,0.0795783939179602,0.01640573475438082,-0.03952597304671444,G1,3.8921637243717617
078890,2019-03-31,0.10114337163264073,0.034009527550129384,0.01362723160099524,G4,2.5116133492722295
078930,2019-03-31,-0.04372100155663601,0.010649804006428884,0.008494616057602628,G4,-5.581848243971913
078940,2019-03-31,,,-0.0058837623955950635,G2,
079160,2019-03-31,-0.22881974033478988,0.017935670236712747,-0.0020265287351433907,G2,-13.634524126649204
079190,2019-03-31,,,0.040795737353587554,G5,
079370,2019-03-31,-0.1465331420116423,0.023561021269369712,0.009514553240598312,G4,-6.886701912954769
079430,2019-03-31,-0.2641402069900578,0.018353399529137834,0.012367327055429407,G4,-15.24866250424282
079650,2019-03-31,-0.050742804636985835,0.02603121982203583,-0.006866046548504663,G2,-2.553372194107257
079660,2019-03-31,-0.09950128327135817,0.024302159880152496,0.0025316379304551368,G2,-4.741383978827203
079810,2019-03-31,0.21455282169317946,0.04301059903748256,-0.05613943793363543,G1,4.622772942190644
079940,2019-03-31,0.054499989397132687,0.032531830739821195,0.024369658362787823,G5,1.1919218894242811
079950,2019-03-31,-0.03610407494131911,0.019242334249707012,0.024700832767934437,G5,-2.693470683132031
079960,2019-03-31,0.14732921324596485,0.019106310586797775,0.016653292356438948,G4,6.888018720977347
079970,2019-03-31,-0.08959381932519003,0.03689398198629609,-0.035612443218851444,G1,-2.8546229463548722
080000,2019-03-31,-0.07788490532749709,0.027779772268142666,0.007978816485553306,G3,-3.369699818242961
080010,2019-03-31,-0.06474130250252223,0.020171434557331933,0.016294789873648005,G4,-3.989101048272668
080160,2019-03-31,-0.3762990394541221,0.016910416865803125,0.02329432569282394,G5,-23.18237514784044
080220,2019-03-31,-0.09088079346239168,0.02750959980133674,0.0016233392613172004,G2,-3.8752065630742343
080440,2019-03-31,0.25065925315152565,0.06399234981565996,-0.042056081830504854,G1,3.6712929841301007
080470,2019-03-31,-0.34377503313436425,0.024984140771992402,0.007896617397473752,G3,-14.389112863655605
080520,2019-03-31,-0.03841760356521639,0.028452369234386394,0.004590759236670977,G3,-1.902906269579702
080530,2019-03-31,,,-0.005682550231607871,G2,
080580,2019-03-31,-0.004965476497068449,0.03491916220972431,-0.008609021213155372,G1,-0.5925132054457128
081580,2019-03-31,-0.1526404056237912,0.014682568629993972,0.0028048133109978357,G3,-11.466998595541686
081660,2019-03-31,-0.12334220519479008,0.022421537650275106,0.02626199681450337,G5,-6.202375394551848
082270,2019-03-31,-0.1827563832619269,0.03590212234822729,-0.03842035931150397,G1,-5.528391039729751
082660,2019-03-31,-0.1588355635103074,0.040076049597526225,-0.02128699407966001,G1,-4.3557225200254415
082740,2019-03-31,-0.396270616047949,0.025812766750259095,-0.01591403953280047,G1,-15.960908346994911
082850,2019-03-31,0.04823440989725619,0.04142760031161165,0.007513675568085256,G3,0.7847382280756915
082920,2019-03-31,0.017707111869548882,0.017555600972969748,0.02568751194415829,G5,0.11292826929179221
083310,2019-03-31,-0.11551308465706689,0.02914549741050826,0.006422817116421771,G3,-4.502845535415152
083450,2019-03-31,0.012380037804962121,0.03343267825345447,0.0034860415219431762,G3,-0.10003836381210063
083470,2019-03-31,,,-0.04227838090160824,G1,
083550,2019-03-31,-0.40581321443528334,0.025454552145712493,0.019494748598992948,G5,-16.560409323154417
083640,2019-03-31,-0.19353688527993945,0.04805444677644361,-0.019380893308994722,G1,-4.354674490141336
083650,2019-03-31,-0.3027665143039503,0.0345294044132081,-0.010096779430876954,G1,-9.223764728980266
083660,2019-03-31,,,-0.0278629989788056,G1,
083790,2019-03-31,-0.2169947790664117,0.02122212170893479,0.0046893293589148856,G3,-10.965885998275466
083930,2019-03-31,-0.04983579056011081,0.022708957925824603,0.03614810421123268,G5,-2.8869831460143627
084010,2019-03-31,0.16564484058042497,0.022922687402613627,0.014563814204955915,G4,6.540256371861402
084110,2019-03-31,-0.226520024214587,0.01817407360459926,0.02167022006531141,G5,-13.329131251486567
084370,2019-03-31,-0.038548111200990345,0.03052949299328577,0.012278079945323673,G4,-1.7777137487419272
084670,2019-03-31,-0.07495923207735752,0.010784162793870993,0.01102767710756947,G4,-8.408981025786288
084690,2019-03-31,-0.2364919400955157,0.013084912460691536,0.008865186098396092,G4,-19.27536994141115
084730,2019-03-31,-0.04072957826541305,0.022680462941645777,0.0032458994013303878,G3,-2.4891099730176247
084990,2019-03-31,-0.27848484542654384,0.03426912264677507,-0.05926977661926244,G1,-8.585263086375653
085310,2019-03-31,-0.3140876003868696,0.030923709196672575,-0.006261922504251506,G2,-10.665350218002047
085370,2019-03-31,-0.2885318844722499,0.02626823697507096,-0.026756198338301,G1,-11.582675799532684
085660,2019-03-31,-0.3912745017547953,0.029100139750165524,0.0033998754517412504,G3,-13.986155856443071
085670,2019-03-31,-0.4055202324207068,0.03380110902162237,-0.011185141518624946,G1,-12.462455607197178
085910,2019-03-31,-0.055493637234555415,0.010421954587185115,0.0034695325129303328,G3,-6.833480694439005
086040,2019-03-31,-0.21641194631048538,0.02884711158421075,-0.006859110636567514,G2,-8.047132686685957
086060,2019-03-31,0.054456959846665806,0.04867329291019546,0.002378706337121968,G2,0.7957623019842683
086250,2019-03-31,-0.3283390094108134,0.055840300362519316,-0.020937674044339327,G1,-6.161564236087941
086280,2019-03-31,0.1968515818704309,0.01936937661608711,0.01128740459337434,G4,9.351204079779365
086390,2019-03-31,-0.26186222116672525,0.033960550854061015,0.0023305491638975113,G2,-8.173801732336312
086450,2019-03-31,0.14992796073768017,0.020271467679719338,0.025917122332787434,G5,6.620308633925422
086670,2019-03-31,0.007402911662978785,0.04185472434334554,0.01001937085119179,G4,-0.1988228737107518
086900,2019-03-31,-0.3080799006152992,0.024593507221143705,0.033704477331374466,G5,-13.166259124367988
086960,2019-03-31,-0.2532520013791337,0.018635190695897808,0.009021415997196662,G4,-14.43379861273102
086980,2019-03-31,0.14834875000947217,0.025943939186749216,0.008023420359097696,G3,5.111951613034749
087260,2019-03-31,-0.1146538354488403,0.02871559782705589,-0.005380393518803551,G2,-4.540334645629129
088290,2019-03-31,0.7868600132597051,0.06855988749872269,-8.371022588870878e-05,G2,11.247618004606231
088390,2019-03-31,-0.144602958931653,0.01033093809828185,0.002051525847650869,G2,-15.519166375956834
088790,2019-03-31,-0.16250915001318242,0.011769342928105244,-0.009749134492494609,G1,-15.143898800234085
088800,2019-03-31,0.5423198366200825,0.04583997180362924,0.003956817919682193,G3,11.487687004709215
089030,2019-03-31,-0.014962100238309541,0.036979345611554734,-0.022800181322142718,G1,-0.8298331938036011
089230,2019-03-31,0.04688231891132494,0.039938515458127696,0.01310102263469737,G4,0.7801424344051344
089470,2019-03-31,0.25201137733806617,0.021617729237459603,0.01335139525621366,G4,10.930231686560766
089530,2019-03-31,-0.25697558457706965,0.019987878412391063,-0.010036957097559664,G1,-13.643277549822848
089590,2019-03-31,-0.358629329344318,0.022085900267070763,0.02869041625378256,G5,-16.94990528132374
089850,2019-03-31,0.017052285767288483,0.023450898221533213,0.0019454152333157066,G2,0.05661606303741716
089980,2019-03-31,-0.18636994157810388,0.03373517923628419,0.020735264211160342,G5,-5.99061675048204
090080,2019-03-31,-0.19078711119649716,0.04670796760761351,-0.014987720556211096,G1,-4.421337729071503
090120,2019-03-31,,,-0.06448457147189571,G1,
090150,2019-03-31,0.09853157710001038,0.054176561630408654,0.006443611013166751,G3,1.528465195514322
090360,2019-03-31,-0.3874900212218156,0.022974197640011625,0.0018573950061918424,G2,-17.55075915055572
090370,2019-03-31,0.05323004382917312,0.0488347875886022,-0.006282663403992897,G2,0.7680069361586125
090410,2019-03-31,-0.16271709165477288,0.023608436528961208,0.012534757561538963,G4,-7.5583861587431675
090430,2019-03-31,-0.2733559008306497,0.023740123473113602,0.020811436434884794,G5,-12.176873864760479
090460,2019-03-31,-0.012841615021637526,0.029838039162283198,0.029423457799338765,G5,-0.9573753523670137
090470,2019-03-31,-0.18462965034940884,0.035563657188839665,-0.008671946657029007,G1,-5.633679278844716
090710,2019-03-31,-0.2605812356996161,0.03541197902970532,0.007018362830504367,G3,-7.802608933636023
090740,2019-03-31,0.548775120456819,0.04572447939285286,0.0021515350903197313,G2,11.657880839750915
090850,2019-03-31,0.036049419156539204,0.02123119857012526,0.023213607114588454,G5,0.9573096334676309
091090,2019-03-31,-0.1532916052488272,0.025417975342802646,-0.0013240564465627123,G2,-6.649475074417363
091120,2019-03-31,-0.16882704885478006,0.029627486251105745,0.011221319559199928,G4,-6.2290683565227
091440,2019-03-31,0.10671721927364575,0.04003895592250028,-0.02854468966669975,G1,2.2726024927942103
091580,2019-03-31,0.09656735180940187,0.028463771980846934,0.012658879279147548,G4,2.840198538286011
091590,2019-03-31,-0.1761024807510465,0.021805049893603535,0.00503144939343576,G3,-8.797368954547206
091700,2019-03-31,0.1238862234509276,0.03255344195195709,0.03454033959513111,G5,3.322586759804393
091810,2019-03-31,-0.3550122565264268,0.01877621512867549,0.02445012107755774,G5,-19.74502540693213
091970,2019-03-31,0.0155540852088932,0.03490180858678383,0.021703895088094925,G5,-0.0048852203740945566
091990,2019-03-31,-0.3393000006210133,0.026027597825714073,0.0020365019019503044,G2,-13.64031330258067
092040,2019-03-31,-0.39451363000665923,0.02859757810239817,0.0915372483887636,G5,-14.345208421952035
092130,2019-03-31,-0.045243785837948795,0.009871683227109474,0.031423691148555935,G5,-6.176086962131486
092200,2019-03-31,-0.42933088022577637,0.041892617860220895,-0.0013656507520854572,G2,-10.623720626532451
092220,2019-03-31,-0.03569385047190028,0.03708876011488093,-0.0023686108370399705,G2,-1.3863617588705541
092230,2019-03-31,-0.0652963338794193,0.006706976223501907,0.010982438192972453,G4,-12.080096814837077
092300,2019-03-31,-0.013851635356812825,0.01907126746045639,0.003826911813491508,G3,-1.5508263230764394
092440,2019-03-31,0.01767081034062212,0.014205672243747084,0.008598690894080052,G4,0.13700316830727133
092460,2019-03-31,-0.1406637102388975,0.016848058205280892,0.015159566763187648,G4,-9.282274346913931
092600,2019-03-31,-0.4119836705866185,0.04124546904787885,-0.08537092179800068,G1,-10.369824096930923
092730,2019-03-31,-0.28049926117116863,0.024765349805107622,0.0634850809321262,G5,-11.96122210013643
092780,2019-03-31,-0.11775794917668553,0.023420554043837343,0.006798254714126576,G3,-5.69937573475564
093190,2019-03-31,-0.1181372798445515,0.013192623334689403,0.008765610234394096,G4,-10.146720988225434
093230,2019-03-31,0.8246799024623335,0.0787148405616269,-0.012738985615220147,G1,10.277036813581518
093240,2019-03-31,-0.19066398939573712,0.02247277992620965,-0.026935869774211352,G1,-9.183936224566658
093320,2019-03-31,0.12473090067819056,0.03436362840038372,0.03818929699167865,G5,3.1721421024817986
093370,2019-03-31,0.26077057616262267,0.047522568151598554,0.008377621895079042,G3,5.156412994045772
093380,2019-03-31,-0.29594562103033645,0.0433866687234574,0.0035676971125065933,G3,-7.1835478140114315
093520,2019-03-31,-0.032878663898619945,0.03112683742786817,0.013786203132268533,G4,-1.5614580905157769
093920,2019-03-31,-0.05517424529665138,0.020600593413814948,0.011528520796910307,G4,-3.441591807952487
094190,2019-03-31,,,-0.05573200727667416,G1,
094280,2019-03-31,-0.0953818593908452,0.01493354714237809,0.016402941932432944,G4,-7.440057379994059
094360,2019-03-31,0.30688801752149364,0.05348613484524121,0.011086348647562031,G4,5.443717893032703
094820,2019-03-31,-0.05827577795710116,0.018548490118216333,0.023914391022422522,G5,-3.9895628011101594
094840,2019-03-31,-0.07942585804929217,0.02050880754839279,0.020633591698139636,G5,-4.639491889524455
094940,2019-03-31,-0.33013780130939907,0.028198858993392494,0.009532176485172347,G4,-12.265120004526958
094970,2019-03-31,-0.23789821811657377,0.02481483675032111,-0.004630324504991066,G2,-10.220611519783057
095190,2019-03-31,-0.20746833142308022,0.03524312860932483,-0.015432671411926143,G1,-6.332948533953953
095270,2019-03-31,0.011484196322704594,0.03716478851487876,-0.06959779721103591,G1,-0.11409702791371698
095340,2019-03-31,0.005663303311655343,0.039675891321916325,-0.007314977255305767,G2,-0.25358686568639405
095500,2019-03-31,-0.1707373973800137,0.025349336158344962,-0.004454327569769714,G2,-7.355695015071422
095570,2019-03-31,-0.004861203121898708,0.022163230050104798,0.07619455317941756,G5,-0.928826317763889
095610,2019-03-31,-0.018550547267556578,0.035255121307980634,0.025327257384136714,G5,-0.9722030227447235
095660,2019-03-31,-0.06630977531124192,0.02525125268758063,0.022271171431824756,G5,-3.2487245112747667
095720,2019-03-31,-0.16574900560160136,0.026274148357728004,0.006651659213408208,G3,-6.906925825571762
095910,2019-03-31,-0.2539265108876912,0.020538937013246276,-0.009415242440352424,G1,-13.128775795411316
096240,2019-03-31,-0.2556970419823361,0.016253041147111937,0.02791186410312881,G5,-16.699744236226223
096350,2019-03-31,-0.5089709665906614,0.06513480185640477,-0.006881464907921947,G2,-8.055533138531558
096530,2019-03-31,0.04738691382976797,0.027686223913661212,0.030314127274851426,G5,1.1436130002131033
096610,2019-03-31,-0.012914398968684859,0.037835743677654625,0.0008459441310685581,G2,-0.7569294117216687
096630,2019-03-31,-0.24790902523982258,0.025881799470837394,-0.004909859216370038,G2,-10.186061976570402
096690,2019-03-31,0.2626711513368223,0.06084784631618159,-0.004830563267058724,G2,4.058427340522919
096760,2019-03-31,-0.08746601332308461,0.03819433618526853,-0.005498057444974344,G2,-2.7017252259034965
097230,2019-03-31,-0.9449320037432233,0.029305408068247118,0.09891928274665375,G5,-32.78086385084002
097520,2019-03-31,0.07436326295754055,0.032866851108335954,0.030220428969258452,G5,1.7841281639351825
097780,2019-03-31,-0.1402666054961188,0.01788925766943065,0.00596704688557788,G3,-8.719824858801843
097870,2019-03-31,-0.2951406423115095,0.024390377378632436,-0.006421205580874819,G2,-12.745404702886715
097950,2019-03-31,-0.11890117602705898,0.012116002738194265,0.0016750353178146588,G2,-11.111400943973155
098120,2019-03-31,0.21166716794986384,0.049752741307441846,-0.02087705979013263,G1,3.9383273075098137
098460,2019-03-31,-0.01018797683530197,0.020829067992362286,0.025408603803909094,G5,-1.2440578272680196
098660,2019-03-31,0.06431557043221772,0.029494943583133676,0.009345765619545945,G4,1.6474343156468956
099190,2019-03-31,-0.0364512866621656,0.016055766409654885,0.02041292812757799,G5,-3.2496657939719746
099220,2019-03-31,-0.19173607099611575,0.025868806878852256,0.0035066478993799385,G3,-8.019722757334003
099320,2019-03-31,0.19354931680563128,0.033536159613236624,0.016493094896922574,G4,5.3024774041256135
099440,2019-03-31,-0.04182965394505869,0.0294474980557558,-0.00456852922289392,G2,-1.9544696826664112
099660,2019-03-31,,,0.05174197154977619,G5,
100030,2019-03-31,1.101865438725255,0.06709483710348596,0.02806060422548761,G5,16.18814349030635
100090,2019-03-31,-0.07805063691971222,0.020930469795166218,-0.012478042710110873,G1,-4.480321085609995
100120,2019-03-31,-0.19859331218347182,0.01674224875596788,0.034784067011904896,G5,-12.801022344287588
100220,2019-03-31,0.13609552390155621,0.0355180347130137,0.0055169111051539665,G3,3.389008897560387
100250,2019-03-31,-0.0266427460388984,0.008800515540604889,0.008272870845252717,G3,-4.8141877687407
100700,2019-03-31,-0.0966450406611998,0.01811730615289566,0.026831262625537915,G5,-6.202336481383246
101000,2019-03-31,,,0.0019788049886872126,G2,
101060,2019-03-31,-0.011698809064139604,0.017520201558025344,-0.006461059983277697,G2,-1.565244395654346
101160,2019-03-31,0.2559528961331958,0.03959895539706088,0.03527117668591111,G5,6.066531439759442
101330,2019-03-31,-0.045639648244657126,0.031443934592413715,0.018542273769965808,G5,-1.9515444639919906
101390,2019-03-31,-0.006264786706644916,0.03494095189097848,-0.014415340273201682,G1,-0.6293295904058219
101400,2019-03-31,0.0353968546006506,0.02621761398520761,-0.03013499066623616,G1,0.7503454119225301
101530,2019-03-31,-0.15376710805035157,0.016782495103449358,-0.0013419637969297592,G2,-10.099314508413562
101670,2019-03-31,-0.17659305127206443,0.019145423568460062,-0.012084440292356157,G1,-10.045097138732427
101730,2019-03-31,0.0058248025066933735,0.03506563605476172,-0.09795295562277415,G1,-0.2823215786857628
101930,2019-03-31,-0.1350211840411581,0.014305605974354823,-0.016221985248662897,G1,-10.537531408784014
102120,2019-03-31,-0.07498300439865961,0.03190455154322715,0.013235294132004194,G4,-2.8430925446814364
102210,2019-03-31,,,0.0018717172732912008,G2,
102260,2019-03-31,0.03873439163197767,0.017613497415172038,0.010975661762724864,G4,1.3063733371240183
102280,2019-03-31,0.23896429287032028,0.053294033379715874,0.05470402145125583,G5,4.188831103182987
102460,2019-03-31,-0.2857052219388329,0.02298286864267983,0.009040007681151324,G4,-13.115412825984805
102710,2019-03-31,0.22802822477129284,0.03306559367948755,0.0282764654739637,G5,6.420681225140157
103160,2019-03-31,,,-0.0012617471773231966,G2,
103590,2019-03-31,-0.1217654329363251,0.014622898940358979,-0.005322614374661262,G2,-9.40237785492375
104040,2019-03-31,-0.274866705187193,0.030544796272912476,0.005766847263197469,G3,-9.513610463337326
104200,2019-03-31,-0.0482180741267052,0.017043286371640657,0.022209954678848242,G5,-3.751780083235433
104460,2019-03-31,0.13700899275808384,0.02472199296236569,0.06055998656822017,G5,4.905931520465243
104830,2019-03-31,-0.027267788636633282,0.029845552081317568,0.01683792298919776,G4,-1.440495278987965
105330,2019-03-31,-0.0593548742638788,0.02275833506927972,-0.007891414129675487,G2,-3.2989874817564635
105630,2019-03-31,-0.3855186075801279,0.025032224412784382,0.00048280711211542906,G2,-16.029066742087064
105840,2019-03-31,-0.054983103059287955,0.03168201695393999,-0.023465446153412936,G1,-2.2317926095860137
106080,2019-03-31,,,-0.024818343008936684,G1,
106240,2019-03-31,-0.1331455581778685,0.023977613325648163,0.006752640237318604,G3,-6.208714119762724
106520,2019-03-31,0.012543026249515542,0.05414013150150231,-0.005109651524766858,G2,-0.05876531692004255
107590,2019-03-31,0.08118080228202179,0.011814045467572065,0.019988829404103813,G5,5.540541910592441
108230,2019-03-31,-0.01594411776712039,0.026072744365158423,0.00907466649041875,G4,-1.2146287923849732
108320,2019-03-31,-0.07258088067480761,0.02648631463345331,0.004419874990652501,G3,-3.334003621574753
108380,2019-03-31,-0.009827551816948903,0.015484661049260223,0.011392568440238207,G4,-1.6501581772410678
108490,2019-03-31,-0.3602975271613424,0.028824615911898107,-0.0016809974293445034,G2,-13.045173491502574
108670,2019-03-31,0.00459059851627842,0.021754658441737823,-0.0003111404369913793,G2,-0.5117979557727439
108790,2019-03-31,0.05125161439768042,0.022818819670137675,0.005792414744721946,G3,1.5569177843532154
108860,2019-03-31,,,-0.05632332442060647,G1,
109070,2019-03-31,,,-0.03265658847424434,G1,
109610,2019-03-31,-0.19241018889116324,0.01536047506599375,-0.011648781967059114,G1,-13.550022133575984
109740,2019-03-31,-0.1786672420054034,0.03185163331467078,0.006705824673225494,G3,-6.103041194787369
109820,2019-03-31,-0.12804168979069058,0.026570913156819826,-0.027017045262265334,G1,-5.410663802839042
109860,2019-03-31,0.09416672394089208,0.009177823255053827,0.032922486006556055,G5,8.54692158757833
109960,2019-03-31,-0.28014803432706264,0.026081740759610648,-0.047610456002306865,G1,-11.344051966827907
110790,2019-03-31,-0.29909705815827803,0.021787909655675265,0.015832090715299327,G4,-14.449373591539935
110990,2019-03-31,0.02275405121953019,0.03279174795320691,0.022259780705004846,G5,0.21436682772345564
111110,2019-03-31,0.0140534772006298,0.020705095954772615,-0.00837427463263603,G1,-0.08071013234203858
111770,2019-03-31,0.055945091561432195,0.024282604262105312,0.010778351208468765,G4,1.6563504841572936
111820,2019-03-31,,,-2.068772627487006,G1,
112240,2019-03-31,,,-0.01011279862714456,G1,
112610,2019-03-31,-0.10765796619010017,0.0262193697580038,0.01875170631659339,G5,-4.705778802624733
113810,2019-03-31,-0.1012036903079716,0.04038748021697664,-0.010894318174624117,G1,-2.8951615182497963
114090,2019-03-31,-0.18906504737181934,0.01569268886034771,0.009735105085657815,G4,-13.050002929999838
114120,2019-03-31,-0.017955774445399482,0.03766047248856556,-0.016938843987185155,G1,-0.8943159884921674
114190,2019-03-31,-0.2304401290386357,0.02499996046918256,-0.01360559489803185,G1,-9.84660426072981
114630,2019-03-31,-0.20208573685179534,0.01082920587314209,-0.0038948218173903556,G2,-20.113231536883866
115160,2019-03-31,-0.22195680548565644,0.03493391742457145,0.0038049521489257857,G3,-6.803742930753386
115310,2019-03-31,-0.15816131353585813,0.006448939807220971,0.02858666527555209,G5,-26.963486552696565
115390,2019-03-31,-0.261795504509213,0.01543431103459879,0.0055817032090758585,G3,-17.980724382345013
115450,2019-03-31,-0.13725360827755342,0.026328119760393637,-0.01478577924029669,G1,-5.810448976420195
115480,2019-03-31,-0.31813371257788736,0.022402124241012747,-0.00206408610092233,G2,-14.902975147417918
115530,2019-03-31,,,-0.19746208751128466,G1,
115570,2019-03-31,-0.147312260353617,0.016293808104963087,0.013449321259016789,G4,-10.006061660886392
115960,2019-03-31,-0.280715119659116,0.025710364261937634,0.010156092525666247,G4,-11.529969193523563
117580,2019-03-31,-0.0039644582515020975,0.006171458920904384,0.022656417419987303,G5,-3.1903390655496593
117670,2019-03-31,-0.4546110952062818,0.029995488985647543,-0.02853430500089819,G1,-15.680213903718172
117730,2019-03-31,-0.2494584538179446,0.028248934611036922,0.027344447224148336,G5,-9.387364362747723
118000,2019-03-31,-0.14081816204789038,0.024801285787960016,-0.039650424032466866,G1,-6.311880425134225
118990,2019-03-31,-0.32440026902394203,0.0210596066305597,-0.012876391294410304,G1,-16.150579791252095
119610,2019-03-31,0.005106116262247481,0.023365435106285228,0.026420075707548157,G5,-0.45445213944208934
119650,2019-03-31,-0.11702616107148911,0.04523264146574873,0.0016383782969182693,G2,-2.934844064044001
119830,2019-03-31,-0.09542864331627171,0.033762839054772634,0.0071320530035089815,G3,-3.29217668488259
119850,2019-03-31,0.08178712580776432,0.019437492141596267,0.012032476614261408,G4,3.3987171334256785
119860,2019-03-31,0.009593940213029097,0.030810528100681987,0.05573798059398524,G5,-0.19897899842000136
120110,2019-03-31,-0.2184091910906686,0.020421965151025283,0.0036170174591676064,G3,-11.464801628760394
121440,2019-03-31,0.28852506171767717,0.022693462764204638,-0.008890027652458228,G1,12.021103888679468
121600,2019-03-31,-0.02149446551121368,0.030669397903929897,0.018843738609201917,G5,-1.2135567141909438
121800,2019-03-31,0.21044905298959787,0.05300015778072455,-0.001847873450074309,G2,3.6740355672133957
121850,2019-03-31,-0.15403985418992452,0.046481531676053456,-0.03732202298619239,G1,-3.6522988013469133
122310,2019-03-31,-0.3024663602394665,0.02028489102702153,0.030841719251289777,G5,-15.686105882989365
122350,2019-03-31,0.02051125885605901,0.017670147009585874,0.004516286591211935,G3,0.27089025451617266
122450,2019-03-31,-0.2360696416969377,0.0197873010339397,0.00011612215150283802,G2,-12.725041656785216
122640,2019-03-31,-0.218960749551251,0.04443012508906997,-0.015726857754784575,G1,-5.282121923268654
122690,2019-03-31,0.08144020964609103,0.04326068654940151,-0.004133858287148882,G2,1.5190609916870603
122870,2019-03-31,-0.3808425458638595,0.02593035315354491,0.011543924152655486,G4,-15.293549291477326
122900,2019-03-31,0.23050714177878737,0.02673401521523766,0.005819471343229979,G3,8.034055184537827
122990,2019-03-31,0.10726481679999664,0.024709205652017802,0.01848742347273851,G5,3.704701391613825
123040,2019-03-31,-0.20776814519164283,0.045536359836593175,0.011505608623679974,G4,-4.908006134634798
123260,2019-03-31,,,-0.03701213492535967,G1,
123330,2019-03-31,-0.26829549251679674,0.0318333262833259,-0.019241291035498483,G1,-8.922098753495918
123410,2019-03-31,-0.13708489500992743,0.03837040751750293,-0.009438591972287042,G1,-3.9824826769305592
123420,2019-03-31,-0.30098895183676727,0.02832747877508447,0.01855271432648624,G5,-11.180435173448188
123570,2019-03-31,0.13946883142584102,0.03944472863290475,0.01884206700495938,G5,3.137155393872316
123690,2019-03-31,-0.326738011505651,0.019974539422946927,-0.0003401251098778329,G2,-17.14495601072639
123700,2019-03-31,-0.05496693904289688,0.012023669944356307,0.007530983158733073,G3,-5.879363589098877
123750,2019-03-31,-0.31417509140106054,0.025231883436472965,-0.026722135830953175,G1,-13.074714793564757
123840,2019-03-31,-0.3141248405461821,0.023144692539818292,-0.012643768629964107,G1,-14.251622838108604
124500,2019-03-31,-0.08543977384090039,0.02212248855736367,-0.014739642065526037,G1,-4.5729196249271435
126560,2019-03-31,-0.1531524301189846,0.012338174472462405,0.013065812830156537,G4,-13.68735859030002
126600,2019-03-31,-0.004730248096769286,0.02517203396395018,0.013787402743062288,G4,-0.8126016499643031
126700,2019-03-31,-0.14859671485629883,0.03005755929785985,0.021141370381424513,G5,-5.4668877623504475
126870,2019-03-31,-0.19703425638615124,0.03656203274280021,0.005274124111127896,G3,-5.819119689491055
126880,2019-03-31,-0.0732907485726777,0.039276329393375435,0.007751865744687995,G3,-2.2663863498146957
127120,2019-03-31,-0.2532185594150477,0.028069618880211485,-0.041205849920562934,G1,-9.581289607032794
127160,2019-03-31,0.05267504892702216,0.0746438865089586,-0.010479842566053445,G1,0.4950232687481156
127710,2019-03-31,-0.10034200709210991,0.022488618764433883,0.019201204544167485,G5,-5.161126014149221
128540,2019-03-31,-0.20511340467220296,0.023837032962850446,0.011329382083072832,G4,-9.264491652617538
128820,2019-03-31,-0.12108382511173149,0.026154931995853437,0.013130487046634082,G4,-5.230692756865703
128940,2019-03-31,-0.3997622687888562,0.032135818735891795,0.00932396217601246,G4,-12.929088891085325
129260,2019-03-31,-0.006363835571740101,0.02457179646716217,-0.008114661959807978,G1,-0.8989340212284945
130500,2019-03-31,0.06885548428392808,0.04474766026609583,0.005580458504585191,G3,1.1873446730552284
130580,2019-03-31,-0.026794062594927795,0.021861650039319697,0.023438628799308792,G5,-1.9448966914093468
130660,2019-03-31,-0.0669629383027666,0.010648486189575531,0.03681152584537219,G5,-7.765190757256059
130740,2019-03-31,-0.0482811174230717,0.023411793884704466,-0.0030945206735019082,G2,-2.73390864337749
131090,2019-03-31,-0.11840029211771942,0.02790479955270466,-0.0014081887448173672,G2,-4.806516531311673
131100,2019-03-31,-0.1658425788414075,0.035305741805425686,-0.07059409778891683,G1,-5.1427093099287005
131180,2019-03-31,-0.09666609503062282,0.02681811279596547,0.02165324373179459,G5,-4.1908498230652915
131220,2019-03-31,0.03972735475066609,0.0184233993987797,0.009787519776089831,G4,1.3028413484300754
131290,2019-03-31,-0.10917022531414029,0.03243009106707209,-0.006235362337128606,G2,-3.8512014440886477
131370,2019-03-31,0.5899919804739903,0.04077714604209023,0.0511481520716484,G5,14.083069757896656
131390,2019-03-31,-0.11972233634169238,0.026238948036890912,0.003437525781457577,G3,-5.162056206923903
131400,2019-03-31,0.36334574390487195,0.024870450364094927,0.01463329199705927,G4,13.97727626884606
131760,2019-03-31,-0.37413002754947444,0.03018698585945133,-0.015960638080916034,G1,-12.914658575053059
133750,2019-03-31,-0.19426016827708859,0.021032035005814395,4.643171410709454e-05,G2,-9.984043695930113
134580,2019-03-31,-0.16765743607043462,0.019706492206524078,-0.021447102663438796,G1,-9.305665482414868
134780,2019-03-31,,,-0.015505713893639968,G1,
136480,2019-03-31,-0.08075611281066852,0.026004170833676937,-0.010680210442524738,G1,-3.710201015946812
136490,2019-03-31,-0.1402002107712576,0.0206270390038402,0.003318099676304299,G3,-7.55924294211703
136510,2019-03-31,0.15775389182146315,0.052980228863036626,-0.03888917419119361,G1,2.680798226699628
136540,2019-03-31,-0.03897603449915029,0.029162894072842633,0.011997524930224462,G4,-1.8756925357892813
137400,2019-03-31,-0.1175308964021139,0.02635623699823988,0.009056154234343708,G4,-5.055937410424221
137940,2019-03-31,-0.21003599088523334,0.01675966387192379,0.003862235689299878,G3,-13.470471773525674
137950,2019-03-31,-0.161145666258574,0.015963628386913082,0.011604140803636743,G4,-11.079577287007359
138070,2019-03-31,-0.017331822994926777,0.01719744617765103,0.004886399865723607,G3,-1.9221697738574341
138080,2019-03-31,1.0755171113426985,0.05198066045540349,0.08795971903904014,G5,20.388208110911698
138250,2019-03-31,-0.11432218791198645,0.022367009978507976,0.010953594952108537,G4,-5.814222655251639
138360,2019-03-31,,,-0.009707567152388017,G1,
138490,2019-03-31,-0.0563484613418387,0.027154158269563414,0.0010880404190255243,G2,-2.6542177762113925
138690,2019-03-31,0.11742154356264725,0.03038139432727077,0.002521827829173484,G2,3.347343253303833
139050,2019-03-31,-0.4071805032658978,0.043295416361198075,-0.005527651385255763,G2,-9.767895242605983
139480,2019-03-31,-0.33276254766472285,0.015412335913182319,0.003352662971166155,G3,-22.61092269614709
139670,2019-03-31,0.3076167647832061,0.0557090825063164,-0.042505057133511485,G1,5.239579677421841
140070,2019-03-31,-0.2161523355500986,0.027218606093649813,0.0029557172491154428,G3,-8.519059462030656
140520,2019-03-31,-0.02692344767265939,0.025991795400647617,-0.0027526806383511206,G2,-1.6408268551887286
140670,2019-03-31,-0.3621370800242997,0.029013941507619358,0.002541128802092128,G3,-13.0234517830114
140860,2019-03-31,0.14409229198678697,0.020821728311809888,0.014970349621368548,G4,6.165083984823869
141000,2019-03-31,-0.15646841784285498,0.02190761267902763,0.018841416268989653,G5,-7.859962132843033
141020,2019-03-31,-0.39736312753982883,0.03865873337663263,-0.004517255073580663,G2,-10.685495351092255
141080,2019-03-31,-0.17897940724871975,0.03196262289381203,0.0007267268718756754,G2,-6.0916150758612675
142210,2019-03-31,-0.0247284294796681,0.025804404960831633,0.008021800260580197,G3,-1.5676787655582691
142280,2019-03-31,-0.3976970901199906,0.024208683965738973,-0.01993449996651894,G1,-17.077412342627728
142760,2019-03-31,-0.4427534839270576,0.02521754347792802,-0.015036581484074859,G1,-18.1809172873496
143160,2019-03-31,-0.22403469260030934,0.05295018847705769,-0.011245880954491664,G1,-4.528015626223627
143210,2019-03-31,-0.10671173533270073,0.01582884796618279,0.0016919945939507274,G2,-7.73501165906523
143540,2019-03-31,0.5173580042150723,0.03787704606478104,-0.008540784285119455,G1,13.243731180141015
144960,2019-03-31,-0.26437266043526464,0.03158609210554975,0.014832411319345064,G4,-8.86773988167232
145020,2019-03-31,0.0096051883513057,0.021195015410940453,0.015042843474445669,G4,-0.28871882210709265
145210,2019-03-31,,,-0.016614861247513883,G1,
145720,2019-03-31,0.1330653723997928,0.022010454321084946,0.01893151658228241,G5,5.331138669504515
145990,2019-03-31,-0.10880904671439888,0.016969926847410485,0.004112566685019278,G3,-7.338489792529431
149940,2019-03-31,,,-0.06798093828209194,G1,
149980,2019-03-31,0.1968830140733081,0.03804609333215228,0.028876223172187687,G5,4.761551317672852
150840,2019-03-31,-0.44486957627962764,0.054793748186290445,-0.04363809654684935,G1,-8.405961989476816
150900,2019-03-31,0.0494890245124032,0.03223419877795487,-0.040699320964535206,G1,1.047472484416171
151860,2019-03-31,-0.12511955803522717,0.023601179550004188,0.015982485282667793,G4,-5.9676740296862105
151910,2019-03-31,-0.30176652523939684,0.023904124324331394,-0.06589482976090327,G1,-13.281855012422476
153360,2019-03-31,-0.04021973841975261,0.004981750549990938,0.05437595439705812,G5,-11.229853059412715
153490,2019-03-31,-0.03144553797101052,0.012471989874197285,0.012783203135039006,G4,-3.782085030704898
154030,2019-03-31,-0.09827362140745763,0.03762901816176398,-0.005362014103299582,G2,-3.029529209417132
154040,2019-03-31,0.07953711994067696,0.04984491701731769,0.004466112851235735,G3,1.2802214453123149
155650,2019-03-31,-0.48626945262580734,0.03708395380974619,0.009425338738851376,G4,-13.536691460584505
155660,2019-03-31,-0.024587812667199734,0.044249770036781946,0.010719449614072403,G4,-0.9110194441459193
155900,2019-03-31,-0.0029596308115674022,0.003242987949368437,0.03271051060747645,G5,-5.761421053229695
156100,2019-03-31,,,-0.017234769544380284,G1,
158310,2019-03-31,-0.15181340736586188,0.04793619135446004,-0.02402587003018339,G1,-3.495021003281439
159580,2019-03-31,0.29303931561092283,0.0445367382488306,0.012220927118718456,G4,6.226651036415092
159650,2019-03-31,0.1670932057624353,0.02005309054470129,0.031127805318439717,G5,7.548393460335617
159910,2019-03-31,-0.11220946614941828,0.04775337611127214,-0.01302479646206369,G1,-2.6790577924083925
160550,2019-03-31,-0.41234904051256316,0.03543611284484326,0.0030122989974681416,G3,-12.080151980048553
160600,2019-03-31,0.39857854081806077,0.04125810573794432,0.01789215417436877,G5,9.27948449728905
160980,2019-03-31,-0.3044581475089465,0.030698451536411472,0.005757512679986943,G3,-10.429931143740962
161000,2019-03-31,-0.1861651462298468,0.017926510741319207,0.00871196114382006,G4,-11.262076450817663
161390,2019-03-31,-0.1840009040267422,0.013799311858834512,0.011857039903193837,G4,-14.473583487727996
161570,2019-03-31,-0.05700546322597737,0.04301223223356972,-0.019523630273361525,G1,-1.690915529943315
161580,2019-03-31,0.21498019055477144,0.0248158974416853,-0.003928056207985496,G2,8.0293530704544
161890,2019-03-31,-0.3498308602237614,0.016811123320405894,0.0067086568250275475,G3,-21.744855563300302
163560,2019-03-31,-0.10348346414718981,0.009044650099835128,0.009541248349516675,G4,-13.179951802077664
166480,2019-03-31,-0.2711852193694263,0.03141292757159092,-0.004072273114716744,G2,-9.133494703759943
168330,2019-03-31,-0.4202605950690812,0.04660159372675707,-0.04499110793638519,G1,-9.35558525875151
170030,2019-03-31,0.04438687548344417,0.04460084652449323,0.010928383347498407,G4,0.6426399829072692
170900,2019-03-31,-0.03412950265690948,0.01733201735292042,0.020667434077364842,G5,-2.876415934571127
170920,2019-03-31,0.19401886050008313,0.05081109091413028,0.005542171625454524,G3,3.508963674212442
172580,2019-03-31,-0.043502016564455,0.0038472622444860926,0.05009401257486482,G5,-15.394480811551862
173940,2019-03-31,-0.20234404435423547,0.01952702827045069,-0.032933003479588566,G1,-11.167527878244654
174880,2019-03-31,-0.21463129746154286,0.03592222582898837,0.003532931922437891,G3,-6.412628404305206
175140,2019-03-31,0.22525730095057725,0.049674257907696834,-0.05428538335293766,G1,4.218134734989506
176440,2019-03-31,1.2393838968191824,0.05793166484622288,0.031093517471550314,G5,21.122460606510092
177350,2019-03-31,-0.2560689204594689,0.027137697034099007,-0.02082243721509823,G1,-10.015349067875935
177830,2019-03-31,-0.1556489463670758,0.02999709888838472,-0.01316301313335611,G1,-5.713003622117872
178320,2019-03-31,0.39690566611152023,0.03682198238848665,0.03351917140006934,G5,10.351997723930593
178780,2019-03-31,0.4018161203465537,0.07495504488659682,-0.02406472238066638,G1,5.150974596778595
179290,2019-03-31,0.1327155134523258,0.05519550095202213,0.02389330444378927,G5,2.1195735739172714
179900,2019-03-31,0.6920231923627649,0.06077949612577194,0.02642082134331456,G5,11.127084744631574
180400,2019-03-31,,,-0.0763656769632474,G1,
180640,2019-03-31,0.12555592537776497,0.05480207422579997,0.002044517928383398,G2,2.00414562211523
181340,2019-03-31,-0.4674434165858048,0.040902065089421145,0.018255107794343136,G5,-11.812802208514034
181710,2019-03-31,-0.31762048337466675,0.027064704982327624,0.004384909684267284,G3,-12.316597274111222
182360,2019-03-31,-0.6693020835251925,0.03710644638050147,0.005599265145500114,G3,-18.46112302795051
183300,2019-03-31,0.06992628765933051,0.023711074238695173,0.025709130208697445,G5,2.2859233992689463
183490,2019-03-31,-0.6247240291008598,0.02612988354263295,-0.04777311225586424,G1,-24.51019792304898
184230,2019-03-31,-0.22777364995188254,0.030323156829554887,-0.021075408832573278,G1,-8.0301084598767
185750,2019-03-31,-0.145026047346595,0.01495756469679657,0.014628279058485509,G4,-10.747112838249446
187220,2019-03-31,-0.08850986059997912,0.027863678843720766,0.0009808601416145955,G2,-3.740871742740569
187270,2019-03-31,-0.18613909599356865,0.023880126083419304,-0.003942155366174918,G2,-8.45320847652571
187420,2019-03-31,-0.20826302343107878,0.02139209365143294,0.001228372768895297,G2,-10.470579239043728
187790,2019-03-31,-0.3805732718821946,0.02908147298379699,-0.0026575331686715838,G2,-13.627159131117248
189300,2019-03-31,0.28305982410974506,0.03949987884935603,0.020685471812433968,G5,6.768001413219761
189690,2019-03-31,0.07941816597813668,0.01701505727657674,0.015992409363240936,G4,3.7433654619855083
189980,2019-03-31,0.20407031355191782,0.020008579962159132,0.01146606188796766,G4,9.413248000249352
190510,2019-03-31,0.22638528533721017,0.03413445314948258,-0.022489136242381448,G1,6.171497641382584
191410,2019-03-31,-0.2679494424927172,0.01798424295272576,-0.012393972337783176,G1,-15.7734763411332
191420,2019-03-31,-0.3903431871207905,0.028214785647458603,-0.0036074551351200582,G2,-14.392020567863518
192400,2019-03-31,-0.12480472503426071,0.030054590295277284,0.03246352794606849,G5,-4.675801995265838
192440,2019-03-31,-0.0443355045847094,0.03097571861896836,0.03274135824392875,G5,-1.938941064089631
192650,2019-03-31,0.20033708664899685,0.048896011904413235,0.012019345059054994,G4,3.7756146406091675
192820,2019-03-31,-0.37360546058992017,0.01964845633781198,0.006136200591855098,G3,-19.814790644697
193250,2019-03-31,-0.22305535404069812,0.03383690987646785,-0.013647163030327357,G1,-7.056789262013954
194370,2019-03-31,-0.0653562890334288,0.03457715118861559,0.01615828099707105,G4,-2.344926475476051
194700,2019-03-31,-0.017669595083454524,0.029968706633551733,0.023231343322640735,G5,-1.1143017857621482
195870,2019-03-31,-0.06133574680342571,0.02367504353116897,0.0015377096881651403,G2,-3.254918409643782
195990,2019-03-31,0.4589113689119893,0.046827223873008125,-0.005656243865863482,G2,9.464297560722029
196170,2019-03-31,-0.4513570447936419,0.0358906472740365,-0.04563843424379449,G1,-13.01402088022039
196450,2019-03-31,-0.3442239834600444,0.022959906992473283,0.02474715191301804,G5,-15.677266106231913
196490,2019-03-31,-0.13969058511852922,0.03317911073513884,-0.004991098289163205,G2,-4.68412714838763
196700,2019-03-31,-0.0024122023328358617,0.02833026060489807,-0.0015962846582148406,G2,-0.640191448326962
197210,2019-03-31,-0.12477558316046422,0.06628976389367366,-0.026693441312208698,G1,-2.1194851684962313
200130,2019-03-31,-0.011829041793238487,0.0270479667217866,0.04140371488098678,G5,-1.0186950580037017
200230,2019-03-31,-0.42863730223645313,0.02974674577927745,0.0007197448472585701,G2,-14.938168153549897
200670,2019-03-31,-0.2473558680770493,0.01640783976304746,0.02235051949657301,G5,-16.03382651900551
200710,2019-03-31,-0.19004971159620568,0.034853630661183854,0.030540624149084882,G5,-5.903955941688124
200780,2019-03-31,-0.40785418396908735,0.016280133932473972,0.011094457455759441,G4,-26.01813805471644
200880,2019-03-31,-0.2064309283299547,0.03158159955637649,-0.004076713331137375,G2,-7.034333906003645
201490,2019-03-31,-0.08776970829636702,0.03368564964776189,0.03425957546676196,G5,-3.0723556652123936
203450,2019-03-31,0.01793626808250052,0.026929482352971733,0.02358715968743989,G5,0.08212856891258995
203650,2019-03-31,0.020181647406464165,0.048616766281334337,-0.04989022352483303,G1,0.09167740909335798
204020,2019-03-31,-0.08163248193629295,0.030542699803547624,0.01235599247596073,G4,-3.1875725066151075
204320,2019-03-31,0.1983285107305694,0.02668711513001827,0.004036874628159795,G3,6.842400222191055
204620,2019-03-31,-0.25390036331139526,0.023910309677907474,-0.06888086111349317,G1,-11.276514406495373
204630,2019-03-31,-0.23634616905364178,0.028498356357056876,0.009784059151912182,G4,-8.845098086736401
204840,2019-03-31,-0.31226838664168544,0.026973491616557856,0.008957740566855148,G4,-12.15982637841513
204990,2019-03-31,-0.10647775658918648,0.03618814420921381,-0.07699546397748068,G1,-3.3768613311032074
205100,2019-03-31,0.06264691321884566,0.03429237527154555,-0.013815076481053973,G1,1.368301980017285
205500,2019-03-31,0.5807790162977113,0.08515128317603352,-0.13570747750769185,G1,6.635888585428342
206400,2019-03-31,-0.2862804186140773,0.024196183342201645,0.06052745493902542,G5,-12.481514236281678
206560,2019-03-31,0.093658091550925,0.04674655989692649,0.018700264587221127,G5,1.6671494862396259
206640,2019-03-31,-0.24277823440325227,0.026120180638681136,0.02737956317395048,G5,-9.896670555782142
208140,2019-03-31,-0.3655085060455799,0.024719716632730863,0.00039998716702528545,G2,-15.422227525702748
208350,2019-03-31,0.009090198658727011,0.043788473796004056,-0.03958566133462264,G1,-0.15150995231015607
208370,2019-03-31,0.2101472311360247,0.06525944996805448,-0.07208658784778604,G1,2.979225889827504
208640,2019-03-31,-0.48686768258846935,0.04067141177927064,-0.08013336487139093,G1,-12.357384433847564
208710,2019-03-31,-0.07461001115132428,0.02544763648137997,0.01423256114987199,G4,-3.5498227685198263
210540,2019-03-31,-0.3041774957460335,0.024120106519492687,0.02926836417463111,G5,-13.262880233252636
210980,2019-03-31,-0.17373428432228338,0.016231849285983705,-0.002886971296668512,G2,-11.672044831094896
213090,2019-03-31,0.11432353134200131,0.025552421255959797,0.01808230001744669,G5,3.858692768056576
213500,2019-03-31,-0.03006847287884493,0.016537639271563306,0.005540008298545961,G3,-2.7690204364827826
214150,2019-03-31,1.0436001263851817,0.05611071858508682,0.07152732703921633,G5,18.31870209594995
214180,2019-03-31,-0.15213530647803594,0.028501383566286873,0.025915876749717032,G5,-5.889534952678041
214270,2019-03-31,-0.15772322451226947,0.043951743682452464,-0.005731695572907317,G2,-3.94632381369688
214310,2019-03-31,0.18356987510899084,0.04714229326369994,-0.020168884599139566,G1,3.5603971562185195
214330,2019-03-31,-0.27585104449965653,0.02930252541997511,0.003721554047619907,G3,-9.950529128666423
214370,2019-03-31,,,0.021429287476053466,G5,
214420,2019-03-31,-0.2886117242020846,0.037361259107999485,-0.012225528591919294,G1,-8.145772377682441
214450,2019-03-31,-0.0361508666798378,0.02917805162561587,0.01678814306481773,G4,-1.7778930403149202
214680,2019-03-31,0.075046429395296,0.056696714085209966,0.010780600754930455,G4,1.0463012207523457
214870,2019-03-31,0.6482066702697087,0.06455046809797799,0.01354946172494692,G4,9.79825709512131
215000,2019-03-31,0.5868014281047091,0.031378373845287966,0.037602120839026656,G5,18.199695200430938
215100,2019-03-31,0.4181365399126459,0.06532762888775441,0.011741254361915131,G4,6.159904446689377
215200,2019-03-31,-0.20705524168345615,0.023828244892811212,0.01552412563464174,G4,-9.349401557727028
215600,2019-03-31,-0.3383592844603857,0.02844903905426396,-0.0533065240432832,G1,-12.44625071589578
215790,2019-03-31,-0.32343347619895424,0.033401500545503914,-0.016493105335375905,G1,-10.153976884128383
216050,2019-03-31,0.0830407219082638,0.03566586531453074,0.00930727848711104,G4,1.8874106398182415
217270,2019-03-31,-0.36709485680543924,0.029044235302639256,-0.06858322928065085,G1,-13.180565473725743
217480,2019-03-31,-0.427126967611009,0.025620080051299038,-0.003582651956262789,G2,-17.28533068435314
217620,2019-03-31,-0.13884153242523495,0.022752745707136847,0.005786772702351825,G3,-6.79329530818104
217730,2019-03-31,-0.3009854225794152,0.030402713909720942,-0.06354767733455689,G1,-10.417162486058347
217820,2019-03-31,-0.24751688932830218,0.026223480794499196,0.0060653071287086625,G3,-10.038388100591721
218150,2019-03-31,-0.16966318596140145,0.03447715193792368,0.006673592349173984,G3,-5.37711973803658
218410,2019-03-31,0.09766775445798605,0.040814571360524646,0.03070738196309873,G5,2.0076939066410575
219420,2019-03-31,0.32275921973265737,0.04960239979071106,0.01166810765185787,G4,6.18991485881417
219750,2019-03-31,0.0671717504395806,0.05191619616938004,0.018521214117031413,G5,0.9909655560364382
220100,2019-03-31,-0.061676979827186396,0.025488094046500265,-0.024354850298411862,G1,-3.036773480248061
220180,2019-03-31,-0.4643713397291316,0.045312131814487976,-0.030491746045464882,G1,-10.59530657109629
220630,2019-03-31,-0.0584918868116074,0.019342120748158408,0.028450956508677,G5,-3.837039175446558
221610,2019-03-31,-0.10770071008729086,0.05593835949751649,0.018151954298534285,G5,-2.2064518772322006
221840,2019-03-31,-0.05049410156255821,0.018281010781215846,0.015501878090503235,G4,-3.622266328177735
221980,2019-03-31,-0.019514202055024292,0.010542285269813193,0.022346293314537292,G5,-3.3426139957738807
222040,2019-03-31,-0.6518791962163321,0.028772704039482157,0.0033183614875738434,G3,-23.202677910825983
222080,2019-03-31,0.05195330368854547,0.028492396345195452,-0.007049775975123831,G2,1.2715222340138634
222800,2019-03-31,-0.23073343843066774,0.014460130033595739,-0.02861341477371372,G1,-17.043970288881017
222810,2019-03-31,-0.7666690222851109,0.058190375062008366,-0.08014720645977218,G1,-13.445412745435597
222980,2019-03-31,-0.2226709192208581,0.027968613412434198,0.011406020520280192,G4,-8.5236798814691
223310,2019-03-31,-0.46162002265374286,0.029208245353956837,-0.04735294730511327,G1,-16.342803379812445
224060,2019-03-31,-0.37024879571243213,0.023054550742889493,-0.01565184143027217,G1,-16.741743886150918
224110,2019-03-31,0.040617710464660776,0.02221899542272406,0.01673188578863825,G4,1.1203531823003887
225190,2019-03-31,0.0016688074919920075,0.020095369016937016,0.04398367196729116,G5,-0.6994537264508772
225330,2019-03-31,-0.1836975368094491,0.01320384045846239,0.02635285340692351,G5,-15.103342521601952
226320,2019-03-31,-0.419173354452251,0.02506336934861323,0.004836025041678286,G3,-17.351934476104596
226340,2019-03-31,0.833359768559521,0.0441208231172754,0.06298141030022956,G5,18.531729975909805
226360,2019-03-31,-0.3243347181749692,0.033891644348664214,0.0004937390558989876,G2,-10.03372108216007
226950,2019-03-31,-0.4587614262333978,0.03253058813863457,-0.04228819051110651,G1,-14.585841868170043
227100,2019-03-31,-0.2528394460444592,0.028202308477712094,-0.039461219562494515,G1,-9.522767772432381
227840,2019-03-31,-0.17494595167007485,0.01593014962919095,0.011188277896380596,G4,-11.969161893870584
227950,2019-03-31,0.27919084938659045,0.029683658736993048,-0.03200754363989193,G1,8.875801446367978
228850,2019-03-31,-0.3002864733346314,0.017120303699897425,0.022535018999881667,G5,-18.458262604992157
229640,2019-03-31,0.2646219604556221,0.021664872220203357,0.01130364705457844,G4,11.488522511950071
230360,2019-03-31,0.2715681986280877,0.045964615258057485,0.07255741112724284,G5,5.566099247354079
230980,2019-03-31,-0.3619104252059596,0.02152762322999675,-0.019456547821407915,G1,-17.54188139613361
232140,2019-03-31,-0.35487520742766676,0.030387839533016287,-0.015710285658132307,G1,-12.195661203893927
234080,2019-03-31,-0.07273217630119488,0.02112998698286572,0.027920178063922448,G5,-4.186314199257126
234100,2019-03-31,0.036684057322901975,0.0243797001262314,0.014747220804050245,G4,0.8597098807239419
234300,2019-03-31,-0.24398947772177096,0.026079552139781276,-0.04469366599371163,G1,-9.95853243817412
234920,2019-03-31,-0.10030395381177162,0.05258534907033166,-0.07805890898441845,G1,-2.20648039992813
236200,2019-03-31,0.04935203230775526,0.03582584142491896,0.036630985785388266,G5,0.9386365465535531
237880,2019-03-31,0.036829786310019166,0.03806035323459866,0.005163038811582922,G3,0.5545192380279708
238090,2019-03-31,-0.15754921335705335,0.037822124578696076,0.009343266255149798,G4,-4.581281552066663
238120,2019-03-31,-0.08374024198105376,0.022157579840685296,-0.0032118465089434637,G2,-4.488975372378556
240810,2019-03-31,0.09109666595209896,0.027123882135875858,0.005983970383035029,G3,2.778808628471096
241560,2019-03-31,0.15864421184411348,0.014303207164027682,0.01002569663550974,G4,9.992138264504744
241590,2019-03-31,0.13274836492582687,0.027665382457875483,0.007954362460051006,G3,4.229971404469765
241690,2019-03-31,-0.4129143311108538,0.02723373451776455,0.013114654799519268,G4,-15.739263341446874
241710,2019-03-31,-0.335506669511478,0.02241248334326119,0.0008505351930800524,G2,-15.671233408964364
241770,2019-03-31,-0.1890716124495727,0.03490403713289258,0.01785634372405436,G5,-5.867407254499872
242040,2019-03-31,0.6737736157120374,0.060141123795713805,0.006378866600400325,G3,10.941748107534396
243840,2019-03-31,0.09330277760516335,0.030416563667589804,0.013632052467307488,G4,2.5505244516668477
246960,2019-03-31,-0.3620176098982467,0.032711178224173236,-0.07239080783807658,G1,-11.547801658039731
248170,2019-03-31,-0.029279396894814614,0.018311613442952266,0.025522005974188026,G5,-2.457674484573054
249420,2019-03-31,-0.2228385823819694,0.01432181532927385,0.00915150628978343,G4,-16.65732765940917
250000,2019-03-31,0.40850702238604886,0.03998762133202188,0.02041148989226505,G5,9.822600621563268
250060,2019-03-31,0.051691952856981374,0.05215998433075279,0.02003389586592861,G5,0.6895585779630194
251270,2019-03-31,-0.28696556875525464,0.02740954195916914,0.007354439063858079,G3,-11.043240249744185
251370,2019-03-31,0.5391594031187563,0.03436478046944129,0.024819340289623654,G5,15.231722936479226
251630,2019-03-31,-0.12499989162326977,0.042621057743771604,0.022086088096960717,G5,-3.301759442587474
253450,2019-03-31,-0.345608575926328,0.024978860605838777,0.017919035625673065,G5,-14.465558292004758
253590,2019-03-31,-0.1279812523413637,0.025765525815596917,-0.04065570142806886,G1,-5.57744645326302
255220,2019-03-31,0.1230510233549534,0.025366294538222426,-0.028524461569825153,G1,4.231064768168553
255440,2019-03-31,0.1362957529430157,0.03458193251991319,0.02383518129562684,G5,3.4865363477964553
256940,2019-03-31,-0.10219485349829938,0.0335321809431231,0.03161773031058389,G5,-3.516605195874586
257370,2019-03-31,-0.06826909268140507,0.04570229322534589,-0.003093823618165729,G2,-1.837843902111183
258610,2019-03-31,0.8332310241138544,0.05689475653419578,0.0036285187498207635,G3,14.368748293829322
259630,2019-03-31,-0.26588428329833963,0.02573376850056973,-0.014876633996058028,G1,-10.943164874099146
260930,2019-03-31,-0.3495708312712503,0.017337197702409442,0.013620687519520232,G4,-21.0700382943535
263020,2019-03-31,0.3356198358842688,0.027365739773722815,0.01111259505850395,G4,11.689625432897857
263050,2019-03-31,-0.6354604031424533,0.03590356020153988,-0.04670525480372047,G1,-18.137059047136457
263600,2019-03-31,0.15142208001519408,0.037698451587431854,-0.015697811262446112,G1,3.599550805559867
263690,2019-03-31,-0.3029014626641322,0.04540727986204937,0.007424950293697736,G3,-7.017069770914168
263700,2019-03-31,-0.2964210878047553,0.02797454991727167,0.0007390731493775583,G2,-11.158201900053756
263720,2019-03-31,-0.21387237181277616,0.027039493981929286,0.030603515089310054,G5,-8.49117073720062
263810,2019-03-31,-0.16358325223809692,0.021409243777921617,0.017437718393454465,G4,-8.375253340722995
263860,2019-03-31,-0.1404490888937567,0.0225728322821243,-0.027367574459373312,G1,-6.918656692130151
263920,2019-03-31,-0.2784268798822154,0.04204688646264206,-0.012072124278160784,G1,-6.995796665678397
265520,2019-03-31,-0.12091250467788196,0.030967670814822573,0.0010267610557382976,G2,-4.412249591847741
265560,2019-03-31,-0.1825586745769857,0.02417856973310675,0.006617174811568231,G3,-8.200785447651127
267250,2019-03-31,-0.011120325744309208,0.015524264209223588,0.004155871476933695,G3,-1.7292229517488935
267260,2019-03-31,-0.557729430506385,0.028494165428416218,-0.01159865740117365,G1,-20.125313730711827
267270,2019-03-31,-0.4038466963888478,0.020940105274494154,0.015642566060451942,G4,-20.03673234323209
267790,2019-03-31,-0.34822239178366904,0.032933117478431966,0.010007574025663697,G4,-11.051094092665643
267850,2019-03-31,0.7152622522051696,0.07079567333907248,0.0014506097892906793,G2,9.881079322735916
268280,2019-03-31,0.11210509684202069,0.012656656987918265,0.03288565670144727,G5,7.615005186498225
269620,2019-03-31,-0.039822503257855,0.03502681851016681,0.0073098308406104,G3,-1.585844614378155
270870,2019-03-31,-0.20319669683173303,0.04716048286629028,0.017662426821516967,G5,-4.642049270100016
271560,2019-03-31,-0.19421560547763567,0.021007304435684476,0.02227535568295943,G5,-9.993675978547286
272290,2019-03-31,0.1878471182592304,0.03248025207620771,0.030580689906778025,G5,5.299297850893797
277070,2019-03-31,-0.2297130119509404,0.02572227816362643,0.017412480376482953,G4,-9.541829795360231
277410,2019-03-31,-0.2287235350531669,0.021437887956666957,0.001183829131809463,G2,-11.402621554071525
278280,2019-03-31,-0.011602053668307985,0.02779760993999297,0.028622993216907023,G5,-0.9830572471011872
280360,2019-03-31,-0.20899249992354388,0.018189793154974602,0.0034078660122611663,G3,-12.354021084477349
282330,2019-03-31,-0.04910934705751345,0.02018747218085723,0.010189541460546783,G4,-3.2115925516561865
284740,2019-03-31,0.18178164403097644,0.03525917640260042,0.043402156199762974,G5,4.709612439598429
285130,2019-03-31,-0.43051833726385663,0.01635985014290603,-0.0055956097939363755,G2,-27.276712292664303
285490,2019-03-31,0.11516331930325983,0.059704717390712224,0.04168480224066666,G5,1.6655087807757483
286940,2019-03-31,-0.13793758634130002,0.02354967293450054,0.005026241922423105,G3,-6.5250237234283315
290120,2019-03-31,0.8001772395897324,0.07443188563225817,0.019127407688445706,G5,10.539201643098815
290270,2019-03-31,0.574236785839832,0.07154877912635957,-0.0060996643098632205,G2,7.806033931315177
290550,2019-03-31,-0.19704835899796422,0.03445914388549563,-0.014029337658355583,G1,-6.1746440346945946
290650,2019-03-31,-0.43911745593694707,0.027808535414532126,0.026834772766845517,G5,-16.356202777027615
290660,2019-03-31,-0.2246923673361989,0.02547611458102364,-0.04821360111121048,G1,-9.43695534132085
290720,2019-03-31,-0.314484348689829,0.03527658334988927,0.024102350193728656,G5,-9.360570258461824
290740,2019-03-31,0.21223026500504558,0.031515349401196484,0.05527367820726597,G5,6.235237130586631
294870,2019-03-31,-0.29209849835982793,0.019237674529712697,0.017707169870332697,G5,-16.001054915431048
298000,2019-03-31,0.1656858021337625,0.018301501290907816,0.007923251088585128,G3,8.193929640786852
298020,2019-03-31,-0.1685754021002843,0.018643518426020644,0.00965389319526243,G4,-9.885472587532192
298040,2019-03-31,-0.10465277941186148,0.025042576062553046,0.001299157585649141,G2,-4.806908336685044
298050,2019-03-31,-0.05222614341915232,0.020624930014176292,0.011345278447016348,G4,-3.294592108081886
299900,2019-03-31,-0.19251426390570092,0.03258643270177176,0.02508144365827206,G5,-6.390354355347183
299910,2019-03-31,-0.3480390678869836,0.03082155246248888,0.04327913314787555,G5,-11.80224962921622
302430,2019-03-31,0.22706300381442673,0.03253870624547623,0.016578694475902298,G4,6.494985202692699
900040,2019-03-31,0.5170656958011238,0.04862260152130047,0.015257777351526872,G4,10.310865562102913
900070,2019-03-31,-0.16933836576946032,0.01668894961198057,0.008425311832731371,G4,-11.08895157019963
900080,2019-03-31,-0.18093037018113556,0.018861441206547584,0.005696263081637298,G3,-10.426295438556552
900100,2019-03-31,-0.37579077100091474,0.03087754150301102,-0.02383856976678281,G1,-12.67961567464917
900110,2019-03-31,-0.062236315513831214,0.030085452348352,0.0028335144748765527,G3,-2.5913156580275185
900120,2019-03-31,-0.3001811384606153,0.05381670879749087,-0.031025536633543398,G1,-5.87003058631185
900140,2019-03-31,0.1396623617489691,0.022228835092194803,-0.006052142567628322,G2,5.575540643476778
900250,2019-03-31,0.7658798929415628,0.06839784183959334,0.010304925972034796,G4,10.967528865392177
900260,2019-03-31,-0.22782347764675553,0.049037490344999324,0.006704068371049325,G3,-4.966568724634699
900270,2019-03-31,-0.0796538695963474,0.033615260922358926,0.02046857878894897,G5,-2.837355867977252
900280,2019-03-31,-0.16709361745653012,0.022214123045375306,0.02430793214253247,G5,-8.229818720207575
900290,2019-03-31,-0.2992449440831464,0.021018658813919015,0.028660938159250558,G5,-14.985234553113388
900300,2019-03-31,-0.29199164152880464,0.023204787092703825,0.024655460650923777,G5,-13.260894337653825
900310,2019-03-31,-0.2801247893328357,0.026212898988914376,0.032721689158651354,G5,-11.286404365013066
900340,2019-03-31,-0.061457961393109106,0.04356177102292179,0.03660858412335039,G5,-1.7717954944437517
950110,2019-03-31,0.10299667395135818,0.035100353768242484,0.005715176290569818,G3,2.4863591487509358
950130,2019-03-31,-0.2504019044586038,0.021200290793974733,-0.017593326045156572,G1,-12.552964262619117
950140,2019-03-31,0.05513677506976636,0.02719434648440472,-0.0030332713956197693,G2,1.4492786894906324
950170,2019-03-31,-0.23466688674813369,0.025158681350123443,0.01131014399334177,G4,-9.952488029830674
950180,2019-03-31,-0.5280266467229644,0.041426516944593435,0.020511232561919286,G5,-13.125680724872607
