종목코드,날짜,기간수익률,표준편차,Y5,그룹,성과
000020,2021-03-31,0.041146771558544896,0.017960145119974447,0.10704237642464234,G4,1.593721946548424
000040,2021-03-31,-0.040150511510013316,0.023546883886405787,-0.092287603404573,G1,-2.2369756389749
000050,2021-03-31,0.04769905937831733,0.02069805101240288,0.11868521622639674,G4,1.6994723435357242
000070,2021-03-31,0.19776480581789208,0.03379399234468015,0.13582382450957306,G4,5.481492385122285
000080,2021-03-31,-0.059556173538814886,0.013617006005280385,0.08960082901230355,G4,-5.293341842436659
000100,2021-03-31,-0.015099274548783907,0.013259267223203225,0.0704427557610961,G3,-2.083265100660501
000120,2021-03-31,-0.03139247943402933,0.013509201337311847,0.009390206669621124,G2,-3.2508045779422092
000140,2021-03-31,-0.09861721756481309,0.015754249811684762,0.08568322822295339,G4,-7.054636876459099
000150,2021-03-31,0.7177078889172411,0.036662287317299466,0.09869123455363311,G4,19.23460445052062
000180,2021-03-31,0.26079773736258016,0.024754744597208275,0.10889816378366834,G4,10.029367997314436
000210,2021-03-31,-0.07643011359127402,0.024985121219500563,0.4737233387376411,G5,-3.56025519858171
000220,2021-03-31,0.21627643646749203,0.060388593271895843,0.025953042105635152,G2,3.374033593272479
000230,2021-03-31,-0.05509708056384822,0.01188816947847053,-0.17340589882519467,G1,-5.6880392565025035
000240,2021-03-31,-0.020326714614101876,0.015367819010124649,0.30069383178978404,G5,-2.137584305886647
000250,2021-03-31,0.1253215779190123,0.026918710528319387,-0.1107510056229642,G1,4.190330130512666
000270,2021-03-31,0.019302179123479972,0.01614102359999289,0.07956405044466094,G4,0.4199786317043682
000320,2021-03-31,0.12190338287812846,0.02485902612455491,0.046842343914395866,G3,4.400015037292206
000390,2021-03-31,-0.10198934102702187,0.021120549895028512,0.005195631408186198,G2,-5.421858602820925
000430,2021-03-31,-0.08780827150482312,0.012936616340858471,-0.0008314248092856862,G2,-7.755626585723743
000440,2021-03-31,0.6363632814615854,0.05974102803257647,0.026385265317654002,G2,10.442404623565594
000480,2021-03-31,0.10391304981612731,0.011350023895908116,0.03249267309998341,G2,8.051943902199879
000490,2021-03-31,0.2582250641443933,0.032705499937544714,0.09803865014005649,G4,7.512552032408763
000500,2021-03-31,0.21549890541895148,0.04561704290163455,0.011689575305197398,G2,4.449556533924986
000520,2021-03-31,-0.0913866276869284,0.01238993170640915,0.0245413506191593,G2,-8.386642014404664
000590,2021-03-31,0.0707678974642981,0.02847055331864137,0.15959470130012765,G5,2.0457840314791085
000640,2021-03-31,0.175593558978889,0.024457979092630353,0.007138741237185691,G2,6.667364635632471
000660,2021-03-31,-0.1483203744902855,0.018991504296453247,0.15900189635548448,G5,-8.469243199337868
000670,2021-03-31,0.17898733477717485,0.019496828660526395,0.09663518682951436,G4,8.538006029491026
000680,2021-03-31,0.4833014131085537,0.053083878671586746,0.25810791990133974,G5,8.868570473221498
000720,2021-03-31,0.233341069201718,0.01982327614034765,0.0661350453179486,G3,11.139317917013003
000760,2021-03-31,-0.13214487098645392,0.02142450944338755,5.755357467861134,G5,-6.752461030035452
000850,2021-03-31,0.07408043189560132,0.01299679181112021,0.010402570572888474,G2,4.7363332945969985
000860,2021-03-31,0.0584061730955654,0.019896428212605094,0.8049154395918409,G5,2.3060862224934384
000880,2021-03-31,-0.047611097827659,0.020235976466523087,0.09430191374627381,G4,-2.971657535023722
000890,2021-03-31,0.07974456961039092,0.044159645372535784,0.04678438449806256,G3,1.5222331367396083
000910,2021-03-31,-0.10182784803142785,0.024924452525303797,0.392940347094033,G5,-4.5879098862044545
000950,2021-03-31,0.039384324989756594,0.015710526068421948,0.023341379894689044,G2,1.7097473856142886
000970,2021-03-31,0.1136246600968059,0.02009743042330818,0.12198869811380654,G4,5.030561810623592
000990,2021-03-31,0.10666142321080416,0.025126036347952383,0.2590852786063681,G5,3.7466366676186387
001020,2021-03-31,-0.02554512459443366,0.02013709788228951,-0.0012120918298869987,G2,-1.8904620186388288
001040,2021-03-31,0.055333320225888404,0.018115022169025084,0.03371147355111914,G2,2.363233437353575
001060,2021-03-31,-0.018840811792205904,0.01280418391949349,0.037642294037298484,G3,-2.449520102730112
001070,2021-03-31,0.07371761224557812,0.006671431670479132,0.011015759301913524,G2,9.172591604095107
001120,2021-03-31,-0.011767484037837037,0.0219842514905994,0.03548479113323818,G3,-1.104917225217832
001140,2021-03-31,-0.38457786603649174,0.030329189296767298,-0.2091724712991319,G1,-13.093035763948516
001210,2021-03-31,0.07844680012654404,0.027966853671025898,-0.3028851755637183,G1,2.3572013779009677
001230,2021-03-31,0.5128083963415645,0.04082485055448261,0.03449790879249078,G3,12.2544258075425
001250,2021-03-31,0.10670347414485992,0.02531547382805752,0.00799437401026714,G2,3.7202613969181
001260,2021-03-31,0.2051883063211903,0.03280072795981519,0.05647590157091395,G3,5.873802936312296
001340,2021-03-31,0.4763766485605912,0.03356448871511062,0.08172879919840988,G4,13.819765239984692
001380,2021-03-31,0.03630164637011745,0.04222864575361625,0.055492103298509704,G3,0.5630858349378668
001390,2021-03-31,0.3837415265146217,0.026744810488023386,0.13590974122384877,G4,13.880009827073188
001430,2021-03-31,0.5986587420445141,0.04155465102022551,0.04702740716334846,G3,14.105170745907186
001440,2021-03-31,0.9876424604310681,0.06791837378159561,0.000821051372178358,G2,14.357221941872478
001460,2021-03-31,0.1469227520942706,0.01580961171828187,0.25716323109325395,G5,8.501123264223317
001470,2021-03-31,0.13782344159325582,0.036239418241289637,0.0007161845538979092,G2,3.4575650922797423
001520,2021-03-31,0.4786313435581007,0.050991385066930406,0.03986009527933588,G3,9.140917604584546
001530,2021-03-31,0.6149607126058994,0.03343951056974187,0.06660613324131365,G3,18.01573672054204
001540,2021-03-31,-0.008445725332358897,0.015871520613598603,0.04004841451321036,G3,-1.3211726815916958
001560,2021-03-31,0.05659526502770021,0.012615960442661805,0.11431083960651836,G4,3.49335043577186
001570,2021-03-31,0.18762651811423975,0.023442434605313905,0.05356757138926656,G3,7.469498238758038
001620,2021-03-31,0.4099007576038712,0.04304312325658514,0.018271773685840802,G2,9.232077819200299
001630,2021-03-31,-0.021926357513537217,0.013377949079852527,0.07393531797236653,G3,-2.575107097923265
001740,2021-03-31,0.1072995762094239,0.01607478866443596,0.005027570842631041,G2,5.895958203261542
001780,2021-03-31,0.06481033755314303,0.026684881581836635,0.03366854097098295,G2,1.9594257248301132
001800,2021-03-31,0.1771876438983792,0.017286309888528507,0.14202732015764274,G4,9.52570854292079
001810,2021-03-31,-0.017829698751899044,0.02435285081382908,0.029834149733849978,G2,-1.2463835590168257
001820,2021-03-31,-0.10807530249323999,0.013931487688073153,0.16631692655598224,G5,-8.656548339351609
001940,2021-03-31,0.21837910973893718,0.024242281131355996,0.08384093029295432,G4,8.491602523123431
002020,2021-03-31,0.318892767152856,0.032968927178131886,0.04493515236260419,G3,9.292673412752789
002030,2021-03-31,0.08101416000881438,0.01768727864649287,0.10481651121020892,G4,3.872323564300723
002070,2021-03-31,0.05233343666568707,0.028232827788111266,-0.02310198931874071,G2,1.410065716647906
002140,2021-03-31,0.002685581514468481,0.02857609542432031,0.035278011949419784,G3,-0.34426370912822335
002150,2021-03-31,0.0570910021485512,0.01608738544746585,0.047903448343608795,G3,2.7703512280750786
002170,2021-03-31,0.1211881088827964,0.01744962961386405,0.3345828356140626,G5,6.227342194060851
002200,2021-03-31,0.14974542996490736,0.01961497733233444,0.10528183341827495,G4,6.995783554694992
002220,2021-03-31,0.31505345080512026,0.04124654375956747,0.08054603767267197,G4,7.334678960035262
002230,2021-03-31,0.08878871209127179,0.02243270286308369,0.17851752858253234,G5,3.3997427077381164
002240,2021-03-31,0.1801276654539967,0.02835288612031257,0.10434685711201383,G4,5.911368974048626
002270,2021-03-31,0.16067794212944003,0.018798405219965193,0.023299779376582626,G2,7.881234938719302
002310,2021-03-31,0.11959424099569338,0.021651978947907772,0.18044104091960336,G5,4.945088258936838
002350,2021-03-31,0.2252567402451285,0.025401637264365777,0.049043413634062685,G3,8.374792692040788
002360,2021-03-31,0.2044134372659814,0.028666522563600798,0.02497828872786792,G2,6.693875851966297
002380,2021-03-31,0.4413042165602492,0.030495051958769386,0.04733007710030335,G3,14.06067197466436
002390,2021-03-31,-0.021139564160854718,0.010682410103334856,0.03047323091678372,G2,-3.1512418969940894
002410,2021-03-31,0.707303362800896,0.05624920264062772,0.1053690323353682,G4,12.35182075596966
002450,2021-03-31,0.16883385083362978,0.014146865270648717,0.1353774309371475,G4,11.049130229598559
002460,2021-03-31,0.06561831745665517,0.015294632417422268,0.07667925845007785,G3,3.4714808365402137
002620,2021-03-31,0.18634003785560768,0.017153526445882538,0.01064469629655057,G2,10.133003513087123
002630,2021-03-31,-0.17645046468319475,0.031474610076669934,0.19929812317393078,G5,-6.004006351167338
002710,2021-03-31,0.3864035905823695,0.03128733185535185,0.014361481401110748,G2,11.949893912119208
002720,2021-03-31,-0.05583733182376988,0.017277524096268277,0.04632098867045499,G3,-3.956621652530755
002790,2021-03-31,-0.10218632214984777,0.020273148116605123,0.16931328237834922,G5,-5.658204419349141
002800,2021-03-31,0.08717121911636717,0.018377084158224477,-0.05347235892283541,G1,4.062011380913888
002810,2021-03-31,0.09092833863974238,0.013634118485606972,0.13995006016689426,G4,5.750650077220953
002820,2021-03-31,0.34596950566080326,0.026017522856890452,-8.398401203966935e-05,G2,12.816216723524342
002840,2021-03-31,0.11883665518419811,0.016151726460346835,0.21619733153082554,G5,6.5821670102917365
002870,2021-03-31,-0.20200782105492918,0.024381856704547292,0.08324164668176517,G4,-8.798801410910002
002880,2021-03-31,0.2984029178192457,0.03765139303936337,0.008226672287970095,G2,7.592803363283806
002900,2021-03-31,0.23817355713984256,0.02092399260258204,0.06228255988097249,G3,10.784283253586606
002920,2021-03-31,0.17658948691269075,0.02229469820550514,0.10379300701156043,G4,7.358977963403492
002990,2021-03-31,0.2647884051991989,0.023676462697938997,0.0471640428841608,G3,10.654679049819007
003000,2021-03-31,-0.1116341037042116,0.020231052765033182,-0.036934604982957545,G2,-6.1369716773439
003010,2021-03-31,-0.09197217713216271,0.023450160963879606,0.016191861579925436,G2,-4.4560662679784855
003030,2021-03-31,0.3931814997056124,0.03165060933755334,0.0717172041096691,G3,12.026883954373531
003070,2021-03-31,0.15630585863843033,0.02527319076234981,0.03739387680727958,G3,5.689133828522366
003080,2021-03-31,-0.08419355748259913,0.025495633278299058,0.18918253533455956,G5,-3.7934673182865395
003100,2021-03-31,0.5104818813201549,0.016524620064543687,0.06702596818480175,G3,30.134344103375827
003160,2021-03-31,0.28351934488692454,0.023558108307174502,0.1071597148729694,G4,11.503302694586349
003200,2021-03-31,0.07115271317616098,0.01864564793683822,0.10191335244214886,G4,3.14440234295531
003220,2021-03-31,-0.008108731363778888,0.013517131896322044,-0.023044308569685115,G2,-1.5263611866537916
003280,2021-03-31,,,-0.004280982633267007,G2,
003300,2021-03-31,0.0641571046907386,0.015920097822286355,0.03855046290095979,G3,3.2433098809738468
003310,2021-03-31,0.2943425228297198,0.029714545206751874,0.026822679530229623,G2,9.484218141357806
003380,2021-03-31,0.08744210773740597,0.02730308631420567,0.05566343709789064,G3,2.7439686765660274
003410,2021-03-31,0.04186857313810161,0.011979206438212979,0.0653990140291637,G3,2.4496847242606004
003480,2021-03-31,0.4311380725295802,0.0409654759212866,0.07000684375547103,G3,10.218721227998998
003490,2021-03-31,0.10808144024368228,0.018017477743120583,-0.03416261963074569,G2,5.303636140886655
003550,2021-03-31,0.1219794327962469,0.02389851602370844,0.5137280728507163,G5,4.580039135903429
003570,2021-03-31,0.3906529118478871,0.027121423601459516,1.0361532199894388,G5,13.94210065396019
003580,2021-03-31,1.6951092487327273,0.09984704315230146,-0.3322284930853673,G1,16.851635276255017
003610,2021-03-31,0.03640777204267494,0.02381833538621851,0.009337102769028955,G2,1.0027769589157627
003650,2021-03-31,0.1211214711008834,0.014933641642954564,0.0945149017049664,G4,7.272049214765449
003780,2021-03-31,-0.21414046566402212,0.03496533503457022,0.07672998724385736,G3,-6.482527896774527
003800,2021-03-31,0.1335171837576704,0.01415226818896156,0.20875109219444754,G5,8.549434481067548
003850,2021-03-31,0.08313049312833976,0.028353628819782727,0.1926509592114302,G5,2.490235005172568
003960,2021-03-31,0.4175196989430656,0.024614070610457416,0.046544002769710144,G3,16.453857276794913
004000,2021-03-31,0.2370072712030795,0.024964153446429115,0.14363565227938005,G4,8.992252734191663
004020,2021-03-31,0.143033815546561,0.025109080705645544,0.05811901622571786,G3,5.197741922888076
004060,2021-03-31,0.1226068440776347,0.02072490714125123,-0.039501036278012144,G2,5.3116546776161595
004080,2021-03-31,0.32180155470433386,0.028750823472939255,0.40611470595948196,G5,10.757196602656776
004090,2021-03-31,0.2055679112175394,0.06142743292776778,0.025984804152405165,G2,3.142645034945422
004100,2021-03-31,0.028749664859406675,0.024786119604707096,0.02947927750204882,G2,0.654655549175923
004140,2021-03-31,-0.018702213892294754,0.03237429104147861,0.00977181524334086,G2,-0.9645155771885484
004150,2021-03-31,0.13249049311769742,0.014603217720856435,0.08738866416447401,G4,8.215120892754495
004170,2021-03-31,-0.042760359268009994,0.01693210574832926,0.09189062660617917,G4,-3.265019378414409
004250,2021-03-31,0.3891425777822387,0.038650920837698825,0.07160701536618666,G3,9.744121886411817
004270,2021-03-31,-0.14384704594203668,0.01832854237612643,0.0908593593785197,G4,-8.531520775125118
004360,2021-03-31,0.015675370472990044,0.016855211684049062,0.07946305445606866,G4,0.1870090043618954
004370,2021-03-31,0.158394774808317,0.015136044539019304,0.06034421561671544,G3,9.637358050488485
004430,2021-03-31,-0.029438882764659276,0.0236748185194094,0.059738321789587705,G3,-1.772439220512053
004450,2021-03-31,0.13847588062765265,0.008515663186030812,0.06606405558360363,G3,14.790696127650941
004490,2021-03-31,0.15739871476247036,0.03249823168722812,0.13107194267271743,G4,4.457947805872764
004540,2021-03-31,-0.1343633213659022,0.03120446132308804,0.03893724315364051,G3,-4.707231250131164
004560,2021-03-31,0.34325516094541736,0.049282586332011616,0.11611070588552995,G4,6.710927559679284
004590,2021-03-31,0.08939006949209428,0.026490099317929155,0.1630957465707107,G5,2.9017171454099424
004650,2021-03-31,0.05803727005133461,0.0119299880309218,0.18794035172902515,G5,3.8150898237046107
004690,2021-03-31,0.14450211662615584,0.014364163697100273,0.06522887965920665,G3,9.18806171327271
004710,2021-03-31,-0.2315255486904816,0.014797577043551663,0.009796706876869704,G2,-16.492486715213808
004720,2021-03-31,0.3866079432238755,0.054718334456729266,1.2119181488136772,G5,6.836550359588357
004770,2021-03-31,0.0017473591411556536,0.01976636336322046,0.3968853656536247,G5,-0.5451652779257472
004800,2021-03-31,0.34382421979468486,0.02356818877462436,0.1480352030361247,G4,14.057122880556113
004830,2021-03-31,0.05003532610679393,0.06174271544907041,0.13729682344283747,G4,0.6075539716112642
004840,2021-03-31,0.10078928896432285,0.018700521594523782,0.03340970947981341,G2,4.7199750231845625
004890,2021-03-31,0.32905084040209265,0.011264345259277704,0.09186718453577125,G4,28.09995068499366
004910,2021-03-31,0.220469843997619,0.03515663307133616,-0.024453145661346612,G2,5.914859635677529
004920,2021-03-31,0.33045608170921115,0.05155869942540244,-0.5089956363454516,G1,6.166423729356562
004960,2021-03-31,0.16431015584618636,0.02807968932970718,0.05354943488296943,G3,5.405574824788212
004970,2021-03-31,0.22383830038956035,0.018969395220604462,0.1581965475467695,G5,11.139786156302126
004980,2021-03-31,0.12441888887887834,0.031160487098369202,0.050073925283288793,G3,3.590944981315372
005010,2021-03-31,0.3404300140650623,0.04496285787384471,0.038063900954049865,G3,7.292835363522601
005110,2021-03-31,0.40444504691856487,0.026888395434416793,0.10049909552682491,G4,14.575869867610736
005160,2021-03-31,0.07293432180137663,0.01886990013420428,0.06170444817467614,G3,3.2014492527295526
005290,2021-03-31,-0.09102303322282926,0.02028970034719822,0.13014401810693485,G4,-5.103393621817332
005300,2021-03-31,0.08417457155773111,0.02398717716575252,0.0412260048097766,G3,2.9870658370916416
005320,2021-03-31,-0.11607827093927642,0.024183722975636167,-0.041219949026857675,G2,-5.317690960423373
005360,2021-03-31,0.1230188623934641,0.028511746632054084,0.0462927846020283,G3,3.8754401721427114
005420,2021-03-31,0.20400611313078665,0.024565048813810875,0.06933250569743601,G3,7.794929310520433
005430,2021-03-31,0.14032402931608728,0.02110061825112287,-0.10209941987799982,G1,6.056729413207564
005440,2021-03-31,-0.03150793619868767,0.02029379799785007,0.05729515427415273,G3,-2.169689001585578
005450,2021-03-31,,,4.769937325849532,G5,
005490,2021-03-31,0.15366218980079444,0.020705552263660304,0.09705556153179574,G4,6.816475788035659
005610,2021-03-31,0.14959082536608295,0.019295526662262023,0.012723990079667624,G2,7.103591088628384
005670,2021-03-31,0.22170555351216067,0.03238658723754,0.10758280835922411,G4,6.458916398330661
005680,2021-03-31,0.20206529008599802,0.02173584220926223,0.11621280440556242,G4,8.720250825504337
005710,2021-03-31,0.11932594241158997,0.022003146050381624,0.0312627257386903,G2,4.853971702473453
005720,2021-03-31,0.0925753897518079,0.01685545376971485,0.06328456114055495,G3,4.749329014090086
005740,2021-03-31,0.1946670603471619,0.03236623849606741,0.058012428525219095,G3,5.627585246016334
005750,2021-03-31,0.28730218861535917,0.026643653167194522,0.016502315316802144,G2,10.313108820829367
005800,2021-03-31,0.162091963143714,0.019828448676662152,0.0480882805820946,G3,7.543135192523028
005820,2021-03-31,0.1685913976529449,0.02377808723347216,0.03983130611379761,G3,6.563526409962969
005850,2021-03-31,0.43237091239985165,0.031010261536859794,0.09653798064355837,G4,13.538989917358816
005930,2021-03-31,-0.032788249251315106,0.00911331540057533,0.14911864552091061,G4,-4.9720152740572985
005950,2021-03-31,0.03765878097596928,0.024497652221065657,0.04707581396924145,G3,1.0260365618509395
005960,2021-03-31,0.06428675143711113,0.015431777732779048,0.07759053637179467,G3,3.3543418143919967
005980,2021-03-31,,,-0.23113167860858727,G1,
006040,2021-03-31,-0.04549455832501818,0.01588938850599759,0.09153452854984273,G4,-3.6513584157606744
006060,2021-03-31,-0.04406258479434032,0.019261697520505577,0.02324473669013388,G2,-2.937741019541361
006110,2021-03-31,0.559583348241883,0.04027385208544507,0.04718017371644471,G3,13.583504576706309
006120,2021-03-31,-0.21220140624596462,0.013242388134747507,0.05871184947941453,G3,-16.970103736345173
006200,2021-03-31,-0.03528059068013733,0.02463867471679551,0.18697546114074332,G5,-1.9401970823210621
006260,2021-03-31,0.07784481757105903,0.020903961635907926,0.029211958156559154,G2,3.124839424753129
006280,2021-03-31,-0.17703174951712974,0.028310439032016365,0.0807708035097928,G4,-6.695588274714087
006340,2021-03-31,0.7398939888613654,0.06527047132065557,0.014852604344928865,G2,11.143947332176438
006360,2021-03-31,0.038287335214363116,0.018363260779118963,0.11105810299520827,G4,1.4030210324090484
006370,2021-03-31,0.1603481591519217,0.033314984533332405,-0.2625846907437318,G1,4.437188463538756
006400,2021-03-31,0.1298418647749573,0.018292613309312335,0.06928861544116284,G3,6.413439603929426
006490,2021-03-31,0.19928386601699213,0.03346817701612285,0.20540254719513276,G5,5.58024334009515
006570,2021-03-31,0.10068143366538931,0.01825982232796397,-0.021162369909253596,G2,4.827984520568562
006580,2021-03-31,,,0.01037941662560397,G2,
006650,2021-03-31,-0.21219048988629968,0.028262929777827912,0.16705302194366284,G5,-7.950831204351407
006660,2021-03-31,1.119611196139776,0.030955202544815465,0.15563907465870477,G5,35.76419506282797
006730,2021-03-31,0.1276904182960534,0.020876038177248337,-0.4313292262157434,G1,5.516713621644971
006840,2021-03-31,0.0660245177847971,0.024786788578007174,-0.09193275413211799,G1,2.1584572563232585
006880,2021-03-31,0.09710035483763448,0.02162612988907187,0.05277322510029598,G3,3.9108736123297763
006890,2021-03-31,0.40765762359779356,0.03837820406551021,0.38285161650353294,G5,10.295800418530959
006920,2021-03-31,0.10026329921533993,0.030386101944321398,-0.06667435075335316,G1,2.8875044669587795
006980,2021-03-31,-0.1001290815674421,0.016178296320408847,-0.014302740866581655,G2,-6.963179153974247
007070,2021-03-31,-0.06993409695329424,0.013575528140073491,0.024313902114361775,G2,-6.073972976972879
007120,2021-03-31,0.23026561169832507,0.02309322653915481,1.0192260234727784,G5,9.42883911052852
007210,2021-03-31,0.4874837538469522,0.049422524030602225,0.026612435946173633,G2,9.610202413685137
007310,2021-03-31,-0.051722781978497494,0.010041618753501366,0.08049854498153255,G4,-6.397980014302262
007340,2021-03-31,0.26700495254321727,0.020586780798528714,0.11513456566009722,G4,12.361410990675989
007460,2021-03-31,0.02296014829921606,0.028207026742509737,-0.22942353312595892,G1,0.37000901501752514
007530,2021-03-31,0.25629324282417887,0.03068003362526392,0.008256091952699244,G2,7.945556764507452
007540,2021-03-31,0.045987340711172185,0.014994421762128705,0.15137438177732465,G4,2.2317663944897848
007570,2021-03-31,0.044506031681294175,0.026212211713434654,0.06931172607582456,G3,1.2201464688786596
007590,2021-03-31,0.27384201616139797,0.03713375234406373,0.2035738509126353,G5,7.037229085347898
007610,2021-03-31,0.2779464432476045,0.029346703158759424,-0.05290328867195333,G1,9.044394107715428
007630,2021-03-31,,,-10.798484929757798,G1,
007660,2021-03-31,0.11815318662719128,0.026804618208676904,-0.019247798718423335,G2,3.9407348273795173
007680,2021-03-31,0.11994511054969212,0.02242063705950033,0.11471090844621387,G4,4.7912026829107015
007690,2021-03-31,0.4225976480073523,0.031370483336620986,0.08781280883252081,G4,13.07198073709615
007700,2021-03-31,-0.40152765779260186,0.05128087522830539,0.3204643797578706,G5,-8.07417872777854
007720,2021-03-31,0.0583479367453162,0.0226559257137614,-0.38763573724212913,G1,2.022633866593007
007770,2021-03-31,0.2773912108061214,0.044169929410273694,0.05468646093284561,G3,5.996566447463406
007810,2021-03-31,0.226810698329445,0.021398289384171015,0.03844693848108359,G3,10.014230594073238
007820,2021-03-31,0.03135074829414546,0.017649178306663973,0.04775877854097679,G3,1.0667609476974662
007860,2021-03-31,-0.2694714044112725,0.04307567117373874,0.030450521331560478,G2,-6.546495756073993
008040,2021-03-31,0.1277063693389259,0.021125541537405534,-0.0013532355480138044,G2,5.45231349536447
008060,2021-03-31,0.17485863589122572,0.03829867917754869,0.048427942993586416,G3,4.238666848561771
008110,2021-03-31,0.25764232188908204,0.04248982302921145,0.04777506693467448,G3,5.768887942953244
008250,2021-03-31,0.5200888012421248,0.03471511756310404,0.12867014068981597,G4,14.620878244235849
008350,2021-03-31,0.09845511193064839,0.02784638548261413,0.13842629925819624,G4,3.085923588418785
008370,2021-03-31,0.04828266609679317,0.03085505265026313,0.08399484671034259,G4,1.158947041331371
008490,2021-03-31,0.07976570339507148,0.013878405142342868,0.14582923993430955,G4,4.845110701680596
008500,2021-03-31,0.24103946520128836,0.021982466070811713,-0.1007383110132906,G1,10.395383773027392
008600,2021-03-31,0.39577869385272235,0.03759255136565441,-0.006514519800607103,G2,10.194982405084323
008700,2021-03-31,0.025872023016550966,0.01878477544609022,0.03331178596286174,G2,0.7106142384939858
008730,2021-03-31,0.06720087484320063,0.025436659477217446,0.0321434639975256,G2,2.1495582301019525
008870,2021-03-31,0.13093408247362526,0.02376696834631216,0.020003930831804687,G2,4.982157868458289
008930,2021-03-31,0.2586902386493763,0.03337112670539816,0.06144379115573132,G3,7.376644687633784
008970,2021-03-31,0.41200002237332395,0.0335075442488222,0.015631699137440065,G2,11.921993605058617
009070,2021-03-31,0.2842281258316522,0.048712180985261866,0.02647226513799446,G2,5.577759529925604
009140,2021-03-31,0.14845318680142,0.032950348672906436,0.15030053899693105,G4,4.125294516095421
009150,2021-03-31,0.0385332733800799,0.01877052276048468,0.1407350858794805,G4,1.3856821993891684
009160,2021-03-31,0.8497905205521029,0.042778468552172974,0.13108198405211974,G4,19.57216456716579
009180,2021-03-31,0.2505313972338292,0.04245360348957224,0.03185991303146041,G2,5.606310973687862
009200,2021-03-31,0.1292913304483232,0.032516211129660764,-0.04899942519398175,G1,3.5910714155796035
009240,2021-03-31,0.08918693223598191,0.03863835865197778,0.04856376533110459,G3,1.9841328874463122
009270,2021-03-31,0.4748512106410795,0.033804378592198266,0.03509910350698887,G3,13.676569006067558
009290,2021-03-31,0.0353295317866353,0.010138391715341956,0.02841879714533146,G2,2.249492652219843
009300,2021-03-31,0.10103559853537701,0.013143021961435228,-0.03657089231196126,G2,6.734547402982835
009310,2021-03-31,0.04718805285883978,0.0192728763903633,0.01773810392337129,G2,1.798629225813205
009410,2021-03-31,0.029874178283295125,0.014842190457492221,0.08074048747923246,G4,1.169024492398256
009420,2021-03-31,-0.0016212042842963237,0.026393000702201987,0.16279713594007314,G5,-0.5359185399772781
009450,2021-03-31,0.39130066371362027,0.022944206340710274,0.13174006015867396,G4,16.508628102943028
009470,2021-03-31,0.3832531349027267,0.027170840587750576,0.08388502955651586,G4,13.644400863778051
009580,2021-03-31,0.03723502093665052,0.02518352572168896,-0.058136837413511736,G1,0.981265573855723
009620,2021-03-31,0.6383298365829995,0.0613966335096962,0.08197811977945756,G4,10.192847827178024
009730,2021-03-31,,,-0.10321604536517953,G1,
009780,2021-03-31,0.1581791455277613,0.021084626525571828,0.10971892642469064,G4,6.908154205788759
009810,2021-03-31,0.35080549071859524,0.03809088889307646,0.030516683188818707,G2,8.880921565010672
009830,2021-03-31,-0.23455748935746298,0.01761949658603318,0.22399137235333133,G5,-14.023146590406494
009900,2021-03-31,0.29806740182154073,0.027382289350481884,0.10669058932146114,G4,10.428058225849863
009970,2021-03-31,0.08126263989886388,0.01920034933284153,0.17831634053226403,G5,3.580109121433566
010040,2021-03-31,0.2136740918656927,0.025408543770188127,0.05768498461005132,G3,7.916659827788167
010060,2021-03-31,-0.025972725674417503,0.03013570127219058,0.07692784614998335,G3,-1.2774223982499098
010100,2021-03-31,0.09306713817071069,0.022880431591143467,0.04645831592039719,G3,3.5202065018843642
010120,2021-03-31,0.07443848028727308,0.016171888228014745,0.035610244435869756,G3,3.8285687667794823
010130,2021-03-31,0.31319125168859663,0.022581356183992964,0.13186121931542036,G4,13.314876003066693
010140,2021-03-31,-0.1424603047391141,0.026050569448042016,-0.3373794795575535,G1,-5.949336315502688
010170,2021-03-31,0.032042800499863806,0.021037767111998437,-0.1906691776651663,G1,0.9278316599998977
010240,2021-03-31,0.18991135315005653,0.03843651110402603,0.1577482675415278,G5,4.615092627744483
010280,2021-03-31,0.0878499074306259,0.02740476355497896,-0.1256076392750628,G1,2.7486686087205205
010400,2021-03-31,0.1344938230305048,0.013850734715560281,-0.24606486439478906,G1,8.80606923875546
010470,2021-03-31,0.5252891180850697,0.05879490055245076,0.05885676945380145,G3,8.721263564515867
010600,2021-03-31,0.06358136410211843,0.04500071178112595,-0.1208837226208662,G1,1.1346058309656781
010620,2021-03-31,0.2597208169439153,0.028297765307378372,0.056615031734752366,G3,8.735584599742717
010640,2021-03-31,0.02666473438653333,0.02736946862706533,0.028021978777098312,G2,0.5166866942715136
010690,2021-03-31,0.7932294015145357,0.04928155910961098,0.028311261562148568,G2,15.841749358222595
010770,2021-03-31,0.32084010194719365,0.03264332631719088,0.005397758678464871,G2,9.445018097533108
010780,2021-03-31,-0.025521211846450387,0.01712627148876665,0.05949858774279103,G3,-2.221412056269885
010950,2021-03-31,0.2146372697970347,0.023694890326074428,0.08740181552638403,G4,8.529854871578644
010960,2021-03-31,0.20205252481565078,0.030282741709328584,0.059082858092049266,G3,6.2586549301650365
011040,2021-03-31,0.058075336281150115,0.013645677351077898,0.14431064027660634,G4,3.3382030801061577
011070,2021-03-31,0.1140616218509858,0.01870411930067178,0.10854673750659947,G4,5.4286612537641314
011080,2021-03-31,-0.173742458300918,0.027090792345859146,-0.024120990259623963,G2,-6.8756110947428954
011090,2021-03-31,0.37040979598686763,0.04502912339740919,0.005375752520735324,G2,7.947889607147273
011160,2021-03-31,,,0.009607146827881816,G2,
011170,2021-03-31,-0.13476623177568464,0.017910871563364655,0.1688299610024056,G5,-8.223470609582249
011200,2021-03-31,0.3725317697972755,0.034986320776774146,0.0643889986940078,G3,10.289978131070644
011210,2021-03-31,0.2722477624926157,0.027792791534316224,0.016521849774309937,G2,9.34502991735402
011230,2021-03-31,0.041785877348764516,0.01809506633336241,-0.04760664646843397,G1,1.617158107741511
011280,2021-03-31,-0.012896526014736915,0.018374034583069118,0.08062267454215655,G4,-1.3834642586232655
011300,2021-03-31,,,-0.24384475852241075,G1,
011320,2021-03-31,-0.046827334708883485,0.016733948165990616,0.053980585327939846,G3,-3.5467200111897257
011330,2021-03-31,0.060623453030109714,0.01604071315903744,0.04650391221287093,G3,2.99862970153311
011390,2021-03-31,0.20071559815129958,0.020496336556029802,0.023820431433016955,G2,9.181753213273051
011560,2021-03-31,0.12979894409350362,0.02700373955031593,0.01459646043973147,G2,4.342941086264643
011690,2021-03-31,,,0.10019707495903749,G4,
011700,2021-03-31,0.5788565631697076,0.050262976386009475,0.08288319938088816,G4,11.26740415654528
011760,2021-03-31,0.014363745996913504,0.01678598769166453,0.020788015342589842,G2,0.1096421558905575
011780,2021-03-31,-0.22852628117418738,0.028878212828862465,0.36414874573512623,G5,-8.347108483490235
011790,2021-03-31,0.2530825408236518,0.024138548216383345,0.11896804759658355,G4,9.965771120515528
011810,2021-03-31,0.38431100277599395,0.06149021937886952,-0.017584918410748714,G2,6.046290164742979
012030,2021-03-31,0.3840199616116859,0.02536100968249376,0.19099628833441137,G5,14.648339011142612
012160,2021-03-31,0.05670287852529102,0.018464282457981363,-0.025846539479396875,G2,2.3927051867941356
012170,2021-03-31,-0.2594536933511398,0.03739200852551274,0.05504257041135506,G3,-7.273666170759874
012200,2021-03-31,0.1649914425204791,0.019510115692882947,0.03835623158935798,G3,7.814825437373012
012320,2021-03-31,0.009942831824388237,0.01884902101725451,0.055654957380340694,G3,-0.13690166141236904
012330,2021-03-31,-0.0817582147484484,0.015146527821780017,0.08400434320089178,G4,-6.224628507302044
012340,2021-03-31,0.11942224662308358,0.027201725160522782,0.038568486722569975,G3,3.9298592965925727
012450,2021-03-31,0.26665944941810626,0.027125248586468486,0.11767681951514732,G4,9.36898898789211
012510,2021-03-31,-0.144177854596531,0.019202366391804643,0.23302632146484561,G5,-8.160512382528873
012600,2021-03-31,,,-0.3803072530485294,G1,
012610,2021-03-31,0.023139437024670008,0.00960733562536654,0.0743887255405771,G3,1.1050038554906776
012620,2021-03-31,0.2943017389633378,0.028899394758767783,0.05745247366532657,G3,9.750323395966694
012630,2021-03-31,0.10176495416130829,0.02254897176362505,0.14164814487850644,G4,3.957682016686088
012700,2021-03-31,0.054267694351919846,0.022543373368031725,0.14736879556284166,G4,1.851737073807669
012750,2021-03-31,-0.010608208682339696,0.008383901946441575,0.0974793588651687,G4,-2.7590378498885673
012800,2021-03-31,0.40794220271104614,0.03823752336492108,0.036943301519721285,G3,10.341122379179884
012860,2021-03-31,-0.31998659286282727,0.020845815065278037,-0.003708330224046835,G2,-15.950918011084223
013030,2021-03-31,0.05366699359385681,0.019079411245953623,0.15983853359535305,G5,2.1564449209582164
013310,2021-03-31,-0.041345366074681957,0.017294519090480173,0.07453731374885747,G3,-3.1147821983660235
013360,2021-03-31,1.080550580429379,0.06810307308619241,0.01135849175188964,G2,15.682512372973513
013570,2021-03-31,0.012084340318015085,0.014308894936485657,0.0799451707138919,G4,-0.03067698809589318
013810,2021-03-31,-0.28825124489375065,0.014379527519447283,0.12330041256488924,G4,-20.91685826287558
013870,2021-03-31,-0.06244106190582069,0.014283925755731584,0.017611907900809815,G2,-5.248161976296149
013890,2021-03-31,0.2908944275640602,0.022419252753991554,0.09528511780938066,G4,12.41661069175696
013990,2021-03-31,0.6283759262273126,0.04615453000542023,-0.08644783882041109,G1,13.343275991269804
014100,2021-03-31,,,0.5537555961433821,G5,
014130,2021-03-31,0.14537937322860317,0.01970933281632256,0.014242971989946377,G2,6.740769986943926
014190,2021-03-31,-0.014159176432813711,0.04600672818458546,0.06611554769881643,G3,-0.5799688785389592
014200,2021-03-31,1.0345937677112886,0.05331699589886931,-0.009020964347134038,G2,19.169693572613994
014280,2021-03-31,0.350413060636837,0.032210881552622285,0.04531393764794279,G3,10.489926081879695
014440,2021-03-31,0.1962608348969545,0.025487381903694876,0.01938692608434012,G2,7.208960946776226
014470,2021-03-31,-0.27963579489639256,0.02917906604035441,-0.010647245800811037,G2,-10.012626470291611
014530,2021-03-31,-0.2530094512861781,0.022709197804934265,0.029078917533779784,G2,-11.692739993930125
014580,2021-03-31,0.4022804108753027,0.03411473258746418,0.15657481206227927,G5,11.424891452934208
014620,2021-03-31,0.1988789335699379,0.02376604650959261,0.018835787187475844,G2,7.841255354653655
014680,2021-03-31,0.1265957734522539,0.02313734872922232,0.32313205565301234,G5,4.930231232178043
014790,2021-03-31,0.08061720661725552,0.019643066020920145,0.07399518376408211,G3,3.4665623190945594
014820,2021-03-31,-0.096711063370524,0.021405469550107685,0.05605398251291439,G3,-5.103104943924087
014830,2021-03-31,0.6187181546166224,0.03997229783864466,0.16878717121440626,G5,15.165374353658363
014910,2021-03-31,0.1598281163662985,0.030260918729982367,0.05252663077434799,G3,4.8678238609689854
014940,2021-03-31,0.2964207338741146,0.04444355509969783,0.06761848371536995,G3,6.387820216443436
014970,2021-03-31,0.07553353356548201,0.017423017488080776,-0.010477956907340033,G2,3.616494071187196
014990,2021-03-31,0.3194014597161006,0.029028558235376874,-0.27646824195775194,G1,10.571595155024394
015230,2021-03-31,0.05408167261930251,0.02314691286870941,0.15167246560401498,G4,1.795417762073799
015360,2021-03-31,0.10664152456143351,0.00947326674154337,0.05243469786313642,G3,9.935139905967947
015540,2021-03-31,,,-1.0668324490454162,G1,
015710,2021-03-31,0.136733521439196,0.031956151947613094,0.02872693242113051,G2,3.8868956288971024
015750,2021-03-31,0.10429418804435762,0.027670859310064966,0.03153986406002467,G2,3.316517672919899
015760,2021-03-31,0.08486327324220562,0.01688779047261832,0.022213753623476815,G2,4.283566831424741
015860,2021-03-31,0.179042772300279,0.016170144497871717,0.04995593613243875,G3,10.297958574491956
015890,2021-03-31,-0.15000214786847582,0.02079485339653278,0.05730319284777442,G3,-7.815657022771869
016100,2021-03-31,0.38474561139987,0.04196839708508902,-0.10875417698754786,G1,8.869109690502574
016250,2021-03-31,0.33889925476260163,0.02554955687132466,0.04892334351995098,G3,12.774231752381587
016380,2021-03-31,0.16478098961272875,0.04251358169840237,0.05240849453952697,G3,3.5813895092448402
016450,2021-03-31,0.3682255959825743,0.043953349814175174,0.05878466128773573,G3,8.092723384423627
016580,2021-03-31,0.18219553298458177,0.014684110757531326,0.28584313063907313,G5,11.554818788050316
016590,2021-03-31,0.1918063642972657,0.02037719624333406,0.16650852123091595,G5,8.79822071882274
016670,2021-03-31,,,0.38200760067507494,G5,
016710,2021-03-31,0.28075928488640617,0.012461276988568783,0.07566710864734344,G3,21.525562028259426
016740,2021-03-31,-0.08788212845180314,0.02142065162350615,0.055790984313327185,G3,-4.687318776953982
016880,2021-03-31,0.21813011338305494,0.06134363310223819,0.020647072670934807,G2,3.3517222386019077
016920,2021-03-31,0.9813266244024385,0.05849225788467463,0.05236925023844272,G3,16.56293269093694
017040,2021-03-31,0.41407217445650474,0.032041324093027276,0.012830064855118124,G2,12.532218680258643
017180,2021-03-31,0.09213921736456404,0.018572855836851452,0.01793622212151069,G2,4.286681808456541
017250,2021-03-31,0.11817405818494346,0.01416926352657037,-0.008152641564873825,G2,7.456334189083213
017370,2021-03-31,-0.0623274175916821,0.020931680668151306,0.008768814125970718,G2,-3.5759532593681587
017390,2021-03-31,0.489653228978311,0.03841620623382242,0.03261905650821276,G2,12.420017009399249
017550,2021-03-31,-0.09251150454823953,0.04602972397889102,0.03315344812995853,G2,-2.281890691198908
017670,2021-03-31,0.10096249952360808,0.015878169062474107,0.14304833780675127,G4,5.569861679768549
017680,2021-03-31,,,-0.03541305156149452,G2,
017800,2021-03-31,0.177243380675743,0.01724276865442552,0.0511108850627853,G3,9.552995221322474
017810,2021-03-31,0.1527034118189842,0.023915007937545522,0.020560162208522772,G2,5.861596118530258
017890,2021-03-31,0.08156823837474639,0.015833882275545382,0.1874136682877195,G5,4.360582139968017
017900,2021-03-31,0.16061553721792032,0.02164229727657953,0.0743051432249475,G3,6.842722896174846
017940,2021-03-31,0.27515732754428557,0.015533931966318106,0.04489054174008757,G3,16.907118815513183
017960,2021-03-31,-0.05109302236407909,0.013374708325959914,0.10297514973668244,G4,-4.756463836915886
018000,2021-03-31,-0.17853821247490417,0.01820778976835454,-0.015351217593424492,G2,-10.493393708039154
018120,2021-03-31,0.03313479022019149,0.00891073783925874,0.14992095193947422,G4,2.3131076768676495
018250,2021-03-31,0.0190495804061952,0.01630993967924951,0.07375473260123167,G3,0.40014165698302934
018260,2021-03-31,-0.05253656786120413,0.011939854232406918,0.07398073345678317,G3,-5.448966186058366
018290,2021-03-31,0.08259069947962072,0.017436586031074085,0.2199094899389151,G5,4.018413079091582
018500,2021-03-31,-0.14046505568541726,0.02365826296399493,0.07588421904708662,G3,-6.466592667259403
018620,2021-03-31,-0.04082510484665,0.013581101882142782,-0.06282115149485389,G1,-3.928134802850025
018670,2021-03-31,0.10208923319156321,0.01720184979612049,0.05345153745963373,G3,5.206762071257932
018700,2021-03-31,-0.13677731923037348,0.015211571632073002,-0.1504646546361502,G1,-9.81493674415772
018880,2021-03-31,-0.1113217741249072,0.01691945854393765,0.04028851046398028,G3,-7.319682714487852
019010,2021-03-31,0.20060854593439478,0.02853043260129047,-0.1621078984944506,G1,6.59244303951565
019170,2021-03-31,-0.12384121235932155,0.0625685385143178,0.06060356152485254,G3,-2.179442092062991
019180,2021-03-31,0.15895488865697602,0.02506433916609269,-0.0043824071454448355,G2,5.842228417393235
019210,2021-03-31,0.16972927348294556,0.024943402774871053,0.05096083196734726,G3,6.302507351710404
019440,2021-03-31,0.209371641509039,0.027302761886776963,0.02362286739432378,G2,7.209832771047527
019540,2021-03-31,0.2748974593847903,0.025727221527326365,0.06880311314509979,G3,10.198309405019138
019660,2021-03-31,-0.06221439229893725,0.024544523155884145,-2.6143287175473566,G1,-3.0449842493137687
019680,2021-03-31,0.13419610554418,0.025748871232502118,-0.0013531161416168796,G2,4.72536486465273
019770,2021-03-31,-0.33596395396534123,0.031576986833845876,0.08324903491042301,G4,-11.036114684301078
019990,2021-03-31,0.48599853387028574,0.0629639182085683,-0.0688690198809869,G1,7.519786779854608
020120,2021-03-31,0.25907506412131154,0.04410314515756071,0.121626819606335,G4,5.5903443875226095
020150,2021-03-31,0.18503201233338787,0.019502306743159916,0.13576211734693877,G4,8.845554553501481
020560,2021-03-31,0.0811512315021968,0.017725634979894517,-0.40896801689601664,G1,3.8716772325725817
020710,2021-03-31,0.34997528973636166,0.048269511238974466,-0.027350063206038826,G2,6.990996738045366
020760,2021-03-31,-0.04119283981084869,0.021795521130287935,-0.4309494735285151,G1,-2.4645491891382045
021050,2021-03-31,0.24991455018648406,0.03563526642633041,0.12315540474084843,G4,6.661694435752328
021240,2021-03-31,0.2865334114470405,0.01984173470270906,0.19873395414555112,G5,13.809786363688348
021650,2021-03-31,0.08374424737846858,0.02629464548126266,0.07554121813434811,G3,2.708572485283096
021820,2021-03-31,,,0.07140742981429234,G3,
022100,2021-03-31,0.08407068409219284,0.013897804038059836,-0.07330219847680045,G1,5.148107555597249
023150,2021-03-31,0.3157955954522551,0.04196994649805684,0.06522495129632339,G3,7.225939669678856
023160,2021-03-31,0.39310327791752286,0.03002203189453987,0.11068637016625946,G4,12.676689743610998
023410,2021-03-31,-0.051797641898384206,0.017735735397648483,0.08930836528238269,G4,-3.626629207862412
023590,2021-03-31,-0.0014611482011969079,0.016617797030574772,0.2668974901146434,G5,-0.8415340669472758
023600,2021-03-31,0.06991400460732577,0.01720193679054054,0.207980457809161,G5,3.336293534181469
023800,2021-03-31,0.14191490152872785,0.04160515929826144,0.01811824775604235,G2,3.1099894723029626
023900,2021-03-31,-0.046723609855839905,0.010571690791985429,0.11723566779271183,G4,-5.604297849725514
024070,2021-03-31,0.3091186284784834,0.04820115341866935,0.03452298413597683,G3,6.15328292633675
024120,2021-03-31,-0.2241585754287761,0.016534127767668508,0.09126855222020099,G4,-14.31474782777718
024720,2021-03-31,0.02131503871379177,0.016189626987462888,0.13885416269853323,G4,0.5430480024618839
024740,2021-03-31,0.9243076418452806,0.05843808588862953,-0.008827824727164072,G2,15.602570376197795
024800,2021-03-31,0.03614770226359123,0.020883668112944072,0.21305750851425498,G5,1.131238440401251
024840,2021-03-31,0.22421807213599068,0.03723580925618923,0.0024091514095219905,G2,5.685247138362015
024880,2021-03-31,0.09842229321571541,0.016491460264926986,0.00859373995629322,G2,5.208695756357793
024890,2021-03-31,0.10168344953259686,0.03105978627952343,0.022017150133573173,G2,2.8705978403248
024900,2021-03-31,0.26713261848747916,0.030548112506528346,0.0028446650339197153,G2,8.334699052696639
024910,2021-03-31,-0.0014920821850826615,0.019748951950216562,0.03530048475118913,G3,-0.70967696605166
024940,2021-03-31,0.6861586400819223,0.07901825049205241,0.07029301582676917,G3,8.525060245822942
025000,2021-03-31,0.01645216981114077,0.015581552916303865,0.08669455817381862,G4,0.25214917374395485
025320,2021-03-31,0.021933896444225706,0.014031617495800393,0.02163214818061136,G2,0.6706712415297252
025440,2021-03-31,-0.046105112409543576,0.019845406266280136,-0.007090726218706976,G2,-2.954255798068882
025530,2021-03-31,0.3090553439071681,0.04032945927691706,0.17935016583496116,G5,7.352740530276437
025540,2021-03-31,0.30272904830764497,0.02774596548432698,0.15786128065507185,G5,10.459385684521525
025550,2021-03-31,0.6574623332429543,0.057509942416545494,0.057693346500343974,G3,11.21439201684472
025560,2021-03-31,0.011804595234798113,0.035665137500381174,0.17501812964406313,G5,-0.020151299930954943
025750,2021-03-31,0.1385330723528596,0.026594267903707842,0.038294313871272426,G3,4.738230760533323
025770,2021-03-31,0.08392491992905603,0.0199487145008022,0.050727826578010365,G3,3.579259496071173
025870,2021-03-31,0.010099363518283049,0.04353481160641118,0.021171675929247184,G2,-0.055677985270229866
025900,2021-03-31,0.46792651457294365,0.03528698208607233,0.11694536833910261,G4,12.905700446257288
025980,2021-03-31,0.4983339677629321,0.03155408198889692,0.3478247655911351,G5,15.39612763306597
026040,2021-03-31,0.4493550059305593,0.04140278704243275,-0.022828510069263147,G2,10.55078034638619
026150,2021-03-31,0.499562163424874,0.05071188579326282,0.009496659459896905,G2,9.604037824440972
026890,2021-03-31,0.10771617015266874,0.04346881679505578,0.10441590794989493,G4,2.1899118276863034
026960,2021-03-31,-0.04030678055542887,0.014994891651528041,0.3409198825538474,G5,-3.523204828738613
027040,2021-03-31,0.06949779883113222,0.012945157809526422,0.010976329229558518,G2,4.40122133324302
027410,2021-03-31,-0.11448973369667298,0.015279767853249587,-0.030257094647538278,G2,-8.31249722078126
027580,2021-03-31,0.315688012213904,0.035783337912346024,0.02704237632770277,G2,8.472231373129073
028050,2021-03-31,0.551679202189189,0.03040460413218461,0.0929531656118547,G4,17.732706064106313
028080,2021-03-31,0.46807066102330847,0.0470254433668493,-2.2458386649961484,G1,9.687252990937257
028100,2021-03-31,0.17140779725506922,0.024837726258246522,-0.02173735970130121,G2,6.396902095040603
028150,2021-03-31,0.03606035135730371,0.011280478585402924,0.1565598855303679,G5,2.0865300227699475
028260,2021-03-31,0.14053681118737255,0.017293957404438072,0.1369809796477184,G4,7.402210730371867
028300,2021-03-31,-0.06064433545803281,0.02350095828803586,-2.9213878372390867,G1,-3.113389193704874
028670,2021-03-31,0.24067338125187135,0.030696877257958045,0.08066048558368288,G4,7.432354933597596
029460,2021-03-31,-0.0725220104131938,0.015130383177317788,0.11152087648245368,G4,-5.620829527855824
029530,2021-03-31,0.07361521335863055,0.01593308627102019,0.1652720606172918,G5,3.834280327227012
030000,2021-03-31,0.14550941528520583,0.019266784006452778,0.0653940144153569,G3,6.902351794830909
030200,2021-03-31,0.18792454804301933,0.014145357091523095,0.07764487034089149,G3,12.399917003897002
030520,2021-03-31,0.3185047472394201,0.02968299561632906,0.12730764992952778,G4,10.308307728666312
030530,2021-03-31,-0.06304251407057128,0.018228947927537646,0.18815818610257837,G5,-4.145374076913373
030720,2021-03-31,0.08030262639684313,0.012895486601252629,0.012320319781114716,G2,5.256050769934668
030790,2021-03-31,-0.3629069001127776,0.038212023836175384,1.9109877531360056,G5,-9.824923061913415
031310,2021-03-31,0.015117314817026327,0.02455979231849162,0.22095398858951884,G5,0.10562062845401946
031330,2021-03-31,0.4746751339031746,0.03163271294817943,0.03136379384344429,G2,14.609933727234292
031390,2021-03-31,-0.044077139008023125,0.013432804721015488,-0.01838830109171579,G2,-4.213597554732509
031430,2021-03-31,-0.02756238509800121,0.019158624729618455,0.08505494521655142,G4,-2.092304629448554
031440,2021-03-31,0.29300185425259745,0.02167933066259444,0.013482358070250208,G2,12.937602387277051
031510,2021-03-31,0.03365477817604932,0.025125441251331624,0.022915651252464152,G2,0.8410393213405686
031820,2021-03-31,0.0966406564610647,0.0335682344773356,-0.04019302947268555,G2,2.505861974963608
031860,2021-03-31,-0.17276089561053526,0.024230534709162824,-0.6233841792819899,G1,-7.646723109998755
031980,2021-03-31,0.5505629696239926,0.04898117926254395,1.0767948203969593,G5,10.984620697317226
032040,2021-03-31,,,-0.07544291740966205,G1,
032190,2021-03-31,0.11848154871739337,0.020896064656794354,0.26284839911300584,G5,5.070727734626051
032350,2021-03-31,0.0637177523660519,0.024183410295708207,-4.776111753970547,G1,2.116924686072512
032500,2021-03-31,-0.17692262256058822,0.02207467177586863,0.06289209116248709,G3,-8.582049083299706
032540,2021-03-31,0.292503337147672,0.04423476411901176,0.034803239433634586,G3,6.329411914049107
032560,2021-03-31,0.1825293549496183,0.026749488825823085,0.14099358935947068,G4,6.355488209100016
032620,2021-03-31,0.16395704495968771,0.021225681886984545,0.3945441509016751,G5,7.134458701885045
032640,2021-03-31,0.18213243825952338,0.01540876469398128,0.07521232140212611,G3,11.007316128860497
032680,2021-03-31,0.17450973408385878,0.020465834398571643,0.19738519959250578,G5,7.914968762647524
032750,2021-03-31,0.08223880984365586,0.01568261654352417,0.07826363591535239,G3,4.445400774324006
032800,2021-03-31,0.19173378926428444,0.042288050953362674,-0.01403053226474238,G2,4.237851854281
032820,2021-03-31,0.7575415581975867,0.05642299443066334,-0.047081343278407226,G1,13.204160317926267
032850,2021-03-31,0.1851931179433857,0.02498568146853419,0.1733042138484554,G5,6.910751025269854
032940,2021-03-31,-0.021301337440943112,0.019839043751847783,0.4428118804032945,G5,-1.7049527175643115
032960,2021-03-31,0.2704114683423791,0.04222070527869528,0.5619483159453144,G5,6.108097259921032
032980,2021-03-31,-0.0800617855752295,0.020614990996231933,-0.24275356493992703,G1,-4.491153050214745
033050,2021-03-31,0.5376078716873595,0.0528167987402992,0.11309104295189963,G4,9.94162066034254
033110,2021-03-31,,,-1.9169334293059164,G1,
033130,2021-03-31,0.3042476668351404,0.05693196193961439,0.05115964237133654,G3,5.1240878195435196
033160,2021-03-31,0.649854393812349,0.03480895277009194,0.1358882950713601,G4,18.30940171926978
033170,2021-03-31,0.4412470513455121,0.038664419516729415,0.07762898620030671,G3,11.088327785248758
033180,2021-03-31,-0.0312219900609849,0.023951106919191473,-0.3861949709437492,G1,-1.8264410211279147
033200,2021-03-31,0.10490887335931957,0.029495270235681433,-0.0707114968600027,G1,3.1322167419883664
033230,2021-03-31,0.36391925484804344,0.03547013656113601,0.005179981180046855,G2,9.906811611078336
033240,2021-03-31,0.2060298093971996,0.029506201802038754,0.15357394836186955,G4,6.558164164192155
033250,2021-03-31,0.054343735949095515,0.019515037865058833,-0.024174740548384865,G2,2.142985431062211
033290,2021-03-31,0.19263600014076346,0.030316028485905287,0.18036482900711556,G5,5.941170892712926
033320,2021-03-31,0.007566402760852215,0.019396474746194062,0.0917223479028548,G4,-0.2555563019392201
033340,2021-03-31,,,-0.3062483054575033,G1,
033430,2021-03-31,,,-0.008591438180706885,G2,
033500,2021-03-31,-0.11116738537993494,0.016541211383960353,0.11577250172202602,G4,-7.477727998659281
033530,2021-03-31,0.09038721310951567,0.023099130152098246,0.007255386697869881,G2,3.3708593561388165
033540,2021-03-31,-0.1262603402285538,0.040767655653226646,-0.3159075620734199,G1,-3.4042584034438224
033560,2021-03-31,0.3810724076018801,0.02765786376832264,0.06030795668761978,G3,13.325292096721626
033640,2021-03-31,0.02472757186539322,0.0208369119643039,-0.01792990867901441,G2,0.5857047228808928
033780,2021-03-31,0.012571956839496995,0.006121301983195631,0.30308796778528174,G5,0.007949733893793021
033830,2021-03-31,0.1126325852559166,0.04543616987272903,0.08570373268835625,G4,2.20329511529438
033920,2021-03-31,0.1859776873416368,0.018287858803911147,-0.18610435971106717,G1,9.484674782533524
034020,2021-03-31,0.6311369114855154,0.052971780178787814,0.09617181238494037,G4,11.678173081590865
034120,2021-03-31,0.8184504519770864,0.03815323417290037,0.16319116555124957,G5,21.123429647069777
034220,2021-03-31,-0.01081968226775791,0.022146064360177735,0.04697141161809919,G3,-1.0540462632890863
034230,2021-03-31,0.023178470174845485,0.018317751764918212,-0.27075525456517363,G1,0.5816857982323476
034590,2021-03-31,0.10546473033153828,0.007554578011772243,0.023683338157145777,G2,12.302664168542739
034730,2021-03-31,-0.03888772599218428,0.01695576152859591,0.041722180164499134,G3,-3.0320678916795676
034810,2021-03-31,0.027845563644655406,0.019288687578060345,0.2041420966526254,G5,0.7943655816394927
034940,2021-03-31,0.16979906685478502,0.017324058210813096,-0.09230468305304254,G1,9.078460186595985
034950,2021-03-31,-0.0343536700958153,0.005468662397025521,0.3285389926289972,G5,-8.571925054097205
035000,2021-03-31,0.13814058611484792,0.01265226069137746,-0.04675566517026348,G1,9.92844639083427
035080,2021-03-31,0.6535969856552573,0.05198576876074261,-0.008119816544313027,G2,12.331715137041911
035150,2021-03-31,0.16629650438091076,0.039885811226971345,0.1315969431589601,G4,3.855336159222458
035200,2021-03-31,0.6444173915854869,0.054150864989298414,0.08433159610657513,G4,11.66914134414507
035250,2021-03-31,0.03143843550231833,0.013876986932275707,-0.5720040109540756,G1,1.363058240018777
035290,2021-03-31,,,-0.3618140539446502,G1,
035420,2021-03-31,0.15288542366060706,0.017838030357582874,0.28343968940103076,G5,7.868701125025984
035460,2021-03-31,0.17082007838315974,0.024341643003194826,-0.3521496677126736,G1,6.503126524562715
035600,2021-03-31,0.10983225260410007,0.019135436062147546,0.11657683988214698,G4,5.085275202008234
035610,2021-03-31,-0.26019696054115116,0.04164761085771587,0.6104067148620929,G5,-6.548280898765468
035760,2021-03-31,0.15128426926857247,0.018810360532212002,0.12666745545516886,G4,7.376837616339289
035810,2021-03-31,0.11975615484936411,0.015463598684662285,0.03649206588127745,G3,6.934534639603457
035890,2021-03-31,0.3190168625204034,0.022492441847289133,0.19731297839600861,G5,13.626513763319835
035900,2021-03-31,0.13703926487234783,0.022178628021800532,0.44269295316245105,G5,5.61423234260963
036000,2021-03-31,0.11295838811120208,0.020775326018710606,-1.4602592660827998,G1,4.834345025589563
036010,2021-03-31,0.22113952670997705,0.02280530181719508,0.054567640024165656,G3,9.14770759293501
036090,2021-03-31,-0.3317565246935665,0.029118346274430367,0.13561469342312785,G4,-11.823467430687684
036170,2021-03-31,0.5622734894183353,0.055888709299894784,0.0035647894454038436,G2,9.83651621565938
036180,2021-03-31,0.3670583900232456,0.04991446175048586,0.00895632366901476,G2,7.102853230750256
036190,2021-03-31,0.13941431864018192,0.02936371397254005,0.11659766534038032,G4,4.321354738749977
036200,2021-03-31,0.16046492678672,0.02512820599716848,0.21025700954186205,G5,5.887472933234607
036420,2021-03-31,-0.025478413126739388,0.022834894473810406,-0.05911952199459829,G1,-1.6641945636302813
036460,2021-03-31,0.0847774706152249,0.02130076208369405,0.08970666728415194,G4,3.392093494762292
036490,2021-03-31,0.32400157002064395,0.023326665728812545,0.22174321255869195,G5,13.352884613863452
036530,2021-03-31,0.11621897738238801,0.012470823796284688,0.33346860024035413,G5,8.315062818515166
036540,2021-03-31,-0.03429867328956469,0.021261610651052802,0.10396467335189219,G4,-2.202183464632924
036570,2021-03-31,-0.04399421138060463,0.018157049983964668,0.18104816983969077,G5,-3.1127030849265105
036580,2021-03-31,0.044532359984354716,0.022237270694594594,0.05953322611910458,G3,1.4394332068138378
036620,2021-03-31,0.5767036142305587,0.044408174636970006,-0.19600458498175993,G1,12.704424911066463
036640,2021-03-31,-0.005574086067375722,0.022096180199089252,0.19579446508298953,G5,-0.8190275433112503
036690,2021-03-31,0.40400453216719423,0.0436578959870569,-0.05632904525140836,G1,8.967020265145354
036800,2021-03-31,0.10041884575124353,0.017202962781059865,0.06518696805425382,G3,5.1093263847764545
036810,2021-03-31,-0.047760948356222,0.020847394608180324,0.4333389776415626,G5,-2.891691916754627
036890,2021-03-31,-0.1756716707203329,0.025053719889411942,0.0687733861058096,G3,-7.511657576945842
037030,2021-03-31,-0.0746213332669734,0.015178971200208386,0.0036453906486911556,G2,-5.741141888682421
037270,2021-03-31,0.24052625592062504,0.03056206234560608,0.0747389730487994,G3,7.460326440822083
037330,2021-03-31,-0.04744125261088218,0.014370631002053241,0.02578931133850049,G2,-4.1727149434121324
037340,2021-03-31,,,0.18458784848187038,G5,
037350,2021-03-31,0.1270223915600447,0.020609998063197296,0.033208836092185536,G2,5.555512285411395
037370,2021-03-31,0.16314336194263826,0.025454665261422652,0.0004904806621767508,G2,5.917189099840989
037400,2021-03-31,0.28611919749963083,0.04478225736146574,0.03743002475304103,G3,6.109471016023586
037440,2021-03-31,0.5599963414880811,0.05967191519329517,0.01785934094602131,G2,9.174718887386222
037460,2021-03-31,-0.002313329342291911,0.014557633704672075,0.02996634860373208,G2,-1.0191644989101039
037760,2021-03-31,0.17554548451390928,0.026070574755393715,0.09702918801074055,G4,6.253110716806684
037950,2021-03-31,0.1663552386836051,0.020142129353545778,0.04259585120994308,G3,7.637322840391639
038010,2021-03-31,-0.18781797544670392,0.028863780359073037,0.02383089412590854,G2,-6.940922743731166
038070,2021-03-31,0.7251073321408522,0.06301041506150246,0.10225975039815671,G4,11.308988162158187
038110,2021-03-31,0.15636603135122534,0.03882159132802564,0.018724932196905294,G2,3.705225167566405
038160,2021-03-31,,,-3.3745297047962466,G1,
038290,2021-03-31,0.11137037376910569,0.02056869844528409,-0.0348946259057654,G2,4.805704158403951
038340,2021-03-31,,,-0.6475895219646386,G1,
038390,2021-03-31,0.23493128163279622,0.029039002983248678,0.09910364826883404,G4,7.658940206846858
038460,2021-03-31,0.3596784381771587,0.04330330529165372,0.00651282246443536,G2,8.0168278546262
038500,2021-03-31,-0.006435585453989555,0.023752292388432364,-0.08843003699115,G1,-0.7981915708005425
038540,2021-03-31,0.18401847997239545,0.024249400813037822,0.17813534826791222,G5,7.072141170702374
038620,2021-03-31,1.5472342913275712,0.08224580594058302,0.14724948684199185,G4,18.660051775997527
038870,2021-03-31,0.150168448170574,0.021448365189892522,0.6757623053824766,G5,6.417512609203047
038880,2021-03-31,-0.20559218443498023,0.022272617624236424,0.23096088679659124,G5,-9.792988064199525
038950,2021-03-31,0.19856808143274443,0.024184376677997794,0.049015245792658126,G3,7.692767516491555
039020,2021-03-31,0.5341391664463055,0.05229034479735436,0.08730010110517226,G4,9.975376417006332
039030,2021-03-31,-0.0007404469764383454,0.024049225458493473,0.244052952899105,G5,-0.5515246683090589
039200,2021-03-31,-0.12710583175875315,0.029123514276347528,-11.333470494813357,G1,-4.794377647954357
039230,2021-03-31,,,-0.3413217144895608,G1,
039290,2021-03-31,0.046777267284025974,0.03198919189215444,0.04738549688752944,G3,1.0707983271931274
039310,2021-03-31,0.688069124347129,0.03239885541102994,0.06967953977148739,G3,20.850916541931216
039420,2021-03-31,0.3314294137285016,0.03490049816250191,0.21284859326881952,G5,9.137580733833088
039440,2021-03-31,-0.13991360137982267,0.016635974849119595,0.08583675668116801,G4,-9.163087638686648
039570,2021-03-31,0.3428989314011858,0.020360141289989454,0.09759721957828493,G4,16.22658863600204
039670,2021-03-31,,,-0.22271480456489492,G1,
039740,2021-03-31,0.6364214145213101,0.04748510297178736,-0.0075156830415379705,G2,13.138817889356663
039830,2021-03-31,0.10196194333258664,0.022372167091493842,0.10106441339837625,G4,3.997764224143723
039840,2021-03-31,0.2915870346891042,0.022878413865503048,0.3424692550701025,G5,12.197687401408547
039860,2021-03-31,0.233322626828841,0.04993691509209157,0.24445107803889032,G5,4.421565335063351
039980,2021-03-31,0.2867993999903422,0.029689969663691015,0.04252344480866405,G3,9.23800559513935
040160,2021-03-31,0.26935579060752524,0.04232389733298307,-0.027395984856989377,G2,6.068261967210858
040300,2021-03-31,0.008220008916440969,0.028597698706939227,-0.10778790979920459,G1,-0.1504766255951176
040350,2021-03-31,0.20833099392507898,0.04162731810174088,-1.2472100312171337,G1,4.703826927520539
040420,2021-03-31,0.1001169400111734,0.008778239379203218,0.17386714926262858,G5,9.978498205579472
040910,2021-03-31,-0.0526900043326482,0.014224991024306546,0.11714305555571008,G4,-4.58441754647605
041140,2021-03-31,-0.10055371855531917,0.02134525279546593,0.3978963934381521,G5,-5.29752511045386
041440,2021-03-31,0.1561972123192168,0.023277025047361257,0.029113608455465557,G2,6.172348825042699
041460,2021-03-31,0.47359492648190404,0.04320607671222273,0.09612358625732492,G4,10.671453356787259
041510,2021-03-31,0.7282211453058762,0.030775248619513668,0.09852674797092642,G4,23.255631824024533
041520,2021-03-31,-0.1559848948167105,0.016890484848348843,0.14841230363347455,G4,-9.976515798528444
041590,2021-03-31,0.064162349005642,0.02257137088184999,-1.3381539359826935,G1,2.2878120765592826
041650,2021-03-31,0.09557958703026294,0.024979903506654022,0.049878398968461725,G3,3.324924489419736
041830,2021-03-31,0.39242582796396014,0.02814396425691654,0.33610454936016654,G5,13.498543786451473
041910,2021-03-31,0.11103201186900137,0.019142778803248595,0.2186218670822136,G5,5.145998852300225
041920,2021-03-31,-0.04049316092739756,0.025853579376361357,0.22201232692588888,G5,-2.050642747499753
041930,2021-03-31,0.1378759626413359,0.0224864759531948,0.09182706552201385,G4,5.574580418230416
041960,2021-03-31,0.17423947055117894,0.03837250213675441,0.07253495763823588,G3,4.214376635049685
042000,2021-03-31,-0.013910533398091712,0.018375583024510502,-0.014025793886325532,G2,-1.4385300036727902
042040,2021-03-31,0.0692712421964255,0.02859730984728536,-0.023730957511291888,G2,1.9843806421590853
042110,2021-03-31,0.5423553758679681,0.04487844934368589,0.06055630176573789,G3,11.805935577069242
042370,2021-03-31,0.0668989893416393,0.02592705832419425,0.12133147488513546,G4,2.097256639919335
042420,2021-03-31,-0.16879977702777121,0.03785413613629096,0.7516291701048473,G5,-4.7900464692306866
042500,2021-03-31,0.15852179539446687,0.03044761497864041,0.05267396269310726,G3,4.795071843204815
042510,2021-03-31,0.2516535593236778,0.03989356738099309,-0.2996627549966401,G1,5.994206106520373
042520,2021-03-31,0.2763829563144683,0.02130530707429523,-0.07040142552691767,G1,12.384691817709914
042600,2021-03-31,0.10469533999710412,0.0422448557733101,-0.01760593727373364,G2,2.1818525402018416
042660,2021-03-31,0.16691666067290983,0.026256941533570482,-0.21595893933666468,G1,5.8800971300433105
042670,2021-03-31,0.3439505864906143,0.03488928575333668,0.11482492465984909,G4,9.49940032352972
042700,2021-03-31,0.45197399386806186,0.03271046832684362,0.3686236615844922,G5,13.434558483217517
042940,2021-03-31,0.2400045818692177,0.03673885338022047,-3.2513169179567276,G1,6.191845058344756
043100,2021-03-31,1.045332098981015,0.07088433533969228,0.03400197738560822,G3,14.570339129427346
043150,2021-03-31,0.18976502801931414,0.02306530927037129,0.2382007417171058,G5,7.684342395935017
043200,2021-03-31,-0.02571676337842979,0.01744681828416839,-0.8199155584720522,G1,-2.191806945726985
043220,2021-03-31,1.0422016746779024,0.06812662002881271,-0.08207941575092008,G1,15.114185616793769
043260,2021-03-31,0.023157822369662164,0.03454180828931045,-0.007588847335958245,G2,0.30787410325898185
043290,2021-03-31,0.04092224837145447,0.035397734328168944,0.03171437796851148,G2,0.8022816938090866
043370,2021-03-31,0.07285050115637014,0.025176633193277582,0.0609885805515199,G3,2.396158635493449
043590,2021-03-31,,,0.054247767680060364,G3,
043650,2021-03-31,0.0516389819522922,0.015620740197663517,0.24987208126229515,G5,2.5040867039383903
043710,2021-03-31,0.1551058753058841,0.052102865098815614,-0.7835393829041419,G1,2.736559321983969
043910,2021-03-31,0.6331512194309031,0.05741286082493086,-0.0753359007156956,G1,10.80991116617125
044180,2021-03-31,0.9084678793367915,0.08949047813761501,-0.04181967646959491,G1,10.011619156189951
044380,2021-03-31,0.5079783276394988,0.04350752127184388,0.23745872806928944,G5,11.387801902713498
044450,2021-03-31,0.0894270820183737,0.01882840063206176,0.25159783802308694,G5,4.084456741895102
044480,2021-03-31,0.10448703855379783,0.033408173493782174,-0.08006649313416621,G1,2.7527318862034407
044780,2021-03-31,0.18088009766130697,0.021957504570503834,0.15852160547216185,G5,7.66739239438978
044820,2021-03-31,0.08796960317141889,0.018630459241342334,0.04401477543747283,G3,4.049621540533527
045060,2021-03-31,0.04491482228406472,0.011634882256342894,0.07257502479293673,G3,2.7840013721461645
045100,2021-03-31,-0.04159754899641341,0.02271704782092,0.06271953526995448,G3,-2.382388923978972
045300,2021-03-31,0.325181960951374,0.035516819447244836,0.11752250441290642,G4,8.803115585789905
045390,2021-03-31,0.34510127179909855,0.02668235133734853,0.11263275702980956,G4,12.464342946265258
045510,2021-03-31,0.7707393401107802,0.05772930441782085,-0.006123152509066094,G2,13.13398894442723
045520,2021-03-31,-0.16091958259252534,0.015252768515474092,0.038506373313255,G3,-11.371239033373698
045890,2021-03-31,,,-2.4727595332433925,G1,
045970,2021-03-31,-0.07518315938219469,0.018142297675154056,0.024880482298211725,G2,-4.834363048730926
046110,2021-03-31,0.19790795283263554,0.02763572505090083,0.10140198170124824,G4,6.708152522632859
046120,2021-03-31,-0.020640907569650147,0.03717114640890501,0.14034958944242384,G4,-0.8922028210394962
046140,2021-03-31,0.15688051836155664,0.027766738212370454,0.08204478781854649,G4,5.198926252691665
046390,2021-03-31,-0.36438001658703884,0.03812433755096582,-0.050171167077486194,G1,-9.886160256577037
046400,2021-03-31,,,-0.7682033417583755,G1,
046440,2021-03-31,0.0752655205326634,0.01913106725624109,0.1648509042890708,G5,3.279598862658752
046890,2021-03-31,0.0038081137800734218,0.014913131518063656,0.09992885777992162,G4,-0.584396397699389
046940,2021-03-31,0.05847476600538967,0.02335713279469643,0.015635613191118284,G2,1.9673421516093177
046970,2021-03-31,,,0.009943693385381456,G2,
047040,2021-03-31,0.14649025417671077,0.025488117609710304,0.10176087306469583,G4,5.256055473003068
047050,2021-03-31,0.28840105749792616,0.030905824680987074,0.017970069096301715,G2,8.926400321878358
047080,2021-03-31,-0.01636081709908619,0.03248721718339552,-0.06525784985120851,G1,-0.8890915788101462
047310,2021-03-31,-0.0036542264837470875,0.025833404541562147,-0.0065485554631587685,G2,-0.6262248777688934
047400,2021-03-31,-0.04537325390975516,0.017357804270238607,0.05699762030659859,G3,-3.335476488041211
047560,2021-03-31,0.4674199693942088,0.03718911639053161,0.10207873964476259,G4,12.231983962716011
047770,2021-03-31,0.1182710012225971,0.019367178852762915,0.11179250898110803,G4,5.460150283574426
047810,2021-03-31,-0.11134822447167744,0.018646899432564663,0.029380904714060643,G2,-6.643008883986211
047820,2021-03-31,0.16468304137033363,0.023703738254947985,-0.04877825221047905,G1,6.419229980356551
048260,2021-03-31,0.4541349072235691,0.028895983382270347,0.1278742123097281,G4,15.282802708728052
048410,2021-03-31,-0.3108463859445474,0.03643670296447881,-0.9216924264278952,G1,-8.874833718556783
048430,2021-03-31,0.07330606612275366,0.02471889302753569,0.03917764045287315,G3,2.4589601135211616
048550,2021-03-31,0.880348041646554,0.06242729278706948,-0.1112118626731893,G1,13.901367635609834
048770,2021-03-31,0.04836852385848039,0.016948433564624023,0.0032502567638308584,G2,2.1149582705774095
048830,2021-03-31,0.4866389945835844,0.041318371288614146,0.04167699666738818,G3,11.474694807164061
048870,2021-03-31,0.6699020894475096,0.048921145648228234,0.18610171107369938,G5,13.437518410889274
048910,2021-03-31,0.567335987619188,0.059613935124728165,0.05474073788388381,G3,9.306761788845606
049070,2021-03-31,-0.05606590047348375,0.02373946387896123,0.1274693354483763,G4,-2.889247833937691
049080,2021-03-31,0.19757363019014304,0.034315652715554694,-0.031727961951463095,G2,5.3925926342242025
049120,2021-03-31,0.45250452601284996,0.0453191339256199,-0.43412108297572355,G1,9.708509271543512
049180,2021-03-31,0.5511323904280218,0.06616766293349356,0.014322588361270353,G2,8.140065289169144
049430,2021-03-31,0.4842966878407039,0.052693525711018506,0.40067326256288077,G5,8.953156718158384
049470,2021-03-31,0.37649467974440226,0.04600688855141145,0.018284800920757807,G2,7.911236710129335
049480,2021-03-31,0.816713512202672,0.055445942276660026,-0.056750097364959194,G1,14.504040964302428
049520,2021-03-31,-0.07075989321512242,0.016309503805903548,0.011664676733423106,G2,-5.106420668826446
049550,2021-03-31,0.02509199125616629,0.020707587528821538,-0.17985707167941548,G1,0.6069609567519973
049630,2021-03-31,0.19179886240552602,0.023010837783969378,-0.10480576119422762,G1,7.790918782312752
049720,2021-03-31,0.27387121573034917,0.02082866424950823,0.07836922396486914,G3,12.547512335980578
049770,2021-03-31,0.1539125225949587,0.016416960045693322,0.04843380871549035,G3,8.612387925887804
049800,2021-03-31,0.3033155598077793,0.0424715763314212,0.02731265073645626,G2,6.846750010429897
049950,2021-03-31,0.010971987376032766,0.025311659911205566,0.05582794132144609,G3,-0.061288226337440105
049960,2021-03-31,0.06999412196006823,0.01710715766016924,0.3101466105415672,G5,3.3594609334916616
050110,2021-03-31,-0.21047280269465204,0.019488541444011763,-0.015196930045011223,G2,-11.442421047923986
050120,2021-03-31,0.1533292881668494,0.02543310887877819,0.26613939998333375,G5,5.536326475867574
050540,2021-03-31,,,-0.035060118180235515,G2,
050760,2021-03-31,-0.09635419326147832,0.013416471712083726,0.13654797191392942,G4,-8.115210147319386
050890,2021-03-31,-0.1613837167093957,0.030473021990034613,-0.11103766691277508,G1,-5.706917117833419
050960,2021-03-31,-0.23722814306943243,0.03792859229715998,0.09675316028845835,G4,-6.584780031653861
051160,2021-03-31,0.210008930647672,0.025563584702516913,-0.024893351031640785,G2,7.725271663898574
051360,2021-03-31,-0.05709166715042311,0.021943562876542824,-0.027239167421827613,G2,-3.172454795045475
051370,2021-03-31,0.19433906036673965,0.023171269635677363,-0.038683420061755056,G2,7.846603535662391
051390,2021-03-31,-0.025083685187534895,0.01497379805122369,0.19933973173457395,G5,-2.5115190666077276
051490,2021-03-31,0.038230852045163306,0.01918285164860917,0.05820736887590736,G3,1.3401322388572066
051500,2021-03-31,0.3630160237645544,0.028840142081508875,-0.006342067608931666,G2,12.152947397288623
051600,2021-03-31,0.3374458371794921,0.028572040053654806,0.18482659147084285,G5,11.372045624032452
051780,2021-03-31,0.21484551579542133,0.031056814496522565,0.06343263080097089,G3,6.5145838347467455
051900,2021-03-31,-0.061904709420867496,0.016485043527849134,0.1740241977721159,G5,-4.514880619682867
051910,2021-03-31,0.06387584552844949,0.021259291448531864,0.14783650458361175,G4,2.4155344751317562
051980,2021-03-31,-0.6043546046905726,0.05790506844326816,-0.6794062731257502,G1,-10.653262579468304
052020,2021-03-31,-0.05393660237517502,0.026232657625330193,-1.9368030611661529,G1,-2.5334793539427185
052190,2021-03-31,,,-182975.1179532082,G1,
052220,2021-03-31,-0.17307866531656166,0.02288043739771262,0.053605242050484295,G3,-8.111818677590644
052260,2021-03-31,-0.06382045530471968,0.012829202901819154,0.12624082176914325,G4,-5.950778860278321
052300,2021-03-31,0.08113758235317883,0.02044362101148458,0.1991144208211276,G5,3.3562688428330016
052330,2021-03-31,-0.008746977748901236,0.015862276077137274,-0.02246922821497349,G2,-1.3409344133913854
052400,2021-03-31,0.03218629439755742,0.02141198783146303,0.23585170993450558,G5,0.9183173666396977
052420,2021-03-31,-0.27681337335326117,0.012117057915561216,0.08128697415676102,G4,-23.878458738678663
052460,2021-03-31,-0.015249882952484504,0.04054990004967959,-0.16317837444669775,G1,-0.6849135765095677
052690,2021-03-31,1.0070819625416605,0.057913113096207156,0.026167572633974644,G2,17.17328969644267
052710,2021-03-31,-0.12171255658720163,0.0144994695213406,-0.09909047615875315,G1,-9.257983577073475
052790,2021-03-31,0.32250639698231615,0.041962814750298914,1.0605984274046096,G5,7.387090325309053
052860,2021-03-31,0.06834502989282029,0.02385196255762591,-0.4235933927182218,G1,2.340341413848397
052900,2021-03-31,-0.01029600113935811,0.017300015275322198,-0.041266796317304975,G1,-1.3190332432570735
053030,2021-03-31,-0.25282433904462104,0.03506749874815759,0.3217262405842904,G5,-7.566768165243299
053060,2021-03-31,-0.25928344407604054,0.047594971302693294,-0.035296538569875746,G2,-5.710828912261716
053080,2021-03-31,0.003011568490839088,0.011128885599694672,0.04799805510620942,G3,-0.8546880585302193
053110,2021-03-31,-0.32711157395455326,0.020795806583430724,-0.4897109523257737,G1,-16.33189204321644
053160,2021-03-31,0.3184367018838339,0.052625553857409024,0.09261211039025619,G4,5.8130202029810665
053260,2021-03-31,-0.032365349211413666,0.04374489530733622,0.06165289285525592,G3,-1.026145862590113
053270,2021-03-31,-0.23186611119939446,0.02448706321566087,0.04813359475914499,G3,-9.980347711143269
053280,2021-03-31,0.4507036443850412,0.05240732041522049,0.0342404708064749,G3,8.361052364358908
053300,2021-03-31,0.15209498261821677,0.022754821203276352,0.47931695220607007,G5,6.1337194106571795
053320,2021-03-31,,,-6.7942964145315985,G1,
053450,2021-03-31,,,0.04428441643079696,G3,
053590,2021-03-31,0.2517140563834189,0.05444291839299078,-0.0065519718705826045,G2,4.393422860604151
053610,2021-03-31,-0.0035168136122655444,0.017499437712018232,0.39260809625925647,G5,-0.9166070358304479
053620,2021-03-31,-0.029599343335432498,0.015797045724198766,0.07636185210008363,G3,-2.6664882908171754
053660,2021-03-31,,,-0.3146949570217101,G1,
053690,2021-03-31,0.07081141094000087,0.024797217776720334,0.06347962711997854,G3,2.350590995618662
053700,2021-03-31,-0.02294896970506982,0.01979711583445065,0.023720010068351203,G2,-1.79178947677765
053800,2021-03-31,0.0435175057272296,0.015849620905926298,0.46793778031841793,G5,1.9555175353117487
053950,2021-03-31,0.023219547486680713,0.02047225206642035,0.22371354350697945,G5,0.5224756579945701
053980,2021-03-31,0.13264271718450762,0.028809514557808016,0.12779240752213286,G4,4.169435858623503
054040,2021-03-31,0.14758698833227923,0.03907163661800299,0.11401940132526109,G4,3.456822030137306
054090,2021-03-31,-0.013645134238895273,0.015677153101296214,0.01264154840664866,G2,-1.6692079351051734
054210,2021-03-31,-0.05912961665539067,0.016996102899015687,0.019415867741179937,G2,-4.215843549475534
054220,2021-03-31,,,-0.8195391821701666,G1,
054340,2021-03-31,,,-0.04783040590013463,G1,
054450,2021-03-31,0.18878036661115655,0.039031960320356475,-0.043554987962213874,G1,4.51571151043586
054540,2021-03-31,0.09360059776578432,0.02028041093498327,0.009351923220161762,G2,3.9978136492432057
054780,2021-03-31,-0.19086469177415818,0.023366963375813548,-0.20037827400437222,G1,-8.704082880633353
054800,2021-03-31,0.07607428243623868,0.015132364730460288,0.06570499368549444,G3,4.199673312834468
054920,2021-03-31,0.2227843154543867,0.034685808816552026,0.3347414637639595,G5,6.061874539203576
054940,2021-03-31,0.31158534304165786,0.046235199398960244,-0.1119184528392873,G1,6.468276395726678
054950,2021-03-31,-0.08039768602915909,0.019687977245912678,0.07826113816994186,G3,-4.719681406889933
055490,2021-03-31,0.1473442666876743,0.022511266039234798,0.172993636008533,G5,5.989044433798095
056000,2021-03-31,,,-0.5223199445901938,G1,
056080,2021-03-31,0.04748912984791287,0.01985584833580499,-0.15968345392633695,G1,1.760984226859439
056090,2021-03-31,0.12049705374626836,0.020441488877690598,-0.002873830341879518,G2,5.282088808436139
056190,2021-03-31,0.012625667021861686,0.016522303260278714,0.10291491447192072,G4,0.006196043166739278
056360,2021-03-31,0.0028442040968163036,0.009672522579024415,0.043232530091515016,G3,-1.0006789792169175
056700,2021-03-31,0.09874395785297319,0.02130474429708844,0.007989221693567538,G2,4.047017064978774
057050,2021-03-31,0.01996178104602866,0.01898958526890843,0.1022763510007128,G4,0.39171402761284224
057540,2021-03-31,0.3054143309235199,0.03601428896492903,-0.10843191581232293,G1,8.132634163375881
057880,2021-03-31,0.49846879748994255,0.07116324108680869,-0.010992807110692228,G2,6.828602744210505
058110,2021-03-31,0.09395811244128702,0.03175778253516832,0.10908594976101878,G4,2.5642476213022647
058220,2021-03-31,,,-0.6697644031565009,G1,
058400,2021-03-31,-0.07542758337541904,0.025571006212189412,0.09320105810532579,G4,-3.4394765995223477
058420,2021-03-31,,,-0.3075570385879861,G1,
058450,2021-03-31,,,-0.4741450396640974,G1,
058610,2021-03-31,0.3554440008573456,0.028865708337507283,0.06396992349827062,G3,11.879864603707547
058630,2021-03-31,0.11709396734464851,0.030980324055207783,0.4432308731783025,G5,3.3753899100814335
058730,2021-03-31,0.25546297789765154,0.023636085847118442,-0.07930607371982369,G1,10.278338188115107
058850,2021-03-31,0.07461748167607167,0.01886027964303085,0.04481253614459144,G3,3.292325921655639
059090,2021-03-31,-0.01667289248218029,0.01919167156771409,0.2140748022452416,G5,-1.5212946145318427
059210,2021-03-31,0.2168245748246535,0.018608141647018017,0.13309776349727617,G4,10.979134003945314
060150,2021-03-31,-0.05561916612169651,0.015398218166723845,0.1552820028687495,G5,-4.425347108446749
060250,2021-03-31,0.07226555277980234,0.022861748275150834,0.06177794125434424,G3,2.6131972910877983
060260,2021-03-31,0.03849835787141926,0.01913037141578573,-0.11474677251786507,G1,1.3577919209837443
060300,2021-03-31,,,1.0117544410809913,G5,
060310,2021-03-31,0.34234316305641327,0.02572110957188687,-0.08023305743783728,G1,12.822925388073415
060380,2021-03-31,0.6678079465724108,0.05937455500327196,0.0862983339849459,G4,11.036455808698742
060540,2021-03-31,0.3751894716943418,0.03215694352687501,0.04921780522788551,G3,11.278005239322521
060560,2021-03-31,0.1692546937516767,0.02131310147898527,0.0009169405916077073,G2,7.3537584282872634
060570,2021-03-31,-0.1582594620719471,0.019484858751177395,0.03973874577955425,G3,-8.764895777305771
060590,2021-03-31,0.42294278859884166,0.03518262891716829,0.050597097611393776,G3,11.665401566422446
060720,2021-03-31,0.006354668085442052,0.020517875772801,0.12961369198669204,G4,-0.30064642658487445
060850,2021-03-31,-0.027081213730457784,0.013623897240849156,-0.1268127624197927,G1,-2.906988150890981
060900,2021-03-31,-0.09205097262607649,0.03161206136380618,-0.38956457353426427,G1,-3.3080495934837857
060980,2021-03-31,0.12942614698091054,0.015005780237717488,0.1654145972046705,G5,7.790521453154738
061040,2021-03-31,-0.08585299126906942,0.01737299940419639,0.15239104645596707,G4,-5.662596486531508
061970,2021-03-31,-0.011610224600740928,0.022771126090615733,0.10185266822059423,G4,-1.059829831091827
062860,2021-03-31,-0.38168075346092806,0.027873978375865187,-0.1975868092570186,G1,-14.14236756099009
063160,2021-03-31,0.06670019095356731,0.041303910137675315,-0.08311291520108244,G1,1.3116650858317378
063170,2021-03-31,0.26649950439210035,0.03802895341953203,0.15151198894154516,G4,6.67849592053219
063440,2021-03-31,-0.09404937321225665,0.04929505722974462,0.047159845677823865,G3,-2.161934143482397
063570,2021-03-31,0.1357532105603944,0.01873928073867482,-0.0051911745722214965,G2,6.5760216820072985
063760,2021-03-31,0.07280213247812704,0.020017572775889572,0.04176681713199899,G3,3.0112960764695527
064090,2021-03-31,-0.16437944199979349,0.03316736932648525,0.27585767526977545,G5,-5.333637840736974
064240,2021-03-31,0.2345164062275163,0.03173169418204349,-0.23818592988855608,G1,6.995942631877877
064260,2021-03-31,-0.10214248981062223,0.024277962559790214,0.4517336045066857,G5,-4.7230398204082285
064290,2021-03-31,0.16050783696320048,0.03105895995294842,0.14588601078001384,G4,4.764632913327972
064350,2021-03-31,0.2201337159378693,0.02183266547194341,0.009646545195828504,G2,9.509165158373218
064520,2021-03-31,,,-0.025778000383348296,G2,
064550,2021-03-31,0.9204889233560537,0.04836030630537443,0.40647932038457735,G5,18.775018162726184
064800,2021-03-31,0.16217422850873814,0.027338627670527624,0.14442006412072697,G4,5.473973902224145
064820,2021-03-31,-0.057603274123092914,0.02445677813198449,0.11040873236777317,G4,-2.867367396567607
064960,2021-03-31,0.0073758162992190734,0.02116711960032921,0.15519522738589162,G5,-0.24318272469854188
065060,2021-03-31,0.07333185651644479,0.03569428559253663,-0.0920163418299677,G1,1.7035937654825146
065130,2021-03-31,-0.07692507220734732,0.010160137174320514,-0.008035950673194242,G2,-8.803854199042982
065150,2021-03-31,-0.27033827657624065,0.029011963021549847,1.215171005628961,G5,-9.749825287030058
065170,2021-03-31,0.1803363162510878,0.024496072721112958,-0.00886941738669623,G2,6.850609240264221
065350,2021-03-31,0.6989918642451851,0.03915935404049228,0.0690592524071479,G3,17.530130078695965
065440,2021-03-31,1.4041123145598045,0.08052392399555688,0.07128650198996823,G3,17.281684142950386
065500,2021-03-31,-0.1891696955737515,0.03128947217447907,0.014715414879687036,G2,-6.4460336232807185
065510,2021-03-31,0.13065181981414942,0.016782454539810292,0.07157017397888787,G3,7.038811004450228
065560,2021-03-31,,,-0.3204745434471824,G1,
065680,2021-03-31,0.024587320190406024,0.024337548505811695,0.10963216625831486,G4,0.49569602582931255
065690,2021-03-31,0.2070791550306101,0.028641844197246424,0.04055705813818761,G3,6.792714169280599
065710,2021-03-31,0.10184636486245568,0.020066225522611062,0.34135964342641095,G5,4.451413677383295
065770,2021-03-31,0.861438584214073,0.0748146221979876,-0.030649332876394614,G2,11.346916754453122
065940,2021-03-31,,,-0.3708872866807541,G1,
065950,2021-03-31,-0.024668429828689404,0.01288178883010995,0.05471291562573724,G3,-2.8871552264080242
066110,2021-03-31,,,-5.554654096646597,G1,
066310,2021-03-31,0.01486542520082948,0.014575761548038402,0.245465362009698,G5,0.16068670411925337
066360,2021-03-31,-0.0010580364293316952,0.020170944152976347,0.004170799636712678,G2,-0.6733115933482334
066570,2021-03-31,0.0660872919098412,0.020364232324718658,0.07940787946249021,G4,2.63029791342425
066590,2021-03-31,-0.08243092628425408,0.01890717004466524,-0.002927771524763389,G2,-5.022127593795719
066620,2021-03-31,0.05980106290316074,0.02650201301082352,0.10633414709579296,G4,1.7839312344388814
066670,2021-03-31,0.22524578010186858,0.03754014475720552,0.08977413235536719,G4,5.6665334499913245
066700,2021-03-31,-0.07062389628276759,0.014640900036860053,-0.011423874906839573,G2,-5.679103756673603
066790,2021-03-31,-0.4119910920391781,0.020065717047892846,-0.013231045183033478,G2,-21.156203147068922
066970,2021-03-31,0.3993094176795475,0.03375933329545988,-0.02685827997586237,G2,11.457161199741979
067080,2021-03-31,0.002065457603117736,0.015911447112065966,0.0660553397914509,G3,-0.65725238194073
067160,2021-03-31,0.567093485821296,0.032098166983476624,0.32907268690943275,G5,17.277316551724855
067170,2021-03-31,0.024623374921796587,0.017874039351783572,0.011280666521697425,G2,0.67696397921056
067290,2021-03-31,-0.11888179988944089,0.013204984643362469,-0.009223318858758246,G2,-9.95117355726265
067310,2021-03-31,0.3311140716749992,0.03132462843324051,0.09282067723388464,G4,10.170616332651392
067390,2021-03-31,0.156176370831189,0.02923932185764394,-0.15622826077714927,G1,4.913009864351118
067570,2021-03-31,-0.05326704631615321,0.019231796285579864,0.012065771457414895,G2,-3.420915002262701
067630,2021-03-31,-0.09974418859618081,0.022525140207239752,-1.4605346618768995,G1,-4.984096954821362
067770,2021-03-31,0.014821826492411767,0.02314371708890921,0.10529665071247746,G4,0.09931560975856439
067900,2021-03-31,-0.1729564298133996,0.013815191593387413,0.2680335153718519,G5,-13.425780068068384
067990,2021-03-31,0.243511884691036,0.02306608507722785,0.020404461956423488,G2,10.014208731131145
068050,2021-03-31,-0.22393567735536168,0.027410394386300517,0.23006709557883406,G5,-8.626616900893222
068060,2021-03-31,,,-0.0877760920334978,G1,
068240,2021-03-31,0.05124774633349373,0.016135103591988328,0.06317967053253465,G3,2.400012618144875
068270,2021-03-31,-0.22749410183547875,0.021330126715464057,0.5655623971465937,G5,-11.252506801992713
068290,2021-03-31,-0.06966469993911012,0.026841322697391878,0.015421349832795675,G2,-3.0619949315963937
068400,2021-03-31,0.35619113788809026,0.024364610025263293,0.03222014743240039,G2,14.105206010442986
068420,2021-03-31,,,-0.29604364260447524,G1,
068760,2021-03-31,-0.04104834136553529,0.029136890525063817,0.09778843827134273,G4,-1.8386188271222534
068790,2021-03-31,-0.0033392063622003226,0.015249943764789258,0.2784047234058246,G5,-1.0401678015674027
068930,2021-03-31,0.0824976154162127,0.015910039493402185,0.07031933108792156,G3,4.398123670754159
069080,2021-03-31,-0.30848977264553124,0.033536949496082304,0.549183470769538,G5,-9.57192206168537
069140,2021-03-31,0.24968712100980744,0.04104860390117193,-0.03126307076007104,G2,5.777634422431341
069260,2021-03-31,0.12572787157255141,0.01468581784223434,0.1673490442471077,G5,7.708428544533896
069330,2021-03-31,0.34591890566259803,0.050696432553036824,0.04177868113486702,G3,6.576313061006102
069410,2021-03-31,0.5525630770285997,0.050779869110852555,0.11059502303499362,G4,10.634918765388008
069510,2021-03-31,0.0806240210322592,0.011125638191584384,0.05700974361338315,G3,6.1210625172158375
069540,2021-03-31,,,0.009718734012812784,G2,
069620,2021-03-31,0.2790669844581742,0.027442609648382587,-0.10208672338948796,G1,9.712767617792382
069640,2021-03-31,1.1372639536363673,0.07070478295282881,-0.012708297942220252,G2,15.907561165545179
069920,2021-03-31,0.02832806441370042,0.026334767886046793,-0.2906756639470144,G1,0.6001484563844353
070960,2021-03-31,0.2289123465532667,0.018919172760173745,-0.11653156929475794,G1,11.437553595955029
071090,2021-03-31,0.30122362218572535,0.04517510120095634,0.06975386563934803,G3,6.390695768091974
071200,2021-03-31,0.17010999280159067,0.017088745335213762,0.22664957607469258,G5,9.221665815290375
071280,2021-03-31,-0.05459817754851849,0.01219889197503934,0.07021452009211238,G3,-5.502259697315589
071320,2021-03-31,0.10651486156438324,0.013163027363004998,0.13874664674349807,G4,7.14057373388904
071460,2021-03-31,0.28208992514238457,0.04128845724854544,-0.009955446307867,G2,6.528861793067702
071670,2021-03-31,0.09842552699315271,0.022937934028927298,0.02660146619193757,G2,3.7449856106122437
071850,2021-03-31,0.3548233362662636,0.043185536948483205,0.0029636711974137986,G2,7.926265743944608
071950,2021-03-31,0.348890816160623,0.03162719113700268,0.020407157301076385,G2,10.63539030658458
071970,2021-03-31,0.6370894547458928,0.07177581591290454,-0.21533558917485363,G1,8.701623975770861
072130,2021-03-31,0.21978032189960403,0.041290797590099244,-0.18483342314015358,G1,5.0194483971812
072470,2021-03-31,0.05721490916303883,0.01353433239822335,0.04773509713395601,G3,3.302092318292585
072520,2021-03-31,0.10997362243049515,0.03067262548964805,-1.5791240441993994,G1,3.177110754530531
072710,2021-03-31,0.052769567199469694,0.012381895556006836,0.09579237709805062,G4,3.2504129032406475
072770,2021-03-31,0.3456387610760351,0.041990825120162216,0.03278116174795664,G2,7.933053613619993
072870,2021-03-31,0.18656897828348362,0.03851469903027719,0.2087678062378596,G5,4.5189418208621
072950,2021-03-31,0.2599528547352572,0.025515368265844083,0.03584498233001121,G3,9.69727569830256
072990,2021-03-31,0.29651385645393413,0.023900718333641373,0.21532151841016464,G5,11.882093181130761
073070,2021-03-31,-1.4815370648932533,0.14937980662555922,-1.615891237702633,G1,-10.001755878262486
073110,2021-03-31,0.06530149218743433,0.01850387325471013,0.010560559056517116,G2,2.852278403731105
073190,2021-03-31,-0.022109858764927402,0.023043634582821253,-0.023052031287228266,G2,-1.5029379483561605
073240,2021-03-31,0.6374476413790277,0.041521053987695976,-0.025005434882074604,G2,15.050782368062375
073490,2021-03-31,-0.05388318833688411,0.01961716236267147,0.11064212045967295,G4,-3.3851217228488037
073540,2021-03-31,-0.04596686595570324,0.02122147297743496,-0.348791942806477,G1,-2.7561781472729794
073560,2021-03-31,0.10227599963135364,0.0228788483085611,0.14280305110484273,G4,3.9229555746528453
073640,2021-03-31,-0.012856265129877005,0.029213843561853647,-0.057361480371138106,G1,-0.8687511177291212
074430,2021-03-31,0.23596093085930295,0.043734349358506494,0.1972922346604944,G5,5.1089736104235985
074600,2021-03-31,0.2832915841764885,0.026635196170779345,0.1462084510150141,G4,10.165807990402302
074610,2021-03-31,-0.16187070503397716,0.030659566168116794,-4.081486898024251,G1,-5.688077848047907
075130,2021-03-31,0.6768744398132982,0.0506860997312121,0.3482873144084839,G5,13.107166446396523
075180,2021-03-31,0.16124444063540774,0.013792313773335564,0.18630139743877633,G5,10.782900459042677
075580,2021-03-31,0.062438506359501794,0.026443024353576032,0.6416476945448255,G5,1.8876514113675673
075970,2021-03-31,-0.03092317728217174,0.02882988592617464,0.04985648909149444,G3,-1.506994218120501
076610,2021-03-31,-0.0948821806772779,0.05172072130303857,-0.08705094048832597,G1,-2.076643018290909
077360,2021-03-31,0.29629929816609735,0.024049224918606706,0.5210375046042585,G5,11.79979833066865
077500,2021-03-31,-0.02801198736977982,0.01695381781499142,0.09193160222407704,G4,-2.390923503470913
077970,2021-03-31,0.5862149183621266,0.06378661933404228,-0.06701675931813986,G1,8.993918007162765
078000,2021-03-31,0.06620341243813774,0.013030542637860212,-0.49044488283461024,G1,4.1195612348885025
078070,2021-03-31,-0.04493820504021621,0.020156404614381486,0.3115777150135986,G5,-2.8507811912480054
078130,2021-03-31,-0.08902584804393984,0.020955817410747916,-0.1747399325641517,G1,-4.845868818722571
078150,2021-03-31,0.04087146124512849,0.03640761574207406,-0.05380673941461748,G1,0.7786328917639395
078160,2021-03-31,-0.1490155274178048,0.018211941783189637,-0.43624997698911816,G1,-8.869939485780629
078350,2021-03-31,0.532255578080355,0.027132370134484624,0.10961408255133928,G4,19.15543247370564
078520,2021-03-31,0.22580962026674356,0.03083186970854452,-0.0554613473961848,G1,6.917722738364708
078590,2021-03-31,,,1.104777535544349,G5,
078600,2021-03-31,0.36162453488637775,0.029256474406196067,0.12520469579463872,G4,11.932443941187818
078650,2021-03-31,0.5441759840500813,0.06982152105272421,-0.8470196391957968,G1,7.614452992666375
078860,2021-03-31,0.1503821255184584,0.05555990089085146,0.08878377525385063,G4,2.481264890512274
078890,2021-03-31,0.4787633182844931,0.042313258561232504,0.060179608766214775,G3,11.018769057744377
078930,2021-03-31,0.10641527876313023,0.019634588778952376,0.193016847202134,G5,4.781968479326252
078940,2021-03-31,0.02698818913263823,0.02692461311970701,-0.13309222440028473,G1,0.5372368750733824
079160,2021-03-31,0.07115567221202485,0.023267956227350492,-0.6248957264031049,G1,2.5198765856993464
079190,2021-03-31,,,0.07123683658848387,G3,
079370,2021-03-31,0.02813577999257115,0.024107769383129394,0.0339265988177604,G3,0.6476122127603278
079430,2021-03-31,0.08424104009843171,0.017143692022081696,0.029971844238540022,G2,4.183331448582349
079550,2021-03-31,0.09225006517002686,0.026220366167661633,0.07959193411756384,G4,3.0406429316272954
079650,2021-03-31,0.1510231003207258,0.02196828412937731,0.04889655301815136,G3,6.304534545684818
079810,2021-03-31,-0.17762176837759217,0.019335376880343466,0.06846125501531344,G3,-9.834049973369929
079940,2021-03-31,0.0805159701519509,0.0374428053522943,0.16274193112992352,G5,1.8159076328434784
079950,2021-03-31,0.14203055829120118,0.019368566646262853,0.04991479244224275,G3,6.686466094203333
079960,2021-03-31,0.05840743282612047,0.018073128828709498,0.09145817990992826,G4,2.5388043843070287
079970,2021-03-31,0.021674821547194252,0.033124470916524665,-0.010391543529229781,G2,0.27627693896181826
080000,2021-03-31,0.09525062368196138,0.017391053819980285,0.16305268088842614,G5,4.7568899746184625
080010,2021-03-31,0.07496350407789407,0.01815876345161312,0.058022351003712294,G3,3.438571691658894
080160,2021-03-31,0.12531270342464854,0.02309350806476489,-1.6200271068733292,G1,4.884031000863436
080220,2021-03-31,-0.006905659387722838,0.022186600405684757,-0.06602270184717704,G1,-0.8757066495140778
080440,2021-03-31,,,-2.4573294951754647,G1,
080470,2021-03-31,0.06312338682430739,0.01723647210985749,0.07153293663182639,G3,2.935640912140153
080520,2021-03-31,0.061333662950766955,0.023536066569072884,0.22020801149224417,G5,2.073854128933262
080530,2021-03-31,0.2190258900006063,0.04098762717516041,0.011749103940059482,G2,5.038169079670591
080580,2021-03-31,-0.22679126376166128,0.030321152843606432,0.012465990245003899,G2,-7.892660253179344
081000,2021-03-31,0.17317062339251044,0.01916881284529177,0.041241367905100655,G3,8.380661367577673
081580,2021-03-31,0.11988242816886982,0.01322687293424908,0.0016726976604127311,G2,8.116743434741236
082660,2021-03-31,0.03715684349570807,0.0371095125767645,-0.3946269978611749,G1,0.6638068696565125
082740,2021-03-31,-0.061066721535424084,0.029356771368439737,-0.07745976378957149,G1,-2.506747582337503
082800,2021-03-31,0.06342060809514131,0.019119568452971497,-0.4445622418846923,G1,2.662053492613427
082850,2021-03-31,0.3121821535769063,0.04899213600941982,0.03706164608450268,G3,6.1164685573546596
082920,2021-03-31,0.12982329521538488,0.014317293808609905,0.26568691067923106,G5,8.192889149707735
083310,2021-03-31,0.03819040466265269,0.016523414596660846,0.17130658121034822,G5,1.553378110490105
083450,2021-03-31,0.36063171883145834,0.029406923074286818,0.17423833788884074,G5,11.837635098185249
083470,2021-03-31,,,-0.03373466308096541,G2,
083500,2021-03-31,0.10832108393433951,0.03333099038875928,0.06893491675102298,G3,2.87413571272097
083550,2021-03-31,-0.07513730788747822,0.01586682501972644,0.12157036150210387,G4,-5.524772718936597
083640,2021-03-31,0.11853532342770691,0.03149449437457602,0.07788316402607103,G3,3.366049572005139
083650,2021-03-31,0.37728263191190536,0.054956534802223185,-0.07421060779132867,G1,6.637233208151663
083660,2021-03-31,-0.07468762927572918,0.06052054610940721,-0.21175709988503286,G1,-1.4410134904552738
083790,2021-03-31,-0.19642707146258803,0.018366598899637265,0.0754732801767924,G3,-11.376649902468431
083930,2021-03-31,0.03601020076344806,0.02408016983235909,0.13550600726114512,G4,0.9753629982392882
084010,2021-03-31,0.3197723178448541,0.03472261566733745,0.08117070203605642,G4,8.848671617104793
084110,2021-03-31,0.9359614968737126,0.0684256068379607,0.14925588080034194,G4,13.495506220980515
084650,2021-03-31,0.8273131298452758,0.05233566985748098,0.48195110757685694,G5,15.568537441986344
084670,2021-03-31,-0.008190283117487094,0.010342431141467798,-0.3445832916214375,G1,-2.0027764218882163
084690,2021-03-31,0.0474223809296486,0.019319923521011455,0.05694424108231973,G3,1.8063781036217315
084730,2021-03-31,0.01283354861541494,0.019593307673997626,0.03840229130392566,G3,0.015834717799059407
084850,2021-03-31,0.08191773789336532,0.02024944362947399,0.03450774692772777,G3,3.4269802689645994
084990,2021-03-31,0.15964627896117703,0.042359756863388394,3.7417328710132263,G5,3.473178217665565
085310,2021-03-31,-0.10924699701034686,0.017577157812736968,-0.022641051620170237,G2,-6.927757742480714
085370,2021-03-31,0.538715831781208,0.033878002911826945,0.11971353043425258,G4,15.531982184223292
085660,2021-03-31,0.3511032790866454,0.026198400869859754,0.03858356434251215,G3,12.923688993495842
085670,2021-03-31,0.5265118252094131,0.03696348515420143,-0.041863718178056605,G1,13.905304896103496
085910,2021-03-31,0.26681482310996424,0.025011624415390035,0.13857650515961384,G4,10.166933773235765
086040,2021-03-31,0.07559417277720258,0.025777018567250867,0.1176696209202951,G4,2.446787183514144
086060,2021-03-31,0.0706994140237349,0.029092596038615887,-0.03527926009833864,G2,1.9996881622000364
086280,2021-03-31,0.04885818652002302,0.01709977414215563,0.0332319907502588,G2,2.124875574397238
086390,2021-03-31,0.07101933187827437,0.01821048821663871,-0.030617649554406025,G2,3.212216886485239
086450,2021-03-31,-0.09985494875139858,0.011370371011368313,0.14504218767055452,G4,-9.883427968769684
086670,2021-03-31,0.13833157819836792,0.03193557710323302,0.1944831707786908,G5,3.9394398189217186
086710,2021-03-31,-0.06827575519490811,0.01692486806141985,0.09486803871835978,G4,-4.77398399912707
086820,2021-03-31,0.06847040667685911,0.019070209879295356,-0.021672085861300913,G2,2.933743934300072
086900,2021-03-31,0.09794093337188448,0.026171690699238644,2.268626698992366,G5,3.263741736666722
086960,2021-03-31,0.4356346884333149,0.036200519346732775,0.025627972044850147,G2,11.687992381077681
086980,2021-03-31,-0.09365287984812062,0.0220666339343376,-0.13542528372122525,G1,-4.811616229358313
087260,2021-03-31,-0.0797689684324419,0.014406402590244533,0.06345406574314981,G3,-6.40633648629157
087730,2021-03-31,,,-2.393875297578642,G1,
088290,2021-03-31,0.12173849584689549,0.030507964733832924,-0.5615737306462496,G1,3.5798914375999082
088390,2021-03-31,0.7346175674290915,0.04566586508647913,0.26216645748726514,G5,15.812560912707728
088790,2021-03-31,-0.17107381649057452,0.03362773363599324,0.07892073493167696,G4,-5.459693257820668
088800,2021-03-31,-0.04034512746409798,0.03419542611566505,-0.27725592713757286,G1,-1.5460670501054468
088910,2021-03-31,-0.0399535627740693,0.010706530117450156,0.013508929420734514,G2,-4.901387874133596
089030,2021-03-31,0.2747934814450074,0.02895574255921879,-0.07612505133048998,G1,9.057622569719252
089230,2021-03-31,-0.05211670794038918,0.037909989990567355,-0.20690421867350164,G1,-1.705091509497094
089470,2021-03-31,-0.05823139485440412,0.013335014721730853,0.035990568580151844,G3,-5.305932572893881
089530,2021-03-31,-0.1643114091151598,0.040923818463787884,-0.12654377400522457,G1,-4.321070463873794
089590,2021-03-31,-0.014585596518270601,0.022057200493751022,-2.4862007271622613,G1,-1.2290268043579602
089790,2021-03-31,0.08307414990350968,0.02016660433411247,0.14294335332208874,G4,3.4984003562029313
089850,2021-03-31,0.30376030435955476,0.03707906410733587,0.036575803461918924,G3,7.8544865479570785
089970,2021-03-31,0.04761734064218133,0.021108426229085365,0.3508522037153466,G5,1.6625610144340413
089980,2021-03-31,0.05874299545544621,0.027132368542911612,0.06987713321830395,G3,1.7034893678633214
090080,2021-03-31,0.4612990232002857,0.037477466586940816,0.0012934766553983307,G2,11.97454817394238
090120,2021-03-31,,,0.09962740400321556,G4,
090150,2021-03-31,0.9590723386474049,0.06926753626818745,0.07876742004578995,G4,13.665117824675397
090360,2021-03-31,0.10509324092514045,0.027089624140302453,0.02426923946669142,G2,3.4171735395092817
090370,2021-03-31,0.03635443195651039,0.02379937316705127,-0.06690254643911098,G1,1.001334685228435
090410,2021-03-31,0.5048050439603918,0.03719974094693834,0.04558301139514639,G3,13.233472527266649
090430,2021-03-31,-0.1425377544298595,0.01674837788446986,0.1447048555636649,G4,-9.258272628974344
090460,2021-03-31,0.08433859267447978,0.02172329210284765,-0.03396807031523013,G2,3.305912299886566
090470,2021-03-31,0.10284210539811531,0.014394420297369133,0.042297943334394385,G3,6.274570938919703
090710,2021-03-31,-0.017680000527600975,0.02860016378945807,-3.4428750943956277,G1,-1.0560532054148883
090740,2021-03-31,-0.4060170500166875,0.04682668327464484,0.12006845543156704,G4,-8.938073655132452
091090,2021-03-31,0.1458338670272894,0.02741613911904911,0.15471482441472667,G5,4.862485280322215
091120,2021-03-31,0.23777525891465773,0.031029764373688817,0.14233111273323715,G4,7.259222534993189
091440,2021-03-31,-0.07125348317564886,0.016799128856596283,-0.9764223700935246,G1,-4.9869715274194375
091580,2021-03-31,0.25480679163451186,0.022310779918847664,0.14315296411021688,G4,10.859481308951866
091590,2021-03-31,0.20655226484775677,0.025876066363513535,0.10834338098822428,G4,7.498395158071617
091700,2021-03-31,-0.04318033008862339,0.01053696843679722,0.053106541511791665,G3,-5.286494359396782
091810,2021-03-31,0.3761725474845361,0.04030677259882601,-1.7759348721850212,G1,9.02203847939641
091970,2021-03-31,0.05256346013575552,0.024574371972628923,0.12954062382845152,G4,1.6293464615374684
091990,2021-03-31,-0.2135379827488631,0.02300944066962075,0.09831270632944648,G4,-9.824718475880976
092040,2021-03-31,0.06915034012630455,0.026439304932503346,-0.06877345595732741,G1,2.141775139445616
092070,2021-03-31,0.33022007966027117,0.02850647451930183,0.08113977762738804,G4,11.144723818005295
092130,2021-03-31,-0.05424773939954,0.0063500832590494966,0.34445508487314985,G5,-10.514985519604286
092190,2021-03-31,0.06235062106607722,0.019379480829956285,0.11266568471795957,G4,2.5711383801060568
092200,2021-03-31,0.8658858906354973,0.05171887774579232,0.08637036801200987,G4,16.500021533960624
092220,2021-03-31,0.030570241380078373,0.026248041544920546,0.2668346528257419,G5,0.6875540497581897
092230,2021-03-31,0.1436523065050575,0.022455781973487778,0.03567045660202618,G3,5.839432024332387
092300,2021-03-31,0.3435115467042434,0.04802009719783404,0.007851031055774938,G2,6.892702678692739
092440,2021-03-31,-0.1391002483332615,0.022624604283839514,0.1285634804397998,G4,-6.701710250871059
092460,2021-03-31,0.11698351836053189,0.03887328198121659,-0.2346661661414221,G1,2.687198479751712
092600,2021-03-31,0.08959529657714609,0.022478515426128273,-0.09936164599724867,G1,3.4286962905883516
092730,2021-03-31,-0.04397980545395505,0.018635743396656777,0.31467585798927233,G5,-3.0319745431641145
092780,2021-03-31,0.15697891825203708,0.02345492428578309,0.053381065619523216,G3,6.158861242709277
093050,2021-03-31,0.14220476949510755,0.022681149923802508,0.05840610952720033,G3,5.7175882092894925
093190,2021-03-31,0.17775168049035495,0.017779258329732643,0.15732165530246378,G5,9.293322775809655
093230,2021-03-31,0.544172713780687,0.08193502275887518,-0.12811457124455083,G1,6.488671166024077
093240,2021-03-31,0.11171997211354778,0.02855794300784248,-0.0182408367005333,G2,3.473523214492714
093320,2021-03-31,-0.15664599436808443,0.015555255158522099,0.27514657962115224,G5,-10.875378562533603
093370,2021-03-31,0.2516526561545117,0.023140239332263387,-0.07787170396193505,G1,10.333919135549191
093380,2021-03-31,0.28606666316297225,0.03107469520262182,0.010783468158966738,G2,8.802769174780062
093520,2021-03-31,0.2034322904980134,0.028209558655488763,0.1627414844493765,G5,6.767528649131169
093920,2021-03-31,-0.04642373407261936,0.010647904705970651,0.06460681686971746,G3,-5.536021388058887
094190,2021-03-31,,,-0.4682358564897609,G1,
094280,2021-03-31,0.15235390843373028,0.016692293464687483,0.037814666712401274,G3,8.376956384806835
094360,2021-03-31,-0.09949550722944536,0.02424339411191897,0.17086920953943124,G5,-4.6205906990564385
094480,2021-03-31,-0.14056259629860826,0.026970070448954497,0.038867235700001966,G3,-5.6761398048995355
094820,2021-03-31,0.7377057386747573,0.054347035517899656,0.10484994583545527,G4,13.343551081424952
094840,2021-03-31,0.11170889203296719,0.04087107143734932,0.5584150586695976,G5,2.4267922133472895
094940,2021-03-31,0.35204900440419173,0.02782641868608081,0.11649233307369983,G4,12.201559752149512
094970,2021-03-31,0.2867438240470575,0.024703589048064908,0.2434674330704401,G5,11.100432791197635
095190,2021-03-31,-0.0713767012325894,0.01482648494213539,-0.024831109005719443,G2,-5.658792065528698
095270,2021-03-31,0.42377120422882375,0.06666467995421758,-0.4124944989558098,G1,6.168902489198238
095340,2021-03-31,0.21044717947550712,0.02765853723393323,0.214174825542345,G5,7.1559780506047375
095500,2021-03-31,0.08133275783084354,0.025866471494838072,0.08785466567196024,G4,2.6601797514952183
095570,2021-03-31,0.2937035024003404,0.026919736186068084,-0.011498241245861743,G2,10.445132386855041
095610,2021-03-31,-0.1334539275470074,0.018434597105135224,0.24446187724444138,G5,-7.9186553865064075
095660,2021-03-31,0.11804074729511753,0.018606749612445437,0.35084445960709193,G5,5.670923475365809
095700,2021-03-31,-0.08834152999989389,0.03205154334802326,0.6465078348187866,G5,-3.146956857032648
095720,2021-03-31,0.2700053117320834,0.037601998159349635,0.023097125808090948,G2,6.847562103569068
095910,2021-03-31,-0.17232961422103507,0.022462183751316263,0.012843742180629322,G2,-8.22951634557125
096040,2021-03-31,0.21698075800002697,0.07388315082521175,-0.020589234216329647,G2,2.7673083998010983
096240,2021-03-31,0.3112644115843593,0.02858426876689892,0.17330868297954347,G5,10.451242251565297
096530,2021-03-31,0.16502353365132208,0.04942078323583443,0.5697175240333402,G5,3.085751166790471
096610,2021-03-31,-0.20674555371728037,0.02080767540102947,-0.18453146101694787,G1,-10.537882949869497
096630,2021-03-31,-0.03525800351212131,0.031230749886613417,-0.01250032759813056,G2,-1.5299439751925097
096640,2021-03-31,0.2756803967024059,0.03308301976551466,-1.0958296761201314,G1,7.954446252184956
096690,2021-03-31,0.6036118365139573,0.07329779181623222,-0.4731325899926708,G1,8.064206680035486
097230,2021-03-31,0.09326455522346994,0.024466611247970747,-0.14796180455620203,G1,3.3000590186971457
097520,2021-03-31,-0.14350011963800902,0.019025364153098443,0.059152000764038794,G3,-8.20081090170599
097780,2021-03-31,-0.0856381201816873,0.013176004076264042,0.11802124746706913,G4,-7.450013959556036
097870,2021-03-31,0.4831901207305032,0.04866558545019627,-0.09593407601027687,G1,9.671451031746663
097950,2021-03-31,0.14033450214509618,0.015799986284021985,0.05047095374665125,G3,8.08932398610374
098120,2021-03-31,0.37618933217417044,0.031615258258725465,0.16222103118757913,G5,11.50286469528224
098460,2021-03-31,0.0977689081680073,0.029883836809073583,0.23485589530541512,G5,2.852565906947975
098660,2021-03-31,0.186362704869902,0.03662778018937004,-0.0010698302492518211,G2,4.7461082777466785
099190,2021-03-31,0.3069550285724143,0.0266452867237625,0.17669161652397616,G5,11.050049395497423
099320,2021-03-31,-0.13523888930111438,0.02198567104402365,0.07424693397771727,G3,-6.72084027469007
099440,2021-03-31,0.20075402377569873,0.016569881543609676,-0.01587362431243975,G2,11.359811424279286
099520,2021-03-31,,,-0.04142939123165714,G1,
099750,2021-03-31,0.8458626442759735,0.033169793056815,0.0332738227304168,G2,25.123441341070112
100030,2021-03-31,-0.06964670809574972,0.020058746538948728,-0.05141935880693644,G1,-4.0964674464500845
100090,2021-03-31,-0.21901605154659945,0.023264305691993992,0.10373619520940006,G4,-9.952557739297879
100120,2021-03-31,0.027504574401161393,0.014103971694273389,0.24153552828697078,G5,1.0622029459685582
100220,2021-03-31,0.6353760365447115,0.051356469828823456,0.16994215909435337,G5,12.128028746973818
100250,2021-03-31,0.1328751764087699,0.014928675016680158,-0.01092813707607775,G2,8.061792634420058
100700,2021-03-31,0.099573706269156,0.02653850718997879,0.31794826137469745,G5,3.280154815353747
100840,2021-03-31,0.25934725337399844,0.03945040720125756,0.20348708098216245,G5,6.256563031077747
101000,2021-03-31,0.1289592933888486,0.0297964989844915,0.26730828893329617,G5,3.9077073897777126
101060,2021-03-31,0.1522730292761959,0.03684074764187212,0.2660284798543988,G5,3.793346880933366
101160,2021-03-31,0.09548478675925029,0.028960508092150256,0.2619988210987753,G5,2.8646421664159254
101170,2021-03-31,0.3339180392379468,0.04308284800636197,0.02118681847747281,G2,7.459923380015173
101330,2021-03-31,-0.2084176750014673,0.02506190316429472,-0.035424165200070544,G2,-8.815809704104407
101400,2021-03-31,0.3473097304751469,0.03520389698738968,-0.04136093443618758,G1,9.509925463008344
101490,2021-03-31,0.01623471193566283,0.027335473636372905,0.15637803432440528,G5,0.1357729471743022
101530,2021-03-31,0.23815148900248267,0.02616309025703975,0.02977566591529148,G2,8.62391226220402
101730,2021-03-31,0.01354501929597246,0.04406441795397752,0.044854854830892125,G3,0.023187079865494762
101930,2021-03-31,0.2543235234842944,0.033875930545487376,0.5606812245949161,G5,7.137818075343103
102120,2021-03-31,0.13782026529013003,0.03614850120776073,0.08139921289400126,G4,3.4661733401434343
102280,2021-03-31,0.45228957837860956,0.06550892052309737,0.04078884907079807,G3,6.713074811023763
102460,2021-03-31,1.299577158264883,0.07062316154297488,0.03726586871350592,G3,18.2242459276487
102710,2021-03-31,-0.13166844157117125,0.019614218771060263,0.05324170082790646,G3,-7.3513881624266135
102940,2021-03-31,0.5033323617626224,0.030730331066402425,-0.005734844834867722,G2,15.971486496010407
103140,2021-03-31,0.16634089525890258,0.025026553424703973,0.0800720583142808,G4,6.14617596482225
103160,2021-03-31,,,0.02779021969664354,G2,
103590,2021-03-31,0.6107372869741002,0.046978759788885,0.04575328296640199,G3,12.733711906076932
104200,2021-03-31,-0.05730464936236483,0.019188526051765416,0.027772606521205133,G2,-3.6390467559433746
104460,2021-03-31,0.3503200453401683,0.022805205600251933,0.12780459567739802,G4,14.812265109277927
104830,2021-03-31,-0.0843855200188176,0.01722343912781324,0.19784165165172105,G5,-5.626565833763806
105330,2021-03-31,0.2655684683826487,0.021896937791891648,0.512043188035765,G5,11.556190033051257
105630,2021-03-31,0.08494362228148632,0.030551468485625913,0.0713772044453727,G3,2.370436897261163
105740,2021-03-31,-0.13562184591718252,0.017370118152228345,0.11972963930455682,G4,-8.52873531063602
105840,2021-03-31,0.8088113565650737,0.06059092065936466,-0.9463697029765562,G1,13.142036030844762
106080,2021-03-31,,,-0.4732047721331852,G1,
106240,2021-03-31,0.3363393185638704,0.03365070606483295,0.03763801422431173,G3,9.622859735018487
106520,2021-03-31,0.1586139539539439,0.03854351694602483,-0.37083065587243663,G1,3.7902784024840748
107590,2021-03-31,0.17746426613033303,0.028419790812027727,0.1654822819451972,G5,5.803736315429888
108230,2021-03-31,-0.0798138193649072,0.014622927604041089,0.11491269385542847,G4,-6.314543570402182
108320,2021-03-31,0.4981626455488085,0.02945070328871775,0.15951173070827404,G5,16.489906766240274
108380,2021-03-31,0.14677987022952702,0.025603802507013333,0.10607925416319021,G4,5.243618641219589
108490,2021-03-31,-0.0297565162853279,0.016140346488701593,-0.16196866818649708,G1,-2.619510704591828
108670,2021-03-31,0.18380269426529708,0.022992046474573844,0.05831554133344362,G3,7.449506521181677
108860,2021-03-31,0.43354806683760544,0.0355818105550187,-0.15354841889904278,G1,11.832584293847132
109070,2021-03-31,,,-0.015760886832839643,G2,
109610,2021-03-31,0.10081111858534568,0.02515061948748912,0.04658478146672138,G3,3.5103638107847157
109740,2021-03-31,0.5261385509879508,0.02605358582120426,0.14452344443129853,G4,19.71380294424912
109860,2021-03-31,0.16521585226972918,0.013299790512461435,0.21835598090395647,G5,11.480824303887688
109960,2021-03-31,0.2896235271809937,0.045449686388100215,0.09499074743879012,G4,6.09685687811254
110790,2021-03-31,0.3576239618496633,0.02880356877912141,0.1508906627420519,G4,11.981177415146082
110990,2021-03-31,0.28475093409554836,0.03861551081067916,0.08164042301407953,G4,7.049696721935282
111110,2021-03-31,0.33491300291783255,0.03311735424915796,-0.022445195539296418,G2,9.734766442231193
111770,2021-03-31,0.016940079237028713,0.022316172871574287,0.15254066285155762,G4,0.19791857433617782
111820,2021-03-31,,,-0.050568109343458276,G1,
111870,2021-03-31,-0.15120532366212672,0.0183785627757804,-1.7499686664591225,G1,-8.908673642072724
112240,2021-03-31,,,0.14052634722827398,G4,
112610,2021-03-31,0.11691001028571256,0.029281946429916404,0.13925592232826578,G4,3.5648831069992344
113810,2021-03-31,0.49980231254065605,0.05193498191285348,0.018188677704351935,G2,9.382481719944751
114090,2021-03-31,-0.03247892813243369,0.015792611195866925,-9.261200549480781,G1,-2.8495745062006113
114120,2021-03-31,0.16893362546791837,0.044719687204986494,0.03236216570677393,G2,3.497572123734146
114190,2021-03-31,,,0.13336095191647546,G4,
114630,2021-03-31,-0.053040171812793704,0.02026845362917225,0.1285050517666443,G4,-3.234754221016431
114810,2021-03-31,0.22991563517342323,0.023683383848457962,0.1893629989619099,G5,9.179108122673556
115160,2021-03-31,0.2041546603859948,0.019828521390833874,-0.10417413275173774,G1,9.66443046817062
115310,2021-03-31,0.30063296202964274,0.025930876072275236,0.5151678208940335,G5,11.11068006761394
115390,2021-03-31,-0.09176666451079103,0.019238981698493328,0.05432227438979725,G3,-5.4207629209713
115440,2021-03-31,0.0573084264506999,0.014397138389395343,-0.05265550572301226,G1,3.1106968011115828
115450,2021-03-31,-0.10186605684304567,0.03103699729154589,-0.38200288418332695,G1,-3.6855804666339624
115480,2021-03-31,-0.0895365817464274,0.028805606009795683,0.08419251277671375,G4,-3.54305602282305
115530,2021-03-31,,,-0.1830558651528478,G1,
115570,2021-03-31,-0.02559516368288709,0.02981328776728699,0.21192572319095382,G5,-1.2785727658779082
115960,2021-03-31,-0.02314352280312331,0.02102220286806137,0.10656491229042073,G4,-1.696626045549121
117580,2021-03-31,0.18740771592423916,0.020284687338773318,0.06705134209762022,G3,8.62149950284459
117670,2021-03-31,-0.04475616432688849,0.024005431214046108,-0.18007409076681094,G1,-2.38610412509566
117730,2021-03-31,-0.12963518897922507,0.01956707983665139,-0.3169310882785632,G1,-7.2651864398586925
118000,2021-03-31,-0.2127365874146446,0.035015031081918765,-2.5941000544273045,G1,-6.433233801943202
118990,2021-03-31,0.056961871713564365,0.017208955428258,0.064566438292016,G3,2.58229372382166
119610,2021-03-31,0.30951078315575437,0.022450843706014047,0.22110125881173498,G5,13.228344240735659
119650,2021-03-31,0.08503739619127122,0.02754597569526539,0.06116399588339385,G3,2.632475352328432
119830,2021-03-31,0.1847794652503932,0.0259912777854222,-0.056239599644490545,G1,6.627460664106324
119850,2021-03-31,-0.03665070599862842,0.0164754031119994,0.039623861513562834,G3,-2.9846917724556894
119860,2021-03-31,-0.0965667329095407,0.013269199922108508,0.18834201798409878,G5,-8.221296511286045
120110,2021-03-31,0.3258368540762699,0.023594206376029686,0.06575993362907609,G3,13.279258262186383
121440,2021-03-31,0.27976752488582984,0.025075196774145377,0.12591466585419206,G4,10.657712207616012
121600,2021-03-31,0.2925310631310356,0.0236548001117064,0.17109258842309713,G5,11.837249424687254
121800,2021-03-31,-0.2113110484502581,0.04080221018509941,48.29142559649977,G5,-5.485838672769922
121850,2021-03-31,-0.6817153496684533,0.05356660639769929,-0.4589726454684409,G1,-12.960287956862583
122310,2021-03-31,0.022656517139264202,0.012572473589686198,0.1748746776233869,G5,0.8059848326052502
122350,2021-03-31,0.18050079739665092,0.02015204557415602,-0.026550302551421257,G2,8.335506321721827
122450,2021-03-31,0.015341564123023382,0.026334417690932924,0.10056260359911763,G4,0.10701850477395156
122640,2021-03-31,-0.12086750918252416,0.02365737910120274,-0.8826945288072281,G1,-5.638443833086718
122690,2021-03-31,-0.006083466523407164,0.023826699132798106,0.016397160389122603,G2,-0.7809206192326276
122900,2021-03-31,0.340589502951535,0.03685548392296408,0.010746623527764721,G2,8.901421821501984
122990,2021-03-31,0.0007754869773854596,0.014270799864293004,0.10412733758770026,G4,-0.8232059346341051
123040,2021-03-31,-0.03219730508107897,0.02861868399328419,0.038956937381227685,G3,-1.562636465367184
123330,2021-03-31,0.40775581104218667,0.038367784895509995,0.030398890148506507,G2,10.30115546156515
123410,2021-03-31,0.21260683806684405,0.028094249881472407,0.05325959613180373,G3,7.121868168516151
123420,2021-03-31,0.03889953177066559,0.013505179817632948,0.17530713293939226,G5,1.9530460170978683
123570,2021-03-31,0.47764421929669365,0.04062519488949204,0.3570098694142452,G5,11.449075541526893
123690,2021-03-31,-0.0868006360284653,0.011504892240427353,-0.007183269656471526,G2,-8.633190826168306
123700,2021-03-31,0.3462567038699883,0.04531230719817366,0.1680906824427149,G5,7.365182450162075
123750,2021-03-31,0.04936454659380725,0.03797101543474149,0.18084581448089693,G5,0.970246701447241
123840,2021-03-31,0.07654350582311245,0.023363060781805806,-0.7054245248766061,G1,2.74023221115453
124500,2021-03-31,0.1463606509897774,0.03226653928866423,-0.001270465870704845,G2,4.1478683435737915
124560,2021-03-31,0.3972864675253509,0.03337557206022933,0.07704619922665841,G3,11.528286997249452
126340,2021-03-31,0.2044423205442068,0.024185003039030453,0.22005564321076335,G5,7.935455956603988
126560,2021-03-31,-0.023018352086337516,0.019857195831560932,0.14669394222013998,G4,-1.7898623000683127
126600,2021-03-31,0.17812318232685018,0.01982472019414659,0.11972198015062399,G4,8.353201789859199
126700,2021-03-31,0.3081467657207602,0.02480880374026648,0.10977331781998324,G4,11.916071193843779
126880,2021-03-31,-0.11793087155777608,0.01576828269148723,-0.010234697404011709,G2,-8.273200590565958
127120,2021-03-31,0.21020727721349525,0.0637199200421298,-0.4045446633824085,G1,3.102389063971599
127160,2021-03-31,,,-0.967188554588194,G1,
127710,2021-03-31,0.859683742994855,0.05359295564687132,0.03438078895274352,G3,15.807309722927437
128540,2021-03-31,-0.04660709589865825,0.02240968454020568,-0.022770267599167407,G2,-2.638608763555695
128820,2021-03-31,0.16520501301935378,0.035808368364278524,0.012400803572903296,G2,4.263855793385379
128940,2021-03-31,0.0337974579332002,0.02336255290526915,0.10075693325442504,G4,0.9106095511828683
129260,2021-03-31,-0.1187950758537198,0.02369807196560268,0.03964471897671691,G3,-5.541310287266115
129890,2021-03-31,-0.13013186319683748,0.01651937810561619,0.084828240347544,G4,-8.635625167147497
130500,2021-03-31,0.4410887616473932,0.04250326726012786,0.016930734913841904,G2,10.083118196698766
130580,2021-03-31,0.01946832522938277,0.01518680114778926,0.20267513688392136,G5,0.4573070420920548
130660,2021-03-31,1.2782933959079328,0.07186300209597576,0.08928730228287902,G4,17.613654660569313
130740,2021-03-31,-0.016988628229733092,0.03301615892531203,0.0026758012448169478,G2,-0.8938629843084093
131090,2021-03-31,0.10101785513324464,0.013844063348428078,0.14567536476894433,G4,6.392238953865066
131100,2021-03-31,0.009835001885197868,0.027377002614103734,-0.03733662325154539,G2,-0.09819527251914184
131180,2021-03-31,0.4081040675755993,0.037940192701407,0.1785068087383653,G5,10.426430265423567
131220,2021-03-31,0.017355793615484963,0.043401227872711376,0.06479655208259404,G3,0.11134476453087555
131290,2021-03-31,0.37312026155586214,0.023518110921587173,0.24370068051523364,G5,15.33273521162045
131370,2021-03-31,0.23110035653371439,0.03554371547980164,0.2915009799880544,G5,6.149527686273477
131390,2021-03-31,0.14838543907952137,0.020941132125553766,0.0687307117472824,G3,6.487812795760276
131760,2021-03-31,0.15237870035408715,0.014832977007682518,0.08783378465655584,G4,9.428680848355937
133750,2021-03-31,0.36454057015462454,0.04650231554460521,0.11671326217453121,G4,7.569887045717564
134780,2021-03-31,,,-0.06856472139315777,G1,
136480,2021-03-31,0.1153698665800761,0.036340309504226,0.0415228438485789,G3,2.8300962172726973
136490,2021-03-31,-0.039394663187387984,0.02818039498621058,0.04876274440508168,G3,-1.842343137150486
136510,2021-03-31,2.2531551890247017,0.09396152293605867,-0.15255719025408251,G1,23.84627052534916
136540,2021-03-31,0.03539790314144698,0.01166418405580916,0.017466224027772453,G2,1.961098085760024
137400,2021-03-31,0.14673143851671971,0.01963758442988741,0.12188737086804097,G4,6.834249134777221
137940,2021-03-31,0.3405766726101165,0.050424665422686345,-0.49822507145890593,G1,6.505811704302878
137950,2021-03-31,0.5520010924479134,0.03475004458232268,0.1070708910525868,G4,15.524521042044887
138070,2021-03-31,0.6314878070076878,0.05509609584086875,0.004917398296733317,G2,11.234271747271611
138080,2021-03-31,-0.09265471112533,0.018554192781443622,-0.01921695981726494,G2,-5.668692056933215
138250,2021-03-31,0.07327375668614984,0.027700982768656183,0.008894166392282073,G2,2.1930796851454053
138490,2021-03-31,0.18948685973718774,0.026121467949569564,0.05744784022330344,G3,6.774640918388997
138580,2021-03-31,-0.003417965812077879,0.015380699674583984,0.2810083008045195,G5,-1.0364456927838752
138690,2021-03-31,0.3055225542567258,0.030402269715918036,-0.6049647419535604,G1,9.63741401141738
139050,2021-03-31,-0.3194445628789152,0.03472555932670781,0.05868825916794034,G3,-9.559755506695096
139480,2021-03-31,-0.006015321743702127,0.01445189474496654,0.025467145404501835,G2,-1.2827809909012795
139670,2021-03-31,-0.4553901756888863,0.06857272338204404,0.08638451229508341,G4,-6.823609253487193
140070,2021-03-31,0.1622618950178681,0.032802182908501176,0.1940516021666243,G5,4.564897443499532
140520,2021-03-31,0.22230696293454832,0.03878499107734402,0.12683924851393708,G4,5.408887896829889
140670,2021-03-31,0.2899127929462431,0.027641802399983484,0.012531234604210078,G2,10.035145133255197
140860,2021-03-31,-0.02520857746481856,0.023003975284195337,-0.39179229838235025,G1,-1.6402326604997237
141000,2021-03-31,-0.043709723119808704,0.016504861101884937,0.3331785504523513,G5,-3.4070578898136654
142210,2021-03-31,0.0510787859369989,0.02207115226530878,0.04281074145071567,G3,1.746872630657938
142280,2021-03-31,0.14650333489242756,0.027771543168801087,0.07041667293134082,G3,4.824364276785866
143160,2021-03-31,-0.09940182896674297,0.014373017874736195,0.12924577344847354,G4,-7.787169268127297
143210,2021-03-31,-0.07118500270285122,0.010458038107700848,-0.10815520296359578,G1,-8.004206521188625
143540,2021-03-31,0.21827159893366738,0.02827331760744258,0.17985741398612512,G5,7.27711928514041
144510,2021-03-31,-0.0009411958976543637,0.0346470425850652,0.21535016745259286,G5,-0.3886187394564334
144960,2021-03-31,0.015467748639198992,0.013393754604424577,0.20629504705988894,G5,0.21983787283808084
145020,2021-03-31,0.32710283442639104,0.029351008735151868,0.42372237406997854,G5,10.717844253577281
145210,2021-03-31,0.2111380526669848,0.040170123759349835,-0.1358158438690555,G1,4.944340220089787
145720,2021-03-31,0.1444592727683692,0.02462376372032098,0.2307166478271603,G5,5.358075237776945
145990,2021-03-31,0.11085404179100701,0.01420414149580892,0.05709750447904407,G3,6.922681508232897
149980,2021-03-31,0.025689721674167575,0.020291759406207994,0.08988456563312686,G4,0.6488558874048368
150840,2021-03-31,0.7888054872018702,0.04305231492732789,0.019979071198772437,G2,18.03113710365131
150900,2021-03-31,0.0008338107394499222,0.020651204249368577,-0.29180858134966164,G1,-0.5660436668507859
151910,2021-03-31,0.06616302320744456,0.06323903548417723,0.0474597280643186,G3,0.8482059961717552
153360,2021-03-31,0.3867166845396001,0.010521070999178627,1.9455571054770893,G5,35.566093076566645
153490,2021-03-31,0.33680890789309603,0.03969586120591012,0.12135176247108856,G4,8.169255028712357
154030,2021-03-31,0.38339626190221143,0.02951162522111228,0.0024533068700260375,G2,12.567012660463243
154040,2021-03-31,-0.0828276539671749,0.013771228663503672,-0.02552416574682507,G2,-6.923924539683214
155650,2021-03-31,-0.11459998015202631,0.017084160529607637,0.07518382615704108,G3,-7.441002093685719
155660,2021-03-31,0.13900396778439872,0.02705784538606644,0.08649657378296183,G4,4.674454741761643
155900,2021-03-31,0.08779900483884309,0.01118860737886725,-0.12437008084172795,G1,6.727889197665014
156100,2021-03-31,-0.5233160750091749,0.052718720784372425,0.737056684588112,G5,-10.164119332835984
158310,2021-03-31,,,18.00382818752792,G5,
158430,2021-03-31,0.10334536697327878,0.018401573600660383,0.07344098940356181,G3,4.935560122552365
159580,2021-03-31,0.19125360255257173,0.03172691276721607,0.04709095613356631,G3,5.63339741708527
160550,2021-03-31,-0.29874266904775176,0.03498424979455177,0.016905116821460005,G2,-8.897317078209104
160600,2021-03-31,,,-0.5688189365498688,G1,
160980,2021-03-31,-0.03549637630889741,0.023066302567979674,0.16539213463544566,G5,-2.081810480245963
161000,2021-03-31,0.15490179517950087,0.028221242442855746,0.11362309603271606,G4,5.04508266601484
161390,2021-03-31,0.006105016141306171,0.02213008489841488,0.13882185351526846,G4,-0.2900250046849389
161570,2021-03-31,-0.01167099646759271,0.017845835678217986,-0.21170355627448403,G1,-1.3557387292751144
161580,2021-03-31,-0.07137310082495207,0.019958521711137954,0.12090165031493828,G4,-4.203537524313753
161890,2021-03-31,-0.0353397841670126,0.014784311303451413,0.04890238510080068,G3,-3.237423597370136
163560,2021-03-31,0.08107236132684309,0.019494680448875847,0.06059096413316197,G3,3.5162960166986936
163730,2021-03-31,0.16477715327299747,0.026648982193459278,-0.36186026711194424,G1,5.713308600308179
166480,2021-03-31,0.13134254586370628,0.023024283325775174,1.3503842619906765,G5,5.1606058727154265
168330,2021-03-31,,,-0.12123634303963446,G1,
169330,2021-03-31,-0.06117541659575798,0.00995790304423946,0.11101848654571334,G4,-7.401027142560797
170030,2021-03-31,-0.11032738218375292,0.012412969955660809,0.09428920402066314,G4,-9.896960738664735
170900,2021-03-31,-0.003731940363897305,0.021770660578109193,0.01750226543005197,G2,-0.7466578436250707
170920,2021-03-31,-0.0203064605456307,0.021090952578048223,-0.10688770946019958,G1,-1.5565799857445717
171010,2021-03-31,0.1315038566539894,0.012022211384961335,0.09688553156252659,G4,9.896728540738847
171090,2021-03-31,0.6935493200807816,0.05237152840294107,-0.10632776254011658,G1,13.003745484061328
172580,2021-03-31,0.19485540642276858,0.009950190440208619,0.647924683374983,G5,18.324484682053853
173940,2021-03-31,0.013447260077499223,0.016792116589569517,-0.24464037739738057,G1,0.05502379375010448
174880,2021-03-31,0.08380261584997761,0.030761022837188796,-0.23890465284325552,G1,2.317196086410912
175140,2021-03-31,0.28687920886578855,0.026523660438598683,0.08644706168640215,G4,10.343817942597537
176440,2021-03-31,,,-11.4785070860759,G1,
177350,2021-03-31,-0.133282417737369,0.028813348501261504,-0.22595830073641907,G1,-5.060352907217029
177830,2021-03-31,0.1155840385642167,0.017597809754076436,0.1145381513170806,G4,5.8564529272
178320,2021-03-31,-0.0990548319049106,0.02080665171191551,0.036659929519316285,G3,-5.362618049623973
178780,2021-03-31,,,-0.17626366966262638,G1,
179900,2021-03-31,-0.4283082335694892,0.02076320602142973,0.008189014675768616,G2,-21.23138051186091
180400,2021-03-31,,,-0.4566497125371902,G1,
180640,2021-03-31,0.16332110137691527,0.03055615768986698,-1.574631249461094,G1,4.9351037126397514
181340,2021-03-31,0.21126836324481849,0.05295231471204824,-0.14352887168113804,G1,3.7532838782957105
181710,2021-03-31,0.06927763166604461,0.012397506887296184,0.07654131210860289,G3,4.577883123142618
182360,2021-03-31,0.4077295667482865,0.030915524822040498,0.14203032261406476,G4,12.783424344421494
183190,2021-03-31,0.04364469070369879,0.025354593623692082,-0.003502877590879831,G2,1.2274460812880468
183300,2021-03-31,0.0426917067775256,0.025727281367083736,0.22979774090441613,G5,1.172623419840891
183490,2021-03-31,-0.3104220684738865,0.03230155933182705,-1.435400827381684,G1,-9.997825779058665
184230,2021-03-31,0.1391875094481635,0.0344613488231103,0.14626365373112743,G4,3.6755443317289287
185490,2021-03-31,1.3041727426978686,0.08518966765799967,-3.9851832905608755,G1,15.162043521118614
185750,2021-03-31,-0.046517089824197895,0.01764419142266871,0.06349990847946149,G3,-3.3461654619089933
187220,2021-03-31,-0.013332946095117206,0.02193617662096586,-0.16105992156278912,G1,-1.178703137722356
187270,2021-03-31,0.45701106822829723,0.043550304433008336,0.08567087254128597,G4,10.206306933959272
187420,2021-03-31,0.20822380325038145,0.0472233826667476,-0.1461241300105408,G1,4.144144237056892
187790,2021-03-31,0.44151488817867285,0.03341031001166421,-0.04768178391233868,G1,12.840096183221773
189300,2021-03-31,-0.031142629921363994,0.03372745655372262,-0.018569245229582778,G2,-1.2946699366273877
189690,2021-03-31,0.21302903255079672,0.02951739255910768,0.0769743621405027,G3,6.792799805458529
189980,2021-03-31,-0.1761676710513967,0.028957946703875092,0.14440764780251575,G4,-6.516033995731939
190510,2021-03-31,-0.020798479291978297,0.02343483984949575,0.06118411937908766,G3,-1.4218903830205747
191410,2021-03-31,0.6180265048974566,0.053256321691508714,-0.08519882445910464,G1,11.369602547604261
191420,2021-03-31,0.0703553681957871,0.021180568747328033,-0.5039806552175682,G1,2.7304306493391812
192390,2021-03-31,0.595999918398233,0.0544118454644752,0.0846164124605482,G4,10.723338260260448
192400,2021-03-31,0.01694963773129563,0.0176218009407962,0.29046778887023494,G5,0.25118565511662144
192440,2021-03-31,-0.10832420898427181,0.010961895439089717,0.17696320931936965,G5,-11.024325471211949
192820,2021-03-31,0.06390151141768237,0.02548538749922956,0.06395959111501738,G3,2.0159872908186514
193250,2021-03-31,0.2586729705839469,0.03629766640736669,-0.11710673723813748,G1,6.7814187750742905
194370,2021-03-31,0.09955749219319887,0.0363055849629766,0.0321581896626797,G2,2.3972674772850184
194700,2021-03-31,0.20021892397268995,0.021849720134529606,0.14014776085922967,G4,8.590299038129247
195440,2021-03-31,-1.1680640944203957,0.1513688206696928,-0.13805526056604991,G1,-7.799409305792531
195990,2021-03-31,0.4705833729846045,0.059326046031889665,-0.19133170282099812,G1,7.721061987187473
196170,2021-03-31,-0.08118453816227511,0.02775630580535998,0.03389453169710542,G2,-3.3760916505620275
196450,2021-03-31,0.11912612892531085,0.035442827466836156,0.12781326632588078,G4,3.007740703176462
196700,2021-03-31,1.3893718813914364,0.08056184305859314,-0.0056395104536770555,G2,17.090579547347232
197140,2021-03-31,0.12700080049108778,0.04138339571905069,-0.007164772480261536,G2,2.766266624194434
197210,2021-03-31,,,-19.956202075471698,G1,
198080,2021-03-31,0.11724340293518183,0.012496836572467963,0.039669423508540747,G3,8.379729398738062
200130,2021-03-31,-0.13203279724760103,0.013969293893540013,0.15989046749566815,G5,-10.34813158538363
200670,2021-03-31,0.4525701412693346,0.05881347980147202,0.17402913737236786,G5,7.482074664466186
200710,2021-03-31,-0.05328568989388419,0.018256218628419526,0.0753919149657113,G3,-3.604743422007783
200780,2021-03-31,0.1482252101265101,0.014695397451318358,0.049136845872060644,G3,9.234314108101167
200880,2021-03-31,-0.17948213975032284,0.023279657136923676,0.019269434227517465,G2,-8.247777565565244
201490,2021-03-31,-0.07110742164983187,0.013650953273484567,0.3656059399127001,G5,-6.12636451770164
203450,2021-03-31,-0.04484651435345464,0.021796466755984505,0.020310448768504664,G2,-2.6320691841190293
203650,2021-03-31,0.2680026519548902,0.03710344427677665,0.03518439986484406,G3,6.885596817682767
204020,2021-03-31,0.19469309677180643,0.03183156328966264,-0.10639558566532123,G1,5.722929816435355
204270,2021-03-31,-0.028928028014742115,0.014589109144645968,0.14002330656508086,G4,-2.841251081297264
204320,2021-03-31,-0.04234172916593083,0.02432941691987965,0.045358940908168235,G3,-2.2550899375951534
204620,2021-03-31,0.09547486431338463,0.024149810125105725,-0.6113423763320549,G1,3.434874633217202
204840,2021-03-31,0.05539609067332618,0.03422269634371452,-0.47460374851020304,G1,1.2527591667555247
205100,2021-03-31,0.0582910479126638,0.026736892824555103,-0.01110054995482424,G2,1.7117828199162974
205470,2021-03-31,1.2892288234325202,0.08733612523416628,0.626659631412252,G5,14.61829828025643
205500,2021-03-31,1.2423947438487393,0.07425784496528946,-0.8402779360449438,G1,16.562175354078406
206400,2021-03-31,0.006549914063588789,0.023029907529919732,2.17997056598819,G5,-0.2593749039720557
206640,2021-03-31,0.37233805191708197,0.04938542223532901,0.4289098140919307,G5,7.285849578947876
207760,2021-03-31,0.05086742605074714,0.027964595225672757,0.23812329729443435,G5,1.3711670640559983
207940,2021-03-31,0.1918482284889206,0.020666311875507246,0.30586165373605817,G5,8.677161917013414
208140,2021-03-31,0.07348730691862732,0.025176961681043972,0.0959318032948248,G4,2.421420565885072
208350,2021-03-31,0.1267308479721077,0.03048209366838755,-0.2964708546423818,G1,3.746709628837055
208370,2021-03-31,0.11828941572412971,0.02663393675633473,-0.3884170232376985,G1,3.9711035801467385
208640,2021-03-31,0.1316406491394392,0.05819046941935177,2.3330637568084716,G5,2.047025160827773
208710,2021-03-31,0.7011099072098019,0.06048349533367069,-0.20479631839809345,G1,11.384702707629797
208860,2021-03-31,-0.4876507156897355,0.03182570412664407,0.308770183518439,G5,-15.716039080142249
210540,2021-03-31,-0.09394889508510366,0.022501638030867608,0.13831423834444104,G4,-4.731752819803288
210980,2021-03-31,-0.03980629127768726,0.012496698164560704,0.058397852525078314,G3,-4.187472939350924
213090,2021-03-31,0.38892066664542135,0.029083642507779586,0.6557122139462008,G5,12.941892420355936
213500,2021-03-31,0.12146650760906583,0.017365338078311972,0.028683932072773838,G2,6.273601642543362
214150,2021-03-31,0.44629158845866745,0.02090932118414386,0.5889732740378233,G5,20.74521169390996
214180,2021-03-31,0.1874668223391336,0.015311673820101098,0.18112084060110667,G5,11.425499934032127
214260,2021-03-31,0.46271072850132344,0.03246566872101876,0.18631012904988725,G5,13.866568967119976
214270,2021-03-31,-0.11940882324778865,0.02441678572069599,-0.009756415185956852,G2,-5.403336822242261
214310,2021-03-31,-0.04045417221475459,0.03125160926106171,-0.6934327462816057,G1,-1.6951916264488018
214320,2021-03-31,0.0047661692729021946,0.0124219274634304,0.08690372684541038,G4,-0.6244703060440079
214330,2021-03-31,0.05244007018596951,0.024924102890437415,0.04452354565870062,G3,1.6015331120959728
214370,2021-03-31,0.039570253900663904,0.013828653261621105,0.6575920589575417,G5,1.9558636167471743
214420,2021-03-31,0.013476999585213575,0.02410305644392564,-0.05212938351848008,G1,0.03956782285206333
214450,2021-03-31,0.3138613320833408,0.022562233470881286,0.3799995896092072,G5,13.355860285489877
214610,2021-03-31,0.5786980870683565,0.04805102281567619,0.14215570269365832,G4,11.782783378463282
214680,2021-03-31,0.040832304393330215,0.019079337323446854,0.062295924042915424,G3,1.4837522811074706
214870,2021-03-31,-0.02943182684369701,0.018064246798300057,-0.5827623750586937,G1,-2.322550252429692
215000,2021-03-31,0.5471123790324683,0.028332422100911227,0.2853752504570904,G5,18.868456886982063
215100,2021-03-31,-0.1514583984654394,0.022771573386689444,-0.011648775893589558,G2,-7.201157767997615
215200,2021-03-31,0.31464167734280146,0.01981779978793167,0.07515138898254255,G3,15.244799445856433
215600,2021-03-31,,,-20.834736607005084,G1,
215790,2021-03-31,-0.008847243048821084,0.018031428061833554,0.19536863697059156,G5,-1.1851827316829298
216050,2021-03-31,-0.1381227640259079,0.01816122907984139,0.3840090447121702,G5,-8.294926377574804
217270,2021-03-31,0.036869381613607484,0.025792890465444075,-0.5016466163118914,G1,0.9439069083233621
217480,2021-03-31,0.024312094129375204,0.022024821946824896,-0.24530402139706706,G1,0.5352506385836022
217500,2021-03-31,-0.2061211161351455,0.023457529514293064,0.16081109016504935,G5,-9.32086263046451
217620,2021-03-31,0.032294571876095995,0.02773657546978041,-0.18874070081905736,G1,0.7128233180765298
217730,2021-03-31,-0.10852683261381847,0.021531523675630625,-4.167587176106147,G1,-5.621995384770193
217820,2021-03-31,0.0722713104542003,0.03544534008941463,0.23715580241765116,G5,1.685638117333126
218150,2021-03-31,-0.03367450225315892,0.03205448417158324,0.026543032880604125,G2,-1.4412272592974984
218410,2021-03-31,0.0017780957998309015,0.01865831667660394,-0.00839561166356389,G2,-0.575893233245943
219420,2021-03-31,0.25920476368139783,0.01961979557378173,0.37129866616611296,G5,12.573090715246568
219550,2021-03-31,-0.44835748996449076,0.039036685771278806,-0.26099358333037714,G1,-11.806350231228652
219750,2021-03-31,-0.33929700746705604,0.03127145603552113,-1.0466104051011835,G1,-11.250525117380901
220100,2021-03-31,-0.07468229978108398,0.029785352501613963,0.8549302047049139,G5,-2.927801304147925
220630,2021-03-31,0.3265852632572919,0.03140653928491918,0.12951477918505241,G4,9.999890987366808
221610,2021-03-31,-0.9975466995981155,0.05813403713233631,-0.7345927445186463,G1,-17.37484688043322
221840,2021-03-31,0.10201703568073606,0.01976509527470225,-0.09570475817313945,G1,4.527867957086646
221980,2021-03-31,0.14466059582626156,0.032086978270560486,0.2018909658317776,G5,4.118097397468222
222040,2021-03-31,0.23244661326581323,0.03399657681487914,0.021285153031069134,G2,6.468984225844564
222800,2021-03-31,0.14757640033711653,0.023734407143488425,0.03161746111234248,G2,5.69018241757606
222810,2021-03-31,-0.3046423344431602,0.027257392247706413,-0.1442837694205091,G1,-11.635949091479771
222980,2021-03-31,-0.0968195857848978,0.036304190944916596,0.06465841918679119,G3,-3.01185282075141
223250,2021-03-31,-0.05146733417159751,0.021030398710854964,0.13451150581794627,G4,-3.0427681932732646
223310,2021-03-31,,,-0.29924873560022114,G1,
224110,2021-03-31,-0.14274081085892915,0.034412833137356345,0.05062492637403881,G3,-4.51180826515651
225190,2021-03-31,0.0563735987434684,0.010395702522895246,0.1214256257295353,G4,4.218118451277968
225530,2021-03-31,0.08508884032377739,0.025271427853285962,0.1531315285814762,G4,2.8714462288166627
226320,2021-03-31,-0.0833872676166817,0.015908331539283154,0.14521115445744068,G4,-6.028951653257446
226340,2021-03-31,-0.05116195792531765,0.028840500242175236,0.12174243016590965,G4,-2.2081881905028062
226360,2021-03-31,0.05314253314391457,0.04199493765434678,-0.14555775940165036,G1,0.9672413222897867
226440,2021-03-31,0.16306530265204905,0.021433181879789914,-0.2543810216930154,G1,7.023782533957464
227100,2021-03-31,0.7556350905648096,0.06018696394816592,-0.16911654188943218,G1,12.346723404874577
227610,2021-03-31,0.23993520009733063,0.036362575288083156,-0.1917746151936584,G1,6.2540099038093055
227840,2021-03-31,0.037959969343402455,0.01334949865755758,0.1805688416951925,G5,1.9054404871867525
227950,2021-03-31,0.1685575993298087,0.053105872194891116,-0.09306639446811585,G1,2.9381742312702746
228670,2021-03-31,0.2109749991247851,0.02434834970701537,-0.12570728771079748,G1,8.150519743437032
228850,2021-03-31,0.1287957915252733,0.018416601242251418,0.2339838556397845,G5,6.313461201563813
229640,2021-03-31,0.15962202611711152,0.018004121053851144,0.028614994300323163,G2,8.170281212811528
230980,2021-03-31,0.17546013488782075,0.03962249833558904,-0.33481833073564415,G1,4.11223036442968
232140,2021-03-31,-0.04305022907681709,0.015348513688165994,0.14479581614551093,G4,-3.6207755567441304
234080,2021-03-31,-0.03074661894146459,0.009842616691062596,0.17472820141638246,G5,-4.396179838883908
234100,2021-03-31,-0.18223086944852723,0.020207672926422702,0.5436887763929836,G5,-9.637634391415844
234300,2021-03-31,-0.15798331228786716,0.02717735151262318,-0.13589677689468002,G1,-6.273849250038889
234340,2021-03-31,0.03412936509365187,0.014036836540174166,0.20071916278373844,G5,1.5392407622734023
236200,2021-03-31,0.06431221387412446,0.011551054599773979,0.4067756435827945,G5,4.483479781793325
237880,2021-03-31,0.15549650711404264,0.026665572514141516,0.05421107339798024,G3,5.361715482409868
238090,2021-03-31,0.09357087840762124,0.04669412202024469,0.09618590354877139,G4,1.735712778898278
238120,2021-03-31,0.2934858919135353,0.025084345518288073,0.7064023025454863,G5,11.200714708344645
238200,2021-03-31,0.23628290690346043,0.03688292296919799,2.421452163182603,G5,6.066753792064734
239340,2021-03-31,0.2967305745717503,0.03466942330271356,0.18037903037487632,G5,8.197635073781527
240810,2021-03-31,-0.09166180164864692,0.020476769992274362,0.12597011822465626,G4,-5.087965328789732
241560,2021-03-31,0.11971376382683668,0.026471198150861765,0.1331513095899021,G4,4.049324443053216
241590,2021-03-31,-0.0905157199635237,0.027533516039659357,0.019460394682466596,G2,-3.742312239844452
241690,2021-03-31,0.28190366329310923,0.017770491111276626,0.11437286062726452,G4,15.1588590033126
241710,2021-03-31,0.01586565575402922,0.028833441859369622,0.0421309999127331,G3,0.11591962044226278
241770,2021-03-31,-0.1311355994868216,0.014403921531545868,-0.0208215132855713,G2,-9.97359596064467
242040,2021-03-31,0.22125781584248683,0.02350048581277894,0.08525367278455315,G4,8.882136454018985
243840,2021-03-31,0.31927969019302893,0.022761060365018702,0.11659991027521097,G4,13.477245398761537
244920,2021-03-31,0.40306238403151445,0.043586133069110244,0.07020587447498246,G3,8.960168347456472
246960,2021-03-31,0.04781017665190167,0.028129407750858145,-6.839216801855321,G1,1.2544481151821665
247540,2021-03-31,0.6074309492921568,0.027409244128041233,0.06556276378454931,G3,21.704635574604737
248170,2021-03-31,0.20583425434373354,0.025074971092112982,0.14140975784191293,G4,7.709319365352729
249420,2021-03-31,-0.03952458265802311,0.011437957511238333,-0.11831262414978415,G1,-4.550452012479559
250000,2021-03-31,0.10755030768818159,0.0349210995526174,0.1482830555740054,G4,2.7211919094171853
250030,2021-03-31,-0.329983427603142,0.03477939203154769,-0.22729042881873934,G1,-9.847978981636828
250060,2021-03-31,0.027288522756520075,0.025504270323916375,0.13902409005602018,G4,0.5789316240514862
250930,2021-03-31,0.03268844173478862,0.01934208690402247,0.1765434810941802,G5,1.0425528391637997
251270,2021-03-31,0.0880234473319271,0.020138202255332544,0.16590868889163715,G5,3.7491009503734527
251970,2021-03-31,0.26402816911052673,0.018790652211335836,0.160638539448678,G5,13.38457399797727
253450,2021-03-31,-0.07167501787648002,0.014253936396169724,0.1797797816015326,G5,-5.907021727468392
253590,2021-03-31,-0.1030852737177755,0.01826238894898517,-0.25646485716941864,G1,-6.330418663098666
254120,2021-03-31,0.2165323604586794,0.02511076150776209,-0.33138813534659706,G1,8.124367963829782
255220,2021-03-31,0.23339945789084526,0.03835726071782397,-0.3232567978574114,G1,5.758392534807909
255440,2021-03-31,0.24265448488359181,0.03215554521523754,0.1095826016193184,G4,7.156811965884272
256630,2021-03-31,0.13243556295206216,0.02173096961375636,0.1414993624548264,G4,5.518035824711062
256940,2021-03-31,0.13344229117418063,0.024522921655530296,-4.108691515730436,G1,4.930856068255818
258610,2021-03-31,0.06493481277633677,0.02626996018123975,0.2291957650930326,G5,1.995112223128474
258790,2021-03-31,0.11701383033626993,0.039003144664763595,-0.23430092179341805,G1,2.6790285018485247
259630,2021-03-31,0.10919375999508747,0.02223204713959062,0.03752960946705734,G3,4.348248511280393
260930,2021-03-31,0.236096957861052,0.041330518601357474,0.05607738404326508,G3,5.409408623681335
261200,2021-03-31,0.2822508894094864,0.02350415243207047,0.18930820720163538,G5,11.475742257517311
262260,2021-03-31,0.05695794765361993,0.02237267575464354,0.01576585376310692,G2,1.986112614480201
263020,2021-03-31,0.25505245295284085,0.029208546808179706,0.1043157712909812,G4,8.303362725573008
263600,2021-03-31,0.07952112856198977,0.022086024535999303,0.1080466589052346,G4,3.0334945220738594
263690,2021-03-31,0.029849920008376073,0.02307293775407847,0.1281483353519584,G4,0.7509501423444139
263720,2021-03-31,0.29294826031613896,0.03987029826278677,0.2549459414236206,G5,7.033430358363499
263810,2021-03-31,-0.004243493186651679,0.02054035011226906,0.04309062607433387,G3,-0.816285370631714
263860,2021-03-31,0.028219378926553143,0.025351816461865042,0.08420653511759205,G4,0.61913057916448
263920,2021-03-31,,,-4.768072521650115,G1,
264850,2021-03-31,0.49576780433079926,0.04041887593057739,0.11732878270717775,G4,11.955911664717316
265520,2021-03-31,0.05814976306884442,0.018188407064844297,0.14802241769869048,G4,2.5085467236648284
265560,2021-03-31,0.3013211722181207,0.04808190028294427,0.010099936300764615,G2,6.006374049299311
265740,2021-03-31,-0.11870864084497201,0.015376429301470105,0.013429833636602252,G2,-8.534617003056248
267250,2021-03-31,0.18139221570406067,0.022108303640333164,0.06380454720340246,G3,7.638257748475035
267260,2021-03-31,0.14576572305246047,0.02614335844927977,0.04933897626688999,G3,5.096607201148792
267270,2021-03-31,0.08039142224631707,0.027545096156455638,0.08038813772642148,G4,2.463891494267448
267290,2021-03-31,0.19908737769574902,0.016493238838461016,0.03839858330226883,G3,11.31154925999424
267790,2021-03-31,0.0288391376892032,0.028964487773224537,-1.0186491503525474,G1,0.5633050962026303
268280,2021-03-31,0.05842066583083252,0.01498599464698129,0.18615335496923388,G5,3.0626843792734726
269620,2021-03-31,0.2915220640604497,0.04493505892255176,-0.5745108822080677,G1,6.208932994250072
270870,2021-03-31,0.1441666368351934,0.023959686620306172,0.1469187767877291,G4,5.494368303046867
271560,2021-03-31,-0.10202050688151859,0.012616417588781164,0.17013792939732045,G5,-9.078948139844456
271980,2021-03-31,0.06654988259518133,0.024607905859762955,-0.008151192503645585,G2,2.1954972026235926
272110,2021-03-31,0.31402632637587946,0.04105341701463518,0.1992465076969497,G5,7.344164120388549
272210,2021-03-31,-0.14033903792967217,0.01757082449755655,0.08638746276476345,G4,-8.699781394354984
272290,2021-03-31,0.2637008667900755,0.02349171605823456,0.14812868928276535,G4,10.692176427204139
274090,2021-03-31,0.22232739108358543,0.034503924307779085,-0.06123265863666931,G1,6.080586518056933
277070,2021-03-31,0.14715002219244033,0.026266347578523613,0.6558406927330624,G5,5.125445312574381
277410,2021-03-31,0.2680599180998246,0.02623935533066059,0.10280960096164707,G4,9.73867767565097
277810,2021-03-31,0.0021766968078847006,0.024214307831630727,-6.215316842730347,G1,-0.42729271394851776
277880,2021-03-31,-0.03476524475049913,0.02923665461954309,-0.002676276339918182,G2,-1.6174401443500444
278280,2021-03-31,0.3535806638122847,0.024837732951830626,0.2288626078642588,G5,13.731421074381934
278470,2021-03-31,,,0.062149337892661825,G3,
278650,2021-03-31,0.19142365283121,0.018977434311070122,0.17299977758849786,G5,9.427004503406703
280360,2021-03-31,0.0783305926704472,0.01762432780938212,0.040773838886339384,G3,3.733889840483355
281740,2021-03-31,0.18261690451932563,0.02259688699478183,0.22087530100743744,G5,7.527302784713546
282330,2021-03-31,0.03947033050092799,0.020515700991566986,0.014249217550383048,G2,1.313483579935074
282690,2021-03-31,0.07984172578542649,0.013976232362397678,0.1122671347399146,G4,4.81663655284497
282880,2021-03-31,-0.0211886526973414,0.014787457089923895,0.1551408102237901,G5,-2.2797663323709396
284620,2021-03-31,-0.16296244961851938,0.017854786703725173,-37.9262202625442,G1,-9.828498466439456
284740,2021-03-31,0.08001436337748209,0.024271751543149124,0.27161269263301874,G5,2.7806427212248264
285130,2021-03-31,-0.03805433777706563,0.02037550762836596,0.18691611922905166,G5,-2.482275917597289
285490,2021-03-31,-0.01582123606301576,0.02859615287238581,0.39347409827272356,G5,-0.9912008201646597
287410,2021-03-31,0.6202514169971055,0.0339295151623135,-0.324040600570073,G1,17.911488565992823
288620,2021-03-31,0.03229570498939447,0.01679476525217472,0.026910771319091815,G2,1.1772960547446258
289220,2021-03-31,1.11038824523417,0.06164933098628894,-0.049370358407999505,G1,17.80822165549035
290270,2021-03-31,0.2485254420212138,0.029557541843949094,0.03799166702636821,G3,7.984498479256326
290520,2021-03-31,0.028174562274834503,0.02188398244638413,0.22814737465137092,G5,0.7151928674560559
290550,2021-03-31,0.33962751888953063,0.023079868917170884,0.04995505710867707,G3,14.1727072170902
290650,2021-03-31,0.03525675761636632,0.022107194434488223,0.20842177635731243,G5,1.0283287445671552
290720,2021-03-31,0.34875533700672956,0.017924563069387948,0.009442906378644653,G2,18.758172324061203
290740,2021-03-31,-0.1379220675898651,0.009660279211599879,0.04868134720664109,G3,-15.573603869219458
294570,2021-03-31,0.1512417585798349,0.027358429172239053,0.2603898930554557,G5,5.070410424109702
294870,2021-03-31,0.06866589659773607,0.01718007480786142,0.1924388669350835,G5,3.2678904549588323
297090,2021-03-31,-0.1318209891213268,0.01923408872485088,0.058070377875765376,G3,-7.504607330446477
297890,2021-03-31,0.5547711153187816,0.04392779131293728,-0.3056572595249211,G1,12.344072055392319
298000,2021-03-31,0.28868242298328767,0.034590839253177894,0.09050761464614597,G4,7.983591460281486
298020,2021-03-31,0.4797352152889263,0.031197545764952553,0.1475397437039937,G4,14.975919089640282
298040,2021-03-31,0.01894277873622248,0.022118487142299022,0.01824869369253398,G2,0.29023163190482965
298540,2021-03-31,0.36851093669115154,0.03547136707212935,0.15063179435682233,G4,10.035915499101584
298690,2021-03-31,-0.20314183019114082,0.012525878639843412,-2.6743935503246767,G1,-17.21756457249884
299030,2021-03-31,0.24246872508249476,0.03428601292893974,-0.06909596526245985,G1,6.706683318396524
299170,2021-03-31,0.1629732981062921,0.02183268546248962,0.24165804055016285,G5,6.891044358566459
299900,2021-03-31,0.2914935534527038,0.03595947709028651,-0.070852402239142,G1,7.757906452160649
299910,2021-03-31,0.11618616931494086,0.03018472619031522,-0.7350368276039264,G1,3.4342824428387253
300080,2021-03-31,0.5800103481429605,0.05842063473632377,-0.024109633645005644,G2,9.713811850669112
300120,2021-03-31,0.002739217364270183,0.020001687222090968,0.04286906650509845,G3,-0.48916257137401814
300720,2021-03-31,0.06218753307795512,0.022658859485278612,0.05081669119938259,G3,2.191824305745608
301300,2021-03-31,0.49356664465760025,0.03474020725372171,-0.22269966634090993,G1,13.846876244194517
302430,2021-03-31,-0.1171349153359787,0.013462274171988852,0.07538706931534134,G3,-9.631226329011145
302550,2021-03-31,0.17129514508987315,0.02662889184152954,0.03049957237322896,G2,5.962390471112687
306040,2021-03-31,0.19085300600554708,0.030234577514732654,0.19074153071386843,G5,5.8982041935596365
306620,2021-03-31,-0.22498128008105484,0.02079020058007718,-0.16803297732463307,G1,-11.42387122644202
308170,2021-03-31,-0.06699661857575608,0.01678174512312466,0.03654543506688634,G3,-4.738476964700617
310200,2021-03-31,1.0343434579213546,0.07884740013234848,0.34802462147409485,G5,12.959465525667836
311390,2021-03-31,0.39797521978167527,0.01512942842841141,0.07239851236440134,G3,25.476965470829796
314130,2021-03-31,-0.3172514875086623,0.025608231797518668,-54.31553190314559,G1,-12.87768652805865
317120,2021-03-31,-0.15926600369366564,0.021298222129449956,-0.38941011104881484,G1,-8.06589849458713
317330,2021-03-31,0.2888528424860092,0.026082947399336608,0.23703316828653326,G5,10.594260845512816
317530,2021-03-31,1.0440103977604713,0.07916624750059559,-0.18283172081890253,G1,13.029379769895803
317690,2021-03-31,0.21465905721039258,0.04115907736931667,-32.70921461797576,G1,4.911085865190797
317770,2021-03-31,0.12347549281961674,0.01655503237727568,0.33380236224936205,G5,6.702022452959295
317830,2021-03-31,0.10326133015488274,0.02516505137207678,0.05006615758652712,G3,3.605716304553978
317850,2021-03-31,0.24519012394062287,0.0351491674228459,0.05288080279313789,G3,6.6194122615760564
317870,2021-03-31,0.02927988092282468,0.02407626105717911,-0.09759042143469811,G1,0.6959796110111176
318020,2021-03-31,0.10100047174875601,0.029406224259770564,0.10382067022364276,G4,3.0087908209334757
318410,2021-03-31,-0.021834566989074197,0.010088822774008738,0.2784728497064283,G5,-3.4055371846986398
319400,2021-03-31,0.11610436047346111,0.02584196023194498,-0.08537097768982747,G1,4.008251132116927
319660,2021-03-31,0.1505746011900103,0.0265546367144879,0.2881305997113335,G5,5.19876466609856
321820,2021-03-31,-0.0020143067428716015,0.025101957520836556,-0.13806850959662528,G1,-0.579142118635621
322000,2021-03-31,-0.16463110218172283,0.013895181949645652,-0.010320902241664494,G2,-12.74933980291547
322510,2021-03-31,-0.1806245861346263,0.020881746955993475,-15.897389664684498,G1,-9.249603524997994
322780,2021-03-31,0.522298435721273,0.048104031113374836,0.24014007955577632,G5,10.597347660992348
323230,2021-03-31,0.4094406252014625,0.05489449608568602,-0.08555532018892512,G1,7.230548768755588
326030,2021-03-31,0.1606698046499207,0.01969825519478345,0.9240871474476863,G5,7.520793545791113
327260,2021-03-31,0.053822720204812685,0.030480155049917787,-0.010566784338210686,G2,1.3549611548736868
332370,2021-03-31,0.102648854858303,0.026443056805993303,0.1965618509789118,G5,3.4082882853478966
332570,2021-03-31,-0.10225092962912295,0.019232983740513968,-0.5438444416477143,G1,-5.9675724419711305
335810,2021-03-31,0.13031257538006571,0.03868248385858355,-0.5422455051742816,G1,3.0450288997220514
336370,2021-03-31,0.27089133516229397,0.0266632790512658,0.03641528936736781,G3,9.6900325180515
339770,2021-03-31,0.1392268383656528,0.016864722341534723,0.08229237468902584,G4,7.512933903213937
339950,2021-03-31,1.1768874583202051,0.06912979746356739,-0.1427474866617583,G1,16.84315891155617
340570,2021-03-31,0.5559525334842541,0.04506552502230101,0.2747432097076063,G5,12.058646584006
340930,2021-03-31,0.14527228339999568,0.028688364556162634,0.06180314168331458,G3,4.627276296021288
347770,2021-03-31,0.5215103998328263,0.02826419346344871,0.09881794598808707,G4,18.00819494012458
347860,2021-03-31,0.12712311221730013,0.04369761153209546,-3.9651280105976667,G1,2.622564805755588
348150,2021-03-31,0.06332291342914594,0.027668305205171974,-4.1544508490754,G1,1.8360220813959733
348210,2021-03-31,-0.1905436282666651,0.024232569370537416,0.4028703226723378,G5,-8.379917097491369
348350,2021-03-31,-0.020721596574608862,0.025681269017689922,0.05470609180419991,G3,-1.2945190001847635
352700,2021-03-31,-0.17652898368764078,0.017202410614471107,0.3927867439094821,G5,-10.989871247826873
352770,2021-03-31,0.1599108952693517,0.03839181739240404,-0.25541895223520467,G1,3.839036835512398
352820,2021-03-31,0.2158141565360584,0.02695634110193164,0.14021422825213214,G4,7.54148575467625
353200,2021-03-31,0.13166684411549126,0.023941259199889427,0.03907525824900138,G3,4.976494719976737
356860,2021-03-31,0.025465864342377482,0.0180515774907825,0.057845799761564974,G3,0.71697724098291
357230,2021-03-31,0.13583451804375452,0.023928967201605138,0.1910454012398771,G5,5.153219647433669
357550,2021-03-31,0.15741027568788907,0.025385206499061674,0.33751410468681,G5,5.7075360633996635
363280,2021-03-31,0.2110287666387756,0.020780518176850452,0.7200044389525595,G5,9.552479434428355
373220,2021-03-31,,,0.0706645046820538,G3,
375500,2021-03-31,0.20684697480863204,0.016390145361445528,0.13598033213598867,G4,11.856129180409333
378850,2021-03-31,0.17473094399596778,0.029053086424776796,0.06576475283802567,G3,5.583146916190916
900070,2021-03-31,-0.05218118400250829,0.019651145439235435,0.06276430123208658,G3,-3.2926568235033526
900100,2021-03-31,,,0.016032152281541617,G2,
900110,2021-03-31,0.056375023084465764,0.027965177277262207,0.13100762405948643,G4,1.5680833535238654
900120,2021-03-31,-0.07802883359192389,0.01902166093374771,-0.04912191375021726,G1,-4.7604742837632985
900140,2021-03-31,-0.13517958010123787,0.01519866819973747,-0.09488847076150961,G1,-9.718145845267957
900250,2021-03-31,-0.17764227758677673,0.017712473560325608,0.2411149669415646,G5,-10.736251549324992
900260,2021-03-31,0.11659860577153403,0.019777598694176564,-0.09621940060927152,G1,5.262282507761245
900270,2021-03-31,0.023240545937807416,0.02782213149247013,0.0018610286828946213,G2,0.38520599412237433
900280,2021-03-31,0.11378035232629984,0.03413981923256499,0.22904002986288385,G5,2.965951797192488
900290,2021-03-31,,,0.13498150484353735,G4,
900300,2021-03-31,0.3377583734865623,0.04478721074035273,0.08748243087645473,G4,7.261784647729411
900310,2021-03-31,-0.020257440678206503,0.01755550511492202,0.5198312940609723,G5,-1.8672624103529905
900340,2021-03-31,0.08042542566339346,0.016399822905866526,0.16593471828992432,G5,4.14041858473097
950110,2021-03-31,-0.11207626884060169,0.020978250695284688,0.06477004737192099,G3,-5.939463912796845
950130,2021-03-31,1.0419029618011442,0.07278341017031825,0.8015595969203998,G5,14.143053551278747
950140,2021-03-31,0.342324710129167,0.03151120574824878,0.07984977251152944,G4,10.466163010276066
950170,2021-03-31,-0.031986533065452856,0.026007810463279483,-1.826991331239106,G1,-1.7114023206968336
950180,2021-03-31,-0.1827855029842383,0.02535248862509633,0.25818317420441983,G5,-7.703732757365284
950190,2021-03-31,-0.07662928748059938,0.013005888834132142,0.46856543593070293,G5,-6.854785761683424
