종목코드,날짜,기간수익률,표준편차,Y7,그룹,성과
000020,2022-03-31,-0.3288348741969525,0.020408358315906747,0.016611878505490105,G4,-17.651498196335872
000040,2022-03-31,-0.34899932670778805,0.019721141050543785,-0.01849468295285006,G1,-19.289074173715246
000050,2022-03-31,-0.23353467011504944,0.03182677232521786,0.012831761925510797,G3,-8.324372110821246
000070,2022-03-31,-0.1808763974356279,0.0156050239414754,0.014509354880059978,G4,-13.603287251477886
000080,2022-03-31,-0.1854421688366908,0.017848405429573944,0.013570608679512286,G4,-12.14928669671746
000100,2022-03-31,-0.03622379027907828,0.013771562838406606,0.01141351986434889,G3,-4.910627564863542
000120,2022-03-31,-0.1164505485413596,0.01886489024822387,0.005212373629848681,G3,-7.837510444129492
000180,2022-03-31,-0.22318265674690654,0.029481184342431337,-0.0021778016546971225,G2,-8.635537826305733
000210,2022-03-31,0.16784007531286063,0.026185477991533847,0.01195318990524079,G3,5.210401335829007
000220,2022-03-31,-0.2662565035701336,0.021205612575433803,-0.0012382721651297845,G2,-14.036837102334733
000230,2022-03-31,0.18504983504787517,0.09595527899594214,-0.14626987464925859,G1,1.6012314366562483
000240,2022-03-31,-0.12242400877544878,0.01670916043576044,0.011284499356645689,G3,-9.20616180407748
000250,2022-03-31,-0.03364581861260895,0.03115328443324498,0.009465312119116645,G3,-2.0880316667235244
000300,2022-03-31,-0.3725462249392972,0.02699711873117713,0.007080957053497051,G3,-14.962687491508312
000320,2022-03-31,-0.13509377908870218,0.015697023534078074,0.004502553430074279,G2,-10.606915669947906
000390,2022-03-31,-0.4383122205122279,0.024091188523897522,0.0020079685611469164,G2,-19.497396147672003
000430,2022-03-31,-0.1062032535033442,0.02177761206191374,0.0034060575203168062,G2,-6.318712947892572
000440,2022-03-31,-0.26709840083538267,0.06066711059120405,0.010845377079461496,G3,-4.920320478969921
000480,2022-03-31,-0.003867257720815708,0.008807749854722635,0.013255287227628915,G4,-4.004482882578187
000490,2022-03-31,-0.13822783595216528,0.040942693663024304,0.011863818816182772,G3,-4.143133892331372
000500,2022-03-31,-0.08399262972909896,0.024970184441674002,0.006479829436164594,G3,-4.621345741562108
000520,2022-03-31,-0.0951669079421802,0.02785609235715177,0.0038577130991887055,G2,-4.543714607412845
000590,2022-03-31,-0.23561548696677695,0.02424293982623094,0.013840380945422618,G4,-11.014287651876009
000640,2022-03-31,-0.09526998021145146,0.018945793007361766,-0.002456787901941369,G2,-6.686086244512523
000660,2022-03-31,-0.2475755741910891,0.019555031689454078,0.0278914245881027,G5,-14.266343538987588
000670,2022-03-31,-0.2649397609118596,0.017717234176737803,0.01776780699333114,G4,-16.726255563489737
000680,2022-03-31,-0.2851497533376815,0.027235661520378422,0.006552251518433884,G3,-11.622738772373127
000720,2022-03-31,-0.1321565485966104,0.021938712971718583,0.011611901449982209,G3,-7.455303992258278
000760,2022-03-31,-0.08865412827906412,0.014010303390674448,0.0017987889335808534,G2,-8.569218719805056
000850,2022-03-31,-0.05597730157714961,0.016277694790463273,0.00961693211219447,G3,-5.368114374204599
000860,2022-03-31,-0.18395952728531637,0.019894275153740707,0.00628366288638996,G3,-10.825363147310922
000880,2022-03-31,-0.1860447830948655,0.01780598254553312,0.0020338740829865566,G2,-12.212075820318434
000890,2022-03-31,-0.1738388634120292,0.02144421039922505,0.0018778049792193337,G2,-9.570979084680955
000910,2022-03-31,-0.29184252576526754,0.026898938694578246,0.008815108079183622,G3,-12.017044807677584
000950,2022-03-31,0.1508081686355841,0.03227890540689392,0.005809128325328835,G3,3.699163318085463
000970,2022-03-31,-0.14046341519231328,0.019458373408743332,0.011441759273384366,G3,-8.832528669715998
000990,2022-03-31,-0.3877335495086212,0.0227611542002757,0.12141313372757935,G5,-18.414565958610126
001040,2022-03-31,-0.07654532055898343,0.014149033899000418,0.006879991268980301,G3,-7.62939343675339
001060,2022-03-31,-0.16601094342156383,0.02849094135136516,0.016757246062571937,G4,-6.929015324323646
001070,2022-03-31,-0.012805081215461311,0.008711255583274749,-0.0070849237507876,G2,-5.074849038615172
001120,2022-03-31,-0.038714952608444,0.024250379020655376,0.03989413204692881,G5,-2.8914260826674956
001130,2022-03-31,-0.22086570061365485,0.03296371686069867,0.007034141225120379,G3,-7.652927231664117
001140,2022-03-31,-0.16951379203367561,0.03432239435133115,-0.02662350658283978,G1,-5.853817067174829
001210,2022-03-31,-0.3896145930655605,0.0579904502997112,-0.0720843005514688,G1,-7.260123290922417
001230,2022-03-31,-0.24216437534461122,0.026900217915863174,0.0495929919458862,G5,-10.169716914811268
001250,2022-03-31,0.3463292673642387,0.06475522675113453,0.010708060613949638,G3,4.863330071688298
001260,2022-03-31,-0.06541344044459563,0.04443130751732422,0.005272616521512529,G3,-2.1790190669787837
001340,2022-03-31,-0.11290657550574121,0.030363630775357715,0.021024460671169067,G4,-4.7527188820024335
001380,2022-03-31,-0.35764232523058126,0.028332857073649253,-0.0029778844140490044,G2,-13.73125025922153
001390,2022-03-31,0.010447747096077174,0.07197508402516113,0.02322303354551941,G4,-0.29114906907296956
001430,2022-03-31,-0.1692666936556426,0.025532934339636718,0.011848489018725589,G3,-7.859258038766778
001440,2022-03-31,0.029323579827306323,0.03274446579974253,0.007294491690408117,G3,-0.06351137294051165
001460,2022-03-31,-0.09555777556062407,0.013866959950679335,0.009247928482095082,G3,-9.155647800140644
001470,2022-03-31,-0.1347956339833589,0.04810532948340578,0.013683826123450718,G4,-3.454894947703077
001530,2022-03-31,-0.44846033949768366,0.03327269249012561,0.020109189700618788,G4,-14.42214408847571
001540,2022-03-31,-0.3191255657424882,0.021604287823232735,0.007172609654606557,G3,-16.224963970901623
001560,2022-03-31,-0.2769109031656068,0.03673433477341397,0.02036227327811004,G4,-8.393077780605326
001570,2022-03-31,0.06939048463766091,0.024528988607374177,0.008249076307579926,G3,1.5486679634148943
001620,2022-03-31,-0.2266249492718912,0.019348134377561124,-0.005897212507778502,G2,-13.336075202040634
001630,2022-03-31,-0.22758832400425424,0.014719410955447765,0.0015141976756152824,G2,-17.595238735749213
001680,2022-03-31,-0.11890017623046759,0.017199652913810426,0.013236444068607803,G3,-8.738746228781942
001740,2022-03-31,-0.11045727895963096,0.014180774276428942,0.0045789287476697155,G2,-10.003720671436174
001790,2022-03-31,0.30718247891656697,0.07747243533210368,-0.0023103510904550076,G2,3.559708068139632
001800,2022-03-31,0.05767991932357361,0.014469650895813733,0.01964920341205992,G4,1.815986695624026
001820,2022-03-31,-0.3452022645335654,0.022425475023779694,0.03451087244713275,G5,-16.79364606282227
001940,2022-03-31,-0.23405133848862947,0.01870346287112612,0.028857920076710546,G5,-14.192803018572693
002020,2022-03-31,-0.2570573954708817,0.022098101728551825,0.02052976949224393,G4,-13.053638037362644
002030,2022-03-31,-0.24689742414992905,0.021582251373101557,0.011064202407766583,G3,-12.894885021274147
002070,2022-03-31,-0.3021598831878163,0.07638186209492141,-0.007963680224300818,G2,-4.3670460479183095
002140,2022-03-31,1.0868534651848163,0.10242367631418302,0.009976453451035082,G3,10.304748641718225
002150,2022-03-31,0.24273529262354732,0.053161728093490804,0.005772064484595898,G3,3.975267065160952
002170,2022-03-31,-0.1306164433110898,0.012971004742441467,0.0193335979440704,G4,-12.490911254346303
002200,2022-03-31,-0.1036886201265178,0.017021636658406395,0.0208578754843972,G4,-7.936478062833767
002220,2022-03-31,-0.006975438242748497,0.04525807124991244,0.0092307852426414,G3,-0.8479960146174886
002230,2022-03-31,-0.1135023199293148,0.01661744927758332,0.0009449005846783677,G2,-8.720083528778494
002240,2022-03-31,0.01554282504457868,0.04682305589544068,0.02458221302742272,G4,-0.33873057745932594
002310,2022-03-31,-0.2216128045252565,0.01586400486568619,0.035784610746010415,G5,-15.949064090303027
002320,2022-03-31,-0.09432690180893032,0.022005913700440177,0.004840367820163275,G2,-5.71346999388019
002350,2022-03-31,-0.17683754129799992,0.023136599423247438,-0.005881338866191675,G2,-9.000491528379627
002360,2022-03-31,0.028750625542946655,0.057001392304617926,0.01839121690380206,G4,-0.04653571002843814
002380,2022-03-31,-0.1556081300485259,0.02409279997765933,0.006321922345955854,G3,-7.762126279568527
002390,2022-03-31,-0.21478388510637197,0.016666875867800666,0.00092003088604835,G2,-14.771041247654653
002410,2022-03-31,-0.33327323023732525,0.04130388872528494,0.007416586111837006,G3,-8.829107071957933
002460,2022-03-31,-0.15173484158150688,0.03855658456936146,0.013223708201288492,G3,-4.749851923696764
002620,2022-03-31,-0.07449498448682366,0.05155912047452096,-0.004650806577590717,G2,-2.053918090895424
002680,2022-03-31,1.1094130289019417,0.10712893106722833,-0.004413328682596209,G2,10.062732749746091
002710,2022-03-31,0.14533301778047056,0.04163673123279964,0.014199640183351776,G4,2.7362808895110846
002720,2022-03-31,-0.056163270444298745,0.04388408334264746,0.020823249434656722,G4,-1.9954044742607489
002790,2022-03-31,-0.1396617944596351,0.027428059013976838,0.022347673919561876,G4,-6.236862046232113
002800,2022-03-31,-0.2514292345977439,0.02154247258211912,0.004539806789445768,G2,-13.129062103992403
002810,2022-03-31,-0.06896505115827138,0.010695996457992565,0.023874984948238677,G4,-9.383723840869726
002840,2022-03-31,0.017631831637965393,0.014405040622230334,0.05242010129613159,G5,-0.95601217168619
002870,2022-03-31,-0.24505117261529144,0.037838060698743764,-0.019576860753724553,G1,-7.306251782373228
002880,2022-03-31,-0.4050715355221532,0.02462147906795622,-0.018514111713049827,G1,-17.72739810325439
002900,2022-03-31,0.3341483036384023,0.055144501673307755,0.045750053470247826,G5,5.490031982254578
002920,2022-03-31,-0.056179402240987504,0.022216425213930625,0.009460080322746709,G3,-3.94224665778008
002990,2022-03-31,-0.33465578457908896,0.016444224778065685,0.007714846684146493,G3,-22.26064258582822
003000,2022-03-31,-0.39317846057166767,0.022706223688352557,-0.006073953317912228,G2,-18.698912342518398
003010,2022-03-31,0.49499059123080513,0.061972531746554635,0.0023951694785896926,G2,7.480529717912108
003030,2022-03-31,0.1850678299060797,0.03711288042656019,0.034778598194844426,G5,4.140465583201043
003060,2022-03-31,-0.2907793863044601,0.033269326408542424,0.0055752545777829655,G3,-9.684073796822837
003100,2022-03-31,0.2722855254436978,0.011447061741828277,0.013776747568943197,G4,21.04315544634893
003160,2022-03-31,-0.29027900559484915,0.029651509841702475,0.022279340204898482,G4,-10.84876396239629
003200,2022-03-31,-0.22527073099717454,0.0203577059682719,0.017601981145074767,G4,-12.60819648361462
003220,2022-03-31,-0.1279073471465047,0.024516992990230125,0.029804568806980423,G5,-6.497965432238799
003230,2022-03-31,0.10695871890219659,0.026661408711510445,0.03430662972221552,G5,2.83388975853799
003240,2022-03-31,-0.13401965121481668,0.013662211997511612,0.01018874861602825,G3,-12.108059591770193
003280,2022-03-31,-0.3021258644162535,0.03291709443816213,-0.001266197318852507,G2,-10.132397646738566
003310,2022-03-31,0.7839697668887199,0.09994712045146908,0.013241227702256423,G4,7.52964705419091
003380,2022-03-31,-0.20736927089961107,0.021589139740155056,0.009984494205046155,G3,-11.059843031260485
003410,2022-03-31,-0.1704057252613738,0.013530418454829886,-0.003552971287509336,G2,-14.915203971077972
003480,2022-03-31,0.08046019090971576,0.03745674352834493,0.008891396705295073,G3,1.3096964787166003
003490,2022-03-31,-0.17125966854360578,0.017552022869604313,0.027073354455389605,G5,-11.546412391076503
003550,2022-03-31,0.03287728362406729,0.021275856291480322,0.02885591131267708,G5,0.06928312531448905
003570,2022-03-31,-0.12888300011680928,0.02723713898074601,0.007538547908302143,G3,-5.884840769677298
003580,2022-03-31,-0.16412256481789383,0.07301182283750314,-0.024389410354288012,G1,-2.6780017677344166
003610,2022-03-31,-0.17805657102817044,0.027319681421354155,-0.01585074524182479,G1,-7.666992656469994
003670,2022-03-31,-0.08964645765529447,0.03097907857137872,0.009807086194801836,G3,-3.9074655878752553
003780,2022-03-31,-0.4417147322891254,0.04166027747422225,0.01351840053402772,G4,-11.356572418134371
003800,2022-03-31,-0.09650444222304122,0.012689201675780337,0.025439783247458825,G5,-10.080040596535557
003850,2022-03-31,-0.25273623487890506,0.020764958770023715,0.019175924787796315,G4,-13.683603412472953
003920,2022-03-31,-0.08584299942433338,0.013297918319294813,-0.021891541643876078,G1,-8.816885651994479
003960,2022-03-31,-0.14738395832855905,0.03606996303597723,0.013365553837108985,G4,-4.956677775263676
004000,2022-03-31,-0.1748882000816607,0.0218954609184471,0.01285183705426705,G3,-9.421652581622984
004020,2022-03-31,-0.2445887955188122,0.020506000239124064,0.017291123729758478,G4,-13.459086028814612
004060,2022-03-31,-0.2758496794971618,0.023835701758872747,0.0019190039642257245,G2,-12.89044931052805
004080,2022-03-31,-0.02149775988980279,0.009476542881554018,0.016214100977658543,G4,-5.5823084807884475
004090,2022-03-31,-0.27191186571544307,0.05467161377862896,0.01380525890706117,G4,-5.547944729600428
004100,2022-03-31,0.0396722832525815,0.04374070768390219,-0.0018463253760131414,G2,0.1890471801665236
004140,2022-03-31,-0.3567833295058601,0.027386498024409258,0.0038641019283878393,G2,-14.174377277676236
004150,2022-03-31,-0.12481386653168669,0.015247662979686548,0.014492910135516662,G4,-10.245313825879808
004170,2022-03-31,-0.1519939163821541,0.018434875822873228,0.013647639496407508,G4,-9.948379579593054
004270,2022-03-31,-0.2521544853438603,0.027945913189372684,0.011504237324124228,G3,-10.146661131765903
004360,2022-03-31,-0.12038059390853868,0.01870375311598676,0.022035283769060776,G4,-8.115153080440058
004370,2022-03-31,-0.10568747983436638,0.015276557509630802,0.014616261515713767,G4,-8.973926590096747
004430,2022-03-31,-0.09497091910919578,0.03270304804125186,0.048272036511262044,G5,-3.8642925502307346
004440,2022-03-31,-0.4303442140248261,0.023109487919339568,-0.004155995954218595,G2,-19.980859872055255
004450,2022-03-31,-0.09449560592704463,0.04886131483848614,0.002878577993059347,G2,-2.5766566485093985
004490,2022-03-31,-0.23465077508861593,0.028938937768305605,0.014427068894175442,G4,-9.193633955232945
004540,2022-03-31,-0.25130886745210546,0.028869647717394576,0.003769236523172524,G2,-9.79271018566039
004560,2022-03-31,-0.31087457605238994,0.027020248664737373,0.03429429024513533,G5,-12.667455659115724
004590,2022-03-31,-0.3828696237019253,0.029578818747852054,0.02051453520100637,G4,-14.005726632963002
004650,2022-03-31,-0.05511306658186407,0.022831785865631286,0.019410263479991228,G4,-3.789291512169828
004690,2022-03-31,0.5463429682826314,0.022009986218804685,0.019643315032776824,G4,23.395732162532227
004710,2022-03-31,-0.2520123034435038,0.024014938350907743,0.008283504814528473,G3,-11.801634678743305
004720,2022-03-31,-0.3093483862307554,0.02625106926655095,0.23223064550358843,G5,-12.980485045285066
004770,2022-03-31,-0.2912295976134384,0.029230327246818476,0.01784012641670939,G4,-11.037605590098428
004800,2022-03-31,-0.062239783805600996,0.011297284780855057,0.01360066659881458,G4,-8.288983718525422
004830,2022-03-31,-0.3951473677023469,0.02782701429111884,0.022412646123637532,G4,-15.328651110260674
004840,2022-03-31,-0.17610791126599837,0.029305765347708113,-0.0032694574546089264,G2,-7.080898062560874
004870,2022-03-31,-0.23529433795786078,0.02454915547237333,-0.051081520986929085,G1,-10.863818271241284
004890,2022-03-31,-0.0552200703749243,0.010867287252097716,0.027453110923087484,G5,-7.971013756414231
004910,2022-03-31,-0.31678438030632783,0.023579107920130387,0.0022964495866481336,G2,-14.766784531976223
004920,2022-03-31,0.20501576062304955,0.05323999446673315,0.04129943372066437,G5,3.2609420146555275
004960,2022-03-31,-0.3583451627425852,0.030198055694661174,0.005046150876767254,G3,-12.906406706771584
004970,2022-03-31,-0.16996313868691648,0.015418794403269228,0.00619831748733693,G3,-13.059799568419734
004980,2022-03-31,-0.4387952845180042,0.024001478978050057,-0.0004666139446653073,G2,-19.590397356532232
005010,2022-03-31,0.25893219438738924,0.037460789113361814,0.02844822348688777,G5,6.0737900606525335
005090,2022-03-31,-0.28513543200001235,0.032869586662923604,0.027940195000253028,G5,-9.630138068134418
005160,2022-03-31,-0.1408155653546366,0.01851749995637515,0.0061611946007674645,G3,-9.300326262552373
005180,2022-03-31,-0.1487974456487138,0.01256530139769303,0.0026183137000772017,G2,-14.341134028687124
005250,2022-03-31,-0.18342648644208218,0.021875711177878635,0.00761885528120449,G3,-9.82046757253661
005290,2022-03-31,-0.17855212281734695,0.02764022799310617,0.03923542071755641,G5,-7.596006396045797
005300,2022-03-31,-0.021863889428317303,0.024038212176648404,0.0138805974894164,G4,-2.2159349806602724
005320,2022-03-31,-0.3585146913368173,0.026338854435445775,0.009392985269537163,G3,-14.803905693731805
005360,2022-03-31,-0.30905190932149834,0.03422937992394622,0.00964072010296552,G3,-9.946284036824576
005390,2022-03-31,-0.3151865758079354,0.031834247300274954,0.015000639596605074,G4,-10.887325161019074
005420,2022-03-31,0.2267573926751345,0.04033967928470438,0.015312201871119884,G4,4.84272979688154
005430,2022-03-31,-0.24551159343342685,0.020815775164714764,-0.013169408676979907,G1,-13.30312309047622
005440,2022-03-31,-0.1383103641112359,0.01241903849273165,0.014494394531718162,G4,-13.665598187574172
005450,2022-03-31,,,-0.004468013798451746,G2,
005610,2022-03-31,-0.2232345505301515,0.020124281004651332,0.008383344402316672,G3,-12.653260818498241
005670,2022-03-31,-0.14097593407954984,0.025757011845484696,0.01091705500156424,G3,-6.692513903402198
005680,2022-03-31,0.015082596151705794,0.022238568884827246,0.013918429144471663,G4,-0.7338884862272281
005710,2022-03-31,-0.16856079611725824,0.020147005299064092,0.003734598018988571,G2,-9.925247894435158
005720,2022-03-31,-0.21126123729763516,0.01696766811691907,-0.002808683556231251,G2,-14.30158000686714
005740,2022-03-31,-0.25663724255303455,0.030462070870188165,0.026748762765968343,G5,-9.455708693835986
005750,2022-03-31,-0.4041542113563163,0.028226215978397164,0.0016149375683314402,G2,-15.430953886844778
005800,2022-03-31,-0.2062593239511731,0.024567094383262045,0.009203272475025318,G3,-9.674019485167445
005820,2022-03-31,0.047358337844785686,0.022881713394736165,0.02548327601016015,G5,0.6972865957671023
005850,2022-03-31,0.26338255044652326,0.028951661381757966,0.019875010727080096,G4,8.012642921633455
005860,2022-03-31,1.170702044806263,0.11664638372143761,-0.007521426189701597,G2,9.76711649904692
005880,2022-03-31,-0.032266814145283075,0.030597416603799683,0.020163188698323238,G4,-2.080895938901846
005930,2022-03-31,-0.19428501322400063,0.012959496934859873,0.03430210619057411,G5,-17.41489196416038
005950,2022-03-31,0.10101810237796871,0.03486580012830778,0.013493800976355858,G4,1.9966522011636356
005960,2022-03-31,-0.19739893896663183,0.014225154421727393,0.013865423355896812,G4,-16.08433609856725
005980,2022-03-31,,,-0.017620134101733177,G1,
005990,2022-03-31,-0.06491013522819784,0.022142850289097155,0.00990982700635349,G3,-4.349637005949178
006040,2022-03-31,-0.1002602338650936,0.023172935001101524,0.023834072293672185,G4,-5.681777455695042
006060,2022-03-31,-0.15310090813052998,0.02041173781274376,0.005807806148006424,G3,-9.039119335629973
006110,2022-03-31,-0.42195556982207805,0.030807399703404858,0.016957301166361995,G4,-14.715905918486982
006120,2022-03-31,-0.15971070418425976,0.019597755028825516,0.025456817500356756,G5,-9.75182768177324
006200,2022-03-31,-0.3182997134171327,0.024754512381765348,0.02554729518219517,G5,-14.126836102866735
006260,2022-03-31,0.20469750942930431,0.02466536442426217,0.011996524937597619,G3,7.025814848792228
006280,2022-03-31,-0.1638830705192242,0.023835701133758443,0.012910230939582091,G3,-8.19301665303616
006340,2022-03-31,-0.43224530649195525,0.029793643531609317,0.00742421543011739,G3,-15.561995021068935
006360,2022-03-31,-0.37119767038141777,0.020898188731289537,0.012779972338482559,G3,-19.26487033706804
006370,2022-03-31,0.0432775267177613,0.019072576517437385,-0.010816104932126137,G1,0.6225850451014546
006400,2022-03-31,-0.09410531971154382,0.025087709683793813,0.016807860365536696,G4,-5.002790095226253
006490,2022-03-31,-0.2297586410130507,0.034072718439185905,0.0008223903942700992,G2,-7.664837993059829
006570,2022-03-31,-0.0028962510156334276,0.02522613998928706,0.008288553416875063,G3,-1.359679952487824
006620,2022-03-31,-0.1953761148945122,0.028620462106323057,0.019471062381813762,G4,-7.923678515689023
006650,2022-03-31,-0.2952769133566272,0.023456428397144603,0.0010276487156927693,G2,-13.927104912649286
006660,2022-03-31,-0.21815296538061277,0.032840713873869436,0.017738619800554137,G4,-7.5989880166895585
006730,2022-03-31,-0.2938281713464058,0.022715226475666674,-0.0017706871012236856,G2,-14.317770395168914
006740,2022-03-31,-0.24105422588616332,0.06522957548201859,0.009712841710766166,G3,-4.176900580438723
006840,2022-03-31,-0.29205605227626236,0.025776705260619637,-0.012997298022641745,G1,-12.548511332706235
006880,2022-03-31,1.2875049900931208,0.10456368066994651,0.007329054116946947,G3,12.012792168741012
006890,2022-03-31,0.010556923163261393,0.044868351413549674,0.0302892439054168,G5,-0.4646103987875714
006920,2022-03-31,-0.32953551127043895,0.045450916150713616,-0.020525637733624393,G1,-7.941286285187973
006980,2022-03-31,-0.1383425825597358,0.043006624147548037,-0.004726469584007066,G2,-3.946968908413269
007070,2022-03-31,-0.08980239437887912,0.0179540357487822,0.002468556699379634,G2,-6.750884418482454
007160,2022-03-31,-0.07721524978047391,0.01967583371680688,0.015975843822000627,G4,-5.520400159417123
007210,2022-03-31,-0.2873496918344506,0.030038705372021562,0.008495165936593675,G3,-10.61140663997433
007310,2022-03-31,-0.04552093620241239,0.014259416572550844,0.028277723791273558,G5,-5.394621976115194
007340,2022-03-31,-0.21615133393935976,0.02810994202410879,0.00816103989701145,G3,-8.806654938437566
007530,2022-03-31,-0.1945798629519776,0.022728210227704767,0.006777169099281626,G3,-9.942845762794159
007540,2022-03-31,0.5981293264558756,0.09656514442678345,0.02028602840354096,G4,5.868847439866056
007570,2022-03-31,-0.17990641754731868,0.02497319060517809,0.026451483742115697,G5,-8.461459598596747
007590,2022-03-31,-0.06398225223891098,0.026012893900258537,0.07298879155314561,G5,-3.6668537691769294
007610,2022-03-31,,,-0.031083627927989754,G1,
007660,2022-03-31,-0.04799707825113781,0.03516622271219679,0.039677372853020774,G5,-2.257857055260325
007680,2022-03-31,-0.0980986990812263,0.017664642447788138,0.013768481775137238,G4,-7.331137625369449
007690,2022-03-31,-0.13938770062700337,0.019837010541848634,0.025699259814021193,G5,-8.609710927619378
007700,2022-03-31,-0.4246636751291741,0.025667042535964683,0.043880881437123355,G5,-17.768580088515627
007720,2022-03-31,-0.3110994286765404,0.023171346916417864,-0.037712675596614564,G1,-14.781301049025968
007770,2022-03-31,0.012635403511449497,0.053334780322509885,0.005857849144798063,G3,-0.3518871209652506
007810,2022-03-31,-0.45817028480531985,0.026649086574918334,0.030886605794786682,G5,-18.371117870604603
007820,2022-03-31,-0.09275043410275137,0.023408566122181382,0.003580540099834107,G2,-5.303770391624202
007860,2022-03-31,-0.1885738613046013,0.023067880312503987,0.01741219391154694,G4,-9.536077183121758
007980,2022-03-31,-0.23230716855375558,0.028235084285950427,-0.005546926558825208,G2,-9.339812542774222
008040,2022-03-31,0.3901536150865605,0.07752951208167724,0.0032130203777899417,G2,4.627275209757102
008060,2022-03-31,-0.20827853243491426,0.014502015510581693,0.027983157905048472,G5,-16.527479098783004
008110,2022-03-31,-0.3537318838036104,0.03174647367870456,0.00998551703405861,G3,-12.13158707035892
008250,2022-03-31,-0.39898336636960635,0.02525166421306213,0.018393350604910937,G4,-17.043890198469708
008350,2022-03-31,-0.6541014093439855,0.03662176916797081,0.03288071995048735,G5,-18.718501337449737
008370,2022-03-31,-0.15747821226710612,0.02124661206012798,0.031816992226196585,G5,-8.889955609817822
008490,2022-03-31,-0.20189599245838075,0.016164818093891885,0.019994573661466748,G4,-14.432529763696376
008500,2022-03-31,-0.4007380447738407,0.0434619401097236,-0.035610066018461874,G1,-9.9429815946852
008600,2022-03-31,-0.44487381597677333,0.02938120868190347,0.0034425493027776125,G2,-16.21026033815193
008700,2022-03-31,0.12286863805946796,0.03673455913894778,0.02028796669413982,G4,2.4899009106669867
008730,2022-03-31,-0.17430623543733878,0.023041847268789155,-0.004998222492672745,G2,-8.92764624485771
008870,2022-03-31,0.05219021376268179,0.017304017764024078,-0.005326556359017686,G2,1.2012810111329972
008930,2022-03-31,-0.0911561524701208,0.024053387236107268,0.019901591040166335,G4,-5.095306414582425
008970,2022-03-31,-0.06742757991290699,0.03466500632300228,0.002845898565087281,G2,-2.851025175027258
009070,2022-03-31,-0.3230822959716725,0.030655105471028492,0.019460235233041003,G4,-11.563669944412393
009140,2022-03-31,-0.28177724937837106,0.019291908668708644,0.006239235693560327,G3,-16.23377347275127
009150,2022-03-31,-0.22018920685191642,0.021401196781596715,0.042425117898397334,G5,-11.755998284858396
009180,2022-03-31,-0.2148719330633307,0.03607277395497677,0.036085448708116453,G5,-6.827175508519633
009240,2022-03-31,-0.25276876806078924,0.02821771657331487,0.01877714948529926,G4,-10.070694172893445
009270,2022-03-31,-0.2164467782511757,0.029707230506874113,0.021148347813731573,G4,-8.34308684548282
009290,2022-03-31,-0.18092461819343,0.015109200704999057,0.013349183772905442,G4,-14.052883944392269
009300,2022-03-31,-0.247925173140541,0.01891403859714427,0.02389555082439685,G4,-14.768310718640857
009310,2022-03-31,-0.4141203237769726,0.03982172676309019,-0.005265261836285418,G2,-11.187951548006938
009410,2022-03-31,-0.39150320837994773,0.020340926401982918,0.008270812396449102,G3,-20.790913148634797
009420,2022-03-31,-0.17008569759160916,0.023757195980198886,-7.787135130790012e-05,G2,-8.481174443566381
009450,2022-03-31,-0.12291242271449451,0.019398041040439223,0.025291838277905536,G5,-7.955218168641013
009470,2022-03-31,-0.39371946407958713,0.030781390559266084,0.02088994525317471,G4,-13.811029396723098
009540,2022-03-31,0.07139581421657801,0.023494962572582524,-0.01370408203987275,G1,1.7021771491049664
009620,2022-03-31,-0.38456898428039776,0.03645887365917768,0.0017369599606747944,G2,-11.40935438585986
009730,2022-03-31,,,0.007397080315924403,G3,
009780,2022-03-31,-0.19089684651361066,0.020944086843576445,0.032510233018495295,G5,-10.613977777132916
009830,2022-03-31,0.0741040702392936,0.02660820272600275,0.005930656844145597,G3,1.6048000262382545
009900,2022-03-31,-0.29619592958961016,0.025638143091048445,0.03018857073026055,G5,-12.777803534080554
009970,2022-03-31,-0.11473136041286548,0.024275829038438793,0.04064572250551759,G5,-6.019756770733757
010040,2022-03-31,-0.09136138691649327,0.023884641829390513,0.00630149366924126,G3,-5.139897579367535
010060,2022-03-31,0.34289675591204033,0.031842146928731795,0.030093003491643806,G5,9.78242864096962
010100,2022-03-31,-0.13650626257672935,0.0240146256346273,0.010248239063876606,G3,-6.991967767387054
010120,2022-03-31,0.259060150804114,0.022473723970204945,0.013913854756531067,G4,10.129915509306947
010130,2022-03-31,-0.1729642376684195,0.01722676603779848,0.02143136189808582,G4,-11.86336791400393
010140,2022-03-31,0.07926749726960032,0.020666439301391414,-0.008323919844184045,G2,2.316038615318032
010170,2022-03-31,-0.04370606582071542,0.03164393172770133,-0.006545495906995773,G2,-2.373576465576046
010240,2022-03-31,0.010111783373140941,0.04078227380236427,0.0273589134252062,G5,-0.5220759032831643
010280,2022-03-31,0.10698606213885635,0.03952871551952182,-0.000978064505540382,G2,1.912099478544328
010400,2022-03-31,-0.1661635971535134,0.027843616475410615,-0.013740502263145838,G1,-7.095587713415071
010420,2022-03-31,-0.3408385474925622,0.026255527418927324,0.010661691721545245,G3,-14.177653617830916
010470,2022-03-31,-0.2504187617093344,0.04392661178939612,0.01620816300900825,G4,-6.415746082738342
010580,2022-03-31,,,0.02687741556802133,G5,
010620,2022-03-31,0.16700264398404782,0.022574607644918164,-0.011827483647677496,G1,6.006723142677583
010640,2022-03-31,-0.3273897148862597,0.040432954170861256,0.025434856231203975,G5,-8.873775069131158
010690,2022-03-31,0.2827271789055349,0.039424644582787,0.030942938234368268,G5,6.374793121376992
010770,2022-03-31,-0.2286410433591055,0.02047539191935167,-0.007837059560872332,G2,-12.700331704995815
010780,2022-03-31,-0.3607760935766199,0.02388902257599386,0.029718180952976354,G5,-16.416716847058176
010950,2022-03-31,0.08825309459376998,0.02250055339646391,0.05727700079164444,G5,2.5265986922905044
010960,2022-03-31,-0.2526121531711017,0.020814043779232464,0.01696515080701464,G4,-13.645372422101564
011040,2022-03-31,-0.2839095262904374,0.01745039167873507,0.0176046964320524,G4,-18.069093112742394
011070,2022-03-31,-0.10326890762192348,0.024860160435907105,0.043418370194423045,G5,-5.417186818869422
011080,2022-03-31,-0.2341399505545816,0.02585171641066826,-0.0098064437081872,G1,-10.271781267546752
011090,2022-03-31,-0.502210504926313,0.032627730042161296,-0.033792693561768464,G1,-16.35460787628294
011160,2022-03-31,,,0.0022147075683482203,G2,
011170,2022-03-31,-0.14254998784744782,0.01718586598234958,0.007012136692993937,G3,-10.121876536949303
011200,2022-03-31,-0.1448525142545686,0.028354534175452174,0.14628759477419342,G5,-6.216139505956438
011210,2022-03-31,-0.11955578698981431,0.026857565737815236,0.0026264986120205997,G2,-5.620725804785683
011230,2022-03-31,-0.33152987474734325,0.02737193935020964,-0.026185665745892275,G1,-13.25931260880918
011280,2022-03-31,-0.3076593922995013,0.02074275907859194,0.012237884898440202,G3,-16.346071263773705
011300,2022-03-31,-0.46253923633238053,0.04060554862671012,-0.039519157385708596,G1,-12.164408038903318
011320,2022-03-31,-0.08520672196979695,0.042295084778197524,0.006111254209019806,G3,-2.7570567215498105
011370,2022-03-31,-0.2884686039405305,0.02614257433019312,0.01937089234399479,G4,-12.235666836282038
011390,2022-03-31,-0.3293111337938582,0.030036695376603157,0.0031677600869765444,G2,-12.009122677366344
011560,2022-03-31,0.17103293657061552,0.03914304523065108,0.019792769658166343,G4,3.5671652509760903
011690,2022-03-31,-0.22351271939135697,0.05553312589690553,-0.0043342557602413295,G2,-4.590340289344549
011700,2022-03-31,0.27921557200839453,0.06932682709806955,0.0006735236196329143,G2,3.574551967471239
011760,2022-03-31,-0.055144537802671034,0.02606256217891124,0.017269709620086896,G4,-3.3207695780253546
011780,2022-03-31,-0.0946285432586878,0.02153890756927359,0.06009391513443854,G5,-5.851353819119894
011790,2022-03-31,-0.11895167401005038,0.031449809503471565,0.015708938297491256,G4,-4.780788888400267
011810,2022-03-31,-0.22974936795001558,0.02146945650385937,0.0016246431357755848,G2,-12.163912659341056
012030,2022-03-31,-0.32443277275029764,0.020095922242661254,0.01881715460643298,G4,-17.70687576613686
012160,2022-03-31,-0.2529267906883261,0.02809812720242992,-0.002243596191092897,G2,-10.119180344168592
012170,2022-03-31,-0.051917053542158025,0.03413044059837977,-0.034186937460841955,G1,-2.4412306986908625
012200,2022-03-31,,,0.0015653276126310453,G2,
012320,2022-03-31,-0.034286545832321,0.011398499663701838,0.012737458417605024,G3,-5.763019132066969
012330,2022-03-31,-0.0667604747095927,0.0186210007748848,0.014109698957645205,G4,-5.271666206493222
012340,2022-03-31,-0.08772026948091832,0.03794527793151638,-0.0060004409654713705,G2,-3.139349657745661
012450,2022-03-31,-0.05098924456455191,0.024324258554783627,0.00510729703438143,G3,-3.387255162801258
012510,2022-03-31,-0.21895228866630354,0.026665544624382875,0.014161130057806217,G4,-9.388726838297199
012600,2022-03-31,,,-0.015392623012850468,G1,
012610,2022-03-31,-0.11830474871999758,0.025982137062173526,0.019274142689850317,G4,-5.761957693018398
012620,2022-03-31,-0.3208634159558337,0.024402520978684786,0.01439415656831195,G4,-14.435665973609225
012630,2022-03-31,-0.0641147105894679,0.011905541447941868,-0.00819693749199922,G2,-8.022981299387425
012700,2022-03-31,-0.06703720103915439,0.019414090945376616,0.011647433271240772,G3,-5.07056586489563
012750,2022-03-31,-0.09931299278994268,0.013419356083183995,0.027998167354477535,G5,-9.740871155524134
012800,2022-03-31,-0.3815272325669594,0.027165504619161167,0.005980467152551756,G3,-15.200544372812823
012860,2022-03-31,-0.3168674108612166,0.027376309429379936,-0.0014183162433644828,G2,-12.721606525016416
013000,2022-03-31,-0.23079160594949816,0.04362623802432394,0.006613433410603223,G3,-6.010026159252196
013030,2022-03-31,0.05322921471501868,0.02215623501874484,0.01776718661971042,G4,0.9850946647795368
013120,2022-03-31,-0.2590690617489219,0.013423330151319248,0.03354585389655773,G5,-21.63936104386331
013310,2022-03-31,-0.044823316836188516,0.03504694835391881,0.015683181395550187,G4,-2.1749837353276082
013360,2022-03-31,-0.4245171191838119,0.03979591516046243,0.010413568127923517,G3,-11.456460874236262
013570,2022-03-31,-0.3611068571436726,0.03169906562979037,0.007280706850694375,G3,-12.38238651997516
013580,2022-03-31,-0.4547249093170157,0.024173160547160413,0.009563679838227517,G3,-20.11024310102355
013720,2022-03-31,-0.67064955042581,0.04447300553913888,-0.02805895314819418,G1,-15.786042965196348
013810,2022-03-31,-0.016652913547188446,0.04163775254138455,-0.0032474772349992157,G2,-1.1541482529797
013870,2022-03-31,-0.05077847099367007,0.026913271290736753,0.007625605431317139,G3,-3.0535751641758866
013890,2022-03-31,-0.36983696107516784,0.029131985913866777,0.023822230149868288,G4,-13.773183471526732
013990,2022-03-31,-0.49052751046746407,0.028248513245379348,0.001920232761016569,G2,-18.476396677594657
014100,2022-03-31,-0.4309968123077836,0.03157916641991748,-0.03180022772074934,G1,-14.642566303542203
014130,2022-03-31,-0.107713789000006,0.02062791423528839,0.008764344179460802,G3,-6.744114466428635
014190,2022-03-31,-0.23548104998557187,0.03175804186213415,0.017525369116312514,G4,-8.403675420247989
014200,2022-03-31,-0.2657814148984726,0.10594348909360769,0.0053106259982568845,G3,-2.8051241586195355
014280,2022-03-31,-0.3129979508974903,0.024514224519914994,0.014976492356490834,G4,-14.049034119931285
014440,2022-03-31,-0.294797165950327,0.022621442969813475,0.009246873969797594,G3,-14.419963933868729
014470,2022-03-31,-0.039600596841776,0.04396727894284826,0.006898750494286347,G3,-1.6149241971631523
014530,2022-03-31,-0.0646841545220872,0.029881122357516103,0.023441376882620147,G4,-3.215654993774677
014580,2022-03-31,-0.10613892612859278,0.027077026068122442,0.029922222006688436,G5,-5.079662426331657
014620,2022-03-31,0.3230440210893653,0.024576996988479816,0.04962352378421195,G5,11.866412947831542
014680,2022-03-31,-0.15844331924418756,0.029597292645713594,0.0489506495976997,G5,-6.414321313883199
014790,2022-03-31,-0.3615186455385143,0.02155386946922041,0.016786271662315853,G4,-18.229760178610643
014820,2022-03-31,-0.07337565008168567,0.020998336831196885,0.012378622735098438,G3,-4.989865470319964
014830,2022-03-31,-0.05464856948087679,0.0317899507499298,0.041421792816693226,G5,-2.7068867128558987
014910,2022-03-31,-0.3687470613969962,0.0273461139932193,0.013241398758664074,G4,-14.632802573070107
014940,2022-03-31,-0.16847775684148403,0.022323735525872673,0.007778883102658762,G3,-8.953742639365997
014970,2022-03-31,-0.1346279872560363,0.04526569077373609,-0.0051065255709261724,G2,-3.6679261980648263
014990,2022-03-31,-0.16025819423450238,0.029331017658243214,-0.08221742267572456,G1,-6.534427897256722
015230,2022-03-31,0.2378703480864989,0.03880054565163062,0.037839824767440834,G5,5.321242750908849
015540,2022-03-31,,,-0.04972184526079941,G1,
015710,2022-03-31,-0.2463451407474204,0.028200519534402974,-0.008089358655797437,G2,-9.84905140541951
015760,2022-03-31,0.009225277213442202,0.021305269803256484,-0.03747594627560303,G1,-1.0409607011697888
015860,2022-03-31,0.44980987471441053,0.0681433186648321,0.010737543572810633,G3,6.140097915775465
016100,2022-03-31,0.003607243192124545,0.0544176923886302,-0.0028482506578680665,G2,-0.5107894398722175
016250,2022-03-31,-0.26725651056274513,0.017830171318282732,0.05741210176379973,G5,-16.750244910039452
016380,2022-03-31,0.3281468249561588,0.07527318675842436,0.029739133398583934,G5,3.9422218180034276
016450,2022-03-31,-0.1256660355048359,0.025195027993029293,0.020473266092457178,G4,-6.234137201782187
016580,2022-03-31,-0.11169498965565273,0.008466210258981168,0.030146945889314856,G5,-16.90227517209393
016590,2022-03-31,-0.1061339425746491,0.01099962616924127,0.018518371822269782,G4,-12.503803880690219
016670,2022-03-31,,,0.009447463284284408,G3,
016710,2022-03-31,0.2691235709118617,0.012825629796628402,0.02096102302314004,G4,18.534789236463222
016740,2022-03-31,-0.3038713606780126,0.02571901536277034,0.008283209476877627,G3,-13.036058408744227
016880,2022-03-31,-0.142798472555767,0.04064830047930509,-0.003492347278740049,G2,-4.2855838081326025
016920,2022-03-31,-0.3237537780899935,0.030111859721902567,0.028580754168030957,G5,-11.79458881571879
017040,2022-03-31,0.1894222851085892,0.05252762097454577,0.01801680003455132,G4,3.008304133528371
017180,2022-03-31,-0.24091840733967457,0.021510862830461674,-0.0015866861418182897,G2,-12.659726171489956
017250,2022-03-31,-0.07913157969224663,0.021511191062830642,-0.01851146626761369,G1,-5.138479090992418
017370,2022-03-31,-0.35787779599533304,0.02540118495472838,-0.007228497406031882,G2,-15.3253095277085
017390,2022-03-31,0.2676688644507921,0.010727531465292975,0.016528183111482662,G4,22.02423170780119
017550,2022-03-31,0.09700807393809642,0.045628029566868775,0.012508298149306247,G3,1.437819006308384
017670,2022-03-31,-0.08115061972356782,0.01701141159920944,0.010695390052968032,G3,-6.616373066609597
017810,2022-03-31,-0.3036464137819383,0.02454357190666831,0.000599795905319941,G2,-13.651217551482771
017890,2022-03-31,-0.1938831332827841,0.02194467984978019,0.025388932575464093,G5,-10.266103704014268
017900,2022-03-31,-0.214171995992503,0.02377518634223652,0.024163391670579643,G4,-10.329055607134874
017940,2022-03-31,-0.015067923560762309,0.016638726618516935,0.017770317048081994,G4,-2.7929510732808733
017960,2022-03-31,0.2423641581946381,0.028669307428932457,0.008576374152886883,G3,7.3584244373929035
018000,2022-03-31,-0.005125913355445107,0.039750190631788335,-0.013586913994850675,G1,-0.918967647231464
018120,2022-03-31,-0.24579327969823067,0.012728613356475068,0.012462930459330323,G3,-21.777431503461603
018250,2022-03-31,-0.23945891351238063,0.023891198524290346,0.01760236468645521,G4,-11.337319014926976
018260,2022-03-31,-0.055570937638301385,0.01601130574093469,0.027088458901903457,G5,-5.432046883121708
018290,2022-03-31,-0.1733750773701374,0.019830119887633432,0.039696056505868584,G5,-10.326629608744524
018310,2022-03-31,-0.36578018262508893,0.03616932681689483,0.0285756849377549,G5,-10.981222029435578
018500,2022-03-31,-0.021875412089219712,0.02728521563511927,0.006274373644931022,G3,-1.9526559220992727
018620,2022-03-31,0.05067222017433979,0.04086668728442242,0.010201284222455805,G3,0.47150859656865685
018700,2022-03-31,-0.5621813878767663,0.02900261445475581,-0.023983277993786287,G1,-20.466589817590833
018880,2022-03-31,-0.14840191374636352,0.01977731873717568,0.0035737338155572484,G2,-9.091482113540149
019010,2022-03-31,-0.11138065731997973,0.016929401935025633,-0.019132173348364194,G1,-8.434077215156812
019170,2022-03-31,-0.5263997487255231,0.037824737116873036,-0.018595044577684777,G1,-14.747041672978272
019180,2022-03-31,-0.3785961587961956,0.02925878248656389,0.027209953756117452,G5,-14.012865531603225
019440,2022-03-31,-0.12620380881208382,0.019201789605352466,0.005956105986990418,G3,-8.207934669516572
019540,2022-03-31,-0.31047855419661363,0.024981359752502905,0.0002233015165739274,G2,-13.685475225935681
019680,2022-03-31,-0.2901265910198668,0.018510512468744446,-0.01693795732527475,G1,-17.370119674926944
019770,2022-03-31,0.33197314645924986,0.055199524973469506,0.019495204910070108,G4,5.4451541167656945
019990,2022-03-31,-0.2904297279871454,0.03673072802401777,0.02753791234268479,G5,-8.76195412144171
020120,2022-03-31,-0.641816935533449,0.04246373144148318,0.0050336640805831384,G3,-15.854003840138883
020150,2022-03-31,-0.27452910568486244,0.04042019029035077,0.014676350545546689,G4,-7.5687998817845035
020560,2022-03-31,-0.3198865113070034,0.022920787651460044,-0.0028087061039091215,G2,-15.326250670581908
020710,2022-03-31,-0.638612318704593,0.036274420864726244,0.013668040229938923,G4,-18.470744081887663
020760,2022-03-31,0.14785103226749838,0.03443750346014233,0.0035666246341316122,G2,3.3814241672838588
021050,2022-03-31,-0.3970356242323282,0.02763848111103545,0.00237168458298149,G2,-15.501533833120568
021650,2022-03-31,-0.34536905126831896,0.02481595835975272,0.011679431832827915,G3,-15.18266075453412
021820,2022-03-31,,,0.010854433310734367,G3,
022100,2022-03-31,-0.15431731301014132,0.021121801916193256,0.030906490790216536,G5,-8.792835931020084
023150,2022-03-31,-0.13107054653269012,0.03542766354152038,0.0024233698314250866,G2,-4.586070773443084
023160,2022-03-31,0.29054029409144755,0.025190915846645786,0.018952845358378424,G4,10.286925249662985
023410,2022-03-31,-0.2666217340042776,0.018637785728728557,0.0006521504687545072,G2,-15.990363026405499
023460,2022-03-31,-0.31484047667082926,0.02305200182691176,-0.05142140845569349,G1,-15.020114308383542
023530,2022-03-31,0.09686269773544941,0.02204424139806331,0.003121282337384092,G2,2.9694590413416875
023590,2022-03-31,-0.23352246414879885,0.014858071841630339,0.004993459945096612,G3,-17.830421926818524
023600,2022-03-31,-0.3712871123250575,0.015977775113282782,0.024971438655367068,G4,-25.203154711868557
023800,2022-03-31,-0.48132083166587647,0.02989669038173609,0.004942797586402541,G3,-17.149860099081454
023900,2022-03-31,-0.12873888246304532,0.02378929683203531,0.00983337662894895,G3,-6.731687338225367
023960,2022-03-31,-0.09397433945142063,0.03752939044007754,0.013774756861203148,G4,-3.3407834176806093
024070,2022-03-31,-0.01973229022715268,0.018843279109878944,0.0034103723291666393,G2,-2.7137270395148754
024120,2022-03-31,0.01508051689151127,0.05381501690597847,-0.01248116445729045,G1,-0.303311414794464
024720,2022-03-31,-0.15982361080957064,0.02250256348967873,0.01473379003398395,G4,-8.498002314435526
024800,2022-03-31,-0.20982903214351226,0.02741043058955452,0.013664990233845301,G4,-8.800746750833309
024810,2022-03-31,-0.009077446544798442,0.05693629342244972,-0.008573694918321372,G1,-0.7109818696994542
024840,2022-03-31,-0.22618530147989543,0.030931767940581615,0.003905937114007321,G2,-8.327636744888354
024850,2022-03-31,-0.1638297244512436,0.019526190781075176,0.018799667640573794,G4,-9.998516989136222
024880,2022-03-31,0.27747340481759447,0.055886679886955705,0.012624090222296599,G3,4.4030201741967705
024890,2022-03-31,-0.2605931773235881,0.03701894734355058,0.00825616960106276,G3,-7.887755435620488
024900,2022-03-31,-0.24037574118318317,0.02609721356667324,0.0017850062668735805,G2,-10.414099049130018
024910,2022-03-31,-0.15767311112277985,0.025434862533518867,0.006079617349831564,G3,-7.433747152360689
024940,2022-03-31,-0.33541110810140035,0.0518490892564664,0.012753247864141346,G3,-7.074653367457258
025000,2022-03-31,-0.11563754088769577,0.009215858299976348,0.020954565727472434,G4,-15.955189620756727
025320,2022-03-31,0.15261822487737026,0.04385060225794428,0.021603654511599003,G4,2.7642721611413785
025440,2022-03-31,0.2279173306574612,0.05131047902802148,0.00305372747246196,G2,3.8299019727274435
025530,2022-03-31,-0.30304315418383937,0.01867508858037968,0.007654037395472434,G3,-17.908690422045183
025540,2022-03-31,-0.14379169846429657,0.02850706814284481,0.010726142421348329,G3,-6.145666169276745
025550,2022-03-31,-0.4824967993112977,0.02830408925975675,0.04741060947952277,G5,-18.156387948098416
025560,2022-03-31,-0.21670808895152727,0.07320932862126062,0.017295486129405756,G4,-3.389066932187727
025750,2022-03-31,-0.2852579728439816,0.02458024686209003,0.013071321761531909,G3,-12.882750951489339
025770,2022-03-31,-0.13083950509298378,0.011505524816194788,0.007509546832778804,G3,-14.101289032123766
025870,2022-03-31,-0.10422414450522946,0.04154954665676898,0.003184752562852855,G2,-3.2642322534122172
025880,2022-03-31,0.2186169260319686,0.07746174317063574,0.015399276205367124,G4,2.4168536952894977
025900,2022-03-31,-0.2277645316930056,0.02970418546920455,0.014858313669877984,G4,-8.724957557518154
025980,2022-03-31,-0.2793927733637991,0.028563029059699763,0.03266848506824889,G5,-10.881058816299001
026040,2022-03-31,-0.1660782089331223,0.02906138953374105,0.013500983979411133,G4,-6.7953197664651475
026150,2022-03-31,-0.3018241374947673,0.03077646520938018,0.01324095726397263,G3,-10.827343589791347
026960,2022-03-31,-0.03551223426634169,0.017411190488739122,0.029365590411436975,G5,-3.843244384470527
027040,2022-03-31,-0.09383504049384542,0.019216659717942938,-0.00927957592610824,G1,-6.517171461560503
027050,2022-03-31,-0.340558047563024,0.02757251582779341,0.00624567444990627,G3,-13.490291408030833
027410,2022-03-31,-0.23546527249064722,0.02104905975341592,-0.003586250482077524,G2,-12.678404708969977
027580,2022-03-31,-0.27510645652354854,0.024441549119381525,0.009946100724809582,G3,-12.540517822045322
027710,2022-03-31,0.22852849811519693,0.07717043893380401,0.006318372894004985,G3,2.554414294284853
027740,2022-03-31,0.203442166585481,0.05315025043139812,-0.01742574683193839,G1,3.2368415836738684
028050,2022-03-31,-0.1802465561626688,0.022063451259890763,0.025212075801011032,G5,-9.592777642810551
028080,2022-03-31,-0.33231989434792913,0.024294743555843785,-0.011197528750773013,G1,-14.971268139477516
028100,2022-03-31,-0.018146333013442,0.0301487051479419,0.0063867508673333875,G3,-1.643505370355055
028260,2022-03-31,0.08573852106222941,0.017957708422664823,0.016525518541524835,G4,3.025736579351073
028300,2022-03-31,0.21661053588353243,0.05053382055964062,-0.019054769971017103,G1,3.665016973305965
028670,2022-03-31,-0.13688724605511804,0.028682567999488952,0.02332037352151544,G4,-5.8673432540826935
029460,2022-03-31,-0.1711352366877699,0.02434234749638076,0.03388340092729924,G5,-8.3204162016147
029480,2022-03-31,-0.4975472166924566,0.03274487435947975,-0.014291399775016547,G1,-16.153686732524452
029530,2022-03-31,-0.02845665367793269,0.010048240903265521,0.026812873654394685,G5,-5.95724963808648
030000,2022-03-31,0.01568469216392671,0.015459299802352227,0.02401504502170125,G4,-1.0167687957078897
030190,2022-03-31,-0.28992314086327026,0.027184854599713655,0.04993313265989123,G5,-11.82005095856229
030200,2022-03-31,0.027277456362182612,0.014628467706011138,0.017216434130206976,G4,-0.2820370203622642
030350,2022-03-31,-0.21034361397137438,0.055431485620301035,-0.0700036136769118,G1,-4.361182765942132
030530,2022-03-31,-0.21585080399646953,0.023672167245679134,0.01083716591363776,G3,-10.444925774510665
030720,2022-03-31,-0.37328076088408324,0.03637970940514843,0.016620260242009084,G4,-11.123892777254131
030790,2022-03-31,-0.801566102213983,0.05389816920640372,0.011696169009330468,G3,-15.45450133622476
031310,2022-03-31,-0.34438682387384545,0.023667334227294577,0.0020897706776223436,G2,-15.878004935888116
031330,2022-03-31,-0.17622767782127818,0.020947715069085587,0.038719277668343884,G5,-9.911864035908588
031430,2022-03-31,-0.03611946139317898,0.02568226097903046,0.030254799038427475,G5,-2.62915664842604
031440,2022-03-31,-0.3084020598754306,0.01718868643012957,0.00572969767895857,G3,-19.76912471253458
031510,2022-03-31,-0.2642221361876553,0.032438399969164575,-0.01654613736590234,G1,-9.11343846413891
031820,2022-03-31,-0.24603512952489084,0.02256625854856401,-0.011520037432501776,G1,-12.294388754532685
031860,2022-03-31,-0.6353795399425046,0.05518278953661532,-0.06120043554416424,G1,-12.08316526489708
031980,2022-03-31,-0.4715179519548346,0.027201049527503237,0.01849536178695626,G4,-18.489035772416717
032040,2022-03-31,,,-0.0009472416284974848,G2,
032190,2022-03-31,-0.3391436482626563,0.022021756621486237,0.005230351347933007,G3,-16.82639947566998
032350,2022-03-31,-0.36092977940267845,0.026242299294820203,-0.037711777851001084,G1,-14.950405099852288
032500,2022-03-31,-0.2753173310451528,0.023594464737625356,-0.028143454191556668,G1,-12.999682775701487
032540,2022-03-31,-0.390719828488465,0.035777611953964235,0.014295691209090484,G4,-11.798525145783087
032560,2022-03-31,-0.2692044614619823,0.027745948798296515,0.036717941301693834,G5,-10.834291141158955
032620,2022-03-31,-0.3266461406231524,0.021456771608104632,0.011734693401912287,G3,-16.687010188166514
032640,2022-03-31,-0.0862762353176129,0.015275142106880047,0.011954953597935875,G3,-7.7039847027714865
032680,2022-03-31,-0.6563472573472168,0.028863377374554022,-0.0009252438939137025,G2,-23.827789597484518
032750,2022-03-31,-0.3061838870572336,0.016829090913306134,0.005121187833843206,G3,-20.059735525985403
032790,2022-03-31,,,-0.0029438432573125153,G2,
032800,2022-03-31,-0.2092967615869295,0.0186679954055326,-0.041207906107092074,G1,-12.893724375036287
032820,2022-03-31,-0.028858353528355474,0.03224654220217906,0.0003586531804055618,G2,-1.8687764708842145
032850,2022-03-31,-0.4097793509927091,0.026645062097587123,0.01879981757975237,G4,-16.557761253598752
032940,2022-03-31,-0.19523174234806487,0.023420271613782715,0.019289660673271373,G4,-9.676871895078403
032960,2022-03-31,-0.18219386868606285,0.02654253458322016,0.028236846152817144,G5,-8.047351085587271
032980,2022-03-31,-0.19156640431218802,0.03542837446284926,-0.02268096656779283,G1,-6.293532613313914
033050,2022-03-31,-0.24408589297561634,0.02325960043958493,0.0070265504673843815,G3,-11.844103663673428
033160,2022-03-31,-0.4671975273531866,0.026661215829593424,0.013370687686869132,G4,-18.701350919120546
033170,2022-03-31,-0.346467182724051,0.03276048638262251,0.013347542954506058,G4,-11.534334506429685
033180,2022-03-31,-0.20073122286459927,0.07111168519781616,0.08900513185783265,G5,-3.264364330915613
033200,2022-03-31,-0.2589206582804942,0.031091650536918484,-0.004698307114028709,G2,-9.337680022558237
033230,2022-03-31,-0.4120676683199906,0.03216119844687965,-0.006629249741496073,G2,-13.789004003035487
033240,2022-03-31,0.0062796552221779794,0.048664828068220374,0.012200816829681518,G3,-0.516257255631405
033250,2022-03-31,-0.029204195540108665,0.0449461385484689,0.01767709017391787,G4,-1.3484455684931107
033290,2022-03-31,-0.24284180923003532,0.017834589718076662,0.02038844525320089,G4,-15.377142921236898
033310,2022-03-31,0.033720209291178804,0.03325986083351258,-0.002170432603120108,G2,0.06966305410372059
033320,2022-03-31,-0.31801338818256464,0.026231278327170517,0.007090630650071297,G3,-13.32060945070635
033340,2022-03-31,,,-0.15156683062286738,G1,
033430,2022-03-31,,,-0.00220752856220506,G2,
033500,2022-03-31,0.08612199141926588,0.029957607012740094,0.00761821543012703,G3,1.8265399365691655
033530,2022-03-31,-0.31686543455183774,0.026386345420213664,-0.013930806190363024,G1,-13.198821390835459
033540,2022-03-31,-0.264250189175047,0.03390531058355366,-0.017343634433416404,G1,-8.71997365288582
033560,2022-03-31,-0.03453594281290821,0.011842066626373961,0.005532311052795786,G3,-5.568214628391292
033640,2022-03-31,-0.40786904183537154,0.026287825438375396,-0.0018556660940034757,G2,-16.710102882856425
033780,2022-03-31,0.019821703081249604,0.0067741801201391975,0.03353826386191933,G5,-1.7096567436656844
033790,2022-03-31,,,0.00018521838247899578,G2,
033830,2022-03-31,-0.43522976074588104,0.032100594636549025,0.00914987265913925,G3,-14.53658388063113
033920,2022-03-31,-0.39928171095443,0.028565899259644013,-0.010411874820565851,G1,-15.076890555632687
034020,2022-03-31,-0.031196876123672876,0.026578634180076225,0.002525117189103253,G2,-2.355279112763835
034120,2022-03-31,0.03081812884566782,0.023558174155287354,0.040925886226660026,G5,-0.02483626094819666
034220,2022-03-31,-0.3372271680939865,0.01967567926220752,0.0009783327185762093,G2,-18.735332538607334
034230,2022-03-31,-0.1809085285521316,0.026740737407158446,-0.010298572209042574,G1,-7.939637233105911
034590,2022-03-31,-0.038081561001846786,0.014167269162727635,0.017791501758499483,G4,-4.904599892201133
034730,2022-03-31,-0.10810186426541682,0.018092558406466862,0.019488936013178977,G4,-7.710633672571416
034810,2022-03-31,-0.1909023690482938,0.02049893163522128,0.020724221534867387,G4,-10.844740536271646
034940,2022-03-31,-0.24917261388172862,0.03645398626350671,-0.015503618523948971,G1,-7.696712169145095
035000,2022-03-31,-0.1387741034467414,0.011923336147418131,-0.00314373139046862,G2,-14.272626985362907
035080,2022-03-31,-0.6382682078154552,0.03386168501188301,0.0018727274287034406,G2,-19.776671875215317
035150,2022-03-31,-0.13985916957632646,0.034678149430086784,0.04580100246029874,G5,-4.938625566743498
035200,2022-03-31,-0.5119732367786572,0.03170236851610214,0.011401643186563195,G3,-17.139932693329182
035250,2022-03-31,-0.0854639135831611,0.014695021265017197,-0.0019041008292571893,G2,-7.9528390794387835
035290,2022-03-31,-0.6183633509293421,0.07735964778383317,0.010862128039575562,G3,-8.399295955320827
035420,2022-03-31,-0.3343881923898815,0.021676861216325307,0.007617320553638413,G3,-16.874740975914342
035510,2022-03-31,-0.2979483275680663,0.029176939145028627,0.022064929081576392,G4,-11.288077605996417
035600,2022-03-31,-0.5824035761868749,0.023641869889271958,0.015248453066772302,G4,-25.962701125931474
035610,2022-03-31,-0.45128943125419524,0.026882380927439952,-0.020251359629940353,G1,-17.95572566148494
035760,2022-03-31,-0.31813895272610265,0.024612978645816044,0.0004528069494946802,G2,-14.201539097015099
035810,2022-03-31,-0.025635968473640598,0.060977158770641256,0.0046396267697068954,G2,-0.9354190229597075
035890,2022-03-31,-0.2903952277288015,0.025116806932043847,0.025821008351249387,G5,-12.812076567133415
035900,2022-03-31,-0.21476640449194676,0.029009614731297442,0.057972363527110486,G5,-8.485794540139642
036000,2022-03-31,-0.051446868958516995,0.032026523506186115,-0.03515057713774621,G1,-2.586921266960668
036010,2022-03-31,-0.052095570298114874,0.03825739070889645,0.028232331206107703,G5,-2.18255334609502
036090,2022-03-31,-0.48984767592112344,0.028372842819311354,-0.008598025877497395,G1,-18.3714725044329
036120,2022-03-31,0.08233720959673382,0.041675165875321905,0.03018783668242741,G5,1.222166312250792
036180,2022-03-31,-0.8293505630193431,0.06467625082480892,-0.010810379468860987,G1,-13.308653143135214
036190,2022-03-31,-0.0640895194243542,0.012651967634753956,0.018611697798720447,G4,-7.547659620033707
036200,2022-03-31,-0.4323176502310567,0.026342711821658905,0.0299728308635738,G5,-17.603384160936624
036220,2022-03-31,,,0.14481035356001842,G5,
036420,2022-03-31,-0.440457081694784,0.03243815101807415,-0.002719380571606009,G2,-14.546461271430688
036460,2022-03-31,0.014601864821038785,0.02280638515730454,0.020682693956553828,G4,-0.7366954854759872
036530,2022-03-31,-0.06356527954792877,0.012465955972994063,0.016532378869879946,G4,-7.618228843429078
036540,2022-03-31,-0.32013067519133065,0.022818255832154265,0.033903338487584075,G5,-15.405818200285909
036570,2022-03-31,-0.2650779183298399,0.028705706654246186,0.051902933068489775,G5,-10.328299794439502
036580,2022-03-31,-0.1807146889793963,0.045099219462653266,-0.003020022032923934,G2,-4.703361107202822
036630,2022-03-31,-0.26692282860236727,0.01806779274832315,-0.0018107402522334044,G2,-16.511483088409136
036640,2022-03-31,-0.23286668672751004,0.030221003512025085,0.03147424163645714,G5,-8.74457767190978
036690,2022-03-31,-0.23818424380108386,0.027234149180201214,-0.011453364103226506,G1,-9.898876143467744
036710,2022-03-31,-0.37120993332222607,0.028812368639617936,0.06581603359404525,G5,-13.97362237601915
036800,2022-03-31,-0.13859155189812147,0.014640966351016794,0.014034946251254678,G4,-11.610898736391617
036810,2022-03-31,-0.42699106217646937,0.028452648147346996,0.000927583537691295,G2,-16.110777654475122
036830,2022-03-31,-0.4196821576056092,0.0280813443075137,0.004621707830317087,G2,-16.063525252648404
036890,2022-03-31,0.039214096564953796,0.03790875899694781,0.027344322609798383,G5,0.2060439583139897
036930,2022-03-31,-0.39816213192308414,0.02982289875370716,0.0429413357634113,G5,-14.403876741731494
037030,2022-03-31,-0.300609814825925,0.02797281152527696,0.00625351641422084,G3,-11.869133724093519
037330,2022-03-31,-0.38958567191604543,0.026692434838460816,0.006071115747785457,G3,-15.771843230873007
037340,2022-03-31,,,-0.041791514860997685,G1,
037350,2022-03-31,-0.004986945773752232,0.029704204873009506,0.013900803480015432,G4,-1.2250848570354924
037370,2022-03-31,-0.3367957696968598,0.03307075486428179,-0.006591293570649591,G2,-11.133673755387612
037440,2022-03-31,0.020269426983545447,0.05645650035052891,0.010473427377546076,G3,-0.19721021943936073
037460,2022-03-31,-0.2549993514091796,0.01822619934983758,0.02816996733378963,G5,-15.71378495968132
037760,2022-03-31,-0.2877666629057674,0.02549529809003449,0.007859138561424103,G3,-12.518774543647128
038010,2022-03-31,0.07285384647096127,0.039893364884419934,0.01460964279452578,G4,1.039035458267345
038060,2022-03-31,-0.13071529995957337,0.02522960185219988,0.10259345665988148,G5,-6.425726680735913
038070,2022-03-31,-0.3591097531564198,0.03291302498270558,0.019169230975205835,G4,-11.864998102364327
038110,2022-03-31,0.0370849752772522,0.047933366977184255,0.0037864495316695043,G2,0.11853432857126538
038160,2022-03-31,,,-0.029378037875129485,G1,
038340,2022-03-31,,,-0.027374469061634002,G1,
038500,2022-03-31,-0.29593069645721065,0.022030611338655057,-0.005383119429592276,G2,-14.85814066763186
038530,2022-03-31,-0.4917116881607255,0.0303487714091133,-0.03751626797999295,G1,-17.23677400035025
038620,2022-03-31,-0.4589298171820575,0.03734286746277474,0.0016337979552855525,G2,-13.130567530126012
038680,2022-03-31,-0.377554507754872,0.027614407434900304,-0.02618774932476067,G1,-14.80957846100528
038870,2022-03-31,0.001567554483689202,0.0464431060861449,0.007879785760426361,G3,-0.6424133490861219
038880,2022-03-31,-0.3570815981470966,0.025007944448614833,0.007374720639891251,G3,-15.534456450500715
038950,2022-03-31,-0.4254919931306041,0.023425472698901977,-0.009429964409806627,G1,-19.50420488029135
039020,2022-03-31,-0.3900939855905957,0.02992519156613745,0.01407926992401283,G4,-14.08502968027788
039030,2022-03-31,-0.27513084363874124,0.02762221006631233,0.04339345272370986,G5,-11.097376665708499
039200,2022-03-31,0.012255505235999754,0.027674560368537826,-0.19227533964778676,G1,-0.6918888797315882
039230,2022-03-31,,,-0.022779216961257454,G1,
039290,2022-03-31,-0.3961585051692276,0.03633445214698295,0.007577297292951909,G3,-11.767391709831575
039420,2022-03-31,-0.2983743903873878,0.02467914346375473,0.041800809996018255,G5,-13.362603798554458
039440,2022-03-31,-0.19115507711677443,0.02999015883394415,0.020939752725959656,G4,-7.421044488478167
039560,2022-03-31,-0.22151110852152212,0.028359546661878496,0.19873788684965454,G5,-8.918137421002802
039570,2022-03-31,-0.1511291769720612,0.01618248537828324,0.00976345197462779,G3,-11.279627233494661
039740,2022-03-31,-0.3177011847014263,0.0329439826836166,-0.0004541803100351443,G2,-10.596909725838684
039830,2022-03-31,-0.29413836028602147,0.018970298621216273,0.021189819583226098,G4,-17.16059365182524
039840,2022-03-31,-0.2794984650487807,0.03156248552380537,0.014476959057974047,G4,-9.850355119236124
039860,2022-03-31,-0.3944523450365222,0.0241198057001088,0.0312507867847928,G5,-17.655845828022276
039980,2022-03-31,-0.2965724559758627,0.023717832108935005,-0.012574017986302113,G1,-13.828231866889679
040160,2022-03-31,-0.18285598464308042,0.02744614057727934,0.015242054652974705,G4,-7.806533302787993
040300,2022-03-31,0.029227172753800518,0.01519993431853498,-0.0027395543201285903,G2,-0.1431620036671854
040350,2022-03-31,-0.014513180572425996,0.03684875579930362,-0.025360344199164005,G1,-1.2460775237286394
040420,2022-03-31,-0.0373020531613928,0.0067228955818849565,0.04237481051531879,G5,-10.219596322895871
040610,2022-03-31,-0.2831271635514935,0.03740330500347004,-0.002360961595814846,G2,-8.40916034903239
040910,2022-03-31,-0.15959659567975454,0.017434844250086557,-0.013280568555771439,G1,-10.955063248428957
041440,2022-03-31,0.6016219428272377,0.06203182038421081,0.01944375719657763,G4,9.19235826853029
041460,2022-03-31,-0.4650856132479474,0.025460383691593636,0.028892176517721198,G5,-19.500446068231362
041510,2022-03-31,-0.22066496760626322,0.03449948960354704,0.02736657058065639,G5,-7.306432538839607
041520,2022-03-31,-0.27075005358959575,0.023372453439218052,-0.0111525530039605,G1,-12.927751901691506
041590,2022-03-31,-0.2828510610934685,0.03948427984428349,0.024510379819174616,G4,-7.958972232474887
041650,2022-03-31,-0.10486819832968297,0.023741724118100757,0.0017186287561829694,G2,-5.739744235012859
041830,2022-03-31,-0.13779355536229831,0.02573947200161561,0.05621178819187574,G5,-6.573436361015091
041910,2022-03-31,-0.2171206723652929,0.01900919808595655,0.00941308176333531,G3,-13.073875975617659
041920,2022-03-31,-0.4422119752992489,0.027314152228149542,0.028993408954363854,G5,-17.339553398900662
041930,2022-03-31,-0.38420739246583574,0.025056313480942918,0.00829320326649602,G3,-16.587061723520833
041960,2022-03-31,-0.2658780232533018,0.0207729792447189,-0.002186439552150299,G2,-14.310958748747174
042000,2022-03-31,-0.5060218667470995,0.031119326779296626,-0.030094785762519064,G1,-17.269817447050126
042040,2022-03-31,-0.5125062379074771,0.03475454081192215,-0.005857982885251877,G2,-15.650025896108135
042110,2022-03-31,0.08459238322016122,0.031873266308185884,0.027836094552051473,G5,1.66877021323821
042370,2022-03-31,-0.30551646321372106,0.034176063900705926,0.0059520773069596696,G3,-9.858352617757523
042420,2022-03-31,-0.5684000663314414,0.03349376592753004,0.009755664630359333,G3,-17.90790839810842
042500,2022-03-31,-0.42890307104324205,0.025776889166951825,0.02786596396035442,G5,-17.857325368797632
042510,2022-03-31,-0.3456745212681286,0.029013247071586614,0.0024467208435928586,G2,-12.996744078461376
042600,2022-03-31,-0.24709578968908372,0.03995293745251514,0.1660090061763368,G5,-6.970676832624307
042660,2022-03-31,-0.001208402634854687,0.03225380032886694,-0.0456798544015538,G1,-1.0110941380175624
042670,2022-03-31,-0.17775845460661932,0.02643159917031981,0.020266533441379034,G4,-7.913319170182474
042700,2022-03-31,-0.3083629214554628,0.027497841364073107,0.06285032802218239,G5,-12.356102530500113
042940,2022-03-31,0.18080139995876113,0.057460901548600445,0.032122319977574344,G5,2.5999970436584348
043100,2022-03-31,-0.43068167302506977,0.02452634160752562,-0.012677738233348453,G1,-18.840351578962597
043150,2022-03-31,-0.24584770964313013,0.02571216126568724,0.04335759046342814,G5,-10.782871676352304
043220,2022-03-31,-0.3547786641731708,0.03901017800791182,-0.016256811994650424,G1,-9.899516221158981
043260,2022-03-31,-0.02840134376129451,0.019031334664502353,-0.006771985802371389,G2,-3.142426457314886
043370,2022-03-31,-0.1660576824135359,0.021624987022835777,0.006359638636499708,G3,-9.131145744109382
043590,2022-03-31,-0.5874343324281441,0.04267794348998406,0.03599604755616346,G5,-14.50017286751009
043610,2022-03-31,-0.4280287668288095,0.032229627691478045,0.012064530355881153,G3,-14.254958109762503
043650,2022-03-31,-0.12224006989303068,0.029534442596840706,0.017294397706591445,G4,-5.202173536734277
043710,2022-03-31,-0.5046721500683911,0.03144219240523552,-0.121635879644369,G1,-17.049554591033523
043910,2022-03-31,-0.33483767577235757,0.04357597162513658,0.0023488650646760717,G2,-8.404652562412284
044060,2022-03-31,0.47025321437171697,0.05780604523618655,-0.01927174901128335,G1,7.5917663416030665
044180,2022-03-31,-0.21025394161535535,0.027556695602054242,-0.0062081945678568295,G2,-8.769453744076353
044340,2022-03-31,-0.28816128746301295,0.01810248781947189,0.0072095296723013865,G3,-17.65307158089762
044380,2022-03-31,-0.35831004462980015,0.02460327908238425,-0.007667014687889055,G2,-15.839891468584092
044450,2022-03-31,-0.15431960192894492,0.013386859052595863,0.010491366183163748,G3,-13.873517828618864
044480,2022-03-31,-0.09629920410564038,0.06563353096758208,-0.02321656785295235,G1,-1.945688857958399
044780,2022-03-31,-0.20642387498272,0.028012468312384374,0.007765773827619582,G3,-8.490044437962924
044820,2022-03-31,-0.3455083237015089,0.020872193887636076,0.005320708172342451,G3,-18.05807053810616
045060,2022-03-31,-0.15427273821069823,0.017455424921038024,0.013816448091583663,G4,-10.637149473993338
045100,2022-03-31,-0.07094429354206233,0.022174913462074276,0.022233229323554236,G4,-4.6154642056916595
045300,2022-03-31,-0.18811677881381783,0.035458322255447525,0.025021605204191714,G4,-6.190930384094645
045390,2022-03-31,-0.30321947046394787,0.02773602244510523,0.008808440972676615,G3,-12.064552404104818
045510,2022-03-31,-0.28739579550674765,0.03571078708711432,0.028699727839904033,G5,-8.927247123831469
045520,2022-03-31,-0.6163430379513819,0.028449137201550467,-0.010770008958776004,G1,-22.768573231898632
045970,2022-03-31,-0.3387721625993923,0.0302055241246747,0.002180632899877551,G2,-12.255221491205644
046110,2022-03-31,0.2794187601016501,0.021015395231735182,0.012224272914293687,G3,11.801611702294906
046120,2022-03-31,-0.1630514959694675,0.03883199047019301,-0.0020919306161711333,G2,-5.007590891463066
046140,2022-03-31,-0.2363376045570693,0.021787891961733346,0.015152829365783854,G4,-12.288514686678326
046310,2022-03-31,-0.38955532416043726,0.02439982861422823,0.030772263933763287,G5,-17.252520770634266
046390,2022-03-31,-0.28821458754277457,0.03627329687522705,0.017703198021971442,G4,-8.81138029577648
046400,2022-03-31,,,-0.009491219745318533,G1,
046440,2022-03-31,-0.19927279540572282,0.03634471104205758,0.02031351381903544,G4,-6.346893801005583
046890,2022-03-31,-0.28126767760911886,0.02040149135273606,-0.002812975460173888,G2,-15.325884662526787
046940,2022-03-31,-0.36369985581800046,0.029643012241925736,0.0038180983510902066,G2,-13.328708917970088
046970,2022-03-31,-0.10801986522388723,0.06354338776359279,0.0035038863334629837,G2,-2.1941400346649655
047040,2022-03-31,-0.15807554642481106,0.027526522751992254,0.02201725919224745,G4,-6.883498287757722
047050,2022-03-31,-0.09317409680338837,0.02378040118054701,0.016643223858261978,G4,-5.238655212921617
047310,2022-03-31,-0.20169530633215355,0.025179477769239775,-0.008412641840546074,G2,-9.257480805394914
047400,2022-03-31,-0.41274695815181944,0.02585500976390195,0.010350785871621665,G3,-17.178496083122013
047770,2022-03-31,-0.3390316006939488,0.02459581585386911,0.008239490175190939,G3,-15.060887945383122
047810,2022-03-31,0.2581245234697916,0.023910592840119958,0.007507373298791526,G3,9.482044179302855
047820,2022-03-31,-0.6340654897679248,0.028612235395957083,-0.006510190834997696,G2,-23.258186798938727
048260,2022-03-31,-0.1675884057476646,0.025349092197926935,0.0407230942820284,G5,-7.850049619149275
048410,2022-03-31,-0.24801441785895567,0.032324804303971215,-0.025254578287314762,G1,-8.644062962852333
048430,2022-03-31,-0.4266532708438213,0.025442073055312462,0.006036699769888338,G3,-18.003898332279487
048530,2022-03-31,-0.8000534543069041,0.05052911945685418,-0.015432892665313464,G1,-16.45500038494279
048770,2022-03-31,0.06840894344285886,0.04994170874336606,0.0002606769046320537,G2,0.7409782037408335
048830,2022-03-31,-0.05063737369624467,0.03698512448310108,0.025458882296150384,G5,-2.2182053095476677
048870,2022-03-31,-0.020367348752785994,0.03087600465079302,0.02325113849917695,G4,-1.676725183350687
048910,2022-03-31,-0.4509077198779147,0.03369939359322272,0.04767964998554305,G5,-14.312155034782696
049070,2022-03-31,-0.30828572898957485,0.03222338097219563,0.08262846870307666,G5,-10.541691918955728
049080,2022-03-31,-0.34379823768013984,0.025759376905581985,-0.02341668638248758,G1,-14.565626523570387
049120,2022-03-31,-0.3425121967629183,0.020833235753561153,-0.019552337660963152,G1,-17.948024348807852
049430,2022-03-31,-0.30173193315576324,0.02672098453943255,0.014883712844354993,G4,-12.467173822528972
049480,2022-03-31,-0.39821880036070406,0.02911687178444926,0.009701355039283788,G3,-14.755088711027268
049520,2022-03-31,0.3091028606762986,0.02836808414227325,0.015314211734308284,G4,9.789157190775091
049550,2022-03-31,-0.09386320295607868,0.01032612371227024,0.014621127764487703,G4,-12.13102149974048
049630,2022-03-31,-0.3498012511152277,0.02318216552124574,-0.023970381039873048,G1,-16.443868307829877
049720,2022-03-31,0.3247257983319145,0.02405188672082121,0.03682201905549061,G5,12.195408033064606
049770,2022-03-31,-0.1848390083099001,0.015397040923782596,0.014341272506823599,G4,-14.044402115106376
049800,2022-03-31,-0.24777931612437112,0.0222570719158275,0.015202909072806524,G4,-12.543543148292105
049950,2022-03-31,-0.2812866528854025,0.024824078994876386,0.0838472380554853,G5,-12.596232825249723
050110,2022-03-31,0.19026466652997237,0.041660938446539536,0.006481673179858355,G3,3.8131988055760226
050120,2022-03-31,-0.3827035492954544,0.020446579653090463,0.006484110796881282,G3,-20.253107469704084
050540,2022-03-31,,,0.003317624720140878,G2,
050760,2022-03-31,-0.0527958043969142,0.04445192473420274,0.010459383846286724,G3,-1.8941593802029537
050890,2022-03-31,-0.32579942458471634,0.023232368959074122,-0.0049335753824356135,G2,-15.375214254750004
050960,2022-03-31,-0.2061556694049118,0.037161410203824415,0.001172572684774528,G2,-6.392623259138734
051160,2022-03-31,-0.48966537468569343,0.023671681059192803,0.00022544563210085916,G2,-22.012319242945782
051360,2022-03-31,-0.14071470044443551,0.022566782986670714,0.0019195432948900157,G2,-7.627047521684868
051370,2022-03-31,-0.27299857858926957,0.028856267231322053,0.0236681618278046,G4,-10.548897470193513
051390,2022-03-31,-0.17567453217775253,0.02108421907623425,0.006882772996302422,G3,-9.821457329554047
051490,2022-03-31,-0.3226038635589251,0.03167391016387064,0.010688359590034136,G3,-11.17661468173199
051500,2022-03-31,0.16128848613036328,0.024679817122735273,0.004914934404128365,G2,5.262812916237543
051600,2022-03-31,-0.07151497830479898,0.02092399465515797,0.018190242937774055,G4,-4.918669011697546
051780,2022-03-31,-0.10567717543115876,0.032550118880724704,-0.004825567127855321,G2,-4.211364073351684
051900,2022-03-31,-0.20359923871195795,0.029969190709710516,0.02149498210886106,G4,-7.841468486576945
051980,2022-03-31,-0.5553164873515891,0.023768061139117277,-0.00772823366501069,G2,-24.685215580854525
052020,2022-03-31,-0.0649509095296218,0.054385440092854856,-0.20802458651698408,G1,-1.7716899076584356
052220,2022-03-31,-0.2773644585023188,0.033644880919777465,0.004388626335165387,G2,-9.177255970826383
052260,2022-03-31,-0.3789019549424808,0.026885819966090917,0.022209130647051288,G4,-15.26102537569692
052300,2022-03-31,-0.48160413123872237,0.031092905357769467,-0.00933763269175078,G1,-16.499177260608878
052330,2022-03-31,-0.1853298365648412,0.02128273344385989,0.007603543993032522,G3,-10.18351627355558
052400,2022-03-31,-0.4052135622876406,0.03307303247630349,0.014594151870200195,G4,-13.20159523947264
052420,2022-03-31,,,0.014183362645827077,G4,
052460,2022-03-31,-0.2086895672990594,0.026541543960255563,0.016459950331558237,G4,-9.04592413557539
052690,2022-03-31,-0.12499039903392534,0.0380437273030926,-0.0031332297423163342,G2,-4.110891227728457
052710,2022-03-31,-0.13306783628231633,0.02883985778058662,-0.008498470939224671,G2,-5.702908223059292
052770,2022-03-31,,,-0.07854615333269703,G1,
052790,2022-03-31,-0.35358407670535236,0.03126495792209536,0.02019917458268712,G4,-12.313699684838799
052860,2022-03-31,-0.22669672766487098,0.03344234749245846,-0.016850829485704367,G1,-7.717758256340299
052900,2022-03-31,-0.19040200663470727,0.03004988809848673,0.024639806157575248,G4,-7.3812332250358255
053030,2022-03-31,-0.18193872991486337,0.03440142324740538,0.00858248158415974,G3,-6.201544458989953
053060,2022-03-31,0.10280690771901285,0.05025956445888087,0.07209997831033901,G5,1.4206983821154902
053080,2022-03-31,-0.1738606556022336,0.025288948896791872,0.03446334225690919,G5,-8.116742306942015
053110,2022-03-31,,,-0.044875060078080876,G1,
053160,2022-03-31,0.06590735190547001,0.04498973140665386,-0.0012069035134608871,G2,0.766933365019275
053260,2022-03-31,0.032356019990215194,0.06610975077485703,0.01582519926782191,G4,0.014412309418748598
053270,2022-03-31,0.20109992674294763,0.0567477894098012,0.007655438104249909,G3,2.9903667209138343
053280,2022-03-31,-0.27611265864972684,0.024795504340608277,0.010007862332564666,G3,-12.402082257812811
053300,2022-03-31,-0.18791229055437286,0.01986656971403342,0.012716686509146173,G3,-11.039425503130698
053450,2022-03-31,-0.24395947355633643,0.023625376630894358,0.006733994807889881,G3,-11.655378183588514
053590,2022-03-31,-0.33837428429710853,0.038968175431805925,-0.0358484969957611,G1,-9.489217958143012
053610,2022-03-31,-0.293673749998996,0.026169480228565,0.046673156397223366,G5,-12.421988246087269
053620,2022-03-31,-0.12317915350446566,0.02551101680558957,0.004568131543068649,G2,-6.059436222747798
053660,2022-03-31,-2.5701030037214245,0.23822988324834857,-0.01270378723047393,G1,-10.92015071348489
053690,2022-03-31,-0.16129311787694547,0.025691422428885433,0.014613770632507274,G4,-7.50041552649667
053800,2022-03-31,-0.30183321259826246,0.043645775900833385,-0.021375309525220616,G1,-7.635021523316559
053950,2022-03-31,-0.21704576413427568,0.025926003806472052,-0.024998315623334554,G1,-9.583003682145012
054040,2022-03-31,-0.298407468900487,0.024725933579357994,0.021451097027410677,G4,-13.338654884290202
054050,2022-03-31,-0.1678927363468221,0.023887008733654912,0.02116550694147501,G4,-8.343278322349395
054090,2022-03-31,0.13571054008395378,0.046507041582132716,-0.004362917119678191,G2,2.242828413269259
054180,2022-03-31,-0.3858538532109019,0.04996945655562558,-0.015103548231668228,G1,-8.350242483683335
054210,2022-03-31,0.11805946699390502,0.039979939700208314,0.04261923708945106,G5,2.167493043692657
054340,2022-03-31,,,-0.06940995795882035,G1,
054540,2022-03-31,-0.08878752966471043,0.036553443450515755,0.001216253176086177,G2,-3.288082985502319
054630,2022-03-31,-0.3206212773569785,0.023325272454642845,0.0007233216770772073,G2,-15.091978190092282
054780,2022-03-31,-0.4854531729501846,0.02829035319558299,0.00346293883072149,G2,-18.269704700517263
054800,2022-03-31,0.008471295427177696,0.01205505677858208,0.02224308175276702,G4,-1.902266476257208
054920,2022-03-31,-0.4769957329026235,0.030503501586939468,0.00997195739701495,G3,-16.666904855498743
054950,2022-03-31,0.22949581244533793,0.03121067962835624,0.021251240207345583,G4,6.346948832825502
055490,2022-03-31,-0.2132648036358269,0.020263317519121225,0.036256742017813454,G5,-12.074431011180701
056000,2022-03-31,,,-0.04774870136802685,G1,
056080,2022-03-31,-0.3455617154704543,0.030521250963691956,0.03776740773917099,G5,-12.35090074536404
056090,2022-03-31,0.0567798743530947,0.07604649788082814,-0.008183013936020993,G2,0.3336991084903166
056190,2022-03-31,-0.0273924280644036,0.01799542842715593,0.02585726423407197,G5,-3.267255020287811
056360,2022-03-31,-0.2999365087973587,0.03028249737158097,-0.01432681989317275,G1,-10.941625142012255
056700,2022-03-31,0.4480064914453397,0.053907972485032395,0.003120383736557555,G2,7.7280455271167625
057030,2022-03-31,-0.4789692488584961,0.025515952842046538,0.016000577302529063,G4,-20.00209350692673
057050,2022-03-31,-0.16800125429166046,0.013369548561962505,0.020513687034411133,G4,-14.914825221955113
057540,2022-03-31,0.1410681186213457,0.026954114174686506,-0.0020999445818724086,G2,4.068577142033626
057880,2022-03-31,,,-0.08595479471284656,G1,
058110,2022-03-31,-0.5234861545307289,0.030565316148147927,0.012819960771668084,G3,-18.154216944711806
058400,2022-03-31,-0.337226224483901,0.020122185292694217,0.006801463443050522,G3,-18.319553514110183
058420,2022-03-31,,,-1.0415837330769442,G1,
058430,2022-03-31,-0.4399290072025642,0.026375462286456486,0.04253657990045958,G5,-17.87010320008836
058450,2022-03-31,-0.23300057168849278,0.0483328173941392,-0.0014654350268451862,G2,-5.470481791674031
058610,2022-03-31,-0.04459766771041457,0.03791713405327147,0.022570176672501347,G4,-2.00439446214709
058630,2022-03-31,-0.27083881156510653,0.04073573552627015,0.062406901831834914,G5,-7.419579724457035
058650,2022-03-31,-0.15644972366847432,0.017839877898137426,0.013843093773259072,G4,-10.529945919334947
058730,2022-03-31,0.2139583446947672,0.044868540467088006,0.001051121827396927,G2,4.0686663080164935
058850,2022-03-31,-0.18040912453636226,0.022262820688178125,0.01579711443053304,G4,-9.514174026262955
058970,2022-03-31,-0.1698975457297696,0.026514937756687253,0.027749795338810078,G5,-7.591976016819113
059090,2022-03-31,-0.3649976762166452,0.023782878135439233,0.02186763496589824,G4,-16.667490779108594
060150,2022-03-31,-0.287289554008747,0.018761697479881694,0.01636296562024372,G4,-16.986351056823896
060230,2022-03-31,-0.2706966719672956,0.06446909453413804,-0.003937140059481499,G2,-4.685964646421046
060240,2022-03-31,-0.33437875046876064,0.08341723202602977,-0.07955881011094598,G1,-4.3849689973058865
060250,2022-03-31,-0.732130914325505,0.02798553662254541,0.022862215912456695,G4,-27.283169532537975
060260,2022-03-31,-0.06968468020194553,0.049344108261140364,-0.014850798056242596,G1,-2.0486317327575705
060300,2022-03-31,,,-0.06290990185459946,G1,
060310,2022-03-31,-0.09500045769714605,0.03030241746729752,0.006399964830953918,G3,-4.171405916376572
060380,2022-03-31,-0.38443538465057775,0.02695991077702808,0.01758198301071854,G4,-15.424331849471693
060540,2022-03-31,-0.18065441498799484,0.02352465405108796,0.037852466588799684,G5,-9.014272445151612
060560,2022-03-31,-0.2152345620978049,0.038318945279192385,0.00681990281186419,G3,-6.436445108477022
060570,2022-03-31,-0.38671743343731707,0.02185526793421819,0.04528294636059632,G5,-19.131344465886354
060590,2022-03-31,-0.2411504600278135,0.027593845591247033,0.03946126714411696,G5,-9.87733605064171
060720,2022-03-31,-0.10460576425729176,0.029236981007789598,0.015543306169076669,G4,-4.651950556300822
060850,2022-03-31,-0.2600530366269369,0.023459228529347825,0.03418368390147098,G5,-12.423949153689033
060900,2022-03-31,-0.43240907667561235,0.028975206732227334,-0.002074487170284629,G2,-16.007212882667517
060980,2022-03-31,-0.09882506924781222,0.015270405152322461,0.009774679119016624,G3,-8.528149302866238
061040,2022-03-31,-0.18557476284392602,0.022316006801099908,0.014158488290797312,G4,-9.722975556705928
061970,2022-03-31,-0.3587944397199715,0.022601755436893238,0.02162216029557611,G4,-17.264042459706324
062860,2022-03-31,0.12340566979305215,0.06233207866855837,-0.015524627924040527,G1,1.476004746702095
063160,2022-03-31,-0.2622330766499779,0.022242745369406413,-0.003812010186629224,G2,-13.201441529799148
063440,2022-03-31,-0.3097865238829696,0.03366291654296807,0.0024286349840266716,G2,-10.135477989672086
063570,2022-03-31,-0.10091250676687796,0.03654555668648533,0.0003609546307954523,G2,-3.620569627887496
063760,2022-03-31,-0.12781895065924226,0.03318072777323228,0.016931271551421122,G4,-4.798634241957235
064090,2022-03-31,-0.09962520561273691,0.03884051467272224,0.01959103480612813,G4,-3.3734988458124118
064240,2022-03-31,0.07009232426178946,0.04382937272914089,0.01384408110274601,G4,0.8827207885093594
064260,2022-03-31,-0.5320671121642099,0.029751959907111044,-0.01100684819951602,G1,-18.93893174533305
064290,2022-03-31,-0.2582554729072276,0.02528247402040627,0.055569467094865516,G5,-11.456896919181512
064350,2022-03-31,0.042626655795754614,0.026046655632223987,0.0034321707409973637,G2,0.43089716191501337
064510,2022-03-31,,,-0.03800066985156054,G1,
064520,2022-03-31,,,-0.013204445124114738,G1,
064800,2022-03-31,-0.2087433812714032,0.024212492228211407,0.00288837161179238,G2,-9.918293615311761
064820,2022-03-31,-0.10079555477649882,0.024125357598921468,0.0024026663210537963,G2,-5.479660976667157
064850,2022-03-31,-0.36942430973180185,0.015568411897889286,0.02295906255072071,G4,-25.746205725234976
064960,2022-03-31,-0.05359885183851689,0.02588238585212465,0.02820657782095109,G5,-3.284167005724118
065060,2022-03-31,-0.14181001107136998,0.03705217897977902,-0.007834133567892547,G2,-4.674846166870552
065130,2022-03-31,-0.2735982672791031,0.021189655405188492,-0.008440895143543086,G2,-14.393886415485177
065150,2022-03-31,-0.3348134636733545,0.022421874054126115,-0.021296730264407347,G1,-16.333009836544605
065170,2022-03-31,-0.39694787515575747,0.03114611414371881,-0.0024657237356660523,G2,-13.752954830437298
065350,2022-03-31,-0.4039473265510781,0.02729133321883719,0.018601842196639243,G4,-15.951970864400257
065440,2022-03-31,-0.07035995161014075,0.05247034532791364,0.009946552931067507,G3,-1.9394417319082418
065500,2022-03-31,-0.16081130222317117,0.031154316680207104,0.025640820340073554,G5,-6.169755864096358
065510,2022-03-31,0.2618843723079567,0.03300404117324013,0.031081294792768294,G5,6.98342197828733
065560,2022-03-31,,,0.012103868978329055,G3,
065680,2022-03-31,-0.19006940845809112,0.02599248516172746,0.026135366298914605,G5,-8.520640980903561
065690,2022-03-31,-0.1992525485803954,0.024238438470262677,-0.016995764369734382,G1,-9.516115267484365
065710,2022-03-31,-0.16669127776331902,0.012302728466553945,0.03772795667879752,G5,-16.101672414237868
065770,2022-03-31,-0.13502356141467806,0.043773276679839136,-0.05752570956949429,G1,-3.8020180311925706
065950,2022-03-31,-0.2401249342264942,0.02413685343885154,-0.007838900492412369,G2,-11.249525988167305
066310,2022-03-31,-0.2923172625284331,0.06028515330536483,0.012755192306138545,G3,-5.369821101642227
066360,2022-03-31,-0.12419209072413248,0.0205653061551545,0.004790936391180577,G2,-7.565912968019958
066410,2022-03-31,-0.8874749608554411,0.06424049886827883,-0.15661081277017613,G1,-14.30372121714054
066570,2022-03-31,-0.2967797407874791,0.020908014193625497,0.03492382861591621,G5,-15.696515391403752
066590,2022-03-31,-0.0552929224271476,0.039077507676680195,-0.0010672048539901002,G2,-2.2185690282734125
066620,2022-03-31,-0.31034512278419724,0.02229753403365668,0.021040649151802742,G4,-15.326732905746525
066670,2022-03-31,-0.33533749699207144,0.03242895085913534,0.04416845359929344,G5,-11.309052962939473
066700,2022-03-31,-0.2834777969645327,0.020964092820247696,0.019718561777597465,G4,-15.0200166289506
066910,2022-03-31,-0.14510190182668795,0.030407452036132956,-0.008969201997105731,G1,-5.804666810734414
066970,2022-03-31,-0.030157327929223945,0.03705522367447455,0.058069544938332496,G5,-1.6613191780051637
066980,2022-03-31,-0.2709676457398138,0.028341138187615644,-0.007684474155669588,G2,-10.668974179674752
067080,2022-03-31,-0.240968817931429,0.023240107117161745,0.012023468522079842,G3,-11.719913439501594
067160,2022-03-31,-0.5830725486268958,0.02990951961621359,0.056426586047289326,G5,-20.54448825384168
067170,2022-03-31,-0.28534433247425334,0.02047374051691632,0.002022909191748647,G2,-15.47091788229874
067290,2022-03-31,-0.07799850774249262,0.039230314198954154,0.012268202370104196,G3,-2.7887039852426363
067310,2022-03-31,-0.33828733581514764,0.02704370968947837,0.038626977084678445,G5,-13.670112786539455
067390,2022-03-31,-0.21335390972298346,0.024498635397355265,-0.005483241630938551,G2,-9.990643624006
067570,2022-03-31,-0.19365655368735646,0.028421019777504514,0.0016856162335480696,G2,-7.9187791731507415
067630,2022-03-31,0.25422355445746836,0.0547383068092643,-0.04066072950585944,G1,4.070647077693406
067770,2022-03-31,-0.1737849956645284,0.02404297382186008,0.01506673404803862,G4,-8.53422804480289
067900,2022-03-31,-0.4206771260905079,0.027551415112608155,0.01776471265438689,G4,-16.40860732739921
067990,2022-03-31,-0.1522503900919144,0.02763453228145561,0.01361185815179086,G4,-6.6458014931415486
068060,2022-03-31,,,-0.03353678895651919,G1,
068240,2022-03-31,-0.22649364343546385,0.022798114217746798,-0.03819826862832713,G1,-11.312201824182463
068270,2022-03-31,0.058248070068040475,0.024568036482681042,0.024958116239132327,G4,1.0926735752982475
068290,2022-03-31,-0.25363160034288407,0.04997432865999481,0.01404878743004019,G4,-5.7036249168767785
068400,2022-03-31,-0.3082251949521761,0.01873462973392541,0.0038128585073899947,G2,-18.128376465514826
068420,2022-03-31,,,0.011469794659931205,G3,
068790,2022-03-31,-0.26241817276279855,0.023711694820365985,0.03319011980462142,G5,-12.39141279420005
068930,2022-03-31,-0.2006170324902197,0.01667361646540844,0.022006237749928007,G4,-13.915412938640346
068940,2022-03-31,0.1333225003629339,0.04101929579481669,0.05712296766485521,G5,2.4846666082785624
069080,2022-03-31,-0.2641258792265069,0.0290263442142933,0.04198196485431073,G5,-10.181409785922423
069140,2022-03-31,-0.17475987628025566,0.027867903843218494,-0.0022124287598602917,G2,-7.397869005381829
069260,2022-03-31,-0.1193740702706878,0.022376462933865846,0.03625109499269335,G5,-6.738209542891797
069330,2022-03-31,-0.2610896344797137,0.030418323166113016,0.04765185230881056,G5,-9.615679953456858
069410,2022-03-31,-0.5176908532133055,0.028706036552035727,-0.0070794926829802,G2,-19.128174592281617
069510,2022-03-31,-0.18816842794312863,0.019905889690400233,-0.024480029325265083,G1,-11.030486813933784
069540,2022-03-31,-0.1945404986320312,0.02407007137933566,-0.025320490933425255,G1,-9.386915430274014
069620,2022-03-31,0.09247498511582772,0.02503407337778523,0.014084442963825317,G4,2.439545430252276
069640,2022-03-31,-0.24375843251203258,0.022837841778219528,-0.020578635278383654,G1,-12.048496569448437
069920,2022-03-31,0.4408296239125849,0.08688614884102613,-0.03318623484590451,G1,4.712217120536124
070590,2022-03-31,-0.4565607126634824,0.025787654669582116,-0.03390267765487174,G1,-18.922385332137743
070960,2022-03-31,-0.2902813612899602,0.01883017241720325,-0.001117449927380311,G2,-17.083464769686373
071090,2022-03-31,-0.10717280212005828,0.052674977246689486,0.030088978804302384,G5,-2.630775278317165
071200,2022-03-31,-0.3350853436563135,0.022164506851071106,-0.01104441523003553,G1,-16.534930008833218
071280,2022-03-31,0.08090052351460561,0.021254722811033064,0.05380187105940782,G5,2.328767029719182
071320,2022-03-31,-0.15318336692610254,0.01103911536019382,-0.018349722868560014,G1,-16.7211399382743
071460,2022-03-31,-0.2830867550300612,0.03972836259133417,-0.04069311929710396,G1,-7.916006608968867
071670,2022-03-31,-0.006827111048567407,0.0271453602269589,0.012459426940043013,G3,-1.4083562176143556
071850,2022-03-31,-0.39320922901677424,0.024110049350554868,-0.008748301663220453,G1,-17.6114303479621
071950,2022-03-31,-0.13533999286459578,0.016788054853823908,0.0022124589922280255,G2,-9.932253624550635
071970,2022-03-31,-0.07879141886780626,0.023920615177432703,-0.003973127695804645,G2,-4.606681051339273
072020,2022-03-31,-0.1614872945856796,0.018337983946639207,0.02065386060575526,G4,-10.518632852630573
072130,2022-03-31,-0.46416103343174736,0.032126366129951886,-0.02728089355753997,G1,-15.425468826247892
072520,2022-03-31,-0.3998504306509358,0.025890539489402148,-0.023098562836688475,G1,-16.65680456886245
072710,2022-03-31,-0.06141097729729211,0.00926558010819537,0.010357047406549557,G3,-10.017095747912203
072770,2022-03-31,-0.18819443883182463,0.02406517192504514,0.004479268671897463,G2,-9.125123449034504
072870,2022-03-31,-0.1268000002960857,0.01804526272079435,0.020050240356220845,G4,-8.767022600354428
072950,2022-03-31,-0.20424763928353096,0.0223978454601759,0.014801383635133003,G4,-10.521139879680726
072990,2022-03-31,-0.19686727506828802,0.02074035140061266,0.02443390549412179,G4,-11.006105753251443
073110,2022-03-31,-0.12967905311873415,0.03352273371960766,0.015138623558400725,G4,-4.805165362482587
073190,2022-03-31,-0.17047450522738247,0.021736000047984847,-0.01631461328004658,G1,-9.287713037733004
073240,2022-03-31,-0.1812306329229524,0.019229260798596996,-0.0009227733673620283,G2,-11.057828013072568
073490,2022-03-31,-0.4593445917316513,0.02192604880696257,-0.007183759435718373,G2,-22.381954079308034
073540,2022-03-31,0.017438392332232704,0.05221266016090867,-0.018092671429421236,G1,-0.26746067775865384
073560,2022-03-31,-0.06552024315965845,0.055968654407405866,0.00616810301256507,G3,-1.7317455635182282
073640,2022-03-31,0.12492583689159963,0.038933008391154524,-0.0054356622662065455,G2,2.4021419086226103
074430,2022-03-31,0.42267605254607993,0.05847691127917498,0.04726493549551946,G5,6.6910652115610265
074600,2022-03-31,0.0709610805712233,0.027413424070225515,0.03736293895144099,G5,1.4430103537389403
074610,2022-03-31,-0.17459293394731487,0.05977483949577051,-0.03478219687930135,G1,-3.4462018048303107
075130,2022-03-31,-0.6188249441319198,0.03239004585666204,0.0054245848654061275,G3,-20.074938233056912
075180,2022-03-31,-0.21433768667417677,0.016005557427772998,0.006853465388356239,G3,-15.35347416605537
075580,2022-03-31,-0.028421712553708484,0.02719923058537231,-0.017673462317709186,G1,-2.199508481402919
075970,2022-03-31,-0.08440382287942313,0.04410637643778896,0.014072135105344748,G4,-2.625630533245413
076610,2022-03-31,-0.017170477825738502,0.027505821303641778,-0.044234529666529326,G1,-1.7659426743152342
077360,2022-03-31,-0.33346012705454914,0.03173053350246779,0.02838221857578414,G5,-11.498809272545769
077500,2022-03-31,-0.2019137042246629,0.025422538031309855,0.046106995167474144,G5,-9.177562434709168
077970,2022-03-31,0.15066193292808233,0.03519144421852801,-0.003155136369329184,G2,3.388855154141187
078000,2022-03-31,-0.11424935833233961,0.007901348473848486,-0.01932427171014399,G1,-18.433889433033528
078070,2022-03-31,0.009927501397893595,0.018045947086145812,0.015391680800761004,G4,-1.1900580394057174
078130,2022-03-31,-0.3178895040847153,0.03043211801581589,-0.01693550178665658,G1,-11.47776601384221
078140,2022-03-31,-0.26298601832423874,0.024753291618384476,0.020357978161133834,G4,-11.892933217497628
078150,2022-03-31,-0.2603718163981983,0.024554245941185975,0.014174566609918438,G4,-11.882875283709776
078160,2022-03-31,-0.14805772445747978,0.033181022063647994,-0.02751551255274514,G1,-5.408541964731784
078340,2022-03-31,-0.39736497286539135,0.034677669242254995,-0.0014280550397646082,G2,-12.364389188803548
078350,2022-03-31,-0.2567851931663463,0.03497582192353211,0.06296154501813488,G5,-8.239646793801338
078520,2022-03-31,-0.14150468667246066,0.029777255798733072,0.0027474472753392033,G2,-5.806710787844626
078600,2022-03-31,-0.3291374330640064,0.03441891250703701,0.007714394739141843,G3,-10.475074097612607
078650,2022-03-31,,,-0.12971882804348336,G1,
078860,2022-03-31,-0.36455341670660585,0.08287041629155055,0.01167136270033608,G3,-4.7780216418851165
078890,2022-03-31,-0.4269316753309683,0.029495783154796316,0.029349682681806665,G5,-15.538997514730847
078930,2022-03-31,-0.0379022738886751,0.017913028748975362,0.03696589450563939,G5,-3.8689995235501993
078940,2022-03-31,0.0055050061716597765,0.05688303838974291,-0.0018948300169800859,G2,-0.4552889643015582
079160,2022-03-31,-0.14575242463632596,0.028882340081576075,-0.030332761813999888,G1,-6.133701422475266
079190,2022-03-31,-0.10017467628666217,0.033978140287498106,-0.028716796712849973,G1,-3.8724280075306665
079370,2022-03-31,-0.34072585919584386,0.02814201897158234,0.004323415807975933,G2,-13.223254713106028
079430,2022-03-31,-0.3617435159277189,0.0207452620078662,0.003386834753910744,G2,-18.951158176989853
079550,2022-03-31,0.01796255596786711,0.025172271841814486,0.019123551916505364,G4,-0.5339474292605466
079650,2022-03-31,-0.2629877458420719,0.0227348332911707,0.0015122869683701712,G2,-12.948895110783731
079810,2022-03-31,-0.1482715008282054,0.029721591633681554,-0.014257273608738486,G1,-6.045259246178569
079940,2022-03-31,-0.16500940815643225,0.02306220814263748,0.033033148966739256,G5,-8.516644752665968
079950,2022-03-31,-0.2665448000299058,0.03299270675135899,0.02064548277518176,G4,-9.030723913674793
079960,2022-03-31,-0.2886992230912565,0.021368313458425315,0.01467006622380806,G4,-14.980239293124693
079970,2022-03-31,-0.315492861426254,0.07483570693438214,-0.05000180978114501,G1,-4.635435428396139
079980,2022-03-31,-0.05463519306826728,0.024646844998982564,-0.014633976414324562,G1,-3.49084918894368
080000,2022-03-31,-0.2151772069446597,0.02415241891084576,0.017872271969015648,G4,-10.209347298145081
080010,2022-03-31,-0.25355414789506797,0.017427515185953212,0.009473909595560178,G3,-16.351004182810794
080160,2022-03-31,-0.3696434765758871,0.025409182281878467,-0.016840059265196564,G1,-15.783534390571889
080220,2022-03-31,-0.3747161802460668,0.027155646957315406,0.07917936528790875,G5,-14.955246939646734
080420,2022-03-31,0.021833807575277215,0.032337631537695845,0.002653880018198942,G2,-0.29592205044514014
080470,2022-03-31,-0.15295836373495578,0.02127075698294813,0.0240977130301563,G4,-8.667373224620182
080520,2022-03-31,-0.29393173592944993,0.038989106869666675,0.003671127565302503,G2,-8.344252737654026
080530,2022-03-31,-0.13595833800756163,0.031038975411962797,-0.04002075148936994,G1,-5.391980939857636
080580,2022-03-31,0.03083193877254461,0.026766828209747476,0.0037594007387542305,G2,-0.021343097860916788
081580,2022-03-31,-0.20184575206488817,0.029477872663890757,0.016007638174528008,G4,-7.9126801493060475
081660,2022-03-31,-0.09709084224973029,0.022461672925826334,0.03883450003146288,G5,-5.720592071681356
082660,2022-03-31,0.19474825899539613,0.05802347718818077,-0.1218895315187683,G1,2.815154160085695
082800,2022-03-31,-0.16936146252886175,0.026801229838845423,-0.04069609478162438,G1,-7.490875961383201
082850,2022-03-31,-0.4741669954257042,0.03257770192931208,0.016532641163178926,G4,-15.518903768263176
082920,2022-03-31,-0.19783711913894816,0.016560135966154885,0.020532948989368933,G4,-13.842902341738883
083310,2022-03-31,-0.2672726653489962,0.027573584916695926,0.0200414364048914,G4,-10.83195718140365
083450,2022-03-31,-0.3568089958785699,0.02679602382267368,0.04886594937454149,G5,-14.487680122023644
083470,2022-03-31,,,0.011581481610018297,G3,
083500,2022-03-31,-0.2510335437958072,0.02929198584233944,0.011713441069702762,G3,-9.642117510312906
083640,2022-03-31,-0.31162803447373355,0.02573275325817266,0.061353378226544866,G5,-13.330530815673184
083650,2022-03-31,0.19694000453239324,0.05255976295137725,-0.00416874889240838,G2,3.149496295846669
083660,2022-03-31,-0.2989872412291098,0.029510849252273753,-0.020536368387758505,G1,-11.195559443620738
083790,2022-03-31,-0.2788817432827059,0.02375897784518961,-0.010321796544231793,G1,-13.059693523472841
083930,2022-03-31,-0.07204455910713937,0.03155097059606817,-0.011740018776640286,G1,-3.278751270063383
084010,2022-03-31,-0.25202641469957987,0.026429485631825136,0.04898508085978484,G5,-10.72399381714561
084370,2022-03-31,-0.47569300434807865,0.027116697568695954,0.08243282348542137,G5,-18.70051575675395
084650,2022-03-31,-0.6207891220768069,0.040245788630507054,0.18566870778137914,G5,-16.205232151641443
084670,2022-03-31,-0.20461007074286414,0.02596947111479228,-0.036406503039778715,G1,-9.088105626259056
084690,2022-03-31,-0.13984257406005546,0.029876778515760236,0.010364931482119661,G3,-5.731735761811588
084730,2022-03-31,-0.3138899033081203,0.02769848035429683,0.001565915383312915,G2,-12.466139827812142
084850,2022-03-31,-0.1565485837187632,0.023724576002950498,-0.0044068799442761085,G2,-7.922241034016382
084870,2022-03-31,-0.10533022846666798,0.029918705586072146,0.015557048549675814,G4,-4.5701661082815095
084990,2022-03-31,0.009625345135957274,0.033739759587512894,-0.04368638096570007,G1,-0.6454663855564143
085310,2022-03-31,-0.11749289371039151,0.02553633749108764,-0.007757101120619779,G2,-5.830754687073231
085370,2022-03-31,-0.38460205569612044,0.03801116341393164,0.0724384635173813,G5,-10.944292258892032
085660,2022-03-31,-0.25450893645447,0.02694914119272473,-0.004162303619945598,G2,-10.609323696671538
085670,2022-03-31,-0.11292676480427329,0.03447283108679824,0.04684384190164616,G5,-4.186775093908596
085910,2022-03-31,-0.014347023384557504,0.03445351492078198,0.03247205242848518,G5,-1.3278833609923804
086040,2022-03-31,-0.07448417120461899,0.033526142946794305,0.0024910195545062934,G2,-3.1583530852061616
086060,2022-03-31,0.03503121591119336,0.04923857547555638,0.007160183040095097,G3,0.07368186568563125
086280,2022-03-31,-0.05758816552924479,0.020080840596386196,0.02795283733332459,G5,-4.4316566783420175
086390,2022-03-31,-0.41840456526333897,0.025869138800014298,-0.013260258945661763,G1,-17.38781466778252
086450,2022-03-31,-0.0875470594894112,0.020273474003517044,0.0303937467330229,G5,-5.867286744996308
086670,2022-03-31,0.033436218692597726,0.02351027005354295,0.022255189966771033,G4,0.08647254504164056
086710,2022-03-31,-0.2652376184736664,0.034690919400124656,0.015209215027367003,G4,-8.550965192322117
086900,2022-03-31,-0.153614497553203,0.02512523542418657,0.008810520440219412,G3,-7.3638204870927915
086960,2022-03-31,-0.5971105322805617,0.03845538766917197,0.006466531516795305,G3,-16.34397144800768
086980,2022-03-31,-0.15607535049303214,0.03918556743249195,-0.007927110711831727,G2,-4.78437824391513
087260,2022-03-31,-0.3033838815815709,0.028262974198063617,0.0018397356415560265,G2,-11.845430882180823
088130,2022-03-31,-0.3141152514416428,0.024881066942497726,0.006173534473601668,G3,-13.886803087930963
088290,2022-03-31,0.16245159795399783,0.035303977695477544,-0.021910503829967686,G1,3.712000196633185
088390,2022-03-31,-0.07123778267571057,0.05035263492170331,0.02149159694610542,G4,-2.03844364136585
088790,2022-03-31,-0.1358396760624265,0.03765489026932428,0.020653348141121526,G4,-4.441465654864045
088800,2022-03-31,-0.5216987349929919,0.031176548314744004,-0.027591994499190187,G1,-17.74096205954495
088910,2022-03-31,-0.1744709653313139,0.04070510794266679,0.01187777847633849,G3,-5.057699181826017
089010,2022-03-31,-0.3127135043631055,0.026072214888980174,0.01558950036540948,G4,-13.198599798094001
089030,2022-03-31,-0.2955167025280404,0.02663817959299169,0.02386499888325227,G4,-12.272607713047414
089140,2022-03-31,-0.4883356857038264,0.035483520329634255,-0.010691825541139295,G1,-14.647332245561193
089230,2022-03-31,-0.25441768433219275,0.023405629989618357,-0.012574828603804693,G1,-12.21163071728559
089470,2022-03-31,-0.20095995948194467,0.02103990504951169,0.008184982025392041,G3,-11.04392746742881
089530,2022-03-31,-0.4509704766646374,0.0657424282348689,-0.10087514877107075,G1,-7.337327132909954
089590,2022-03-31,-0.2344411913757041,0.03094018420057995,-0.07235761790072544,G1,-8.592205381155184
089850,2022-03-31,-0.2589369169165447,0.02825724682499454,0.0066779953355009854,G3,-10.27489141179105
089980,2022-03-31,-0.39101252782394025,0.02968360313182521,0.007521982417614387,G3,-14.230609126339509
090080,2022-03-31,-0.2929681148740589,0.02695044563884095,-0.002304842212196218,G2,-12.035843303942512
090120,2022-03-31,,,-0.003714923069945046,G2,
090150,2022-03-31,-0.43672696148530304,0.03032294802973043,0.004340315144805559,G2,-15.438148917208572
090360,2022-03-31,-0.3103882546634152,0.031025341478411572,0.0004994573213808862,G2,-11.016525981114382
090370,2022-03-31,0.3008461005201327,0.05294558866038388,-0.013071383883802697,G1,5.089052393807638
090410,2022-03-31,0.014982980045794368,0.03692603808132111,0.0070276236575677175,G3,-0.44467932694256057
090430,2022-03-31,-0.17930957533256575,0.030147506198114803,0.026929392709279597,G5,-6.98939407307241
090460,2022-03-31,0.0162135208103543,0.023072345790925555,0.04158434044281511,G5,-0.6583511331592243
090470,2022-03-31,-0.17077322081209168,0.02010667269948692,0.015246977139185516,G4,-10.055191609286126
090710,2022-03-31,0.7846887630553253,0.07405390662769647,0.051536563259006664,G5,10.172124220751668
090740,2022-03-31,,,-0.03967828497411082,G1,
091090,2022-03-31,-0.40435086748248045,0.052353656609419964,-0.007846283150897628,G2,-8.323279050780325
091120,2022-03-31,-0.33719978936509254,0.036007866961039296,0.04385834166426818,G5,-10.236735643640724
091440,2022-03-31,0.30482897253764263,0.037774503338434705,-0.09451830899150913,G1,7.238367749841108
091580,2022-03-31,0.08953842230282832,0.03798960293986342,0.03799413418274673,G5,1.5302922904565037
091590,2022-03-31,-0.1656125816562772,0.026653759576074458,0.009903461777804597,G3,-7.39167046586473
091700,2022-03-31,-0.23267341293855703,0.02349480347657938,0.030140158514933717,G5,-11.239789215868583
091810,2022-03-31,-0.4726982138518201,0.03046003421198559,-0.06530038014612452,G1,-16.549601886524307
091970,2022-03-31,,,-0.0006677869590490605,G2,
091990,2022-03-31,0.07531699409187662,0.026667597127742037,0.0162628040482125,G4,1.6467088532600471
092040,2022-03-31,-0.22812184539445365,0.02974624415530087,-0.025068149396522126,G1,-8.724633262806629
092070,2022-03-31,-0.36588668204204694,0.03187110390183191,0.021404624652908193,G4,-12.465520776193221
092130,2022-03-31,-0.136092987777607,0.008813626315969646,0.03940145804984214,G5,-19.00423362408362
092190,2022-03-31,-0.41513314906270876,0.03092427904085756,-0.022116328439623228,G1,-14.43966969380889
092200,2022-03-31,-0.17244463642450578,0.026890201138963753,0.014512088290737088,G4,-7.580748882371986
092220,2022-03-31,-0.14551175523986287,0.03264690600859008,0.0248129740835794,G4,-5.419042803007564
092230,2022-03-31,-0.030695392997139297,0.008995423367597477,0.04608044326388368,G5,-6.903356992320903
092300,2022-03-31,-0.3651295051194216,0.02811491613800568,0.0049337588775781056,G2,-14.103998353736548
092440,2022-03-31,-0.24630455248841163,0.020611422549468777,0.012396974008589265,G3,-13.47348916011722
092460,2022-03-31,-0.10253579327165116,0.020272276979190033,0.012274853906638109,G3,-6.6070041966965185
092600,2022-03-31,0.12100692833433196,0.02948152165024228,-0.12024158489925699,G1,3.039317427061774
092730,2022-03-31,-0.22335078701244185,0.017387369334084413,0.04581773506377582,G5,-14.65167087234409
092780,2022-03-31,-0.28427596989977216,0.026927419709821633,0.002392915078004848,G2,-11.723336253829084
092870,2022-03-31,-0.3389597475570102,0.02756043758180888,0.011901716923651972,G3,-13.438210923324306
093050,2022-03-31,-0.1188523656598871,0.021237768868748657,0.030886313801754477,G5,-7.074923566356331
093190,2022-03-31,-0.05542455435141149,0.021644497331470315,0.012774694595190952,G3,-4.011540615989203
093230,2022-03-31,-0.49131652273392895,0.027493040496225873,-0.010627533702090275,G1,-19.012802480399984
093240,2022-03-31,-0.283364316595294,0.03631789958435596,-0.0012994445837609598,G2,-8.66700844498542
093320,2022-03-31,-0.13573598119931723,0.015752179471122944,0.04274777725988812,G5,-10.610544865373718
093370,2022-03-31,-0.06493783088667221,0.037417290361995134,0.07765376930946796,G5,-2.574773741258874
093380,2022-03-31,-0.1574264854424813,0.024359344551202124,0.031702859582053766,G5,-7.751838759537323
093520,2022-03-31,-0.39986741884890176,0.031017141837514233,0.03706931677292836,G5,-13.90426774054808
093920,2022-03-31,-0.10746450055924552,0.014467284668644644,0.039467747882272246,G5,-9.598741543163872
094190,2022-03-31,,,1.5277830435000228,G5,
094280,2022-03-31,-0.18074587774671652,0.015042172296513284,0.029189951398000385,G5,-14.10362142988772
094360,2022-03-31,-0.3969623384535878,0.03132082265710893,0.019167725940148865,G4,-13.676702203823268
094480,2022-03-31,-0.5597212588174033,0.03087953484199012,0.008313300979668774,G3,-19.142920631694277
094840,2022-03-31,-0.2559585530446747,0.023918891341334403,0.012884794317957358,G3,-12.014009125687794
094860,2022-03-31,-0.1502830224998311,0.029213414619127086,-0.035128172788267444,G1,-6.219274626914928
094940,2022-03-31,-0.30552834411870267,0.02943754363212385,0.004751624816786962,G2,-11.445641461656338
094970,2022-03-31,-0.2543154090018038,0.02534670881105324,0.05688284769567684,G5,-11.272415560463562
095190,2022-03-31,-0.28300029138704685,0.025406837974775116,-0.0065261308994629015,G2,-12.37475979913952
095270,2022-03-31,-0.2904782666606741,0.02916063515206285,-0.043481840148951456,G1,-11.038219530837466
095340,2022-03-31,0.07857762270131607,0.03204376261909239,0.05903147355846333,G5,1.4721865673401573
095500,2022-03-31,-0.0760203207630275,0.0395346088014387,0.01831024016839847,G4,-2.71720272000187
095570,2022-03-31,0.05813109375437982,0.023791383566172285,0.009731253962336874,G3,1.123426381386712
095610,2022-03-31,-0.30850660976271016,0.02424992633579407,0.0536980308169714,G5,-14.016943015098496
095660,2022-03-31,-0.05344378033594169,0.026575129598438562,0.026750508916702127,G5,-3.1927221964471073
095700,2022-03-31,-0.3824748256561864,0.03024271161399554,0.032606126690481574,G5,-13.685216350477846
095720,2022-03-31,-0.2755887105373508,0.02097453598455794,-0.0024117034989765015,G2,-14.63641134039002
095910,2022-03-31,0.24298631568769788,0.05622162784850844,-0.011878260593502365,G1,3.7633753766676032
096040,2022-03-31,-0.4122407399893151,0.03085734807100781,-0.005749458629104695,G2,-14.377255128174633
096240,2022-03-31,-0.2939365714025793,0.0236253056744749,0.01835292586000571,G4,-13.770818532118822
096350,2022-03-31,-0.16487178079937262,0.023780418417001438,-0.01882835956905282,G1,-8.253639745274645
096530,2022-03-31,-0.3154954210293906,0.03119607919735015,0.12914821920385858,G5,-11.119943780156461
096610,2022-03-31,-0.43972969051613536,0.031638569428053175,-0.005205107643652168,G2,-14.891094156262467
096630,2022-03-31,-0.29006969797350773,0.028422787490829948,-0.015521563305524838,G1,-11.310393953572508
096640,2022-03-31,0.453373131499203,0.06389081888156257,-0.004152780610375783,G2,6.604546835985572
096690,2022-03-31,-0.2035950604850533,0.017666655903380218,0.006413168049624753,G3,-13.301797894107505
097230,2022-03-31,-0.09065403901837667,0.01662811403881848,-0.004718498478672109,G2,-7.34041542774391
097520,2022-03-31,-0.31699789507599624,0.027383913394346652,0.012797627580442545,G3,-12.722838984524925
097780,2022-03-31,,,0.005627108400701329,G3,
097870,2022-03-31,-0.14557392236449676,0.04581724814703154,-0.010970000739907842,G1,-3.8626752004619154
097950,2022-03-31,0.0338164790120105,0.016684629538390304,0.012881910753661683,G3,0.14463930409759196
098120,2022-03-31,-0.5570782001318942,0.03806070709577231,0.03630589182195423,G5,-15.46165247160405
098460,2022-03-31,-0.26948295344408013,0.028992813616159095,0.03801051374638105,G5,-10.377957214984935
098660,2022-03-31,-0.0574271983320086,0.05344166993235353,-0.008005124819565751,G2,-1.6621940192157498
099190,2022-03-31,-0.0038955911729913048,0.022320913231055835,0.03254401572290048,G5,-1.5814235113969475
099220,2022-03-31,0.2932452180681949,0.05741584318960574,-0.008373312569270385,G2,4.560448435757638
099320,2022-03-31,-0.3501418935981244,0.03133997785265603,0.009279731511008244,G3,-12.174390205328129
099430,2022-03-31,-0.15919784386961675,0.028426693058882072,0.06183580268634142,G5,-6.705003261591627
099440,2022-03-31,0.45746626004346747,0.044189385153279276,0.012037637417415623,G3,9.641750677433851
099520,2022-03-31,,,0.0003648910578099098,G2,
099750,2022-03-31,-0.48357162685061184,0.036001685662891914,-0.024325558017781492,G1,-14.30418723942875
100030,2022-03-31,-0.12446405770680255,0.02793769947044421,0.20923219827432507,G5,-5.579102305046589
100090,2022-03-31,0.22486766048892604,0.031223664908109627,0.0157734994806771,G4,6.196083491538705
100120,2022-03-31,-0.1499040484257444,0.016920759108148078,0.035986637410285405,G5,-10.715079215617974
100130,2022-03-31,0.11974662539362205,0.0319588423041245,0.006739994638793117,G3,2.7642866017011243
100220,2022-03-31,-0.2751522349893278,0.02275434299242187,0.02853753746383197,G5,-13.472393419483698
100250,2022-03-31,-0.03149610004528189,0.015569740965562944,0.11850670089823227,G5,-4.039844079028279
100700,2022-03-31,-0.2513216244244352,0.02894502737644861,0.026577793331205215,G5,-9.767648396177663
100840,2022-03-31,-0.016686635518659752,0.03615971030217446,0.0007203244743302074,G2,-1.3299293861383474
101000,2022-03-31,-0.261551939530239,0.016242883302361476,-0.04154524809815899,G1,-18.035909012170222
101160,2022-03-31,-0.31952124947263066,0.028556528304750726,0.049090531807230865,G5,-12.288765340592951
101330,2022-03-31,-0.2560171400477498,0.021868099404045813,0.00331006773382785,G2,-13.143362875011707
101360,2022-03-31,0.011011573348000604,0.035670499890554444,0.00318431822487557,G2,-0.5716671344953792
101390,2022-03-31,-0.3423969475631598,0.029102472976210575,-0.02679356441111493,G1,-12.844275250256889
101400,2022-03-31,-0.4152838251463074,0.038031523297695095,-0.013706621167594113,G1,-11.74517905728563
101490,2022-03-31,-0.4177612616968885,0.026468171515920222,0.017655525669378214,G4,-16.969985525187266
101530,2022-03-31,-0.16654316919556875,0.02497772749545146,0.00544308305100904,G3,-7.924916109284448
101670,2022-03-31,0.15419257650541038,0.030050181739498173,-0.032915794487023024,G1,4.086143363903972
101730,2022-03-31,-0.04626182887729985,0.06910660050124645,0.08198281897962813,G5,-1.1238442365914185
101930,2022-03-31,-0.04134784371685441,0.0233858768965358,0.000646114114421263,G2,-3.1108976518251827
102120,2022-03-31,-0.18797529890692993,0.02571950233793812,0.045019736009890426,G5,-8.529656671847121
102260,2022-03-31,-0.15602989726611516,0.013745595689881889,0.008488945229638977,G3,-13.635867611800629
102280,2022-03-31,-0.08295011904908708,0.09654228859531248,-0.05050483060463944,G1,-1.1844896834265746
102370,2022-03-31,-0.05657520647937753,0.06016139221221631,0.028203097391771494,G5,-1.4623736095649118
102460,2022-03-31,-0.2349692219037906,0.04094703706193462,0.00543376339137381,G3,-6.5052923684646435
102710,2022-03-31,0.007908854528010299,0.028902237934556006,0.02270959271042433,G4,-0.812891075481426
102940,2022-03-31,-0.03571759911123421,0.017266799693366985,-0.012644140250341194,G1,-3.887276513867835
103140,2022-03-31,-0.2819830870432087,0.017139469090477845,0.019560235931558104,G4,-18.284481928542814
103160,2022-03-31,,,0.008134578584089334,G3,
104460,2022-03-31,0.0682440607515576,0.011636638471581567,-0.01721461763374143,G1,3.16593447799181
104830,2022-03-31,-0.08908208783661159,0.02424200908148934,0.03944020539847392,G5,-4.970104302743748
105330,2022-03-31,-0.26499646854032105,0.03223789188308173,0.013926651483015962,G4,-9.194140095194053
105630,2022-03-31,-0.42652650553706567,0.028076179634751397,0.03134254683450392,G5,-16.31025792329356
105740,2022-03-31,-0.08930453496323118,0.03136887976416571,-0.003082175897440155,G2,-3.8480099282210736
105840,2022-03-31,0.20753948947310896,0.0515604644398694,0.013315601771644741,G4,3.4161108822452553
106080,2022-03-31,,,0.00864527884180146,G3,
106240,2022-03-31,-0.15184865376616763,0.035251519028463144,0.01866690242766132,G4,-5.198410866341848
106520,2022-03-31,-0.18222310396102193,0.0638800067745164,-0.007000001860582783,G2,-3.344181388732966
107590,2022-03-31,-0.02956605722184689,0.01450606666322011,0.030647743071185563,G5,-4.203019636114391
108230,2022-03-31,-0.14100526000419566,0.023895600450464377,0.00937220904303098,G3,-7.215072338025168
108320,2022-03-31,-0.3961547922385329,0.024802817838502886,0.09601437711300446,G5,-17.23828400583021
108380,2022-03-31,-0.12927073740364536,0.030388875630244224,-0.007886769000748134,G2,-5.287262522150962
108490,2022-03-31,-0.37305952180162666,0.035284941034435496,-0.0031331122854054735,G2,-11.462758212160606
108670,2022-03-31,-0.4003141592508558,0.020882648372515276,-0.0005192464787753658,G2,-20.673497793771826
108860,2022-03-31,-0.3541953284275575,0.039230775061514275,0.015666020184013876,G4,-9.82898129413417
109070,2022-03-31,,,-0.016494410665931578,G1,
109610,2022-03-31,-0.2133434884120306,0.02494057883069003,0.005067498708086366,G3,-9.813193024907466
109740,2022-03-31,-0.3862860031579763,0.02131997975778723,-0.018807445232792677,G1,-19.59144585078064
109860,2022-03-31,-0.042582146835728286,0.014903701868240337,0.04116134212606508,G5,-4.964227900978218
109960,2022-03-31,-0.13525723626645134,0.027407140043988625,0.006013611367037866,G3,-6.0809140174936855
110790,2022-03-31,-0.2678178841370549,0.023385233784952244,0.028345891525725638,G5,-12.795301201395175
110990,2022-03-31,-0.3211328304340449,0.021481802350358962,-0.010216937399456257,G1,-16.41091610893653
111110,2022-03-31,-0.3545104575071933,0.025886855402498226,0.008713864560676493,G3,-14.907708074747545
111770,2022-03-31,-0.1938176321978936,0.02587069088005763,0.038686819155830006,G5,-8.705637551332511
111870,2022-03-31,0.1080236482819862,0.05195591189145414,0.11868928324039973,G5,1.4747200017508952
112040,2022-03-31,-0.48349842984973257,0.0555516548737894,0.00560321297762538,G3,-9.268880590974565
112240,2022-03-31,,,0.005126807310751352,G3,
112610,2022-03-31,-0.062337609476755096,0.03152422713639244,-0.0009872680768424548,G2,-2.973612481525033
113810,2022-03-31,0.3443072162481782,0.06274495250910382,0.015954234173114767,G4,4.986918914255718
114090,2022-03-31,-0.1234493170640702,0.02082210846333089,-0.02692878032563936,G1,-7.436929028740167
114120,2022-03-31,,,-0.04864049422465709,G1,
114630,2022-03-31,-0.07700166544642864,0.031341318462741595,0.0033897738905312677,G2,-3.4588491030379416
114810,2022-03-31,-0.27476443994121424,0.025894014250465662,0.03404904279279426,G5,-11.823878012354145
115160,2022-03-31,-0.344744623278871,0.027745852704011347,-0.011364861916692962,G1,-13.5569035523259
115180,2022-03-31,,,-0.0837142457002177,G1,
115310,2022-03-31,0.09127663766068635,0.029447924210562287,0.02266126427122912,G4,2.033196344371178
115390,2022-03-31,-0.3462065815398146,0.016210514173364696,0.008019075165927652,G3,-23.29412894050655
115440,2022-03-31,-0.4094301776178392,0.0356324490763952,-0.03951055991096197,G1,-12.371684092753588
115450,2022-03-31,0.38726559789644066,0.06595258331299782,-0.01106348387649507,G1,5.395730602410783
115480,2022-03-31,-0.17335281260921737,0.02381055197049417,0.042675790438573356,G5,-8.59938226839096
115530,2022-03-31,-0.537937279406357,0.044757514584162064,0.014806807189158493,G4,-12.720556771360044
115570,2022-03-31,-0.07047621409537627,0.0341045396688938,0.012650942755307183,G3,-2.9872691697624782
115960,2022-03-31,-0.3902702888095109,0.031046388831435935,0.01120242833838313,G3,-13.58204707495637
117580,2022-03-31,0.11551701371157291,0.06469740315678554,0.02110746780755015,G4,1.300110727802826
117670,2022-03-31,-0.18790837180069597,0.03624040243840526,-0.04188443100610624,G1,-6.051577323951987
117730,2022-03-31,-0.23662339001400723,0.035069292099370854,0.01168039888503668,G3,-7.6427723451328875
118000,2022-03-31,-0.35418454696026386,0.02565049635402245,-0.01735874665668254,G1,-15.032370814385763
118990,2022-03-31,0.2066455639073658,0.06911177889172468,0.021347007107392187,G4,2.535636340304032
119610,2022-03-31,-0.07250780081502248,0.02184975517978155,0.031075351401808053,G5,-4.7557066780147315
119650,2022-03-31,-0.3372869612835906,0.026150087968231147,0.0049320892582219,G2,-14.099003702700786
119830,2022-03-31,-0.04945980388871299,0.02517930852782623,0.00023297005631503165,G2,-3.2114873053722266
119850,2022-03-31,-0.04164549128052342,0.04366968770252634,0.00870163633186461,G3,-1.6727556556981988
119860,2022-03-31,-0.3561691432579935,0.025343164491069495,0.08510401050525129,G5,-15.29297452972059
120110,2022-03-31,-0.1711618508909741,0.027373150594826652,0.01725518596912824,G4,-7.400137444745187
121600,2022-03-31,0.15123570421749405,0.04037364144419135,0.03328191940002953,G5,2.9680869528870057
121850,2022-03-31,-0.12256481035129357,0.06878961167051877,-0.06948101173409531,G1,-2.238245462050361
122310,2022-03-31,-0.25730663303486717,0.02151306797739924,0.03448854197183135,G5,-13.420208551594113
122350,2022-03-31,-0.2974477725174595,0.028009778279463746,0.011806256347342337,G3,-11.740578416681672
122450,2022-03-31,-0.1285568054173705,0.020294701062514013,0.01034027294646606,G3,-7.881861907258219
122640,2022-03-31,-0.5122823198546155,0.04560622790203978,0.005111157935183016,G3,-11.921300459860007
122690,2022-03-31,0.06267283398105541,0.03866394166359437,0.0034847846468960514,G2,0.8087537594245598
122870,2022-03-31,-0.409637731136667,0.029327488080483678,0.002917312559760538,G2,-15.03848388695159
122900,2022-03-31,-0.04648238278622459,0.013404581326001795,0.008451937292958955,G3,-5.810372341998931
122990,2022-03-31,-0.27758243318749953,0.022336115116314254,0.013077050448543948,G3,-13.833455700999169
123040,2022-03-31,-0.24536538178089332,0.019487376558968365,0.01919327879959458,G4,-14.20245597193903
123330,2022-03-31,-0.37524307528264733,0.026495011689676152,-0.06908255243459993,G1,-15.348032522195478
123410,2022-03-31,-0.14498403569741736,0.03308407147249953,0.017484365337429676,G4,-5.331485928220392
123420,2022-03-31,-0.1391314858661366,0.04146336730009393,0.005472177971335257,G3,-4.112900682627431
123570,2022-03-31,-0.157254212755938,0.016503530455528645,0.022550211879807693,G4,-11.431338226130265
123690,2022-03-31,-0.147127339271078,0.034260781894733985,0.007963095643962852,G3,-5.210930842911394
123700,2022-03-31,-0.3261539413534898,0.024977040652472124,0.008464051311135366,G3,-14.315433607005476
123750,2022-03-31,-0.48854258824741514,0.036590456991431694,0.019512676707829284,G4,-14.209874836371169
123840,2022-03-31,-0.434454736168149,0.026793081718359268,-0.03066549647801632,G1,-17.38724820353097
124500,2022-03-31,-0.24617491895714286,0.02306866385253729,0.006909827465960147,G3,-12.032692770503221
124560,2022-03-31,0.2327510935746956,0.06788941803982884,0.09403254796634732,G5,2.965821089379773
126560,2022-03-31,-0.36936407416629624,0.016453572917784317,0.004263221244209421,G2,-24.357463389581905
126600,2022-03-31,-0.273789149412906,0.034674169474256576,0.05254822969453872,G5,-8.80172127686992
126700,2022-03-31,-0.24646003498740773,0.02713350136337154,-0.009669598059702966,G1,-10.240597299726184
126870,2022-03-31,,,-0.034852852000100354,G1,
126880,2022-03-31,-0.19605464914241455,0.02920928957929421,0.0071687219613726615,G3,-7.78717586853279
127120,2022-03-31,0.286823970342579,0.042215965692925385,-0.10123160086230096,G1,6.050335230846826
128540,2022-03-31,0.26015285645281777,0.07685025831321375,-0.004912637965999734,G2,2.976562937681559
128820,2022-03-31,0.1949662201715383,0.05504722216639362,0.007226178365132639,G3,2.9713214932204526
128940,2022-03-31,0.126239914550275,0.017418069621513203,0.018434015020366804,G4,5.444730145451354
129260,2022-03-31,-0.16405116220893698,0.029970653788294145,0.025564069671764098,G5,-6.5215256696111386
129890,2022-03-31,-0.4437748603123304,0.03171979851221675,-0.02000568449221257,G1,-14.980488792694226
130500,2022-03-31,-0.4277535987385105,0.02831334958250406,0.013884885321199802,G4,-16.216972958533077
130580,2022-03-31,-0.25515038541129015,0.01777911074375324,0.028866543361324562,G5,-16.117432156634912
130660,2022-03-31,-0.28591097439844054,0.03186584723826748,0.02902512479095681,G5,-9.957814641872497
130740,2022-03-31,-0.2748480252024271,0.026459596704346375,-0.00025244081532287734,G2,-11.57429776541426
131090,2022-03-31,-0.3204674419206974,0.02954289815048968,0.0007647087992823141,G2,-11.91049929951834
131100,2022-03-31,-0.3230451441928001,0.03472279151833462,-0.015027515695439156,G1,-10.20794568927711
131180,2022-03-31,-0.36657730372479436,0.0275820483025126,0.015316225432600732,G4,-14.428969348697418
131220,2022-03-31,-0.2954064810153508,0.029980052539415863,0.04209823652078902,G5,-10.900905073202717
131290,2022-03-31,-0.048948222771585725,0.028770272398577476,0.06421327116007486,G5,-2.7928636706967795
131370,2022-03-31,-0.37534253492523006,0.02906799656521723,0.012768577975826591,G3,-13.992906591243846
131390,2022-03-31,-0.38426955818688807,0.027634285834654188,-0.00906906771009314,G1,-15.04192243217207
131400,2022-03-31,0.1771110431353134,0.03638184332366252,-0.000841319909163173,G2,4.004959727647839
131760,2022-03-31,-0.2735023103519664,0.022698653830850225,0.0141790011988383,G4,-13.432758542888319
133750,2022-03-31,-0.5083698366223565,0.02800425782351885,0.0232509026777673,G4,-19.274678366069384
134580,2022-03-31,-0.16389233887626517,0.04292309224725774,-0.010973358769828781,G1,-4.5498950438547165
136410,2022-03-31,-0.0453936891324725,0.04582131393924163,0.027061259053536013,G5,-1.6760085719225697
136480,2022-03-31,-0.042713434982643295,0.034507869849005786,-0.033964000173529726,G1,-2.1478190660102507
136490,2022-03-31,-0.10438829386720272,0.039449976962007464,0.014630982795311881,G4,-3.4421191121208805
136510,2022-03-31,,,-0.02887741731518657,G1,
136540,2022-03-31,-0.12610424495208228,0.022415482120294226,0.011721314771158101,G3,-7.0267268807005445
137080,2022-03-31,-0.34509988326840313,0.04339923919650597,-0.010931914506008406,G1,-8.675338924032719
137310,2022-03-31,-0.3394717003307839,0.026448441478795808,0.16798468515524428,G5,-14.022562593511326
137400,2022-03-31,-0.10997312344425678,0.030785418566052346,0.020852254970249135,G4,-4.59231531796052
137940,2022-03-31,-0.589085239508717,0.030538650134390555,0.00975368957828624,G3,-20.31813660998777
137950,2022-03-31,-0.035924118846364594,0.059586589622877204,0.016013708059334594,G4,-1.1299076701474298
138070,2022-03-31,0.059775912461162276,0.0420090835973337,0.014838901714737113,G4,0.6753940868281992
138080,2022-03-31,-0.2773372628573113,0.027039830436784228,-0.008550987903899116,G2,-11.417989080425631
138250,2022-03-31,,,-0.005877686434683051,G2,
138490,2022-03-31,-0.1319460764787308,0.04253303088521309,0.02757993670907967,G5,-3.840528146842504
138580,2022-03-31,-0.3888677837105268,0.02071636109713264,0.028999475388693758,G5,-20.28691272306256
138690,2022-03-31,-0.7160124222288375,0.04711292103061446,-0.017422797835075134,G1,-15.864345315154855
139050,2022-03-31,-0.2482587963920303,0.02867986150582586,-0.06053053090347761,G1,-9.75116362196076
139480,2022-03-31,-0.27972655907122657,0.01767102384465487,0.034365755193996435,G5,-17.606777491378274
139670,2022-03-31,-0.5517624617312852,0.03970379588311377,-0.059267014181929506,G1,-14.68790765634981
139990,2022-03-31,-0.4884308446803011,0.02380449454359088,0.011726768424397616,G3,-21.837643707780924
140070,2022-03-31,-0.2715533985409338,0.02428111273704162,0.035377722350909475,G5,-12.477048627397348
140520,2022-03-31,-0.18315442433601273,0.02915117436099335,0.15065320447044536,G5,-7.360171754506054
140670,2022-03-31,-0.3895387783471357,0.03818011034345252,0.0009700639014026536,G2,-11.025164683050066
140860,2022-03-31,-0.2781094884208513,0.02627229588825038,0.002723120254130979,G2,-11.780954186258409
141020,2022-03-31,,,-0.07390648696760804,G1,
142210,2022-03-31,-0.32186607343669305,0.027063568823860712,0.024605377830050488,G4,-13.053315382843495
142280,2022-03-31,0.10246714373138235,0.08035119115564703,-0.019026412210695787,G1,0.8844164834753221
142760,2022-03-31,-0.3962615720263855,0.03853385759770549,-0.018898963031913633,G1,-11.098416418560248
143160,2022-03-31,-0.027976931497230118,0.020937888295394388,0.032568927988918,G5,-2.836014619332137
143210,2022-03-31,-0.270290718584675,0.01974400695079477,-0.02958641285419788,G1,-15.280279486478923
143540,2022-03-31,-0.3677485370877595,0.032620877949187145,-0.027817809567580433,G1,-12.236082778518758
144510,2022-03-31,-0.23957413662303104,0.029993336702195315,0.05129641011880357,G5,-9.034585418755656
144960,2022-03-31,-0.3270213546443188,0.02336831653983306,0.011274803243488438,G3,-15.338057400917547
145020,2022-03-31,-0.24710886091185405,0.031723401513568714,0.022104921237030176,G4,-8.779389139565648
145210,2022-03-31,-0.5488693810869644,0.04016676626821814,-0.032490431926816374,G1,-14.446585095214779
145270,2022-03-31,-0.39121135216818886,0.02181395366818074,0.004955527771612945,G3,-19.3735892357328
145720,2022-03-31,0.19645097700736147,0.027620237722389696,0.0378670385523162,G5,5.975609365125695
145990,2022-03-31,-0.24408073809494238,0.02060988622187657,0.01379399492848375,G4,-13.36659314542837
146320,2022-03-31,-0.12471915532753729,0.03460869293818532,0.012586787931326645,G3,-4.511074180490997
148140,2022-03-31,,,-0.020365223099181727,G1,
149980,2022-03-31,-0.31259491163300784,0.047027833192354276,0.026422693991298617,G5,-7.3147775282869345
150840,2022-03-31,,,-0.028090509139501226,G1,
150900,2022-03-31,-0.20962874873155174,0.028552777362936398,-0.005102572633666908,G2,-8.441629739700229
151860,2022-03-31,0.4691891175933156,0.07713921130125255,0.027801012095197922,G5,5.675270519388308
151910,2022-03-31,0.1054419193323295,0.07812131686972933,0.00634673171035016,G3,0.9477399574477301
153490,2022-03-31,-0.32048401517528746,0.024639129851678876,0.03491304564118873,G5,-14.281642375360182
154030,2022-03-31,-0.26829610874857857,0.046908590490414445,-0.037533063991355496,G1,-6.389007459439063
154040,2022-03-31,-0.16063869021541982,0.028133301631091786,-0.012667394371782454,G1,-6.826142147839288
155650,2022-03-31,-0.14813703139095427,0.026711116687308564,0.03761411667134377,G5,-6.72155564663128
155660,2022-03-31,-0.15698791031199427,0.032816272583716895,0.032162829729849865,G5,-5.74078410757484
155900,2022-03-31,0.0483416757340054,0.004644556675368112,0.0513593789093282,G5,3.646946546563847
156100,2022-03-31,-0.2237711349286343,0.04136019629180377,-0.06690572045222666,G1,-6.169563580762141
158310,2022-03-31,,,0.016988753158086116,G4,
158430,2022-03-31,-0.2877381258937841,0.026288325525680067,0.015167113980847115,G4,-12.140041075970345
159010,2022-03-31,-0.015992674131175597,0.027918958784028763,-0.0023558521408371977,G2,-1.6976241952382678
159580,2022-03-31,-0.4975135461825927,0.03321463682486287,0.011515299519317377,G3,-15.92420759492161
159910,2022-03-31,-0.5293105716497648,0.05858582389058986,-0.006345215499917418,G2,-9.570810141773547
160550,2022-03-31,-0.4745237729720849,0.039998426725629366,-0.008051542699351455,G2,-12.648672465268717
160600,2022-03-31,,,-0.00629352003100186,G2,
160980,2022-03-31,-0.32393602357665763,0.026080863139806173,0.024486057265344904,G4,-13.62452030357727
161000,2022-03-31,-0.22040621123406678,0.021507923703018135,0.020315887866971694,G4,-11.707752013514108
161390,2022-03-31,-0.004992877160485985,0.023032737061451865,0.009733299914904724,G3,-1.5801900950734582
161570,2022-03-31,-0.16898411801028435,0.035263075410464285,-0.02621781372267874,G1,-5.68263946023469
161580,2022-03-31,-0.26780228654776517,0.027813072189204334,0.0038511640984979284,G2,-10.75772968619963
161890,2022-03-31,-0.10765977555680775,0.02783201043614377,0.004266455305767,G2,-4.996512978547412
163560,2022-03-31,-0.12137069137213075,0.032595326128649287,-0.007218215164581281,G2,-4.686988452749472
163730,2022-03-31,-0.5297077924530909,0.030482033092822356,-0.0034694513449853447,G2,-18.4079262872944
164060,2022-03-31,0.005398975445779615,0.03279470923615383,0.017476642941640665,G4,-0.7929404152790643
166480,2022-03-31,-0.31466804858851016,0.027756967917358134,0.015317766986054141,G4,-12.467906272231636
168330,2022-03-31,-0.5914391623876128,0.024883574842989507,-0.045223607775745744,G1,-25.030261613296247
170030,2022-03-31,0.0015385444492546606,0.03834824776405914,0.01473133219337629,G4,-0.7787756442208764
170900,2022-03-31,-0.1769945818379216,0.013549588595169805,0.006119795748607843,G3,-15.380378982035177
170920,2022-03-31,-0.21690095105338777,0.029789215276085163,0.0006547768325594754,G2,-8.335371528204654
171010,2022-03-31,-0.1494979469534856,0.02994757131267764,0.03586384728337287,G5,-6.040595775569844
171090,2022-03-31,-0.3071618803614887,0.03762947442229804,-0.013765417670349432,G1,-8.997338160198096
172670,2022-03-31,,,0.007419223333622722,G3,
173940,2022-03-31,-0.5332596791313685,0.026230204262181655,0.02462479026983502,G4,-21.527201972725134
174880,2022-03-31,-0.19999819714015157,0.0360935047654448,0.008109155171666878,G3,-6.4111652345865355
175140,2022-03-31,0.032732659373688994,0.02610704730339547,-0.05959214298870721,G1,0.05092240236085558
176440,2022-03-31,-2.426004787784679,0.15214766003069616,-0.015039267363713266,G1,-16.151467680116426
177350,2022-03-31,0.6433892526795456,0.07227651753827058,-0.015866064638452443,G1,8.467287131661346
177830,2022-03-31,-0.254354238152683,0.0236798633748683,0.018698564664327264,G4,-12.067530096580379
178320,2022-03-31,-0.25745857837413066,0.026213120090061128,0.009241532416487029,G3,-11.019741380962355
178780,2022-03-31,,,0.06059726730548268,G5,
179530,2022-03-31,-0.2515803626390982,0.04954821767568258,-0.025190025967202573,G1,-5.711276847490588
179900,2022-03-31,0.1758870242757789,0.03245640132712893,0.030508527665097974,G5,4.451627184821609
180400,2022-03-31,,,0.010981687309486239,G3,
180640,2022-03-31,0.0087309494056729,0.0184584599990409,0.017376668239940437,G4,-1.2282864552057295
181340,2022-03-31,,,-0.031813739355739695,G1,
181710,2022-03-31,-0.25548117453801666,0.02581679674770033,0.001188036197578694,G2,-11.112315875129742
182360,2022-03-31,-0.5610184626469094,0.03666794982206915,0.024783087055109298,G4,-16.156389744397522
183190,2022-03-31,-0.5102184581116115,0.024142065477806764,-0.0018489903631623511,G2,-22.434769900527495
183300,2022-03-31,-0.21973384402153587,0.03070402310718078,0.04258711334329821,G5,-8.179288718983988
183490,2022-03-31,-0.567593705530706,0.032848130971788826,-0.02436192994231715,G1,-18.235342883027286
184230,2022-03-31,-0.47207591826227835,0.029828949605499398,-0.03747266317422221,G1,-16.878876082713496
185490,2022-03-31,-0.25047045223966913,0.0453250671266234,-0.06068854025261348,G1,-6.218935699723465
185750,2022-03-31,-0.11107741243492719,0.014266269393614446,0.02241380425557482,G4,-9.987238731462119
186230,2022-03-31,-0.18975247801498552,0.031829193153351476,0.011906033115246666,G3,-6.948203265974098
187220,2022-03-31,-0.4978197149865455,0.029536236543897965,-0.007294885551824737,G2,-17.917751302080895
187270,2022-03-31,0.3601734815463649,0.0633315342459534,0.011930643925069742,G3,5.191256767333411
187420,2022-03-31,-0.16539002062945932,0.029702110098866138,-0.016703179568249703,G1,-6.625564506389174
187660,2022-03-31,-0.7132669150099907,0.04490424810560227,0.003875485778440237,G2,-16.583512078081917
187790,2022-03-31,-0.35368359375363856,0.02856592572859189,0.000901979729908219,G2,-13.48063504816346
187870,2022-03-31,-0.3804683064414288,0.0260498785366192,0.041796924195546405,G5,-15.810881101380131
189300,2022-03-31,-0.3639372908139805,0.029346754073900486,0.010216210802784474,G3,-13.471354127440891
189690,2022-03-31,-0.11705658465397721,0.02328762389390125,0.0018378300338014579,G2,-6.375051878921346
189980,2022-03-31,-0.26924609478259875,0.03421483826659571,0.009245534911665087,G3,-8.78710336861587
190510,2022-03-31,-0.3088844679269259,0.028978080545484897,0.05476691814161708,G5,-11.742934222273673
191410,2022-03-31,-0.294876809336368,0.03584839472128885,0.041175548145876005,G5,-9.101663761503264
191420,2022-03-31,0.09339706611021663,0.0420280973369742,-0.004911954352979531,G2,1.475057026891055
192390,2022-03-31,-0.1221043228287983,0.034308396572012415,0.028047184286924254,G5,-4.474343425319852
192400,2022-03-31,-0.092275079198203,0.01650874611019769,0.03988116521381873,G5,-7.491683752302468
192440,2022-03-31,-0.22014829889809379,0.014736665460680648,0.015046967399700134,G4,-17.069772356284926
192650,2022-03-31,-0.1465969868300793,0.019492406594224444,0.05681043800558178,G5,-9.131771994191418
192820,2022-03-31,-0.3664067463729818,0.027674368536511333,0.00928783729631845,G3,-14.374672059981965
193250,2022-03-31,-0.35556263974568975,0.041266303787235725,0.006517936445972254,G3,-9.377284370979588
194370,2022-03-31,-0.47249215189157345,0.029127356205196468,0.03344280217531142,G5,-17.299729304238316
194700,2022-03-31,-0.28568351990404467,0.02179348191436261,0.03308844667403222,G5,-14.549613822907567
195870,2022-03-31,0.2062029328697511,0.03334440204686198,0.09878943190303169,G5,5.242250462840427
195940,2022-03-31,-0.11550471317195321,0.041890257727631997,0.0003374909121523694,G2,-3.5069714761267794
195990,2022-03-31,0.11289510161307344,0.03232559143483466,-0.00982659203018874,G1,2.520970914666844
196170,2022-03-31,0.11287879504318352,0.03473687283519002,0.02206673883523684,G4,2.3455067364093143
196450,2022-03-31,-0.1496077669992195,0.022300659640015583,0.01728998385906618,G4,-8.116844780719886
196700,2022-03-31,-0.39025876554635885,0.03676289590769073,0.00038505732581157364,G2,-11.469770836649447
197140,2022-03-31,-0.07218734995478732,0.04333354840254751,-0.027100579204448007,G1,-2.390539883762415
198080,2022-03-31,-0.246739261174979,0.02199936653320874,0.006914675192662553,G3,-12.643204365069588
200130,2022-03-31,-0.1758500570336085,0.025030099153630962,0.030782348627362004,G5,-8.28016227854196
200230,2022-03-31,-0.519041918220752,0.026443450405798805,-0.06116354805347573,G1,-20.815934969912096
200350,2022-03-31,-0.34795884209325045,0.030898922288155266,-0.025304802958437518,G1,-12.277517784014298
200710,2022-03-31,-0.29879043156349006,0.027667291703943102,0.017666083659054584,G4,-11.934440887934215
200780,2022-03-31,-0.31508135650575564,0.022750684349329413,0.0033597999975746792,G2,-15.229633403200024
200880,2022-03-31,0.20629287349767464,0.03238926535694541,0.015531770328137278,G4,5.3996176129299105
201490,2022-03-31,-0.3008551194671304,0.030251226276884802,0.02704979733065773,G5,-10.98330170924222
203400,2022-03-31,-0.22808591941295128,0.059172041776571066,-0.06980187374904225,G1,-4.385333637788151
203450,2022-03-31,-0.18390147486945663,0.021835567126673297,-0.0020663632456061182,G2,-9.860275184375778
203650,2022-03-31,-0.3587298339623848,0.028557026335926546,0.005667611765412641,G3,-13.661543578787274
203690,2022-03-31,-0.12808158851121484,0.029227029402754817,-0.018744217735237365,G1,-5.456757582850144
204020,2022-03-31,0.038093348345673066,0.0311056547635506,0.006334449945023533,G3,0.21507737387546996
204270,2022-03-31,-0.3065531644480338,0.02234454787515934,-0.007533421071930579,G2,-15.124780870155577
204320,2022-03-31,-0.0375300191990411,0.0247720013491617,0.009169946484731649,G3,-2.782707946519042
204620,2022-03-31,-0.28979392113565033,0.026278464048581564,-0.0332136835302937,G1,-12.222828029381697
204630,2022-03-31,-0.3878562326595721,0.05162669647163471,-0.04204870010215188,G1,-8.120981723019556
204840,2022-03-31,0.1354819901717447,0.04605858947159272,-0.07613010487925169,G1,2.259703685226512
205100,2022-03-31,-0.17102651143221934,0.0288757006758878,0.01407372229592842,G4,-7.010383557816372
205470,2022-03-31,-0.09099055130506489,0.03734944457189325,0.3641545692137869,G5,-3.2769905553996392
205500,2022-03-31,-0.44237956484342295,0.035571948495199325,-0.09303967231138334,G1,-13.319000242953088
206400,2022-03-31,-0.1821878965316095,0.02735360922053581,-0.007390999374082974,G2,-7.8085169900616584
206640,2022-03-31,-0.4343070333664037,0.03066105795154623,0.05258024915157129,G5,-15.188982060202187
207760,2022-03-31,-0.49266714180471277,0.02664974226603916,0.02009585049526835,G4,-19.665119548979966
207940,2022-03-31,-0.038171543634399806,0.01578654443092819,0.024820895099716536,G4,-4.407219689227497
208140,2022-03-31,-0.14248985355957886,0.039652552696455574,0.024642656762315387,G4,-4.3854195389941255
208340,2022-03-31,-0.4700364563442778,0.03162840207522636,-0.1289857634628402,G1,-15.854094713924642
208350,2022-03-31,-0.38319176932506627,0.02175033432817356,-0.0328861327799588,G1,-19.06154585377965
208370,2022-03-31,-0.395054849495584,0.03884919336012684,0.01348487784592326,G4,-10.977269755611813
208640,2022-03-31,-0.6105115987637635,0.056223452087574885,-0.04454320682957518,G1,-11.41720760173805
208710,2022-03-31,-0.17653101841169233,0.05169933413547721,0.0419141172875748,G5,-4.021990760524224
210540,2022-03-31,-0.1381729269604699,0.03255199961476502,0.016707870509588163,G4,-5.209392810695559
211050,2022-03-31,-0.004252182079631989,0.03974465839930013,0.018362414999773886,G4,-0.8971119471670047
213420,2022-03-31,-0.3556300133374775,0.02597140650448041,0.03985041576685635,G5,-14.90228259594492
213500,2022-03-31,-0.052733481180240585,0.02046235346067096,0.010333460674440562,G3,-4.111780550971547
214150,2022-03-31,-0.42972840174327065,0.026266225953819996,0.05465354697343014,G5,-17.55606718530715
214260,2022-03-31,0.20506902737625224,0.03296497789200919,-0.013264688798634239,G1,5.268191052295466
214270,2022-03-31,-0.6245701006763645,0.027708247995309528,0.012392278435877863,G3,-23.674298230399113
214310,2022-03-31,-0.18136811189363414,0.036549379828182224,0.009138774195749405,G3,-5.821476005894459
214320,2022-03-31,-0.08776376330149947,0.013932078032632897,0.014545417730730596,G4,-8.553425327422659
214330,2022-03-31,-0.11729812031640763,0.060922523549077,0.0008896697369717261,G2,-2.4408270941546073
214370,2022-03-31,0.031887090119384814,0.04865152045377662,0.04107087947766278,G5,0.00994551266682261
214420,2022-03-31,-0.0804200512642295,0.04494448879813978,-0.007966762272160671,G2,-2.48803090347552
214450,2022-03-31,-0.29482072694149586,0.020976524552268408,0.03327645929168208,G5,-15.551859028652556
214610,2022-03-31,0.5936523618701816,0.08098311670101678,-0.044953032181729344,G1,6.942794485664327
214870,2022-03-31,0.13502896584646934,0.022773268637265955,-0.060342769160587145,G1,4.550323525822094
215000,2022-03-31,-0.1379888269717749,0.0228845256067883,0.09696584908843095,G5,-7.402034706281142
215100,2022-03-31,-0.35244364326502226,0.03512903992446678,-0.007214440991204693,G2,-10.926767992999746
215200,2022-03-31,-0.26380475626058647,0.020995182043404614,0.0341889300104473,G5,-14.060748864036363
215480,2022-03-31,-0.45306915122695446,0.04269425364943067,0.023740018891071135,G4,-11.347484394773266
215600,2022-03-31,,,-0.046898103298716916,G1,
215790,2022-03-31,-0.2020944761947419,0.0222986388195213,0.006150992678435817,G3,-10.47138813678521
216050,2022-03-31,-0.3376552432878002,0.028816644429451508,0.010422489122609947,G3,-12.807128532878817
217190,2022-03-31,-0.29934999260386946,0.025210188988808023,0.000672750635534697,G2,-13.11982304286405
217270,2022-03-31,-0.5335889739191236,0.03242476398162493,-0.24129390396987963,G1,-17.424712791919028
217480,2022-03-31,-0.42101996166157546,0.04561245794480463,-0.04809773679168112,G1,-9.918851293116054
217500,2022-03-31,-0.3209829670366718,0.03558228132226593,0.016014701735719873,G4,-9.903417649126803
217620,2022-03-31,0.3891588929794558,0.033336200726404364,-0.0566068838239587,G1,10.731746851093298
217730,2022-03-31,-0.14286434669283388,0.028905158093775987,-0.054261080930508736,G1,-6.028943759238933
217820,2022-03-31,-0.18820201236721618,0.03574178824356465,-0.006058507773264832,G2,-6.144215188035757
218150,2022-03-31,-0.3022667396463169,0.048113781289521616,0.008881495715665539,G3,-6.93501854375009
218410,2022-03-31,-0.34126140408443734,0.02857606177286933,-0.0009075271993729976,G2,-13.041147267000381
219420,2022-03-31,-0.4271104021235641,0.027520551479935342,-0.011782440822265854,G1,-16.660771796826396
219550,2022-03-31,-0.21522838873272007,0.05460140109338538,-0.09721492628477674,G1,-4.516946627749624
219750,2022-03-31,,,-0.13941665501631442,G1,
220100,2022-03-31,0.10502648325554828,0.02584764129887607,-0.03788171400911704,G1,2.848354965847426
220180,2022-03-31,-0.041495305789783894,0.020510963626031387,0.011892346206952426,G3,-3.5541251462079866
220630,2022-03-31,-0.041730296519715396,0.006530618685449033,0.0817317771803515,G5,-11.198559562069802
221840,2022-03-31,-0.16077751063259374,0.039870834242282036,-0.012627446244896635,G1,-4.820083153295108
221980,2022-03-31,-0.1999142019433199,0.01697073161589618,0.021365018370212343,G4,-13.630374516859405
222040,2022-03-31,-0.29926274273377756,0.020710880327861118,0.006767655764666246,G3,-15.965809434734837
222080,2022-03-31,0.12232793649543111,0.03841612423248117,0.0039006431320585204,G2,2.3668371681311324
222160,2022-03-31,-0.2069888836621655,0.03909090450833058,0.0512019091542921,G5,-6.09840351526821
222800,2022-03-31,-0.389491932528152,0.02840300866333318,0.07748310400749714,G5,-14.818682179890244
222810,2022-03-31,0.43349644528336273,0.08946506227354496,-0.03535727363237098,G1,4.494416135848497
222980,2022-03-31,-0.15985964343687667,0.04604214625029501,0.005446252559486438,G3,-4.1540823966715665
223250,2022-03-31,0.1533463614917339,0.029360103754637157,0.004272016804173434,G2,4.153361878567016
223310,2022-03-31,,,0.021188297641955824,G4,
224060,2022-03-31,-0.10623963548189508,0.030036916436907164,-0.01084841080652256,G1,-4.582456444138228
224110,2022-03-31,-0.14722955128443294,0.031749818719703,0.006823865454251664,G3,-5.626261323502623
225190,2022-03-31,0.03659288431311702,0.016471800143607693,0.03888443439369947,G5,0.3150632269345132
225530,2022-03-31,-0.3782102502114883,0.022583923439915575,0.023228355001043498,G4,-18.13739216339954
225570,2022-03-31,-0.41776668789387417,0.04689059926035042,-0.006067601118283218,G2,-9.579103717706872
225590,2022-03-31,-0.3343019461602106,0.04543063071346138,0.006543714790153345,G3,-8.049748951830015
226320,2022-03-31,-0.14844255497996056,0.04904699898476057,0.005759633399906472,G3,-3.6668049933552953
226330,2022-03-31,-0.4458708858839645,0.029334920209959845,-0.011107754065143758,G1,-16.269828186830082
226340,2022-03-31,-0.318439767169696,0.03522863414567933,0.003902087347502555,G2,-9.930643110642842
226440,2022-03-31,,,-0.06447323572053429,G1,
227610,2022-03-31,-0.08217207205294821,0.04106624070330441,-0.04192600139070282,G1,-2.76566093984495
227840,2022-03-31,-0.04927012449538282,0.033972720691793135,0.04095530950074567,G5,-2.3746508568953932
227950,2022-03-31,-0.20053983877784107,0.02677114698510819,-0.023813662647510878,G1,-8.663919581529852
228670,2022-03-31,-0.13183636636335072,0.039595131812158846,-0.004231358648124066,G2,-4.122718745936207
228850,2022-03-31,-0.29121963649381855,0.01886119879033187,0.026608867537116134,G5,-17.10510905943288
229640,2022-03-31,-0.14958255107206794,0.018047913759268126,0.008975038236301943,G3,-10.028071903079551
230240,2022-03-31,-0.4345846069179552,0.0334202618249028,0.03221422541538607,G5,-13.94327295117659
230360,2022-03-31,-0.41672025768954074,0.03402844828901005,0.02870717377645878,G5,-13.169083694031384
230980,2022-03-31,-0.6012427046095343,0.033778332343561215,-0.015132321458508393,G1,-18.72934175616814
232140,2022-03-31,-0.30248361117622863,0.02129122473942163,0.03464460592904954,G5,-15.681899048506788
234080,2022-03-31,-0.1442588861311122,0.014936717482531782,0.0265092601693789,G5,-11.760422739668032
234100,2022-03-31,-0.5399114696997023,0.03644024603147288,0.010193387679372903,G3,-15.678123989962035
236200,2022-03-31,-0.1974548717522347,0.019390298856737976,0.014426246637302615,G4,-11.802711203657385
237880,2022-03-31,-0.30971237790218553,0.03209724519540557,0.007034909127659653,G3,-10.627566373124905
238090,2022-03-31,-0.3629286737124276,0.025495461073117273,0.006879992715320938,G3,-15.466749096554587
238120,2022-03-31,0.10571309665562495,0.04850658674875989,0.018190775138571234,G4,1.531954231990424
238200,2022-03-31,-0.12938739675367028,0.029237042951311396,0.014054087865242558,G4,-5.499551470642478
239610,2022-03-31,-0.09858491103723,0.01192978639914604,0.015478946177145587,G4,-10.896099267375519
240810,2022-03-31,-0.22130575499911878,0.028149471425608124,0.02292771379893246,G4,-8.977397016971198
241560,2022-03-31,-0.27702125130733557,0.024442593677366252,0.016364454646969607,G4,-12.618320346231794
241590,2022-03-31,-0.2205229826388692,0.030977019069598613,0.003865178665375849,G2,-8.13268080699752
241690,2022-03-31,-0.31712943109335673,0.04288599047333374,0.012933180209479578,G3,-8.126958315595484
241710,2022-03-31,-0.39278249308510377,0.027856546968962337,0.0010027596647999891,G2,-15.227505381919071
241770,2022-03-31,-0.2251027225931848,0.02186862536268597,0.005997476582514007,G3,-11.729404301621434
241820,2022-03-31,-0.6064760107595203,0.04809335649612417,0.07258262862441106,G5,-13.263354505468513
241840,2022-03-31,-0.4519745273911925,0.031220798579499016,0.04739440582093838,G5,-15.48255570615198
242040,2022-03-31,-0.4823984435846443,0.0227380627018686,-0.018462725519685252,G1,-22.596545542504458
243070,2022-03-31,-0.2805374633160636,0.018636122096029183,0.02490309060267294,G4,-16.73849782240806
243840,2022-03-31,0.03537472520876734,0.0385129044303405,0.011371848205116882,G3,0.10312126444524887
244460,2022-03-31,-0.2361279777467371,0.026553989098454057,-0.15497327623151147,G1,-10.074991089333695
244920,2022-03-31,-0.33143029372537,0.02460240561303113,0.00848927542960077,G3,-14.747887878884491
246720,2022-03-31,-0.009937226303767949,0.04849176792345803,-0.13882788420806866,G1,-0.8525251579912183
246960,2022-03-31,-0.2499302869352218,0.03694042468114304,-0.052812974796785685,G1,-7.615871099751747
247540,2022-03-31,0.18390833137881932,0.036044994185725834,0.01979374888329817,G4,4.230964909761623
248070,2022-03-31,-0.24572408182613656,0.026381158774658946,0.016578119228937576,G4,-10.504743555798216
248170,2022-03-31,-0.15941943791913457,0.044334935160401136,0.02840606843620991,G5,-4.304115096485452
249420,2022-03-31,-0.5879386377254456,0.08034106778803667,-0.1767813387808217,G1,-7.70890754359779
250000,2022-03-31,-0.13748010603092542,0.0327566500419754,0.1880209638524368,G5,-5.155696068461355
250030,2022-03-31,0.16119122964780946,0.04081259672268998,-0.029562665607244708,G1,3.180096692284261
250060,2022-03-31,-0.3764002458542379,0.026374560151606597,-0.016143646730381954,G1,-15.462000856755457
250930,2022-03-31,-0.36817383793106084,0.02217122076540211,-0.015631912946120357,G1,-18.022330297709498
251270,2022-03-31,-0.4531504776292456,0.02883152916616089,-0.005685286786980876,G2,-16.806382368522105
251370,2022-03-31,-0.36141199565345217,0.04678303852980266,0.004953283035557163,G3,-8.396530747135307
251630,2022-03-31,-0.36219684914575384,0.026281447659269215,0.00034896477437417215,G2,-14.976346815255683
251970,2022-03-31,-0.16880060944517736,0.02458856138694217,0.02041161256986322,G4,-8.14215325984658
253450,2022-03-31,-0.2484597095538288,0.023717092571930165,0.0205068042957052,G4,-11.80005240994446
253590,2022-03-31,-0.054417100802467304,0.0379632252511327,0.018242171515449025,G4,-2.2606173748727607
254120,2022-03-31,-0.12648591531716502,0.025330104878025495,-0.004522587586539433,G2,-6.233260457622086
255220,2022-03-31,-0.14654643867117284,0.017652100487318988,0.025683677190513267,G5,-10.080934255130765
255440,2022-03-31,-0.40929745971414383,0.02947588569355332,-0.0037606022592509077,G2,-14.95122793263448
256630,2022-03-31,-0.19614863217318784,0.027521447590721216,0.008703206652786932,G3,-8.26816457344918
256940,2022-03-31,-0.6247447668612705,0.027296674242421912,-0.022797069606936473,G1,-24.037653336097584
257720,2022-03-31,0.5301954485729539,0.06931632654730513,0.025317476167825044,G5,7.195883677218528
258610,2022-03-31,-0.24584873402298021,0.03271917324840455,-0.026350926008631766,G1,-8.473684763503343
258790,2022-03-31,-0.42941303352050275,0.024586786275643115,-0.027842040218797798,G1,-18.74243563842509
259630,2022-03-31,-0.29588193326634044,0.029554592006026222,-0.005422259706194768,G2,-11.073919037896315
260930,2022-03-31,-0.40697945576333605,0.0388867594303705,-0.029986967778546623,G1,-11.27331482467041
261200,2022-03-31,-0.09114386735961133,0.02743339662619519,0.02752381391838255,G5,-4.467076929476789
262260,2022-03-31,-0.40196997250273736,0.03111156408233075,-0.021366701247867735,G1,-13.929649990027837
263020,2022-03-31,-0.26378154629689676,0.023476325700471177,0.003294475873249464,G2,-12.573721112474765
263600,2022-03-31,-0.25667679533786425,0.03107873266071208,0.007254666134454845,G3,-9.269361923129182
263690,2022-03-31,-0.2129481232808595,0.018866988477227946,0.03212695522207071,G5,-12.951264022991161
263810,2022-03-31,-0.2147071158714375,0.027237267045152183,0.008231093480312408,G3,-9.03579427663955
263860,2022-03-31,-0.3496441903709187,0.03411291616397876,0.0018564576324890279,G2,-11.170180067447122
264850,2022-03-31,-0.2056715607205529,0.024259926360352978,0.03269362167873692,G5,-9.772279726060765
265520,2022-03-31,-0.34079257872104773,0.02305131991686222,0.03678854971190013,G5,-16.146398812296873
265560,2022-03-31,-0.38850807179186664,0.030154597900225826,0.0013395614266467901,G2,-13.925282604918221
265740,2022-03-31,-0.3121142336363797,0.026388125965227566,0.011001873598939137,G3,-13.017880083469917
267250,2022-03-31,0.107320419442606,0.016422186047355326,0.012386335653676778,G3,4.6228433545472045
267260,2022-03-31,0.20131445858487873,0.033693479296457954,0.002750401612876054,G2,5.042852098574728
267270,2022-03-31,0.23146817507349216,0.03522561107322522,0.019106609286953184,G4,5.679530976798547
267290,2022-03-31,-0.04980151986038952,0.033427155754036916,0.020416689544226402,G4,-2.4293046726547836
267320,2022-03-31,0.12577845235903284,0.04234339520904627,0.007183689006157162,G3,2.228806312924544
267790,2022-03-31,-0.24276382750643388,0.04270541765099448,-0.05837427775952599,G1,-6.4199595365976
267980,2022-03-31,-0.15249504582156678,0.01469276208316222,0.013448947918906088,G4,-12.516249197199228
268280,2022-03-31,0.018954325564195913,0.014615032951328644,0.05213345726481383,G5,-0.8517873537277221
268600,2022-03-31,-0.20766818629801012,0.04549802899296745,-0.13342790973270693,G1,-5.254544370293812
269620,2022-03-31,,,0.026074499741303655,G5,
270870,2022-03-31,-0.45812685068330244,0.022009650069801937,0.03847946043573514,G5,-22.241611063203937
271560,2022-03-31,0.16959986998484775,0.019462593261156652,0.03580713520906864,G5,7.100628488918192
271980,2022-03-31,-0.2957649084508591,0.03082436010727821,-0.009369636916857469,G1,-10.61394731694885
272110,2022-03-31,-0.07224106412883334,0.02620185159566208,0.007441572521833376,G3,-3.9556093796227763
272210,2022-03-31,-0.1486557664386831,0.020472571379586607,0.004613647992403391,G2,-8.795133200740636
272290,2022-03-31,-0.4599822214111091,0.023827023271777402,0.07047337860756957,G5,-20.623031320895056
274090,2022-03-31,-0.18529901420490502,0.03742306060170278,-0.028252813257129458,G1,-5.7906070889748795
276730,2022-03-31,-0.44967499839108027,0.029282993411394738,-0.016839379115620473,G1,-16.428587659700543
277070,2022-03-31,-0.22156858167927684,0.0246511226646304,0.014873811028153808,G4,-10.262080592730737
277410,2022-03-31,-0.1866139106993009,0.026042222214163302,0.010272903001194362,G3,-8.37167944858338
277880,2022-03-31,-0.16314354733626962,0.030786288958511245,0.012206237502691232,G3,-6.319266781550051
278280,2022-03-31,-0.45590254561577537,0.02976049867728126,0.023047615837897852,G4,-16.3742475119958
278470,2022-03-31,,,-0.00646948986220132,G2,
278650,2022-03-31,1.333946293816605,0.1418260633055545,0.007432437417873847,G3,9.18408815454402
280360,2022-03-31,0.017644380059196614,0.012741633633251922,-0.0015222342890120616,G2,-1.0798337280196504
281740,2022-03-31,-0.081188808681017,0.01957480494146184,0.044826477321622954,G5,-5.751885386555492
282330,2022-03-31,0.08859449116822093,0.01691806633149451,0.012876080138386899,G3,3.3804847576051062
282690,2022-03-31,-0.02447557346745669,0.012148552282998397,0.01715101099119211,G4,-4.59962619184751
282880,2022-03-31,-0.1450613052542052,0.02938557480982645,0.02748603896790087,G5,-6.00514137302659
284620,2022-03-31,-0.22573305346110012,0.0322605059888036,-0.09598788317773288,G1,-7.9706213956096645
284740,2022-03-31,-0.21185647117422052,0.018258356952434097,0.04662827750094573,G5,-13.32319756998957
285130,2022-03-31,-0.3711097066504299,0.023857340781199544,0.015772865858370996,G4,-16.871659593095824
285490,2022-03-31,-0.1777042735162742,0.025432742978335005,0.08674837877809569,G5,-8.221979811648904
286940,2022-03-31,-0.36555939037309537,0.01737715996607137,0.0058332930551756295,G3,-22.843929442705843
287410,2022-03-31,-0.21622343016157045,0.033356433110358734,0.09860686861861098,G5,-7.4236551356902245
288330,2022-03-31,-0.34826438423870376,0.0328511531611268,-0.2957656924833533,G1,-11.557207997630385
288620,2022-03-31,-0.013824234975823989,0.04107336425544698,-0.0026702163948243724,G2,-1.101138453158916
289220,2022-03-31,-0.6606638002833987,0.04796301276460444,-0.006588422730540255,G2,-14.429181700624511
290090,2022-03-31,-0.399772923413505,0.029284998973117347,0.011169167577720879,G3,-14.723447646891227
290120,2022-03-31,-0.2189688782209526,0.02429119752641731,0.025078132249906748,G5,-10.307112432605186
290270,2022-03-31,-0.3248532721774344,0.02431807710113419,-0.020008056200034395,G1,-14.649863001185663
290380,2022-03-31,-0.11928134555703801,0.049053274081728604,0.025863378130017184,G5,-3.071855532261336
290520,2022-03-31,-0.3798056362455217,0.03852672142079668,0.008558435301156667,G3,-10.673341693435747
290550,2022-03-31,-0.32802826114429595,0.028209416798591163,0.03207568573357161,G5,-12.741542638651726
290650,2022-03-31,-0.15279783944693265,0.03362743256066435,0.0181275135139614,G4,-5.477702317031876
290660,2022-03-31,-0.2955870024935051,0.023941499772989015,-0.048495190062686384,G1,-13.65788406743297
290720,2022-03-31,-0.2849868518627728,0.038069895491245946,0.0044262278989108195,G2,-8.310768222150157
290740,2022-03-31,-0.024012614765613692,0.0452873960362791,-0.013469309357534124,G1,-1.2236481984451577
291230,2022-03-31,-0.6954398326990721,0.03653554354837136,-0.016839857343614685,G1,-19.894135625578343
294090,2022-03-31,-0.17844125709493064,0.022019540472052616,-0.055483472950089964,G1,-9.529921079312196
294570,2022-03-31,-0.5329505509452537,0.024860053825710653,0.015507089585341412,G4,-22.701229076505133
294870,2022-03-31,-0.28757561937395815,0.022079479723603017,-0.0143590557654731,G1,-14.446846083941942
297090,2022-03-31,0.5215515388559574,0.07801435908289113,-0.020318026175718217,G1,6.282796126399215
297890,2022-03-31,-0.4459570666236851,0.033392704841015655,0.021947081269499465,G4,-14.29534668433938
298000,2022-03-31,-0.32242120767448634,0.01985135257243244,-0.016315868961074183,G1,-17.823693987093538
298020,2022-03-31,-0.28798624000178225,0.02254503254284807,0.0318364812205622,G5,-14.166733412392137
298040,2022-03-31,0.04957032620523544,0.026121155082686382,-0.00334116347100712,G2,0.6954937613316093
298050,2022-03-31,-0.29328957752142576,0.025764949507904648,0.031242156348194577,G5,-12.602112929748305
298540,2022-03-31,-0.19449513219285391,0.023881535978493556,0.04174397490917803,G5,-9.45912181706979
299030,2022-03-31,-0.21691949229263247,0.023566148852332977,-0.0007118068151773232,G2,-10.537263413512763
299170,2022-03-31,-0.29882865214419335,0.02347848908971459,0.021637956963612114,G4,-14.065295117108377
299900,2022-03-31,-0.6086552542298438,0.03810487038735012,-0.0253463402743632,G1,-16.79728794586791
299910,2022-03-31,,,-0.06539774684531377,G1,
300080,2022-03-31,-0.4071108209284673,0.03254201298533758,-0.16713178442287555,G1,-13.475320255464828
300120,2022-03-31,0.003199565353690516,0.04556293591830773,0.00878720009738682,G3,-0.6190044579947387
300720,2022-03-31,-0.44073609182400214,0.022270328031319894,-0.002117804981526979,G2,-21.2003755385399
301300,2022-03-31,-0.4580639496684567,0.03617259411172445,-0.0444881763781474,G1,-13.53143692053481
302430,2022-03-31,-0.38813437878420065,0.023633922478271598,0.006012945632827938,G3,-17.751501257413533
302550,2022-03-31,-0.5418488088759482,0.031392305188096534,0.005857341146182649,G3,-18.260909202034895
306040,2022-03-31,-0.12651904672899536,0.023176173915210072,0.05859612974218206,G5,-6.813992383436752
306620,2022-03-31,0.21638689152789897,0.05526272829422457,-0.0012924845384319622,G2,3.3473494963291515
307180,2022-03-31,-0.13889698536352071,0.038627357628446296,-0.029584166467375727,G1,-4.408797847579363
307280,2022-03-31,-0.1120904392721965,0.023628032181498147,0.020261156497167334,G4,-6.0730264787353025
307950,2022-03-31,-0.04729532579327139,0.02649526647885581,0.01045339502679327,G3,-2.970287227061004
308170,2022-03-31,-0.4127276580882878,0.027520546288864363,-0.010003012891008215,G1,-16.138156533413294
310200,2022-03-31,-0.40086075559207224,0.032981335391594854,-0.036556060398514244,G1,-13.106321386510153
311390,2022-03-31,-0.5795877661089577,0.05794425384812951,-0.0010801547814678198,G2,-10.54446215696904
317120,2022-03-31,-0.2900725786527263,0.039431816122132236,-0.030066395098451288,G1,-8.152700942393073
317240,2022-03-31,-0.26241545749063416,0.04025600123276281,-0.10360876560078136,G1,-7.298754826596092
317330,2022-03-31,-0.5448661503313365,0.025815185518644337,0.010122404468470103,G3,-22.322883394411118
317400,2022-03-31,-0.43154723049845123,0.018661503253439363,0.011189496175035429,G3,-24.807779417211734
317530,2022-03-31,-0.6088812897315274,0.034717760948686435,-0.002690104563169457,G2,-18.442563634340726
317690,2022-03-31,-0.3466712637700673,0.03760392663740657,-0.09111892954876558,G1,-10.054122624535404
317770,2022-03-31,-0.14455924431732795,0.019644135287726044,0.014457594080552798,G4,-8.957506530395541
317830,2022-03-31,-0.15966204139569123,0.05777834585121369,0.0009191389367003385,G2,-3.3068663421787683
317850,2022-03-31,0.7626424325007244,0.07234299688991262,0.0025275303790040795,G2,10.107947391328427
317870,2022-03-31,-0.07535044225903617,0.02825777445953398,-0.009505604944923418,G1,-3.777851232352441
318010,2022-03-31,-0.1298690069970899,0.03605161269376191,0.017828669189802086,G4,-4.473370835681001
318020,2022-03-31,,,0.00508439042496018,G3,
318410,2022-03-31,-0.2987049539487713,0.01951362002792067,0.0031997686877606795,G2,-16.916808838282915
319660,2022-03-31,-0.27833086120717887,0.028568760000258642,0.04927720034356001,G5,-10.84170566068763
321260,2022-03-31,-0.44014832540040444,0.027139400492386175,0.03873569356753518,G5,-17.375164618656463
321820,2022-03-31,-0.6502070846441543,0.024251668854074437,-0.053718842763211906,G1,-28.105707469120873
322000,2022-03-31,0.49938767378433324,0.03598624872435093,0.008699889509815593,G3,13.004535470272819
322180,2022-03-31,-0.482418025556432,0.02848635122587946,-0.10998234885784888,G1,-18.037454052594985
322310,2022-03-31,-0.44721083974462267,0.02470211206507664,-0.020014431654570716,G1,-19.375430906077437
322510,2022-03-31,-0.41619926043358746,0.02858111631603057,-0.08896605208525273,G1,-15.660776902159972
322780,2022-03-31,-0.3891096637135463,0.029479958180611304,0.019515146383300888,G4,-14.264365198338897
323230,2022-03-31,-0.4390884128456725,0.024618259778450977,0.0029534084205369506,G2,-19.111490531266472
326030,2022-03-31,-0.1664930641066442,0.021917099606879528,-0.056409345367128355,G1,-9.029310148819983
327260,2022-03-31,-0.18649727854799297,0.030605448377496923,-0.0020523124315190476,G2,-7.1196638476520056
328130,2022-03-31,,,-0.274889162981891,G1,
329180,2022-03-31,0.21001534292110763,0.031631074999625516,-0.015817991418543044,G1,5.6467292722985425
332290,2022-03-31,0.013214268784102423,0.06107482989014907,-0.04912981780311141,G1,-0.2978142887186809
332370,2022-03-31,-0.0392385510538346,0.026165870855434772,0.05102254255460897,G5,-2.6997678483769465
332570,2022-03-31,-0.435333241911651,0.021907818039868528,-0.03913874574756628,G1,-21.30456200013717
333430,2022-03-31,0.27251641701798657,0.04970069416355855,-0.0010671632065697456,G2,4.851304298045871
333620,2022-03-31,-0.37372231335709394,0.02473455989925521,0.02693933831737999,G5,-16.378926522793897
335810,2022-03-31,-0.28295601886519994,0.021442501920229496,-0.0020716884623638793,G2,-14.660567402121842
336060,2022-03-31,-0.6621346172198118,0.048057809225787895,-0.2934205228698172,G1,-14.431324569287897
336370,2022-03-31,-0.352790124312374,0.03354306183938649,-0.0010625722737231105,G2,-11.453735260020395
338220,2022-03-31,-0.3010255942090877,0.033388997848320535,-0.19703305368562066,G1,-9.956238325142198
339770,2022-03-31,-0.2662487359501701,0.02247683603157032,0.03278697873498477,G5,-13.24260947308368
339950,2022-03-31,-0.5625365857212561,0.030330266352015814,-0.04603280158327325,G1,-19.58241331066429
340930,2022-03-31,-0.39536579946888295,0.027683481754876258,-0.009881140267499497,G1,-15.41601699721756
344820,2022-03-31,-0.25967141298640384,0.018722832237410017,0.015053367893297547,G4,-15.546506805271713
347000,2022-03-31,-0.15607888228272088,0.015301511761231455,-0.003554806336825428,G2,-12.252521908598922
347770,2022-03-31,-0.5956390078098114,0.03556375481519635,-0.024981315956682515,G1,-17.631496923613042
348150,2022-03-31,-0.40071977315711826,0.02614614324893903,-0.03373411209702316,G1,-16.52721760334977
348210,2022-03-31,-0.18983781322091692,0.02683569785338811,0.08322604162831461,G5,-8.244281189782289
348350,2022-03-31,-0.17467970117730602,0.018214826790346625,-0.0015444188216057885,G2,-11.314020679734167
351320,2022-03-31,-0.18619509246720664,0.03895246363041145,0.025400166669911142,G5,-5.5862530375042105
351330,2022-03-31,-0.21097612447135414,0.02250032328717728,0.0364262112769369,G5,-10.77226078862322
352480,2022-03-31,-0.1079618907432287,0.03685974261375147,0.019549280671837144,G4,-3.7809573987010587
352700,2022-03-31,-0.10603626648338238,0.023682801639492688,0.06125559557581587,G5,-5.803346005341035
352770,2022-03-31,-0.47798923035153285,0.023444264790481482,0.006975510028203988,G3,-21.727806809484637
352820,2022-03-31,-0.6886229290395279,0.04259869118158131,0.009665501013839624,G3,-16.902541718401487
353190,2022-03-31,-0.3618081968986204,0.03151599793531282,-0.025864648900345004,G1,-12.476565822606853
353200,2022-03-31,-0.05203100777585139,0.03151683737554536,0.047844141883165145,G5,-2.6472907985063734
353590,2022-03-31,-0.7164731685523956,0.040322402243143415,-0.04292448600409414,G1,-18.547416640733978
353810,2022-03-31,-0.1257310163376026,0.06094749748328104,0.025731712457077546,G5,-2.5781902232681313
354200,2022-03-31,-0.4824430837787044,0.025953097594680972,-0.037907966003939905,G1,-19.799035845743038
356860,2022-03-31,0.11994135633219731,0.035089639591183226,0.06447254691017411,G5,2.5231986294892637
357230,2022-03-31,-0.2883195583847016,0.024526843760750754,0.03382532625076973,G5,-13.035626895572749
359090,2022-03-31,-0.07980728221146478,0.018839251745215384,0.01623794427760591,G4,-5.903127657188432
361570,2022-03-31,-0.47921206542216127,0.03952311973111478,0.009376225946128743,G3,-12.91940754430446
361610,2022-03-31,-0.23282615628318512,0.026212492493837246,0.004331799125722768,G2,-10.080284511354996
363280,2022-03-31,-0.33651723393355715,0.020658243441748037,0.012445593717696836,G3,-17.809861752160494
365900,2022-03-31,-0.08496921534591298,0.039933053996343226,-0.023094775318962684,G1,-2.914188360424953
368770,2022-03-31,0.37562870969590967,0.06801088655912563,-0.10419121728824737,G1,5.061329168091403
371950,2022-03-31,-0.23316287591947438,0.04016064865833599,0.009117035926501265,G3,-6.587694934329977
372800,2022-03-31,-0.5722961662132552,0.03665486970694226,0.03536887076326081,G5,-16.469827797679198
372910,2022-03-31,-0.3725258692754572,0.0336718346378425,-0.009975820755078543,G1,-11.996052470154039
373200,2022-03-31,1.6110802335632453,0.12158269764827057,-0.11654278104965017,G1,12.992613573410571
373220,2022-03-31,-0.16275351715553793,0.01990142489294132,0.007424829356727126,G3,-9.755921699398192
375500,2022-03-31,-0.45283884861086454,0.022630271323138558,0.016957065220431698,G4,-21.397979171473644
376180,2022-03-31,0.45784912283073204,0.06651213711567551,0.024815747694910597,G4,6.411550064653931
376290,2022-03-31,-0.521449159165736,0.021878305733544785,0.004670871921767585,G2,-25.269433186708323
377220,2022-03-31,-0.2796545188608561,0.02504050214824269,0.044518290470206064,G5,-12.422184779914142
377480,2022-03-31,-0.5142203346490246,0.03857466385445497,-0.021832474842009342,G1,-14.144609594374014
378850,2022-03-31,-0.21402485686905234,0.03694585832870703,-0.00955396347557388,G1,-6.642911919705102
382840,2022-03-31,0.1606578487765608,0.047303471235826795,0.055614961297397646,G5,2.7324553482708067
383310,2022-03-31,-0.3126798222902879,0.03018487110905842,0.002773121889421527,G2,-11.399188913332178
388720,2022-03-31,-0.4567760054284292,0.04912023253745102,0.001824130783545137,G2,-9.938455215224716
900070,2022-03-31,-0.05212816130414461,0.0625203072372041,0.008527034166551754,G3,-1.3360680841454502
900100,2022-03-31,,,0.004598881196993838,G2,
900110,2022-03-31,0.41148316218487063,0.08403034448064152,0.004261078047072184,G2,4.5231271956284775
900120,2022-03-31,-0.08349937108462249,0.030366044001804576,0.005308052985593872,G3,-3.783917222943026
900140,2022-03-31,-0.15737830839561917,0.017326833576475433,-0.003099755227798689,G2,-10.895327952960699
900250,2022-03-31,-0.2601056239767606,0.024020305506811262,0.006090041055651937,G3,-12.13593431193251
900260,2022-03-31,0.05748923863419404,0.057307586058734226,-0.004322725933217142,G2,0.455193014080318
900270,2022-03-31,-0.006523525495183681,0.056194126144516736,0.005905690756245243,G3,-0.6749237670161023
900280,2022-03-31,-0.01766009504124965,0.036707329017989655,0.00581700491857442,G3,-1.3366083057597606
900290,2022-03-31,-0.0018591795310463934,0.00841411966521625,0.01218211643793924,G3,-3.9531652342673365
900300,2022-03-31,0.036759283854344495,0.046859522368406535,-0.045477231293090496,G1,0.11430031244842645
900310,2022-03-31,-0.1807033766493743,0.051157749800133996,0.012274822987566495,G3,-4.146128461171495
900340,2022-03-31,0.1878818051096086,0.061953360058589785,0.032072686392639806,G5,2.5257480652409163
950110,2022-03-31,-0.49088997602989626,0.02135532064318805,0.001964918698301917,G2,-24.457286807489343
950140,2022-03-31,-0.5357674093159311,0.028327297047040536,0.007195821925372915,G3,-20.0220527281701
950170,2022-03-31,-0.32330892103742254,0.06340436206796672,-0.0049978896788768785,G2,-5.594443903774919
950190,2022-03-31,-0.187946342093843,0.023216635506083216,0.05158699536637859,G5,-9.447948125076982
