종목코드,날짜,기간수익률,표준편차,Y5,그룹,성과
000020,2022-03-31,-0.23951681264573438,0.0207259775545603,0.0895836468476641,G4,-13.083409479051905
000040,2022-03-31,-0.1680011267081847,0.02793956955452847,-0.10481206329414544,G1,-7.145806769597923
000050,2022-03-31,-0.16089441481803984,0.028337602457198352,0.16978505300887373,G5,-6.7946486885430355
000070,2022-03-31,-0.12726498448246631,0.01609535148380357,0.08190228104930457,G4,-9.873324182860856
000080,2022-03-31,-0.2021968545347079,0.016382380006195324,0.08829420979987772,G4,-14.274268634990216
000100,2022-03-31,-0.004096700025698096,0.012382503562124598,0.06892491767386484,G4,-2.8868425840195413
000120,2022-03-31,-0.089272117547098,0.019993040301241497,0.016618096414339624,G2,-6.048192484952178
000180,2022-03-31,-0.1880177962009733,0.0272913410718367,-0.0292076065511761,G2,-8.048979131402083
000210,2022-03-31,0.0865661226260189,0.0254544521810475,0.16078619677916353,G5,2.157441208367114
000220,2022-03-31,-0.1556592320735218,0.019936178100701286,-0.006823851894996482,G2,-9.395425225517512
000230,2022-03-31,0.8202130586263685,0.1040078920192024,-0.8015873080935566,G1,7.581765236878021
000240,2022-03-31,-0.1640420918855617,0.016073383339834525,0.17528707802387236,G5,-12.174893505762252
000250,2022-03-31,0.015433979372660486,0.03220058907578405,0.08181737143951573,G4,-0.5035826873661483
000300,2022-03-31,-0.2917718682735884,0.026112415808294414,0.034491612762065534,G3,-12.385736700970918
000320,2022-03-31,-0.0975151057588282,0.014527893867126416,0.021252502424299286,G2,-8.890810016537761
000390,2022-03-31,-0.39891105888884504,0.02373355348107462,0.00855709156365184,G2,-18.14143414244291
000430,2022-03-31,0.004950779605031722,0.021536250710742187,0.014338210315463331,G2,-1.2397171312584998
000440,2022-03-31,-0.3398302468792513,0.05492995959310089,0.04371217689258141,G3,-6.762791893262659
000480,2022-03-31,-0.0327115854538864,0.008150303956387531,0.09558656828419518,G4,-7.896788187594192
000490,2022-03-31,-0.025574632596054192,0.03878955218795033,0.04810406168620849,G3,-1.4752495948650657
000500,2022-03-31,-0.1410834488704293,0.02468904637040323,0.01429593626533205,G2,-6.996345052505363
000520,2022-03-31,-0.04908517580380293,0.02571581828707481,0.020356073442550537,G2,-3.1395001106613987
000590,2022-03-31,-0.05840924941065471,0.0278398855668967,0.11101360496686218,G4,-3.234887145942762
000640,2022-03-31,-0.12049829352282299,0.01738803953922773,-0.018706778195113478,G2,-8.750148729176246
000660,2022-03-31,-0.1703093548141929,0.019880873081986664,0.22822714666172192,G5,-10.158456951842696
000670,2022-03-31,-0.2145989272638211,0.01814900264409388,0.09578777155942207,G4,-13.568159675053721
000680,2022-03-31,-0.11774813910908881,0.026026200420773606,0.10207014755335056,G4,-5.740283838898715
000720,2022-03-31,-0.10779561089547875,0.022044700194768712,0.05628587343313625,G3,-6.325567969519788
000760,2022-03-31,-0.04981854282630139,0.01578435533041953,0.033981465940730544,G3,-5.16132459483557
000850,2022-03-31,0.0177162847479372,0.015858119850797943,0.07658383526820199,G4,-0.8786258356837024
000860,2022-03-31,-0.09421106504842683,0.019919275911699622,0.03571430015218673,G3,-6.318538091473454
000880,2022-03-31,-0.11525384216274552,0.020412825671090488,0.031130581314304125,G3,-7.196626429089302
000890,2022-03-31,-0.13919591453713095,0.019459820861060715,0.01413081365265609,G2,-8.779400093718815
000910,2022-03-31,-0.15751948256165652,0.02927582180144974,0.06007843820497851,G3,-6.461616087118883
000950,2022-03-31,0.30405998095620285,0.03030760087017891,0.06839935843115828,G4,8.988185622769748
000970,2022-03-31,-0.1478375417904815,0.018525755692213722,0.04240921563925043,G3,-9.688521392956503
000990,2022-03-31,-0.47511304830915785,0.027585904414486866,0.518104062598105,G5,-18.37034882921025
001040,2022-03-31,-0.04825894879518111,0.013755048456501861,0.03318578644112345,G3,-5.809400643123583
001060,2022-03-31,-0.10781743422157025,0.026756314526264112,0.06815303178539718,G4,-5.212491901262621
001070,2022-03-31,-0.016510078816718312,0.009464862043400841,-0.03404157413560605,G2,-5.08826406027898
001120,2022-03-31,-0.022653785142794217,0.025187488160283808,0.06132558450992833,G3,-2.1559682073672564
001130,2022-03-31,-0.1864192549153853,0.03099333255015124,0.02916253694377134,G3,-7.035993729191217
001140,2022-03-31,-0.19988279739794498,0.031226708797005,-0.11692783250961701,G1,-7.414564162277917
001210,2022-03-31,-0.341129126873184,0.05119941170343648,-0.5226505291751306,G1,-7.280918921230106
001230,2022-03-31,-0.20601886902877975,0.026036871253513585,0.15030514909911083,G5,-9.128151584300824
001250,2022-03-31,0.4201071382641666,0.0604084039222767,0.012958851449028462,G2,6.430520829680438
001260,2022-03-31,-0.21027130469157557,0.04084789029488158,0.019785201385463125,G2,-5.92248318087816
001340,2022-03-31,-0.09999089647801933,0.02976413450384193,0.1426173318576882,G5,-4.422790624576842
001380,2022-03-31,-0.3013746108169769,0.02644359886834787,-0.036101066670018736,G2,-12.593756660324061
001390,2022-03-31,0.05873326717085116,0.06563210208222098,0.08632078029793568,G4,0.4126582534672612
001430,2022-03-31,-0.15074680224777393,0.024979281872756862,0.04184357589285266,G3,-7.301908907193913
001440,2022-03-31,-0.012289557434589673,0.03053480032139491,0.021960925187440108,G3,-1.4389875003708315
001460,2022-03-31,-0.0400289360589731,0.014245028484621785,0.17704152928977213,G5,-5.031830907924862
001470,2022-03-31,-0.25771112585297773,0.044049304323661456,0.09301350259069972,G4,-6.5690200753468435
001530,2022-03-31,-0.3195650917109444,0.032898280375449104,0.08639349215192199,G4,-10.675777768836245
001540,2022-03-31,-0.2700448670055695,0.020384203429376673,0.03280841513342909,G3,-14.800406923186396
001560,2022-03-31,-0.2313927516454679,0.0335904344360241,0.10874788107786994,G4,-7.830871931730203
001570,2022-03-31,0.7004438772143654,0.05266857330628522,0.04583630193130575,G3,12.698165085484435
001620,2022-03-31,-0.1036478741140688,0.018627295663846098,-0.024464151764804792,G2,-7.263400716341553
001630,2022-03-31,-0.17307085567917313,0.014091085114261055,0.008565853913139505,G2,-14.528369715558675
001680,2022-03-31,-0.0550813824417644,0.01674018857398293,0.04048725216674566,G3,-5.18100621224637
001740,2022-03-31,-0.075544448745191,0.013223917416148392,0.017146275589650654,G2,-8.106076582761153
001790,2022-03-31,0.23793675254796745,0.06792425575036769,-0.00886760575821502,G2,3.0370169200217396
001800,2022-03-31,0.0628855224467704,0.014211666062089116,0.14781741640824936,G5,2.1979044368258864
001820,2022-03-31,-0.2590362123293653,0.020972127150209425,0.13964428001062307,G5,-13.860580226392505
001940,2022-03-31,-0.21135601111746039,0.017186377996988807,0.11329643883097354,G4,-14.139433551051525
002020,2022-03-31,-0.15233925083973113,0.021714491743587642,0.06367016622999423,G3,-8.473092143558022
002030,2022-03-31,-0.2281571819509878,0.020271927369382832,0.07671827030705776,G4,-12.816088760144089
002070,2022-03-31,-0.24091053234601073,0.06670642330375155,-0.036956755279794466,G2,-4.085965899552268
002140,2022-03-31,0.7038983437339699,0.09241449023258583,0.04116606329488613,G3,7.274278129845861
002150,2022-03-31,0.21111955717991887,0.04930670211731313,0.025681027897975755,G3,3.639868636898441
002170,2022-03-31,-0.1012660603360813,0.012324894230201026,0.21444720451780314,G5,-10.784327752249622
002200,2022-03-31,-0.08633104049634223,0.016301905262949754,0.08234412953508959,G4,-7.237232528807558
002220,2022-03-31,0.07704215847436789,0.040281922956977016,0.0445768088584388,G3,1.1268707297968963
002230,2022-03-31,-0.10402015695390399,0.015274611628080524,0.011874495460313089,G2,-8.882045502139533
002240,2022-03-31,0.020616948866192582,0.041184369130705056,0.12198421399410117,G4,-0.2678853633282642
002310,2022-03-31,-0.17212440291429035,0.017341204481361165,0.14280571366860584,G5,-11.750858580067463
002320,2022-03-31,-0.12812268502018048,0.02071498640802789,0.026749119040733592,G3,-7.712885754657272
002350,2022-03-31,-0.014121156807375704,0.02329260791321682,-0.04168181992469638,G2,-1.965035239167918
002360,2022-03-31,0.08417002815062219,0.04992118302861183,0.052188007877923645,G3,1.0520662053682461
002380,2022-03-31,-0.13605046393149123,0.023960876909632133,0.05180563766604817,G3,-6.9989134002977
002390,2022-03-31,-0.1664354552930035,0.017086655909354525,0.006253155024070177,G2,-11.592970262763565
002410,2022-03-31,-0.3443451626394927,0.038285586935077075,0.0482497244913423,G3,-9.820792399795364
002460,2022-03-31,-0.11277285710404777,0.03675723292058841,0.08232132954576449,G4,-3.929090526761901
002620,2022-03-31,0.04061324734118504,0.046745415890798225,-0.021461812882485824,G2,0.19175374988443858
002680,2022-03-31,0.8395747820331153,0.09644364532336097,-0.028344061575201227,G2,8.377173433978438
002710,2022-03-31,0.3144401190373415,0.039149666473866564,0.041677361269305636,G3,7.223317743253182
002720,2022-03-31,0.06142552526675381,0.0416596083115973,0.09137861273036293,G4,0.7147423588293286
002790,2022-03-31,-0.145132078391145,0.026224162860015585,0.14049952015202574,G5,-6.7411767494360655
002800,2022-03-31,-0.1088587712773733,0.02427598992358739,0.027880847848277667,G3,-5.787957989514048
002810,2022-03-31,-0.04272238737332159,0.00960718286985069,0.11810151533449226,G4,-7.74129387720235
002840,2022-03-31,0.031811558941056306,0.012646917058431916,0.19870072087928334,G5,0.012803150846276576
002870,2022-03-31,-0.08598249972993771,0.03873292147431855,-0.36066783503516153,G1,-3.037006603339985
002880,2022-03-31,-0.36829953363058765,0.022814839353483773,-0.07310606207071572,G1,-17.530220835139616
002900,2022-03-31,0.40978473986764774,0.05100643284373452,0.125249746064285,G4,7.413478658111648
002920,2022-03-31,-0.01877204983369382,0.019865453171501787,0.051578048236196494,G3,-2.538159484840934
002990,2022-03-31,-0.280359704474746,0.015447490787308346,0.03394522326015647,G3,-20.198059822460593
003000,2022-03-31,-0.2766387699580538,0.027120781987774744,-0.06454087982770779,G2,-11.367238918525214
003010,2022-03-31,0.4414964300873098,0.055842538579301805,0.012633213194337944,G2,7.339329514023989
003030,2022-03-31,0.30985737676815484,0.037340636512327205,0.12028395835779797,G4,7.4505355076658555
003060,2022-03-31,-0.1615917143586028,0.029944206523698887,0.20424699008525843,G5,-6.453380314481926
003100,2022-03-31,0.3464318244458156,0.011570161283191832,0.2209443707159895,G5,27.20637838894157
003160,2022-03-31,-0.1909045800157533,0.026748628272452224,0.11484602057509113,G4,-8.320210528297387
003200,2022-03-31,-0.10325087090113533,0.019480711472436248,0.11176984163536305,G4,-6.924824570510493
003220,2022-03-31,0.007932347893361398,0.02464667370542705,0.11434138369356736,G4,-0.9622917455036964
003230,2022-03-31,0.12462336161550128,0.02453606952002251,0.13108176730342583,G4,3.7892671841923904
003240,2022-03-31,-0.1411921719813988,0.012394806771653735,0.06761622039814341,G4,-13.944695848820789
003280,2022-03-31,-0.4198617731834425,0.03224832140121502,-0.014156566906123165,G2,-14.001082602725726
003310,2022-03-31,0.5545822782525269,0.08862003453414109,0.054814866639004846,G3,5.900839944909397
003380,2022-03-31,-0.20129784029023245,0.02095526093931461,0.03869009355967084,G3,-11.116419858433336
003410,2022-03-31,-0.20128421562824286,0.014465750336950849,-0.03400265912373984,G2,-16.102438432623916
003480,2022-03-31,0.003767188531921214,0.033486523018424204,0.03409721050220604,G3,-0.8326469131165032
003490,2022-03-31,-0.1635731875311365,0.01795302836737971,0.25490001115755995,G5,-10.874088877399052
003550,2022-03-31,0.0752511639310959,0.019687563196874553,0.4640014203296442,G5,2.2146735449616686
003570,2022-03-31,0.04218922391376881,0.028247364162172193,0.07827881052272923,G4,0.3731174809459274
003580,2022-03-31,-0.21494343308174704,0.06487790579685238,-0.3309396824761082,G1,-3.800879029728602
003610,2022-03-31,-0.024063354480299094,0.025997842939407878,-0.1162375841983921,G1,-2.14298521474893
003670,2022-03-31,0.134740761249507,0.034528022530592686,0.05858770120726622,G3,2.985723338310176
003780,2022-03-31,-0.36036975975594754,0.03789024368454466,0.05137326257250487,G3,-10.346183085385332
003800,2022-03-31,-0.05440227522207571,0.011503730656168599,0.18581731298743182,G5,-7.480348449409262
003850,2022-03-31,-0.14796257581819067,0.022085031846557725,0.09205136471437723,G4,-8.132757770978841
003920,2022-03-31,-0.07747596400849832,0.0117163046277009,-0.08645109790413223,G1,-9.313994986500191
003960,2022-03-31,-0.12518054176043025,0.03266634263765166,0.03274231553591574,G3,-4.800971509246418
004000,2022-03-31,-0.16680143031820283,0.021078369351046428,0.05376258602773997,G3,-9.414915621191904
004020,2022-03-31,-0.17978512999237825,0.020651418371098268,0.09299518977772003,G4,-10.238268614154793
004060,2022-03-31,-0.2133248668177637,0.023463724797301144,0.015291147800436404,G2,-10.440563358472314
004080,2022-03-31,-0.030067201751293772,0.009120851056846438,0.07745423209444983,G4,-6.766565961976076
004090,2022-03-31,-0.29915680635240727,0.04908424036619895,0.02797365544340368,G3,-6.739565335810484
004100,2022-03-31,0.0433881295444302,0.038907715887212035,-0.0067555832853878625,G2,0.30170085091197774
004140,2022-03-31,-0.29113300554174604,0.025242863412439257,0.01203602530281731,G2,-12.787085158369992
004150,2022-03-31,0.004578347057134315,0.014634808283571448,0.08608156586289988,G4,-1.849787914712342
004170,2022-03-31,-0.1476655793522036,0.017435969275913666,0.10848772290386878,G4,-10.284212771246931
004270,2022-03-31,-0.1865513045926215,0.026471283734570493,0.11042194185618252,G4,-8.242930162917494
004360,2022-03-31,0.009438025346794008,0.018322272003534534,0.08124318914489627,G4,-1.2122739583354085
004370,2022-03-31,-0.05889834661479419,0.01575885825299415,0.05872176194106025,G3,-5.745846793933001
004430,2022-03-31,-0.13380639129925925,0.03223738861431257,0.16945156057476665,G5,-5.132426569440487
004440,2022-03-31,-0.430009128786368,0.02259980808989135,-0.025543099229251555,G2,-20.427552548425393
004450,2022-03-31,0.011554918417898602,0.043335005426086946,0.02110884493301653,G2,-0.46370641791177825
004490,2022-03-31,-0.2049873436930873,0.028333713743370466,0.06933301680868924,G4,-8.351781358088738
004540,2022-03-31,-0.1798269455259805,0.027817317427534995,0.014607863893526904,G2,-7.602335654079536
004560,2022-03-31,-0.22093343638731566,0.025845620688717142,0.08996094211823165,G4,-9.772761040782326
004590,2022-03-31,-0.2373963420882252,0.031215392829063805,0.15250131394232597,G5,-8.619016333247636
004650,2022-03-31,-0.017307391257375793,0.020665432144962897,0.1312179755549986,G4,-2.369030053094036
004690,2022-03-31,0.5755929129882515,0.020385383871593363,0.051772049227827736,G3,26.68300375702069
004710,2022-03-31,-0.11369410265695228,0.02544731084599147,0.019626588737583252,G2,-5.711556010409017
004720,2022-03-31,-0.18946551543022067,0.028508446473172102,1.8091994746310731,G5,-7.756127791548309
004770,2022-03-31,-0.17107200760736602,0.028147834934913088,0.29164093466440927,G5,-7.202033358172697
004800,2022-03-31,-0.10761910963659307,0.011662990735608931,0.08014910905877243,G4,-11.941083667810924
004830,2022-03-31,-0.3645529284597161,0.026758987868192582,0.07846675598398997,G4,-14.806336060448844
004840,2022-03-31,-0.13075444216089924,0.029633324542315063,-0.02086369134624925,G2,-5.480454293382111
004870,2022-03-31,-0.2547297668252306,0.023479321260316714,-0.7044348809716893,G1,-12.197090461190975
004890,2022-03-31,0.03494750390485918,0.012969251501976189,0.1080429770358589,G4,0.2542833987096181
004910,2022-03-31,-0.303008177661348,0.02287402529165523,0.013286556990468941,G2,-14.63047329661093
004920,2022-03-31,0.30113409126245905,0.054819413362570533,0.298181934345755,G5,4.915858017777332
004960,2022-03-31,-0.42293391298722566,0.029107277879866847,0.03923917221447952,G3,-15.617521961951395
004970,2022-03-31,-0.1551021662027573,0.014041412638688095,0.042980907953307154,G3,-13.300072404568446
004980,2022-03-31,-0.37289595290096367,0.02417054503966052,-0.002665358999844354,G2,-16.737131528948858
005010,2022-03-31,0.17480122773981538,0.0347630612178199,0.14128376282786737,G5,4.117922420256176
005090,2022-03-31,-0.32034281101566164,0.031187237687878698,0.12000068219211106,G4,-11.286425976311609
005160,2022-03-31,-0.1376410772808558,0.01824398671634001,0.024091074309400058,G3,-9.279261077484202
005180,2022-03-31,-0.11479778369329913,0.012083152971100247,0.008055149994836221,G2,-12.119967577815165
005250,2022-03-31,-0.13092310000330704,0.020661851503576703,0.0531509198637699,G3,-7.868256072278008
005290,2022-03-31,-0.07217405879604208,0.02608296278138791,0.14435958739887803,G5,-3.9805177893496317
005300,2022-03-31,-0.0029871698691487196,0.023349408398443162,0.07954061260450704,G4,-1.4834126771997787
005320,2022-03-31,-0.2928134173500986,0.032520745257483476,0.023747672330297787,G3,-9.977110098042786
005360,2022-03-31,-0.15211331170019293,0.042704608514195816,0.05380264768447136,G3,-4.303117547449792
005390,2022-03-31,-0.2289034268488951,0.03205699325851011,0.046689407409621936,G3,-8.127807349304147
005420,2022-03-31,0.36169160051507715,0.04389052374742515,0.07712441803078186,G4,7.519663330065007
005430,2022-03-31,-0.25292630699464713,0.019966571092178587,-0.056439464488448346,G2,-14.252619753040102
005440,2022-03-31,-0.14326153771307062,0.013636837857817448,0.04784936131220582,G3,-12.826373539890552
005450,2022-03-31,,,-0.5121298583103957,G1,
005610,2022-03-31,-0.1097730822778328,0.02183869039026915,0.0143069352146965,G2,-6.475787618430846
005670,2022-03-31,-0.05013143119261079,0.02552862210829831,0.040638695450705004,G3,-3.2035050462141457
005680,2022-03-31,0.02174460311919111,0.020420521257509955,0.12496547328333693,G4,-0.48505301652782334
005710,2022-03-31,-0.13771283134028164,0.019005483495852987,0.01183336507332495,G2,-8.91124237546777
005720,2022-03-31,-0.18930545958432932,0.016627380072010887,-0.020441461484421216,G2,-13.288629789035923
005740,2022-03-31,-0.23023649499291743,0.02751759906067013,0.12610035444876255,G4,-9.517041547474188
005750,2022-03-31,-0.3804607059149719,0.026408735112287734,0.008992361934294797,G2,-15.605076983692328
005800,2022-03-31,-0.19390104857381268,0.02325960871200105,0.08128919085233226,G4,-9.697097226388601
005820,2022-03-31,0.2095460213223048,0.023785856828844185,0.18810246875770656,G5,7.479082382786392
005850,2022-03-31,0.27012283745107374,0.02879110039497026,0.06363935133371261,G3,8.282878932217457
005860,2022-03-31,0.73741238949593,0.10356475963736375,-0.015187594866281925,G2,6.8146998401094185
005880,2022-03-31,-0.12036699964824085,0.028909893069458906,0.23230269493187186,G5,-5.258291265112
005930,2022-03-31,-0.11704032087958761,0.014209680720988254,0.19374581857500353,G5,-10.463990173557074
005950,2022-03-31,0.0912041932063633,0.03274281736222162,0.033271905834320284,G3,1.818858590979406
005960,2022-03-31,-0.2173259735025997,0.014939304431105372,0.06536283421630028,G3,-16.66581019250269
005980,2022-03-31,,,-0.07442122276890255,G1,
005990,2022-03-31,-0.08074836839212618,0.019529222309590852,0.026948333047423164,G3,-5.7553754657779725
006040,2022-03-31,-0.09627432681473004,0.021038003343816083,0.09262271149352812,G4,-6.080613415557276
006060,2022-03-31,-0.0751792133724842,0.019149633445029512,0.02358041820271541,G3,-5.578636908814022
006110,2022-03-31,-0.2328820045742871,0.033178983587681565,0.056167485806355104,G3,-7.972867596423816
006120,2022-03-31,-0.12689116255153798,0.0191719643680277,0.07959526932819944,G4,-8.269408291314521
006200,2022-03-31,-0.22328346559807588,0.024389970007141895,0.13527248395123803,G4,-10.452374647350652
006260,2022-03-31,0.14455198101069905,0.02889959994833309,0.0435048747337633,G3,3.906709527409715
006280,2022-03-31,-0.13314238618474042,0.023104699786112463,0.07761088916738189,G4,-7.132402769327856
006340,2022-03-31,-0.3858490132284393,0.027486593123877048,0.014094608604591505,G2,-15.189174223995899
006360,2022-03-31,-0.4200355441676485,0.022849673779280318,0.08762872678292848,G4,-19.76768627355396
006370,2022-03-31,0.03100134762648129,0.01753618889302048,-0.2655924649898422,G1,-0.036968746840631304
006400,2022-03-31,-0.021207946672799488,0.024697983022047454,0.11208900458107933,G4,-2.140157970787789
006490,2022-03-31,-0.30755972301686063,0.03030823584409584,0.0050255372278448,G2,-11.191986340477047
006570,2022-03-31,-0.029264964151664317,0.025595679498323535,0.03266485030550906,G3,-2.379878319302715
006620,2022-03-31,-0.13122195306283901,0.026301457141247923,0.06477500857421967,G3,-6.192493090492252
006650,2022-03-31,-0.2529552302408824,0.023844532331052208,0.003619045726137026,G2,-11.935854511370081
006660,2022-03-31,-0.2757700601490701,0.029665919168086016,0.21563059918327443,G5,-10.36272285923312
006730,2022-03-31,-0.20621971091672975,0.024357495644788053,-0.13434569064031437,G1,-9.765755599009834
006740,2022-03-31,-0.21482800783745729,0.05763197047172256,0.06981217229848238,G4,-4.276752024514063
006840,2022-03-31,-0.27150328536146967,0.023448811870018578,-0.07191925984389769,G1,-12.928285048987702
006880,2022-03-31,0.8401301863036682,0.0940925742695878,0.03561013044488114,G3,8.592394819946646
006890,2022-03-31,0.05120362358736921,0.04157088967217705,0.35015108361080394,G5,0.470376871588573
006920,2022-03-31,-0.2070391524945056,0.04170748707787576,-0.06370445462220627,G2,-5.722924294217136
006980,2022-03-31,-0.12333804602553398,0.03801146818288016,-0.012471670890055084,G2,-4.077392744581099
007070,2022-03-31,-0.1318221739367472,0.016814749903162323,0.009119757442332893,G2,-9.721929462668973
007160,2022-03-31,-0.11981462642837169,0.01848162275589485,0.12948867884135976,G4,-8.195398585022946
007210,2022-03-31,-0.27493185426001704,0.028313640637721897,0.03839204495292396,G3,-10.828049163193072
007310,2022-03-31,0.015093658011484698,0.014371538284098779,0.10024142992985519,G4,-1.1519978039546628
007340,2022-03-31,-0.1744570026825023,0.028903749490699633,0.05885701000592602,G3,-7.130792539668189
007530,2022-03-31,-0.15182378478983846,0.02069522362107753,0.028734892597335422,G3,-8.865496053746071
007540,2022-03-31,0.38321383609020493,0.08516409702197465,0.09988122576341403,G4,4.1280799049072865
007570,2022-03-31,-0.10894486853860798,0.02353642008047062,0.14684740806523047,G5,-5.973487327815132
007590,2022-03-31,-0.05100397878769068,0.023261721026832733,0.21082132937866468,G5,-3.553203017376289
007610,2022-03-31,,,-0.3542375647103768,G1,
007660,2022-03-31,0.03728225890243439,0.032497790035262306,0.130442221231952,G4,0.17332318111803174
007680,2022-03-31,-0.07376368932836781,0.016675334205397154,0.09480905438558782,G4,-6.321512155868306
007690,2022-03-31,-0.12475214061626849,0.019009688763294168,0.09588829793663184,G4,-8.227477110118802
007700,2022-03-31,-0.33616083040619615,0.02707484965689834,0.30532389750182604,G5,-13.584949634861571
007720,2022-03-31,-0.2894333618472775,0.02227286416116231,-0.21470110856475358,G1,-14.41588284641784
007770,2022-03-31,0.19139577142548905,0.05304483150911838,0.0249637087748478,G3,3.011530592642413
007810,2022-03-31,-0.39425042849688535,0.026347941288557684,0.08233703973773819,G4,-16.16445332053556
007820,2022-03-31,0.020583970293665217,0.02246160311606308,0.017299675526257795,G2,-0.4926481962740313
007860,2022-03-31,-0.2186061848057651,0.02203820188310125,0.05826028707965605,G3,-11.35554636841205
007980,2022-03-31,-0.23312522689518614,0.027822510826532847,-0.018824924147272385,G2,-9.516569769716876
008040,2022-03-31,0.2634311125088287,0.0683067500441311,0.013420073681486767,G2,3.3932440616024664
008060,2022-03-31,-0.1403138430691071,0.014043124184061735,0.12165965865978605,G4,-12.245386380510269
008110,2022-03-31,0.06857991641745557,0.05103160010470559,0.27016839252130664,G5,0.7236746993522825
008250,2022-03-31,-0.324953060297263,0.02426712204054125,0.09930837225207005,G4,-14.694890405863978
008350,2022-03-31,-0.5721127982965453,0.03428313111156215,0.21776028362284697,G5,-17.611064604514503
008370,2022-03-31,-0.09344218618075747,0.01962155571139669,0.128885580616281,G4,-6.375224603741174
008490,2022-03-31,-0.09590035558470777,0.015472118608934665,0.10742223800388798,G4,-8.243860932223496
008500,2022-03-31,-0.1753694143738071,0.04604678593995963,-0.20127349889541418,G1,-4.495841538168504
008600,2022-03-31,-0.3549045395999196,0.027625879203345072,0.014352995445593824,G2,-13.992466097054773
008700,2022-03-31,0.1818165174270946,0.03606759211708159,0.05577118196700703,G3,4.163485002974701
008730,2022-03-31,0.016987044655573918,0.023941688510968576,-0.02507394708664675,G2,-0.6124293987003239
008870,2022-03-31,0.1234206690914903,0.01627258565803622,-0.026995043686451985,G2,5.639609614957062
008930,2022-03-31,-0.06498161169350399,0.023620925334905372,0.07552845295889726,G4,-4.090917221812893
008970,2022-03-31,-0.07915817501681464,0.03253475885691507,0.009137593267584562,G2,-3.40582864186436
009070,2022-03-31,-0.2412990872604978,0.02902692556875276,0.05193027478269886,G3,-9.403294371228267
009140,2022-03-31,-0.1742351787880696,0.0189033764922067,0.07141875611037761,G4,-10.891430820687862
009150,2022-03-31,-0.1278168189360059,0.02138556251224045,0.16319297887110337,G5,-7.456734299083739
009180,2022-03-31,-0.20423003302571985,0.03294963647192448,0.04052077818655361,G3,-7.158794355164542
009240,2022-03-31,-0.3665036840527361,0.025575117274860743,0.043418355155920026,G3,-15.567995967640032
009270,2022-03-31,-0.16536371168878158,0.027189000287950262,0.03940661123652034,G3,-7.246068195096958
009290,2022-03-31,-0.13930111324524008,0.013839837998587835,0.036360804621179264,G3,-12.352077518313445
009300,2022-03-31,-0.1797835856016467,0.019319242000196406,0.23554963873375545,G5,-10.944178045583469
009310,2022-03-31,-0.3461578285028175,0.03544417536370971,-0.4794725320879607,G1,-10.659225759385583
009410,2022-03-31,-0.37702363209273604,0.022113456139551586,0.04984082784281904,G3,-18.48075072787966
009420,2022-03-31,-0.1748368023904494,0.022997245715181656,-0.0006182874029697538,G2,-8.978746563913695
009450,2022-03-31,-0.13076201028378143,0.018229671558455843,0.08395344006209325,G4,-8.909192264775804
009470,2022-03-31,-0.34230946264768597,0.029192673266043235,0.05439675772234736,G3,-12.810032770684627
009540,2022-03-31,-0.02504614004935589,0.023843621693633094,-0.09798791823306165,G1,-2.377817402576559
009620,2022-03-31,-0.2511732141865703,0.03487377048443922,0.005013710789433025,G2,-8.10990176318857
009730,2022-03-31,,,0.027588532614584386,G3,
009780,2022-03-31,-0.13118720319448673,0.019226080406827044,0.13710374227933025,G4,-8.46958081434432
009830,2022-03-31,0.2519836797492369,0.037103734413852,0.04222963960325629,G3,5.938325202995265
009900,2022-03-31,-0.20157461678127062,0.025522275534534164,0.07490066327588694,G4,-9.138066667288815
009970,2022-03-31,-0.08905064126894029,0.02179368383991034,0.20883683323887145,G5,-5.538314711261486
010040,2022-03-31,-0.06739119791843763,0.022843823968625793,0.02841039847137018,G3,-4.335562934151451
010060,2022-03-31,0.1991391349506439,0.0334062457126772,0.17461058736943194,G5,5.013718028568147
010100,2022-03-31,-0.0955650526079081,0.021670873852006254,0.025187185794638012,G3,-5.870307401117912
010120,2022-03-31,0.2808975563789656,0.027004271944410095,0.05650083634382802,G3,9.229944000632212
010130,2022-03-31,-0.1891567961481408,0.018108035479920986,0.08139234693993316,G4,-12.193837092223387
010140,2022-03-31,0.0075449247435899255,0.021096838542695687,-0.0689256158071597,G1,-1.1425746924992537
010170,2022-03-31,0.08220151267936321,0.032199795656223947,-0.04129328209239811,G2,1.5699439420316665
010240,2022-03-31,0.038640985128752164,0.03744302554945674,0.09598173930943127,G4,0.18671959522343534
010280,2022-03-31,0.10177814673562383,0.03700239989625947,-0.0025453384018854623,G2,1.8952421566714701
010400,2022-03-31,-0.071956183947467,0.025855233489373235,-0.08821043884216453,G1,-4.0071509137315235
010420,2022-03-31,-0.2616439716648921,0.025259064935060412,0.01867954537029927,G2,-11.611419938669536
010470,2022-03-31,-0.21638263396525922,0.04151561815365933,0.08001609802999636,G4,-5.974432841188796
010580,2022-03-31,,,0.06766629697709012,G4,
010620,2022-03-31,0.16495717796192802,0.025411481335185858,-0.0566883384786974,G2,5.2459570400222075
010640,2022-03-31,-0.10219969963358488,0.03928365625088302,0.08926641336983955,G4,-3.4072525564570646
010690,2022-03-31,0.3141504565048073,0.035749761673854207,0.08448849243814326,G4,7.9021734614023735
010770,2022-03-31,-0.0091311496148096,0.03948967250516263,-0.025081438196067684,G2,-1.0326950207980337
010780,2022-03-31,-0.32226201950233496,0.02399813502151313,0.18169324339979506,G5,-14.747465073402068
010950,2022-03-31,-0.0287108415617313,0.02368619477007508,0.12877132917643117,G4,-2.5483401070486438
010960,2022-03-31,-0.22646943938879469,0.019606120925011333,0.07937210686439024,G4,-13.165229314368434
011040,2022-03-31,-0.20374136253573638,0.01654326673742223,0.10773731651382444,G4,-14.228810115083222
011070,2022-03-31,-0.038704882264604626,0.024902371561925245,0.0897910295329679,G4,-2.825213680707857
011080,2022-03-31,-0.2382417739057949,0.023773444402062405,-0.03688507112657684,G2,-11.35264238094998
011090,2022-03-31,-0.45957821918825725,0.03106195672321314,-0.0849271079269155,G1,-15.814453098357806
011160,2022-03-31,,,0.01432809601448127,G2,
011170,2022-03-31,-0.15901307506407628,0.017230531163987383,0.02994155144997523,G3,-11.065399656209504
011200,2022-03-31,-0.12824644231237156,0.02753996906205714,0.6375093267082361,G5,-5.805964433231092
011210,2022-03-31,0.08835893792402874,0.02756527673716126,0.01094854336702452,G2,2.0572729927779405
011230,2022-03-31,-0.28850857003316666,0.02559466290223808,-0.1559751560860982,G1,-12.508787859807596
011280,2022-03-31,-0.19967595280414877,0.01983525590721354,0.03825090544932749,G3,-11.662344687685064
011300,2022-03-31,-0.1367333799723036,0.038368417833678635,-0.27159350546204064,G1,-4.388583841440522
011320,2022-03-31,-0.019976338378338163,0.042304319968213565,0.021088624285131412,G2,-1.220347637578042
011370,2022-03-31,-0.22586565115837307,0.028056417764264412,0.09565191255328553,G4,-9.17848072680855
011390,2022-03-31,-0.20878253185018364,0.02914874937495607,0.012339069529985175,G2,-8.248455784898074
011560,2022-03-31,0.2291866831640042,0.03553631588997807,0.034053613183358165,G3,5.558737299087794
011690,2022-03-31,-0.5105912200642183,0.04907371854832259,-0.02212508870730936,G2,-11.049516414463149
011700,2022-03-31,0.2530925769356588,0.06286042394388032,0.0061237125006043365,G2,3.5227719523358414
011760,2022-03-31,-0.006449536406278426,0.024410661809706087,0.025741446626788705,G3,-1.560759608137556
011780,2022-03-31,-0.15898089192552176,0.022249143408839156,0.2290279575554591,G5,-8.567994145968099
011790,2022-03-31,-0.09287131845779682,0.028797373128399497,0.09735159942424365,G4,-4.324038739811763
011810,2022-03-31,-0.25469740039835337,0.01987596445843723,0.003849278894982734,G2,-14.406699083777927
012030,2022-03-31,-0.2846265229377267,0.01875477417906944,0.1319507355915668,G4,-16.863768044987268
012160,2022-03-31,-0.17083967963853924,0.02584964665572341,-0.010406061152287076,G2,-7.833349557523744
012170,2022-03-31,-0.030544825074289787,0.03287081378638136,-1.3874907253533846,G1,-1.892087735724824
012200,2022-03-31,0.027709680949515494,0.007227285233866689,0.005160481227106103,G2,-0.5451504233206294
012320,2022-03-31,0.006125720488454594,0.010726250206085959,0.1287879088196897,G4,-2.3795751148225373
012330,2022-03-31,0.07576052417918001,0.019080239172146074,0.06559570435992965,G3,2.311862300413802
012340,2022-03-31,0.27728499721293015,0.047650031987750585,-0.029097005792857927,G2,5.154988326594595
012450,2022-03-31,0.2580822830057761,0.03483625062492162,0.04137362675823621,G3,6.499914324579204
012510,2022-03-31,-0.3417765227375476,0.024853946431837432,0.16974025494117212,G5,-15.024823615673874
012600,2022-03-31,,,-0.11192015137265966,G1,
012610,2022-03-31,-0.06306133220709367,0.024730541630263874,0.09794169067020926,G4,-3.829716800274542
012620,2022-03-31,-0.08119769628225158,0.029625192284332507,0.042890515560270376,G3,-3.809168013270535
012630,2022-03-31,-0.014503798094578697,0.011474323154405748,-0.07669566632861058,G1,-4.022323236649842
012700,2022-03-31,-0.0588274242051566,0.0174187108439023,0.10491317836861991,G4,-5.194245634489444
012750,2022-03-31,-0.10467090072108709,0.012483500059328469,0.09469954865330227,G4,-10.920057566182052
012800,2022-03-31,-0.2945229767985138,0.027152326712330806,0.013010985334446643,G2,-12.012694853314521
012860,2022-03-31,-0.2440303157092432,0.027078526186773137,-0.005246562852422055,G2,-10.180759187629626
013000,2022-03-31,-0.15856576175279824,0.03934230116620074,0.04392672424263341,G3,-4.834882420920272
013030,2022-03-31,0.04299712358464172,0.022530450187774612,0.19940785350601656,G5,0.5036510560531187
013120,2022-03-31,-0.2603679620632392,0.012822469248864845,0.25229380987657796,G5,-22.773897519255737
013310,2022-03-31,0.025060287203957,0.032116979504183775,0.07858532027865237,G4,-0.20516721846154554
013360,2022-03-31,-0.39861709762547703,0.03745924697111849,0.037277968289652595,G3,-11.486262297569262
013570,2022-03-31,-0.2979014638716618,0.0297443730677827,0.023808822668353217,G3,-11.079443553067467
013580,2022-03-31,-0.47752390446916904,0.02391892472314427,0.0373738611207081,G3,-21.287476294061946
013720,2022-03-31,0.019829157357783483,0.05071389424470081,-0.2892655647597559,G1,-0.23308171010094564
013810,2022-03-31,0.02672129969606072,0.03924172059628544,-0.0325322629359299,G2,-0.1255892652837104
013870,2022-03-31,-0.004227638164764919,0.02482563423183787,0.02904590921422802,G3,-1.445170600031262
013890,2022-03-31,-0.3927279178721595,0.02801953400696018,0.08731086627187293,G4,-15.145774955463535
013990,2022-03-31,-0.41694331696295933,0.026394956327183913,0.01010705446370094,G2,-16.995404347578884
014100,2022-03-31,-0.3931378640046431,0.029264450566862173,-0.29951407198191227,G1,-14.515478484324301
014130,2022-03-31,-0.1040921828155714,0.01894297358377525,0.015406576236903044,G2,-7.165813792088682
014190,2022-03-31,-0.14814867792534134,0.029906790154535363,0.04425455903270249,G3,-6.011956333344312
014200,2022-03-31,-0.28443523824945716,0.09207001661664413,0.03177334839472857,G3,-3.433092427035939
014280,2022-03-31,-0.28234159909505585,0.023399249747404163,0.0772297612662026,G4,-13.418859195864
014440,2022-03-31,-0.2236283854971018,0.02170595862620035,0.06962541690824504,G4,-11.760734849240121
014470,2022-03-31,0.008700171732813004,0.03859117228053453,0.028307043808078105,G3,-0.5946817747482527
014530,2022-03-31,-0.04857512559732271,0.026967268902651945,0.029155369171122294,G3,-2.9748939145873354
014580,2022-03-31,-0.0606380712347151,0.02492860819464498,0.14569208954262325,G5,-3.702080319460301
014620,2022-03-31,0.27333528506071897,0.02870008459007991,0.5521932873185136,G5,8.421077845534992
014680,2022-03-31,-0.07952952897892251,0.02823324641766506,0.26142223016855926,G5,-3.9378811025988303
014790,2022-03-31,-0.3270926627562686,0.021185143349841024,0.09780838614880824,G4,-16.933673536515272
014820,2022-03-31,-0.0617624652036059,0.020779661704743758,0.054563214836783926,G3,-4.495362103825677
014830,2022-03-31,-0.05116867642993986,0.030221101498971226,0.15961881147914997,G5,-2.7404135149400815
014910,2022-03-31,-0.2324557389255955,0.029807838578223615,0.06038724601416459,G3,-8.860265959463325
014940,2022-03-31,-0.2060803669086702,0.022186989322645182,0.04459812371925235,G3,-10.714838412990428
014970,2022-03-31,0.08453674266791239,0.04335879322727894,-0.027672189467180325,G2,1.2197549834118058
014990,2022-03-31,-0.16497433721352517,0.02669445997354873,-0.29389097287852994,G1,-7.3657221746600126
015230,2022-03-31,0.2102228181644557,0.0372826456788808,0.12835698827730138,G4,4.789713185815935
015540,2022-03-31,,,-0.6613386143457178,G1,
015710,2022-03-31,-0.2080560117616044,0.0256637469097758,-0.07763630436625212,G1,-9.340243697014985
015760,2022-03-31,0.0019123324043291146,0.019397523141114283,-0.49230317898308257,G1,-1.5330465613342987
015860,2022-03-31,0.41156908739404385,0.06041649399862889,0.053208378979009416,G3,6.288339883616037
016100,2022-03-31,0.05686985487762057,0.05027471389019386,-0.01279479636829809,G2,0.501648132269589
016250,2022-03-31,-0.2571454108301503,0.017279355567314553,0.1177419269293596,G4,-16.71329976742008
016380,2022-03-31,0.25184434521565263,0.06610037502618464,0.08547703532126769,G4,3.331217206773926
016450,2022-03-31,-0.10305177465110091,0.02296528095396294,0.053080506960108596,G3,-5.865437199542441
016580,2022-03-31,-0.051119576597020225,0.008225271182206707,0.2191523483569454,G5,-10.062794686974861
016590,2022-03-31,-0.08852381193035821,0.010157311774474131,0.09786159682335187,G4,-11.831225933871341
016670,2022-03-31,,,0.10944992513170199,G4,
016710,2022-03-31,0.3761388580191344,0.012510797874353602,0.06427244419942724,G3,27.535351695761953
016740,2022-03-31,-0.2231937827697847,0.023994539694625488,0.029807009750204613,G3,-10.620892276632574
016880,2022-03-31,-0.07375254703241355,0.03658435276178686,-0.014706443118791013,G2,-2.8810728530019323
016920,2022-03-31,-0.16245379849320554,0.03250733263970917,0.12257063220827878,G4,-5.971066257534656
017040,2022-03-31,0.17843839263266484,0.046648892173253576,0.0739540676891964,G4,3.146671812339634
017180,2022-03-31,-0.1990007526572629,0.01973074761802831,-0.010272211859672207,G2,-11.689896180149336
017250,2022-03-31,-0.03690809687461872,0.022354859695838426,-0.15238352507888808,G1,-3.066793366705775
017370,2022-03-31,-0.2509124646836753,0.02426910505491102,-0.028859064271060598,G2,-11.642872804686046
017390,2022-03-31,0.2704447541110276,0.010280183775146973,0.04501857913814099,G3,23.228681585840302
017550,2022-03-31,0.05637833121990944,0.04233350417137235,0.04678658051465439,G3,0.5841399891109214
017670,2022-03-31,-0.04883792849731658,0.016283975646789448,0.07645361179535809,G4,-4.942746709855364
017810,2022-03-31,-0.1994150468867997,0.023135613531078195,0.0018218040449647548,G2,-9.987402544161023
017890,2022-03-31,-0.05276255515563343,0.02165358432171148,0.1036227514920946,G4,-3.8983011983476747
017900,2022-03-31,-0.15193332299050782,0.022161362485576677,0.14321863898953413,G5,-8.283920343986356
017940,2022-03-31,-0.048854330661913484,0.015496855075114323,0.042772168428831,G3,-5.194858493928095
017960,2022-03-31,0.20757479917864713,0.029591405062748936,0.055753156633018525,G3,5.945143877128471
018000,2022-03-31,-0.07181594877401491,0.037584504500811036,-0.13162178052737128,G1,-2.752878844684492
018120,2022-03-31,-0.24332223447433504,0.011489939512954359,0.04268010430764456,G3,-23.931533557555653
018250,2022-03-31,-0.19910588637601756,0.02222861675042218,0.0574284155283329,G3,-10.381011446690751
018260,2022-03-31,-0.008620060413123985,0.015377388555847164,0.07002454020979136,G4,-2.61876057960625
018290,2022-03-31,-0.20362123135874594,0.018772655563284103,0.14181067069651174,G5,-12.532636585156858
018310,2022-03-31,-0.3145964683371418,0.034069659858659535,0.20275268588233197,G5,-10.162887106234281
018500,2022-03-31,0.036073338595246154,0.02530179336052839,0.022528371775493605,G3,0.17483741085050575
018620,2022-03-31,0.048781171950695576,0.037834840413084804,0.06558409516956541,G3,0.45279782363120397
018700,2022-03-31,-0.40798160647225473,0.029275064291757826,-0.15823474689402514,G1,-15.017259762269642
018880,2022-03-31,-0.08710244304788119,0.019373540936391917,0.015117506426695106,G2,-6.129601294466005
019010,2022-03-31,0.006389585580440071,0.021790680728613912,-1.1343877662754533,G1,-1.1592135779680874
019170,2022-03-31,-0.23441521894416695,0.04422763120350209,-0.15457616418234674,G1,-6.015806188537539
019180,2022-03-31,-0.3061411199830587,0.02706728234813255,0.0990154637630116,G4,-12.479670259935821
019440,2022-03-31,-0.128198404574265,0.017720787171952093,0.015455331442933486,G2,-9.020369218218722
019540,2022-03-31,-0.22669452896203648,0.02383208696330733,0.0016971046013985976,G2,-10.840182310261312
019680,2022-03-31,-0.1968335544164866,0.018692589870405618,-0.08041361554199047,G1,-12.223196173176696
019770,2022-03-31,0.2360637938558434,0.04936871158650345,0.06467234140854079,G3,4.140560868060203
019990,2022-03-31,-0.2727315231731814,0.034938344128107875,0.31837586385547817,G5,-8.711951562768077
020120,2022-03-31,-0.31918128524143247,0.04696595909814958,0.04231598665916297,G3,-7.469897997025505
020150,2022-03-31,-0.21850613644554948,0.03647847755020109,0.17628479524726046,G5,-6.857626518417772
020560,2022-03-31,-0.3554412952002327,0.02192895219890659,-0.029413227283290384,G2,-17.652048772934556
020710,2022-03-31,-0.5359388500428707,0.03464565117942026,0.0939204775471612,G4,-16.382676303519407
020760,2022-03-31,0.19138949829785123,0.03521691622551799,0.012227811658238594,G2,4.535884366499068
021050,2022-03-31,-0.32149709836704493,0.027291115927697077,0.00913685339602688,G2,-12.939988890775329
021650,2022-03-31,-0.22220894392897442,0.02353994987712321,0.039991970461447986,G3,-10.784159856257734
021820,2022-03-31,,,0.2080149658925258,G5,
022100,2022-03-31,-0.04287354642575952,0.022287688140372915,0.08438963017360035,G4,-3.3436929173906442
023150,2022-03-31,-0.056653610122204226,0.03310269410237084,0.044635843747615755,G3,-2.6675547435305798
023160,2022-03-31,0.26213671365035146,0.030870892370234392,0.19734063256803552,G5,7.466161727102176
023410,2022-03-31,-0.22372226592674205,0.018621604434188116,0.005065036654506949,G2,-13.713743377134135
023460,2022-03-31,-0.2616713214611948,0.02138864362153642,-0.582650990545568,G1,-13.713864479001565
023530,2022-03-31,0.01593459409845764,0.02221157802242646,0.02704891720276501,G3,-0.707515892832654
023590,2022-03-31,-0.1556386835933809,0.015960359330102755,0.11736208391521141,G4,-11.734593079891013
023600,2022-03-31,-0.3088255828517336,0.016314113055223546,0.12222895924201112,G4,-20.86998050420738
023800,2022-03-31,-0.344384040709856,0.029522954066582917,0.024518704183753685,G3,-12.736993676716994
023900,2022-03-31,-0.12448340246262288,0.022915512811769508,0.05086346571996791,G3,-6.813421209437177
023960,2022-03-31,-0.20606715716505986,0.0332525093407257,0.0442117803741686,G3,-7.148837799983272
024070,2022-03-31,-0.02060516403466929,0.016760487798369392,0.013717102801486317,G2,-3.1177375752733134
024120,2022-03-31,0.05984114696424788,0.04777178918765923,-0.05873201376646644,G2,0.5901287954547382
024720,2022-03-31,-0.13193541705370315,0.022587289151068363,0.11672304601900181,G4,-7.242350089638028
024800,2022-03-31,-0.18172742372682116,0.02518837574298531,0.1071528292467521,G4,-8.471251360479693
024810,2022-03-31,-0.1137892717656933,0.06308047400063814,-0.38887257858873897,G1,-2.3056090275802124
024840,2022-03-31,-0.1169093971122636,0.02894567599565564,0.0045689670381208755,G2,-5.132339479263749
024850,2022-03-31,-0.1269179082408685,0.01899295571464175,0.04847649144817334,G3,-8.348755674339035
024880,2022-03-31,0.38210429237208726,0.05391306917537735,0.03990094159640281,G3,6.500365480545237
024890,2022-03-31,0.011495505384073639,0.04387665822274462,0.03419356311715812,G3,-0.45933610230361144
024900,2022-03-31,-0.17743332900402628,0.023639756522618304,0.0027138840797355387,G2,-8.844548265892437
024910,2022-03-31,-0.11945645022874811,0.02371992623408401,0.021780513930612783,G3,-6.370428275861803
024940,2022-03-31,-0.29551482695554765,0.04619474956534517,0.04875592869472083,G3,-7.082286809390996
025000,2022-03-31,-0.09128870077151638,0.009100975559030217,0.061370864955259875,G3,-13.508259474859342
025320,2022-03-31,0.2532333108631474,0.041097559202302146,0.06495835078304636,G3,5.391650419388365
025440,2022-03-31,0.2997487425685322,0.049300982013906355,0.0043011308178754855,G2,5.438007379623644
025530,2022-03-31,-0.3015025062264139,0.01846001489941041,0.06174115636421016,G3,-18.047230546453743
025540,2022-03-31,-0.09957153790909086,0.025823286608455225,0.04583432119728639,G3,-5.081505636867402
025550,2022-03-31,-0.4115011746695,0.027215011545124464,0.18729440047577392,G5,-16.283322624682363
025560,2022-03-31,-0.15494235116911212,0.0639788561253689,0.1664520110539083,G5,-2.916463360296645
025750,2022-03-31,-0.19983628492963068,0.023882690180093934,0.059435333608577355,G3,-9.69262347492116
025770,2022-03-31,-0.10864680055813038,0.01116839981434115,0.02362427766676947,G3,-12.561910519374045
025870,2022-03-31,-0.011840748574261373,0.03880046426594066,0.00944212512825283,G2,-1.120872854262582
025880,2022-03-31,0.17467244738903503,0.06921417313242272,0.08151270389207217,G4,2.066380372141158
025900,2022-03-31,-0.15799544957025408,0.028946850099148214,0.09434599394139645,G4,-6.551493080418148
025980,2022-03-31,-0.21665526785826703,0.026921321504167265,0.5321898759118557,G5,-9.223355041246682
026040,2022-03-31,-0.09887179661364479,0.028214398083647233,0.04342636216732675,G3,-4.6260577589110605
026150,2022-03-31,-0.2816304603861446,0.029529999868138708,0.04409694246659221,G3,-10.608875731095885
026960,2022-03-31,-0.06807560540492678,0.01683062412718772,0.3297375046050641,G5,-5.925225541579903
027040,2022-03-31,-0.11478240266094189,0.019500928865589837,-0.099995475313793,G1,-7.508977763287158
027050,2022-03-31,-0.3095968132556763,0.02751212117232309,0.034467555596389095,G3,-12.403494796801912
027410,2022-03-31,-0.21592826768505927,0.02004401091775845,-0.05834124809948125,G2,-12.351714796759007
027580,2022-03-31,-0.23738629571465134,0.023933650287974187,0.04284456852604728,G3,-11.240906883479
027710,2022-03-31,0.08157639938603432,0.06776160739969855,0.017183075184339758,G2,0.736800125435625
027740,2022-03-31,0.0792961183908836,0.04706313145405998,-0.04674910299493485,G2,1.0123950184482773
028050,2022-03-31,-0.2658680595783862,0.02402037110085447,0.07216711729305694,G4,-12.386057521068839
028080,2022-03-31,-0.24732420554527304,0.027759963443654855,-0.05869323561434799,G2,-10.049503295122511
028100,2022-03-31,-0.029277537743062538,0.02755210476054225,0.036999589294152486,G3,-2.2113438093678432
028260,2022-03-31,0.06988954414297682,0.01871904520464575,0.0841718443949839,G4,2.0428341921664614
028300,2022-03-31,0.40035697529170194,0.0473378722217849,-0.22123313196802064,G1,7.788844733241007
028670,2022-03-31,-0.18214527346789888,0.02694889479391755,0.11326093383690959,G4,-7.933346196830673
029460,2022-03-31,-0.1240062551037431,0.025281784518296695,0.18874694807504658,G5,-6.156839662378664
029480,2022-03-31,-0.1287616208236635,0.037803150366417605,-0.5294910982405575,G1,-4.243330458521297
029530,2022-03-31,-0.011945618914399084,0.009497526680717846,0.33986574236244643,G5,-4.590169518251978
030000,2022-03-31,-0.019830270336936615,0.017494191919412337,0.06597862768218633,G3,-2.9426857284004675
030190,2022-03-31,-0.19280154702281113,0.02582705645830028,0.17654309025671783,G5,-8.690544582167977
030200,2022-03-31,0.0632327161845185,0.013451880754954177,0.10229733819711041,G4,2.347855902504188
030350,2022-03-31,-0.04772695891795814,0.051777584628681025,-2.39316889992879,G1,-1.533030133433573
030530,2022-03-31,-0.15228398020386222,0.022631322267660306,0.12067188378908118,G4,-8.127391611621228
030720,2022-03-31,-0.2615054711281478,0.03313840557597363,0.04221464736054142,G3,-8.846385472900096
030790,2022-03-31,-0.801566102213983,0.04682970499995409,0.09437302539419813,G4,-17.79246187369783
031310,2022-03-31,-0.2821890371995864,0.023436285474193498,0.012862657849698776,G2,-13.391144091472253
031330,2022-03-31,-0.11461665448200861,0.01905685699420242,0.03650726919447881,G3,-7.675257944199476
031430,2022-03-31,-0.014970851394672986,0.023782158840707616,0.10078152801560702,G4,-1.9603136225417075
031440,2022-03-31,-0.24259113967454096,0.016823377316457166,0.015450143702552306,G2,-16.301172652205018
031510,2022-03-31,-0.09889525567833173,0.031027990603591925,-0.1500428066544859,G1,-4.2073267296089805
031820,2022-03-31,-0.20050373094691673,0.02192679615889828,-0.0359808042712397,G2,-10.587655753205954
031860,2022-03-31,-0.38638619208809843,0.05717577455751258,-2.2035148157103426,G1,-7.311415260703061
031980,2022-03-31,-0.4404831842991555,0.025548262595315795,0.495701538641483,G5,-18.480036405291084
032040,2022-03-31,,,-0.002072555162160035,G2,
032190,2022-03-31,-0.21375521394415598,0.022622201763631278,0.11592212690017027,G4,-10.84796497982347
032350,2022-03-31,-0.3975930843015202,0.025293093657253397,-1.142907968088699,G1,-16.97074816834996
032500,2022-03-31,-0.06964961272307854,0.02396155695866346,-0.24089300150815063,G1,-4.2275738363766875
032540,2022-03-31,-0.3189139165009445,0.0322361212917084,0.09289119935806082,G4,-10.87486772626493
032560,2022-03-31,-0.163704978196448,0.027226427094377167,0.19589995544232267,G5,-7.175183731361127
032620,2022-03-31,-0.15261933740754427,0.02332290045048554,0.058848730084327165,G3,-7.9007744492570176
032640,2022-03-31,-0.10272213141746457,0.015935994609845988,0.06719450929491982,G3,-8.431966329146496
032680,2022-03-31,-0.5189467408491689,0.028714887617426625,-0.010033528720332583,G2,-19.17459635360848
032750,2022-03-31,-0.21878355145468067,0.016628881505985738,0.013842015643118967,G2,-15.060134376371105
032790,2022-03-31,,,-0.00934666844210933,G2,
032800,2022-03-31,0.0007775474528637985,0.018293372495628096,-0.25674286239918265,G1,-1.6876106966460738
032820,2022-03-31,-0.09505057141898993,0.029956027607025638,0.006646450195729373,G2,-4.229539765262186
032850,2022-03-31,-0.2538649945775234,0.02692388039021535,0.16057813676904942,G5,-10.60451275944242
032940,2022-03-31,-0.11797296892874484,0.021542746061649076,0.25344048042875233,G5,-6.945382313600378
032960,2022-03-31,0.11299909964326811,0.04486260635902095,0.27440451153516193,G5,1.8133021616719676
032980,2022-03-31,-0.3561259967581678,0.0321041878711382,-0.5716598975770839,G1,-12.078662038387726
033050,2022-03-31,-0.1687551446589617,0.021567775633516924,0.04642845392244329,G3,-9.29186146121364
033160,2022-03-31,-0.32946153528720945,0.026535946522553724,0.12499315725135929,G4,-13.608377358407274
033170,2022-03-31,-0.21758518326528808,0.03128033014886775,0.03590116741938463,G3,-7.96778105069094
033180,2022-03-31,-0.2322743414828952,0.0618017671308638,3.860093401595943,G5,-4.270492451749141
033200,2022-03-31,0.24576463928331507,0.06099023605270621,-0.045766563610973816,G2,3.5106439093638775
033230,2022-03-31,-0.23294118686081072,0.03253793960508016,-0.018063447812583365,G2,-8.13176336997432
033240,2022-03-31,0.13328285283905197,0.045011842156196934,0.06874726570492,G4,2.2579216805247535
033250,2022-03-31,-0.013392432721113678,0.039171544890190195,0.10806369926189252,G4,-1.1498671140389591
033290,2022-03-31,-0.14814492911423813,0.017849464341121554,0.07665965087533083,G4,-10.072827073821184
033310,2022-03-31,0.35686595365392504,0.036012433409856534,-0.03466343333421536,G2,9.030667586342474
033320,2022-03-31,-0.26364081407767154,0.024825865936997607,0.018969940400886943,G2,-11.89446738257865
033340,2022-03-31,,,-0.6304654981463246,G1,
033430,2022-03-31,,,-0.019597899202548844,G2,
033500,2022-03-31,0.03851863567929158,0.029065773025743136,0.02033098267857302,G2,0.23632597416180712
033530,2022-03-31,-0.2032266445744157,0.028546395537295398,-0.04312175580395889,G2,-8.227878816496133
033540,2022-03-31,-0.4159718858428753,0.040194841879477,-0.05479331368033785,G2,-11.136292704901578
033560,2022-03-31,-0.06084483715008289,0.011095071645330582,0.06433262539781529,G3,-8.336537037435583
033640,2022-03-31,-0.36299359050045343,0.026490445620819373,-0.015438128681326713,G2,-14.897568531067378
033780,2022-03-31,0.01662477757435621,0.006733276308391543,0.28244821903035416,G5,-2.2314338951359343
033790,2022-03-31,,,0.001982790592475397,G2,
033830,2022-03-31,-0.3659594260203944,0.029425527336376798,0.12873972003203718,G4,-13.512385352668733
033920,2022-03-31,-0.34171330853241,0.02712015298868969,-0.1726723420486603,G1,-13.766992658276516
034020,2022-03-31,-0.05828081775868062,0.026387285007843174,0.019851945286102582,G2,-3.4080981156707546
034120,2022-03-31,0.011303181765920507,0.021266831640758887,0.21480731739329456,G5,-0.9567225213417029
034220,2022-03-31,-0.2841250379474418,0.019198013477528322,0.005785075438694085,G2,-16.44829955303863
034230,2022-03-31,-0.1715357867626,0.025879846463635198,-0.34678502019851776,G1,-7.851106288529214
034590,2022-03-31,0.034288178053046195,0.01580756619224852,0.03388676908823405,G3,0.16691623914396062
034730,2022-03-31,-0.0822319750425215,0.017730245445977285,0.10987978243962483,G4,-6.4230139364808565
034810,2022-03-31,-0.10830486947891914,0.0212690058016832,0.08384313651547147,G4,-6.580209217962609
034940,2022-03-31,-0.14870103646798716,0.03203868978122293,-0.078250173556832,G1,-5.629152635570728
035000,2022-03-31,-0.08838824309422401,0.011365376624189011,-0.016916004683098926,G2,-10.561716132922811
035080,2022-03-31,-0.521689643728257,0.03253923826505528,0.0038042997564208666,G2,-17.005293048814824
035150,2022-03-31,0.018257386862727806,0.03206111349738249,0.118077811087377,G4,-0.41771012390391266
035200,2022-03-31,-0.3832994308457762,0.03130142080690849,0.061640117536378075,G3,-13.256557009335829
035250,2022-03-31,-0.06216467842889291,0.015956274298402764,-0.031897429208948926,G2,-5.879462537974836
035290,2022-03-31,-0.1997868772821955,0.08680025700299586,0.06534804801402096,G3,-2.666311412285616
035420,2022-03-31,-0.25227515523641464,0.02257707069722094,0.1390870189614014,G4,-12.575803017066356
035510,2022-03-31,-0.27388565443038343,0.026493379326693434,0.06197520893903628,G3,-11.53251494333748
035600,2022-03-31,-0.49546965615658184,0.023275738042120627,0.08706070800030526,G4,-22.646727410185846
035610,2022-03-31,-0.27165980590783556,0.0260210585712538,-0.26723268883969137,G1,-11.656306895874211
035760,2022-03-31,-0.23137055107891719,0.0246414321209727,0.004160819923766787,G2,-10.673900296942302
035810,2022-03-31,-0.04596430938741821,0.0541229421462322,0.01682522379206891,G2,-1.4340304658962115
035890,2022-03-31,-0.24528055614919034,0.023533304731905236,0.11593863578132492,G4,-11.767586314724408
035900,2022-03-31,-0.07125357498969956,0.026865170889910812,0.28799998174988767,G5,-3.830357676323645
036000,2022-03-31,-0.05618782676764324,0.028944718537007155,-1.4011974201958814,G1,-3.0346629631086532
036010,2022-03-31,0.11681143597660278,0.03463435136611164,0.09551278043248676,G4,2.4588824119199013
036090,2022-03-31,-0.20141256292309082,0.0350678931600602,-0.14792906281831478,G1,-6.646028046610702
036120,2022-03-31,-0.06647518720626619,0.0401854254701069,0.10479839462541746,G4,-2.44180133997775
036180,2022-03-31,-0.7173275623429411,0.07312133783037858,-0.05077410561292755,G2,-10.242936236130955
036190,2022-03-31,-0.07941610327181198,0.012399998168159142,0.11827747824620458,G4,-8.956915986586573
036200,2022-03-31,-0.39131999488588126,0.02620634155513446,0.11938964300784655,G4,-16.13997255398009
036220,2022-03-31,,,0.4855507316501642,G5,
036420,2022-03-31,-0.40651897373619506,0.03257226825237825,-0.04502370619120726,G2,-13.452198320834448
036460,2022-03-31,-0.0356685517738037,0.025373550447487358,0.0736446995823274,G4,-2.6530851670656443
036530,2022-03-31,-0.05269791946597998,0.012130368406425514,0.12036798923048997,G4,-6.953420967455327
036540,2022-03-31,-0.22884534677750445,0.025059773378797827,0.12984460545472343,G4,-10.3949457720203
036570,2022-03-31,-0.19855955859891067,0.02626094618369285,0.2950138579578255,G5,-8.766218686213202
036580,2022-03-31,-0.14661657048846138,0.040980527219543275,-0.008835312321770945,G2,-4.350022343237804
036630,2022-03-31,-0.17047173980154753,0.017794217429519053,-0.010237717283024604,G2,-11.358823682825335
036640,2022-03-31,-0.1869818556382663,0.02927843712818379,0.16371505197954508,G5,-7.467321197347167
036690,2022-03-31,-0.18945549536838469,0.025504560765463785,-0.04150068558600977,G2,-8.669239041434668
036710,2022-03-31,-0.33405542231004776,0.027508626596746476,0.18550952190556855,G5,-13.294195534557062
036800,2022-03-31,-0.13521891164312067,0.013947021112828641,0.06346568823942611,G3,-11.964458133920065
036810,2022-03-31,-0.3510098468457224,0.027820588328375473,0.007229214351465677,G2,-13.754543249886904
036830,2022-03-31,-0.3154004964821528,0.02825070363365187,0.06088761515473928,G3,-12.284654553629172
036890,2022-03-31,0.07583960618823721,0.035790568697589425,0.07940461030118412,G4,1.2346819076109468
036930,2022-03-31,-0.38766893184625906,0.02919150364206827,0.3061142755644392,G5,-14.364404641225478
037030,2022-03-31,-0.22299289515766715,0.02734081942982882,0.01765906495856388,G2,-9.313639423479353
037330,2022-03-31,-0.2686210014105219,0.026242100285853363,0.01447930484090065,G2,-11.442324992813521
037340,2022-03-31,,,-0.33179821026222345,G1,
037350,2022-03-31,0.0504643213289388,0.028261100639743006,0.03884616089630893,G3,0.6657448701153289
037370,2022-03-31,-0.20697834474240867,0.030820673919851188,-0.060905251533684306,G2,-7.742464811677216
037440,2022-03-31,0.030627952321181873,0.05293740493885549,0.03657928472056691,G3,-0.01929989266030444
037460,2022-03-31,-0.1894240186681978,0.017186587155200682,0.0337128126821874,G3,-12.86315050370646
037760,2022-03-31,-0.15218221554414055,0.030577072925918984,0.04336786930530499,G3,-6.012081488105108
038010,2022-03-31,0.08860195251414398,0.03770895463371787,0.05747266768899557,G3,1.5103127231483258
038060,2022-03-31,-0.0961599391273783,0.023690350116886954,0.38125415811037766,G5,-5.395005858967442
038070,2022-03-31,-0.09072361327738665,0.043921813474415074,0.09970471746674724,G4,-2.786161183961296
038110,2022-03-31,0.18792168216763017,0.04353742538104393,0.006920472071220337,G2,3.5893726430928026
038160,2022-03-31,,,-1.0471455177971594,G1,
038340,2022-03-31,,,-0.39555046025402524,G1,
038500,2022-03-31,-0.18772180035587127,0.022440977569493484,-0.05016580232388653,G2,-9.775484968547186
038530,2022-03-31,-0.3208371487009417,0.033280088516599485,-0.3610686940782892,G1,-10.591521926972783
038620,2022-03-31,-0.3857687746610341,0.036056059138354024,0.01653985353167038,G2,-11.57692834964399
038680,2022-03-31,-0.2874864177150504,0.02498740256861162,-0.11170600636198724,G1,-12.771877965025299
038870,2022-03-31,0.055721678214512654,0.04132754431711145,0.18955395294971272,G5,0.5824696351563502
038880,2022-03-31,-0.24801841286374027,0.025850139298638917,0.0611625763252553,G3,-10.818821832526158
038950,2022-03-31,-0.26527164511720214,0.02900951339709075,-0.05039781745129695,G2,-10.235307280307435
039020,2022-03-31,-0.33946130535128527,0.03062296370668175,0.07675174620959713,G4,-12.118714160397477
039030,2022-03-31,-0.2704033856188635,0.026762902245501492,0.24657921413729508,G5,-11.286258171938423
039200,2022-03-31,0.036957355539803144,0.02551394219632507,-8.081856169093918,G1,0.20803202205070426
039230,2022-03-31,,,-214.95650381311518,G1,
039290,2022-03-31,-0.2919650032728606,0.03383891419995271,0.019263212893126595,G2,-9.563387285858296
039420,2022-03-31,-0.20267455931053516,0.023614030394387687,0.2150854471342565,G5,-9.923092074974356
039440,2022-03-31,-0.07914932829538562,0.02839573435637842,0.0786121010299301,G4,-3.9019581412837856
039560,2022-03-31,-0.1686682300085695,0.0253308121366625,1.1026966810304037,G5,-7.908071303914363
039570,2022-03-31,-0.14553903411070818,0.015794544386585483,0.027554337269942383,G3,-11.218346558664505
039740,2022-03-31,-0.18279979861523227,0.03194175425612715,-0.0011172878747710176,G2,-6.713765169247487
039830,2022-03-31,-0.218999355911883,0.018708122175071177,0.1494520797494844,G5,-13.397870300424538
039840,2022-03-31,-0.24136087959112248,0.02934429777800327,0.14559264647005665,G5,-9.30369914491497
039860,2022-03-31,-0.22641858384054003,0.02872446102630326,0.20365607740094624,G5,-8.984266829530462
039980,2022-03-31,-0.23301052746211054,0.030387905272348716,-0.11997274157695303,G1,-8.709391570242694
040160,2022-03-31,-0.14995492282272083,0.026525064866677512,0.09291508203034712,G4,-6.846526569858872
040300,2022-03-31,0.018279019529636613,0.014410741702743627,-0.027673661670357695,G2,-0.9278230989342235
040350,2022-03-31,0.006788259128051708,0.03313113585706271,-0.7779052993313353,G1,-0.7503932111903533
040420,2022-03-31,-0.012713017355146402,0.006596427636850434,0.16898655921195704,G5,-6.725254691120191
040610,2022-03-31,-0.2359228417763367,0.03421324503735895,-0.0891329794349792,G1,-7.820727909275469
040910,2022-03-31,-0.11855624562399791,0.016127512711325134,-0.2776749085236594,G1,-9.313642274963858
041440,2022-03-31,0.5613971399535288,0.05792698247236945,0.0552547753049394,G3,9.145090574189599
041460,2022-03-31,-0.3735584970441619,0.02443116422223288,0.19700572372378553,G5,-16.585707169436926
041510,2022-03-31,-0.12483204115498933,0.03187303591120971,0.20873138117055995,G5,-4.909531685187596
041520,2022-03-31,-0.20646827655227495,0.022093509216391673,-0.09033418532136075,G1,-10.77773172085432
041590,2022-03-31,-0.08607755168845835,0.05046039581944257,0.32781560867786325,G5,-2.333061172645707
041650,2022-03-31,-0.06910319849714658,0.022261977768303225,0.00799586157669738,G2,-4.525781046947953
041830,2022-03-31,-0.09640576768401096,0.023529663263078402,0.3162661138523466,G5,-5.442296594153394
041910,2022-03-31,-0.11208924172659072,0.01910231802746381,0.06716515243603684,G3,-7.524682610463879
041920,2022-03-31,-0.29162604395020153,0.029722480288590043,0.19274855575519423,G5,-10.876470582723154
041930,2022-03-31,-0.2661674944719777,0.026673566874264337,0.02760304008988441,G3,-11.16525339224653
041960,2022-03-31,-0.24833395142367842,0.020358959407874723,-0.026532688851297385,G2,-13.752352680147263
042000,2022-03-31,-0.45003058207334884,0.029266835438580326,-0.185659936780721,G1,-16.458226979764337
042040,2022-03-31,-0.527374922924642,0.04039183781238603,-0.08408375406266745,G1,-13.840037783758277
042110,2022-03-31,-0.05814021218331779,0.03213824587756484,0.07279861355682125,G4,-2.7938628349413244
042370,2022-03-31,-0.26705094587753275,0.030822184954394177,0.04238257578682029,G3,-9.69109052047153
042420,2022-03-31,-0.4102786498032935,0.0339544819882831,0.11253099251261042,G4,-13.01531528326686
042500,2022-03-31,-0.2389167311306981,0.027743570806425297,0.1057696840573248,G4,-9.752398909741386
042510,2022-03-31,-0.2652682654821176,0.027070010021298017,0.016363217695044226,G2,-10.968518438032598
042600,2022-03-31,-0.15028994058019485,0.03739617033829355,0.9347683985235339,G5,-4.865192812219763
042660,2022-03-31,-0.18100572999764483,0.03170692425325237,-0.3946215973555415,G1,-6.706906253451826
042670,2022-03-31,-0.1496454122981038,0.025148539760023236,0.08427591563161065,G4,-7.208969291350741
042700,2022-03-31,-0.22686248822399685,0.028029399000717575,0.4059513840084387,G5,-9.222892248656335
042940,2022-03-31,0.3075104767089475,0.051938860645596906,0.6526771055540523,G5,5.311260869526151
043100,2022-03-31,-0.32931666083659283,0.023590253719487767,-0.13229933294247967,G1,-15.301501360819092
043150,2022-03-31,-0.16741547282891273,0.025576465298185788,0.22195504978240738,G5,-7.783136139505948
043220,2022-03-31,-0.33417237174024145,0.03498679737985714,-0.2966982321525518,G1,-10.456001626061152
043260,2022-03-31,-0.01637328887033291,0.017859302065817144,-0.04870502909664391,G2,-2.6889587984776884
043370,2022-03-31,-0.1261220272983061,0.021728866427277685,0.02569394034221788,G3,-7.260924833817457
043590,2022-03-31,-0.6043754767029327,0.04198637543590317,0.2111804511441485,G5,-15.148369171044832
043610,2022-03-31,-0.19573833647671895,0.036123125204405596,0.05271726219897135,G3,-6.294803501752485
043650,2022-03-31,-0.04837734202802248,0.026505698416034753,0.2422951878757372,G5,-3.019236819423955
043710,2022-03-31,-0.5035984350514763,0.030455947836874286,-2.676966017091536,G1,-17.57450060239616
043910,2022-03-31,-0.29386297958765784,0.040907071521743624,0.016298403299337915,G2,-7.957367908109792
044060,2022-03-31,0.7271986842765832,0.08701695271185349,-0.46048577351543896,G1,7.993259060973969
044180,2022-03-31,-0.19267404236084174,0.025224404161744443,-0.1743050546410455,G1,-8.893121101162416
044340,2022-03-31,-0.35070907341392177,0.018397087213936226,0.033738239258250896,G3,-20.78365490807115
044380,2022-03-31,-0.24979792876381487,0.024169629971237137,-0.023827329516167107,G2,-11.644678369216493
044450,2022-03-31,-0.12436901158478192,0.013809949870853187,0.16190347541392117,G5,-11.29755369121842
044480,2022-03-31,-0.2894959444925395,0.06141681327204641,-0.25432283006777073,G1,-5.228952235347
044780,2022-03-31,-0.158148921648659,0.026658503107128584,0.05226406197336262,G3,-7.119625563376926
044820,2022-03-31,-0.34207181742152215,0.019710890855596228,0.0337527897274367,G3,-18.96015044239534
045060,2022-03-31,-0.08548637755387618,0.018297001578586103,0.04265538448203968,G3,-6.401924140684515
045100,2022-03-31,0.009093417513404348,0.02300674376581944,0.06141025657046307,G3,-0.9804177970775568
045300,2022-03-31,-0.08419939883621744,0.03322588980910762,0.18858441060109274,G5,-3.4867098535515715
045390,2022-03-31,-0.1786734715362545,0.02823075524205758,0.07890251011020463,G4,-7.450141106290223
045510,2022-03-31,0.09840306047250852,0.05904453536069244,0.06435663412542925,G3,1.1305605423178797
045520,2022-03-31,-0.5364589742925225,0.026751178123563098,-0.04967778530909469,G2,-21.236769843281607
045970,2022-03-31,-0.20101756473505317,0.028902453623066808,0.007151185424550497,G2,-8.05008482406422
046110,2022-03-31,0.3212546785587495,0.018806418169301196,0.05695110848197802,G3,15.399266218448322
046120,2022-03-31,0.034704670860493475,0.04475406136220318,-0.023003663038134555,G2,0.06826268305688864
046140,2022-03-31,-0.10587490167348267,0.02286864732279658,0.0762847232927231,G4,-6.013671831416473
046310,2022-03-31,-0.2905584113021263,0.023638986227630075,0.09466758249473231,G4,-13.630366664359537
046390,2022-03-31,-0.20101260112390418,0.03502938791175427,0.12445026532750798,G4,-6.641915647063024
046400,2022-03-31,,,-0.3755127090205046,G1,
046440,2022-03-31,-0.23168984330861367,0.032866123009624285,0.14341790081976138,G5,-8.012489997244762
046890,2022-03-31,-0.20420732712297432,0.020194662830322622,-0.014286248995861514,G2,-11.679173237943246
046940,2022-03-31,-0.29548466903842097,0.02878582098894928,0.01416594748193712,G2,-11.364425135493718
046970,2022-03-31,-0.08393842542448925,0.05650604040611173,0.008324259973937743,G2,-2.045587748636587
047040,2022-03-31,-0.2588081096263429,0.02640948294323272,0.10422593340030356,G4,-10.998236838066832
047050,2022-03-31,-0.021438618597125363,0.024018252611871457,0.022397996548801376,G3,-2.2103297025489015
047310,2022-03-31,-0.12407519226218908,0.02649465817166002,-0.014841847872948693,G2,-5.877593506111991
047400,2022-03-31,-0.19804645672086932,0.030314837525488525,0.06208455898036912,G3,-7.577018847023644
047770,2022-03-31,-0.002548916129598063,0.03280903216145841,0.09198363586766202,G4,-1.0423518290792133
047810,2022-03-31,0.3305353074932185,0.02777080276450128,0.0706353416174773,G4,10.762586572436419
047820,2022-03-31,-0.5124096617081798,0.02746029179855751,-0.07787896673078387,G1,-19.8125826285275
048260,2022-03-31,-0.05936525006607644,0.026950287457327977,0.20679564962440417,G5,-3.3771398084121618
048410,2022-03-31,0.029468094750558102,0.032464518550933345,-0.8433607521972492,G1,-0.0671977870312829
048430,2022-03-31,-0.3434399104497948,0.024310735418001394,0.018924400669413397,G2,-15.428967596194921
048530,2022-03-31,-0.5722141379743166,0.04757659257595092,-0.4002060811061941,G1,-12.692455340607461
048770,2022-03-31,0.008980403708357943,0.045279595789212236,0.0013185629206468638,G2,-0.5006501151509795
048830,2022-03-31,0.046592059091971894,0.03305817012181365,0.10879447825519892,G4,0.45200386115428653
048870,2022-03-31,0.0923741578447913,0.02838023239114057,0.26718885143495824,G5,2.1396766049572857
048910,2022-03-31,-0.20667702681722064,0.034435215507187804,0.10693061950656584,G4,-6.9210156481143725
049070,2022-03-31,-0.024994356193105104,0.03378948356688718,0.19531091828171224,G5,-1.6763794165481596
049080,2022-03-31,-0.34635186276501034,0.025887063124953088,-0.18303653176150658,G1,-14.60194613404653
049120,2022-03-31,-0.39262961257768864,0.019518559390358188,-0.1588543051019514,G1,-21.73722161797923
049430,2022-03-31,-0.25274298047640964,0.024430490994942083,0.15034611833357112,G5,-11.640888391866753
049480,2022-03-31,-0.2850540481061387,0.028782494794851763,0.04852118240426043,G3,-11.003343835121736
049520,2022-03-31,0.3947313614854693,0.029861182943565916,0.03917817049698731,G3,12.158986588623554
049550,2022-03-31,-0.084773487331743,0.011053801984940383,0.09954394473343912,G4,-10.532405596244066
049630,2022-03-31,-0.2462711805807336,0.02326499282084069,-0.13614663297015622,G1,-11.94588028782842
049720,2022-03-31,0.23976335652045414,0.03185223714580909,0.08564555225730396,G4,6.533723738573243
049770,2022-03-31,-0.15853397533292907,0.015939027420920616,0.03003644546069791,G3,-11.931945962871126
049800,2022-03-31,-0.17722101168722515,0.022250157777260988,0.0690835069116721,G4,-9.387378387712007
049950,2022-03-31,-0.20876464255612373,0.023906596620122067,0.29391329223722246,G5,-10.056399283032409
050110,2022-03-31,0.2590081465947374,0.04125720823173166,0.011433609589514903,G2,5.510758429496814
050120,2022-03-31,-0.33094380699970455,0.020224810986307604,0.033364289438655576,G3,-17.928150023226458
050540,2022-03-31,,,0.007727852115461833,G2,
050760,2022-03-31,0.07960663330998372,0.040495891768289785,0.05198907409861957,G3,1.184243454377253
050890,2022-03-31,-0.20978321229803878,0.02250812496777832,-0.05120307095560316,G2,-10.726475492644576
050960,2022-03-31,-0.15667028801795985,0.03628993250810357,0.01932208451497292,G2,-5.189315977099839
051160,2022-03-31,-0.36400347299275265,0.025782953988059222,0.0005699252620842895,G2,-15.345530683963021
051360,2022-03-31,-0.11070568772874295,0.020809341183895703,0.008876827042627381,G2,-6.84093383951666
051370,2022-03-31,-0.18445974085257352,0.027858561293645733,0.05353407188859075,G3,-7.75737760212631
051390,2022-03-31,-0.1349490214720162,0.019349422655979116,0.16601350254007402,G5,-8.610006768070303
051490,2022-03-31,-0.1742045110191053,0.03547190232958003,0.04992042731213892,G3,-5.8033016572009535
051500,2022-03-31,0.05885429952804519,0.026572131831145308,0.010971959809867635,G2,1.0238042301875696
051600,2022-03-31,-0.07285509949465879,0.019723043224769796,0.08821488268678622,G4,-5.29861121622601
051780,2022-03-31,-0.09545374869134908,0.029108515095342978,-0.022302190470238327,G2,-4.36653628085278
051900,2022-03-31,-0.06367635506915484,0.027849621430065367,0.09723929206119923,G4,-3.4228829236601923
051980,2022-03-31,-0.5266299088913595,0.022874813980167476,-0.08824457918823149,G1,-24.40586174513184
052020,2022-03-31,0.8199029472288178,0.06631439019346368,-2.4678021332394713,G1,11.886610227055902
052220,2022-03-31,-0.22899021951871393,0.031170722469941216,0.026355427465088142,G3,-8.361688065596585
052260,2022-03-31,-0.28896562417773525,0.026770997606666628,0.13727302726606297,G4,-11.976216480334344
052300,2022-03-31,-0.33071964800801645,0.040207928215382875,-0.15710046661142063,G1,-9.012383941324213
052330,2022-03-31,-0.09941944209457898,0.020167446407280316,0.034763239941791466,G3,-6.4990419709994
052400,2022-03-31,-0.3445699674539742,0.03160425853180163,0.22663821151419564,G5,-11.904079497059612
052420,2022-03-31,,,0.14821139931598654,G5,
052460,2022-03-31,-0.13256519972137001,0.02656591026335807,0.07317478210545025,G4,-6.181412067106383
052690,2022-03-31,-0.19638071436176346,0.03558121436012506,-0.024741754788795086,G2,-6.408728791772997
052710,2022-03-31,0.04819664808567208,0.030794024886169013,-0.05985397860385043,G2,0.5373448125934079
052770,2022-03-31,,,-0.1212554124066277,G1,
052790,2022-03-31,-0.25109694034834273,0.029638264686104664,0.44414187902070995,G5,-9.53991678990302
052860,2022-03-31,-0.14206494168406747,0.030348306660879357,-0.16650366473746303,G1,-5.72402876310104
052900,2022-03-31,-0.09320516752040918,0.028407443145645,0.13475838483807936,G4,-4.395144097780827
053030,2022-03-31,-0.06744139275979721,0.032972723630493875,0.06721064675762294,G4,-3.0052425278684765
053060,2022-03-31,0.16578010900606346,0.047056548414794966,0.22526563279248332,G5,2.8504103035673327
053080,2022-03-31,-0.0672005469811891,0.02467758150331251,0.09103008086821013,G4,-4.005667472808757
053110,2022-03-31,,,-0.7628428905582799,G1,
053160,2022-03-31,0.06891071595021012,0.04105237881662054,-0.011969489076023658,G2,0.9076472172888475
053260,2022-03-31,0.006751356754091269,0.05804852692356345,0.041932720647091325,G3,-0.42892185417402395
053270,2022-03-31,0.23126160422433983,0.050600557403214515,0.029911373121865124,G3,3.9448570512672294
053280,2022-03-31,-0.22823810252832014,0.02293122303623705,0.030132481915160794,G3,-11.333357172962366
053300,2022-03-31,-0.08064243158009388,0.01874974611661321,0.1697483576831668,G5,-5.988991500787008
053450,2022-03-31,-0.2267534294920039,0.021647518313802103,0.017621667435108648,G2,-11.936844875260698
053590,2022-03-31,-0.23354784909752813,0.03710982610278647,-0.10462563678426423,G1,-7.146287533582165
053610,2022-03-31,-0.17945791208122563,0.027350183542096684,0.33057677772557226,G5,-7.718688626367398
053620,2022-03-31,-0.019565928744241394,0.023751621179957744,0.02315833597516107,G3,-2.1562977495479476
053660,2022-03-31,-2.5701030037214245,0.23822988324834857,-0.8063297656601904,G1,-10.921185062091395
053690,2022-03-31,-0.15519816490103472,0.025344503248958195,0.05145772555484763,G3,-7.372320602217054
053800,2022-03-31,-0.26853838701769656,0.0399488410580886,-0.14424567344073205,G1,-7.514311244609514
053950,2022-03-31,-0.15978311388606525,0.02627118052324743,-0.26031057649433953,G1,-7.286796734196349
054040,2022-03-31,-0.20889732446014017,0.022470450351889392,0.04120420271832984,G3,-10.705035246173026
054050,2022-03-31,-0.1843396238264698,0.02238616085193178,0.1900900608364131,G5,-9.648338712890476
054090,2022-03-31,0.19206763755477876,0.046044483058679295,-0.014099755396003383,G2,3.4839787167579774
054180,2022-03-31,0.13217573143507388,0.05203256429443336,-0.3412521651144422,G1,1.9319842149623152
054210,2022-03-31,0.27888992076020613,0.0387284211449132,0.09390945411092491,G4,6.383949432920871
054340,2022-03-31,,,-0.39492892021975584,G1,
054540,2022-03-31,0.1979788657583262,0.047948288313982186,0.00670886512431255,G2,3.468929404005568
054630,2022-03-31,-0.07608775118290156,0.035173319860457596,0.01189755775511713,G2,-3.0630429588262578
054780,2022-03-31,-0.3463450269438103,0.02744789774276709,0.022259619248490663,G3,-13.771352146545873
054800,2022-03-31,0.09132657806912639,0.012058681411974772,0.11358262455458308,G4,4.948877698655166
054920,2022-03-31,-0.3630159428110242,0.0296537712180978,0.21438930890869942,G5,-13.309119385273172
054950,2022-03-31,0.3845759117312295,0.031086957887106612,0.14512448665966438,G5,11.35287262454811
055490,2022-03-31,-0.06839266311591148,0.0202579967686826,0.14534922128667413,G5,-4.938410387387687
056000,2022-03-31,,,-1.9562661909113064,G1,
056080,2022-03-31,-0.2846311093460852,0.029136614816769713,0.18314532333297018,G5,-10.855095895294784
056090,2022-03-31,0.5786681955258205,0.08085125654929065,-0.0844525780624492,G1,6.7657397091672395
056190,2022-03-31,0.04204047595984828,0.01799601156797447,0.11837128212352006,G4,0.5773966840587533
056360,2022-03-31,-0.2503197819069665,0.0283620168781087,-0.19860493668323362,G1,-9.941797216784757
056700,2022-03-31,0.6592376590568331,0.06356297632697985,0.010060675635689218,G2,9.873483854408986
057030,2022-03-31,-0.2132897614516632,0.03364920842499729,0.0871146036165002,G4,-7.279202438055563
057050,2022-03-31,-0.1331904092254121,0.013371654692144672,0.10308508084520443,G4,-12.327572882693872
057540,2022-03-31,0.18282655989927912,0.02881470201021966,-0.01065120689841913,G2,5.246520380167202
057880,2022-03-31,,,-0.8318228761525909,G1,
058110,2022-03-31,-0.1527404509985645,0.03970993356784083,0.1281629197064958,G4,-4.643424780295025
058400,2022-03-31,-0.2770823378204427,0.01892883597301197,0.11714752988042429,G4,-16.310140613761888
058420,2022-03-31,,,-1.8844446597024114,G1,
058430,2022-03-31,-0.31658461845040925,0.027850338571536976,0.07948388532550753,G4,-12.503771044296073
058450,2022-03-31,-0.17177350726881574,0.04291215633820928,-0.014959041416474458,G2,-4.740454994145871
058610,2022-03-31,0.08938021607303138,0.035302328039726424,0.07312837015460265,G4,1.6353192756536947
058630,2022-03-31,-0.1813537302175349,0.03698358549968055,0.3672869067637208,G5,-5.759402878165817
058650,2022-03-31,-0.1479303391867373,0.015618733110202314,0.04862766446436864,G3,-11.497730095896875
058730,2022-03-31,0.13839250859194802,0.04164751459742768,0.0038907814224067605,G2,2.5630069661905837
058850,2022-03-31,-0.06554167091807937,0.02312652961112752,0.02742847853969499,G3,-4.202589454906016
058970,2022-03-31,-0.05415079590238388,0.024810840469379505,0.12356606652464772,G4,-3.458183311544485
059090,2022-03-31,-0.2513081884812837,0.023826912660300202,0.16313954682057907,G5,-11.875555640364508
060150,2022-03-31,-0.25211866253053794,0.018677848671243554,0.14460808793296076,G5,-15.19277225549241
060230,2022-03-31,-0.32491690713871735,0.05793838155195335,-0.0419931213907429,G2,-6.1542372455330145
060240,2022-03-31,-0.21493543526176512,0.074194899375574,-0.6599689687020367,G1,-3.323477434314861
060250,2022-03-31,-0.6634282726389542,0.02636369913384282,0.04870215463633622,G3,-26.364961444310616
060260,2022-03-31,0.023858972671310277,0.05559168588277246,-0.07965145228152311,G1,-0.14014084586919964
060300,2022-03-31,,,-0.8804688385063727,G1,
060310,2022-03-31,-0.12041489598303315,0.030801591811694957,0.05968210409797315,G3,-4.936905062144
060380,2022-03-31,-0.22152537577131878,0.03167984442235336,0.038052706675618914,G3,-7.99167479960523
060540,2022-03-31,-0.1438847692313836,0.022311762580275306,0.12411968716508845,G4,-7.867348317016491
060560,2022-03-31,0.009800055419366238,0.04048817963250845,0.030793575298571466,G3,-0.5396533836089613
060570,2022-03-31,-0.3255292629914378,0.02051832974708147,0.2159952970968319,G5,-17.40779614853689
060590,2022-03-31,-0.19771953131657305,0.026343648322887946,0.14210894370003577,G5,-8.706811109056178
060720,2022-03-31,0.037904943823072815,0.028439991267384074,0.08182691335544948,G4,0.2199475101818949
060850,2022-03-31,-0.1231092877408734,0.024614187361571078,0.1432153871645997,G5,-6.287387189418562
060900,2022-03-31,-0.52930572942274,0.027330478521989107,-0.023202828146644223,G2,-20.524901074294498
060980,2022-03-31,-0.039026528119709004,0.01456140832507222,0.07677693082530004,G4,-4.8536628529421675
061040,2022-03-31,-0.12105500527374978,0.02027096323736506,0.0490273785196027,G3,-7.5331715636723775
061970,2022-03-31,-0.22882907256492746,0.024790832795035404,0.12268533316243012,G4,-10.507057720598544
062860,2022-03-31,0.11513333226812408,0.05444751522044953,-0.16386439616203508,G1,1.5332874856803793
063160,2022-03-31,-0.17364768644013823,0.02155997390563423,-0.024147522391659685,G2,-9.52215090300759
063440,2022-03-31,-0.18326317276462606,0.031507762281679376,0.012538193442066466,G2,-6.820948101535187
063570,2022-03-31,-0.08571098374374707,0.03277153132488637,0.0030885633029960106,G2,-3.5811760254499143
063760,2022-03-31,-0.08590129830511486,0.03009970208789249,0.17928152254380886,G5,-3.9053853927217506
064090,2022-03-31,-0.0246590627454299,0.03670179458221395,0.06888494789716522,G4,-1.534222016678566
064240,2022-03-31,0.21315983979974262,0.04343908196952991,0.06538494072774867,G3,4.178499936367095
064260,2022-03-31,-0.46985063973424795,0.028642640344752494,-0.12174709386889218,G1,-17.50887042019304
064290,2022-03-31,-0.26910437969579315,0.025220774401851873,0.1914210118065383,G5,-11.924852641635251
064350,2022-03-31,0.3161518401890854,0.035638937549799826,0.021289988284040592,G2,7.982903565442188
064510,2022-03-31,,,-0.3271586398140189,G1,
064520,2022-03-31,,,-0.1796847360848988,G1,
064800,2022-03-31,-0.2137624341435416,0.02239490503913561,0.02954298165424768,G3,-10.95838862763183
064820,2022-03-31,-0.036641202437792036,0.02346051941521517,0.05997286619022629,G3,-2.9108835905704327
064850,2022-03-31,-0.07634545168153412,0.026613633418666568,0.3395571146122487,G5,-4.057885991621278
064960,2022-03-31,-0.02622831626233369,0.024607268984336534,0.15111735677970878,G5,-2.352067385185738
065060,2022-03-31,-0.17215710347545726,0.033021082204379895,-0.05881641895683815,G2,-6.17201885656677
065130,2022-03-31,-0.08624659970910334,0.020615364249852032,-0.019787857055037245,G2,-5.718853027986949
065150,2022-03-31,-0.398117328941979,0.020190844364963583,-0.04785726214067677,G2,-21.28523996955543
065170,2022-03-31,-0.3703941278033232,0.028321384063728514,-0.01624855469494827,G2,-14.19576689659181
065350,2022-03-31,-0.2457451510030222,0.02664680510136527,0.0537783982552014,G3,-10.410058110232004
065440,2022-03-31,0.16241655818758624,0.05524910497613599,0.05772059916377758,G3,2.366860416831226
065500,2022-03-31,-0.053426850632220385,0.029110881574647203,0.11271504484954065,G4,-2.922497862810542
065510,2022-03-31,0.2256520851597449,0.031899576275552434,0.20653835990756697,G5,6.081662180391088
065560,2022-03-31,,,0.2105863875655848,G5,
065680,2022-03-31,-0.1625239475714656,0.026974409668730673,0.13932617051635088,G5,-7.198436907806466
065690,2022-03-31,-0.15501497610895126,0.021962267521840457,-0.16287075225829428,G1,-8.499332524637486
065710,2022-03-31,-0.08771214909443038,0.011988341100056383,0.21747555745918262,G5,-9.956489113250695
065770,2022-03-31,-0.03353205317088824,0.039407973893947124,-1.8861967835056288,G1,-1.6540229117213432
065950,2022-03-31,-0.1113357465394001,0.02441550252552665,-0.02603693703662769,G2,-5.856335946561997
066310,2022-03-31,-0.2754430109190507,0.05406280106512151,0.18175243017643947,G5,-5.680294831622915
066360,2022-03-31,-0.1293431529415181,0.019913790951044064,0.014522258121546991,G2,-8.084487373173626
066410,2022-03-31,-0.4391794776377626,0.06323641420017424,-5.047032526597869,G1,-7.445537862118091
066570,2022-03-31,-0.22596845883581912,0.020833355434846147,0.09106880651007852,G4,-12.365655556336382
066590,2022-03-31,0.0002467476653405243,0.03508389263121581,-0.0034390329002841106,G2,-0.8950800077678862
066620,2022-03-31,-0.2242608669818989,0.023600674001238716,0.0920123384114277,G4,-10.843355809358831
066670,2022-03-31,-0.24251649402436035,0.030518573816447087,0.3718563083910967,G5,-8.983582726622155
066700,2022-03-31,-0.1451968900268694,0.02367210613192495,0.11513715227514391,G4,-7.470671498155605
066910,2022-03-31,-0.10987708850928034,0.026811448795384676,-0.0310287707364597,G2,-5.27859304223275
066970,2022-03-31,0.06227583868830303,0.03457527540458589,0.17985892956268798,G5,0.8857832591558786
066980,2022-03-31,-0.11396361963131786,0.030689503483566347,-0.031431904141179925,G2,-4.744725122826047
067080,2022-03-31,-0.19272021238275147,0.022434004660271716,0.07398564517549037,G4,-10.001328533835242
067160,2022-03-31,-0.4895191158430711,0.030641660993390465,0.32039947609190816,G5,-17.008502068791447
067170,2022-03-31,-0.2624789277674963,0.021617389010089652,0.005327137360659517,G2,-13.606109701057434
067290,2022-03-31,-0.022927356770885653,0.035225584765346415,0.04456778279998029,G3,-1.549356687437969
067310,2022-03-31,-0.2839394379873411,0.027933084364038147,0.20354753199073264,G5,-11.29803900022786
067390,2022-03-31,-0.10393786570126572,0.025908980799103486,-0.07630634570318164,G1,-5.233224159098309
067570,2022-03-31,-0.11222426572580901,0.025675352264430084,0.005585864109260313,G2,-5.603580538964786
067630,2022-03-31,0.31155716182326954,0.049544404603147775,-0.651148743549323,G1,5.64962936806125
067770,2022-03-31,-0.08995157364301867,0.022612208989183973,0.11091814236171531,G4,-5.377679476401472
067900,2022-03-31,-0.2990596143378832,0.02640696824612896,0.1914223369464185,G5,-12.523560062241499
067990,2022-03-31,-0.0895682797699005,0.026233067292412263,0.03524134482883413,G3,-4.620806136504625
068060,2022-03-31,,,-0.254512972226607,G1,
068240,2022-03-31,-0.24002223483552154,0.023850195011576935,-0.4643859125274348,G1,-11.390761092639632
068270,2022-03-31,0.12284972535623366,0.02237148551050338,0.2555743254810687,G5,4.076621856836395
068290,2022-03-31,-0.1584386018573694,0.04439660263975056,0.09162889213662212,G4,-4.28159429121251
068400,2022-03-31,-0.26978860188764836,0.01727656856158773,0.03625545871513556,G3,-17.447807379532247
068420,2022-03-31,,,0.5337344268867568,G5,
068790,2022-03-31,-0.20936781347867567,0.02250008386212668,0.2382513932687322,G5,-10.711846831761624
068930,2022-03-31,-0.2295303768538671,0.016541509692665688,0.11307370330465451,G4,-15.789369910044433
068940,2022-03-31,0.15650846994247114,0.037787358587623804,0.23403897263498347,G5,3.3042487237821465
069080,2022-03-31,-0.2011865565353532,0.02745481068894657,0.37864426703345216,G5,-8.480706631982384
069140,2022-03-31,-0.17173831781071744,0.026289087229940278,-0.009947601813781841,G2,-7.736592548306453
069260,2022-03-31,-0.0987687978066564,0.021154814673532328,0.1219414093718117,G4,-6.164952913723475
069330,2022-03-31,-0.18585989320593338,0.029205956551250897,0.09854743438866652,G4,-7.4474373533516145
069410,2022-03-31,-0.40861097860351225,0.027081000082360765,-0.03854684390252109,G2,-16.25717720242146
069510,2022-03-31,-0.08815592034476959,0.01947669059574085,-0.05595142388271789,G2,-6.151227710378346
069540,2022-03-31,-0.16559437109556763,0.023357807914339935,-0.2302267055073024,G1,-8.444457218465757
069620,2022-03-31,0.13530942498688914,0.023695502513870204,0.06872579752336658,G4,4.374660818946332
069640,2022-03-31,-0.1576191715503014,0.023834171840900104,-0.05748843275787967,G2,-7.941069291936868
069920,2022-03-31,0.5209065684493762,0.07991301312262956,-1.5716650536927677,G1,6.122368695376007
070590,2022-03-31,-0.4286639439769997,0.0248922670822878,-0.11273863438476106,G1,-18.492232186386698
070960,2022-03-31,-0.2649301404536369,0.019432582507970406,-0.02717551571545633,G2,-15.26198480753701
071090,2022-03-31,-0.09867655508661093,0.047066816950378045,0.10956854766267482,G4,-2.7689612785633892
071200,2022-03-31,-0.16098929570105042,0.026059974688419897,-0.08375679530450354,G1,-7.392138195010181
071280,2022-03-31,0.11815805890423618,0.019129759791000088,0.17282024716109767,G5,4.522190623152447
071320,2022-03-31,-0.1225754472426722,0.010340279471409343,-0.08814812279016201,G1,-14.914982348718738
071460,2022-03-31,-0.43290401775923953,0.035577605300365654,-0.14911983717096777,G1,-13.05747400341984
071670,2022-03-31,-0.04747156968058276,0.027653167430388464,0.03838589424231104,G3,-2.8611987554037728
071850,2022-03-31,-0.3375743391644705,0.02223161838958684,-0.04717670679531517,G2,-16.608056653744548
071950,2022-03-31,-0.12382689539486093,0.015450556716908832,0.005984503541896262,G2,-10.062843481809743
071970,2022-03-31,-0.13484171118594004,0.023191548555994628,-0.07487629652351815,G1,-7.178966481611753
072020,2022-03-31,-0.11816842066113453,0.018284935719653877,0.22763647110495852,G5,-8.193523975822178
072130,2022-03-31,-0.31135836598809996,0.029629170648733213,-0.30614895197739195,G1,-11.576699483385035
072520,2022-03-31,0.043167172609831196,0.049120457122538076,-1.5232713541083995,G1,0.23447530276198753
072710,2022-03-31,-0.0640214919449452,0.008494789628426553,0.08230058592101774,G4,-11.262330756139367
072770,2022-03-31,-0.14021384356361494,0.023010225526858545,0.01979738032755201,G2,-7.469004678690576
072870,2022-03-31,-0.1239157409777711,0.01769745089031854,0.24922497075203726,G5,-8.790270446072581
072950,2022-03-31,-0.07391616918213442,0.021697290917907425,0.04802459330429368,G3,-4.865391174214503
072990,2022-03-31,-0.16158302543241662,0.020321480349837644,0.1712840829422796,G5,-9.508788762437637
073110,2022-03-31,-0.06880104060217511,0.029906811183460592,0.12510918497493398,G4,-3.3587893587245556
073190,2022-03-31,-0.003644156513380477,0.024160538501363814,-0.054018205705550715,G2,-1.4608033287670747
073240,2022-03-31,-0.15695166880616943,0.018722181718677934,-0.005594933661968764,G2,-10.073682127133223
073490,2022-03-31,-0.3695286490448929,0.02217184428938901,-0.061422500934102654,G2,-18.09404226201902
073540,2022-03-31,0.022958400355390568,0.04607823733675601,-0.8783655118591704,G1,-0.18861915518398958
073560,2022-03-31,-0.09325676386412009,0.04966487744016883,0.046614043073869287,G3,-2.514984609975358
073640,2022-03-31,-0.08724316021720066,0.03580019763739266,-0.07365473129283694,G1,-3.321009564685647
074430,2022-03-31,0.2826578959852361,0.053640783312545647,0.395367191662703,G5,4.679429380598042
074600,2022-03-31,0.004862496874686997,0.02880210880895229,0.17401839714648817,G5,-0.9300409861379269
074610,2022-03-31,-0.15144563269179787,0.05249180465040674,-0.6052248010966785,G1,-3.488073471000315
075130,2022-03-31,-0.4800773422709862,0.02984346171655851,0.06155821162662301,G3,-17.147038292185577
075180,2022-03-31,-0.15540754214182828,0.014398464912089463,0.05674279809957722,G3,-12.991466926379442
075580,2022-03-31,-0.024775946646043906,0.028818284740823406,-0.07205403665456438,G1,-1.9579786134991375
075970,2022-03-31,-0.035912114670552116,0.03939118644653022,0.06270117285573795,G3,-1.7151489792387344
076610,2022-03-31,-0.10679110779799472,0.024366455305377472,-0.1459383329468188,G1,-5.681612061220036
077360,2022-03-31,-0.12907961999234013,0.03350396844927191,0.27254366808592095,G5,-4.797320018669306
077500,2022-03-31,-0.1576170449771289,0.024064669208890523,0.1475747284777459,G5,-7.864919392343963
077970,2022-03-31,0.11953863675374762,0.033225256319028826,-0.02340999660465698,G2,2.64524665680893
078000,2022-03-31,-0.0919992923951243,0.007813043089091877,-0.4358217385014114,G1,-15.825963013306904
078070,2022-03-31,-0.03740717812148751,0.01633183675637725,0.1647047850587325,G5,-4.22835580013614
078130,2022-03-31,-0.25644830354332504,0.028170680059588192,-0.0785972187969311,G1,-10.226872105612683
078140,2022-03-31,-0.05113161055890274,0.039855783779948306,0.15544210461679567,G5,-2.0770197261750343
078150,2022-03-31,-0.1700344867417384,0.03006377015640353,0.07974665922218549,G4,-6.708544013166522
078160,2022-03-31,-0.021183900955484482,0.03141661553820946,-0.47856502724811295,G1,-1.6817069122370685
078340,2022-03-31,-0.32407016316649795,0.03250817415273334,-0.019222453081059906,G2,-10.942472500898834
078350,2022-03-31,-0.13917357720567317,0.03352864465928737,0.11417749647969315,G4,-5.0948440503864
078520,2022-03-31,-0.13767790743521463,0.029968564739002695,0.009474911755982335,G2,-5.650172020719415
078600,2022-03-31,-0.19850703243234147,0.03262570942103116,0.06115493274073907,G3,-7.054457207854457
078650,2022-03-31,,,-20.25300754453609,G1,
078860,2022-03-31,-0.30505245587876667,0.07222862731122101,0.2507743921974003,G5,-4.661615580512016
078890,2022-03-31,-0.42939364325932794,0.028884962850249354,0.08657718594133851,G4,-15.961359694446164
078930,2022-03-31,-0.03896453592241729,0.018108616116615833,0.17046062971108653,G5,-3.899479342976466
078940,2022-03-31,-0.12863716519410265,0.050321271583294726,-0.007663916428076668,G2,-3.1852693444561186
079160,2022-03-31,-0.2508982943839856,0.02767502095045979,-0.5007525538853854,G1,-10.209493009742717
079190,2022-03-31,-0.20596706840793905,0.030434723888422773,-0.13351338074883357,G1,-7.807421149384706
079370,2022-03-31,-0.1256014468060698,0.030339228932420224,0.02531395442390056,G3,-5.183094326838662
079430,2022-03-31,-0.2976141669956509,0.019633211189048327,0.007508927441417693,G2,-16.77075657055712
079550,2022-03-31,0.2332640659504306,0.02749431296654261,0.12270780994763003,G4,7.332950186518758
079650,2022-03-31,-0.13768413594789408,0.022934686870780954,0.0143889151278336,G2,-7.383304400717328
079810,2022-03-31,-0.05005910975863568,0.030641060649400614,-0.49349208995147414,G1,-2.6666422957016955
079940,2022-03-31,-0.09628387536314047,0.021779175595682505,0.1854109641738088,G5,-5.874121054550789
079950,2022-03-31,-0.1807732009740093,0.03093486670774205,0.14195904368425966,G5,-6.866777268998648
079960,2022-03-31,-0.1947495769549521,0.021635075747281234,0.03913805140607704,G3,-10.46445217727603
079970,2022-03-31,-0.39941079136249474,0.06592128966512362,-0.4593486474296667,G1,-6.539016941362554
079980,2022-03-31,-0.09099607862813128,0.024384822754792274,-0.045356245311033,G2,-5.029592317140994
080000,2022-03-31,-0.1424882801842307,0.02278547359724794,0.1180713021567775,G4,-7.642497225051323
080010,2022-03-31,-0.24286711623707707,0.01783376146720651,0.11769444761748704,G4,-15.393093335698541
080160,2022-03-31,-0.42282790955264205,0.024383130674133134,-0.9161598864369637,G1,-18.6390153988303
080220,2022-03-31,-0.17208724130960426,0.028592955836334366,0.28047814863997284,G5,-7.125422115503127
080420,2022-03-31,-0.1534800155240156,0.032823590211677175,0.027136110402583968,G3,-5.640140304102735
080470,2022-03-31,-0.055350425492644614,0.019592696259839514,0.07100333409116136,G4,-4.440433460155836
080520,2022-03-31,-0.2549139645567234,0.03529542394144676,0.04234254129636053,G3,-8.119001590300604
080530,2022-03-31,0.005517145626250374,0.031018526033768846,-0.1983966380863149,G1,-0.8424801649026423
080580,2022-03-31,-0.017226255243641662,0.024246060413546204,0.020292696249047323,G2,-2.0158282609306584
081580,2022-03-31,-0.10809520674290574,0.03032071323444872,0.05340127662991976,G3,-4.608890437918598
081660,2022-03-31,-0.012468137121267809,0.022923888085317853,0.16579696404588898,G5,-1.9245328502428407
082660,2022-03-31,0.2096186504162056,0.05610646800357352,-2.686293590186362,G1,3.171987440924878
082800,2022-03-31,-0.1083021224643495,0.026606984153478105,-0.5092531498490476,G1,-5.25996333185592
082850,2022-03-31,-0.22311278935983875,0.03913271034581061,0.03313974913224489,G3,-6.51021678955415
082920,2022-03-31,-0.1726999093238171,0.017267377815654586,0.2017188521946647,G5,-11.834428484721686
083310,2022-03-31,-0.15270128031722738,0.02652733944895057,0.07754358836870254,G4,-6.949468838599914
083450,2022-03-31,-0.30449375130976575,0.025916740195782544,0.180205492239185,G5,-12.970126154935317
083470,2022-03-31,,,0.025712451033732986,G3,
083500,2022-03-31,-0.09484057638618294,0.027833535791746744,0.18525675728498978,G5,-4.5445255639388416
083640,2022-03-31,0.18535998607806178,0.04707541353417339,0.8257810946675037,G5,3.265193781298643
083650,2022-03-31,0.31304930736702324,0.051490790075646685,-0.021667166887304357,G2,5.4650485727524005
083660,2022-03-31,-0.2455621290443504,0.02994531949072068,-0.058174400772141775,G2,-9.257265319358785
083790,2022-03-31,-0.2417321234646683,0.02243879612566692,-0.41076586546389515,G1,-12.183441593204448
083930,2022-03-31,-0.046241366987441614,0.02841295878052035,-0.172660711274289,G1,-2.7413901573341173
084010,2022-03-31,-0.2444689757270782,0.025101424680430518,0.10202042240032294,G4,-11.000117236236463
084370,2022-03-31,-0.4166704553157944,0.025913714849455684,0.2935614332781698,G5,-17.300494987866557
084650,2022-03-31,-0.3265233426761582,0.045232287679174525,0.6267676009015669,G5,-7.918524567469137
084670,2022-03-31,-0.1481374192761918,0.023941509495978026,-0.2911784887700407,G1,-7.509428670761607
084690,2022-03-31,-0.0791631839109012,0.02627265025356176,0.031202222838029536,G3,-4.217801454959622
084730,2022-03-31,-0.11139952597038213,0.029391109927338205,0.007347523391570552,G2,-4.867089568180666
084850,2022-03-31,-0.051457242518060706,0.022094847748384085,-0.02273426991548217,G2,-3.761369257606929
084870,2022-03-31,-0.053115858083124114,0.028542264216924604,0.04601038889095282,G3,-2.9698238371389567
084990,2022-03-31,-0.11749461084793793,0.03161122389871994,-8.376766616193104,G1,-4.718078929180411
085310,2022-03-31,-0.056406068915987914,0.026136081488900738,-0.06544050002977046,G2,-3.3691243083856914
085370,2022-03-31,-0.21173433447722428,0.036414509317182236,0.23648194582955423,G5,-6.683708708292276
085660,2022-03-31,-0.12594045381646635,0.025797798523638657,-0.03479583088402234,G2,-6.108664358560773
085670,2022-03-31,0.052929040648978756,0.035373982363393806,0.11890456638000149,G4,0.6015551734085374
085910,2022-03-31,0.054109360733895606,0.030943398910659732,0.20091818293129052,G5,0.7258324221112495
086040,2022-03-31,0.017431514496029595,0.03159885170012658,0.028112783983605255,G3,-0.4499569855612919
086060,2022-03-31,0.060695480905927315,0.044673486991949674,0.023204439043125927,G3,0.6501807740448967
086280,2022-03-31,-0.041204532600927504,0.01902162811745229,0.059006268315826366,G3,-3.830070207728479
086390,2022-03-31,-0.32819225654442474,0.02691488462140894,-0.14935380709798954,G1,-13.369624286347937
086450,2022-03-31,-0.0936485676562281,0.020261610001194787,0.1371458198159474,G4,-6.1840202334886705
086670,2022-03-31,0.13144419274501967,0.022621741990109145,0.17807673225196036,G5,4.411444274911975
086710,2022-03-31,-0.16485230080705007,0.032404768713624195,0.10712646035882743,G4,-6.06398215947303
086900,2022-03-31,-0.10595902791313934,0.022572012277976852,0.13364929438777307,G4,-6.096428832870109
086960,2022-03-31,-0.25206305561468817,0.04383837245742246,0.031200231890370085,G3,-6.471788943452632
086980,2022-03-31,-0.022124698884495392,0.03844729406822965,-0.2246973642314858,G1,-1.3986507696297896
087260,2022-03-31,-0.1692651804299803,0.0279919335547926,0.013677886362625149,G2,-7.17759702418977
088130,2022-03-31,-0.2896922123245948,0.023552114630774015,0.059962898117132596,G3,-13.643864082545488
088290,2022-03-31,0.01643058902752067,0.03206619315772263,-0.24143269680260346,G1,-0.4746135424257843
088390,2022-03-31,0.04064870681797449,0.04537147946217363,0.30842989415938515,G5,0.198341962184861
088790,2022-03-31,0.06559002302400498,0.0347211460186096,0.15137695780078014,G5,0.9775133704284124
088800,2022-03-31,-0.4558163808530187,0.030445091900222303,-0.19647576588818993,G1,-16.011317062362888
088910,2022-03-31,-0.1372867929140423,0.03604819025054101,0.0427475806094334,G3,-4.68640534501517
089010,2022-03-31,-0.19748764815880088,0.02518091585959043,0.046831182295465214,G3,-9.099640695783043
089030,2022-03-31,-0.13224968900260847,0.02887108851255524,0.1809248628327332,G5,-5.67693620161048
089140,2022-03-31,-0.440774944945452,0.03292345238460428,-0.4526483744709407,G1,-14.34918118491683
089230,2022-03-31,-0.0943894535600806,0.027339783096683074,-0.1429353229569735,G1,-4.610098465981934
089470,2022-03-31,-0.13959588242869153,0.019507914879686263,0.0208146691593423,G2,-8.77825857038302
089530,2022-03-31,-0.4027136256569171,0.0620866414502504,-0.7083878342661987,G1,-6.996082475473992
089590,2022-03-31,-0.29360443684068993,0.030292259500167104,-1.0736756769075466,G1,-10.737200881073681
089850,2022-03-31,-0.0716836747780165,0.026384402988697903,0.03074776665247609,G3,-3.9164544817063898
089980,2022-03-31,-0.3067601297901309,0.027665558988027632,0.06125579061059635,G3,-12.23216810803627
090080,2022-03-31,0.0024895964793503374,0.043609516186012685,-0.004508594371210799,G2,-0.668662361455395
090120,2022-03-31,,,-0.009721209719216306,G2,
090150,2022-03-31,-0.2710014668360497,0.029934153954908158,0.024782521433266924,G3,-10.11056152935441
090360,2022-03-31,-0.2274334528143549,0.029717770881647936,0.0023296149767763796,G2,-8.718119955913895
090370,2022-03-31,-0.07406617051823604,0.051466908545731355,-0.11078208306314309,G1,-2.0540539942965146
090410,2022-03-31,-0.02675085092730351,0.03578373723879752,0.027800281307041513,G3,-1.6320399708893811
090430,2022-03-31,-0.17779710109920455,0.02993611717260123,0.1393015249192035,G5,-6.996456435743634
090460,2022-03-31,0.2132655280267371,0.023792361841532328,0.09185134908868267,G4,7.633369510860777
090470,2022-03-31,-0.13515930454244554,0.019702928854170118,0.09966828747336438,G4,-8.466200346724458
090710,2022-03-31,0.6174720038942211,0.06705150611829094,0.7173310403462674,G5,8.736900917728946
090740,2022-03-31,,,-0.1476462836471015,G1,
091090,2022-03-31,0.00607099788901155,0.05077355821032217,-0.09839799423651502,G1,-0.5037787692414516
091120,2022-03-31,-0.2908484628191919,0.03269538158735154,0.14074151035881222,G5,-9.863720370162913
091440,2022-03-31,0.2846258275639457,0.034485613377937686,-1.427265845827364,G1,7.335702173462613
091580,2022-03-31,0.19090299037464822,0.03654730649847108,0.12436509538734115,G4,4.357457965530061
091590,2022-03-31,-0.2696894041569793,0.025085869357205467,0.09999966733731644,G4,-12.012302161840045
091700,2022-03-31,-0.2099268211111824,0.02198091137516723,0.06075755424987963,G3,-10.990284048836958
091810,2022-03-31,-0.4702596113059084,0.028714997508884312,-0.8504262913841119,G1,-17.47899332760995
091970,2022-03-31,,,-0.003812913460960459,G2,
091990,2022-03-31,0.13206304657930393,0.024440524797640386,0.14754830688072526,G5,4.1084800288241565
092040,2022-03-31,-0.1864969766111266,0.02920047089054226,-0.3727132324809053,G1,-7.470654017295281
092070,2022-03-31,-0.2460489622426773,0.03104036403165216,0.1267980761396048,G4,-8.94637061967837
092130,2022-03-31,-0.1350466514441555,0.009175175638837818,0.3398145698636593,G5,-18.168185172691373
092190,2022-03-31,-0.23012396910830257,0.033163275103755274,-0.1820977548047343,G1,-7.893478760572633
092200,2022-03-31,-0.09027669253905928,0.025515534862240657,0.05807581835855198,G3,-4.77851362911109
092220,2022-03-31,-0.08109460025986392,0.030668819655710826,0.1401649079192006,G5,-3.676184479212154
092230,2022-03-31,-0.013602115231645286,0.008331727290400043,0.26589415107426007,G5,-5.431257194171726
092300,2022-03-31,-0.18691781965390622,0.029426761830884666,0.020653968420801846,G2,-7.427506276913113
092440,2022-03-31,-0.2062986209775572,0.018746761245670488,0.09279271931277695,G4,-12.692766308459149
092460,2022-03-31,-0.0953769148129531,0.019711813548906245,0.1434440958703005,G5,-6.444183994131697
092600,2022-03-31,-0.43569910770206566,0.0442737779602153,-0.5416053352068291,G1,-10.555881331750028
092730,2022-03-31,-0.18794828137477343,0.017703270780061103,0.3053487556727424,G5,-12.404369941418945
092780,2022-03-31,-0.22004851292529296,0.025206942335932788,0.009531620269641054,G2,-9.985271046568435
092870,2022-03-31,-0.276813668091068,0.026275409076629577,0.1715072196130536,G5,-11.739619571504397
093050,2022-03-31,0.0095621000246867,0.024161433980295535,0.17021430195994408,G5,-0.9141650511117546
093190,2022-03-31,-0.026135707942339145,0.019824870580849436,0.08899543927211812,G4,-2.914790604099877
093230,2022-03-31,-0.3632209396265972,0.02987670672767112,-0.10449740380937432,G1,-13.2166701564565
093240,2022-03-31,-0.20248243468544294,0.035051939756674734,-0.012072866813001482,G2,-6.679575363445482
093320,2022-03-31,-0.046875822100940795,0.01499956625596797,0.27671625441308906,G5,-5.2351820922764505
093370,2022-03-31,-0.014199009886753294,0.0355833221940315,0.32879662549993377,G5,-1.2884870105990407
093380,2022-03-31,-0.038992613660498665,0.022081187290647526,0.12610085194173962,G4,-3.199205336419387
093520,2022-03-31,-0.32811228071526155,0.029139833834149666,0.20021451522372882,G5,-12.34605253129017
093920,2022-03-31,-0.07802914430352842,0.01384568948783613,0.0937775123865118,G4,-7.921511092250155
094190,2022-03-31,,,12.03506357572793,G5,
094280,2022-03-31,-0.15459571955208504,0.015404842429340398,0.0500239761953817,G3,-12.090052784413745
094360,2022-03-31,-0.2050767109028069,0.030377126840663248,0.19254591463651902,G5,-7.7929144088814395
094480,2022-03-31,-0.3182991776527452,0.034919929170240185,0.10654630711871263,G4,-10.021464090058894
094840,2022-03-31,-0.18937735562308752,0.022776151876181445,0.31346122331329745,G5,-9.704316838897055
094860,2022-03-31,-0.1950270336786366,0.026563663842312086,-0.24869228750481245,G1,-8.53333612330202
094940,2022-03-31,-0.2280738713431022,0.028262283818936227,0.02254038093494351,G3,-9.189756622686655
094970,2022-03-31,-0.14512893630296866,0.02394740740852612,0.33151738934093866,G5,-7.381950448391591
095190,2022-03-31,-0.1250686530501046,0.026493330267491774,-0.05732653540134727,G2,-5.915386628332647
095270,2022-03-31,-0.06878154890579044,0.032799920046626165,-1.3246696344469946,G1,-3.061933910730302
095340,2022-03-31,0.18587400266263815,0.0298502114446059,0.42171130375124977,G5,5.166608765724187
095500,2022-03-31,0.31478111794871877,0.049719273719172556,0.06618332542187096,G3,5.694602077128126
095570,2022-03-31,0.28214322247561463,0.023087570012116237,0.044978768656433056,G3,10.84971626680244
095610,2022-03-31,-0.24544660514026045,0.024587770519737887,0.18173570578545042,G5,-11.269677479380968
095660,2022-03-31,0.1420202920190862,0.03169172043440257,0.1989408682622687,G5,3.4826336958677007
095700,2022-03-31,-0.3289997041869573,0.028824481772308008,1.5028039466466816,G5,-12.51191072887402
095720,2022-03-31,-0.1814335116823006,0.019408537144143815,-0.008096250598677253,G2,-10.978836202542526
095910,2022-03-31,0.21331794979115415,0.05126402840028136,-0.13312736095906333,G1,3.5437775162425633
096040,2022-03-31,-0.4530037393125993,0.03073072477582636,-0.11172205959531539,G1,-15.77097128044497
096240,2022-03-31,-0.3320018950052242,0.02147207540723944,0.07161650962338534,G4,-16.93602163099864
096350,2022-03-31,-0.11172443211639893,0.02492908451480517,-0.1807885629058353,G1,-5.751277010813098
096530,2022-03-31,-0.20272237872572274,0.03489915463723216,0.480854813000394,G5,-6.7156932514892445
096610,2022-03-31,-0.23647872033225614,0.034389142247126914,-0.044074230404931955,G2,-7.796889988114611
096630,2022-03-31,-0.24069506688131587,0.02587027905482242,-0.04765226688404139,G2,-10.527319974338104
096640,2022-03-31,0.453373131499203,0.05519842765679072,-0.046100732982658814,G2,7.6401359757410425
096690,2022-03-31,0.08628484448072495,0.03466961262181161,0.08547904046027642,G4,1.5758816379775635
097230,2022-03-31,-0.13092157240117427,0.01615924406829625,-0.03216147404840313,G2,-10.060570300707873
097520,2022-03-31,-0.24836134876332022,0.025530275157872553,0.028490499918782,G3,-10.967801388195868
097780,2022-03-31,,,0.051047719927442996,G3,
097870,2022-03-31,-0.2916245440991326,0.04240322033636147,-0.3102607335521018,G1,-7.623812061654582
097950,2022-03-31,0.0689059562577647,0.016488452952311234,0.05176752655140612,G3,2.259539922350661
098120,2022-03-31,-0.4675983666010607,0.03534642061441052,0.13072322329465122,G4,-14.124428908983706
098460,2022-03-31,-0.2634607876723195,0.027839762259232848,0.21163196849219623,G5,-10.600321348960701
098660,2022-03-31,-0.0691360141882919,0.04866677013929091,-0.03779850232284705,G2,-2.0709336669363205
099190,2022-03-31,0.18653338094001362,0.026641295672629895,0.21189245516690727,G5,5.81367153793941
099220,2022-03-31,0.2847682317765463,0.053598804282875716,-0.13442512522209346,G1,4.722467163380328
099320,2022-03-31,-0.2314254326801419,0.030102712361983114,0.11828978287806831,G4,-8.739248080734338
099430,2022-03-31,0.11721118249229623,0.033776014479095,0.4760799568786227,G5,2.533204265146085
099440,2022-03-31,0.30524346433115335,0.04235916903585076,0.05915447119030508,G3,6.458904459277278
099520,2022-03-31,,,0.0017643946261364032,G2,
099750,2022-03-31,-0.35496061267979684,0.033627785335142095,-0.07345001317997288,G1,-11.496750302791835
100030,2022-03-31,-0.04300329211354818,0.027178066685147387,2.8500130995190527,G5,-2.746807987948691
100090,2022-03-31,0.23926438742140071,0.032674035475591,0.07269824091350272,G4,6.354120201108357
100120,2022-03-31,0.0066048906999194214,0.01767782986248234,0.16249132072636985,G5,-1.416732033802967
100130,2022-03-31,0.21029575373993992,0.035592848892049445,0.026080109902301536,G3,5.019157520308192
100220,2022-03-31,-0.19436314060742382,0.0224927367232115,0.10980983477497215,G4,-10.048256107866393
100250,2022-03-31,-0.049361432472342696,0.014694694537678918,1.3469831060277033,G5,-5.512946922362875
100700,2022-03-31,-0.12225497927804821,0.027193381891070408,0.24978333760362545,G5,-5.659635070355236
100840,2022-03-31,-0.08077065936915637,0.03419551225924606,0.006343844520048747,G2,-3.2875746112847337
101000,2022-03-31,-0.3123738402430139,0.015108346212377475,-0.12126884805245278,G1,-22.770425959354203
101160,2022-03-31,-0.18437422930209596,0.03001324244143859,0.20104629555248513,G5,-7.197618460511739
101330,2022-03-31,-0.15135857606144676,0.021320702265235747,0.011204877737917432,G2,-8.58359224471071
101360,2022-03-31,0.18873809249312196,0.03459140232956546,0.03976898626604906,G3,4.541257172584783
101390,2022-03-31,-0.38284582758546826,0.026505436078855072,-0.09063659868256102,G1,-15.638130416211196
101400,2022-03-31,-0.3160038620360929,0.03847986467516829,-0.1406873821557352,G1,-9.034686154046078
101490,2022-03-31,-0.3528174580885123,0.026155640142832705,0.12600961146088052,G4,-14.699204245937093
101530,2022-03-31,-0.13050655432458844,0.02239216948009099,0.024492870117279505,G3,-7.2416472652629436
101670,2022-03-31,0.29801675696126945,0.028966735984366936,-0.569851287035137,G1,9.195620747563975
101730,2022-03-31,-0.11348411882897536,0.06447781211634843,0.39171518913966324,G5,-2.2509100823908597
101930,2022-03-31,-0.11965970703219982,0.022824124549467042,0.005632643621568257,G2,-6.62936031822302
102120,2022-03-31,-0.17281800023115917,0.025042738868727918,0.11904907341252569,G4,-8.164747468604748
102260,2022-03-31,-0.08428429093089611,0.012886406243304815,0.02575871802166797,G3,-8.996606757244434
102280,2022-03-31,-0.06722752980444896,0.08372518590099721,-0.5896600509492379,G1,-1.1809728135520106
102370,2022-03-31,-0.13437249081648883,0.07602488730035578,0.31031755357853547,G5,-2.1837865897096664
102460,2022-03-31,-0.06415391900050588,0.04085201124237936,0.06963973631739766,G4,-2.345136864530609
102710,2022-03-31,0.06684770366168362,0.028115032425243568,0.08655035119830573,G4,1.2519304468546006
102940,2022-03-31,0.15450302509424219,0.019987586262164816,-0.07913466644908637,G1,6.146484369279682
103140,2022-03-31,-0.1659105584876923,0.019101342359312507,0.06117285432387939,G3,-10.342738919895455
103160,2022-03-31,,,0.019908428999060635,G2,
104460,2022-03-31,0.051417262647477896,0.012092651548415111,-0.13911064574059104,G1,1.6346806996065169
104830,2022-03-31,-0.09508253726192398,0.02585728887166993,0.18368658525535014,G5,-4.901216691553175
105330,2022-03-31,-0.07986261024862085,0.03290495719096753,0.08432641519370028,G4,-3.388919431065177
105630,2022-03-31,-0.43364653040143325,0.026646341354501144,0.06926736268452842,G4,-17.46191579419407
105740,2022-03-31,-0.08410856977191569,0.028884585972000776,-0.022255703052629347,G2,-4.007611825848657
105840,2022-03-31,0.269356997892648,0.048335012666859585,0.12158334469112324,G4,4.917912424618289
106080,2022-03-31,,,0.020628122621136818,G2,
106240,2022-03-31,-0.05004464983886444,0.03302293409940845,0.0669576757100984,G3,-2.4738652279400184
106520,2022-03-31,-0.16168787673838497,0.06124824709998342,-0.1530311780451994,G1,-3.1566212005543934
107590,2022-03-31,-0.06261330870906028,0.012950529719474628,0.11951504701550926,G4,-7.278694331825459
108230,2022-03-31,-0.10979366876723978,0.021190278332302758,0.10263919228305242,G4,-6.674915029588756
108320,2022-03-31,-0.35285000899029706,0.02449456883595794,0.22023219074594746,G5,-15.69734295465817
108380,2022-03-31,-0.15218367478628914,0.02857500729663732,-0.06616539797214747,G2,-6.4333601539321155
108490,2022-03-31,-0.18927253471662306,0.035239501974763957,-0.04041029091329875,G2,-6.269162754599902
108670,2022-03-31,-0.3731681721629577,0.02003311682238258,-0.001561360903058642,G2,-20.207430241952174
108860,2022-03-31,-0.2753514169618949,0.0367267156153988,0.12947342861335387,G4,-8.359066428128743
109070,2022-03-31,,,-0.05536352934624479,G2,
109610,2022-03-31,0.0327255792111833,0.04185549440677358,0.016351164404302947,G2,0.025706079266676198
109740,2022-03-31,-0.28507580778590214,0.020334085503831145,-0.5773653022071453,G1,-15.576085105004834
109860,2022-03-31,0.08949403352292085,0.016066731858188875,0.2877150732242221,G5,3.6002589374902603
109960,2022-03-31,-0.11231247744088396,0.024782027541395572,0.646087049177019,G5,-5.809133887638063
110790,2022-03-31,-0.21497057442880618,0.021696562244101873,0.16587878374523854,G5,-11.36678752183728
110990,2022-03-31,-0.2380456459435307,0.023555941443593315,-1.2663499990252576,G1,-11.449140555199444
111110,2022-03-31,-0.2700575694833657,0.0240880953712175,0.0354168837752996,G3,-12.525158315260073
111770,2022-03-31,-0.1410626365930703,0.02410353894390114,0.1903332804755392,G5,-7.1654322441721
111870,2022-03-31,0.2873453637657165,0.04867209334048692,7.806304949641243,G5,5.253435956057476
112040,2022-03-31,-0.43830859264643796,0.0522978686428843,0.05472686561997287,G3,-8.986183249833028
112240,2022-03-31,,,0.05208171224198917,G3,
112610,2022-03-31,-0.08920973742768981,0.03280756233837846,-0.00561032718569298,G2,-3.6838877187935632
113810,2022-03-31,0.41191687820894235,0.05956295882180691,0.06358532462078416,G3,6.384290625862995
114090,2022-03-31,-0.0176177204790229,0.020064668235058456,-0.30250909602865983,G1,-2.455428540161767
114120,2022-03-31,,,-0.2648503929537331,G1,
114630,2022-03-31,-0.03523679615653086,0.031000209982653827,0.017059406346048276,G2,-2.1576123112770533
114810,2022-03-31,-0.18318862646440714,0.02485849295017505,0.22776910004712464,G5,-8.642449300898232
115160,2022-03-31,-0.18301180753545518,0.030518226427817242,-0.0596102295716085,G2,-7.033876840693762
115180,2022-03-31,,,-2.244959873495285,G1,
115310,2022-03-31,0.6922095862877691,0.05620063328151882,0.44554946220106123,G5,11.753603281028733
115390,2022-03-31,-0.2610497935554576,0.02048265454211303,0.051222705010201756,G3,-14.290112226805102
115440,2022-03-31,-0.3525907708203532,0.0317847800226359,-0.5155123481237281,G1,-12.088817638534193
115450,2022-03-31,0.3163283309025741,0.05852890719055184,-0.1983335400474635,G1,4.863898986214322
115480,2022-03-31,-0.0749288521497294,0.02446050706513053,0.30762063314804644,G5,-4.357166039941925
115530,2022-03-31,-0.18033843231968147,0.05569714778392789,0.04427956822773723,G3,-3.8060848590719063
115570,2022-03-31,-0.09054307831286065,0.030098291495913605,0.06015326883284014,G3,-4.059789137322542
115960,2022-03-31,-0.3759783175446817,0.029422977555335184,0.04990016970840028,G3,-13.85406882536892
117580,2022-03-31,0.13519316732727377,0.05809995003690258,0.04616613111152507,G3,1.7821620966505227
117670,2022-03-31,-0.2245823788086046,0.03278150350466303,-0.26222886247047794,G1,-7.816359531110998
117730,2022-03-31,-0.17293762446699126,0.03229040556630894,0.05006925830344606,G3,-6.335853001322155
118000,2022-03-31,-0.3819992548961952,0.022892899112728855,-0.5752961259093535,G1,-18.068873296192354
118990,2022-03-31,0.31259863586788905,0.06203028148991809,0.07493144386484102,G4,4.529223317474956
119610,2022-03-31,-0.059694358434822126,0.022181052254471655,0.2566856062866425,G5,-4.118109273676329
119650,2022-03-31,-0.31040133117033847,0.025217536894864237,0.01718535632116577,G2,-13.564011868035251
119830,2022-03-31,-0.031068270135838197,0.02567432352011284,0.0021791302379197556,G2,-2.4428261426605022
119850,2022-03-31,-0.007832340165397415,0.03897317961031253,0.0562647908717992,G3,-1.0130551090362436
119860,2022-03-31,-0.2501408912504816,0.02387039144238001,0.3643662588281513,G5,-11.805023410902324
120110,2022-03-31,-0.12033137227362242,0.02567882151490913,0.07953901363210233,G4,-5.918535269992786
121600,2022-03-31,0.3325905438845841,0.03720701592602754,0.22551367392590452,G5,8.088283831433229
121850,2022-03-31,-0.09869913923505522,0.06020257779628792,-0.5319522198030033,G1,-2.1651693758088437
122310,2022-03-31,-0.1669578577709457,0.021154685336558603,0.1889263756867238,G5,-9.388345568153536
122350,2022-03-31,-0.2011232257667557,0.02630368169186108,0.04489687015323792,G3,-8.849440433770054
122450,2022-03-31,-0.0740240351212575,0.019302202255419208,0.1387200646531699,G4,-5.474695181261292
122640,2022-03-31,-0.19799530162579634,0.04222532875915234,0.0801455490585831,G4,-5.438558962794048
122690,2022-03-31,0.06127372080870926,0.03507135964267536,0.007239055929916276,G2,0.8446801765405576
122870,2022-03-31,-0.18261909021349199,0.028357983006916884,0.02445635926335689,G3,-7.555852216832413
122900,2022-03-31,-0.0406337518488793,0.012585831868214119,0.012032877088160539,G2,-5.743235024905262
122990,2022-03-31,-0.24512215084846567,0.021142606931217143,0.05339963159911703,G3,-13.090712526752219
123040,2022-03-31,-0.18917114730021678,0.020299539126534673,0.062072584538902194,G3,-10.878118191648317
123330,2022-03-31,-0.24496356872532182,0.030495582689661568,-0.30044730687464744,G1,-9.070599178067663
123410,2022-03-31,-0.1255610690676447,0.030719781902383718,0.04733210060678194,G3,-5.117572387766942
123420,2022-03-31,-0.10334384432416527,0.03716916478570836,0.04365156905921333,G3,-3.631867534733723
123570,2022-03-31,-0.0218961311176595,0.016935186561417848,0.2757576396695376,G5,-3.1618057160271045
123690,2022-03-31,-0.1792000931281039,0.030470394147513225,0.020969894502023922,G2,-6.919822916026466
123700,2022-03-31,-0.23169372041794697,0.022653872051714055,0.0511581270227823,G3,-11.624651113549417
123750,2022-03-31,-0.3446545786646682,0.03436023519396913,0.06850336353771355,G4,-10.951735781044176
123840,2022-03-31,-0.35390633262714477,0.026325354651259934,-1.0808085528760587,G1,-14.645803495867012
124500,2022-03-31,-0.16889627133631585,0.022360369677822043,0.005980646104665026,G2,-8.96881012166103
124560,2022-03-31,0.2016444431204308,0.05983160316336784,0.08806130145847692,G4,2.841220953114859
126560,2022-03-31,-0.25099926894422137,0.016490579248240253,0.10693749208329154,G4,-17.140022993952766
126600,2022-03-31,-0.1368154335352293,0.03544077810937832,0.2524296659227569,G5,-4.753424757479211
126700,2022-03-31,-0.14932158629460968,0.027315978191317432,-0.12471707823766526,G1,-6.6251050422331
126870,2022-03-31,,,-0.6066112706466745,G1,
126880,2022-03-31,-0.14483658443205677,0.029714191107819688,0.0576695753460728,G3,-5.939459107127735
127120,2022-03-31,0.18791829054906692,0.039598880636194086,-1.1004458449583103,G1,3.9462896295108334
128540,2022-03-31,0.28892409598784563,0.06849911568770373,-0.027915177053584466,G2,3.755879982547163
128820,2022-03-31,0.19332795425492155,0.04902799314495594,0.02624485603899699,G3,3.2976735397405994
128940,2022-03-31,0.1361487606065698,0.018730128528973662,0.11339487842667693,G4,5.579199410762351
129260,2022-03-31,-0.1077113208240999,0.027724607581986818,0.06192455935285569,G3,-5.026616119496028
129890,2022-03-31,-0.3608308738582411,0.032128555452468406,-0.11379365593693531,G1,-12.215940209110897
130500,2022-03-31,-0.11145530229763727,0.03596841456505767,0.07855728753662328,G4,-3.9786279874252966
130580,2022-03-31,-0.21209821432836182,0.017630955476692203,0.14429175455542842,G5,-13.824993954797788
130660,2022-03-31,-0.3202431137448902,0.030481543136782974,0.06363552059761235,G3,-11.544453334269278
130740,2022-03-31,-0.18268488226898136,0.024674933352861063,-0.0018138871940106668,G2,-8.686326230678393
131090,2022-03-31,-0.22238312470389135,0.027790988821826478,0.019023604258221687,G2,-9.140832119604037
131100,2022-03-31,-0.2723425299773668,0.03107222970648914,-0.06732927530756866,G2,-9.783403746789944
131180,2022-03-31,-0.2877374959615308,0.026285548562250363,0.10054960272363807,G4,-12.150674115069876
131220,2022-03-31,0.07498534489307551,0.04470882126436289,0.1524983911827762,G5,0.9692876061888321
131290,2022-03-31,0.038791501504488575,0.028205228068980383,0.3071735834875041,G5,0.25321060807610407
131370,2022-03-31,-0.10648145693870663,0.029829605532878598,0.10656808675695265,G4,-4.630671208195278
131390,2022-03-31,-0.38354016570809557,0.02766784996135544,-0.13643402982609468,G1,-15.006218583743268
131400,2022-03-31,0.09488566688434419,0.03560959759672216,-0.007992856935359914,G2,1.7758141792635191
131760,2022-03-31,-0.1599187260075836,0.021698962690699333,0.052185419100392975,G3,-8.828457253576964
133750,2022-03-31,-0.19306934687304347,0.04304931892097654,0.14052560322366006,G5,-5.220035788249417
134580,2022-03-31,-0.04535627987987214,0.043724933700841635,-0.2956389911659664,G1,-1.7611443155282989
136410,2022-03-31,0.11574418499016326,0.04401822614574722,0.190407131146078,G5,1.9104483255982165
136480,2022-03-31,-0.08743828547608888,0.03103299869543989,-0.1012785132117778,G1,-3.8374610587601703
136490,2022-03-31,-0.029682940782739115,0.03502731666465205,0.0366138823900539,G3,-1.7509928015368066
136510,2022-03-31,,,-0.34701580311454644,G1,
136540,2022-03-31,-0.11828776069935515,0.021900342081413487,0.12361778023030591,G4,-6.8463496458725075
137080,2022-03-31,-0.30077448612717445,0.03924817342134243,-0.15030884971876257,G1,-8.469798609802952
137310,2022-03-31,-0.2903054865839171,0.02908143603991061,0.4672379300638896,G5,-11.070812483134983
137400,2022-03-31,-0.057165784731930507,0.03011948619374216,0.15105000947626576,G5,-2.9487695346078078
137940,2022-03-31,-0.45466658049297515,0.029815326772333235,0.22676589225491983,G5,-16.310947143415618
137950,2022-03-31,0.021934116707205166,0.05402650633257764,0.05953234573701769,G3,-0.17982880083351402
138070,2022-03-31,0.44302783134956936,0.06640253408499806,0.09771134858099097,G4,6.195218276892429
138080,2022-03-31,-0.2464737792112195,0.024753150382600925,-0.09805400921080391,G1,-11.235879613971491
138250,2022-03-31,,,-0.043530793663020845,G2,
138490,2022-03-31,0.015910570886247005,0.0380778527011081,0.0812721832872308,G4,-0.41333916046982944
138580,2022-03-31,-0.36987975254138,0.019391335021308877,0.27143362748438,G5,-20.70663988087265
138690,2022-03-31,-0.7160124222288375,0.040947528358576867,-0.9176508854590463,G1,-18.25902785232333
139050,2022-03-31,-0.2963714105343733,0.026534617299388507,-0.6030428565569265,G1,-12.362004146792405
139480,2022-03-31,-0.20494689619820466,0.019870116204403637,0.15659608890392906,G5,-11.907154055796953
139670,2022-03-31,-0.29034330372740375,0.04112413721400141,-0.3456777337792226,G1,-7.8297798834304215
139990,2022-03-31,-0.3212311512877213,0.026043521023064318,0.03277318410137941,G3,-13.549657495598408
140070,2022-03-31,-0.22969304299404208,0.022822371318380268,0.22151294304164437,G5,-11.451162453823697
140520,2022-03-31,-0.10824865655055389,0.027739049473910364,0.41952164643238665,G5,-5.043370186002604
140670,2022-03-31,-0.2828121371566149,0.0360363133941268,0.0033857712828514047,G2,-8.726247112782707
140860,2022-03-31,-0.23826153505934292,0.02538296450272329,0.01898969209267458,G2,-10.633555965639927
141020,2022-03-31,,,-0.1602268902205653,G1,
142210,2022-03-31,-0.2959991216533587,0.025843381069638655,0.04140091046376347,G3,-12.678246678508494
142280,2022-03-31,0.12431132953755926,0.07127540881669403,-0.05138975077557581,G2,1.3000513433974061
142760,2022-03-31,-0.20537529144439776,0.04411719261777267,-0.1370392921256276,G1,-5.372620421525389
143160,2022-03-31,0.018937541971547976,0.0191027604490938,0.16814413469168363,G5,-0.6654586187449111
143210,2022-03-31,-0.1968099354521042,0.018645245192061826,-0.16178552679406583,G1,-12.252966997912543
143540,2022-03-31,-0.35547191384209387,0.030644924854517055,-0.19275073112698432,G1,-12.63248496232645
144510,2022-03-31,-0.15795564414934063,0.029571254003037502,0.4153733819923498,G5,-6.411810695754789
144960,2022-03-31,-0.13427535502729018,0.024578690886844726,0.08972577659291367,G4,-6.750766114655651
145020,2022-03-31,0.007306014594985363,0.032408162707228884,0.34371480152541484,G5,-0.7511571754051167
145210,2022-03-31,-0.5813456160392972,0.036413032361568405,-0.31030837134391565,G1,-16.8345016835371
145270,2022-03-31,-0.37423940547867385,0.0210973523886377,0.4012345814398525,G5,-19.238861661688336
145720,2022-03-31,0.2075686717164503,0.02974757641477814,0.29304825426502906,G5,5.913726574203859
145990,2022-03-31,-0.2054701283142059,0.01872274402797548,0.06426592184775788,G3,-12.664797772918273
146320,2022-03-31,-0.1169540674480793,0.03399047279710519,0.07032877679657157,G4,-4.371922299796667
148140,2022-03-31,,,-0.30083332452875844,G1,
149980,2022-03-31,-0.2906760233589172,0.04256933965605059,0.2985722502103842,G5,-7.5717797014810015
150840,2022-03-31,,,-0.8990436190555633,G1,
150900,2022-03-31,-0.0855379046246861,0.026416556672314354,-0.02737638225063041,G2,-4.43613997965603
151860,2022-03-31,0.40183830572019247,0.06982748489513298,0.08902253113013757,G4,5.3014750240814985
151910,2022-03-31,0.08039140093547702,0.06842962753139607,0.04817601787614172,G3,0.7122903359206075
153490,2022-03-31,-0.19519101040171766,0.026044590700659665,0.10029034867673332,G4,-8.709702969153938
154030,2022-03-31,-0.20717754632784374,0.0431780021559239,-0.36896573628734425,G1,-5.531223608253357
154040,2022-03-31,-0.08443193523779809,0.02581333733715864,-0.05774969596133013,G2,-4.496961097119123
155650,2022-03-31,-0.0762601687969868,0.024709748848480123,0.10076517649159789,G4,-4.3670944619026795
155660,2022-03-31,-0.11005641614066704,0.030116902096878853,0.11519116108343834,G4,-4.7052002307225855
155900,2022-03-31,0.0558424771616486,0.004070631101878523,0.923199954601104,G5,5.943264816177321
156100,2022-03-31,-0.015090445949796801,0.03889915396596744,-1.0736871745745018,G1,-1.2015707216898903
158310,2022-03-31,,,0.44766119687972517,G5,
158430,2022-03-31,-0.10905142253621139,0.027918893749365122,0.16733553521991995,G5,-5.039635966723352
159010,2022-03-31,0.2287468992522912,0.030181697535905,-0.01638117462888083,G2,6.530357030568008
159580,2022-03-31,-0.3917502081250945,0.032088002048715585,0.048702485347952795,G3,-13.194958228826813
159910,2022-03-31,-0.5713962738129345,0.051843509072441736,-0.037348152430878905,G2,-11.632042721577854
160550,2022-03-31,-0.30442228720302966,0.038002884247361514,-0.08016020844562198,G1,-8.843326826715252
160600,2022-03-31,,,-0.06309932944247842,G2,
160980,2022-03-31,-0.25241925525937675,0.025255848879024607,0.1129515741294009,G4,-11.247647828995266
161000,2022-03-31,-0.2120138504246994,0.020127889873254007,0.050149661675016916,G3,-12.105764216382013
161390,2022-03-31,0.05342948721615681,0.022045686173140865,0.06493671586581805,G3,0.9879415179408303
161570,2022-03-31,-0.1301367738949779,0.03167019959342573,-0.5670746195893891,G1,-5.108474671020995
161580,2022-03-31,-0.2512421681612453,0.025434520574588126,0.019720918222121797,G2,-11.122356558122117
161890,2022-03-31,-0.08443989532662524,0.02647642122690808,0.0274723601222592,G3,-4.384638425485537
163560,2022-03-31,0.03255189426410131,0.04557288921790499,-0.029636223336255485,G2,0.019798080072789635
163730,2022-03-31,-0.4302601877190562,0.029013146664008792,-0.010216523024072777,G2,-15.920707657893537
164060,2022-03-31,0.05010797738355732,0.030419585007421455,0.12707153478276076,G4,0.6067912768973408
166480,2022-03-31,-0.193472719538289,0.027957496101131307,0.19912988397646045,G5,-8.0523075914297
168330,2022-03-31,-0.5073167323329014,0.022974194932551865,-0.8332012906523444,G1,-23.459641239635484
170030,2022-03-31,0.09935332405279955,0.035882848015767806,0.048013582050742354,G3,1.8867979896364977
170900,2022-03-31,-0.12041168166078298,0.013313651642498417,0.04609836922806515,G3,-11.421458537311125
170920,2022-03-31,-0.2509693006449362,0.02696210329724062,0.0069572202381480725,G2,-10.48208057373911
171010,2022-03-31,-0.030637827681281152,0.02915013571897413,0.1814264739721716,G5,-2.1367813459254132
171090,2022-03-31,-0.2405442324028258,0.03352646128960125,-0.2968406712349618,G1,-8.118777243021105
172670,2022-03-31,,,0.10190254932405703,G4,
173940,2022-03-31,-0.5422154888755599,0.02371484156967756,0.16197087023506512,G5,-24.19856467283072
174880,2022-03-31,0.00909798342311335,0.03527346091050978,0.04269348577836572,G3,-0.6393377499394794
175140,2022-03-31,0.001056193964014792,0.024460639974555973,-0.4644875903562165,G1,-1.2507213475209744
176440,2022-03-31,-2.426004787784679,0.15214766003069616,-1.1857700146924985,G1,-16.153087243294166
177350,2022-03-31,0.729758839167618,0.06413460124584648,-0.09170487033956408,G1,10.885063398731468
177830,2022-03-31,-0.20635399813622943,0.02297613450953126,0.08464207256504734,G4,-10.358732735992406
178320,2022-03-31,-0.18088846522323646,0.025502334834385937,0.08339026042872284,G4,-8.334064514394136
178780,2022-03-31,,,0.20829423317358392,G5,
179530,2022-03-31,-0.37119290847029807,0.04554714803265768,-0.2468219292803848,G1,-8.844517481877757
179900,2022-03-31,0.5939639856461132,0.03461967977350604,0.19003290310354054,G5,16.242621271217757
180400,2022-03-31,,,0.07648501862403172,G4,
180640,2022-03-31,-0.015746241667943594,0.019362267852328044,0.6240251428629896,G5,-2.4478475653595377
181340,2022-03-31,,,-0.2011930360891057,G1,
181710,2022-03-31,-0.27084062420395444,0.026422475199549253,0.006877916097241786,G2,-11.448218248808558
182360,2022-03-31,-0.40804532064371674,0.03392530446103919,0.06353060019393911,G3,-12.960678354497663
183190,2022-03-31,-0.35387047603825644,0.02862123329204695,-0.018873377875215893,G2,-13.469724056216638
183300,2022-03-31,-0.12060409124750035,0.030278563647748336,0.23954983039417863,G5,-5.028433038402716
183490,2022-03-31,-0.17943821392950618,0.05200901129488892,-1.012560548348578,G1,-4.058678433375011
184230,2022-03-31,-0.2976368482343566,0.03037346547793007,-0.4629944913560061,G1,-10.841255076008341
185490,2022-03-31,-0.053837896796111666,0.045192268476610745,-5.9833093652936045,G1,-1.8916407215666236
185750,2022-03-31,-0.0789355587008165,0.014938934809217052,0.07015474024054855,G4,-7.402482082377405
186230,2022-03-31,-0.12852517064671226,0.030026355820590135,0.06384607797823175,G3,-5.334473825528024
187220,2022-03-31,-0.354339233343326,0.031130957433686,-0.05605430295514086,G2,-12.39887570820017
187270,2022-03-31,0.42072158611166754,0.05599989828454789,0.08893879795839718,G4,6.947725968723906
187420,2022-03-31,-0.017582919614420503,0.03221386285665318,-0.33735213247344886,G1,-1.5283034632547732
187660,2022-03-31,-0.6466668984117369,0.04177429867159641,0.04411354792123197,G3,-16.23765230144154
187790,2022-03-31,-0.277539603707305,0.02771931724063273,0.006554116605829556,G2,-11.154287805050723
187870,2022-03-31,-0.25617608347042103,0.025667572772406142,0.3912119262282079,G5,-11.213593298313903
189300,2022-03-31,-0.22882693245387697,0.026803723893419375,0.06749313846899828,G4,-9.717924719857448
189690,2022-03-31,-0.1223753923119947,0.021918737682122495,0.016698154359255084,G2,-7.027094037073059
189980,2022-03-31,-0.1644861998936119,0.031207370909548872,0.06406458799844525,G3,-6.284920284259346
190510,2022-03-31,-0.25266980497936276,0.026775040005588117,0.07329085515427497,G4,-10.618824228618907
191410,2022-03-31,-0.23862127419521703,0.033499840694259056,0.24542206552593412,G5,-8.067826805986895
191420,2022-03-31,0.08399596403062237,0.03793793282981671,-0.18687031538080973,G1,1.3797885538788441
192390,2022-03-31,-0.07520873212498935,0.031857688056195856,0.14564270307798505,G5,-3.354241227132105
192400,2022-03-31,-0.016258024148861537,0.01736264287703466,0.22040906963091825,G5,-2.759237924915522
192440,2022-03-31,-0.1737876848518801,0.015852002751526786,0.06568068605806617,G3,-12.959707781170442
192650,2022-03-31,-0.17756894765221157,0.017351296508182342,0.10955904005698425,G4,-12.057807098608874
192820,2022-03-31,-0.1557788007035516,0.02878186821677687,0.033459844665526525,G3,-6.512031736303933
193250,2022-03-31,-0.3005313542848206,0.0372075951899943,0.08000567372030468,G4,-8.927773782283195
194370,2022-03-31,-0.384758411570788,0.030812231271706403,0.06823714759540317,G4,-13.514375069207505
194700,2022-03-31,-0.1950581654974934,0.02206275411196906,0.1072627149451379,G4,-10.275589479951694
195870,2022-03-31,0.14197507358083442,0.03261116055589449,0.2563074817080688,G5,3.3830576142030666
195940,2022-03-31,0.027246283758365547,0.03723335842561208,0.0033554679681259553,G2,-0.1182637017460753
195990,2022-03-31,0.04694202805335169,0.029346752227069332,-0.31060493283860696,G1,0.521093079766053
196170,2022-03-31,0.18490664744522312,0.03270511830561956,0.8113882035941294,G5,4.686025210453767
196450,2022-03-31,-0.24385004481698797,0.0206664489851812,0.03140170306721598,G3,-13.330770253213354
196700,2022-03-31,-0.24605951026435802,0.03891148669414042,0.0030441753346226053,G2,-7.136945216241105
197140,2022-03-31,-0.12472544192388467,0.038411276407871356,-0.3124121896300629,G1,-4.071072224146571
198080,2022-03-31,-0.16191908584195192,0.021772490044400915,0.017848021470544755,G2,-8.890518447886373
200130,2022-03-31,-0.1598293371654035,0.02518683040742541,0.12350216431300542,G4,-7.602345059788461
200230,2022-03-31,-0.4502355945742878,0.03192540144130704,-1.463093681537789,G1,-15.09410097832042
200350,2022-03-31,-0.04061508293623128,0.036155469989589614,-0.1446004884503988,G1,-1.9987216736846622
200710,2022-03-31,-0.24677560284433792,0.027003298083142484,0.06094336769442412,G3,-10.310786502496487
200780,2022-03-31,-0.18667092783697528,0.02376173640341012,0.04402404905847879,G3,-9.18790456575641
200880,2022-03-31,0.3007486047194648,0.0321017019546996,0.049250768788130145,G3,8.382700909284736
201490,2022-03-31,-0.24124151131956376,0.028048409788633055,0.21537334354580331,G5,-9.729291319195319
203400,2022-03-31,-0.07813174675673015,0.053273871315364284,-6.822590092677777,G1,-2.060698473761674
203450,2022-03-31,-0.020959527464569902,0.0311018539290161,-0.012191268327844595,G2,-1.691512221067493
203650,2022-03-31,-0.28591482806818036,0.027445939704403437,0.0358173140456931,G3,-11.570544497386878
203690,2022-03-31,-0.15602734557811115,0.03626274848663852,-0.13278702048194194,G1,-5.1754759902294785
204020,2022-03-31,0.10836822617651279,0.02932225584851205,0.021874995182170367,G3,2.6163944554146235
204270,2022-03-31,-0.23606103019922067,0.020053572863580876,-0.09343904839816883,G1,-13.349774156186632
204320,2022-03-31,0.15143592293912123,0.023604400152784727,0.03123615865178434,G3,5.074743844773052
204620,2022-03-31,-0.296379578306421,0.02557422960212737,-0.5100823818634089,G1,-12.826553212510106
204630,2022-03-31,0.11376511953988036,0.057848978133601084,-0.4741627539741734,G1,1.4194802334454277
204840,2022-03-31,0.13102694764300368,0.04006306481104083,-1.0351220558149412,G1,2.4805218861189027
205100,2022-03-31,-0.09361102758509521,0.026898389717993486,0.1570886193771002,G5,-4.656809104655058
205470,2022-03-31,0.12816452648789034,0.044901505064092156,0.6406900615133421,G5,2.149480018451691
205500,2022-03-31,-0.28350558038986856,0.03646523997212896,-3.0524599830316617,G1,-8.642620182534499
206400,2022-03-31,-0.14677498383837623,0.026221653784634747,-0.12273918739485784,G1,-6.8044763254843055
206640,2022-03-31,-0.2870194782896699,0.03390444351797641,0.27367236299939074,G5,-9.399036933755477
207760,2022-03-31,-0.36578221771401603,0.02624898133076169,0.1441514686719421,G5,-15.140848753718103
207940,2022-03-31,0.0539546342442952,0.014847575753455829,0.38826757320940597,G5,1.5022651549622017
208140,2022-03-31,-0.09490507011973076,0.03604933623147066,0.10808674226481113,G4,-3.510597472900674
208340,2022-03-31,-0.5605675626792284,0.03956618509384256,-248.3928757016248,G1,-14.96776097642045
208350,2022-03-31,-0.33700974705266806,0.021368594354806134,-0.25383516893289193,G1,-17.252392903605642
208370,2022-03-31,-0.2947901033042998,0.03549191044859997,0.10276053869197989,G4,-9.197581582182583
208640,2022-03-31,-0.5836687829991064,0.04986801999996509,-0.6907884688671416,G1,-12.338938292592207
208710,2022-03-31,-0.22375789045751102,0.048354755541371856,0.20027647606324658,G5,-5.28195264668857
210540,2022-03-31,-0.1648511635779015,0.030396840805027244,0.05575220496896923,G3,-6.464513973426464
211050,2022-03-31,-0.12700365421834858,0.03578224068712012,0.0498846347740194,G3,-4.433855726359612
213420,2022-03-31,-0.2830287925537183,0.02683079983533002,0.3292598252388477,G5,-11.728253836606681
213500,2022-03-31,0.07726625577453074,0.019589624382064918,0.038287205107732925,G3,2.3286111224305923
214150,2022-03-31,-0.30623424065692284,0.026934832302836657,0.46969808498355303,G5,-12.544495373581935
214260,2022-03-31,0.2935914920940817,0.03082660739468308,-0.21266279517845305,G1,8.497265047241108
214270,2022-03-31,-0.5132148607308067,0.027356888376065255,0.06435197334090767,G3,-19.91690326015767
214310,2022-03-31,0.1545035247442399,0.03738600646642752,0.1957485358125102,G5,3.286092787159424
214320,2022-03-31,-0.09100258673552288,0.014103541033724798,0.08506806569705924,G4,-8.696555354180214
214330,2022-03-31,-0.19588416303964196,0.054863340406829234,0.006243987937544514,G2,-4.147283047416049
214370,2022-03-31,0.4381450138707963,0.048313906911224724,0.6308072551134611,G5,8.41363080124118
214420,2022-03-31,-0.12569531919153354,0.043596052109538486,-0.056248141585856413,G2,-3.6091561077688614
214450,2022-03-31,-0.21258167066030742,0.023086417339487717,0.32062971141158797,G5,-10.579004339351673
214610,2022-03-31,0.39763756593178334,0.07683582530766635,-0.4174119580990062,G1,4.763245867563419
214870,2022-03-31,0.35945574660597907,0.02319168352299089,-1.0220010808591478,G1,14.13464045103902
215000,2022-03-31,-0.04046975593852166,0.02425758492768648,0.33134410865904895,G5,-2.9730657321300273
215100,2022-03-31,-0.28862447028581467,0.03317972752313439,-0.09685878818473834,G1,-9.65270461057048
215200,2022-03-31,-0.13222651897787638,0.022313096027298862,0.12151466920459106,G4,-7.344393504675445
215480,2022-03-31,-0.3457468815061282,0.03845208917423008,0.09017164543323916,G4,-9.814720816607013
215600,2022-03-31,,,-11.168262281249962,G1,
215790,2022-03-31,-0.1848492439503376,0.020831637086317637,0.08515912512421801,G4,-10.39279253989848
216050,2022-03-31,-0.5267434344839796,0.026764341063166015,0.2132572996026623,G5,-20.863322273481106
217190,2022-03-31,-0.319956682038309,0.024601802108709728,0.004622713382519032,G2,-14.291892888124947
217270,2022-03-31,-0.20727945819179483,0.04625246123700587,-19.322306893137124,G1,-5.165759623508387
217480,2022-03-31,0.06863749821951998,0.04995722903478026,-0.2857317473090638,G1,0.7403905376647721
217500,2022-03-31,-0.2716824440851868,0.03316450022123483,0.12293758357527594,G4,-9.14628836906711
217620,2022-03-31,0.21268595987595013,0.042239089494587476,-0.28181496413995893,G1,4.2859901453351945
217730,2022-03-31,0.0534636365238059,0.02771301543319032,-1.4834412261599377,G1,0.7871390979511977
217820,2022-03-31,-0.1540444402297586,0.03421854781727841,-0.17523995418898428,G1,-5.426708338867922
218150,2022-03-31,-0.4794013525228314,0.04462032192796273,0.024629383475511975,G3,-11.453323709813532
218410,2022-03-31,-0.2748111428373337,0.0275229539610234,-0.017381942669061578,G2,-11.134734368467305
219420,2022-03-31,-0.29301442535648903,0.028108272851925516,-0.20415093887807345,G1,-11.550480729322551
219550,2022-03-31,-0.5570235011000814,0.06355564235759169,-0.4586293653718242,G1,-9.262326959771205
219750,2022-03-31,,,-0.5012887714071774,G1,
220100,2022-03-31,0.014894428431483104,0.025749649440756157,-1.1032102683520595,G1,-0.6506966303088327
220180,2022-03-31,0.10370137522065598,0.03691944246977853,0.25120128199209596,G5,1.951593302781296
220630,2022-03-31,-0.041730296519715396,0.006530618685449033,0.11216611061248284,G4,-11.23629147685979
221840,2022-03-31,-0.11505160635696443,0.035091189325000306,-0.09395704412344676,G1,-4.180572039109136
221980,2022-03-31,0.0067093398535873665,0.02699764792438446,0.1667606320586354,G5,-0.9237952421071185
222040,2022-03-31,-0.2073386703228443,0.02247003340224387,0.02713191420593834,G3,-10.635867984655317
222080,2022-03-31,0.05450751271623718,0.037796665397970435,0.057642232663643996,G3,0.6047590156788732
222160,2022-03-31,-0.1238974274059237,0.03694128420650416,0.22838122241330105,G5,-4.210656702961988
222800,2022-03-31,-0.29137148600176355,0.027825604501948643,0.1922522937942178,G5,-11.608772939087777
222810,2022-03-31,0.2825128233412237,0.08118186791638848,-0.14091495722041886,G1,3.090138121056514
222980,2022-03-31,-0.1043005335020726,0.04130180105467838,0.027524807962974417,G3,-3.2916281756407804
223250,2022-03-31,0.13759812339384508,0.03139311886998706,0.04110887884335077,G3,3.3748951570695565
223310,2022-03-31,,,0.11067130353153717,G4,
224060,2022-03-31,-0.11017329349664191,0.026744368726259897,-0.14655370101476103,G1,-5.3029081935893645
224110,2022-03-31,-0.0708424779128643,0.031925139512132474,0.02750101776586229,G3,-3.2103889922902664
225190,2022-03-31,0.034315558912533586,0.018526783302164323,0.17455684746940095,G5,0.14389547903900277
225530,2022-03-31,-0.1965924714352873,0.03418964570613068,0.179685550170407,G5,-6.67576704220065
225570,2022-03-31,-0.019670572685701732,0.04572862665507304,-0.09782743327073515,G1,-1.122277553337046
225590,2022-03-31,-0.2643540818874805,0.04104250612653828,0.02353099737861009,G3,-7.2121258757710205
226320,2022-03-31,-0.16149017436741736,0.04462535328866074,0.08233120898755458,G4,-4.328028770378628
226330,2022-03-31,-0.36358416853170383,0.02824694357940257,-9.120460996833602,G1,-13.992091072611545
226340,2022-03-31,-0.30127727620181366,0.032601384164928866,0.024551834791266627,G3,-10.212048453886773
226440,2022-03-31,,,-0.6615120614842146,G1,
227610,2022-03-31,0.026589530732607867,0.0410094670320896,-0.20805637330375515,G1,-0.12338877307645793
227840,2022-03-31,0.0329840745043576,0.030368341136831133,0.2354633815529457,G5,0.0439416807170387
227950,2022-03-31,-0.25686308633482774,0.02523184379481026,-0.3014980624541069,G1,-11.434468572145589
228670,2022-03-31,-0.004750838690393298,0.039430181623524074,-0.043423309235851956,G2,-0.9231628094478165
228850,2022-03-31,-0.1579287867881381,0.019375590604598515,0.18203522600905755,G5,-9.784394664974045
229640,2022-03-31,-0.10946051452720071,0.01749246527377832,0.02703125318571255,G3,-8.066910573945544
230240,2022-03-31,-0.15469331447313012,0.03273144808797058,0.13402749245917386,G4,-5.693086127033637
230360,2022-03-31,-0.12862030386371434,0.03563907349954635,0.1236636616692972,G4,-4.497028869731175
230980,2022-03-31,-0.5679870753060057,0.030732376632991647,-0.17590851842398134,G1,-19.51156335942154
232140,2022-03-31,-0.21931067434828871,0.020427236584248387,0.21013178611208236,G5,-12.285573325959477
234080,2022-03-31,-0.04763634139747803,0.014531082299476172,0.13904848877307693,G4,-5.4563024499939035
234100,2022-03-31,-0.382455832420996,0.03768223016182585,0.05037418535219624,G3,-10.9894098411066
236200,2022-03-31,-0.07083019786589881,0.019567628299806097,0.15577020058792201,G5,-5.237212954475999
237880,2022-03-31,-0.29464222971650283,0.029692246247178793,0.02674547963406674,G3,-10.989127112662361
238090,2022-03-31,-0.15383408266139453,0.025922725509265918,0.07510580868433989,G4,-7.155255381974066
238120,2022-03-31,0.19331114030852214,0.04327422026574999,0.18827923660068782,G5,3.7357461500526368
238200,2022-03-31,-0.0942890488640353,0.02652091768743413,0.21074872795677801,G5,-4.748654963697698
239610,2022-03-31,-0.2634633633914914,0.012835789718550938,0.12141191157907369,G4,-22.991417623428024
240810,2022-03-31,-0.1607501710233119,0.026814380627988455,0.13174445417473277,G4,-7.175247202119025
241560,2022-03-31,-0.20020124582290777,0.02320105961365067,0.09038254074346792,G4,-9.99311618684484
241590,2022-03-31,-0.2055041061319445,0.029665937268895222,0.015066592228691233,G2,-7.994142997626351
241690,2022-03-31,-0.3149577927380114,0.03937872798180995,0.09446077616357615,G4,-8.801895060001309
241710,2022-03-31,-0.37537210612576916,0.026238390423932254,0.00452819569870566,G2,-15.512450958452776
241770,2022-03-31,-0.11973588920750161,0.021450952329775296,0.049181521851597146,G3,-7.057287034831813
241820,2022-03-31,-0.331687690984535,0.054936929102251425,0.36687582830578674,G5,-6.613717502528942
241840,2022-03-31,0.037614827535960654,0.0436545309581095,0.15144611230390892,G5,0.13664535732769512
242040,2022-03-31,-0.29073736335282996,0.025622858137487915,-0.06565708498708238,G2,-12.582007837578962
243070,2022-03-31,-0.2052793130862667,0.01903328296247588,0.0946373534758528,G4,-12.44813898409376
243840,2022-03-31,0.03853999446603006,0.03684999919119462,0.05830876693596372,G3,0.18698388230791804
244460,2022-03-31,-0.3134177246669757,0.030883978945273345,-5.8700740822555355,G1,-11.173021579656387
244920,2022-03-31,-0.22062053743942803,0.025835470812891368,0.03885973384624731,G3,-9.764489210228259
246720,2022-03-31,-0.056772992659650176,0.04313850239822938,-3.601236898375806,G1,-2.0497380831073158
246960,2022-03-31,-0.25663970766898664,0.033000680955351,-22.105354628478292,G1,-8.735860530067576
247540,2022-03-31,0.24758325418597119,0.03587449349448029,0.054014083113447714,G3,6.019140469954739
248070,2022-03-31,-0.14514313738660428,0.024234105538655296,0.036617903136356426,G3,-7.295205331957592
248170,2022-03-31,-0.12703019840759466,0.039412019067169735,0.1034629979866374,G4,-4.026178833704869
249420,2022-03-31,-0.2043462768483597,0.08773792746675102,-0.7956546891172533,G1,-2.6897821981492447
250000,2022-03-31,0.01415901851028728,0.03300628617716521,1.1669433054106815,G5,-0.5299178450446248
250030,2022-03-31,0.041527182107643376,0.03979422774689424,-0.34634972065605857,G1,0.24821548532745227
250060,2022-03-31,0.059932168475258264,0.04699807786796114,-0.2888552693754007,G1,0.6017805664414582
250930,2022-03-31,-0.2500410031050321,0.024650506783443302,-0.07816108334163252,G1,-11.427377300350214
251270,2022-03-31,-0.40508917056285976,0.02646265062934025,-0.09234694053638835,G1,-16.50397064279139
251370,2022-03-31,-0.1812284802425904,0.04576944529024164,0.040020641719337606,G3,-4.651096762192884
251630,2022-03-31,-0.34867687203655534,0.0250455334619695,0.004096422992046391,G2,-15.185402665440554
251970,2022-03-31,-0.13588196416130194,0.023442382019539434,0.10893897752974357,G4,-7.146526431310594
253450,2022-03-31,-0.1619589643588006,0.02402229610640215,0.165906084432284,G5,-8.059537775051366
253590,2022-03-31,-0.013348747378194005,0.03437970698305593,0.1682259989005187,G5,-1.3088647310050767
254120,2022-03-31,-0.11955691968248248,0.026942146603350408,-0.032603127601671895,G2,-5.612268408408704
255220,2022-03-31,-0.12573094249848957,0.01709681022046399,0.6901380205072478,G5,-9.205259871477667
255440,2022-03-31,-0.3171345374946481,0.027702129702751647,-0.07543226721967268,G1,-12.59051848328543
256630,2022-03-31,-0.12774338348753322,0.027652337111224484,0.09534364825209722,G4,-5.764179042105274
256940,2022-03-31,-0.4491648919986686,0.031376807704033526,-1.7642769747459819,G1,-15.323883012199364
257720,2022-03-31,0.3345869463171818,0.08623380883761197,0.07126509272435336,G4,3.512976080337935
258610,2022-03-31,-0.1679714906679595,0.03313739433109547,-0.06725726520400842,G2,-6.024044233159752
258790,2022-03-31,-0.24663197487297794,0.02682783793024069,-0.2552011479649854,G1,-10.372867696263818
259630,2022-03-31,-0.19786951056240795,0.028159104483442717,-0.21459516043346571,G1,-8.15079716940501
260930,2022-03-31,-0.324048444142537,0.03650998030018699,-0.3850960510796242,G1,-9.74248903374325
261200,2022-03-31,-0.0036667280276751505,0.027179791672518345,0.14960539525548658,G5,-1.299361194795345
262260,2022-03-31,-0.3195258269747443,0.02950063333609716,-0.09721018962303057,G1,-11.903997501615015
263020,2022-03-31,-0.18577787895010694,0.022000024186025726,0.014129598270443163,G2,-9.883058112383
263600,2022-03-31,-0.15955415227363895,0.028057503279923433,0.028400787033445334,G3,-6.81471152013272
263690,2022-03-31,-0.10894392266142065,0.01822264408027571,0.1476287613660837,G5,-7.715321695154918
263810,2022-03-31,-0.15050469713245523,0.025345816071840416,0.019917050236500682,G2,-7.186761521916365
263860,2022-03-31,-0.23574412916876578,0.031070687062787976,0.016090832260502178,G2,-8.60598181117239
264850,2022-03-31,-0.20653822180173154,0.023253218644788506,0.09715932691502575,G4,-10.243221121104062
265520,2022-03-31,-0.2510877030047094,0.022075202262530496,0.2141914819029834,G5,-12.807916239971787
265560,2022-03-31,-0.2652985396760725,0.03138064583686684,0.010039704512391575,G2,-9.46278096932685
265740,2022-03-31,-0.2036893678602525,0.026138976199171174,0.10567952283779346,G4,-9.003375060341176
267250,2022-03-31,0.06888900135532622,0.017655643389397846,0.06920309823361423,G4,2.1092045177731373
267260,2022-03-31,0.3020171914210408,0.036755568242187356,0.017286899642877645,G2,7.3558256829369615
267270,2022-03-31,0.0695026161611011,0.033773254692138356,0.07319341805217633,G4,1.120797446142955
267290,2022-03-31,-0.0008889673518531083,0.02969708684372851,0.030094269021687495,G3,-1.0956834277144436
267320,2022-03-31,0.19932831223838177,0.04118863405211319,0.030278467046521824,G3,4.070993795813001
267790,2022-03-31,-0.18973157136180796,0.038555678352075316,-1.037474109532769,G1,-5.7418574741302315
267980,2022-03-31,-0.12523866585305954,0.014277735963232157,0.03335686757416282,G3,-10.988318092678918
268280,2022-03-31,-0.013526341577393694,0.01297760641336571,0.15102460333889073,G5,-3.4810718319430265
268600,2022-03-31,0.16674293907686535,0.04963803175358333,-2.0350836987505603,G1,2.7215684375498275
269620,2022-03-31,,,0.39973867609518543,G5,
270870,2022-03-31,-0.45360302725842977,0.021949071905118463,0.09986861796522456,G4,-22.108117733191584
271560,2022-03-31,0.1386910693973383,0.01911422105138239,0.17224778993371476,G5,5.600093802168304
271980,2022-03-31,-0.1490875591975218,0.030388620801990316,-0.02219835472848718,G2,-5.947528811175965
272110,2022-03-31,-0.13584991795012374,0.026504063550887115,0.06479694378779527,G3,-6.31976889818219
272210,2022-03-31,-0.10024286015092859,0.021641688902791764,0.040112757279617085,G3,-6.094371807004923
272290,2022-03-31,-0.3448699103618051,0.024854829374783532,0.25529166590374053,G5,-15.148748085875813
274090,2022-03-31,-0.08446958050765349,0.03501979620978954,-0.1814571533867105,G1,-3.3158165274933844
276730,2022-03-31,-0.3381262515147,0.028853818061803486,-0.23746749535054085,G1,-12.815492538175528
277070,2022-03-31,-0.0737910761772861,0.02683425730576744,0.5494435111154357,G5,-3.929332328077542
277410,2022-03-31,-0.0960297364346684,0.023797270650688918,0.10457190572177631,G4,-5.365294905581494
277880,2022-03-31,-0.09969915466670809,0.028015561044213003,0.037058774315428034,G3,-4.688422730982817
278280,2022-03-31,-0.32389708419881963,0.028758313488469238,0.18503095925149798,G5,-12.363267508562155
278470,2022-03-31,,,-0.01158632709999532,G2,
278650,2022-03-31,1.2494186417849236,0.12485239506789216,0.0739434964617834,G4,9.753669543692046
280360,2022-03-31,0.007142489283089096,0.013193757845037776,-0.008019956506591302,G2,-1.8574806024915027
281740,2022-03-31,0.07405287983679615,0.020522839457273657,0.2550359593381147,G5,2.066148856782624
282330,2022-03-31,0.04828626123334731,0.016898886747460762,0.0204083785408369,G2,0.9844803937531735
282690,2022-03-31,-0.019627893946234487,0.0112149555775025,0.13932251601107898,G5,-4.572245707625935
282880,2022-03-31,-0.09559773023597257,0.027542959977536332,0.08451082443851068,G4,-4.619959833437316
284620,2022-03-31,-0.5334523348438538,0.03161908080956341,-1033.1461502991745,G1,-17.872182205472324
284740,2022-03-31,-0.0990045296470761,0.01992206905965983,0.2168243034445727,G5,-6.558262990155695
285130,2022-03-31,-0.23338684154361652,0.024728746782739806,0.1399953807520609,G5,-10.71774815061893
285490,2022-03-31,-0.1614461288593966,0.024042123587337812,0.3191498503159851,G5,-8.03156038659208
286940,2022-03-31,-0.3289926175269913,0.016269386744227593,0.018423236607224218,G2,-22.166923790730138
287410,2022-03-31,-0.07740658005577991,0.03050098145044056,0.33153382567893475,G5,-3.575498670008258
288330,2022-03-31,-0.06501901603622116,0.03546707503839899,-68.54413307707445,G1,-2.7255885771741304
288620,2022-03-31,-0.025812698855277996,0.0380190241547317,-0.044380927709584544,G2,-1.5114101081509035
289220,2022-03-31,-0.43122559121952675,0.04628050922548071,-0.11250733015414982,G1,-10.001515487191268
290090,2022-03-31,-0.1700348994083713,0.031630409775151455,0.14569250116213225,G5,-6.376285966457178
290120,2022-03-31,-0.05807800555520407,0.024516874172395967,0.10805501995594899,G4,-3.659832141670289
290270,2022-03-31,-0.2596712808121649,0.02246620786462474,-0.26752787086095065,G1,-12.967071306461795
290380,2022-03-31,-0.11049599472335439,0.044188232277253575,0.2912438803730917,G5,-3.216820994008
290520,2022-03-31,-0.35706781661103726,0.033742302530468636,0.20351839748419498,G5,-11.520181671486405
290550,2022-03-31,-0.16632411476095435,0.02892371491220156,0.0744141993300198,G4,-6.844686234673657
290650,2022-03-31,-0.18254462134649532,0.03089266497995876,0.18873396275113627,G5,-6.933498940271682
290660,2022-03-31,-0.18483043293892482,0.023286024381464366,-0.37924404053446686,G1,-9.296566384490236
290720,2022-03-31,-0.2757760250245561,0.0362145989516222,0.008490694729153356,G2,-8.488998152083695
290740,2022-03-31,-0.03875598332675426,0.040121883865751114,-0.04230243673073619,G2,-1.7547935215741661
291230,2022-03-31,-0.5340901049432321,0.0375006695117175,-0.17191195222207456,G1,-15.086123817620836
294090,2022-03-31,-0.1523243980781784,0.021061697007377145,-9.759531635807493,G1,-8.735005378149532
294570,2022-03-31,-0.4758869342402739,0.02523830649227791,0.20487233992545256,G5,-20.109771348952442
294870,2022-03-31,-0.18020424924179448,0.022408601215037106,-0.14857474663804765,G1,-9.454132623586007
297090,2022-03-31,0.39919538357162043,0.07354299800638428,-0.18567624242680028,G1,4.997698693021691
297890,2022-03-31,-0.34855285855345886,0.034742657215486965,0.1284846899456617,G4,-10.943391426554323
298000,2022-03-31,-0.3677458662003196,0.02177707486827769,-0.06947406880881393,G1,-18.340181460106447
298020,2022-03-31,-0.2772818010119261,0.023218266588614266,0.06816838039855141,G4,-13.305534174443336
298040,2022-03-31,0.01666557331157599,0.02979456154934479,-0.02248252020659349,G2,-0.5029127620429903
298050,2022-03-31,-0.25153795491254516,0.027080784217920945,0.09345367016023871,G4,-10.457141535781677
298540,2022-03-31,-0.1136961647813639,0.022585912814049577,0.16825661516300836,G5,-6.435241494652734
299030,2022-03-31,-0.13437190432578097,0.02185387863581481,-0.006549813211876255,G2,-7.596891409834984
299170,2022-03-31,-0.08823476636539845,0.02499851740755653,0.16425899094289173,G5,-4.795660597191126
299900,2022-03-31,-0.4495840680729878,0.038252206554355045,-0.2998230774927141,G1,-12.580547633072838
299910,2022-03-31,,,-0.1888311166331052,G1,
300080,2022-03-31,0.0017060034955309693,0.03306503783666421,-2.1680831350056002,G1,-0.9055980884280994
300120,2022-03-31,-0.046425206764779764,0.04576289602019442,0.09254201766538532,G4,-1.7060730877814956
300720,2022-03-31,-0.37143538471188514,0.02204614879800462,-0.018096812557799005,G2,-18.283693308945868
301300,2022-03-31,-0.3543371870647716,0.03469611395358941,-0.43877421088547863,G1,-11.124785505814753
302430,2022-03-31,-0.1552988972114132,0.027260875272127776,0.03769739079148115,G3,-6.857759844445313
302550,2022-03-31,-0.39989055760023956,0.031068280629863318,0.09472424287610463,G4,-13.89005723540598
306040,2022-03-31,-0.12186034117545883,0.02140036574532019,0.2053291732661692,G5,-7.173240941606108
306620,2022-03-31,0.27693670184188396,0.0507809374687527,-0.008896092041077708,G2,4.830298051086609
307180,2022-03-31,-0.21618242573595764,0.03596595471091808,-0.3168396328530397,G1,-6.890740598495522
307280,2022-03-31,-0.09390960827393131,0.02208112448377132,0.11427840294034214,G4,-5.686270503136235
307950,2022-03-31,0.06564805721461033,0.024700317140129907,0.0420471893188478,G3,1.3764365237706686
308170,2022-03-31,0.15717131373770798,0.047809278429475556,-0.029923712996050886,G2,2.625466840472205
310200,2022-03-31,-0.20975859957271006,0.031187444586807497,-0.23480099253914005,G1,-7.740558462716892
311390,2022-03-31,-0.34143321019301665,0.05389998927133124,-0.008809919615349167,G2,-6.921761094777654
317120,2022-03-31,-0.24020934459683171,0.0356067653437097,-0.6712245892797837,G1,-7.635037345482303
317240,2022-03-31,-0.24184281738424776,0.03654747634083596,-0.4113905082308509,G1,-7.4832104243783455
317330,2022-03-31,-0.4932911763979729,0.024678306868575084,0.09111303478965176,G4,-21.271346439922908
317400,2022-03-31,-0.1285720988867995,0.0333702140019978,0.06884247607266375,G4,-4.8013398245340655
317530,2022-03-31,-0.3703748440400417,0.04142658858451794,-0.017005067462601855,G2,-9.70450370959351
317690,2022-03-31,-0.18884925623118226,0.037493734864914884,-14.266103237176717,G1,-5.880953060019983
317770,2022-03-31,0.0411028742060606,0.028393713244332305,0.1959022594011346,G5,0.33293411011434765
317830,2022-03-31,-0.18461182561991918,0.055900556880922055,0.004951501618705771,G2,-3.8686817491784686
317850,2022-03-31,0.5807743949384865,0.06607714983446082,0.0158378815218544,G2,8.310357782682205
317870,2022-03-31,-0.26802379846547075,0.03109883253412263,-0.15865401700179915,G1,-9.636163566297107
318010,2022-03-31,-0.12548325172995548,0.03422535086008781,0.2318138804439386,G5,-4.5911257689227725
318020,2022-03-31,,,0.027412664224052974,G3,
318410,2022-03-31,-0.16663718595757418,0.02079229235135887,0.02710325881411505,G3,-9.536554275066843
319660,2022-03-31,-0.2122733593406539,0.027062323209186546,0.22120087458898194,G5,-9.013379819958285
321260,2022-03-31,-0.26346409556546707,0.028879404222856283,0.1538918498624352,G5,-10.218830410847584
321820,2022-03-31,-0.5401865810245873,0.023319873482843752,-0.33849900502124086,G1,-24.521411747773826
322000,2022-03-31,0.9069573749008093,0.05140782807570882,0.02550250675648769,G3,17.026740267212187
322180,2022-03-31,-0.35831996411501005,0.0283679012540662,-0.4996394557289279,G1,-13.74686125619989
322310,2022-03-31,-0.3860515693588361,0.02554978338568916,-0.13991688264775112,G1,-16.348522475028656
322510,2022-03-31,-0.35136391248141063,0.026014266869638404,-43.614019064282495,G1,-14.72321141914046
322780,2022-03-31,-0.12135165638670972,0.033117578404882934,0.23674707545419146,G5,-4.61994210658735
323230,2022-03-31,-0.38730773469097146,0.023224066251015738,0.008051717458420597,G2,-18.03979409621537
326030,2022-03-31,-0.11817404273676932,0.02352372951633128,-0.8508915198570414,G1,-6.369044550821395
327260,2022-03-31,-0.21558122992902365,0.029244144390543757,-0.014873078063790112,G2,-8.454029811287072
328130,2022-03-31,-0.042245788147656116,0.04964791668197795,-7.311254748217394,G1,-1.4883892747245282
329180,2022-03-31,0.08856335956022106,0.032629325493528614,-0.11899352369112316,G1,1.7442506133720699
332290,2022-03-31,-0.27727442600564645,0.0555362956246347,-0.2515138728670909,G1,-5.562561584010859
332370,2022-03-31,0.08235812685979918,0.02463277910845471,0.28363154411879504,G5,2.0585776408873673
332570,2022-03-31,-0.28818828129392404,0.026727519361721224,-0.3440759673809035,G1,-11.966614466519038
333430,2022-03-31,0.25021587607514745,0.047643995916368455,-0.007181331587801953,G2,4.587487537875481
333620,2022-03-31,-0.2572862032818033,0.024014307898354726,0.22695678965862562,G5,-12.03182049047584
335810,2022-03-31,-0.17630151049864543,0.025251005090488006,-0.016900582645991653,G2,-8.235361258201836
336060,2022-03-31,-0.6083751884409415,0.04393134107647685,-1.4351144933033553,G1,-14.568752314685456
336370,2022-03-31,-0.42170861773139745,0.032132498118730264,-0.010223859294021535,G2,-14.109026151980027
338220,2022-03-31,-0.33925028583174566,0.031142108889977288,-11.72194195633759,G1,-11.909916752790373
339770,2022-03-31,-0.19609389227159185,0.021279143302189576,0.06411467745683903,G3,-10.702664463111839
339950,2022-03-31,-0.34083711108429715,0.03538851321519336,-0.22049439963606984,G1,-10.525639983049476
340930,2022-03-31,-0.26732200451542953,0.028963731491690896,-0.22851687893961642,G1,-10.322276435804389
344820,2022-03-31,-0.2671046447243322,0.018314663142359945,0.11121635896451235,G4,-16.312300202102048
347000,2022-03-31,-0.08868043621935691,0.015514714121848357,-0.03316425214049323,G2,-7.755867999148035
347770,2022-03-31,-0.4639951404027637,0.03450324273301686,-0.14381707339222377,G1,-14.365165117732193
348150,2022-03-31,-0.3064799468063284,0.026418759356640734,-3.468055736717188,G1,-12.798844215050226
348210,2022-03-31,-0.0488549820968433,0.025590407528613458,0.41943934922051673,G5,-3.1458905279662055
348350,2022-03-31,-0.1703842927506514,0.016492136420770763,-0.03005516388545848,G2,-12.250318949000432
351320,2022-03-31,-0.1385974120854489,0.036195145841542146,0.10578954994523643,G4,-4.703587917147404
351330,2022-03-31,-0.053888174107786624,0.025792587440937927,0.13674632344299606,G4,-3.316371917236891
352480,2022-03-31,0.03536076107519692,0.03565172246489201,0.12676189312446356,G4,0.10409377904909341
352700,2022-03-31,-0.00222473253762731,0.02216091478577169,0.27701190522477587,G5,-1.5285637537667462
352770,2022-03-31,-0.2516274289639551,0.031455685973941015,0.05551994286758287,G3,-9.005591795163793
352820,2022-03-31,-0.48870000737914676,0.041449102029273176,0.16961072842015282,G5,-12.553942557449613
353190,2022-03-31,-0.25064242359650907,0.030895084598982114,-0.07562854460232905,G1,-9.13711892409016
353200,2022-03-31,0.038172777514062596,0.02976996752554092,0.1570894329839619,G5,0.21911810801436932
353590,2022-03-31,-0.5237410800137431,0.038365258151788456,-0.2714252938586105,G1,-14.476397275123498
353810,2022-03-31,-0.04860232934516852,0.05478752804578852,0.09051315796883444,G4,-1.464785340056135
354200,2022-03-31,-0.25855887250737086,0.02804630277991544,-0.39151149770437077,G1,-10.347478358873465
356860,2022-03-31,0.24539935562652246,0.033329457093363636,0.17927593871065922,G5,6.413237289570678
357230,2022-03-31,-0.14628400519275409,0.025164782610427622,0.13264340363282895,G4,-7.070740347792233
359090,2022-03-31,-0.080807546841698,0.017618105751565846,0.10323279786242376,G4,-6.383046337766475
361570,2022-03-31,0.02207562137565082,0.05387848921704756,0.0896225942071182,G4,-0.1776964669517263
361610,2022-03-31,-0.3897922959273918,0.03279271118031088,0.10530021603298169,G4,-12.85169537109354
363280,2022-03-31,-0.3528759427872327,0.019499583379794676,0.5176442113938676,G5,-19.719681895352295
365900,2022-03-31,-0.13164854822297553,0.04428675294134745,-0.16822190572718002,G1,-3.687291931143867
368770,2022-03-31,0.45746532469602336,0.061305801502891805,-1.2679888858611144,G1,6.9457649309375835
371950,2022-03-31,-0.13327969983980123,0.0357730874375237,0.08394686323514855,G4,-4.610430639571178
372800,2022-03-31,-0.2672252517817867,0.05367203402008679,0.11459875331583556,G4,-5.5685404101538145
372910,2022-03-31,-0.19089242383447014,0.03964853169609835,-0.1394080718245293,G1,-5.612870209026843
373200,2022-03-31,1.715574047842637,0.11136161628666985,-0.5359226560869449,G1,15.12122817033851
373220,2022-03-31,-0.02889395051924289,0.02060382218465875,0.05980405071173476,G3,-2.9384639670662396
375500,2022-03-31,-0.46755071757886435,0.02373285503545067,0.09625411774798254,G4,-21.034146771949967
376180,2022-03-31,1.097487729186255,0.07645343468488902,0.20729147699261105,G5,13.941009910476925
376290,2022-03-31,-0.3368330854932291,0.02288123062372885,0.012832534456701794,G2,-16.104147985174937
377220,2022-03-31,0.1071919167927125,0.04191499308134975,0.14976694957259604,G5,1.802273427360018
377480,2022-03-31,-0.4045170709225591,0.03841395630805237,-0.39880904947984924,G1,-11.354381360228349
378850,2022-03-31,-0.29284803479875043,0.03381009468001788,-0.027106806589698645,G2,-9.597656452134954
382840,2022-03-31,0.045576781843924136,0.044326328294035024,0.1840527244278293,G5,0.3141957348085032
383310,2022-03-31,-0.14426936307281701,0.03142731464368873,0.015087359503849814,G2,-5.5976466211491
388720,2022-03-31,-0.058540627805792486,0.0577226990246772,0.013568242706093615,G2,-1.5624748648959024
900070,2022-03-31,-0.05461752786083992,0.05450794760873885,0.04106261805133298,G3,-1.5826529928128537
900100,2022-03-31,,,0.024481675171203133,G3,
900110,2022-03-31,0.3836150200431211,0.07454903019352534,0.1139407141351602,G4,4.72126036482595
900120,2022-03-31,-0.10128820132312462,0.030518525299027738,0.10604169528018262,G4,-4.355971940805954
900140,2022-03-31,-0.1339826072571237,0.017001605600676973,-0.026295975353266755,G2,-9.742153164919046
900250,2022-03-31,-0.23187099576903625,0.02376587112477868,0.17849160423522883,G5,-11.088195881383125
900260,2022-03-31,0.08044488800334934,0.05034167360254482,-0.2340403459162704,G1,0.9692814314116454
900270,2022-03-31,-0.0468544649726958,0.04960003614153102,0.07849569825605351,G4,-1.5827428694387526
900280,2022-03-31,0.149060466122854,0.03619362469827127,0.106296670577304,G4,3.2439643320456133
900290,2022-03-31,0.05436381217570572,0.009451775294798329,0.1239632329677984,G4,2.4031647931779903
900300,2022-03-31,-0.056235731240407864,0.041414119333143797,-0.4463519967218476,G1,-2.122111280156811
900310,2022-03-31,-0.25485905675498366,0.04564402162760718,0.5130906080736728,G5,-6.277025667166662
900340,2022-03-31,0.09854983091210505,0.05696910238543629,0.15519015847051254,G5,1.1743241433797051
950110,2022-03-31,-0.4185325309752964,0.020408818298434505,0.05947744010295812,G3,-22.058218312622508
950140,2022-03-31,-0.43688065193980036,0.03219389416305061,0.029789641539132886,G3,-14.553389786307868
950170,2022-03-31,-0.3960267829483322,0.0558839150730841,-0.4794801660126204,G1,-7.652943086454137
950190,2022-03-31,-0.18969799559062445,0.022492621519385324,0.285338671013763,G5,-9.840899779248598
