종목코드,날짜,기간수익률,표준편차,Y3,그룹,성과
000020,2024-12-31,0.002569121884763593,0.012069067957577444,0.005342866416696014,G2,-1.8896035050426596
000040,2024-12-31,0.02015535451552758,0.0273384063194579,-0.43569413092791354,G1,-0.19092263182720537
000050,2024-12-31,0.1545675711104168,0.03887073435732298,0.031060433957034464,G3,3.3236494819676023
000070,2024-12-31,-0.05560316879522796,0.013668515199336258,0.02984965850941609,G3,-5.924421388444608
000080,2024-12-31,-0.006819439102836614,0.008660001924912352,0.0832843528423264,G4,-3.7175874072525037
000100,2024-12-31,-0.01439833397975604,0.029597819968045273,0.02564942783605467,G3,-1.343788462214326
000120,2024-12-31,0.0030051738397568195,0.02102992057130458,0.06349874736105905,G4,-1.063708304764913
000140,2024-12-31,-0.0631700600739465,0.006121243850225849,0.07863131446243767,G4,-14.465186690884652
000150,2024-12-31,0.27217311444240777,0.04962917229633057,0.025419694482905143,G3,4.9728461713768155
000180,2024-12-31,0.033271827144557536,0.021255428102710958,-0.006264376568983563,G2,0.3715263746464067
000210,2024-12-31,0.05257305794720561,0.024885223297628427,0.019815546401606352,G3,1.0929451032813366
000220,2024-12-31,0.036033051415230034,0.015738305679709116,0.07618131359951028,G4,0.67721244155089
000230,2024-12-31,-0.25120234423632876,0.018805039177566436,0.21883303326723103,G5,-14.707611966385738
000240,2024-12-31,-0.1071593897217199,0.016254645184547226,0.07876106439769819,G4,-8.153623977453288
000250,2024-12-31,0.02434157685040772,0.04521521105539435,-0.014533447006067297,G2,-0.022852887899303252
000270,2024-12-31,-0.0907884235177093,0.02066695201184261,0.17505284578564922,G5,-5.620727161467507
000300,2024-12-31,,,4.339516411906517,G5,
000320,2024-12-31,0.1654773667604718,0.01198215920030073,0.10627235565907041,G5,11.692591411817956
000390,2024-12-31,-0.011012720320363087,0.016230751384949296,0.04694424787439288,G3,-2.2418922240473185
000430,2024-12-31,0.012325521267973663,0.016774295114428628,0.04683708007014039,G3,-0.777937531384061
000440,2024-12-31,-0.16445891289529166,0.020236419815829004,-0.017294807136461702,G2,-9.38079905551292
000480,2024-12-31,-0.08461367626366578,0.009156388890485846,0.002866157124451794,G2,-12.012219290724085
000490,2024-12-31,0.16360247019338206,0.03787549884960069,-0.07507207248574489,G2,3.649525402748309
000520,2024-12-31,0.03937255815216936,0.03364261840181872,-0.031959335731810694,G2,0.4160699677113319
000590,2024-12-31,0.0773798316706715,0.010834033274475382,0.10027434068996542,G4,4.800147401540057
000640,2024-12-31,-0.025942937431451298,0.015076006593671884,0.054113517915733024,G3,-3.4039393729763825
000660,2024-12-31,0.06888227178265155,0.035062420910528906,0.26783079817517536,G5,1.2408554701249026
000670,2024-12-31,-0.008262893728240114,0.027006807680785585,-0.0822546909920741,G2,-1.2455292430646001
000680,2024-12-31,0.31869433340762543,0.05620078620810005,-0.034260555304315266,G2,5.219134432061561
000700,2024-12-31,0.041822771575933615,0.008909202696619812,0.07686924066902756,G4,1.8461693078522088
000720,2024-12-31,0.5243579914294697,0.027568309606468576,-0.07924172853098735,G2,18.09988075265918
000760,2024-12-31,0.0879621950696299,0.017324291095904946,-0.0013078636000329485,G2,3.612691551022488
000850,2024-12-31,0.10266658271460069,0.016376194736533695,0.02566008170252089,G3,4.719759929464592
000860,2024-12-31,-0.054575730855203876,0.01678825886027649,0.025707439688690936,G3,-4.762292892944298
000880,2024-12-31,0.6663447931566855,0.04594843134546806,0.0427289736805028,G3,13.949767149557
000890,2024-12-31,-0.017780285115154507,0.021008818876757644,0.07680869857336638,G4,-2.0541449935054494
000910,2024-12-31,0.0969968280424326,0.04749787748959488,-0.6781068802920306,G1,1.507897969927656
000950,2024-12-31,0.3584014427747618,0.020374299976969573,0.04486320920493369,G3,16.345423801122195
000970,2024-12-31,0.16194316564002922,0.021016961972697035,0.04030474935248919,G3,6.498003413502103
000990,2024-12-31,0.2107245971651154,0.04079773607180873,0.11465345727933351,G5,4.543137438775488
001020,2024-12-31,-0.08229139969867602,0.019110433779842787,-0.03412344891958255,G2,-5.633900095571862
001040,2024-12-31,0.26957870212927015,0.033372008537742755,0.008519806598665644,G2,7.317624495183826
001060,2024-12-31,-0.05754440337481642,0.018531114062467158,0.19739829424858987,G5,-4.474597592745964
001070,2024-12-31,-0.015854384770180495,0.011363508222106791,0.00843028814070123,G2,-3.6282157731863363
001120,2024-12-31,-0.005738767077264693,0.018009152549338724,0.081181702472982,G4,-1.7276572005275803
001130,2024-12-31,0.03568984949689942,0.007511907217349321,0.04707182321802853,G3,1.3731498803760804
001140,2024-12-31,,,-2.771764098196896,G1,
001210,2024-12-31,0.29144806594316386,0.0518868328558143,-1.5527223432795314,G1,5.127952050620265
001230,2024-12-31,-0.015395801888249391,0.014135565702079762,0.011043224643783935,G3,-2.884262133368373
001250,2024-12-31,-0.008110445463175908,0.027802021922782104,0.09886952419541382,G4,-1.2044203315923818
001260,2024-12-31,0.07483232872986496,0.021820186418614673,0.05179273506934082,G3,2.26659171379366
001340,2024-12-31,-0.042507033516127696,0.035032566278461595,0.01687037107776363,G3,-1.9376801567021433
001380,2024-12-31,-0.4002051603748389,0.055948615368651554,0.042190172389614616,G3,-7.606623194705453
001390,2024-12-31,0.0734081619041302,0.01672219769379293,0.060536978575890764,G4,2.8724266859947223
001430,2024-12-31,-0.0814773823539706,0.022161291154752974,0.009979810171974387,G3,-4.821571839285807
001440,2024-12-31,0.06924997417480586,0.026315303425845142,0.049588786530749544,G3,1.6672845630848652
001460,2024-12-31,-0.035462955229165385,0.010404858589361661,0.03349941734582506,G3,-5.847059785259203
001470,2024-12-31,-0.8649996564320821,0.05286474705163612,-16.66394137073571,G1,-16.842500552634835
001520,2024-12-31,-0.14962347449374458,0.02214715492153341,-0.10526453564305797,G2,-7.901617616969654
001530,2024-12-31,-0.15976520985396434,0.01866717911355782,0.004435125277120305,G2,-9.917946558915192
001540,2024-12-31,0.09816912437700971,0.013715692847175462,0.09920383075366614,G4,5.307369462710052
001560,2024-12-31,-0.0009748874955550074,0.02258705333078048,0.060532150990492875,G4,-1.166586987229843
001570,2024-12-31,-0.6126809834719741,0.05911142856815547,-0.3762916680422759,G1,-10.79412008688465
001630,2024-12-31,-0.02246551612012509,0.012527038308818858,0.04741736738166277,G3,-3.8189706090741424
001680,2024-12-31,0.23718745764903215,0.02115165308781808,0.0667925758579278,G4,10.013996625683214
001740,2024-12-31,0.0300798272633679,0.016552848782708515,0.02254507236855242,G3,0.2842382193621449
001790,2024-12-31,0.31269386263507026,0.04398192021053955,0.03670270348264893,G3,6.532661290359464
001800,2024-12-31,0.20030874833804918,0.012086093763716296,0.09828935672350617,G4,14.473979497264764
001810,2024-12-31,-0.010339379776152402,0.014068066363504474,0.01646531343026693,G3,-2.5386754549866697
001820,2024-12-31,-0.07522678355968704,0.027740688240770525,0.08245752855562834,G4,-3.6265018980975623
001880,2024-12-31,,,0.0004660680094569748,G2,
001890,2024-12-31,,,0.4060492427982451,G5,
001940,2024-12-31,0.04538658316002109,0.010212287428185507,0.029033446296906244,G3,1.9595715750018539
001970,2024-12-31,,,-5.234132753046906,G1,
002020,2024-12-31,0.5806467979029186,0.04227038217748019,0.06713676155173037,G4,13.136193578082745
002030,2024-12-31,0.04551306183313912,0.01453740016084214,0.053421956980979936,G3,1.385267421294713
002070,2024-12-31,0.06301822035136903,0.05616108941522384,-0.031661254581670864,G2,0.6702744861848228
002140,2024-12-31,0.12220397939836972,0.01774876104152514,0.03590012907928462,G3,5.455541610584964
002150,2024-12-31,0.0050082380862277905,0.012843542345828012,-0.024758559729280476,G2,-1.585749193281394
002170,2024-12-31,-0.0691332867756897,0.009901181525894984,0.025356623733082284,G3,-9.545139792510463
002200,2024-12-31,0.010255650760744705,0.008798784534805891,0.011580911592664823,G3,-1.7183310012249122
002220,2024-12-31,0.02021544078954611,0.019672900505674062,-0.027367915323161313,G2,-0.26226098225657113
002230,2024-12-31,-0.0016937862541989111,0.007365450385726923,0.0438434193183706,G3,-3.6750856820179902
002240,2024-12-31,-0.027696995861649185,0.012247673798298704,0.017079805284904152,G3,-4.333220473999011
002310,2024-12-31,-0.025383161266519003,0.028081985895534185,0.028640468125737176,G3,-1.8074945431331095
002320,2024-12-31,0.011258451863305709,0.009255391387542776,-0.00023951603863633274,G2,-1.525210825302771
002350,2024-12-31,-0.09478085923061685,0.016111615592493172,0.06770583434645652,G4,-7.457708604132821
002360,2024-12-31,-0.1469464211377651,0.01470194438517997,-0.13027575906280625,G1,-11.720986804403266
002380,2024-12-31,0.07738805525379285,0.022261351648346805,0.058201261243906253,G4,2.3364789827420704
002390,2024-12-31,-0.021757372837257316,0.014005169538217862,-0.18219714427531314,G1,-3.365346467862524
002410,2024-12-31,-0.13117845297381953,0.06159252567137525,-2.45856963910416,G1,-2.541758537539186
002450,2024-12-31,0.09231406180907824,0.03944027550579597,0.011468069708993826,G3,1.6972291889604363
002460,2024-12-31,0.0301531714490141,0.009617082623016056,0.035169279018067316,G3,0.4968550896691343
002600,2024-12-31,-0.09338815504799941,0.01112756541271992,0.017040267951422793,G3,-10.672867392200757
002620,2024-12-31,0.05685479635274496,0.02902345146503913,-0.1517864112221686,G1,1.0846374143566226
002680,2024-12-31,0.0961519460082651,0.023406249017508776,-0.11693079645345786,G1,3.0238536279487214
002710,2024-12-31,-0.23981530815465105,0.04226538139639964,0.07807624353017953,G4,-6.27440648571176
002720,2024-12-31,-0.07813683788067291,0.015594844556800679,0.05813718470383175,G4,-6.637559771990993
002790,2024-12-31,0.11761917386737754,0.02208710645728279,0.0933782940838204,G4,4.176386755131603
002800,2024-12-31,0.20184619753165822,0.039787179821541424,0.07338013589643538,G4,4.435381530512847
002810,2024-12-31,0.073386512012508,0.00845961015375539,0.10152601627143527,G5,5.6753959272218575
002820,2024-12-31,-0.004427254890043697,0.017847376771190183,-0.04697533559124559,G2,-1.6698325065984627
002840,2024-12-31,0.03781572332433637,0.021821127583854676,0.12622728279437348,G5,0.5701285727113983
002870,2024-12-31,-0.05215040679333888,0.0512486056921151,0.0043080402660124585,G2,-1.5127295805682104
002880,2024-12-31,-0.14241978864595115,0.040413537366005926,0.10984525378113148,G5,-4.151942012061843
002920,2024-12-31,0.0543511520768691,0.008264175056133603,-0.020754563204596208,G2,3.506251607698358
002990,2024-12-31,0.15767312355279278,0.027010249684438038,-1.0137649042975692,G1,4.898075734154226
003000,2024-12-31,-0.1191982246908382,0.022412787281019184,-0.014166800959875353,G2,-6.450473913758751
003030,2024-12-31,0.26646660851982557,0.0317138623179112,0.04403096375978317,G3,7.602093087970019
003060,2024-12-31,0.10489927895648249,0.03787630761866428,-0.27721732883405603,G1,2.099581742685375
003070,2024-12-31,-0.007438999503752597,0.016672711357466095,0.03778271523967632,G3,-1.9681186700961162
003080,2024-12-31,0.013958119475041796,0.0069873151762095635,-0.02908290402214472,G2,-1.6339259410867855
003090,2024-12-31,-0.04380337348680981,0.021548477755790475,0.04583087542018116,G3,-3.2103543123003346
003100,2024-12-31,0.12237942267406088,0.012144725306955427,0.0712665767098779,G4,7.987380959411675
003160,2024-12-31,0.05371150063457755,0.04701843906991386,0.016519798848999092,G3,0.6026704883257087
003200,2024-12-31,0.13928320230649407,0.012293201016427556,0.03195405631854751,G3,9.265961498089634
003220,2024-12-31,-0.024785929362433186,0.014301955482992615,0.03178292737176466,G3,-3.5072689480877384
003230,2024-12-31,0.27412086843488487,0.030928629792683824,0.3275902690210181,G5,8.042580453846222
003240,2024-12-31,0.24300276369446322,0.023700665784703978,0.054378980860356294,G4,9.182353384980296
003300,2024-12-31,0.061492815467934,0.009922116804618814,0.08614922538915551,G4,3.640144656543538
003310,2024-12-31,0.674529941332777,0.07372825384642666,0.09957533793148277,G4,8.804698775111968
003380,2024-12-31,0.1131443083091638,0.02171995886633473,0.02942080313001519,G3,4.040957621020349
003410,2024-12-31,,,0.06411535369521491,G4,
003490,2024-12-31,-0.06292791618671925,0.018045011166925307,0.12604523315834532,G5,-4.893473900895633
003550,2024-12-31,-0.06777859895314506,0.015967092426213483,0.028098258701913896,G3,-5.834091233806174
003560,2024-12-31,,,-0.2415979554293919,G1,
003570,2024-12-31,0.6249426223253568,0.03623368714006386,0.12163281551055068,G5,16.547246351376984
003580,2024-12-31,-0.2300467025525185,0.035949215003694086,-0.09474620548960092,G2,-7.1050668985754415
003610,2024-12-31,-0.06847559762629876,0.0199229585129989,0.003253604478006564,G2,-4.710669480391942
003620,2024-12-31,-0.100155267243531,0.032886865357710376,0.023825001358441237,G3,-3.8170297131739326
003670,2024-12-31,-0.07017565537055334,0.038598425239544265,-0.06966958307773716,G2,-2.4755033340754373
003720,2024-12-31,0.11766244477856205,0.02758842237957144,0.11255105696182115,G5,3.345155750801422
003780,2024-12-31,-0.2613993901004217,0.06661588916960727,0.1560712791917194,G5,-4.30489285176815
003800,2024-12-31,0.005620863092460697,0.006449738949025452,0.09326054567510095,G4,-3.0627614642487346
003850,2024-12-31,-0.1830649888526521,0.016955276576000544,0.088764092685159,G4,-12.293510101020095
003920,2024-12-31,0.27771140612972006,0.021335558472309567,0.00039567257328889825,G2,11.827041296210549
003960,2024-12-31,-0.04555097451923213,0.021332915991084986,0.11421753452381708,G5,-3.324714237325642
004000,2024-12-31,-0.10261690845996635,0.02348731816744091,0.01535893374375644,G3,-5.449399652506681
004020,2024-12-31,0.19270311269495372,0.0322426135614155,0.0004559021685798365,G2,5.1896611103261865
004060,2024-12-31,0.024034492459733207,0.014667183693878302,0.020031227208924994,G3,-0.09138649711097689
004080,2024-12-31,0.013664976429207602,0.003429225743611137,0.04494067525916508,G3,-3.4147354086002237
004090,2024-12-31,0.04099619079897107,0.04287011263793367,0.06524428710876368,G4,0.36438709482532466
004100,2024-12-31,0.36128727457290855,0.07133250904773578,0.021596968877953433,G3,4.709106746099674
004140,2024-12-31,0.12510657671557282,0.029074988753605525,0.1305611762240159,G5,3.4301544382611437
004150,2024-12-31,0.0582164443239704,0.010459941998672272,0.002351748194029964,G2,3.139746790961092
004170,2024-12-31,0.19812387246238128,0.02550778030961894,0.02927336337502422,G3,6.772404159261084
004250,2024-12-31,-0.039307080126633004,0.012219718872072174,0.17298774588840576,G5,-5.293244124826947
004270,2024-12-31,0.009989389506737181,0.023287076534763595,0.041132108092263094,G3,-0.660687719658366
004360,2024-12-31,0.027919413572652298,0.01292219987180709,0.07532977333408789,G4,0.19691218197327537
004370,2024-12-31,0.09397885796075713,0.02232720633550666,0.058980685880672144,G4,3.0726630967555106
004380,2024-12-31,0.22546701399785174,0.04613639407657983,0.007711869703735243,G2,4.336969609409165
004430,2024-12-31,0.04649646361694859,0.02533205750465828,0.05963153509410007,G4,0.8337889100821987
004450,2024-12-31,0.24257099066799803,0.022967259491640347,0.07185851241623692,G4,9.456771093958919
004490,2024-12-31,-0.01282718723081877,0.027235456489160717,0.11428363508807411,G5,-1.4026591493343457
004540,2024-12-31,0.1029484240439863,0.028551423521943977,-0.1164583366733821,G2,2.7169765803223447
004560,2024-12-31,0.11320184944951255,0.027110142398470097,0.04838091098623813,G3,3.23963530543716
004590,2024-12-31,0.09772214099294788,0.014100963664075797,0.08442430233935082,G4,5.130661117669765
004650,2024-12-31,0.09091667944560669,0.01600359431622637,0.09115722977981415,G4,4.095442758077948
004690,2024-12-31,0.03547133649313369,0.009197563785202536,0.0691027914319167,G4,1.097732152657355
004710,2024-12-31,0.2280590681521001,0.024107174522018788,0.0452343983626646,G3,8.407629561356279
004720,2024-12-31,-0.008989513285687367,0.016567687084000554,0.011184646804913649,G3,-2.074181393664364
004800,2024-12-31,0.13425804970943078,0.015903787887738788,0.1933599550163929,G5,6.846367386059994
004830,2024-12-31,-0.016576578836987862,0.03608605355453598,0.07358750874956967,G4,-1.162539255604319
004890,2024-12-31,0.07946248889046932,0.008427187115274147,0.0344555079941544,G3,6.41822866285197
004910,2024-12-31,0.04143918358790111,0.022560337615827823,0.08406645872344688,G4,0.7120597599847428
004920,2024-12-31,0.3220794440870978,0.051048021347124044,-0.0016249731709098115,G2,5.812263849944768
004960,2024-12-31,0.134480806925838,0.019615515050202866,0.018897391504662773,G3,5.562226209538639
004970,2024-12-31,-0.016180013232880805,0.010375062646286149,0.0664948485197503,G4,-4.005266247501238
004980,2024-12-31,0.30295460397632623,0.0514429308970225,0.07891185701450588,G4,5.395877025980114
005010,2024-12-31,0.30666237931219753,0.0423176608612709,0.019927870371661126,G3,6.647047558567485
005090,2024-12-31,-0.05491883373159479,0.011848770948789196,0.040411446651741956,G3,-6.776543244748928
005160,2024-12-31,-0.14157244902524613,0.02706206946950061,-0.06068481715462915,G2,-6.169052378399902
005180,2024-12-31,0.17532627941692452,0.025262628981922223,0.14300458110618774,G5,5.935700695451325
005250,2024-12-31,-0.1964731795666683,0.020020101732263432,-0.005987323835511038,G2,-11.081265097127286
005290,2024-12-31,0.3791164816252842,0.03418320853771654,0.1406117766996704,G5,10.348402673639555
005300,2024-12-31,-0.013711092623168521,0.01335556829720573,0.03802134801880376,G3,-2.9265671631020087
005320,2024-12-31,0.10216336288098266,0.03225059181524178,-0.03282919092473651,G2,2.3809946906057107
005360,2024-12-31,-0.019473503577720562,0.012873837641593175,-0.05703692997506624,G2,-3.483683717807896
005380,2024-12-31,-0.0868633153404966,0.022198733369583282,0.10999630325045992,G5,-5.056062815470608
005390,2024-12-31,0.04863780864028122,0.01621447192591848,0.152056058237725,G5,1.4347018975743482
005420,2024-12-31,0.09861123274685563,0.0473195534335184,-0.08851022575884446,G2,1.547697567555219
005430,2024-12-31,-0.1783173879735902,0.017240389891702835,0.10967369705033506,G5,-11.814829261582986
005440,2024-12-31,0.12323037993439231,0.018693864321813098,0.11326349791041825,G5,5.234632243490116
005450,2024-12-31,,,-0.4579032176903736,G1,
005490,2024-12-31,0.05965980337427354,0.028763183408905112,0.015420254656416266,G3,1.1919726647384554
005610,2024-12-31,0.2621503292163796,0.02788586534018481,0.18025497522280043,G5,8.490877056455384
005670,2024-12-31,0.006775043525491412,0.026556965704813015,0.09136333631027686,G4,-0.7003748726887747
005680,2024-12-31,0.08164982759209408,0.009476791169831755,0.02091175987965483,G3,5.938186416013762
005710,2024-12-31,0.3010054009327405,0.03147778826301864,0.1417245022315266,G5,8.756349830860328
005720,2024-12-31,0.03925986208590371,0.014241559325817535,0.06533152817066747,G4,0.9749625562934385
005740,2024-12-31,0.1253916702009384,0.01347513196208231,0.0758598689084228,G4,7.422323987800326
005750,2024-12-31,0.1012709182408694,0.012387901017162289,0.03527987685937311,G3,6.12662654760661
005800,2024-12-31,0.19151053440688554,0.03760710478956425,0.010586109519014727,G3,4.417666830151393
005810,2024-12-31,0.11480079260631908,0.01736965118242665,0.08960552406904058,G4,5.14840031426732
005820,2024-12-31,0.12274555562672711,0.014973268387195475,0.031199359818163207,G3,6.502967696083945
005850,2024-12-31,0.13561842290620357,0.03598222252147116,0.15933418710327882,G5,3.0638337540272707
005860,2024-12-31,0.002330371145345702,0.018560250493420534,0.023374187934951423,G3,-1.24160521771101
005880,2024-12-31,-0.08012111887218486,0.020309972309737568,0.07198531696915719,G4,-5.1942953079067
005930,2024-12-31,0.057473838570261296,0.01962771988102553,0.08565895145570622,G4,1.635389325139695
005950,2024-12-31,-0.05305291724590169,0.026239378021053077,-0.17232375623490992,G1,-2.9889348818777415
005960,2024-12-31,0.08449574616282318,0.014000128529816306,-0.23744723425973693,G1,4.222880599768245
005990,2024-12-31,0.17690163092309685,0.015644095566935776,0.06944729121782693,G4,9.685875113378417
006040,2024-12-31,0.13561355173042822,0.02026965962863831,0.03498133589947564,G3,5.438605223280403
006060,2024-12-31,0.0600271648646174,0.014698484553599586,0.07514395178786787,G4,2.357541672970037
006110,2024-12-31,-0.23778570365569202,0.03888343859068379,-0.03840334617294325,G2,-6.767934837911775
006120,2024-12-31,0.08434647301158268,0.019405298654101608,0.004946123553987089,G2,3.0389430774938444
006200,2024-12-31,-0.0051656521376186315,0.014088220662765999,-0.008544714425453124,G2,-2.16780584778422
006260,2024-12-31,0.4148861287069313,0.04705142227069679,0.05689671483834177,G4,8.278416143639415
006280,2024-12-31,-0.3464468572157431,0.02287704570441417,-0.028789069791847335,G2,-16.253048449520705
006340,2024-12-31,0.0022639812657544167,0.043206430946243844,0.05968075136407433,G4,-0.5348947651565911
006360,2024-12-31,0.06963632147700369,0.021964727459693266,0.05188079430678894,G3,2.0151147587980045
006400,2024-12-31,-0.2836401336932788,0.029948230863707778,0.026684568495086578,G3,-10.318305949342504
006490,2024-12-31,0.10708123598487085,0.06408355353866398,0.05918790565107168,G4,1.274997350694268
006620,2024-12-31,0.13727795007003626,0.021197367808759818,0.01887913514280519,G3,5.279102390429452
006650,2024-12-31,0.1294473848342675,0.03730556101399206,-0.004718035078388635,G2,2.789731798839144
006730,2024-12-31,0.07144522446297509,0.014959300684117561,0.052103626643168297,G3,3.07971277774291
006740,2024-12-31,-0.16566868393643364,0.012128925319630354,-0.20757351401456084,G1,-15.751070593800634
006840,2024-12-31,0.1190912608251459,0.015257049385106568,-0.01332153831553059,G2,6.1424973767620346
006880,2024-12-31,0.17670267079341728,0.03130593478128599,0.05147856850141255,G3,4.83383731712997
006890,2024-12-31,0.05272262404054599,0.012014908673696843,0.07711850656289744,G4,2.2761512203930416
006920,2024-12-31,0.4951823901686983,0.0481390192292953,0.04533299861972819,G3,9.759391086281084
006980,2024-12-31,0.1042837147108629,0.01723293796958042,0.09836967924537009,G4,4.5789545491403025
007070,2024-12-31,-0.09737095102389622,0.016987879616105785,0.003077684337903164,G2,-7.2254942228060015
007160,2024-12-31,0.05092210136166729,0.01820119350628717,0.023043971182018563,G3,1.4036017117692103
007210,2024-12-31,0.2955273877442752,0.013930126339119053,0.05913540296301815,G4,19.39340004301496
007310,2024-12-31,0.018197640971235586,0.011973251212627612,0.06307494880208366,G4,-0.5994390246481185
007340,2024-12-31,0.1479277611775381,0.028302837160165496,0.14659718597186336,G5,4.330056576448942
007390,2024-12-31,0.38131172602504393,0.07167553807159453,0.018973608966098073,G3,4.965945992194846
007460,2024-12-31,-0.0787423415161232,0.027739043653801292,-0.22807952838839723,G1,-3.7534537172789375
007530,2024-12-31,-0.0018202233118568,0.025451684632796408,0.0926208572032886,G4,-1.0684989502350606
007540,2024-12-31,0.12166540383040401,0.012846791362350203,0.03149618961675497,G3,7.495297939733066
007570,2024-12-31,0.10153003588371576,0.026202790605444476,0.04349624318885179,G3,2.906375966989259
007590,2024-12-31,-0.014105675803509809,0.0037771192072739122,0.05890012901493862,G4,-10.452556204071826
007610,2024-12-31,,,0.3126105592400339,G5,
007660,2024-12-31,0.2998292867404145,0.05616209310039614,0.22603992247823512,G5,4.886826622536948
007680,2024-12-31,0.20180989292186444,0.04136758989717902,0.009134862511874777,G2,4.265054318136529
007690,2024-12-31,0.06458318175068661,0.021557218952102258,0.010471654680728215,G3,1.8188017126793175
007700,2024-12-31,0.054889108001314406,0.014893728932168063,0.09554861525280062,G4,1.981655039898599
007720,2024-12-31,0.10375218085652574,0.04201044899562153,-0.10280355199399113,G2,1.8656621800137032
007770,2024-12-31,-0.0816474324625922,0.020984188305418584,0.038243546356293734,G3,-5.100140444076965
007810,2024-12-31,0.18277535131436076,0.04538117148924868,-0.1893939484378766,G1,3.468409279642566
007820,2024-12-31,0.2331891168131943,0.03744760661012549,0.1906892216066604,G5,5.549466591464439
007860,2024-12-31,0.12909991077521896,0.029152692697026403,0.14776461938073823,G5,3.5579916014344364
007980,2024-12-31,-0.02337338235356072,0.0163173612696719,0.09240357926090653,G4,-2.98750861416338
008060,2024-12-31,0.18593188121893328,0.010900359320696315,0.028307689659199553,G3,14.729515009114113
008110,2024-12-31,,,0.10426940301261779,G5,
008120,2024-12-31,,,0.07906787076951732,G4,
008250,2024-12-31,0.19013986088929413,0.04655481989151467,-0.009526038059603852,G2,3.539160634135008
008350,2024-12-31,-0.030136946912647004,0.021775333242586594,-0.0898224228316816,G2,-2.54929838704287
008370,2024-12-31,0.014195753337284608,0.006579914262517103,0.07759513925272954,G4,-1.6989767976762173
008470,2024-12-31,-0.1066995931465646,0.009524525091984325,0.02149682651009028,G3,-13.86677727981589
008490,2024-12-31,0.15254432389077743,0.02909004624245747,0.0424458754429168,G3,4.371579468484009
008500,2024-12-31,0.9388432132448098,0.0599023977996252,0.5617098595036304,G5,15.249278356108228
008600,2024-12-31,0.3520993633955341,0.09691949953024014,-0.31666292135437457,G1,3.3710913694265607
008700,2024-12-31,0.09997621213221278,0.04193113054775937,0.07790878466040066,G4,1.7791396548977423
008730,2024-12-31,0.4061430047319773,0.05276189660572951,-0.029320468982848413,G2,7.216725596073986
008770,2024-12-31,0.2006445876805359,0.02584750289131158,-0.047885482486539434,G2,6.780914714181203
008870,2024-12-31,-0.0470924622168393,0.0168265877193224,0.04779956571895139,G3,-4.306716158120591
008930,2024-12-31,0.003089621275612804,0.01959873893155257,0.0675961075798099,G4,-1.137075900761631
008970,2024-12-31,0.9687119937216393,0.07536130885651822,-0.1818045574305557,G1,12.51752567776757
009070,2024-12-31,-0.009990206229385588,0.01837651571237697,0.09045351374447105,G4,-1.9244715256639455
009140,2024-12-31,-0.0425698419693026,0.008520620281378231,0.03344063976063686,G3,-7.97415149666925
009150,2024-12-31,-0.026278874958026693,0.02478450052549775,0.07799767327687582,G4,-2.084115026037601
009160,2024-12-31,0.08191292987226009,0.012572407590164345,0.04536050938118392,G3,4.496995063737116
009180,2024-12-31,0.04929578712338643,0.017013520703663413,0.06664797770180407,G4,1.4059942407003216
009200,2024-12-31,0.0681942632572089,0.012987304550835315,0.0680873233657107,G4,3.2970188763652937
009240,2024-12-31,-0.10232586552024758,0.01668876733199691,0.4310024192809283,G5,-7.651897709389866
009270,2024-12-31,0.18203441664771078,0.02553769452817188,0.024907303461136236,G3,6.1344433999275845
009290,2024-12-31,0.01416272773175134,0.013110388530103611,0.06768088935382728,G4,-0.8552109071751541
009300,2024-12-31,0.0157531884643853,0.010609176374832732,0.10037275758871514,G4,-0.9069211591617435
009310,2024-12-31,-0.060140534150403546,0.05345184797669155,-0.3574669371452769,G1,-1.5998587960456252
009320,2024-12-31,-0.0032044326212456106,0.008388308003099096,0.03179329035137544,G3,-3.4070408013972364
009410,2024-12-31,0.27524497200211817,0.052277144444333956,0.12671487788664093,G5,4.779719696973622
009420,2024-12-31,-0.28247487915220415,0.03435589875071209,-0.010720691620431638,G2,-8.960608377209848
009450,2024-12-31,-0.13931037444395658,0.03647361222439105,0.17880051717778517,G5,-4.515188910568786
009470,2024-12-31,-0.014453964295795596,0.04982368008211809,0.18446342209715733,G5,-0.7993957738599542
009540,2024-12-31,0.22321984885156612,0.03433385280680854,0.10275496646063259,G5,5.762387779921182
009580,2024-12-31,0.06347950509639268,0.019702730056788204,0.03498131289171886,G3,1.9339771689794054
009620,2024-12-31,0.23947565871144388,0.05025437041041431,-0.7099536644567402,G1,4.2603415775173135
009680,2024-12-31,0.1329695456986646,0.011458857122259239,0.06912393902003054,G4,9.389651127568222
009780,2024-12-31,0.168929169860403,0.021278166759163476,0.12834305393539314,G5,6.746553708560495
009810,2024-12-31,-0.17170322390080878,0.024253433603102618,-0.011265188169720546,G2,-8.125781368770712
009830,2024-12-31,0.6883334156563898,0.04231315021180383,-0.12906562081424186,G1,15.667907904229935
009900,2024-12-31,-0.1878185370159772,0.02435410966136318,0.18508673014391688,G5,-8.75389882776951
009970,2024-12-31,0.1509802982506494,0.018935786948280704,0.09938283078546915,G4,6.63322964045357
010040,2024-12-31,0.07994026016187808,0.012285265833405112,0.030318815791622565,G3,4.441530684139391
010060,2024-12-31,0.1684764902718642,0.04363383995303564,0.023518284708318394,G3,3.27960169047438
010100,2024-12-31,0.4407801490975909,0.07136369024271226,0.11512529855025241,G5,5.820961229510025
010120,2024-12-31,0.34157157308595076,0.05251000183561907,0.12816200908375713,G5,6.021647058322237
010130,2024-12-31,-0.14589498525119837,0.04797873349810523,0.025644581217137617,G3,-3.5697036533480424
010140,2024-12-31,0.3035841892148719,0.035528394940145196,0.014369364275235058,G3,7.83061871169728
010170,2024-12-31,-0.2626795124179526,0.05195628085600227,-1.3725986564663695,G1,-5.544168725554092
010240,2024-12-31,-0.015187618806852217,0.015487809521862484,0.0966300481790305,G4,-2.6189948778485728
010280,2024-12-31,0.3017669740566372,0.043897355195720016,0.14036419754596552,G5,6.296326915922839
010400,2024-12-31,-0.20041721362480433,0.020773258423766084,-0.304169098994807,G1,-10.86936310225083
010420,2024-12-31,0.5931394954112288,0.04415181571322889,0.0493702789034525,G3,12.859371947439833
010470,2024-12-31,-0.08682457601846043,0.023253968321972268,0.0793314209634349,G4,-4.82495931296359
010580,2024-12-31,-0.10231262493247638,0.015724319209934282,0.01656896674552121,G3,-8.120383351910471
010690,2024-12-31,0.18684828538096676,0.03249703809051771,0.10351355521763723,G5,4.96886546802193
010770,2024-12-31,1.190413199100569,0.10669630616967223,0.020292049097272755,G3,10.919200166572628
010780,2024-12-31,-0.12703025639527113,0.019441164708210234,-0.10286999031738517,G2,-7.839300457698845
010950,2024-12-31,-0.03647530735108972,0.02026745894043647,-0.022199843208906708,G2,-3.051698909708398
010960,2024-12-31,0.11922815705103323,0.03591623154657089,0.02341647608753112,G3,2.613116076204657
011040,2024-12-31,-0.05822121684744151,0.00759131350045659,0.024724809548663167,G3,-11.012072132499005
011070,2024-12-31,-0.10791954110780161,0.032222248631811876,0.08391582529630463,G4,-4.13671986802947
011080,2024-12-31,1.6054426991338686,0.1149584501304578,-0.13702993006769126,G1,13.744686209154413
011090,2024-12-31,0.3898551636673882,0.05282766306454773,0.09141575343608109,G4,6.89942101398743
011150,2024-12-31,0.10058705005697859,0.023133976287572817,0.06001847918903345,G4,3.251156399662315
011160,2024-12-31,,,0.055717623637444695,G4,
011170,2024-12-31,0.06404347342053174,0.03824008368980584,-0.09133283955864525,G2,1.0112059046262012
011200,2024-12-31,0.06206784741317345,0.02703279729487871,0.1357765262096479,G5,1.3573501851443561
011210,2024-12-31,0.1465142188281805,0.023878265051112315,0.0321565785352752,G3,5.0732054263103805
011230,2024-12-31,0.39720565561349436,0.0370403711491561,-0.41083343113259907,G1,10.038527398016257
011280,2024-12-31,0.1260123446026055,0.021943115611071682,-0.06193901547576827,G2,4.586288993155902
011300,2024-12-31,-0.17864382524542927,0.045190009359624535,-1.0405458972998398,G1,-4.514685947989907
011320,2024-12-31,0.154407797046711,0.025588042687995555,0.06194472913924007,G4,5.042703876183772
011370,2024-12-31,-0.0004837259958276087,0.010398986108329289,0.03676693539715505,G3,-2.4866463640253924
011390,2024-12-31,0.286054015974747,0.03756843829599377,-0.014011184715041638,G2,6.938780337923853
011400,2024-12-31,,,-0.5627077649362031,G1,
011560,2024-12-31,-0.0001746075077846826,0.015722299378390266,0.1161492873809423,G5,-1.6250474496689402
011700,2024-12-31,0.1523011717669373,0.02875951471102626,-0.005315285245671796,G2,4.413367125359539
011760,2024-12-31,0.20763035143252695,0.028151435005905764,0.18460252614777434,G5,6.474109628666972
011780,2024-12-31,0.30868496825120034,0.030937039434015354,0.0576943302616453,G4,9.15763429320584
011790,2024-12-31,0.05139494405344801,0.04576570928714742,-0.19847736284982004,G1,0.5685494545750512
011810,2024-12-31,-0.19764842218259504,0.02497013694852551,-0.34456458531734324,G1,-8.931600881578849
012030,2024-12-31,0.0030304353165322012,0.01875227618994727,0.23533370259227376,G5,-1.1915587983631661
012160,2024-12-31,0.27048428458815227,0.03735817082455547,-0.06905670200934683,G2,6.56106560300437
012170,2024-12-31,8.477602461742023,0.8951482433152803,-0.40723332030682696,G1,9.442265736274324
012200,2024-12-31,-0.005494934683533015,0.01904112449319355,-1.1028232995851817,G1,-1.6212177854605034
012320,2024-12-31,-0.021356176719902892,0.026997607389064027,0.04559327310138212,G3,-1.730933080345198
012330,2024-12-31,0.14284319010071767,0.02225198512987495,0.08803808871077277,G4,5.2790038468526435
012340,2024-12-31,0.08237456210612489,0.014873495402182503,-0.25593751130740616,G1,3.832299373135981
012450,2024-12-31,0.9976411468484299,0.05135499605650302,0.2234954830117,G5,18.932262613333663
012510,2024-12-31,0.025851276293600095,0.04171228868527686,0.1406335087115889,G5,0.011421125730947139
012600,2024-12-31,,,0.027317933960822192,G3,
012610,2024-12-31,0.16623625147475238,0.016875312308423835,0.06121448281788686,G4,8.347186345371343
012620,2024-12-31,0.006660591257531705,0.009889527242271065,0.041520235437101316,G3,-1.8923335043233742
012630,2024-12-31,0.4947903868803102,0.018737474603670673,0.05105155177043382,G3,25.052229385722647
012700,2024-12-31,-0.008276857486546621,0.011891140365790394,0.02299630628905508,G3,-2.8299836223747916
012750,2024-12-31,0.07882159024701481,0.014801107744358968,0.10641411757428641,G5,3.6109942694920627
012800,2024-12-31,0.08226396340599881,0.026776393829777822,0.011405369494141388,G3,2.1245985836499353
012860,2024-12-31,0.1116669694031378,0.019080674223491557,0.07420508834580458,G4,4.522486647610049
013120,2024-12-31,-0.0010285000845951,0.013777424318387382,0.01749309787113009,G3,-1.9164231625904908
013310,2024-12-31,0.2285437939424828,0.024780255258751684,0.05610483468013173,G4,8.198822684472926
013360,2024-12-31,0.12836025298014417,0.07726154954690934,-0.8611724799070188,G1,1.3329447646868204
013570,2024-12-31,0.03329979289891331,0.017046886381277406,0.060267364632056536,G4,0.46488946554000965
013580,2024-12-31,0.8730716811204415,0.07155713048877184,0.05941927650919365,G4,11.846433756220216
013700,2024-12-31,-0.009186236496627392,0.04375320524903946,-0.22961388792891702,G1,-0.7899103917052138
013720,2024-12-31,0.8654300205592538,0.05576290619431144,-0.2534916596955683,G1,15.064766219895306
013810,2024-12-31,-0.024672925032563443,0.022855486327510267,-0.03687167843079813,G2,-2.189749949548123
013870,2024-12-31,0.10029611379453589,0.011810751223586654,0.05182077434744011,G3,6.3434778513423
013890,2024-12-31,-0.2113349613728667,0.0470934170003714,-0.010105182229550728,G2,-5.02638906773318
013990,2024-12-31,0.4092264978828757,0.04912930668246324,0.06079438301570523,G4,7.813088537231321
014100,2024-12-31,0.09519092669951687,0.04732463262603472,-0.1870586854335626,G1,1.475258186391265
014130,2024-12-31,0.08858537920839599,0.01739476767294938,0.16702220743710028,G5,3.6338803367115227
014190,2024-12-31,0.15671607975780383,0.03670484228924996,0.025032867832531933,G3,3.578307290432652
014280,2024-12-31,0.24652424408986523,0.03541893188738909,0.033733100974450064,G3,6.24381813073831
014440,2024-12-31,0.365554173937569,0.032855552199263865,0.12334037310868924,G5,10.353784251575927
014470,2024-12-31,0.20622589256360427,0.05014579170040012,0.06825230515572416,G4,3.606504383141711
014530,2024-12-31,-0.03533178836679131,0.008891255070385544,0.04152838239513418,G3,-6.82768213106262
014580,2024-12-31,0.03730229932423443,0.02369731041993282,0.11158439101306254,G5,0.5033239685378716
014620,2024-12-31,0.21759787409120726,0.038597843420847634,0.07905069573603023,G4,4.980148683316927
014680,2024-12-31,0.22539925164837343,0.03528802434038431,0.11656598530951569,G5,5.668335940798522
014710,2024-12-31,0.2911329243947033,0.05642576740473986,0.049651133840253464,G3,4.7098703592000986
014820,2024-12-31,-0.1805023477346293,0.02676838524286793,0.08669517645281603,G4,-7.691058719706766
014910,2024-12-31,0.09508242916562203,0.017227243325254642,0.06544308753317861,G4,4.046355696586278
014940,2024-12-31,0.12347824727529386,0.04144133360511646,0.2365654085188921,G5,2.367283186639094
014970,2024-12-31,1.0986386897074922,0.08160205813519424,-0.11500982124197681,G2,13.152411093962385
014990,2024-12-31,0.0872468349944546,0.030884676135029446,-0.03599259673225264,G2,2.003322285911211
015230,2024-12-31,0.04057846114561601,0.01810537862825608,0.10932776732117251,G5,0.8397276001667601
015260,2024-12-31,-0.1982680378843239,0.01718619196790989,-0.3999650818806678,G1,-13.012941627901666
015360,2024-12-31,0.011651386806469894,0.01201626853152987,0.05994042938212964,G4,-1.1420756915943242
015590,2024-12-31,,,0.01801146124469394,G3,
015760,2024-12-31,0.2583889523430723,0.01708315716423673,0.08756576223877122,G4,13.639989090007491
015860,2024-12-31,0.0177000310368562,0.013492571141964463,0.04827507411504273,G3,-0.5688199737760551
016100,2024-12-31,-0.024887398704740507,0.016127549430042673,-0.08684736349926864,G2,-3.1165474905388337
016250,2024-12-31,0.22280472708151491,0.016322178021604405,-0.15472937668711537,G1,12.095803134863024
016380,2024-12-31,0.09225514144004307,0.023033308886350363,0.0675777451444334,G4,2.9036325944326915
016450,2024-12-31,-0.10560781770943697,0.017423275845407735,0.025121914465111944,G3,-7.517684611758021
016580,2024-12-31,-0.003101587034283603,0.009701700936623519,0.06218251065103748,G4,-2.935203035045754
016590,2024-12-31,0.41352381323240406,0.018700551261330592,0.04806318018044575,G3,20.756015841898037
016670,2024-12-31,0.4157135121795231,0.05710372093863253,0.05574560611739419,G4,6.835607746104796
016710,2024-12-31,0.0532321682343245,0.006985833293704983,0.07516112764159223,G4,3.9876836539210077
016740,2024-12-31,0.0037171538423312195,0.018510314082112192,0.06936549530648263,G4,-1.1700353144519644
016800,2024-12-31,0.09905428295211,0.011805483808387885,0.08313531219573314,G4,6.241117191635995
016880,2024-12-31,0.5785025351573496,0.04054217525679473,-0.027404112894625618,G2,13.643265479807901
016920,2024-12-31,0.04586358395299672,0.05692015680493955,0.018803918006920807,G3,0.3599552443822277
017180,2024-12-31,-0.10860696944640202,0.012874295314412377,-0.036751333272667636,G2,-10.406926451066681
017250,2024-12-31,-0.036647772019015985,0.020483032014929237,0.05730589354892978,G4,-3.0280012731420927
017370,2024-12-31,0.11205384369491586,0.025858936224826205,0.2643105498407159,G5,3.351992825277113
017390,2024-12-31,0.022914745010592003,0.005193483270939583,0.03126635445136265,G3,-0.473695564434331
017550,2024-12-31,-0.012936013646642978,0.016392085882345152,0.04953463403384314,G3,-2.3371576333616653
017650,2024-12-31,-0.008640126669376025,0.009472372088323107,0.048255432077376495,G3,-3.5909697541661583
017670,2024-12-31,-0.009482081172843708,0.013175748563105926,0.11727577975442934,G5,-2.64553896166844
017800,2024-12-31,0.37048642415471844,0.025769989389018783,0.14447663458445623,G5,13.391994228052685
017810,2024-12-31,0.37328255386211795,0.039349690180798445,0.058937662768736646,G4,8.8414337511579
017860,2024-12-31,-0.12103888159049621,0.03905882452012268,-0.03646703568355961,G2,-3.748544877869159
017890,2024-12-31,0.0974115013896889,0.011721743269660046,0.05404459089290526,G3,6.1455557191859675
017900,2024-12-31,0.0630194862849641,0.013318207835111326,0.044390699259755466,G3,2.8265523222816893
017940,2024-12-31,-0.09603208770326,0.014310288148756843,0.02996580929489756,G3,-8.483893646390817
017960,2024-12-31,0.5529475728106181,0.03412550647672042,0.04284616608901269,G3,15.459776345605748
018000,2024-12-31,0.5213070724307723,0.040757758228862496,-0.34057684006935574,G1,12.167798696042594
018120,2024-12-31,0.045217540202878305,0.006717448922442539,0.11847157333660602,G5,2.9538989327608176
018250,2024-12-31,0.06378343577822171,0.029809803514428784,0.10608431812099656,G5,1.2884540067374446
018260,2024-12-31,0.01897115178315511,0.019012798671973048,0.08134618875330098,G4,-0.3368111832102165
018310,2024-12-31,0.013684881475905825,0.016949273161309588,0.11385682799589232,G5,-0.6897047096260811
018500,2024-12-31,-0.05355414855572377,0.06631247767312741,0.1716336946158736,G5,-1.1902590029102336
018620,2024-12-31,0.013492490395637602,0.011942860636762162,-0.05517343597716912,G2,-0.9949362188642121
018670,2024-12-31,0.1711883901300797,0.02548079222462705,0.06491826781595073,G4,5.722487505280613
018700,2024-12-31,-0.22791809705903682,0.017747700832889894,-0.4658784365410117,G1,-14.271875238601966
018880,2024-12-31,-0.09217384248992228,0.025967999608286045,-0.11958221828574378,G1,-4.526675880433009
019010,2024-12-31,0.046367230132722,0.009153359169990398,-0.0325750587549375,G2,2.2934045024198517
019170,2024-12-31,-0.2823017657254365,0.026963395300450665,-0.05956631909256081,G2,-11.410901234693318
019180,2024-12-31,-0.054695333683396775,0.01644355977905937,0.22616356572933563,G5,-4.86939627180758
019210,2024-12-31,0.14900526585612803,0.02123496615392022,0.04207885400614322,G3,5.822019680182275
019440,2024-12-31,0.0187034219171922,0.00720936588921074,0.03318945771551891,G3,-0.925386945999235
019490,2024-12-31,-1.2080532831917983,0.0752531166010004,-1.7504280027991475,G1,-16.39039303490324
019540,2024-12-31,0.09077130471800236,0.022929160667141905,0.14972335987040292,G5,2.852107439402141
019570,2024-12-31,0.2813578304480263,0.06236997165428855,-0.005666879384560908,G2,4.104266021907435
019680,2024-12-31,-0.083546767988942,0.014002598529896973,0.012886024868030617,G3,-7.778673562366528
019770,2024-12-31,0.08396129918997731,0.014825745895225232,0.10095155630922106,G4,3.9516679028503807
019990,2024-12-31,0.2162532266228317,0.02412018784891572,0.011608809637754318,G3,7.913634537942137
020000,2024-12-31,0.058785141092468296,0.014592910219313535,0.030804822767844322,G3,2.289486167622017
020120,2024-12-31,0.10139494795502627,0.04426335338356707,-0.03608058229596332,G2,1.717449473298356
020150,2024-12-31,0.009347511800792296,0.03584145466897521,0.015141467415731323,G3,-0.4471739037166135
020560,2024-12-31,-0.08664785891595853,0.013287281845588908,-0.41173002398517855,G1,-8.430823942607017
020710,2024-12-31,0.858576727434206,0.07250335125062723,0.19344080235071634,G5,11.491908140273694
020760,2024-12-31,-0.1081783077567019,0.018400710942006782,0.16049379401026498,G5,-7.258044712381998
021040,2024-12-31,0.8651697078072467,0.061964270994536774,-0.3167028056010227,G1,13.55288812937522
021050,2024-12-31,0.11355681554048032,0.021662246732352453,0.11664890397158266,G5,4.0707661412046
021240,2024-12-31,0.3008209855923498,0.027564969830362766,0.17691855608315574,G5,9.992614259600838
021650,2024-12-31,-0.0023595540267732015,0.012879144773056553,0.10236049068316438,G5,-2.1534371664797343
021820,2024-12-31,0.17744986397291998,0.02544457441660535,0.08298790705763431,G4,5.9767157619926445
022100,2024-12-31,0.33481094947638257,0.046925837657822954,0.16847210693227946,G5,6.5941513230461615
023150,2024-12-31,-0.0921579660583374,0.016003789277603864,-0.2546453065487526,G1,-7.344063272741039
023160,2024-12-31,0.23413627378492222,0.03840127523740173,0.07567163454247386,G4,5.436314223794179
023410,2024-12-31,0.0637932564834106,0.015300166358471081,-0.09812725796930041,G2,2.5109780235912216
023440,2024-12-31,0.10255617656774312,0.03288881761629963,-0.5446943364849172,G1,2.3467338494252297
023460,2024-12-31,,,7.292324307931875,G5,
023530,2024-12-31,0.243317331731088,0.021080717314774476,-0.058359610506424665,G2,10.33847442080837
023590,2024-12-31,0.21034409881260102,0.020261329578950972,0.13551926906962036,G5,9.129175017455976
023600,2024-12-31,0.005150371205526333,0.011339609725684123,0.05925319223804176,G4,-1.7835273244603222
023800,2024-12-31,0.04972018701594001,0.019678944321684353,0.03965205531131526,G3,1.2371248994852724
023900,2024-12-31,-0.034669110296015826,0.00987040818119122,0.05666967200119545,G4,-6.083232242657805
023960,2024-12-31,-0.01607564962619812,0.0267618308662853,0.08107356417849935,G4,-1.5488672966100274
024070,2024-12-31,-0.03880304856785288,0.019791066092402245,-0.2737459541620648,G1,-3.242772434199018
024120,2024-12-31,0.10533132693183082,0.018310269439516785,0.02474368667280404,G3,4.366754525155744
024720,2024-12-31,0.41098451014357207,0.0426783496653328,0.040970000601019574,G3,9.035251788491696
024740,2024-12-31,0.1745348857848842,0.039772173293745196,0.04845769853570856,G3,3.7503610799247413
024800,2024-12-31,0.234244627156164,0.01551200001489617,0.1429890887149812,G5,13.465043318436464
024810,2024-12-31,,,-0.06002156994613252,G2,
024840,2024-12-31,0.06023448433078346,0.03926899096415825,0.012578938817466908,G3,0.887713396114524
024850,2024-12-31,-0.13024947245485524,0.0339291804850829,-0.04908978796624012,G2,-4.586740535135415
024880,2024-12-31,0.054379564788714085,0.022080080402720408,0.09371101350062536,G4,1.3136134135245512
024890,2024-12-31,-0.09890242917422815,0.00954173318040307,-0.28900166444690417,G1,-13.024604841127859
024900,2024-12-31,-0.03870417062808098,0.021535031084733588,0.16404802523695997,G5,-2.975572469617064
024910,2024-12-31,-0.0640821856714267,0.020772545690264495,0.024172771199232942,G3,-4.306504460517456
024940,2024-12-31,-0.35533310615640945,0.05974480708435402,0.032199072730343954,G3,-6.372235508583796
024950,2024-12-31,0.05214665346734658,0.016390597200745486,0.010283927213859241,G3,1.6333619903812258
025000,2024-12-31,0.025313034853666996,0.006453615670225427,0.09107526652163277,G4,-0.009582248075027965
025320,2024-12-31,0.14208636537621416,0.044851206727390666,0.16704272988313773,G5,2.6021928704303594
025440,2024-12-31,-0.054589139115795104,0.04961419162417156,-0.04151119800927293,G2,-1.611716557260955
025540,2024-12-31,-0.013919444129070868,0.024046755231865974,0.1324269562273791,G5,-1.6340798893731536
025550,2024-12-31,0.11563490974824725,0.0762197316216993,0.0033153974190724897,G2,1.1842082467074808
025560,2024-12-31,-0.1810265731367432,0.030610909081254963,0.062295973027568514,G4,-6.742741536648323
025750,2024-12-31,0.2766466607907999,0.06102492600686705,-0.13665793719949318,G1,4.117527086596135
025770,2024-12-31,-0.005534285844168301,0.010906943123263655,0.142090484701426,G5,-2.8338976828660147
025860,2024-12-31,0.1135904787200028,0.013155988697010587,0.04024571890080369,G3,6.705357214243267
025870,2024-12-31,0.03781695125314899,0.02752345053705366,0.006985792937099379,G2,0.4520536491745017
025880,2024-12-31,0.09662971228156046,0.03914985085338014,0.09738644891749565,G4,1.8200538629997987
025900,2024-12-31,0.14364587572568088,0.0562565808677375,-0.016607065885872987,G2,2.1023496078395327
025980,2024-12-31,0.27694504989055363,0.027092225672501975,-0.04550325724011307,G2,9.28569612299856
026150,2024-12-31,0.274763446515723,0.01967989050872125,0.04960565986728412,G3,12.672254015092467
026910,2024-12-31,0.1981594194226532,0.016108431401707826,0.11882687489768176,G5,10.726342007722396
026960,2024-12-31,-0.022430904294852644,0.02671970692865129,0.09303799146159646,G4,-1.7891580705771493
027040,2024-12-31,-0.02527734281340005,0.04657794353013536,-0.18286858299657946,G1,-1.0874721804887901
027050,2024-12-31,0.05337475093276163,0.019719852005138802,0.009081357934571623,G2,1.4198826606541037
027410,2024-12-31,0.04211763286848859,0.01137334770642957,0.04784034132338409,G3,1.472104634506479
027580,2024-12-31,-0.09649302225786033,0.030469722925687587,-0.21402663579734388,G1,-3.9996391682025845
027710,2024-12-31,0.0658197061752793,0.015002959957007673,0.01673095817922041,G3,2.695790116828786
027740,2024-12-31,0.039527020631349,0.00978890799247501,-0.26085821321243324,G1,1.445732827627774
027970,2024-12-31,0.0001973642300949971,0.009801974324901342,0.009276736569158927,G2,-2.568616274166623
028050,2024-12-31,0.1808197677153463,0.02755420961350531,0.16394116628661984,G5,5.641420853500264
028080,2024-12-31,0.16608706947725183,0.0842488047220076,-0.37907786854467557,G1,1.6701981107216204
028100,2024-12-31,0.09679920716777399,0.016955911706149893,0.050145469240075805,G3,4.212355749757087
028260,2024-12-31,0.07819566537957862,0.0188631420450331,0.07439937526699594,G4,2.800211664285643
028300,2024-12-31,-0.1381420884996446,0.05082344135989337,-0.16565635559708977,G1,-3.217353235522571
028670,2024-12-31,0.026455696236543813,0.020093535631414895,0.04743053849350026,G3,0.05378950008449669
029460,2024-12-31,0.1261811052066047,0.017318741698389165,0.06001068353284913,G4,5.820644014569535
029480,2024-12-31,0.2875800705853333,0.03652131575357604,0.44657408369909474,G5,7.1795112025683006
029530,2024-12-31,0.14710477778089875,0.014127500742150158,0.06877333251358957,G4,8.616520713937112
030000,2024-12-31,0.09390283943460531,0.009606763446598283,0.1413421061784182,G5,7.133304032678227
030190,2024-12-31,0.07524711878887244,0.018864465536306746,0.18244288980491039,G5,2.6437135837687964
030200,2024-12-31,0.17487492197156562,0.01435062960042244,0.023176332306821715,G3,10.417664669372053
030210,2024-12-31,0.1331471154398904,0.034778848649060785,-0.05857604458101199,G2,3.098786895661103
030350,2024-12-31,-0.27032841672881536,0.05375869857016006,-1.0718563097598053,G1,-5.500566412389899
030520,2024-12-31,0.043061048826566015,0.02946364663056202,0.028818368886002452,G3,0.6002710407278825
030530,2024-12-31,0.6316638797771675,0.06382192310745267,-0.04891014181260315,G2,9.499698148493575
030720,2024-12-31,0.0464130897572651,0.012314582867569769,0.10675199656363127,G5,1.7083984884838346
031310,2024-12-31,0.1026727531893781,0.03664820591039819,-0.004442443077852132,G2,2.1091858733375646
031330,2024-12-31,0.04764120084626938,0.014316032446482352,0.12625298241611296,G5,1.5553419517249378
031430,2024-12-31,-0.009814497897338393,0.018947375406768448,0.038600556297659905,G3,-1.8572162181769993
031440,2024-12-31,-0.1005768356984101,0.019829436292066193,0.038154674588216864,G3,-6.351754474674788
031510,2024-12-31,-0.11606824767751182,0.01596527048415745,-0.6007911464847336,G1,-8.859425389495762
031820,2024-12-31,0.15648477717155468,0.01744604495796563,0.10549390683092216,G5,7.51516475438702
031860,2024-12-31,-0.026018233972193383,0.060291440565603094,-0.3866558794078879,G1,-0.8524113620452068
031980,2024-12-31,-0.018573819535989772,0.045969342942608536,0.2220816516259617,G5,-0.9560435656184709
032040,2024-12-31,,,-0.04439900650218762,G2,
032190,2024-12-31,0.16507080697581186,0.01678657968152283,0.13381446376910874,G5,8.321881802376733
032350,2024-12-31,0.3667751718553687,0.020665322790101193,-0.3723643699716873,G1,16.520443465751303
032500,2024-12-31,0.017176678010354607,0.02973910907980887,-0.26873620833927997,G1,-0.27567056456346495
032540,2024-12-31,0.04535954595660929,0.00814908010328016,0.054439481817301565,G4,2.4523836682578564
032560,2024-12-31,0.08030819845101671,0.009827054905807679,0.04754938923865839,G3,5.590008805033922
032620,2024-12-31,0.1170645804233565,0.025124973453687555,-0.014527129648416386,G2,3.649345365174878
032640,2024-12-31,0.15796886550290648,0.012660277655823188,0.035879151665319214,G3,10.473229269337462
032680,2024-12-31,0.23266052508328158,0.05042596587440787,-0.04181607388355747,G2,4.110692705411974
032750,2024-12-31,0.04121375978359598,0.01880416166708546,0.08483871871788459,G4,0.8423074138593565
032790,2024-12-31,0.30083082258494204,0.0311990325034445,0.06482204386543859,G4,8.828990051359145
032800,2024-12-31,0.06601635273865308,0.03824233492637157,-0.11073880084130572,G2,1.062735259677544
032820,2024-12-31,0.2229577034573079,0.029949561010717295,-0.039269670701534906,G2,6.597186128591464
032850,2024-12-31,0.08775485488729899,0.018635550994499903,0.10609554801803239,G5,3.3473643953811636
032940,2024-12-31,0.1449364888000573,0.04388652743150585,0.07812104788457012,G4,2.724335252695906
032960,2024-12-31,0.01683257510957359,0.010600758361874968,0.011823535653682792,G3,-0.8058196969330325
032980,2024-12-31,-0.452757945510333,0.06674197488535796,-0.3755385391403592,G1,-7.163899799663061
033050,2024-12-31,0.0647676388133718,0.015992016122673616,0.06718958108136469,G4,2.4632768946199612
033130,2024-12-31,0.07553401725733669,0.016241303228270058,0.04268679643695439,G3,3.088369298470355
033160,2024-12-31,0.21655307764393725,0.045965158462596134,-0.0412411381373052,G2,4.159198163093626
033170,2024-12-31,-0.1903577736493549,0.02547746684340245,-0.7358070524945453,G1,-8.467586278312446
033180,2024-12-31,,,-0.13042857909282266,G1,
033200,2024-12-31,-0.02263347538886205,0.01603158005820143,0.0009533158773873471,G2,-2.9946112744078484
033230,2024-12-31,0.29272445856310525,0.04751646645095964,-0.1056612761932201,G2,5.626461804331115
033240,2024-12-31,0.05709645161119212,0.03519149468083107,0.04149238811669871,G3,0.9013989573017763
033250,2024-12-31,-0.033713056612052594,0.029229829356893267,0.1571608532406049,G5,-2.0214942376363165
033290,2024-12-31,-0.0002941755238407978,0.015286053476280072,0.05155244159025218,G3,-1.679246416589631
033310,2024-12-31,0.13731527489956502,0.03628294705283792,0.024238762135432936,G3,3.0852069358244005
033320,2024-12-31,0.037894484094452355,0.03783436875519504,0.018593841928703187,G3,0.33090572160618653
033340,2024-12-31,0.2988929209386789,0.034885031497278375,0.006017677580681711,G2,7.840556083775301
033430,2024-12-31,,,0.13131710050277653,G5,
033500,2024-12-31,0.5779816631133956,0.04051174902694504,0.1943461611960411,G5,13.640654905959442
033530,2024-12-31,0.07804948591178032,0.019016138917698922,0.07408634200021842,G4,2.7699950626020304
033540,2024-12-31,0.04996589841454821,0.035539684744754794,0.016325026066044586,G3,0.6919313885635282
033560,2024-12-31,0.2561766513143633,0.02157153404649699,0.014851672200831856,G3,10.699367778706646
033630,2024-12-31,,,0.08450973167991412,G4,
033640,2024-12-31,0.10155430637260657,0.03744609626960318,-0.38313799431459494,G1,2.0343757817672743
033780,2024-12-31,0.07883010341519117,0.0161370945274539,0.12448612031994563,G5,3.312568339006025
033830,2024-12-31,-0.05069536368765961,0.024964378870139112,0.02971104883745533,G3,-3.0471512663449536
033920,2024-12-31,0.1506924353852659,0.014056537405679956,0.08470587074317346,G4,8.915251086987302
034020,2024-12-31,0.5540979395068389,0.03654747162183261,0.03384665861481927,G3,14.466748068859353
034120,2024-12-31,-0.020208379254653103,0.030189792270461115,0.03726515959049039,G3,-1.5098896291265158
034220,2024-12-31,-0.05428822151674517,0.023054027895596945,-0.29844637683026487,G1,-3.4554957978497067
034230,2024-12-31,0.2655081033048111,0.01828264054535916,0.05334100569499046,G3,13.134493767956632
034300,2024-12-31,0.0027599860100736,0.00041610288585095906,-0.3168411999913297,G1,-54.34927216060369
034730,2024-12-31,0.021033200088701326,0.018897019599072536,0.006586451974313921,G2,-0.22975447998750806
034810,2024-12-31,0.14135026134473283,0.018353008600376267,-0.0025246841060804254,G2,6.3191484769617094
034940,2024-12-31,0.12041317827035876,0.022343234135322042,-0.35600733529425205,G1,4.253560728709115
034950,2024-12-31,0.03241074602958851,0.011578195331308066,0.21216167686669604,G5,0.6076828752891351
035000,2024-12-31,0.11795873701682907,0.012334049188276632,0.1117989004878662,G5,7.5063639364134325
035080,2024-12-31,0.13018910690423052,0.017139834939602035,-0.03318944380506598,G2,6.115241615428543
035150,2024-12-31,0.09598607520533228,0.02034804239740686,0.23915907769451442,G5,3.470171666947722
035200,2024-12-31,0.46988859221731605,0.06591078707397906,0.04946603560440294,G3,6.744172493622153
035250,2024-12-31,0.02116052489807148,0.01312493381318826,0.11764491138791941,G5,-0.32109496031849105
035420,2024-12-31,0.027101986330584193,0.021969872575461125,0.07155226400518734,G4,0.07861271496464102
035430,2024-12-31,,,0.003786659649865494,G2,
035460,2024-12-31,0.2617043494332185,0.037505357245234,0.15335138583788693,G5,6.301219126855541
035510,2024-12-31,-0.0858991692245907,0.04113161813611188,0.08283927459109341,G4,-2.705316475913128
035610,2024-12-31,-0.014229649269410408,0.017154560207966605,0.2053250935061792,G5,-2.308687823487191
035620,2024-12-31,0.007104907292669193,0.015589134360014458,-0.07675826517682753,G2,-1.1719680699008257
035720,2024-12-31,0.03818703755825886,0.030818782215173146,-0.011609538544618294,G2,0.4157257891893928
035760,2024-12-31,0.16020900056522278,0.023230901274676814,-0.1579217676806715,G1,5.80408499743403
035810,2024-12-31,0.2278406544537318,0.0146435737510978,0.02908772801945749,G3,13.82625463531765
035890,2024-12-31,0.09348184234828098,0.016318487275387483,0.1635720143686092,G5,4.173607896303231
035900,2024-12-31,0.02372386691719284,0.029136623824391375,0.20235795663435413,G5,-0.05666435798319996
036000,2024-12-31,0.35643064083811365,0.04297018907473907,-0.12333328323328756,G1,7.704312523789471
036010,2024-12-31,0.12376272653081136,0.03432000347700427,-0.05430873953571762,G2,2.866778600320802
036090,2024-12-31,-0.032552760170291906,0.01863599787294346,0.00518772552547306,G2,-3.108373137045359
036120,2024-12-31,0.0015534040158496146,0.01910375648976109,0.08775963070705363,G4,-1.2469521895820752
036180,2024-12-31,,,-0.4043086035900848,G1,
036190,2024-12-31,0.0725715827353798,0.009652105177642168,0.11093639317223616,G5,4.8897838209124345
036220,2024-12-31,0.26368444728290036,0.04433556504203878,-0.039826880328241006,G2,5.375133305664116
036420,2024-12-31,0.14188711017012898,0.0385063317281401,-0.16153572879452838,G1,3.0257941990611075
036460,2024-12-31,0.1592173574677813,0.03405251729849157,0.10612850713573431,G5,3.930472490317482
036530,2024-12-31,0.41685727095976527,0.026974367281219363,0.11555970471628245,G5,14.513126179323994
036540,2024-12-31,0.006311587547079972,0.03024753754361281,0.0410896792508492,G3,-0.6302426247238593
036570,2024-12-31,-0.2041110951906927,0.022422699007444837,0.03072078047452577,G3,-10.234538229073058
036580,2024-12-31,-0.0335982989619885,0.01831215637746243,-0.43166702040210886,G1,-3.220438529815601
036630,2024-12-31,0.6846601121487877,0.041099594404918824,-0.12289389808465402,G1,16.041161639052188
036690,2024-12-31,,,-0.6409049994648509,G1,
036710,2024-12-31,0.32381214995347424,0.025427912768814467,-0.40307403252041357,G1,11.73660133518652
036800,2024-12-31,0.04083857151692099,0.011538951223413344,0.09757931484290144,G4,1.3401301571969624
036810,2024-12-31,0.1738980277591023,0.038309966856350054,-0.006708046563809543,G2,3.8768802206490007
036830,2024-12-31,-0.10281814959984963,0.03219232825599514,0.0373815931540181,G3,-3.982098578905251
036890,2024-12-31,0.0563302874834946,0.02732548556402898,0.07991440541881344,G4,1.1328403446284605
036930,2024-12-31,0.1869737963699672,0.03765398992302877,0.1885208960379455,G5,4.291681218917389
037030,2024-12-31,-0.024380938314094186,0.022758901312423613,0.03483922452305629,G3,-2.1862133251104483
037270,2024-12-31,0.48323902287385756,0.04467138335925852,0.011797234599522746,G3,10.249607543863121
037330,2024-12-31,-0.04819001085792511,0.012385775362337733,-0.011879561449915534,G2,-5.939465532502618
037350,2024-12-31,-0.11533918834816598,0.018824410864705494,0.06458108233489032,G4,-7.47508457818435
037370,2024-12-31,0.13288386117219464,0.018355272345416177,-0.2520258402667101,G1,5.857117461896044
037400,2024-12-31,0.02424054591795201,0.01669012887993872,0.025855103074329634,G3,-0.06796406967302823
037440,2024-12-31,0.11282672322489724,0.024769666529792244,0.16350223086588234,G5,3.5306025666398333
037460,2024-12-31,0.21127826766423763,0.02092439019474094,0.1469802231337082,G5,8.884530967643775
037560,2024-12-31,0.1092045025775925,0.028536497084928916,-0.23920741989044778,G1,2.9376285157951556
037760,2024-12-31,0.10581619797977082,0.012113901719248766,-0.00735926475114652,G2,6.640414033733744
037950,2024-12-31,0.03695653081874234,0.027520483024091144,0.06260078899614646,G4,0.4208376651167021
038010,2024-12-31,0.1177507078943926,0.020076957804811637,0.15806442677177926,G5,4.6010871663162956
038060,2024-12-31,-0.15736081910305127,0.018715300887742783,0.07929486191650567,G4,-9.76397308272668
038070,2024-12-31,0.0526148284033376,0.025420762317184344,0.03614779282209964,G3,1.0715631995395947
038110,2024-12-31,0.32194053330795847,0.039716915163111856,0.057884018907883195,G4,7.466986222117315
038340,2024-12-31,-1.4612490129305153,0.16489122764504216,-0.2699589125959035,G1,-9.015785188589529
038390,2024-12-31,0.28243675082560527,0.04646069622104876,0.09388881726437734,G4,5.532889016612387
038460,2024-12-31,0.2606130675432867,0.04303789315396234,0.006745368657016229,G2,5.465838945734481
038500,2024-12-31,0.07072168393939621,0.0128882451979503,0.0874091078523414,G4,3.5184626179061222
038530,2024-12-31,0.24562192105194802,0.045534106273936524,-0.09332406215849533,G2,4.836968682923645
038540,2024-12-31,0.37626207067925255,0.042114133662692524,-0.3771099958713215,G1,8.331815596389475
038620,2024-12-31,0.1135694381579325,0.047043023698064616,0.012156717324442918,G3,1.8747639123707283
038680,2024-12-31,0.13936511587266656,0.028689531368106452,0.05986041064162973,G4,3.973234676094679
038870,2024-12-31,0.2222137487024515,0.06225409303413996,-0.04954370715384573,G2,3.161862362921353
038880,2024-12-31,0.2906348374441312,0.05334989439337649,-0.32819842082676937,G1,4.972080366049681
038950,2024-12-31,0.03086544187590802,0.025565089217070874,-0.01647358370284489,G2,0.21476814844212458
039020,2024-12-31,0.03917289907156002,0.039687562700389145,-0.044092106766824395,G2,0.34766619899852763
039030,2024-12-31,-0.1299298020956425,0.03847429767510365,0.07075961310818413,G4,-4.036582510410285
039200,2024-12-31,0.17295882909999644,0.03570668304180543,-0.012012149187727542,G2,4.133230575553741
039290,2024-12-31,-0.14901329196473242,0.025671897368139844,-0.052062761005515296,G2,-6.792959805968887
039420,2024-12-31,0.013977782535287708,0.012630904571508943,0.14858575092502307,G5,-0.9023179931562677
039440,2024-12-31,0.20179416398034997,0.04261870832235384,0.10407362908382971,G5,4.13947995903519
039560,2024-12-31,-0.16858181164170194,0.02980635607781399,-0.06860891257049948,G2,-6.507225711702186
039570,2024-12-31,0.0474122006237267,0.014746613950515887,0.07093521964745673,G4,1.494399032732241
039610,2024-12-31,0.4664530599750492,0.05579621003005623,0.07513361837842372,G4,7.905163894419529
039740,2024-12-31,0.19328558925904107,0.01973581348515346,0.06541282394594279,G4,8.507919594262189
039830,2024-12-31,0.0528692488908922,0.021484514698342696,0.02714987862301688,G3,1.2797298089778644
039840,2024-12-31,0.1975196113877852,0.015716526236203454,-0.20243681984672174,G1,10.953103363976515
039860,2024-12-31,0.08143056341516386,0.029005851793612848,0.0484604347163009,G3,1.9325648084400493
040160,2024-12-31,-0.0030909870115114133,0.020663978274986162,-0.05682094510471603,G2,-1.3775596176448488
040350,2024-12-31,-0.0773966874611661,0.03338283526564232,-0.2754037740670127,G1,-3.0785750114801895
040420,2024-12-31,-0.0444450108392133,0.004744675053864409,0.09034206853295382,G4,-14.715419927935187
040610,2024-12-31,-0.022286618557733215,0.010572836477213757,0.042527300882176655,G3,-4.507919294926365
040910,2024-12-31,0.0494533148219997,0.0484052426098229,-0.2917399432457071,G1,0.49743454476795596
041440,2024-12-31,0.09023841672319581,0.03658244691044671,0.034951745285100595,G3,1.77307827117144
041460,2024-12-31,0.20416298363630608,0.017024748133167313,0.06518400959217718,G4,10.501659539267678
041510,2024-12-31,0.5264156590458798,0.0281225869932273,0.0009876609690371398,G2,17.816311997418456
041520,2024-12-31,0.3088583521724008,0.026746303333407988,-0.0014869010323202295,G2,10.598977871394673
041590,2024-12-31,,,-0.13717245817443824,G1,
041650,2024-12-31,0.03384875216531488,0.01112448680774289,0.07474522267125348,G4,0.7617319622705554
041830,2024-12-31,0.05582118853495763,0.01857754369702679,0.11941044028793052,G5,1.6388772397198221
041920,2024-12-31,0.24970145297074192,0.022251277740207572,0.04860906597540585,G3,10.081514445590184
041930,2024-12-31,0.06448944693188197,0.020884649337213037,0.08673251345337091,G4,1.8728862189793245
041960,2024-12-31,0.4936426505128243,0.0309575860186629,0.22414807340455659,G5,15.12610754696853
042000,2024-12-31,0.6756503549033842,0.05181796726934706,0.10898187435710645,G5,12.54922788698535
042040,2024-12-31,-0.04232184016438143,0.0210646264107978,-0.4525514854204413,G1,-3.2137629143842705
042110,2024-12-31,0.006333356857939711,0.008479281770798914,0.06409828753782262,G4,-2.245652244702583
042370,2024-12-31,0.16938095966654323,0.024227087288266374,0.0982950051052215,G4,5.944011467539808
042420,2024-12-31,0.181767531216918,0.01682804219689562,-0.028959298596538282,G2,9.293574046645118
042500,2024-12-31,-0.06314566919673607,0.01617485603563422,0.12033373038413968,G5,-5.472725321432213
042510,2024-12-31,-0.05124702101474081,0.021124012456535838,0.08139254104457266,G4,-3.627241565606714
042520,2024-12-31,-0.18542274573113474,0.017234946558163322,-0.11620114201215638,G2,-12.230825318764365
042600,2024-12-31,-0.14506927393370667,0.0247601046397686,-0.4149214047350015,G1,-6.883821834094622
042660,2024-12-31,0.8418854482474941,0.04966304890795676,0.10861091840304689,G5,16.44100777543436
042670,2024-12-31,0.22297690695979483,0.03421459956187135,0.05869114459672763,G4,5.77537175621374
042700,2024-12-31,0.004977454369565093,0.047080932028961194,0.2821555230409034,G5,-0.43324164903718765
042940,2024-12-31,2.369962943114153,0.11610019213498178,-0.30447254609717894,G1,20.194523583460228
043090,2024-12-31,-1.2669083039703728,0.05733311672437281,-0.5980051127019917,G1,-22.539908046216716
043100,2024-12-31,0.32254008701129705,0.04329131410299677,-0.24708716178051604,G1,6.864314890148514
043150,2024-12-31,0.08499217618782728,0.017717759532404797,0.11745605439229347,G5,3.364832956378631
043200,2024-12-31,0.011146329592502703,0.029000770265050383,-0.03513677589149042,G2,-0.4906264653475252
043220,2024-12-31,-0.603173402859569,0.06823731249175408,-0.3019804533542316,G1,-9.211210918301097
043260,2024-12-31,0.133782219808002,0.02433284760327296,0.05629436483094288,G4,4.455185294195505
043370,2024-12-31,-0.006076075006009117,0.016648281282247258,0.07741039468536404,G4,-1.8891409553217084
043590,2024-12-31,-0.23212020109587228,0.02943195740028297,-0.25791342156074354,G1,-8.748826066641309
043610,2024-12-31,0.018224167849662104,0.020040836306232032,-0.06091952620441495,G2,-0.35680682388061064
043650,2024-12-31,-0.012972111531110407,0.012001006093628783,0.005758439693203362,G2,-3.195314312144915
043710,2024-12-31,0.269891429988741,0.04334893636061548,0.137511862230615,G5,5.640658699319221
043910,2024-12-31,0.33893114054059803,0.05038733135300819,-0.035964288016507785,G2,6.222918680567875
044180,2024-12-31,0.49318102823617294,0.0830593274156101,0.11464802013394883,G5,5.632192889010246
044340,2024-12-31,0.33369995160003163,0.05098968432578789,-0.26247368609180144,G1,6.04681281472647
044380,2024-12-31,0.2530468979852174,0.0455028535727965,-0.07134199960488849,G2,5.003466928090181
044450,2024-12-31,0.032506747184567406,0.01676508521034179,0.10843055072013077,G5,0.42540029442665883
044480,2024-12-31,-0.05555642791819576,0.0214331847067917,0.390826998749634,G5,-3.775981219092953
044780,2024-12-31,0.04477370091145681,0.022934247055933506,-0.038403235870212674,G2,0.8458453361972483
044820,2024-12-31,0.2601455407944172,0.010481951163554982,0.028613570091484443,G3,22.397611106098125
044990,2024-12-31,0.1187880901794974,0.016497731611402333,0.13831506079508307,G5,5.66218540704925
045060,2024-12-31,0.0029045769637381924,0.011101760777073354,0.06787012770546341,G4,-2.0240301054465175
045100,2024-12-31,-0.013944481437201329,0.013116087982920122,0.12691846086704142,G5,-2.997796026406906
045300,2024-12-31,0.11656633398717887,0.019453353032149154,0.03180856542478383,G3,4.687698765167801
045390,2024-12-31,0.31695177969799787,0.022572215363824887,0.10989450925051428,G5,12.917513854900147
045510,2024-12-31,0.24791681722158587,0.04531712005832672,0.02151727171067366,G3,4.910769747396939
045520,2024-12-31,0.014964231277021407,0.022175232309903415,-0.3770901889435986,G1,-0.46947168703748837
045660,2024-12-31,0.17144524840126224,0.06871682345999866,0.1561053874836319,G5,2.1256857643644214
046070,2024-12-31,,,3.8728538157834564,G5,
046110,2024-12-31,,,0.18043160839428837,G5,
046120,2024-12-31,0.2648565464399449,0.029647374232773742,0.037308774882392384,G3,8.077668853898349
046210,2024-12-31,-0.3311434006283558,0.028105443901003016,-0.027395712136908876,G2,-12.68502560870894
046310,2024-12-31,0.22999827676336884,0.023196369787846966,0.1784810779248162,G5,8.821354532405113
046390,2024-12-31,-0.0025210942387130994,0.023404285314116858,0.031901021948418026,G3,-1.1919171580892904
046400,2024-12-31,,,-3.6190079462078586,G1,
046890,2024-12-31,-0.0801649713911038,0.01712008126276937,-0.0027604823711285644,G2,-6.164681392057335
046940,2024-12-31,0.3290423574073711,0.05486428543250962,0.007071891207443319,G2,5.534884488396784
046970,2024-12-31,0.08258166564217954,0.05701320982507965,-0.12844047280164456,G1,1.003395367805002
047040,2024-12-31,0.15182412766273468,0.02207340064213954,0.056032438863922916,G4,5.728580507950141
047050,2024-12-31,0.2690788394326314,0.03603471809148366,0.06849612419454235,G4,6.763032357126381
047080,2024-12-31,0.10922437535792677,0.02306720919316191,0.08641533240904935,G4,3.6350084509912586
047310,2024-12-31,-0.24226029610747382,0.023300062916688822,0.045685186926257254,G3,-11.486457013632284
047400,2024-12-31,-0.09645725714612921,0.027881183086964762,-3.0128349673544847,G1,-4.36969018732527
047730,2024-12-31,,,0.07112923988814311,G4,
047770,2024-12-31,0.12998003742232356,0.03341290723351476,0.027414606615977985,G3,3.1306812571340554
047810,2024-12-31,0.46437774265008575,0.03666677663161565,0.09894493884560207,G4,11.972769574502465
047820,2024-12-31,-0.4465798976746213,0.03344274326950611,0.16015336275078212,G5,-14.112322331671903
048410,2024-12-31,-0.22793201960028897,0.03371415551015843,-0.17570501250780912,G1,-7.513369110608892
048430,2024-12-31,0.5643513330307479,0.07014818150408371,0.0919799826701162,G4,7.683398863295852
048530,2024-12-31,-0.2800322602293393,0.028432138084212612,-0.03093083094409477,G2,-10.741616909877113
048550,2024-12-31,0.06960520739220488,0.023218436445067058,-0.17029787329930707,G1,1.9049660168483045
048770,2024-12-31,0.06526368885767247,0.03237069673918161,-0.11356551195100267,G2,1.2322507043659312
048830,2024-12-31,0.0059047730859055,0.010165233842148378,-0.01868099550490639,G2,-1.9153619303242277
048870,2024-12-31,0.17122418987982127,0.04436544364932583,0.07717456090856076,G4,3.287453091479174
048910,2024-12-31,0.4222998548955789,0.031480653112934624,-0.011964247119498204,G2,12.608537010704275
049080,2024-12-31,-0.0465852644816141,0.015633886303928,-0.12236991679903733,G1,-4.602831188783441
049120,2024-12-31,-0.015636134330311517,0.008849183343670524,-0.07256225608341685,G2,-4.6344400084833905
049180,2024-12-31,-0.8938544670878132,0.03281815491912884,-3.51149248505377,G1,-28.00978130406773
049430,2024-12-31,-0.030386975114912382,0.023103267108448216,0.11624782352882149,G5,-2.4135915432723287
049480,2024-12-31,0.09579425140418579,0.02010527035156222,0.08352170518800878,G4,3.502533175273322
049520,2024-12-31,0.13248770407356264,0.020705221042207088,0.150155446979663,G5,5.173227991877786
049550,2024-12-31,0.03284336801637641,0.013033762339821299,0.04059780473274007,G3,0.5730112934128294
049630,2024-12-31,0.2993345243330736,0.027876634087851418,0.060838647577402226,G4,9.827572743169332
049720,2024-12-31,-0.006373217562444385,0.008060968075877936,0.25015465372851886,G5,-3.938496253005768
049770,2024-12-31,0.18639949221335692,0.019515751402378195,0.11804518102803079,G5,8.251007808683934
049800,2024-12-31,0.06780155043369729,0.01688405863764062,0.022514474221439502,G3,2.5128244543710023
049950,2024-12-31,-0.042980633148442464,0.033668664992506585,-0.05667515808713282,G2,-2.0302411207470175
049960,2024-12-31,-0.1026898439066813,0.01306226857816439,0.12182415811609189,G5,-9.80417131529215
050110,2024-12-31,-0.18986934463697364,0.020111424691853952,-0.24873786204659168,G1,-10.702584373555464
050120,2024-12-31,0.3872129421259594,0.03160969358100803,0.010587547623297772,G3,11.44706025696376
050540,2024-12-31,,,-0.07706301784755148,G2,
050760,2024-12-31,0.38749974694676426,0.023258520341756045,0.07706415292326459,G4,15.569557591186966
050890,2024-12-31,0.12005653798275717,0.03539498196732054,0.14320537750896864,G5,2.675002435943457
051160,2024-12-31,0.2269403741734402,0.027821804403730527,0.12910571110357144,G5,7.24487514355514
051310,2024-12-31,,,0.18029132879899423,G5,
051360,2024-12-31,-0.21668579733891036,0.022133231462870804,0.23172455443681275,G5,-10.936526496141099
051370,2024-12-31,-0.06566275569291274,0.026673059308581926,0.19563858975398815,G5,-3.4130929504446392
051390,2024-12-31,0.04760159438026989,0.008685076822945422,0.05281209411929786,G3,2.559185121028328
051490,2024-12-31,0.1457157657277931,0.04094221558397135,0.01890204655336692,G3,2.939286235767512
051600,2024-12-31,0.011564928933168295,0.017160504507024332,0.12980401995047133,G5,-0.8047517519766885
051780,2024-12-31,-0.3758194826005646,0.0279860654256216,-0.8390197685017624,G1,-14.335504169631005
051900,2024-12-31,0.11684585772517299,0.019968995228383482,0.035858353067411614,G3,4.580650236981288
051910,2024-12-31,-0.10342872150351679,0.032956728239222535,0.010730410080636164,G3,-3.908264059726194
051980,2024-12-31,-0.5361453020894393,0.05285331625745006,-0.7947588341216459,G1,-10.624123836511187
052020,2024-12-31,-0.2816472433493343,0.0346027389266237,-0.22738170390441403,G1,-8.872769262583091
052220,2024-12-31,0.4095839495676923,0.06183065677271202,0.03191582675208833,G3,6.213892826337515
052260,2024-12-31,-0.0286646731639736,0.020553932953270942,0.04132453121397432,G3,-2.629158530721672
052270,2024-12-31,,,0.0488514965557804,G3,
052300,2024-12-31,-0.07329281910172583,0.030366172438946362,0.5864321739120752,G5,-3.249263446030453
052330,2024-12-31,0.21871619981996257,0.016752620922944376,0.07380142755226292,G4,11.540959812154673
052460,2024-12-31,0.17763432039766536,0.04766552709999123,-0.023437788098878375,G2,3.1943304660884233
052690,2024-12-31,0.27342696187225707,0.024672587141610813,0.10132432554851163,G4,10.053752589808965
052710,2024-12-31,0.7789027607786698,0.03973901615371593,-0.1326191895016636,G1,18.961915988657626
052770,2024-12-31,-0.009221307068415063,0.05008313887426943,-3.0718838366253243,G1,-0.6907750361906547
052790,2024-12-31,-0.043981209105608605,0.025075121047451653,0.031110446962790122,G3,-2.765932175336683
052860,2024-12-31,0.10493038888443806,0.03781114720159329,-0.3934046948889907,G1,2.104022749171857
052900,2024-12-31,0.056048859262376696,0.01914231567219887,0.07565279472594053,G4,1.6024176378475323
053030,2024-12-31,-0.10651531386824424,0.039597598410940425,-0.1937146891085787,G1,-3.3307623229949286
053060,2024-12-31,0.08408121724752962,0.010898672786927775,-0.03282841177774047,G2,5.386558840260252
053080,2024-12-31,-0.04020578177087272,0.026250029314766693,0.0722564722814446,G4,-2.4983079441355507
053160,2024-12-31,-0.2117441798228345,0.04459068537296115,-0.02628805141203149,G2,-5.317681323790965
053260,2024-12-31,0.040633995075423104,0.016389658575611143,0.053339092904354075,G3,0.9310212293335789
053280,2024-12-31,-0.05587750449385919,0.02042208742617376,0.006236622050966958,G2,-3.978652025048276
053300,2024-12-31,0.08348277680598827,0.036647535954271865,0.05354249371995056,G3,1.5855882337763247
053450,2024-12-31,0.03983469566270895,0.03965451114128742,0.07264743726283575,G4,0.3646450365051584
053580,2024-12-31,0.42845415815159626,0.07108085601921728,0.07022046262322178,G4,5.670715094407707
053610,2024-12-31,0.14091892478468498,0.035331389394978416,0.03949133535969115,G3,3.2702945387453983
053620,2024-12-31,0.04368106531651969,0.01061652876225075,0.0448833158643368,G3,1.724310339704549
053690,2024-12-31,-0.009873761418049326,0.02524885815674326,0.10050363192316224,G4,-1.3960487321536714
053700,2024-12-31,-0.016010193992049906,0.020404621657956135,0.11489559493344965,G5,-2.02822035545624
053800,2024-12-31,0.08689778228381609,0.046042626711279594,0.08784702870520347,G4,1.3362162777899056
053950,2024-12-31,-0.18827114494720845,0.02275048885803964,0.07500659461164225,G4,-9.390832051141158
053980,2024-12-31,0.014702358412310074,0.01721733654973939,0.06108479850917276,G4,-0.6198703589755556
054040,2024-12-31,-0.04283378581975469,0.019155189667318506,0.09018049352126473,G4,-3.5608449722702775
054050,2024-12-31,0.06317781892977911,0.010559210693391233,0.04017051089563392,G3,3.580091829537895
054090,2024-12-31,0.12988084427797134,0.03178642350797495,-0.45896548949988475,G1,3.2877548885533368
054180,2024-12-31,-0.4305711319717521,0.07557750208549799,-0.4087093275870521,G1,-6.032827156102057
054210,2024-12-31,0.005985917662399587,0.027767473154805114,0.0012404032872023695,G2,-0.6982614957258065
054220,2024-12-31,-0.45789899470713075,0.028787587623209838,-0.5855325227610773,G1,-16.78757789754824
054340,2024-12-31,,,-0.7895326528897038,G1,
054450,2024-12-31,0.10993457787520744,0.03434812330737614,-0.19113444431699794,G1,2.4618434642992137
054620,2024-12-31,0.1444895595750087,0.02771316750148987,-0.01527064877437613,G2,4.298125956500824
054630,2024-12-31,,,-1.0337969075739923,G1,
054800,2024-12-31,-0.044791572694230876,0.012767540478187678,0.0731950017814217,G4,-5.495690247789277
054920,2024-12-31,-0.08061443107270046,0.02745459833526608,-0.03353756985341529,G2,-3.8605302025691874
054930,2024-12-31,0.03044273706788627,0.02122989318663696,0.1653270365028989,G5,0.23871349814780154
054940,2024-12-31,0.161061195145241,0.01593665109910933,0.09223684611071847,G4,8.514104958526968
054950,2024-12-31,0.2145106652808076,0.02130427686344139,0.14255662283681741,G5,8.87783197210363
055490,2024-12-31,0.11815297861358205,0.023701982104420514,0.02316059755983417,G3,3.914360546086084
056090,2024-12-31,0.020491756928190677,0.0315319121421461,-0.0014399187353669948,G2,-0.154862732389846
056190,2024-12-31,0.053451406433988796,0.016530152316688994,-0.021097063318381192,G2,1.6985040970035399
056360,2024-12-31,-0.30589962753628697,0.04032154524810378,-0.03217107950137628,G2,-8.215818627433826
056700,2024-12-31,0.0188870610538305,0.01102490249549844,0.00895766134329914,G2,-0.5884690543810717
057030,2024-12-31,-0.03480010254875296,0.026389495294597633,0.06048500649075996,G4,-2.280262539203308
057050,2024-12-31,0.08172778560940758,0.018662104241930447,0.04542826028883427,G3,3.0196439736303997
057540,2024-12-31,0.4198684366140643,0.046889685827815455,0.06105953015654055,G4,8.413226803495592
057680,2024-12-31,-0.11662820652265943,0.032029325619091796,0.016442958676860218,G3,-4.433533294188852
057880,2024-12-31,,,-2.809294071395603,G1,
058110,2024-12-31,0.03094080423786899,0.0408161135794683,-0.26210872487390663,G1,0.1363659777904193
058400,2024-12-31,-0.0025737096361086106,0.023590210370509075,0.036814562139451563,G3,-1.1847535141546712
058430,2024-12-31,0.3357707156709787,0.04242233277561435,0.09156749176641453,G4,7.316802739556174
058450,2024-12-31,-0.792795285699688,0.04217597268130417,-0.49133677365432715,G1,-19.39896364411218
058530,2024-12-31,,,-0.16586204265475904,G1,
058610,2024-12-31,0.13891915748937358,0.04399825003096506,0.05160135970345629,G3,2.580654512610467
058630,2024-12-31,-0.004910215161901196,0.019386280119072057,0.12600907472393658,G5,-1.5621919200531393
058650,2024-12-31,-0.031117742255241103,0.012529412145997903,0.010847220860258666,G3,-4.5088003010010125
058730,2024-12-31,0.101840058221248,0.020308322281473477,-0.024184007717498915,G2,3.7652141896036553
058820,2024-12-31,0.40916524786191344,0.046184084487664756,0.014216956522022001,G3,8.310013657722706
058850,2024-12-31,0.04561667863525232,0.019217223825419027,0.03357877587994023,G3,1.0533157036178178
058970,2024-12-31,-0.13356354985741423,0.038957182457021206,0.20898819642443706,G5,-4.079823406961222
059090,2024-12-31,0.29624688953108347,0.030993668099878212,0.14359504151351735,G5,8.73959202435119
059210,2024-12-31,0.234018581889827,0.021942952790669747,0.23228397572808998,G5,9.508460820211187
060150,2024-12-31,-0.03142826690937138,0.021424945826338342,-0.05844411530523704,G2,-2.6512618687484157
060230,2024-12-31,-0.3845241093592575,0.05830504234866135,-1.5188743717002045,G1,-7.0302493206004595
060240,2024-12-31,-0.648652422307326,0.10113810451375223,-3.9268686810951596,G1,-6.6644248530055785
060250,2024-12-31,0.10519345677413923,0.022008507916377498,0.17067244345106825,G5,3.626714817624812
060260,2024-12-31,0.4302068412500105,0.04702546670789424,0.061811552183596886,G4,8.608781466533554
060310,2024-12-31,0.2921652324267281,0.042097245916475214,0.053779431922467674,G3,6.3374777047426
060370,2024-12-31,0.23313393148151187,0.033778698530753284,0.06342935711709063,G4,6.1505938807074205
060380,2024-12-31,0.016627507110037527,0.02130617231077633,0.02514355026019757,G3,-0.41055557809124515
060540,2024-12-31,-0.042279338154217194,0.0316360220142498,0.02003808095417764,G3,-2.138518335957148
060560,2024-12-31,-0.14288071688359083,0.029764116492512357,0.024118928483992802,G3,-5.652967791801185
060570,2024-12-31,-0.00441116438868655,0.029105164316685157,-0.12115647221583713,G1,-1.0233936171805444
060590,2024-12-31,0.06655967923960741,0.021196677617174822,-0.0749843111600633,G2,1.9429839422682462
060720,2024-12-31,0.15735805748200477,0.03029555846935337,0.0812346240553248,G4,4.35651921107569
060850,2024-12-31,0.046074274196845594,0.015886080156626327,0.06844275195825306,G4,1.3029897238817327
060900,2024-12-31,0.2657715290697401,0.03524722133839044,-0.3314481609894607,G1,6.820300861784692
060980,2024-12-31,0.07245086674124451,0.012348573702442982,0.01862802026902628,G3,3.812261470483125
061040,2024-12-31,-0.03161011843930699,0.02531910501075252,-0.09118079673310772,G2,-2.2506717127286526
061970,2024-12-31,-0.028693491591965298,0.027914315796215425,-0.06648488858202524,G2,-1.9369404210615033
062860,2024-12-31,,,-0.24420375924615462,G1,
063440,2024-12-31,0.2110154126509351,0.019490521925408583,0.07881587675684822,G4,9.524657080061415
063570,2024-12-31,0.1057943635036307,0.013440395234580672,0.013287376706396138,G3,5.983416938269801
063760,2024-12-31,0.05292011460325191,0.019471760411894648,-0.021148398394824505,G2,1.4146250272484588
064090,2024-12-31,0.5697152111586652,0.06643040641226172,0.19650976324008304,G5,8.194144301640023
064240,2024-12-31,0.17735005571314127,0.03874578829941138,-0.039185256080981105,G2,3.9223664657108053
064260,2024-12-31,0.041983417133514764,0.028109190435364896,0.009434830543158055,G3,0.5908580743975872
064350,2024-12-31,0.8909577813512388,0.04343631127553213,0.2017134047967938,G5,19.92763383751754
064400,2024-12-31,-0.0469814793287229,0.020482821202807536,0.17190156510063337,G5,-3.5325384922466228
064510,2024-12-31,,,0.08355661318536774,G4,
064520,2024-12-31,0.3134523791774939,0.031170644955384127,-0.004749966736146122,G2,9.2419487819335
064550,2024-12-31,-0.147532493025109,0.028206161812880323,-0.08392621763185433,G2,-6.130127493849623
064800,2024-12-31,-0.182192186747597,0.04261018390139449,-0.19365163629205384,G1,-4.871301711063585
064820,2024-12-31,0.179725384636756,0.03838525775591038,0.07050876859925982,G4,4.02108826826856
064850,2024-12-31,-0.10363021483158957,0.02338884383740492,0.06638713148714012,G4,-5.5156676716647475
064960,2024-12-31,0.25227271798606965,0.029598115187669072,0.10595703164147668,G5,7.665955806557507
065060,2024-12-31,-0.6172200290570083,0.04984906519905764,-0.06620528788237726,G2,-12.890811522563038
065130,2024-12-31,-0.24614681460640586,0.021032765350821915,0.009377588974511708,G3,-12.909462216569413
065150,2024-12-31,,,-1.1364930946968885,G1,
065170,2024-12-31,0.6091714871171656,0.09861636821963951,-0.23557017284281734,G1,5.919875398543648
065350,2024-12-31,-0.6070636315723137,0.039109778850647835,0.023478347478922326,G3,-16.170853560370816
065370,2024-12-31,0.8720161449152077,0.08489784997428115,-0.013248977894650299,G2,9.972470094021087
065450,2024-12-31,0.004101561776283021,0.01610123747360533,0.06556879630388124,G4,-1.321222251307714
065500,2024-12-31,0.9130040089431278,0.09702428620816853,-0.0002772070709856506,G2,9.148525267567472
065510,2024-12-31,-0.06467962164436691,0.02081160729679621,0.06867987494142133,G4,-4.327128383699135
065530,2024-12-31,0.009166119040475706,0.015287041359942246,0.03941901613402422,G3,-1.0602938513659856
065650,2024-12-31,-1.4757250618826516,0.07137073751715936,-4.641689746062501,G1,-21.03242854288494
065680,2024-12-31,0.538550222937736,0.03671344003963095,0.08050694686060485,G4,13.977860624985839
065690,2024-12-31,0.09870395856601762,0.026917867687354314,-0.07230894163986447,G2,2.72417876548471
065710,2024-12-31,0.1640657917319181,0.015513135854501503,0.12844953372824813,G5,8.940224467361553
065770,2024-12-31,0.19918152965162372,0.06986964788096729,0.05901703742399486,G4,2.487584522362667
065950,2024-12-31,-0.0181008629580878,0.025435696514518682,-0.1062926873983924,G2,-1.7092411026869996
066310,2024-12-31,-0.17895538990925586,0.03318469015546576,0.03875786215687933,G3,-6.157365458348303
066360,2024-12-31,0.05562199522695571,0.03838693789487791,-0.08551761908569147,G2,0.7879534520254531
066410,2024-12-31,,,-0.01397676866870574,G2,
066570,2024-12-31,-0.13911816562497392,0.02077898402072415,0.023456008298381258,G3,-7.91631777862262
066590,2024-12-31,0.024128993550356706,0.00848871435622606,0.07914026109897215,G4,-0.1467691569488947
066620,2024-12-31,-0.055079381862165995,0.012306397172175942,0.14553372993234187,G5,-6.537596319747297
066670,2024-12-31,0.0700862934846469,0.018781270886714684,0.01337354422039487,G3,2.380638602911289
066700,2024-12-31,-0.02735411532182149,0.014690877440974403,-0.3008990867557599,G1,-3.589233558967334
066790,2024-12-31,-0.15662457118316284,0.04169112333938294,-0.031121660623723065,G2,-4.3654243782690205
066900,2024-12-31,0.10696473730783215,0.02770589899527492,-0.9563946053629622,G1,2.944855257060846
066910,2024-12-31,-0.23130946555065837,0.049571294760531716,-0.33974102296831243,G1,-5.178084247963369
066970,2024-12-31,-0.1484643969379784,0.04364028968200865,-0.5263431647625604,G1,-3.9834582493536055
066980,2024-12-31,-0.3242041081226782,0.028891954564926735,-1.2115946782431597,G1,-12.099526957828186
067080,2024-12-31,0.45010830857493317,0.06279242530957256,0.010865995805197724,G3,6.764087093004569
067160,2024-12-31,-0.03086366622246245,0.043918792554128686,0.2678261338333511,G5,-1.2805120075455172
067170,2024-12-31,-0.19842079874363389,0.03081348508325136,-0.246962182570906,G1,-7.262913401031609
067310,2024-12-31,0.24438765066354046,0.0451804651974578,-0.01841656392237397,G2,4.847510416423596
067390,2024-12-31,0.1777104903592523,0.0386103707870162,-0.05776912960496488,G2,3.945458493511265
067570,2024-12-31,-0.058056213403271495,0.013056112500391827,0.052036580262900076,G3,-6.3901937426448825
067630,2024-12-31,-0.35721464130397945,0.04897778396792171,0.015562632866489502,G3,-7.811490951786603
067770,2024-12-31,0.021992575086971396,0.027989415697745535,0.06625108158134377,G4,-0.12084210508549569
067900,2024-12-31,0.06027631821050451,0.012584657685138802,0.10332089481032254,G5,2.7733327424328413
067990,2024-12-31,0.043521408404435594,0.013083716021691524,-0.01889285628542098,G2,1.386955615235796
068050,2024-12-31,0.18173206561800015,0.04683257678214508,-0.044256924099446,G2,3.3386416328390314
068060,2024-12-31,,,0.027262497204309698,G3,
068240,2024-12-31,-0.008784043040225004,0.027353698868297915,0.046010049632123746,G3,-1.2487860674599334
068270,2024-12-31,-0.1337902230270609,0.020578984228566,0.023827179996244223,G3,-7.734351523828926
068400,2024-12-31,,,0.06169768338199059,G4,
068420,2024-12-31,,,-1.458686686817745,G1,
068790,2024-12-31,0.07928938589350291,0.011854753677206434,0.10412851640781101,G5,4.5479233362027855
068930,2024-12-31,0.10741779790412162,0.011772140976501115,0.09981588798539215,G4,6.969244003099444
068940,2024-12-31,,,-0.10266654914378893,G2,
069080,2024-12-31,0.0244469968703116,0.020804770820543966,0.0843732240040375,G4,-0.04459929588708272
069140,2024-12-31,0.2324558738214623,0.032672608199750076,0.04757862287926681,G3,6.338061459784112
069260,2024-12-31,-0.0512491169941512,0.014218517005866268,0.08852668768194422,G4,-5.389028403070285
069330,2024-12-31,0.03239918694354457,0.03501821963646546,0.03388131252807191,G3,0.2005902075110059
069410,2024-12-31,0.1155214096319023,0.0224530350667206,0.02395971431798837,G3,4.014893058511967
069510,2024-12-31,0.1569455966810933,0.014735871202926484,0.22734558291917045,G5,8.928601496935174
069540,2024-12-31,0.015955429825102327,0.05229981809114189,-0.2972736007714956,G1,-0.18010474067964388
069620,2024-12-31,0.11422762219282084,0.026044785091519817,0.025185432829732558,G3,3.4115369691321167
069640,2024-12-31,0.06068281803835915,0.023448745763516878,-0.8542331955990239,G1,1.505749748598222
069920,2024-12-31,1.4626845148227834,0.10251264015953412,-0.39783764856644077,G1,14.02080404510104
069960,2024-12-31,0.2494407783506172,0.018529422206108967,-0.0001208686873262654,G2,12.092438763511195
070300,2024-12-31,0.6946257984642645,0.08297051496799815,-0.778583102764094,G1,8.066129560873469
070590,2024-12-31,1.0308047646870118,0.0547746747366431,-0.24506287116615388,G1,18.35574368120164
070960,2024-12-31,0.36976687503483685,0.03476283156383956,0.020214073624713662,G3,9.906902992133555
071090,2024-12-31,0.48409931457829336,0.06260930315495544,-0.007462747833328594,G2,7.326777594744495
071200,2024-12-31,0.4015311389215126,0.04218285585080148,0.24681634851077883,G5,8.917278271816334
071280,2024-12-31,-0.13247509604248023,0.039437458671140985,0.09908645928902249,G4,-4.002539117917087
071320,2024-12-31,0.2672725073023738,0.023563421790505454,0.0925251519348606,G4,10.265810901871774
071460,2024-12-31,,,0.37830824723447276,G5,
071670,2024-12-31,0.1332230266826185,0.027030737340598604,0.004507461931469556,G2,3.9898338814693313
071850,2024-12-31,-0.16262938174727193,0.0193385708797451,-0.11851968918709993,G1,-9.721724418849611
071950,2024-12-31,0.053451371790552704,0.025921727542963575,-3.682410568851347,G1,1.0831259893468812
071970,2024-12-31,0.488307788791525,0.044072048065827124,0.24492991925663438,G5,10.504002743418612
072130,2024-12-31,0.016473399902687563,0.040177911702212514,0.06066972448672901,G4,-0.22155146248734064
072470,2024-12-31,0.014196700268783807,0.015938261838420207,0.0067023083751350035,G2,-0.7013421441145148
072520,2024-12-31,,,-0.18250170356822046,G1,
072710,2024-12-31,0.061472709808886986,0.010940216731070358,0.06147739164139959,G4,3.2995539024714824
072770,2024-12-31,0.33979875466719633,0.03766928920047346,-0.2535305148941375,G1,8.346955473299571
072870,2024-12-31,-0.0008586773870899907,0.007027615282078759,0.052976332546274575,G3,-3.732923806172003
072950,2024-12-31,0.2825895578665389,0.018647004326098567,0.06807851447096368,G4,13.79388765982846
072990,2024-12-31,0.08973542883015997,0.02389000269240369,0.056460473855368364,G4,2.6940371107879666
073110,2024-12-31,0.0374473916674198,0.01536498235259737,-0.06002976110356509,G2,0.7857162729105915
073240,2024-12-31,0.02773205137984401,0.02160549743742315,0.18459360348809062,G5,0.10910076875902576
073490,2024-12-31,-0.047135763032342584,0.02172036343947612,0.01676812376734862,G3,-3.338371304623596
073540,2024-12-31,0.20783979435145322,0.023388404348690033,0.021191470006640685,G3,7.801512092537127
073560,2024-12-31,0.1253107226203856,0.010056813233150894,0.04720873764368502,G3,9.937128720951176
073640,2024-12-31,,,-0.14820684501618867,G1,
074430,2024-12-31,0.06294265119099067,0.01394047368097818,-0.03133786396066238,G2,2.6948708523622145
074600,2024-12-31,0.0009978764688177294,0.034959346731630994,0.10805967943384075,G5,-0.6972955964627938
074610,2024-12-31,-0.5580057352098796,0.05478966413908523,-10.817206718010738,G1,-10.647639830916834
075130,2024-12-31,0.3210513027718556,0.051703765501804014,0.03877873755933565,G3,5.718663329492687
075180,2024-12-31,0.04168739562762339,0.014770565306083349,0.03956679045445761,G3,1.1043937919495197
075580,2024-12-31,0.06461405763402817,0.03060645050337773,0.08830075975877812,G4,1.2820559714919488
075970,2024-12-31,0.002601360962630514,0.0250009000084435,0.0211753365396313,G3,-0.9109077685074626
076080,2024-12-31,0.32533100284982025,0.04024307431338959,-0.11659956020328208,G1,7.45360867596588
076610,2024-12-31,-0.003924706705386,0.02788456650353253,-1.8166918866717254,G1,-1.050745461711739
077360,2024-12-31,0.08877942618528453,0.02845454832946427,0.0688033152610482,G4,2.2282747366483426
077500,2024-12-31,-0.07143101029197152,0.04372353754713577,0.021386363504943252,G3,-2.2140451281557625
077970,2024-12-31,0.26497224111194984,0.046990120731765145,0.09840477811411262,G4,5.098888072232232
078000,2024-12-31,0.007865255489185187,0.02687175346152691,0.04548151687575685,G3,-0.6515994401289756
078070,2024-12-31,-0.01297676928613839,0.014317373285013344,0.060065293346219385,G4,-2.678678799712711
078130,2024-12-31,,,-0.10580610411820357,G2,
078140,2024-12-31,0.06088860566518084,0.0453985464565336,0.05906787238550777,G4,0.7822658088664388
078150,2024-12-31,0.05790481300122968,0.038703008368064055,-0.20098128614790636,G1,0.8405015365180736
078160,2024-12-31,-0.16753113959492189,0.03965867341892772,-0.250899477166892,G1,-4.864157016983188
078340,2024-12-31,-0.13468880737366784,0.02842902564107671,-0.14475975097753857,G1,-5.630290830030911
078350,2024-12-31,0.18261294240163428,0.03521853960701068,0.16014687875289838,G5,4.464639055343855
078520,2024-12-31,-0.0035060895567677747,0.0205937827062489,0.15936128604525274,G5,-1.4024118331599287
078600,2024-12-31,0.16557421717896942,0.0417415176899861,0.15807047711732372,G5,3.35875047046034
078860,2024-12-31,0.34636384814691545,0.049631239310243006,-0.26908488659207397,G1,6.4674784995882435
078890,2024-12-31,0.042292994525900476,0.022889066209150447,-0.48810193180748174,G1,0.7391354182521029
078930,2024-12-31,-0.006366033405180077,0.015015348418805207,0.04675150820049164,G3,-2.113897561339821
078940,2024-12-31,-0.7684583887586056,0.21927957316187435,-0.3514901716591406,G1,-3.620187928642993
079160,2024-12-31,-0.0735977133829148,0.016852633675164843,-0.3042410879357179,G1,-5.872826187919063
079190,2024-12-31,-0.0961597203299161,0.01668177865850395,-0.21874076581619323,G1,-7.2854698421478465
079370,2024-12-31,0.12715681039995666,0.03385433400276016,0.11276370038575252,G5,3.006466923604474
079430,2024-12-31,-0.038043323657954806,0.01609404491061809,0.036865072154964006,G3,-3.940476058701343
079550,2024-12-31,0.44221831325804717,0.0417308241516813,0.17507883517083228,G5,9.988861872052267
079650,2024-12-31,0.09383315310331981,0.0152436421884045,-0.02367052602749314,G2,4.490939714879593
079810,2024-12-31,0.15299121586774383,0.03360199241206654,0.11031602683918422,G5,3.7978801763527743
079900,2024-12-31,0.4196462288004196,0.06376355319956117,0.2034006904763496,G5,6.183334115124767
079940,2024-12-31,0.3311169913802593,0.03170688916153324,0.08246811555031769,G4,9.642766113781521
079950,2024-12-31,-0.13451738362510002,0.03527368480865249,-0.40214184296930483,G1,-4.532904897587538
079960,2024-12-31,0.12442449952279672,0.01605528653307929,0.1732782423622822,G5,6.169284136955213
079970,2024-12-31,-0.3678322826076599,0.05929807836192653,-1.2487621295775886,G1,-6.631026982151348
079980,2024-12-31,0.09976976303080679,0.019088784489751168,-0.5642692775723146,G1,3.8973088134946288
080010,2024-12-31,0.048479405171172496,0.008333693929975336,0.10602462572119174,G5,2.772423653341549
080160,2024-12-31,0.15976009049522505,0.020049686406940347,0.15237249008189926,G5,6.702609345984914
080420,2024-12-31,0.17408738038167,0.01928526913755563,0.03327605876429384,G3,7.711196785533635
080470,2024-12-31,-0.040378222102319186,0.016933112569668923,0.11563110839184887,G5,-3.8831075404351822
080520,2024-12-31,0.08903418511341613,0.02300659197802899,0.04353444274725581,G3,2.7670030473965888
080530,2024-12-31,0.17209958336022613,0.03730126367637647,0.015123894279397735,G3,3.9335050317115505
080580,2024-12-31,0.20176191605407717,0.0526046427093504,-0.19598133699356793,G1,3.3530698426875665
081000,2024-12-31,0.1304457329417937,0.01861166613653402,0.025188273306070708,G3,5.645429977681766
081580,2024-12-31,-0.2159236951371099,0.03496474870604946,-0.04052676217205907,G2,-6.9011956060579775
081660,2024-12-31,-0.06745482454048057,0.020703530506204437,0.0759134935996782,G4,-4.48376181601787
082210,2024-12-31,0.12151394122498552,0.05185625507142219,0.32751603548162295,G5,1.8539531266299916
082270,2024-12-31,0.8983029235457451,0.049206926163587614,-3.0069376221440014,G1,17.739942658554007
082660,2024-12-31,,,-0.8814847842548581,G1,
082800,2024-12-31,0.06634716824494702,0.040872754738267486,-0.09379228661101009,G2,1.0024353265963342
082850,2024-12-31,-0.12745324981220257,0.023243035121793647,0.030558593435872226,G3,-6.575222384313506
082920,2024-12-31,0.16843767285504274,0.0350105379237524,0.18112334913270606,G5,4.086278199055714
083310,2024-12-31,0.08407087583225831,0.030224354822322486,0.009217402006398652,G2,1.9420100504149664
083450,2024-12-31,0.06242876347164905,0.03279763975927045,0.17094046751568945,G5,1.1297730185348343
083500,2024-12-31,0.16823820873048115,0.03729180824686176,0.18802402782479846,G5,3.830957533213842
083550,2024-12-31,0.021267312018570017,0.022565845934317975,-0.018659390684872254,G2,-0.18202565919247082
083650,2024-12-31,0.7001222527885698,0.04959646162079136,0.1681891891541468,G5,13.604748317482967
083660,2024-12-31,0.22251677248415325,0.0587867909819755,-0.3773302095557195,G1,3.3535067009287602
083790,2024-12-31,-0.16027936438686874,0.02199843138923995,-0.42888938528330495,G1,-8.439430798583095
083930,2024-12-31,0.1315541407969692,0.0328505401943971,0.13119457619371547,G5,3.2321923830975194
084010,2024-12-31,-0.025339376874605787,0.015537936240531455,0.04465748727822987,G3,-3.263898827330441
084110,2024-12-31,0.2396100202249164,0.04921063728014436,0.06962221606750782,G4,4.35343163725613
084180,2024-12-31,-0.04641986412076869,0.023609913433409686,-0.0638236915734582,G2,-3.040872611551979
084370,2024-12-31,0.13103097667061825,0.03498987046288226,0.1501811322900264,G5,3.0196196862946296
084440,2024-12-31,0.29676860551437867,0.03098538962874235,-0.43985195633053153,G1,8.758764494045002
084650,2024-12-31,-0.0730959899394194,0.04529278097822415,-0.11050637292944886,G2,-2.174096242550489
084670,2024-12-31,-0.018087545681638104,0.013021626097819131,-0.3261616588134108,G1,-3.3377106941288384
084690,2024-12-31,0.1422576410317218,0.05008712541836729,0.04783626302301615,G3,2.3335890222372417
084730,2024-12-31,0.09593551336226602,0.022720302863128313,0.08265289892064916,G4,3.1056205010706743
084850,2024-12-31,-0.006200515481709121,0.03492529977083088,0.006280960286146345,G2,-0.9040835923785092
084870,2024-12-31,-0.008049238875344172,0.016708093695948688,-0.011284821374722356,G2,-2.0004744098034775
084990,2024-12-31,0.014853794199487819,0.029340028852231685,-0.10902947161360116,G2,-0.3585913583623454
085310,2024-12-31,0.0712143583972629,0.02628307879415463,-0.012263942711477545,G2,1.7440682560924954
085660,2024-12-31,0.061598673578146926,0.02539264394071984,-0.02024089666437666,G2,1.4265469425993165
085670,2024-12-31,-0.15096613569038358,0.02998512668218912,0.15850998151653675,G5,-5.8809493306269225
085910,2024-12-31,0.0026473683580177064,0.01034300376805561,0.08298887226364636,G4,-2.1973797120886904
086040,2024-12-31,-0.09100891794263738,0.020420734770236922,-0.36660021613859717,G1,-5.69929506710336
086060,2024-12-31,0.0540513644533763,0.014264046405108356,0.05621156152173587,G4,2.010403544614553
086280,2024-12-31,0.0016546406368937588,0.0309051053917213,0.12480889123816818,G5,-0.7675183133159701
086390,2024-12-31,0.17582271499598318,0.03891006691759777,-0.23316626610000268,G1,3.866553103457668
086450,2024-12-31,-0.0731954912410887,0.015991881092234934,0.09180901873545363,G4,-6.16377558540945
086520,2024-12-31,-0.04770246217578342,0.03662688584237926,-0.07694931454350729,G2,-1.9951829235569087
086670,2024-12-31,0.24772266042787935,0.026352801239784368,0.0328793723660447,G3,8.437349160900768
086710,2024-12-31,0.5750946544481631,0.03802489276736981,0.12597834878837835,G5,14.456839702645855
086900,2024-12-31,0.3607786662556116,0.024611649087878953,0.0341425001663074,G3,13.62784712466892
086960,2024-12-31,0.22368792429359907,0.0484036041570357,0.04087741788148785,G3,4.09707195873705
086980,2024-12-31,0.04282637212160349,0.019277770351616274,0.2074814601201084,G5,0.9052653290965442
087260,2024-12-31,-0.024794453139790562,0.01995106202709182,0.02856621679905099,G3,-2.5146194258563743
088130,2024-12-31,-0.15426368901390952,0.016291946180663115,-0.2947444200591844,G1,-11.026218845918006
088260,2024-12-31,0.12951891036712618,0.008136718402096432,0.022490433573696317,G3,12.79926749588549
088340,2024-12-31,0.9180135362494322,0.08134118515833204,0.07750922236974454,G4,10.974006089435449
088390,2024-12-31,-0.0267972000478294,0.02702701182327011,-0.10905147554452976,G2,-1.9303678626769059
088800,2024-12-31,0.034211145133069165,0.03373419631850081,-0.42633070287374364,G1,0.2619380657431911
088910,2024-12-31,0.017396478902729592,0.012286953033452893,-0.03707050449717994,G2,-0.6493388617624019
089010,2024-12-31,0.4184288323403912,0.04399363937401769,0.09098245933685163,G4,8.93433602977902
089030,2024-12-31,-0.04789608775196971,0.044541796628588974,-0.11667579646614595,G1,-1.644993428597827
089140,2024-12-31,0.04175541395382727,0.029853196252535283,-0.09518472212184709,G2,0.5487030204491478
089230,2024-12-31,0.020119037590714872,0.045972394989608825,-0.44033948303953524,G1,-0.11432594300281926
089470,2024-12-31,0.023353737848311084,0.012883129709166774,0.047783115313004595,G3,-0.15688246546573184
089530,2024-12-31,,,-5.757846938916219,G1,
089590,2024-12-31,-0.1043026309502337,0.014536065520607643,0.06708271816385973,G4,-8.92108705525516
089600,2024-12-31,0.054181577395884396,0.014030060632479894,-0.01938012874225006,G2,2.0532129653949087
089850,2024-12-31,0.22527927180083607,0.04588483172268013,0.09333957432233224,G4,4.356655332398802
089890,2024-12-31,0.1677061491558284,0.041935842168109826,-0.003241989373071877,G2,3.3940244620642064
089980,2024-12-31,-0.13855753361349252,0.021507031329265482,0.03065543906021298,G3,-7.622270414904873
090080,2024-12-31,0.5037781879223835,0.07864633425520808,0.08319568211525366,G4,6.082970267501094
090120,2024-12-31,,,0.0633997373339378,G4,
090150,2024-12-31,0.019452112619943646,0.03932291084179788,-0.10073409420621883,G2,-0.15061861528726914
090350,2024-12-31,0.0533524840580888,0.015141025473337634,0.08643721426332482,G4,1.847801465452626
090360,2024-12-31,0.16407076374973087,0.03621413960180016,0.024102438350480444,G3,3.8298822027746446
090410,2024-12-31,0.15705232051738963,0.03808955712431505,0.08962102689274049,G4,3.4570484788685385
090430,2024-12-31,0.19793287467847734,0.025913238318290264,0.11296291450593192,G5,6.659067367766276
090460,2024-12-31,-0.31735413896830467,0.02447521236476902,0.10472426947005405,G5,-14.003106851961284
090470,2024-12-31,-0.1412878243012939,0.023104285819975156,-0.03786708235059901,G2,-7.2134971234299385
090710,2024-12-31,0.3777459450279983,0.059431457906152244,-0.04421906649785261,G2,5.92903291358635
090850,2024-12-31,0.03323522957622921,0.016258614788068053,0.12254399395159894,G5,0.4834578270467308
091090,2024-12-31,,,-0.29702027516016344,G1,
091120,2024-12-31,-0.8074854465778942,0.034237265486314145,-0.21667015691064637,G1,-24.326134396183544
091340,2024-12-31,0.08420241032050009,0.043009592978962355,0.11779411881935543,G5,1.367777075901995
091440,2024-12-31,-0.3516467630156967,0.07143425376691612,-0.4197804090873588,G1,-5.277883062177511
091580,2024-12-31,0.06760007539846459,0.030805081938880752,0.004146780420434097,G2,1.3707218984920118
091590,2024-12-31,0.038187335869012094,0.015291789461730617,0.04516840278261689,G3,0.8378653722036065
091700,2024-12-31,-0.0025349420086850163,0.010915949574254416,0.10063885923117326,G4,-2.5567924090187364
091810,2024-12-31,-0.044129767979948234,0.04166018637405707,-0.8006396890273187,G1,-1.6683709082787646
091970,2024-12-31,-0.07136571549154852,0.03273351760800563,-0.12945940935032046,G1,-2.955398550502519
092040,2024-12-31,-0.05898078020280145,0.0417160339635083,-0.41335407851862843,G1,-2.0221398629743366
092130,2024-12-31,0.12409001164959321,0.009170152990821396,0.26359667482671917,G5,10.764829850537863
092190,2024-12-31,0.1001498109137954,0.024201398377309686,0.1350755163922206,G5,3.0896948493646366
092200,2024-12-31,0.3107041575451983,0.042735093602490344,0.09480298850163056,G4,6.676697264296411
092220,2024-12-31,-0.03598818120624952,0.025192182740760138,-0.03151410741179059,G2,-2.4357975185280814
092230,2024-12-31,0.13035952047548607,0.009901469415033032,0.07661577792405629,G4,10.60293589516035
092300,2024-12-31,0.12893487153686217,0.024759611913546215,0.07825569817588506,G4,4.182617922222098
092440,2024-12-31,-0.0034798713724689956,0.014963295653587469,0.0068802424183748824,G2,-1.9283683915950038
092460,2024-12-31,0.15401695917553632,0.028933166402045282,0.07989789083840047,G4,4.4461806353293785
092600,2024-12-31,-0.5509558429317764,0.03292690479536845,-1.3811271781571324,G1,-17.503337210512537
092730,2024-12-31,0.1605560853216546,0.018335987658826405,0.13039417089027502,G5,7.372453168977912
092780,2024-12-31,-0.030492409541438302,0.012821067361007828,0.061769802833597426,G4,-4.357459715978492
092790,2024-12-31,0.6962438500509215,0.0674576911770208,0.07460275951383492,G4,9.945033151081969
092870,2024-12-31,0.0184869897494616,0.037992997424022006,-0.007684819943125338,G2,-0.18129354664139635
093050,2024-12-31,-0.034140164225520304,0.011583664544143493,0.05110790196466948,G3,-5.137842087770929
093190,2024-12-31,0.24171472298209093,0.01651612205804466,0.0623343436458949,G4,13.09870726444022
093230,2024-12-31,,,-0.055361584432615615,G2,
093240,2024-12-31,0.5468200450663105,0.08853990776696147,0.08443431915174568,G4,5.889380091051857
093320,2024-12-31,0.050003652446506563,0.022753995650368345,0.07974578663981777,G4,1.082393520019324
093380,2024-12-31,0.24802559012471986,0.042909600393928916,-0.01292435674006666,G2,5.18883217463432
093520,2024-12-31,0.24978822599410747,0.02627951848208629,0.17850489499544198,G5,8.539477279504995
093640,2024-12-31,-0.16024594908953807,0.05898861843768385,-0.316870114444764,G1,-3.146722689998745
093920,2024-12-31,-0.02145949722313991,0.008111428890703175,0.08036242658718507,G4,-5.773874474424425
094190,2024-12-31,,,0.01814403575579147,G3,
094280,2024-12-31,-0.012190361891963703,0.0050280712141976885,0.1666805455082118,G5,-7.471102793033499
094360,2024-12-31,0.10602670785888753,0.040337043543064714,0.13207588745624485,G5,1.9994482930505773
094480,2024-12-31,0.14225255422548888,0.03520395397602426,0.004970714349368505,G2,3.320015680769516
094820,2024-12-31,0.1636304855247832,0.0237624795904658,0.07214591050429978,G4,5.8182316369145
094840,2024-12-31,0.30152993852988125,0.047168846671127994,0.06859722732604463,G4,5.854607076897548
094860,2024-12-31,-0.04217930483802587,0.018913899114003502,-0.17382766962847873,G1,-3.5716686142208505
094940,2024-12-31,0.11268421896450964,0.021430905092684166,0.052421759597390656,G3,4.073992376286259
094970,2024-12-31,-0.2047979059547677,0.019941536656691423,0.0603749191679922,G4,-11.542379352071285
095270,2024-12-31,0.2709916604896636,0.03370988893871655,-0.1266738786873621,G1,7.286193850599352
095340,2024-12-31,-0.3125365876638528,0.039516221404308445,0.10494095136987194,G5,-8.551208861963971
095500,2024-12-31,0.07233644076874629,0.03186883842329538,0.08119754308116602,G4,1.473588875282586
095570,2024-12-31,-0.14337689825405409,0.014163885712953152,0.048680803790039244,G3,-11.914228671001437
095610,2024-12-31,0.3295170986792853,0.041734275608539255,0.12904313061673342,G5,7.287588420896295
095660,2024-12-31,0.2252574333003913,0.018262694894444233,-0.013400374911751532,G2,10.944855589806648
095720,2024-12-31,0.08730456014242201,0.014429455385250506,-0.06565608871759918,G2,4.291893456056926
095910,2024-12-31,0.2822465661231899,0.04803930313591912,-0.30109363431849334,G1,5.347115265107296
096040,2024-12-31,,,-0.02391085124851646,G2,
096240,2024-12-31,-0.0065568405251743775,0.0161010691367395,0.1619957189510081,G5,-1.9832046713166651
096250,2024-12-31,0.3198175380088718,0.06886589240984818,0.059406067527675785,G4,4.275594967339231
096350,2024-12-31,0.17730377953076928,0.029411920338420973,-0.08254585171429295,G2,5.1655554204770375
096530,2024-12-31,0.17826066640484187,0.030421672101405044,-0.02065265232915164,G2,5.025555166567611
096610,2024-12-31,,,-0.23552737728517176,G1,
096630,2024-12-31,-0.01757197875908202,0.023588185974235305,-0.5045839378525292,G1,-1.8206933676880288
096690,2024-12-31,-0.01146399709326859,0.03233778718540925,-0.37166739734184595,G1,-1.1391896384886286
096760,2024-12-31,0.020344823734866804,0.009955617592392885,0.23549860950048002,G5,-0.5052475367250603
096770,2024-12-31,-0.13703507154884134,0.02927185760605221,-0.05983728219000991,G2,-5.548330711859628
097230,2024-12-31,0.4253812975685317,0.06266017744881654,0.01521562506370178,G3,6.383742256320193
097520,2024-12-31,0.24345966512145872,0.02317458201907923,0.17087803358102313,G5,9.410516657513535
097780,2024-12-31,0.1808877312019872,0.014539220428937905,-0.08193417040422721,G2,10.696093161395689
097870,2024-12-31,-0.019868425006984186,0.04062379419072731,0.05761841288763842,G4,-1.1137142876061366
097950,2024-12-31,-0.05007473672860928,0.020565944046444573,0.029555001964444255,G3,-3.6686675582807946
098120,2024-12-31,0.8920826172891444,0.05110034104588719,0.16417453918890196,G5,16.960899370727414
098460,2024-12-31,0.6369532689048383,0.053424309110213966,0.06497837799292447,G4,11.44756767267044
098660,2024-12-31,-0.2359025243692891,0.022231031113151983,-0.03613004233490724,G2,-11.752824151045164
099190,2024-12-31,0.10349646870550477,0.029198528613977637,-0.0056935780872906195,G2,2.6755318645785175
099220,2024-12-31,0.30658342547678685,0.042608752418250816,-0.4559850078289192,G1,6.5997837185285775
099320,2024-12-31,0.15952061200280726,0.032521434069749826,0.027895971209681705,G3,4.124840765481016
099390,2024-12-31,0.16962412397205573,0.024780582306193944,0.09017368611909411,G4,5.821059698665774
099430,2024-12-31,0.087909839727046,0.0323587067534553,0.11852187382107773,G5,1.9325545116344445
099440,2024-12-31,-0.2109232988137012,0.028211922633272445,0.17085857065222634,G5,-8.375826663263885
099520,2024-12-31,,,0.0461011695762706,G3,
099750,2024-12-31,0.06036261437830109,0.021221824446853946,0.03474121374483419,G3,1.648667835601095
100030,2024-12-31,-0.07423441006863965,0.012987897338657762,0.05008364141414299,G3,-7.669392702401342
100090,2024-12-31,0.19884293982325063,0.03401612986390453,0.023645864567478813,G3,5.0995826249864615
100120,2024-12-31,0.1578523586628388,0.01672370293716464,0.08908034688714041,G4,7.9215401134899155
100130,2024-12-31,-0.016642584307980213,0.024437551732025074,-0.21216764710943906,G1,-1.7193808843345342
100220,2024-12-31,0.2651016650463769,0.023171344237151992,-0.016301798242606094,G2,10.345830073250937
100250,2024-12-31,-0.005220057446373792,0.010750254333778853,0.047369526878156036,G3,-2.8459728948216676
100590,2024-12-31,-0.1375527478847178,0.023176771024978445,-0.01521813404424094,G2,-7.029780926304393
100700,2024-12-31,-0.014030975052706618,0.014733008202629252,0.08435989614446696,G4,-2.674664230871346
100840,2024-12-31,0.5496148822381941,0.05166097306328734,0.11308712890217432,G5,10.147699049260517
101000,2024-12-31,0.15730586626741125,0.044931331286734,-0.13935167165477352,G1,2.9362804860038487
101160,2024-12-31,0.05931689629003162,0.02712164698737752,0.21150957508630194,G5,1.2514734560857728
101170,2024-12-31,0.09431592563455027,0.031147211100436195,-0.09656711244607184,G2,2.213394015028999
101360,2024-12-31,0.20282633786251336,0.0431144779402836,0.06097563096036414,G4,4.115820748387476
101390,2024-12-31,-1.4291385434556345,0.09370500125360759,-1.72647767037784,G1,-15.52226027423095
101400,2024-12-31,0.03316851601426078,0.028245160207942807,-0.05282632798622412,G2,0.27592836991836756
101490,2024-12-31,0.3523516721356271,0.037114957608618056,0.12280336248642816,G5,8.809838895241079
101530,2024-12-31,0.17214489173375963,0.018475544226379183,0.10920485308760565,G5,7.944015880420074
101730,2024-12-31,-0.0508857006216616,0.028890639154266463,-0.031243377444624514,G2,-2.6396292312695233
101930,2024-12-31,0.3442209131708933,0.03766319877994954,0.15397983126058806,G5,8.46571848646682
102120,2024-12-31,0.38487160460909176,0.05318408187990668,-0.11705747632801554,G1,6.759479846260393
102210,2024-12-31,,,0.07188807397508419,G4,
102260,2024-12-31,0.10075013738723561,0.012831384998150062,0.13066837672052203,G5,5.874288893841366
102280,2024-12-31,,,-0.10193981131427117,G2,
102370,2024-12-31,0.12454859482056756,0.02523494410572806,-0.06327615577238853,G2,3.930015434353834
102460,2024-12-31,-0.1106135286559923,0.017212706219603694,0.01660887526493436,G3,-7.900466197529937
102710,2024-12-31,0.42831962805327073,0.031813063906371064,0.07406356466066896,G4,12.666015264646507
102940,2024-12-31,0.19168174678619015,0.04100672348449108,-0.6233257334870014,G1,4.055600098093381
102950,2024-12-31,-0.0229172961261864,0.030067648358479287,0.010641516500747477,G3,-1.6061173308409953
103140,2024-12-31,0.21208343653276152,0.03196661307738544,0.10732768318025142,G5,5.840736429623418
103160,2024-12-31,,,0.05833795644208828,G4,
103590,2024-12-31,0.0018193209013760425,0.044868999441666835,0.09232932647654582,G4,-0.5249850540850144
104460,2024-12-31,0.1413039462978691,0.02685086108499501,0.14176747520395436,G5,4.3175178230188465
104540,2024-12-31,0.2565166032452719,0.02871680678530178,-0.015675011631915554,G2,8.049005238408958
104830,2024-12-31,0.19235252156238447,0.029549246872758332,0.06610398632081743,G4,5.650825798755717
105330,2024-12-31,0.21907351852038331,0.021832927366579626,0.0268558327317101,G3,8.871858558778708
105550,2024-12-31,0.46850088874859264,0.04142409543724831,-0.23432753872189085,G1,10.697300908353363
105630,2024-12-31,-0.21759607093152578,0.02333820055629477,0.08226743695054928,G4,-10.410868881919507
105740,2024-12-31,0.07940823730411914,0.030083031072358747,0.016078165846394838,G3,1.7961408933213097
105760,2024-12-31,0.1696862050485164,0.03145360510397714,0.07316501496937985,G4,4.5880696210009
105840,2024-12-31,0.2571647578258395,0.02533533061445529,0.07215279938668068,G4,9.148879339809751
106080,2024-12-31,-0.04672515947845293,0.04451984684059959,-0.126433537357909,G1,-1.6195032012711632
106240,2024-12-31,0.308941343470478,0.08175162515836942,-0.08590746349866508,G2,3.468634023129846
106520,2024-12-31,,,-1.7989148562949262,G1,
107640,2024-12-31,0.1897898803312123,0.03974542335574747,0.19090758135259675,G5,4.13670283140755
108230,2024-12-31,-0.0766547957876579,0.022629140033709198,0.07856629056432106,G4,-4.508773671278305
108320,2024-12-31,-0.026303551839771983,0.02373241158973551,0.12088809069559528,G5,-2.1775463755281983
108380,2024-12-31,0.44394108778164826,0.028853450900363717,0.07991026407124664,G4,14.506625714443468
108490,2024-12-31,0.49367594480121224,0.05244326306164295,-0.03164961655885338,G2,8.929670704333576
108670,2024-12-31,-0.0907966129607694,0.014129795963985836,0.05094065239258514,G3,-8.221738534432372
108860,2024-12-31,0.17767910265395587,0.031595253634203936,-0.0038832018806318636,G2,4.8204780824761775
109070,2024-12-31,-0.03051701600763941,0.06043647144569874,0.17144331253704,G5,-0.9248040077564326
109610,2024-12-31,0.06404647139462344,0.04115605135943588,0.032272082050369785,G3,0.9396333009910385
109740,2024-12-31,0.1653562953992221,0.036246417434984426,-0.08559000274180413,G2,3.8619380977529216
109860,2024-12-31,-0.021123642142938978,0.019744958651375745,0.046782232511154334,G3,-2.3549564202150983
109960,2024-12-31,-0.2988206205894286,0.032762661571783196,-0.09282681538546912,G2,-9.895273461806948
110790,2024-12-31,-0.27779209893565104,0.018680358232603944,-0.07015612582616322,G2,-16.229184160211425
110990,2024-12-31,0.09514012514483192,0.044942859745925684,0.1358961624546635,G5,1.552309989600885
111110,2024-12-31,0.07059040029189963,0.015510265776988622,0.13053701983943586,G5,2.9151999032139355
111770,2024-12-31,0.1296151167161349,0.021801721436667285,0.07560620767858602,G4,4.781284909952944
111870,2024-12-31,,,-0.4028092101906207,G1,
112040,2024-12-31,-0.16875465688330915,0.029654132750198337,0.21832609555276242,G5,-6.546457909210336
112610,2024-12-31,-0.03894602945149947,0.030887595208037123,0.11969726641970044,G5,-2.082418654423534
113810,2024-12-31,0.2871942735158632,0.0890047939289041,0.20233050717590306,G5,2.9416325453772885
114090,2024-12-31,0.10266991660515482,0.013132012104009898,0.07994358850320647,G4,5.886001398182732
114190,2024-12-31,-0.1751212821893086,0.03852678692700186,-0.00809813677109167,G2,-5.204071587106295
114630,2024-12-31,-0.026260902388407708,0.011718377996727744,0.05061109867545154,G3,-4.4063928815768305
115160,2024-12-31,-0.05688697068536473,0.03561058401479874,-0.36825966679116107,G1,-2.3100392189911583
115180,2024-12-31,0.8774241833951846,0.0471553440729492,-0.4062898414200882,G1,18.0689871985043
115310,2024-12-31,0.4692594307847106,0.035947989457888026,0.07899856003136471,G4,12.347966116567044
115390,2024-12-31,,,0.051836102071532386,G3,
115440,2024-12-31,-0.21326707806189443,0.025900143470877168,0.21633437630031663,G5,-9.213923981935853
115450,2024-12-31,-0.3213765153422006,0.04166246046199339,-0.12899424488469574,G1,-8.322873553244046
115480,2024-12-31,-0.0811091645545248,0.013747400967027968,-0.05295993091089304,G2,-7.745757893431505
115530,2024-12-31,-0.18581475944271988,0.024530505260627875,-0.22926770114353792,G1,-8.609265573574833
115570,2024-12-31,0.05730062542818501,0.029525314932918295,0.06999133296298032,G4,1.0813009277198409
115960,2024-12-31,,,0.06788459305844148,G4,
117580,2024-12-31,-0.0851959035719788,0.010862964198499268,0.05248441704203404,G3,-10.178693085194395
117670,2024-12-31,-0.5851675362999468,0.04046004708001419,-0.2515381138086185,G1,-15.090007436040104
117730,2024-12-31,0.5120052706261292,0.06102295040020997,-0.025132225355997944,G2,7.974547157006274
118000,2024-12-31,0.19997506549728858,0.04537162686031118,0.07238757739266224,G4,3.8482241563619146
118990,2024-12-31,-0.07581987474142429,0.02677879392256343,0.07111937971905252,G4,-3.7789136446566784
119610,2024-12-31,,,0.001056558852577998,G2,
119650,2024-12-31,-0.24459422353640992,0.019017962906369878,-0.3606794126698605,G1,-14.195479287951835
119830,2024-12-31,0.11957900010927237,0.029791874770549016,0.1187566009618255,G5,3.1620744191096897
119860,2024-12-31,,,0.012172694324521144,G3,
120110,2024-12-31,0.1310039202740167,0.026053477424063876,0.02932114338212631,G3,4.054316571823696
121440,2024-12-31,0.3176451262696029,0.022116011857402224,0.05845785446236288,G4,13.215323501998402
121600,2024-12-31,-0.0165933484231389,0.03917516474933827,-0.007588910783546824,G2,-1.0712966669488682
121800,2024-12-31,,,0.10522441231700795,G5,
121850,2024-12-31,0.12283999695653611,0.06162763257175815,-0.2160505601609435,G1,1.581516567962422
122310,2024-12-31,0.014488828349448393,0.011734189785494079,-0.029744521628381416,G2,-0.9277203496409296
122350,2024-12-31,-0.034771219485937296,0.016392746722262392,-0.018458159694869105,G2,-3.669067515345373
122450,2024-12-31,0.3051421687247506,0.027558796154742472,0.22012073865759774,G5,10.151651478310553
122640,2024-12-31,0.6082536701015171,0.04361360191972073,0.08913950025005839,G4,13.36461033817886
122690,2024-12-31,0.013112287097688705,0.013185128029390827,0.0402579972453068,G3,-0.9300317657118593
122900,2024-12-31,-0.005902907262372702,0.006407675031433387,0.08274283706741929,G4,-4.881299708386724
122990,2024-12-31,0.3102347146876141,0.02016510230494622,0.030396956069780306,G3,14.126377113283576
123010,2024-12-31,0.2796907186219893,0.08569823010147759,-0.48113658430352635,G1,2.967574048155336
123040,2024-12-31,0.028377012338992896,0.03755487600685229,0.11386819918413875,G5,0.07994001467199997
123330,2024-12-31,0.1340371932278274,0.042428846311016725,0.3413627721833333,G5,2.561048147086032
123410,2024-12-31,0.09471855302665233,0.027366335106051333,0.1604888182945975,G5,2.533904439813676
123420,2024-12-31,0.02408932095915329,0.022315126792418268,0.09593822404782983,G4,-0.0576090852095661
123570,2024-12-31,0.09590101947022261,0.020615965223655015,0.0600324924806263,G4,3.4209479743058573
123690,2024-12-31,0.14382023086043158,0.020679389655715183,0.15934991336589802,G5,5.7277007606313335
123700,2024-12-31,0.062153829272830106,0.00892022986188243,0.09043808828814318,G4,4.123094902519551
123750,2024-12-31,0.06492464305167289,0.018137032027847312,-0.3162310222946181,G1,2.1806086018345683
123840,2024-12-31,-0.4316856741761873,0.020406130904804243,-0.39793894002743496,G1,-22.3981974490118
124500,2024-12-31,0.31793833288369217,0.039134380725381154,0.1118284033008938,G5,7.475867829280509
124560,2024-12-31,-0.0012905528148198855,0.01661582459918981,0.12334361917418858,G5,-1.6048212145980452
126340,2024-12-31,-0.09798118227103102,0.02878914303295781,-0.11519436084960716,G2,-4.284811712867347
126560,2024-12-31,-0.2632249500874496,0.018082904318406295,0.013917404393540432,G3,-15.959815967929915
126600,2024-12-31,0.0529426558403804,0.020498035950442195,0.03135840603785924,G3,1.3448986481939365
126700,2024-12-31,-0.06719400720496262,0.026732511302217134,0.1395340945602305,G5,-3.462782869834049
126720,2024-12-31,0.03673286424462858,0.020088612205479146,0.0759152117839913,G4,0.5653944199057571
126730,2024-12-31,0.262811831885055,0.05128085231221676,0.06116784221961393,G4,4.630128911264017
126870,2024-12-31,,,0.06917209927546422,G4,
126880,2024-12-31,0.1819186698062532,0.022174944471214205,0.4281269427279073,G5,7.059489822374358
127120,2024-12-31,0.6266917834177728,0.04370536682109006,-0.4315553077444901,G1,13.758422641303786
127710,2024-12-31,-0.23591561254248955,0.026975790505176536,-0.8444198370667028,G1,-9.686110495718337
127980,2024-12-31,0.024620509319175483,0.015458739939219243,0.09007237186641598,G4,-0.048798652658012226
128540,2024-12-31,0.436325626020669,0.044046460723394874,0.18654273328059848,G5,9.329938076100547
128660,2024-12-31,0.03196008008833563,0.015141663734533437,0.014610770558866426,G3,0.4349063090944781
128820,2024-12-31,0.06608742642599272,0.022081047255007608,0.013563400145213142,G3,1.843778103267263
128940,2024-12-31,-0.012149144654719446,0.02761460443438363,0.11318225424446764,G5,-1.358846900881091
129260,2024-12-31,0.12034553037527271,0.023729262830786673,0.05083870354200463,G3,4.002258985140342
129920,2024-12-31,0.3656374939809601,0.05927636720366532,-0.19976791089264728,G1,5.740274497792102
130500,2024-12-31,-0.0379022562606104,0.02398045638854658,0.06298207758754433,G4,-2.6386958711441566
130580,2024-12-31,0.005422049589688206,0.00920536723665753,0.13538601010931003,G5,-2.16752084923411
130660,2024-12-31,0.3434639442196785,0.033899649527725985,0.10055996523440648,G4,9.383255392051135
130740,2024-12-31,-0.033367668700486075,0.028834677407826442,-0.0032795674040330776,G2,-2.0372186887910835
131220,2024-12-31,0.08658825931683897,0.033663392269858455,0.07424474454121484,G4,1.818396192104747
131290,2024-12-31,0.03732357497002155,0.03306811756789276,0.11266384078152615,G5,0.3613359588881788
131400,2024-12-31,-0.18515449400894232,0.03233308472309092,-0.07172474886110014,G2,-6.511267663199211
131760,2024-12-31,-0.029887362433858256,0.06318620246341106,0.07339544049884084,G4,-0.8745934283019887
131970,2024-12-31,0.0941683002628691,0.04636202837665064,0.08403958568381019,G4,1.4838312229133532
133750,2024-12-31,0.24610149041214446,0.03276661396799885,0.057515942069372716,G4,6.736326665541783
133820,2024-12-31,-0.03378306344357948,0.03223788805413902,-0.8780750539196099,G1,-1.8350438572226564
134580,2024-12-31,0.3300378438838369,0.04377511069871175,-0.14546760568435022,G1,6.959730404355159
134790,2024-12-31,0.2327319510121347,0.019151777379366144,0.013862707637815027,G3,10.827040848727613
136410,2024-12-31,0.2623764661530036,0.019270763792749574,0.09179390212660819,G4,12.298505326611547
136480,2024-12-31,0.09029482577121718,0.009051223323822542,-0.04267548723597016,G2,7.172505687750504
136490,2024-12-31,0.0475677291586975,0.013864250413208481,0.014335197245195313,G3,1.6007251381981944
136510,2024-12-31,,,2.680184569007458,G5,
136540,2024-12-31,-0.04608042302579101,0.015892561580616447,0.10995463106865044,G5,-4.496147311641838
137080,2024-12-31,-0.16315785815595385,0.024130198858111688,-0.22423022366280115,G1,-7.813144610392468
137310,2024-12-31,-0.05520441669914716,0.02970592085575502,-0.03346871713509534,G2,-2.71256669976404
137940,2024-12-31,0.31444936806351637,0.04500641327226894,-0.08683960327057647,G2,6.422962241286442
137950,2024-12-31,0.044161309051299336,0.0202790434363494,0.035621797639081916,G3,0.9263964599841724
138070,2024-12-31,-0.0349625090870066,0.01901408085810023,0.009251974409231837,G2,-3.1733000683702324
138080,2024-12-31,-0.09442483877473727,0.0296469328735443,-0.44706269417102473,G1,-4.04088052837471
138490,2024-12-31,0.19023290738472132,0.022415987906730002,0.1218386943108063,G5,7.354484356017413
138580,2024-12-31,,,0.09048302449075758,G4,
139050,2024-12-31,,,-1.1539572791050698,G1,
139480,2024-12-31,0.3927343429989819,0.024188074260474084,-0.043494148156365285,G2,15.187627755851851
139670,2024-12-31,-0.08213234613804671,0.028451323357875875,0.20046468232234868,G5,-3.7786369296697977
139990,2024-12-31,-0.006343897041234947,0.01635230663175325,-1.0296664391443358,G1,-1.939712406055471
140070,2024-12-31,-0.0016851189302246883,0.018851153664152173,0.025164623325115456,G3,-1.43545559132981
140520,2024-12-31,0.009219875464104597,0.010631716913041109,0.005107742691302649,G2,-1.5195099406831734
140670,2024-12-31,0.11402855272510135,0.04946008187742039,-0.3389224235972993,G1,1.7924288509027662
140860,2024-12-31,-0.013650534061885017,0.02643639461458415,0.22778835047545423,G5,-1.4762001260321587
141000,2024-12-31,0.0828706103401322,0.023058358547857476,0.075129565762581,G4,2.493487783217534
142210,2024-12-31,0.234975568693839,0.034584012253912354,0.14939538711701025,G5,6.060623971416958
142280,2024-12-31,0.09624573042455595,0.028997446106842826,0.07820706475162942,G4,2.444037835726224
142760,2024-12-31,0.07648986374960934,0.02666901485312083,-0.17210531756728673,G1,1.9166433042661806
143160,2024-12-31,0.005393553690597602,0.021165275992056132,0.03781200581060248,G3,-0.9440614578757149
143210,2024-12-31,-0.0866940885313415,0.021141480185516526,-0.7186455889763996,G1,-5.300904314548278
143540,2024-12-31,-0.09429463795958676,0.020976373086432902,-0.15927157455559393,G1,-5.7049668437193555
144510,2024-12-31,-0.1111305615743667,0.026895095465596864,-0.16380330285406447,G1,-5.075476930319098
144960,2024-12-31,0.06174124301245991,0.02039625230345167,0.0587414752782564,G4,1.7829926533270832
145020,2024-12-31,0.3017189740498672,0.030591997093912623,0.17023375346750086,G5,9.033215392951767
145170,2024-12-31,-0.29292775818440214,0.029344972646787062,-0.11005060999379188,G2,-10.846922129240854
145210,2024-12-31,-0.18729876853732474,0.06355007103923736,-0.15068096475802312,G1,-3.3465524122862873
145270,2024-12-31,0.0001544167407478078,0.009130245478462425,0.050867326956260124,G3,-2.762297938072462
145720,2024-12-31,0.19656062034323843,0.030511565252916147,0.13082100613652115,G5,5.610519942987105
145990,2024-12-31,0.01183580404870499,0.012916384188718925,0.07005322991936559,G4,-1.0482090617217719
146060,2024-12-31,0.16228121413764057,0.01697210259219706,0.052298753699633646,G3,8.066551471388312
146320,2024-12-31,0.08087821538363539,0.038585659606745315,-0.031008706424694374,G2,1.4384447732476404
148140,2024-12-31,,,2.311304048150586,G5,
148250,2024-12-31,0.9041022758336701,0.05920812437970117,-0.04821256252093472,G2,14.841331490225889
148930,2024-12-31,0.13387510697248334,0.027307932115120483,0.042479293485509946,G3,3.973213039899365
149980,2024-12-31,-0.18182148549781244,0.027809582653488457,-0.07854847971845157,G2,-7.450538293922277
150840,2024-12-31,,,-1.2187691280703665,G1,
151860,2024-12-31,0.16891187738953164,0.02257589164712672,0.07240200858555976,G4,6.357977112624914
153490,2024-12-31,-0.0362940633618381,0.014436566857508368,0.061373116551404455,G4,-4.271717713118508
154030,2024-12-31,0.15124165523229144,0.04584379179982682,-0.027886434515241695,G2,2.7455578016294657
155650,2024-12-31,0.05257919102298561,0.018233019660828576,0.0540175450552738,G3,1.4920356873980007
155660,2024-12-31,0.010980034788241985,0.022743006771847648,0.06196697320138454,G4,-0.6329347898527034
156100,2024-12-31,0.04551430208350471,0.018090276278273247,0.2539750577380895,G5,1.1132736047648175
159010,2024-12-31,0.22763602675125846,0.03383157471745237,-0.04330718358083351,G2,5.978472874539888
159580,2024-12-31,0.18134899024146078,0.042964197106110796,0.006188800127362989,G2,3.6303277088186667
159910,2024-12-31,0.4475653469945516,0.035838195683893785,-0.47317626568868604,G1,11.780461151516349
160190,2024-12-31,1.0765691179423724,0.0772710675277465,-0.015983873898056868,G2,13.603982403438513
160550,2024-12-31,-0.009767150827300203,0.02839887219482022,-0.1987437082479717,G1,-1.2374444163212184
160600,2024-12-31,-0.9720102822438885,0.1857612301967572,0.12718654234851662,G5,-5.369178252036036
160980,2024-12-31,0.3363531387067878,0.03489613721525515,0.08874674154172109,G4,8.911538311204284
161000,2024-12-31,0.596626507435939,0.047233700539535406,0.011510095983386388,G3,12.094153663818734
161390,2024-12-31,0.0886138520617834,0.01832212031749993,0.10103731039883924,G4,3.451509757928084
161580,2024-12-31,0.6507416845745754,0.05979073252293719,0.05423067332187731,G3,10.45925987500938
161890,2024-12-31,0.3381027403974568,0.020964685601553516,0.08323168928624065,G4,14.91688792004986
162300,2024-12-31,-0.07822762124903851,0.022065929777745654,0.08029142918683876,G4,-4.695133959572628
163560,2024-12-31,0.06050426650952829,0.021810984069700952,0.04337032247502983,G3,1.6106284520343497
163730,2024-12-31,0.4236447463924465,0.04025576198875554,0.019607138468230693,G3,9.893487334898628
166090,2024-12-31,0.2768609953060244,0.046958160904733495,0.08976319742845824,G4,5.355535980555705
166480,2024-12-31,0.004692846254002958,0.04531090716339558,-0.5402469526785554,G1,-0.45644702436469875
169330,2024-12-31,0.1307756980399249,0.012343877032370509,0.062304173240382586,G4,8.538712980008016
170030,2024-12-31,0.2474393663408458,0.04207228064357264,0.08432735753398721,G4,5.278166240193363
170790,2024-12-31,-0.1240103063849944,0.01862206920505777,0.0651905517798937,G4,-8.021943197613144
170900,2024-12-31,-0.1644607197394833,0.01992043362233558,-0.03278037176779364,G2,-9.529691890172115
170920,2024-12-31,0.16111435207185687,0.03038597682224426,0.07704789268901636,G4,4.467175034915707
171010,2024-12-31,0.36733790458708715,0.06045689195101263,-0.05327285024241135,G2,5.656311771107503
171090,2024-12-31,-0.04616411997344737,0.034167694441194586,-0.6046844822815554,G1,-2.0937612602621414
171120,2024-12-31,-0.054730369411349275,0.019575912000271003,0.06705388348070758,G4,-4.092031288771644
172670,2024-12-31,-0.03986825847752387,0.05746914215864724,-0.09032482701101435,G2,-1.1352724440781805
173130,2024-12-31,-0.11989032162708645,0.04376024430932351,0.1764313004446707,G5,-3.319570055419832
173940,2024-12-31,0.24350462116943794,0.026995500436279678,-0.21589989332495407,G1,8.080226061536164
174880,2024-12-31,,,0.06519162643377674,G4,
175140,2024-12-31,0.15710384819451892,0.04388301434572517,-0.3741854796946229,G1,3.0018214372584735
175250,2024-12-31,0.180844433230622,0.03240373810281249,0.00040722604491287475,G2,4.797889605740518
176750,2024-12-31,0.3380933171823001,0.04346641571830248,0.18585976221904135,G5,7.194484224532534
177350,2024-12-31,0.12790260698580147,0.0521848641977681,-0.48768767650820727,G1,1.9647024776618371
177830,2024-12-31,-0.01187854974466829,0.011014253834218798,0.08830984586166453,G4,-3.3822921920439404
178320,2024-12-31,-0.23490941799525072,0.03243486669416581,0.09584586008418919,G4,-8.024830052471561
178780,2024-12-31,-0.3237027655775597,0.04978966990069627,0.22369146413188495,G5,-7.0110454894314955
179530,2024-12-31,-0.041265339772936116,0.05291625417776102,-3.0208159802305192,G1,-1.2593524581137647
179900,2024-12-31,-0.20755441490939297,0.03691438517882561,-0.3050077807099682,G1,-6.309986981525108
180400,2024-12-31,0.23896547785214067,0.06024785715957085,-3.1480156960836654,G1,3.5451983343810944
180640,2024-12-31,0.07742081381693958,0.024909656440918006,0.15458843518391166,G5,2.0893880628335766
181710,2024-12-31,0.24787528402235856,0.021522225005599274,-0.10909884080599348,G2,10.338169448766209
182360,2024-12-31,0.28650430133120774,0.03625457737281079,0.1049523208184086,G5,7.20266088460991
183190,2024-12-31,0.07409820637405039,0.012674545834564234,0.07237147828819462,G4,3.8441875559106036
183300,2024-12-31,0.5470981738487003,0.04367658426690761,0.2338078789967942,G5,11.945148816135648
183490,2024-12-31,-0.1811054704144113,0.024979583422183517,-0.13677991900400824,G1,-8.265964324731017
184230,2024-12-31,-0.012989076158515744,0.01673824584325491,-0.1980481231848264,G1,-2.2919935289381255
185490,2024-12-31,0.2503449953071184,0.02557797999603863,-0.2536911004483696,G1,8.795460796433513
185750,2024-12-31,-0.07722134609853393,0.015558315486728709,0.12432448426273109,G5,-6.594301368040056
186230,2024-12-31,0.0357549829301535,0.02537929090984271,0.005544603369138064,G2,0.40899913110369274
187220,2024-12-31,-0.12170289716441039,0.0250351372780643,0.02590063832389764,G3,-5.874853831669595
187270,2024-12-31,0.1743774386671801,0.01690736952964758,0.11244254144068229,G5,8.812876740281784
187420,2024-12-31,-0.18592872360139664,0.03777575416848379,-0.6354326137258032,G1,-5.593630180325735
187660,2024-12-31,0.09190617261107353,0.05894542759271634,-3.0565659745395566,G1,1.1286931035732202
187790,2024-12-31,,,0.7186186389708373,G5,
187870,2024-12-31,-0.07352045317209688,0.01933996489195286,0.05426159294799625,G3,-5.113521597613969
188040,2024-12-31,,,0.1434115083929401,G5,
189300,2024-12-31,0.0690490611036873,0.034222276784226534,-0.011379804113636071,G2,1.2761917150941076
189330,2024-12-31,0.41752214449044434,0.05591304848205297,-0.5403100790662724,G1,7.01351974425641
190510,2024-12-31,-0.003566575935206706,0.02476966847695313,0.15649771136821478,G5,-1.168423023591744
191410,2024-12-31,0.3652684768550189,0.026405866068401933,-0.021548783114746235,G2,12.87189751605027
191420,2024-12-31,0.28189605735440537,0.039307863630968526,0.066739475333832,G4,6.525950755367593
192080,2024-12-31,0.0549475797280209,0.01564268413939036,0.1563382774310379,G5,1.890513447979999
192390,2024-12-31,-0.14492803642783625,0.03168110282311794,0.10084149342340991,G4,-5.375536084670794
192400,2024-12-31,0.061258102585231095,0.0126040588325698,0.11454366165600399,G5,2.8469581157861827
192410,2024-12-31,-0.5715333374203506,0.08166367347398255,-0.48500424431147104,G1,-7.309348049479077
192440,2024-12-31,0.3452287847976068,0.030008417370497035,0.05384411227193939,G3,10.658806355848451
192650,2024-12-31,-0.11181488149587022,0.0234642711201632,0.02473079939021831,G3,-5.846751249732236
192820,2024-12-31,0.1796101676854948,0.029346269089888147,0.17377277791636483,G5,5.255703619873087
193250,2024-12-31,0.09376528075826251,0.06791164360970155,-0.28331699812744127,G1,1.0070497800246523
194370,2024-12-31,0.1130915863578913,0.025542228742998503,0.20141400225794115,G5,3.4341839250005046
194700,2024-12-31,0.32034208663402547,0.017755178879247532,0.10822647308359508,G5,16.613023931782898
195870,2024-12-31,0.044924622595480315,0.038726549648222926,0.10551792558224175,G5,0.5048151145160804
195990,2024-12-31,-0.3642610141168961,0.02280816255371631,-0.14470144805158758,G1,-17.08317748960491
196170,2024-12-31,0.18169504858377744,0.03760044211877525,0.22142406136641724,G5,4.157402540373885
196450,2024-12-31,-0.0957180799972231,0.019381911755725446,-0.2896433291611451,G1,-6.247730178703969
196700,2024-12-31,0.30519907164683724,0.05049599789636267,0.032191229384477396,G3,5.541512363438085
198080,2024-12-31,-0.05804458614274238,0.023618027488263384,0.16459085526677142,G5,-3.5320248985312763
198940,2024-12-31,0.03699017481136321,0.018485283090445382,-0.15026498209788533,G1,0.6283539048080313
199430,2024-12-31,0.24620947790652437,0.06288314284329245,-0.278779114452373,G1,3.511825155699579
199480,2024-12-31,-0.2908372946523028,0.04885819900276441,-0.7523542992887058,G1,-6.472039004843617
199550,2024-12-31,0.7308646856650353,0.06952622894702158,-0.02571306611013192,G2,10.14710306239409
199800,2024-12-31,0.02027797813848408,0.03863042424724212,0.10664416495500202,G5,-0.13193996599402552
199820,2024-12-31,0.09379577822904415,0.04830940231524565,0.06745007596199615,G4,1.4163061422817824
200130,2024-12-31,0.17460521281524713,0.02210116972165876,0.04352774513945159,G3,6.752146591997075
200230,2024-12-31,-0.31111768565531017,0.0306163208290713,-0.31875880957797087,G1,-10.990626944822132
200350,2024-12-31,0.176742140907022,0.029635368326116768,-0.2761596617132904,G1,5.107655968413477
200710,2024-12-31,0.005952573962763455,0.04285218093522949,-0.115295134987848,G2,-0.4532394994456194
200780,2024-12-31,0.045894382170792794,0.01768054757081608,-0.04363019803010201,G2,1.160569664972525
200880,2024-12-31,0.035698502930588516,0.02899003012105611,0.13286002370118913,G5,0.3561095965571367
201490,2024-12-31,0.026621559776124886,0.013110754292515002,0.016819121378569328,G3,0.09508871482982796
203400,2024-12-31,-0.06326982058274083,0.027512003693533606,-1.5421634875290933,G1,-3.222037063173839
203450,2024-12-31,0.09478860814963852,0.015876694182169783,0.1178800434208442,G5,4.372052037608255
203650,2024-12-31,-0.05623474654772237,0.03170530483297074,0.08172801791561102,G4,-2.57400526434477
203690,2024-12-31,-0.21638171720922728,0.021280645155485473,-0.3633376620977666,G1,-11.36039769672632
204020,2024-12-31,-0.0959928250795848,0.015282612183314667,0.11934072892136614,G5,-7.941554665117542
204210,2024-12-31,-0.208001144920786,0.013590580181722375,-0.1910490560778352,G1,-17.171895298086497
204270,2024-12-31,-0.2032031350043524,0.05483872328527402,-0.09907594266508644,G2,-4.16818620694864
204320,2024-12-31,-0.04964116541363231,0.0309204387770802,0.059208272244453,G4,-2.426098832376143
204610,2024-12-31,0.10601723692259862,0.01915760399862389,0.12148939046110324,G5,4.209417938088252
204620,2024-12-31,0.5245819679182342,0.026447626289288786,0.048689659928867444,G3,18.875308031723502
204630,2024-12-31,,,-0.2488043954420889,G1,
204840,2024-12-31,0.38761104212471115,0.037646062956554115,-0.1188464721379275,G1,9.622152721328499
205100,2024-12-31,0.142062482623083,0.026502938334082855,0.08168015564751176,G4,4.402817761267715
205470,2024-12-31,-0.15813143377461458,0.029810047695248865,-0.14277565695809238,G1,-6.155854249232277
205500,2024-12-31,-0.19812089769296748,0.044303252148642794,-0.31794075786974624,G1,-5.044680962542253
206400,2024-12-31,-0.3931672105527352,0.04457942314543727,-0.03771331213382108,G2,-9.388683298733378
206560,2024-12-31,-0.02834238903641617,0.02499941843312696,-0.2196039792651673,G1,-2.14874054690948
206640,2024-12-31,0.05469149051804845,0.02511871423703223,0.1220341622740084,G5,1.1671224586339422
207760,2024-12-31,0.46146124460066723,0.05772001674918064,-0.28526566238745543,G1,7.555201716168208
207940,2024-12-31,0.12132631862609407,0.02155212248125674,0.09934416023225943,G4,4.452064696158826
208140,2024-12-31,0.03481078348524889,0.011518229837475025,0.08792136533005025,G4,0.8192151587867083
208340,2024-12-31,,,-0.1032442991713475,G2,
208350,2024-12-31,-0.1094579884423801,0.018038909897655317,-0.027091394774272748,G2,-7.474557177088929
208370,2024-12-31,0.16735176905526483,0.029538098517374902,0.04940232132164648,G3,4.806568505814658
208640,2024-12-31,0.08206248438596916,0.05085246533699935,-0.3042089191608419,G1,1.1147465321553305
208710,2024-12-31,0.6553561518501327,0.08112904513946541,-0.1784758286174304,G1,7.7651755393787685
209640,2024-12-31,-0.3376328637161698,0.03797593213429939,0.005044480761978651,G2,-9.55888949433596
210540,2024-12-31,0.06610892150826311,0.02020236367393535,0.0747282248664402,G4,2.0163010212917465
210980,2024-12-31,0.22955299292647952,0.02422711045155266,0.07753099422172982,G4,8.42767107265135
211050,2024-12-31,0.4182442966727678,0.02661666421689461,0.4212020392603994,G5,14.760280194067242
212710,2024-12-31,-0.6929972213375275,0.06602047807118422,0.06254883523933848,G4,-10.881049597413828
213420,2024-12-31,0.11215914512733563,0.033156154981204375,0.11468720080999603,G5,2.6174407188207462
213500,2024-12-31,-0.022783160785297803,0.011790809270072256,-0.04422556719394475,G2,-4.084370689256571
214150,2024-12-31,0.3586689131428882,0.03920436176204154,0.21549776904247228,G5,8.501452980305633
214180,2024-12-31,-0.04006311836440689,0.010892142723763598,0.10546589983449911,G5,-6.007816370385924
214260,2024-12-31,0.20926227793680097,0.04006551772567915,-0.183344388467426,G1,4.589667459081459
214270,2024-12-31,-0.06597266412814907,0.03430741033597556,-0.6341781521692239,G1,-2.6626183157975016
214310,2024-12-31,,,-0.10188203239037584,G2,
214320,2024-12-31,-0.05648543860052628,0.012003288298771496,0.11253418783903407,G5,-6.819823998470856
214330,2024-12-31,0.03438523776745539,0.020759942026418194,-0.04896862899877461,G2,0.43402639352215977
214370,2024-12-31,-0.14031297701893453,0.03489546611044557,0.1449187199954363,G5,-4.748119755572994
214420,2024-12-31,0.44598515070837974,0.042329196893570134,0.1419756757240914,G5,9.936646725567124
214450,2024-12-31,0.3984422664887912,0.030671493858784416,0.15619364806126945,G5,12.163326416588722
214610,2024-12-31,-0.8924194374446704,0.059732064067813596,-1.228631509697917,G1,-15.365186634145138
214680,2024-12-31,-0.13754165361107912,0.036118348690900325,-0.2649793422844874,G1,-4.510630594031681
214870,2024-12-31,-2.2402736534469874,0.1437017589640278,0.24475862254062206,G5,-15.766324259218962
215000,2024-12-31,0.017404157949473004,0.01917115887484029,0.09411886276369301,G4,-0.41576605267131417
215100,2024-12-31,0.2104363148429169,0.0442898068103057,-0.0034395396303305084,G2,4.178420570573709
215200,2024-12-31,0.11267819265642233,0.020872920244712562,0.10745714373269478,G5,4.1826115671829704
215360,2024-12-31,-0.045716398417328594,0.018185129103504123,0.11876421087784261,G5,-3.909308150230832
215480,2024-12-31,0.06409719530521854,0.04192976615157627,-0.01753148900578241,G2,0.9235043230443312
215600,2024-12-31,0.41909229698033806,0.053813246612337266,-0.20123118570827664,G1,7.316366262318656
216050,2024-12-31,-0.005171029251198896,0.01587616024765788,0.08108862752599001,G4,-1.9240108297410983
216080,2024-12-31,-0.0272285689982137,0.029179550309157486,-0.036476298302734925,G2,-1.8027503316836595
216400,2024-12-31,-0.01576013757959084,0.0274553153435298,-0.7757126624134777,G1,-1.4982531456986097
217190,2024-12-31,0.1491310491191435,0.043526633427395746,0.12275248252124615,G5,2.8432287170928117
217270,2024-12-31,0.3523876194472383,0.03502143493629245,0.012829783355479067,G3,9.337502733457603
217330,2024-12-31,-0.02516207341040011,0.03917304184872045,-0.3497152318847019,G1,-1.2900950762405712
217480,2024-12-31,,,-0.49540586382917107,G1,
217500,2024-12-31,0.1779393784792773,0.02379541824646479,0.07070558895235303,G4,6.411507538933187
217820,2024-12-31,0.006644969178904114,0.03774890202159498,-0.801322009045705,G1,-0.4961708769802383
217880,2024-12-31,0.10305163904332776,0.022857819411103524,-2.5517224653890684,G1,3.3982578410605138
218150,2024-12-31,-0.0059876186675704435,0.019594050744936583,-0.009190079947742458,G2,-1.6006130674983068
218410,2024-12-31,0.21372975672654648,0.03444118874936892,0.055030548710795164,G4,5.468884453937375
219420,2024-12-31,0.05257753745709973,0.0444965581337585,-0.01489268243370671,G2,0.6113430700713391
220100,2024-12-31,0.10808995951515941,0.04154199372982037,-0.17288749245234292,G1,1.991119758312984
220180,2024-12-31,-0.06803784576552054,0.029308378630784625,0.008716299024372069,G2,-3.187236044077943
221840,2024-12-31,0.08595545156370613,0.018898662879569237,-0.22596377664643783,G1,3.2055482945937905
221980,2024-12-31,-0.025937456871594516,0.007117206056426421,0.053390545611308245,G3,-7.209617294312066
222040,2024-12-31,0.31971425338649345,0.01967713535654402,-0.08787378209426044,G2,14.958446595662876
222080,2024-12-31,0.016700479760572498,0.03247059011095343,0.11734479537752396,G5,-0.26714621476809314
222160,2024-12-31,,,-0.14726822912358412,G1,
222800,2024-12-31,0.46370739175436304,0.05374392838067968,-0.06922275849194234,G2,8.155944865986733
222810,2024-12-31,,,-9.921133532131003,G1,
222980,2024-12-31,0.18702172513087245,0.042014579328618705,-0.009205497807221484,G2,3.847398991348817
223250,2024-12-31,0.014973002173879174,0.019475823070533034,0.07070671912891821,G4,-0.5340915651394917
223310,2024-12-31,0.22670950770255405,0.0642258480209766,-0.4909291528133625,G1,3.134791348131313
224060,2024-12-31,-0.2147574137616683,0.02090021171610047,-0.30010107016089493,G1,-11.48946680653395
224110,2024-12-31,0.04495961634783374,0.06404651013732454,0.1995765965568744,G5,0.30578936004227825
225190,2024-12-31,-0.29237140660518335,0.025666736156842576,-0.052151509815712364,G2,-12.379691740450385
225530,2024-12-31,-0.06586659515800682,0.04081297215330808,0.052529469591423336,G3,-2.235599745474828
225570,2024-12-31,-0.01788044336513711,0.022446677498555008,0.10055448796572092,G4,-1.9270254302856906
225590,2024-12-31,-0.09395235471179221,0.012515240605216402,0.014882030796769965,G3,-9.534553387815503
226320,2024-12-31,0.16202113792201428,0.023993113461452335,0.06099634888922387,G4,5.695228472184406
226330,2024-12-31,0.4355598768977018,0.05473712315962818,-0.28918377506964854,G1,7.493725980108454
226340,2024-12-31,-0.18450387377310812,0.018060641658820514,-0.17758670781382987,G1,-11.620780298833228
226400,2024-12-31,0.10986979300301611,0.034893641701981636,0.09523232549797467,G4,2.4214989861094836
226440,2024-12-31,,,-1.2595857614955626,G1,
227100,2024-12-31,,,-7.054254788147718,G1,
227610,2024-12-31,0.0017275480112918934,0.035669822272781274,-0.32308817964222447,G1,-0.6629505134022705
227840,2024-12-31,0.0627233760862201,0.009212675682005402,0.13895601976110797,G5,4.054034069512599
227950,2024-12-31,-0.15891748585716237,0.025100251393702516,-0.2917709972397778,G1,-7.342251596069674
228670,2024-12-31,0.3997711995414185,0.03987520314808216,-0.8509569035922547,G1,9.389201683839584
228760,2024-12-31,-0.2559365435285726,0.032085851391191675,-0.08357807086271891,G2,-8.767459996582767
228850,2024-12-31,0.0997369539753879,0.009599056182861047,0.031672163055968726,G3,7.746811515507133
229640,2024-12-31,0.12117282335943216,0.04961753017477341,0.1794482311474456,G5,1.9307278702102317
230240,2024-12-31,0.1002781669254747,0.040508676492780345,-0.11639555823853805,G2,1.8490678642345755
230360,2024-12-31,-0.1831611381328375,0.017335872351890855,0.128278341993457,G5,-12.029161780837184
230980,2024-12-31,,,-1.2574676837697778,G1,
232140,2024-12-31,0.03443428762573387,0.0434136129795641,0.03090783722711214,G3,0.20867677219121067
232680,2024-12-31,0.34060022528424644,0.04938388943445748,0.16180438736609665,G5,6.383161672646603
232830,2024-12-31,-0.20033296652043525,0.03970731161538877,-0.22607763906051861,G1,-5.684289173406568
234080,2024-12-31,0.06106679562164033,0.012859194942551309,0.21944965556525603,G5,2.775595267129448
234100,2024-12-31,-0.023643034408744996,0.017928442771678113,0.04191604839204218,G3,-2.734086280275243
234340,2024-12-31,-0.028588809865091908,0.024484779561046895,0.05928919463569381,G4,-2.2039685809932026
234690,2024-12-31,-0.2271795177590491,0.024185080943293025,0.0673561749105333,G4,-10.442569671410883
236200,2024-12-31,0.30442705370078343,0.020668382073687278,0.13727552691246278,G5,13.501404111163698
237690,2024-12-31,-0.07899715941575058,0.03147861555792385,0.06454156797896515,G4,-3.3156488163748956
237880,2024-12-31,0.07876647363512762,0.02672770243179801,0.11610432128166198,G5,1.9976127305131746
238090,2024-12-31,-0.29417890946534286,0.04785675900816399,-0.3441672842353933,G1,-6.677296814245809
238120,2024-12-31,0.06036702502196359,0.017445320050718777,0.11630113140848783,G5,2.005818747963977
238170,2024-12-31,0.135980391712912,0.09368649519476374,-0.0065014233307444545,G2,1.180591893025516
238200,2024-12-31,0.110718605901071,0.015126779226096457,-0.1155665198528254,G2,5.641897037396928
239340,2024-12-31,0.23822197121869276,0.06714522933670576,-0.2336270843573433,G1,3.169951139065323
239610,2024-12-31,0.010371315367376007,0.014195372628790193,-0.08418545217962042,G2,-1.0569331306030436
240550,2024-12-31,0.12636397946528455,0.04877239923594919,0.03874711281317264,G3,2.0706199827636826
240600,2024-12-31,0.018124442399670176,0.04593106882822651,-0.07021310175911655,G2,-0.15785464578333788
240810,2024-12-31,0.04742933274495771,0.028512041122973363,0.023379468159858478,G3,0.7735138164902376
241520,2024-12-31,1.1225066210261212,0.07647441809513866,0.09252057615537418,G4,14.346388940955718
241560,2024-12-31,0.189015286013046,0.028609353710779082,0.08806327488375078,G4,5.7198220088205485
241590,2024-12-31,-0.0683512832076884,0.032622787116529814,0.06094758106946749,G4,-2.873027306737927
241690,2024-12-31,0.04690772956561032,0.025777832752535226,0.07627634433530779,G4,0.8353244732528028
241710,2024-12-31,-0.1938640530887253,0.03595691877442989,0.1745157373748135,G5,-6.0972668282309295
241770,2024-12-31,0.443339891106476,0.026354204666717444,0.028654200674511018,G3,15.859519245303629
241790,2024-12-31,0.2160198777462701,0.02546946155596228,0.07580339167338747,G4,7.485238835040901
241820,2024-12-31,-0.5757728651011691,0.026633727066712114,-7.425759910736965,G1,-22.5709206449182
241840,2024-12-31,0.15933028471637756,0.048231923802203445,-0.0853487831282559,G2,2.777318405662639
242040,2024-12-31,0.0918047495363695,0.02326179895571266,-0.13750493817984674,G1,2.8557496633361446
243070,2024-12-31,-0.06827309201974219,0.017005801003641387,0.0829259955119383,G4,-5.506824818171735
243840,2024-12-31,-0.1583895344560188,0.028112918200195045,0.06126962956163709,G4,-6.536653653221381
244920,2024-12-31,0.08160117299975449,0.019401746722110588,0.04147883489502181,G3,2.8980018554555182
245620,2024-12-31,,,-10.360786065599,G1,
246710,2024-12-31,0.16198064719561078,0.05499237563162671,-0.31715997423906794,G1,2.484085668723999
246960,2024-12-31,0.014240078390289186,0.021499555120456242,-0.24038526502700347,G1,-0.517908233325086
247540,2024-12-31,-0.011928324447876865,0.041282637864620754,-0.029594540357300064,G2,-0.9036050353711945
248070,2024-12-31,-0.13454272804149997,0.023524980987162793,0.08676762410542037,G4,-6.797778205591938
248170,2024-12-31,0.07274774183485422,0.017581478580122347,0.04090457444672905,G3,2.6944757017429746
249420,2024-12-31,0.014705284775354308,0.015669758041284447,-0.0779697841468511,G2,-0.6809033168562628
250000,2024-12-31,0.08964585418314841,0.015127475086786652,0.10190840620411983,G5,4.248625683693043
250930,2024-12-31,0.1293465796809787,0.04595708792603566,-0.36639826452235674,G1,2.2623649446264533
251270,2024-12-31,-0.12309076172711862,0.023605294894007135,0.0005875539372095965,G2,-6.289505697503943
251370,2024-12-31,-0.025708944219379026,0.03834087184127603,-0.011871247254952089,G2,-1.3323593535080887
251630,2024-12-31,0.09718493701749933,0.027206307221818125,-0.052309144655992894,G2,2.6394637622819754
251970,2024-12-31,0.26154724640488575,0.029475097312235594,0.11953221200051126,G5,8.012607012050363
253450,2024-12-31,0.2146570924364943,0.03298151185097059,0.04527726908524878,G3,5.739040050431286
253590,2024-12-31,0.20791237795045966,0.04407649318327435,0.1657981712719303,G5,4.14137990042563
253840,2024-12-31,0.13413788223803969,0.05332906840888083,-0.15797261583391597,G1,2.039469476649015
254120,2024-12-31,0.3288925126403205,0.039782242268167005,0.04158827469196084,G3,7.629475372311771
255220,2024-12-31,-0.104652522690045,0.03842754004872996,-0.41765454653786954,G1,-3.383703394106343
255440,2024-12-31,-0.06146737754320916,0.025008167516212973,-0.07673251038709182,G2,-3.472555615556746
256840,2024-12-31,0.018959030207929592,0.021957103465158848,0.056090115068740766,G4,-0.29219905085618164
256940,2024-12-31,0.7871114790237834,0.041279134817346574,0.025493511213697292,G3,18.453308369817908
257720,2024-12-31,0.17933677350018914,0.04675335126743814,0.46155870575860275,G5,3.29306657868219
257990,2024-12-31,0.2680629058110115,0.02783357233046642,-0.02282702863150213,G2,8.719255578464393
258610,2024-12-31,0.47278714218040513,0.04973372390832923,0.12311036969783704,G5,8.996154561140235
258790,2024-12-31,0.4284183626681801,0.05860142822046288,0.0028338891449898084,G2,6.877707590195599
259960,2024-12-31,0.20930077000875189,0.029900562417068097,0.1907405991835361,G5,6.151252021392137
260930,2024-12-31,-0.10831930506763159,0.030758954818209557,-0.02393574744090356,G2,-4.346512450042142
261200,2024-12-31,0.1206138304061732,0.02989482031351295,0.03920585290339763,G3,3.1858012327012935
262260,2024-12-31,0.30308424382505605,0.04362284192119629,0.03773080236686165,G3,6.366145729953404
262840,2024-12-31,0.08490954557874758,0.019827505991606473,0.0786139225222192,G4,3.002630315882908
263020,2024-12-31,0.0007368831666615047,0.01520724544140053,0.09708905957203377,G4,-1.6201482331746606
263050,2024-12-31,-0.2139130921705374,0.018148126818549482,-0.6946554661730022,G1,-13.18527083059379
263600,2024-12-31,-0.055616594912801506,0.025118505909504412,-0.0038395983677443134,G2,-3.224374499207602
263690,2024-12-31,-0.03976296323251932,0.0134028241539542,0.11711081892270978,G5,-4.860008419442097
263720,2024-12-31,-0.1216201947852099,0.03410435960659161,0.1225583855555387,G5,-4.310154815421281
263750,2024-12-31,0.26931954421863397,0.023907514377444,0.0748703143072709,G4,10.20368179507562
263860,2024-12-31,0.6867747024038199,0.03984346053286833,0.19209746834799749,G5,16.59995940508749
263920,2024-12-31,0.07278887626501432,0.012831905796997839,0.07723666366397759,G4,3.6950085213458586
264450,2024-12-31,-0.056811758862424615,0.011311887196584993,0.1204422310529163,G5,-7.265510381613103
264660,2024-12-31,0.41409476388847993,0.04585993189185607,0.05704104730959753,G4,8.476242175961668
264850,2024-12-31,0.061252648999792936,0.046269790446978556,0.09585585454803242,G4,0.7754038575321837
265520,2024-12-31,0.10435787804676236,0.026750508395973805,0.153877936465398,G5,2.952579512793485
265560,2024-12-31,0.2332138139638735,0.0197798884949603,0.18858379181343976,G5,10.507589009757492
266350,2024-12-31,0.08481801765747765,0.0883923152848077,1.0416856170766324,G5,0.6724922010012602
267080,2024-12-31,-0.9513097437448557,0.07497242128830596,-16.199055830899322,G1,-13.027251914260862
267250,2024-12-31,0.014828449439672035,0.02313399177140442,0.07315414093880136,G4,-0.45588438279658366
267260,2024-12-31,-0.14036211433814177,0.04401311450500328,0.3306161683051579,G5,-3.7656273863396166
267270,2024-12-31,0.19810709725138922,0.03533346961948272,0.04792355415688997,G3,4.88862894336721
267290,2024-12-31,-0.0021991320063917998,0.003991316785774018,0.06423188115038633,G4,-6.908498745244167
267320,2024-12-31,0.7972454940301804,0.05533266608961284,-0.06381242909392523,G2,13.94963723201253
267790,2024-12-31,-0.014251294946981297,0.01816884803291447,0.1136096868024412,G5,-2.180995177855799
267980,2024-12-31,0.0639726292635441,0.011563094837941922,0.07916286933450259,G4,3.3380124269926004
268280,2024-12-31,0.06605873899856811,0.0127661198720236,0.134288046524172,G5,3.1868621324577293
269620,2024-12-31,,,0.5482127660530185,G5,
270660,2024-12-31,-0.1137196495669206,0.03729845633012809,0.004666522464784469,G2,-3.72923006077777
270870,2024-12-31,-0.036395118281143,0.01868141866804564,0.04358314647873856,G3,-3.306493707932357
271560,2024-12-31,0.19575483044953554,0.016484629196239452,0.1491949382219969,G5,10.335686257862772
271830,2024-12-31,0.001072899817354006,0.021887738518983825,-0.0013425892394474132,G2,-1.1103008728639654
271980,2024-12-31,0.1710397074392713,0.04880811696456929,-0.13743824776656752,G1,2.9844386855778944
272110,2024-12-31,0.20415022027532095,0.03609484805389977,0.15139164589297258,G5,4.952932479681284
272210,2024-12-31,0.656234008152883,0.05418614494967393,0.18431374319618507,G5,11.642443538635225
272290,2024-12-31,0.1700918482423258,0.032796408365925594,0.1495239767361318,G5,4.41258602550766
272550,2024-12-31,-0.18673839476752038,0.008266851313841682,0.05384867922981924,G3,-25.65829016573293
273060,2024-12-31,0.41794053745847204,0.04867630928374611,0.044646025087229105,G3,8.064819790878367
274090,2024-12-31,0.30111575633410476,0.04793280926231178,-0.042052820024198724,G2,5.752654300421153
275630,2024-12-31,-0.03376580025583302,0.014755908028158314,-0.009518677542303951,G2,-4.007931951254806
276730,2024-12-31,-0.1220256801269382,0.030203195101486377,-2.523918451109543,G1,-4.880296757732237
277070,2024-12-31,0.4141766124439275,0.05244846897936776,0.05675866045650613,G4,7.413023583145484
277410,2024-12-31,-0.03254748063481641,0.01151357018032813,0.013499365604134833,G3,-5.030790165658733
277810,2024-12-31,0.6308279524162932,0.057422770805147204,0.016085497453873925,G3,10.543780262202572
277880,2024-12-31,0.2423717123926014,0.043859785966549304,0.23399375655798652,G5,4.947512456127788
278280,2024-12-31,0.04159052656868524,0.034473660189669776,-0.07789591772147876,G2,0.4703780068454804
278650,2024-12-31,-0.20177990347608277,0.03273074535810046,-0.08297503440065643,G2,-6.94010405173571
278990,2024-12-31,-0.11145985955524548,0.03799767299301735,0.08453595146995399,G4,-3.601134590015313
280360,2024-12-31,0.07271870196109588,0.017975500373179795,0.03682219087375406,G3,2.633797445312559
281740,2024-12-31,0.24303557344894453,0.04817465290278976,0.1600085632798436,G5,4.518158104598196
282330,2024-12-31,0.06255495139791997,0.017478526620397738,0.16486144999157917,G5,2.127185958256356
282720,2024-12-31,0.1559430222796058,0.04023531771353457,-0.11875616373044222,G1,3.245112868480832
282880,2024-12-31,0.01657572846478482,0.02800922127985407,0.03917014774547325,G3,-0.3141517733498733
284620,2024-12-31,-0.7626905903955287,0.06308549409587261,-2.0753278069367402,G1,-12.492023351642231
284740,2024-12-31,0.10785967359615573,0.01496483081158273,0.1300613027797949,G5,5.511909866185241
285490,2024-12-31,0.41603750499453795,0.0683845758652088,0.1008343143438438,G4,5.712730174192552
285800,2024-12-31,0.2582263545774408,0.061820992286357686,-0.08568115022543431,G2,3.76654387071081
286750,2024-12-31,0.56683207792927,0.05414841425432335,0.014582134703612436,G3,9.999502485634446
286940,2024-12-31,-0.01742912550609002,0.018091592625127353,0.016074476292635698,G3,-2.36596088542474
287410,2024-12-31,,,0.1960548693018303,G5,
288620,2024-12-31,0.22540404267184266,0.04125952473506855,-0.018169166435023927,G2,4.848072510680856
288980,2024-12-31,0.008399676901028302,0.032039663929902366,-0.10706331323146553,G2,-0.529818232054827
289010,2024-12-31,0.9091783996621868,0.07247943406124224,-0.16036791675375198,G1,12.193852450826368
289220,2024-12-31,0.26931592499581647,0.04969111791718607,-0.403551527199022,G1,4.909147956831285
290090,2024-12-31,0.07398182691405787,0.02466890068074791,0.024574797553317488,G3,1.9703736515503383
290120,2024-12-31,0.09389236675808105,0.031070116893569946,0.02362566460506121,G3,2.205253748892749
290270,2024-12-31,0.1270826416381182,0.027876165888268568,0.08171718118455361,G4,3.648556514040584
290520,2024-12-31,-0.19550332965075784,0.025510203850545067,-0.009831721850806652,G2,-8.65842570074321
290650,2024-12-31,-0.046071903807473,0.030026833499445137,0.4782927591360082,G5,-2.3794310115581534
290660,2024-12-31,0.045640857437456994,0.018503608900288796,-0.038356618961629174,G2,1.0952448544856948
290670,2024-12-31,-0.3067452232582877,0.03526164939608094,-0.29841727118939365,G1,-9.418734062258592
290720,2024-12-31,-0.22880043868270694,0.03959305113069924,-21.091284416083155,G1,-6.419695032940443
290740,2024-12-31,0.12057451093957734,0.020885998677838347,0.021498329925502116,G3,4.558060038593774
293780,2024-12-31,0.16668287356060818,0.03833506859867883,-0.5420579865376225,G1,3.686128751716338
293940,2024-12-31,0.03448801706840571,0.010986144691800221,0.008614172555368007,G2,0.8295122924430024
294090,2024-12-31,-0.6592261377361599,0.04909588791505557,-11.860653682302237,G1,-13.944161961601322
294870,2024-12-31,0.3604379329828473,0.030377751773284594,0.04999611578358914,G3,11.029883333154206
296640,2024-12-31,0.15289832457305488,0.030681348157668216,0.09376737714116203,G4,4.156383510845916
297090,2024-12-31,0.3643517105874203,0.03614626459329231,0.026728358716822425,G3,9.37792160272972
297890,2024-12-31,-0.06828418797614433,0.030542742348578636,-0.09394402847056726,G2,-3.0664916040357757
298000,2024-12-31,-0.006887398316472476,0.01677051427479208,4.790578110855323,G5,-1.923749790128153
298020,2024-12-31,0.02807536283132496,0.02952807607864158,0.10101022972900806,G4,0.09145491985772511
298040,2024-12-31,0.2926133836847169,0.04311659184991626,0.10844884144939848,G5,6.198043426413259
298050,2024-12-31,0.049140665723830315,0.02830370691003277,0.06755372378241722,G4,0.8396706056691857
298380,2024-12-31,0.9128008577186402,0.05936457759933262,-0.33195492490766176,G1,14.948745844838903
298540,2024-12-31,0.08313070757432889,0.012998488672002071,0.047523051125908,G3,4.443272909006056
299030,2024-12-31,0.2169224074152858,0.04127490937868129,-0.15838680224794985,G1,4.640774148234014
299170,2024-12-31,0.44340357637522543,0.052190146690177235,0.027124570721615098,G3,8.009724591440996
299900,2024-12-31,-0.048946889236537894,0.02967575074167236,-0.34735455458789444,G1,-2.5044611300151907
300080,2024-12-31,0.23056235258986574,0.05747152855154986,0.07345790903203744,G4,3.5702456983690642
300720,2024-12-31,0.229438342567222,0.019123285910950447,0.10823042365544555,G5,10.670941621511313
301300,2024-12-31,0.29157152206725107,0.051122232019877485,-0.1555683530647839,G1,5.2070623004830425
302430,2024-12-31,0.24500954183782175,0.056970828092469436,-0.02300235694846522,G2,3.8552128201705687
302440,2024-12-31,-0.21990286890869465,0.022937732612211725,-0.024780348835796516,G2,-10.693199195203462
302550,2024-12-31,-0.07909511022209775,0.019818570245578534,0.18328067001446915,G5,-5.271317957227752
303530,2024-12-31,-0.0021248912780081897,0.02216955517532219,-0.04141690290356052,G2,-1.240429321226041
304100,2024-12-31,0.4498981697960276,0.056671784732419204,-0.08061268621161373,G2,7.490910985077522
304360,2024-12-31,0.27998871788485846,0.042268671662697994,-0.3178825514757932,G1,6.023701073851219
304840,2024-12-31,-0.055191808840596907,0.02850901604411899,-1.59735362643307,G1,-2.8260071731664227
306040,2024-12-31,-0.10942578552368827,0.022614931561395348,-0.03126614676511304,G2,-5.960692835073563
306200,2024-12-31,0.42739733795596613,0.03332994807505843,0.12319576748408365,G5,12.0618988679676
306620,2024-12-31,-0.13390429812087556,0.0335846916267023,0.004382052150126284,G2,-4.742612345269738
307180,2024-12-31,0.13856885531283306,0.02359323860650093,0.05058698399651601,G3,4.797729646223447
307280,2024-12-31,-0.003533742338240567,0.014879739110805397,0.14325322004869875,G5,-1.9428174864468986
307750,2024-12-31,-0.08228113149320221,0.018161345581401086,0.0055145655225284805,G2,-5.927754967861633
307870,2024-12-31,0.2280817313354459,0.0592722839999616,-0.2032091805120489,G1,3.4199265264617984
307950,2024-12-31,-0.002062338952886003,0.023222782084402618,0.10123076647002612,G4,-1.1814783367972934
308080,2024-12-31,0.251997817178256,0.03927606012812302,-0.24222867434908088,G1,5.770001915644948
308100,2024-12-31,1.1474895858862806,0.09607715634263171,-0.40384422697362354,G1,11.679308106128572
308170,2024-12-31,0.021244896033941817,0.015540745854753566,-0.23210149397344348,G1,-0.26575165726649463
309930,2024-12-31,0.21811082028264303,0.03133185756201212,0.03530701970979054,G3,6.151436916920083
310200,2024-12-31,0.43543389032731605,0.026957388926300258,0.14558267657970292,G5,15.211377349949977
310870,2024-12-31,-0.08273816579581489,0.016848625364158265,0.012440031037055894,G3,-6.416727683066746
311320,2024-12-31,-0.014343545710550902,0.029232356553451133,0.05521926198378368,G4,-1.3587142944813932
311390,2024-12-31,0.43041622943306834,0.03216701862542484,0.006504182634631685,G2,12.591821428950313
313760,2024-12-31,0.6115603208542436,0.07685290393642308,-0.6484372399593124,G1,7.627368854391868
314130,2024-12-31,0.06133078647239604,0.036257148737277305,-0.2710306326227993,G1,0.9916916449480337
317120,2024-12-31,-0.23538341081502762,0.04926701748513719,-0.3443615349021061,G1,-5.292755663435336
317240,2024-12-31,0.010812324975147627,0.06190457711594642,-0.19566435320952782,G1,-0.23524189491799452
317330,2024-12-31,-0.21401950876768377,0.043367153483403295,-0.352765015886338,G1,-5.520177473933135
317400,2024-12-31,0.0948381495311769,0.017734078359412042,0.00997419909454352,G3,3.916937385940361
317530,2024-12-31,0.3277126991875014,0.03974438918037392,-0.40582292304716455,G1,7.607056754989661
317690,2024-12-31,-0.5177841212369884,0.031548038396293825,-3.0882988523254,G1,-17.21688649589057
317830,2024-12-31,0.7297750014119538,0.06777619381255236,-0.03304460273868892,G2,10.393031635268619
317870,2024-12-31,0.3128603672231471,0.02826821460177633,-0.0464479704461096,G2,10.169920395506054
318000,2024-12-31,0.04744436267704199,0.01997667149554544,0.08385894074397485,G4,1.104763007288939
318010,2024-12-31,-0.03336833918176062,0.0172204729525125,0.02449737492674034,G3,-3.411242788961255
318020,2024-12-31,0.25073564948889093,0.028369620056557243,0.03209034478386753,G3,7.943736082457753
318160,2024-12-31,0.6802965674662618,0.028706376499661356,0.09434544967690586,G4,22.814502292687052
318410,2024-12-31,-0.005249958689388309,0.012707548513539805,0.04901225171473458,G3,-2.409971809807198
319400,2024-12-31,0.30881654252081536,0.025114495855270133,0.15636685005853732,G5,11.285978789072
319660,2024-12-31,0.1289136860868995,0.036857915395437826,0.16774517111086978,G5,2.8091336684688155
321260,2024-12-31,0.07707949093655672,0.026390740111660954,0.13821855217633724,G5,1.9591953737481826
321370,2024-12-31,-0.14825981179107678,0.0514580391394415,-0.9302419619547445,G1,-3.374296605445066
321820,2024-12-31,-0.04929590248840296,0.031187287502306704,-0.33552925474225925,G1,-2.3942696998858937
322000,2024-12-31,0.40423849516263555,0.038111267584366816,0.00030898962428655005,G2,9.940987119463978
322180,2024-12-31,0.15731328267066286,0.035655005385662804,-0.05269770259415627,G2,3.7004175498937513
322310,2024-12-31,0.39523397399514154,0.04529705626170255,0.0866363442101211,G4,8.165190622063614
322510,2024-12-31,-0.08630686046045788,0.03517169179162822,-0.2726900788795775,G1,-3.175330209365733
322780,2024-12-31,0.4381646527295241,0.058500498759831175,-0.7807782603964805,G1,7.056175357140073
323280,2024-12-31,0.01312247347598633,0.05777419929828849,0.14562792910169345,G5,-0.21207393045387687
326030,2024-12-31,-0.008086239661458203,0.029967551563717828,0.3954349542640922,G5,-1.1165781959300962
327260,2024-12-31,0.18576866410215198,0.035333063542300154,-0.10856403460991901,G2,4.539481523025345
328130,2024-12-31,-0.1460682501039176,0.04026097537765174,-0.4999412703086502,G1,-4.258295371529501
328380,2024-12-31,0.24086195944039743,0.03350879923074271,-0.006776283981553236,G2,6.430761154899828
329180,2024-12-31,0.3968738410781882,0.03945702944338893,0.10895171021195972,G5,9.415279642660309
331520,2024-12-31,0.2501610892525582,0.07058643765014769,0.056292569250333185,G4,3.18455246837475
331920,2024-12-31,-0.06850289089125536,0.02408264378890646,0.4512357298099685,G5,-3.898150332419053
332290,2024-12-31,0.11005409681371456,0.024081972789081262,0.11578653663010909,G5,3.5162909017199797
332370,2024-12-31,0.2259512440241644,0.026226128094701224,0.18409025521569655,G5,7.647959633991463
332570,2024-12-31,0.1626843222489957,0.05764263991126098,-0.0856741516132719,G2,2.3820811722082693
333430,2024-12-31,0.17517522080892173,0.03962396645042463,0.08496854451878634,G4,3.78054897649744
333620,2024-12-31,-0.005578705943584117,0.02718827718477658,0.1564095653357348,G5,-1.1384899724693043
334890,2024-12-31,0.07085271600088629,0.009568778366262654,0.005679117662922561,G2,4.752732194240267
335810,2024-12-31,-0.10278890240966009,0.01697118244530607,-0.2842714217431256,G1,-7.551847245924098
336060,2024-12-31,0.03276923603448437,0.020907682664321494,0.08298442393811248,G4,0.35366717360325634
336260,2024-12-31,-0.011929951574954384,0.028976319994839263,-0.02099581896202681,G2,-1.2874245791597563
336370,2024-12-31,0.10883091853578601,0.04220504141346106,-0.03911226779867762,G2,1.9773951343445002
336570,2024-12-31,0.6786552158137408,0.03566242637651311,0.22960630252950814,G5,18.318449056623475
336680,2024-12-31,-0.13215534289102313,0.019564582121783226,0.10799058478267856,G5,-8.0518059067374
337930,2024-12-31,0.014463368222102715,0.02792249880189854,0.18283978405734366,G5,-0.39077830588555207
338220,2024-12-31,-0.20466759810506518,0.03558123785314497,-0.4241396378582917,G1,-6.465274593720523
339770,2024-12-31,0.013924334815184139,0.02618535007107344,0.004665717420008653,G2,-0.4372880314273547
339950,2024-12-31,0.329653430113902,0.04577489824438507,0.23165355046343,G5,6.64727977087805
340570,2024-12-31,0.11425578845827153,0.03335034825358129,0.27069843556274115,G5,2.6650670266607235
340810,2024-12-31,0.3203787473690366,0.030268486910994385,-1.0559395976707167,G1,9.746237835954817
340930,2024-12-31,0.5143298189673693,0.07678478448114077,-0.6938772497895519,G1,6.3678624257578305
344820,2024-12-31,-0.15349698657655067,0.013794794592434764,0.024818391696479303,G3,-12.966620153564751
347000,2024-12-31,0.23370827222244328,0.019212721465542634,0.05946728735272458,G4,10.843513116873224
347700,2024-12-31,1.0334146620244005,0.05653629983369922,-0.5440239536159576,G1,17.829956859390094
347740,2024-12-31,0.052682349629478466,0.016574200494620026,0.07417569473676355,G4,1.6475892540543642
347770,2024-12-31,0.031236248415464407,0.02509091970217039,-0.12698672421696613,G1,0.23360536341588978
347850,2024-12-31,0.428666293687039,0.05146712896693188,-0.4237972721126925,G1,7.835902774879042
348030,2024-12-31,-0.008814147111428472,0.026636172131421325,-0.20423740212243335,G1,-1.2835561334692467
348150,2024-12-31,0.020409546003104004,0.04019546008227193,-0.08322063729008626,G2,-0.1235295972911608
348210,2024-12-31,0.09772662647959995,0.035753625194277605,0.24376823273892895,G5,2.023620012976472
348340,2024-12-31,-0.08432117875839597,0.038975288098530556,-1.5414913388003018,G1,-2.8145027044080195
348350,2024-12-31,0.10131922739521632,0.028151481515014017,0.05885528381866144,G4,2.6977035775084506
348370,2024-12-31,-0.4055882706003705,0.05343728873183259,-1.2235394937432174,G1,-8.06483928784444
348950,2024-12-31,0.004563775494547215,0.015922075483974816,0.025653308854126304,G3,-1.3070594676176883
350520,2024-12-31,0.0984689815079989,0.006038646489747708,0.029544699907922856,G3,12.10438574804745
351020,2024-12-31,0.060635465306001474,0.05870389224241969,0.16547829906243242,G5,0.6006516596956076
351320,2024-12-31,0.8423510757471372,0.06618665142478841,-0.4583490339004998,G1,12.343519171316785
351330,2024-12-31,0.1461763779404425,0.040881794809653295,-0.17202660481255252,G1,2.9548972471217927
352090,2024-12-31,0.17591058248109992,0.019567449910278128,0.16010902136329463,G5,7.693169430423764
352480,2024-12-31,-0.26870801906207237,0.046544620060296554,0.1576512034347879,G5,-6.318300454082568
352700,2024-12-31,-0.06934043482144212,0.014749520961396041,0.012132306023212039,G3,-6.421585492121454
352770,2024-12-31,0.023687458541388096,0.10619595087458499,-8.589695848879051,G1,-0.015889649696763763
352820,2024-12-31,0.34617735094369134,0.024204021701375006,-0.0009766827492638267,G2,13.25409801320195
352910,2024-12-31,-0.35660857390184225,0.024464670215871794,-0.047353804576034546,G2,-15.613676601045093
353190,2024-12-31,0.009758279320481456,0.014565354129673323,0.036938712800040144,G3,-1.0721741154033158
353200,2024-12-31,-0.047579793193494466,0.038204419214087806,0.027141460640116407,G3,-1.909587154948623
353590,2024-12-31,-0.05987577389139046,0.027596903926669837,-0.23245313283048402,G1,-3.0891381554219794
353810,2024-12-31,0.2849670076101593,0.026787806771144645,0.22414214520598288,G5,9.690682586593368
354200,2024-12-31,0.11721784123883146,0.024033984289623105,-0.7873021714010051,G1,3.821379140972707
354320,2024-12-31,0.02202476698277131,0.04310783028030402,-0.01571415983959797,G2,-0.07771460533840274
355390,2024-12-31,0.6320676614626991,0.0767357218944459,-0.8885010542694357,G1,7.906262839323223
355690,2024-12-31,0.3888323800483016,0.047408380601423994,-0.18511294374204568,G1,7.666524366313929
356860,2024-12-31,0.3908927625141092,0.0572619547746845,0.03209168184343607,G3,6.3832589884916855
357230,2024-12-31,0.07351739140545067,0.01754061909990672,0.03505229581581075,G3,2.744630399374371
357550,2024-12-31,0.25920415082416015,0.027994509841233212,0.10883055710007444,G5,8.352683335064228
357780,2024-12-31,0.08454729658937031,0.029385536903232,0.1153068008108823,G5,2.0136580040796255
359090,2024-12-31,-0.06388998125368768,0.021414605928379335,0.07132246886369233,G4,-4.168409941898158
360350,2024-12-31,0.13037826530309546,0.02403180329917487,0.028728920706648366,G3,4.369351271558583
361570,2024-12-31,0.0400782395697168,0.036695126965366615,-0.16398150615193888,G1,0.40068984046830153
361610,2024-12-31,0.04750998343481144,0.03666699336434922,-0.10609128294493564,G2,0.6036793967495874
362320,2024-12-31,0.1161878345715206,0.02940057486015349,0.03783471314117419,G3,3.0888157800818767
362990,2024-12-31,0.29585770450454063,0.04439397752719995,0.025991031045795285,G3,6.092782052223577
363250,2024-12-31,0.23908823979539706,0.04003134446172434,-0.4354742752765584,G1,5.338650691578382
363260,2024-12-31,0.18304881531317663,0.05309147588684487,-0.03706856494813166,G2,2.9698541560462717
363280,2024-12-31,0.0284235506583559,0.038695595616967685,-0.11756188994197199,G1,0.0787861153122837
365340,2024-12-31,-0.015099176044212653,0.030654095174309448,-0.500395822731817,G1,-1.3203472754313454
365550,2024-12-31,0.1429248785665675,0.01322180854289131,0.0033195086422543197,G2,8.890614561936621
365900,2024-12-31,0.3383958423509589,0.03563288489634664,-0.1830089611091637,G1,8.784609168230784
366030,2024-12-31,0.22655539759739854,0.04274657684561854,0.09978759212433885,G4,4.706353992366976
368600,2024-12-31,0.05258883881817539,0.036188030993792926,-0.29548064923787537,G1,0.7520155993798949
368770,2024-12-31,0.475578837705557,0.049614589291691255,0.18524355812101692,G5,9.074023772700075
368970,2024-12-31,-0.033523959584479124,0.015040246918819467,0.05515892016696833,G4,-3.916081624350232
371950,2024-12-31,0.3857537044807709,0.03779519868618154,-1.0958966750315648,G1,9.535042598215803
372170,2024-12-31,-0.006861010826029329,0.03443710910230847,0.18804977656541166,G5,-0.9360799052632558
372800,2024-12-31,0.5389515003662995,0.06423124131778815,0.06836227006021924,G4,7.995744980629386
372910,2024-12-31,0.009006391026366745,0.026655092905531672,0.054188288585701544,G3,-0.614084671610217
373110,2024-12-31,0.021257081452529792,0.04778652181293045,-1.0462790768579076,G1,-0.08617060608826248
373160,2024-12-31,-0.06072372515066482,0.04308720764348667,-0.06808091963186326,G2,-1.998240425860598
373220,2024-12-31,-0.03376139867942489,0.0303954801732185,0.010934446250587287,G3,-1.9455614236859442
375500,2024-12-31,0.3293685678014479,0.02678469177192521,0.04730446929482408,G3,11.349531119864656
376290,2024-12-31,0.17825291484532282,0.011718027548942168,0.11552827634180263,G5,13.046397032845663
376300,2024-12-31,0.3470775221510263,0.04175968502896788,0.1244102640536726,G5,7.703665555136909
376900,2024-12-31,,,0.09971579355048912,G4,
376980,2024-12-31,0.47081428139748843,0.06908236078613954,-0.033813216649373146,G2,6.4479470783641775
377030,2024-12-31,0.5125978360328356,0.05438983078350647,-1.8916094559103664,G1,8.957978982728962
377220,2024-12-31,0.13186444177698708,0.019417299504855497,-0.5342011164909776,G1,5.484262461438486
377300,2024-12-31,0.22815979326246935,0.032253009794676206,-0.011271443481383498,G2,6.287317665960643
377330,2024-12-31,0.2222551944347871,0.041887610275546314,-0.06680140091138492,G2,4.700204144845294
377460,2024-12-31,,,-2.5300482042695083,G1,
377480,2024-12-31,-0.03411533114246325,0.04485301358210177,-0.6555985328143193,G1,-1.3263368811009462
377740,2024-12-31,-0.017123980769574776,0.017479220010717462,0.03378304959466462,G3,-2.431393148179175
378340,2024-12-31,0.16888143324191268,0.03874247152750849,0.09350464380261125,G4,3.704114698516797
378800,2024-12-31,-0.09914970621854377,0.03814168668249962,-0.9314259264483299,G1,-3.264789579315558
378850,2024-12-31,0.07880924985880881,0.021104847348150046,0.21547029819947056,G5,2.531853179383107
380540,2024-12-31,0.7126349310016062,0.0625388185161142,-0.45858976573312815,G1,10.98933546089493
382150,2024-12-31,0.9506770811836089,0.08478261900534856,-0.31691680629636765,G1,10.913819566310352
382480,2024-12-31,0.24630439744017868,0.02913111371762131,0.06162312721635535,G4,7.5839710277379195
382800,2024-12-31,0.08821805219619541,0.031258158275825135,0.11236220559826615,G5,2.0104568107199694
382840,2024-12-31,-0.007029739610700102,0.03207704087314265,0.03136965012993662,G3,-1.0102120934051528
382900,2024-12-31,0.292388552320808,0.032410193755487635,0.0037689565574618084,G2,8.238570843952385
383220,2024-12-31,0.2845400629921415,0.023492085572867822,0.22567692876214113,G5,11.032021281731764
383310,2024-12-31,-0.11023520405024811,0.030654747870711208,0.07273138551499575,G4,-4.423787128251526
383800,2024-12-31,-0.043012263633637686,0.008993757646319352,0.08574150710843682,G4,-7.603844947014416
387570,2024-12-31,-0.48802506170911775,0.057926325380959945,-0.0011620510912511261,G2,-8.86298126685366
389030,2024-12-31,0.11498095375273104,0.02873483432023385,-0.5519283355649778,G1,3.1183781244088906
393210,2024-12-31,0.7499988824397705,0.06912110327427397,-0.06660676393594626,G2,10.483397589364966
393890,2024-12-31,-0.09930229902722588,0.04844576550609056,-0.07454306885769285,G2,-2.573541210976459
393970,2024-12-31,0.08904990223366055,0.07600316724867522,-0.006036917033960603,G2,0.8377943911905915
394280,2024-12-31,-0.0392467047569755,0.039377778174293394,-0.4494143981118204,G1,-1.6410671894932296
395400,2024-12-31,0.1179793299874123,0.009761775407821867,0.0018465944645734947,G2,9.486435726969367
396470,2024-12-31,0.032203887632047956,0.0365818950559474,0.05360066431256203,G3,0.186677388407677
396690,2024-12-31,0.06615296392307649,0.010394447029551055,-0.0048160209654413266,G2,3.9230647678655535
398120,2024-12-31,-0.04624838675434054,0.05880669129924228,-0.1556378959147613,G1,-1.2179440837757758
399720,2024-12-31,0.1263752140138612,0.04370557553669667,0.10857972736829276,G5,2.3109257291225447
400760,2024-12-31,0.0662410836425053,0.006483862096117514,-0.005702904414523402,G2,6.302757220418936
402340,2024-12-31,0.16570357343757744,0.0363143254695763,0.18638946379231688,G5,3.8642793614642
402490,2024-12-31,-0.2400951091797405,0.040447989957304115,0.03908689705523156,G3,-6.563242931477286
403490,2024-12-31,0.11948417416716345,0.03524553939021497,0.06628241708146791,G4,2.6701052330409367
404990,2024-12-31,0.025367201505613515,0.014251674491726905,0.03133049734145907,G3,-0.000538427564488891
405000,2024-12-31,-0.37982681250137007,0.07234061150330857,-4.59117658814302,G1,-5.601303045148266
405100,2024-12-31,0.064556345749245,0.029933716553697025,0.03162411932944095,G3,1.3089410624624167
405920,2024-12-31,-0.2390466815503205,0.021969434482503304,-0.09082259994694457,G2,-12.035883616435765
407400,2024-12-31,0.47576981177463545,0.06364961350156063,-0.07944753837727894,G2,7.07616137784705
408900,2024-12-31,0.5347901310290025,0.06468112903536459,0.002752647469907776,G2,7.875794124596655
408920,2024-12-31,0.10186592179935372,0.014128287022977455,0.19374512346181857,G5,5.414035450649677
412350,2024-12-31,-0.12373045730903091,0.03660411094873276,-0.29850684190130117,G1,-4.073458648343238
412540,2024-12-31,-0.432933881522691,0.04625468099588429,6.402935336213608,G5,-9.908375685554311
413390,2024-12-31,0.5410054873368549,0.06486016578374315,0.10596310750627834,G5,7.94988119604984
413630,2024-12-31,-0.22921602386782022,0.02202394669176144,-0.2705586411815879,G1,-11.559730979691109
416180,2024-12-31,0.18955031332222727,0.04285744535283641,0.06925863439004418,G4,3.830733189311802
417010,2024-12-31,-0.10495139179158333,0.02862522985499196,-0.08293318556668948,G2,-4.552846123918746
417500,2024-12-31,0.1502703698997547,0.04192130681834037,0.11472981705160476,G5,2.9792843873157486
417840,2024-12-31,0.16013742699960057,0.054052168225679494,-0.04483918833626052,G2,2.49319419411517
417970,2024-12-31,0.3186995983590157,0.04104306032463863,0.07915741869501068,G4,7.146755652207773
418620,2024-12-31,-0.2982847092573715,0.05651675132416167,-1.4393573492927765,G1,-5.72679031745766
419050,2024-12-31,-0.002862548741450907,0.021785245452117845,-0.046142726721595,G2,-1.2961719345101894
419120,2024-12-31,0.2673689898613683,0.028239573991460484,0.0884046019415509,G4,8.569325972642018
419530,2024-12-31,1.2471873732501582,0.059150722641696046,-0.6296636613404771,G1,20.655918367240506
420570,2024-12-31,0.358674887545649,0.053140319990576425,-0.05332361842595319,G2,6.2720738716807585
424960,2024-12-31,-0.3278606532253404,0.043108463432770916,-0.4003514002947918,G1,-8.194110856589054
425040,2024-12-31,-0.14302425133645308,0.03417043408289162,0.06104299284845298,G4,-4.928211503779719
425420,2024-12-31,0.08661541258851181,0.040909981466359484,0.01851891972189776,G3,1.4969583312784016
430690,2024-12-31,0.7122956950794994,0.06914421258447735,0.0035058240311917504,G2,9.93461049600138
431190,2024-12-31,-0.12766156945983115,0.029557364197768055,-0.08276003700060512,G2,-5.177607970584443
432320,2024-12-31,0.023319115562690593,0.016355010053846583,-0.08169843469942188,G2,-0.1256960057218608
432430,2024-12-31,0.46929600605035493,0.05558021023211387,-0.24116629769478312,G1,7.987035838771627
432470,2024-12-31,0.057538167689376696,0.04361632403933086,0.03611061768436787,G3,0.737414108084248
434480,2024-12-31,0.5498417874972492,0.06860161094943025,0.055430190454179615,G4,7.645110737761836
437730,2024-12-31,0.5045442830938631,0.0675054096594994,0.07214973350118274,G4,7.098237171077358
438700,2024-12-31,1.0358976254089194,0.08753177704977108,-0.3875530070235796,G1,11.544638809678572
439090,2024-12-31,0.2798635779451998,0.036196260497130546,0.1438356502092506,G5,7.030800957059483
439580,2024-12-31,0.4528778358329105,0.04910401905489549,-0.1018748639460166,G2,8.706068648983429
440110,2024-12-31,-0.2988199257351476,0.03447113045233573,-0.9342670245065235,G1,-9.404820685629138
440320,2024-12-31,0.4377215954886641,0.06500258507172682,0.03503001304172951,G3,6.3435434149836025
441270,2024-12-31,0.05957177091838359,0.03936615881159195,-0.09597193192825264,G2,0.868687648242526
443060,2024-12-31,0.0039162850629925056,0.037889431807808766,0.2946736809999781,G5,-0.5663476308078339
443250,2024-12-31,0.11886272100564639,0.03209480518201493,0.13975377971037437,G5,2.9128653523665724
443670,2024-12-31,-0.13151456297978623,0.04067714020709768,0.004821432675545426,G2,-3.856943658797598
445090,2024-12-31,-0.0548569197394537,0.0416486536223497,-0.166199315601304,G1,-1.9263958798514274
450140,2024-12-31,0.06501715160266941,0.06764666074590676,-0.04958153257802296,G2,0.5860197113287391
450330,2024-12-31,0.25604378768683816,0.03908102507527657,0.039407816046043063,G3,5.902325034784308
450520,2024-12-31,0.18075188619037363,0.044814237195169644,-0.04455388606598164,G2,3.4671350203662765
450950,2024-12-31,0.3492683884384893,0.0436702584974865,0.2725262602167372,G5,7.416798630975162
451220,2024-12-31,0.3704659886016556,0.0548080333712885,-0.12650316144193377,G1,6.296360084002459
451250,2024-12-31,0.13821996295621325,0.03146892446006315,0.014418242557773426,G3,3.5859213459749366
452160,2024-12-31,0.08731004573169122,0.038113861076929954,0.05216016669762968,G3,1.625003843265309
452190,2024-12-31,0.6642678537473122,0.06252103299725942,-0.07500108158830626,G2,10.21884873167911
452260,2024-12-31,0.10818000669018446,0.023331437038487137,-0.0234788818991068,G2,3.549079791081473
452400,2024-12-31,-0.05395785644296601,0.027693647798600285,0.008205006876958937,G2,-2.864654451443399
453340,2024-12-31,0.08617502014375741,0.017974592789864904,0.11110286773334341,G5,3.3825603647633122
453450,2024-12-31,0.15033386858882491,0.046451991451326745,-0.021396893009587532,G2,2.6900675231493416
454910,2024-12-31,0.03862323740098178,0.04563743181852744,-0.09083414725464858,G2,0.29029596699618304
456010,2024-12-31,0.6253501603870806,0.07018922366705341,-0.13525857422236548,G1,8.547968677258742
456040,2024-12-31,-0.02771937958863826,0.028665088660734417,0.07221960993151232,G4,-1.8522271190937225
457600,2024-12-31,0.2047737683697206,0.06716573918001673,-0.09583661372147077,G2,2.6709881490159453
458650,2024-12-31,-0.03607463383036946,0.053757540815554214,0.08152690656708673,G4,-1.1430863074858075
459100,2024-12-31,-0.26869027000690704,0.03636543934549729,0.03788697641229967,G3,-8.086390548264273
460930,2024-12-31,0.34374361811234844,0.05229044624659289,0.07090279199687398,G4,6.088468658518908
462350,2024-12-31,0.21834839612052617,0.030740731449652323,-0.7546822832156781,G1,6.277453789171588
462520,2024-12-31,-0.1204477529076417,0.013263738642173421,0.027510085660938922,G3,-10.994081822751216
462980,2024-12-31,-0.24254421681921642,0.02841811929009876,0.026538518105835008,G3,-9.427755900530789
463480,2024-12-31,-0.026427875790853997,0.0991206960648115,0.08892509743256154,G4,-0.5226229520924873
464500,2024-12-31,-0.039492138583097025,0.04594082206166386,-0.13542846174884426,G1,-1.4119689346444337
465770,2024-12-31,0.16993769640642026,0.04934229047238412,0.3386479430382914,G5,2.9297955166335283
466100,2024-12-31,0.8708351229823464,0.06834606239924029,-0.11221307992002821,G2,12.370284670441295
472850,2024-12-31,0.1662148807741384,0.027141719447083913,0.11424223961727402,G5,5.1890598179943295
473980,2024-12-31,0.41844069243532034,0.044964165228947826,0.11471516981208618,G5,8.74175725122248
474650,2024-12-31,,,-0.11449469264321313,G2,
475400,2024-12-31,0.20071493610859267,0.06316313145141068,-0.18131981657283247,G1,2.7759874641977813
475560,2024-12-31,-0.1476817226866975,0.016688868585947113,0.11582217454325933,G5,-10.36958238333904
475580,2024-12-31,0.006393271472830808,0.04453362449019248,0.04963004093594455,G3,-0.4262308254597477
475830,2024-12-31,0.011748951921354348,0.08888240157598638,-0.047141143033685405,G2,-0.1533028230228085
475960,2024-12-31,0.13742413630126982,0.044321227776406916,-0.1977221773842878,G1,2.52811726846872
480370,2024-12-31,-0.4171049725085546,0.04247364851057767,0.2174068468819251,G5,-10.417749899643281
481070,2024-12-31,-0.37109097173925365,0.055052476964961225,0.30990141746509414,G5,-7.2015987035713
481850,2024-12-31,-0.24036692059116088,0.017913165744137698,-0.0892830587479352,G2,-14.83499898269674
483650,2024-12-31,,,0.15096617467087287,G5,
487570,2024-12-31,0.3433669793498503,0.0270093912815848,0.004300806325672439,G2,11.773390263950882
489500,2024-12-31,-0.7026206324949336,0.0796352274523263,0.19798590386625242,G5,-9.141626523648076
489790,2024-12-31,0.7929351032072045,0.06276708366194857,0.0038931592052617184,G2,12.228706248981332
499790,2024-12-31,-0.020212056455338356,0.0279756306417825,-0.0009193888982295077,G2,-1.6295229244002385
900070,2024-12-31,0.06092241333875811,0.016246196597922542,0.015034882647291622,G3,2.188052946700381
900100,2024-12-31,0.25108288693135405,0.04062431139536393,-0.43226720209362596,G1,5.555983699876621
900110,2024-12-31,-0.2244014614263553,0.022111083562869744,0.01696568888787851,G3,-11.296431299540412
900120,2024-12-31,-0.1486136918620513,0.019399024639825933,0.06305759074034188,G4,-8.968933752723585
900140,2024-12-31,0.10757133278400013,0.02376271843994407,0.00968660097892768,G3,3.4590511178986816
900250,2024-12-31,0.13552565151873777,0.024844148625461592,0.01842040827202167,G3,4.433670808338728
900260,2024-12-31,-0.0356939082609956,0.017610947108759604,0.07219024148300772,G4,-3.4676603639687413
900270,2024-12-31,-0.13607428480567113,0.024437750104743833,0.006849922667326104,G2,-6.606547620532823
900290,2024-12-31,0.19579371901487067,0.061095373657043206,0.12307647543361856,G5,2.7893903222772813
900300,2024-12-31,-0.2562029372570366,0.021845608827073495,-0.18824354591451412,G1,-12.889446775595202
900310,2024-12-31,0.38399542676880316,0.03206885220482569,0.003201471808275922,G2,11.182830912633609
900340,2024-12-31,-0.1191015366534145,0.021678520191665846,0.06660920433060069,G4,-6.664496025377112
950110,2024-12-31,-0.013952541144303002,0.0023394156298584884,0.0018749493249351416,G2,-16.810786267458557
950130,2024-12-31,0.000995653433667143,0.03210988409158456,-0.0017838635267500296,G2,-0.7592435244175239
950140,2024-12-31,0.5181161464194806,0.040843031231689024,0.1470068769306787,G5,12.06426791939908
950170,2024-12-31,0.24761118470225324,0.020980533822954613,0.2407904176322449,G5,10.592500247019764
950190,2024-12-31,-0.13845784154287322,0.013204100094628794,0.05638500736162068,G4,-12.407715434504892
950220,2024-12-31,0.021606416948245208,0.02571898044431688,-1.0575797812470054,G1,-0.14652439508298984
