종목코드,날짜,기간수익률,표준편차,Y7,그룹,성과
000020,2024-06-30,-0.024908440652120223,0.020421625089462506,0.009037622714944687,G3,-2.6724464129349443
000040,2024-06-30,-0.1379714779025454,0.023456351394346233,-0.010062379559610358,G2,-7.146837679429892
000050,2024-06-30,-0.214431701342969,0.028058274025956533,0.0034177149131435925,G3,-8.699714001711962
000070,2024-06-30,0.13860038852348538,0.02155825171662872,0.009709362567909042,G3,5.052966812468606
000080,2024-06-30,-0.03544492878142239,0.015940366498603725,0.017467463887274694,G4,-4.0847358717656785
000100,2024-06-30,0.6393121252189606,0.049116706555275294,0.013572186529719782,G4,12.412169095017767
000120,2024-06-30,-0.0035048274199250204,0.02405413205466883,0.008908930076157296,G3,-1.3790597560971871
000140,2024-06-30,0.024747146071586394,0.00820753206948492,0.014232855610386164,G4,-0.59946302387564
000180,2024-06-30,-0.09313596351051526,0.021656648738807148,-0.0022816388145024736,G2,-5.670462824424764
000210,2024-06-30,-0.2655848311175325,0.030912334035538988,0.0012760735103496765,G2,-9.551271309458745
000220,2024-06-30,0.01336332635534766,0.026390818844301313,0.013373598967824968,G4,-0.6177880195895867
000230,2024-06-30,0.14077842335100516,0.04415261051859589,0.0012031071282098738,G2,2.5165253873197826
000240,2024-06-30,0.13100688444689063,0.021813243000935515,0.024580748004684832,G4,4.645784507055109
000250,2024-06-30,0.016485953110579408,0.04491729458980118,0.008944667350894815,G3,-0.29345723232693594
000270,2024-06-30,-0.23875007370787696,0.024551662403362526,0.04695153422668566,G5,-10.932755890926204
000300,2024-06-30,,,-0.21427014409355988,G1,
000390,2024-06-30,-0.10918097982364532,0.02845959583045371,0.020772991231870024,G4,-4.878784600995083
000430,2024-06-30,-0.2709836461982012,0.02410040306629423,-0.001281848804411607,G2,-12.47493261567872
000440,2024-06-30,-0.042724010822191634,0.033702872821234166,-0.015244702979303974,G1,-2.1479257649839965
000480,2024-06-30,-0.06249727437088584,0.016308458487233137,0.0014287102312956286,G2,-5.651333172142036
000500,2024-06-30,-0.2532379321846033,0.050997259794833556,0.009629992357188602,G3,-5.547458655372303
000520,2024-06-30,0.7255973711983444,0.04501609910259666,0.003393578720451163,G3,15.459582838302511
000590,2024-06-30,-0.034790646240067315,0.012117873178992827,0.02236164050786066,G4,-5.319242358166091
000640,2024-06-30,0.1173740488757111,0.01753893725470117,0.011937006949283254,G3,5.000690152288781
000660,2024-06-30,-0.25386509417225217,0.0397449913933272,0.04783165101448341,G5,-7.133788240909536
000670,2024-06-30,0.20543114435980528,0.0720844628159308,0.01010610878531142,G3,2.4383047251681123
000680,2024-06-30,-0.20195550750265628,0.03202020767288018,0.0011012973380644883,G2,-7.233643452080029
000760,2024-06-30,-0.11596086050323055,0.024308674159849993,0.0037916743801868114,G3,-5.990788210419013
000850,2024-06-30,0.027182299429743415,0.04509235867349024,0.009990830485791838,G3,-0.05510819810438534
000860,2024-06-30,0.037492496657009704,0.021883806948704596,0.010950004265269856,G3,0.35758122939193643
000880,2024-06-30,0.08615416792949801,0.020258994867853482,-4.117069710933567e-05,G2,2.7882385198988353
000890,2024-06-30,-0.08012295309664269,0.013694006684146557,0.004009405641953967,G3,-8.017391381023792
000950,2024-06-30,-0.07752141356122973,0.016467482415697947,0.02622545290273152,G5,-6.509111041986975
000970,2024-06-30,-0.0563429268398892,0.0109746950118925,0.014169894205530865,G4,-7.837136686823841
000990,2024-06-30,-0.15815636397743574,0.03337716861195149,0.03860557302314517,G5,-5.627308422281725
001060,2024-06-30,-0.061967452245666174,0.03181727168085003,0.016210907009423986,G4,-2.880030419620636
001120,2024-06-30,-0.0004524672377302849,0.022664058790289734,0.01900854536542558,G4,-1.328964312215383
001140,2024-06-30,,,-0.02545245791157702,G1,
001210,2024-06-30,0.16071872875875193,0.016555760418540448,-0.026873248031515532,G1,7.915762694142035
001230,2024-06-30,-0.0302494116697914,0.012293233428549297,0.012379806192944244,G3,-4.873955260229543
001250,2024-06-30,0.04784165143805766,0.05493339060434168,0.01676153610222466,G4,0.33084419464370596
001260,2024-06-30,0.08123113747877769,0.031869374567176395,0.0013856511077054829,G2,1.6179758816907996
001340,2024-06-30,-0.38668135819027216,0.043812079452510436,0.0003449998562251289,G2,-9.503055354998253
001380,2024-06-30,0.4151606380006744,0.06085808299959936,0.01905333973144747,G4,6.3343004073706375
001390,2024-06-30,-0.10942040192315859,0.02539720003290171,0.01429633476817281,G4,-5.476495826606421
001430,2024-06-30,0.005907744615702787,0.022331777376585274,0.01555461289476022,G4,-1.0639329350347646
001440,2024-06-30,-0.28737191736566386,0.03180253784220977,0.01107459358736575,G3,-9.968989802109162
001460,2024-06-30,-0.07989187678044861,0.017545397706350968,0.002339070033808017,G2,-6.244323250951856
001470,2024-06-30,-0.8937920450212593,0.06868037651461187,-0.07968843340611453,G1,-13.44575190104422
001530,2024-06-30,0.2704815425296724,0.02931053543246606,0.005732769476243188,G3,8.215963335777765
001540,2024-06-30,-0.020994396053657563,0.022510076057925987,0.040738160566368364,G5,-2.2506211879428673
001560,2024-06-30,-0.02353037989673569,0.012374543191702055,0.01925870185143562,G4,-4.298957718045246
001570,2024-06-30,-0.43376726467950466,0.04474054978874876,-0.03608170551504125,G1,-10.358266157483923
001620,2024-06-30,-0.05051654342722929,0.0184925576123633,0.016028551060964607,G4,-4.336003876399341
001800,2024-06-30,0.04921767450515751,0.012595805504356523,0.01765170109076965,G4,1.5521370533928516
001880,2024-06-30,,,-0.005279752696742729,G2,
001890,2024-06-30,,,-0.05998836693339057,G1,
001970,2024-06-30,,,-0.007032764297499344,G2,
002030,2024-06-30,-0.005621782798516684,0.011627342834394186,0.018367226514676132,G4,-3.035004761246592
002100,2024-06-30,-0.1434738321172399,0.014559211090520809,0.01662850526839862,G4,-11.892202750908975
002150,2024-06-30,-0.11299667267246069,0.019169108952719862,0.010610136144384656,G3,-7.442387180794574
002200,2024-06-30,0.023680450938531408,0.027365645778974653,0.011348926341059329,G3,-0.21877090620622006
002220,2024-06-30,-0.11725303888338362,0.019534237199061666,-0.005211835590789519,G2,-7.521168881626824
002310,2024-06-30,-0.04474672286755038,0.01305219715006341,0.012441932144809976,G3,-5.701260874051767
002320,2024-06-30,-0.010534446457779107,0.015959497239394858,0.0031779961986322853,G2,-2.5189831433449066
002350,2024-06-30,-0.06980689924173118,0.019631278062488332,0.014805688505547197,G4,-5.067125889084299
002360,2024-06-30,-0.09274277962872261,0.01903588573969525,-0.00859685026960829,G2,-6.430488151017785
002380,2024-06-30,0.005024854514619547,0.030284253856920514,0.0005369711334328968,G2,-0.8137035063277717
002390,2024-06-30,-0.009433079504194765,0.030305571200243152,-0.01811841311682604,G1,-1.2902029567552635
002410,2024-06-30,-0.058464702708231044,0.028206137375118005,-0.09165090367212549,G1,-3.1245668132671227
002460,2024-06-30,-0.10762661647265803,0.007049077714505086,0.0021284756667887413,G2,-19.476856419764058
002600,2024-06-30,0.01444939172150973,0.011028603395572406,0.013761867286420544,G4,-1.3798543475700484
002710,2024-06-30,-0.3027854767731293,0.04811368721155772,0.012896522749950552,G4,-6.909733053212863
002720,2024-06-30,0.020242646814842922,0.05173299498840488,0.004528566497432039,G3,-0.18217795532204478
002790,2024-06-30,-0.11392316600256093,0.032984816006500044,0.062196892460903715,G5,-4.353227983408513
002800,2024-06-30,0.28639759550348814,0.05732967625136601,0.02262763092123396,G4,4.478140366837583
002810,2024-06-30,-0.009329422393198498,0.006932436865236074,0.028538295787686793,G5,-5.625248554843728
002820,2024-06-30,0.10304965054063525,0.023866560848579497,-0.002588499730527414,G2,3.0746948813317085
002840,2024-06-30,-0.009789737547079083,0.019959123629077122,0.04790566066874334,G5,-1.9768901854043792
002870,2024-06-30,0.1598698370951247,0.052222013555800556,0.0026888510839786295,G2,2.4932508374362814
002880,2024-06-30,-0.17574683089654744,0.020503427847016042,0.015518281426239273,G4,-10.018524243542936
002900,2024-06-30,-0.24020785129047742,0.041625793627464026,0.01672238807900394,G4,-6.48336249802897
002920,2024-06-30,-0.1706781614896381,0.010819217785932155,0.012030736222000743,G3,-18.517551223957824
003000,2024-06-30,-0.027656290242839988,0.026820960447846414,-0.0002863887215662633,G2,-2.1372667999276995
003030,2024-06-30,-0.07184015461576444,0.029445016730019837,0.018693956276602433,G4,-3.447354559550701
003060,2024-06-30,0.021264287418453844,0.063587577009004,-0.03842904682265995,G1,-0.13214799244312153
003070,2024-06-30,-0.31991424822093023,0.03823167992772117,-0.010599063256515884,G2,-9.143765247730338
003080,2024-06-30,-0.11033319095276732,0.0159496162989808,-0.009280886918418134,G2,-8.777668778541688
003100,2024-06-30,-0.0755541734555042,0.008241285665665819,0.013712723851185625,G4,-12.767599108763502
003160,2024-06-30,-0.4908349966697964,0.05452014446146076,-0.00292487962697567,G2,-9.546971305298825
003200,2024-06-30,-0.0547517316191455,0.014159886424470422,0.021386619588239505,G4,-5.9618408759107595
003220,2024-06-30,0.07542730773303499,0.034707976793352274,-0.005212314386656983,G2,1.3184303406957285
003240,2024-06-30,0.05822606000566602,0.019068634117621643,0.01287259485925092,G4,1.4976847195761254
003280,2024-06-30,-0.0711601401168935,0.03762241397877641,0.021031403453958906,G4,-2.679982157399269
003300,2024-06-30,0.0391052429096037,0.014971106155371817,0.029190959058456565,G5,0.6304133273212498
003310,2024-06-30,-0.09368664735203112,0.017780807957190385,0.016833684315505897,G4,-6.937474703823238
003380,2024-06-30,-0.047116041322580494,0.020982512088941446,0.004210803474184114,G3,-3.65939497909615
003480,2024-06-30,-0.057369593592067405,0.010246010981582811,-0.00012025954840181544,G2,-8.49470606785725
003490,2024-06-30,-0.0248014584965512,0.01371519446406958,0.015377897296742831,G4,-3.9714140914124036
003550,2024-06-30,-0.004413040506878881,0.02160011570389678,0.010303374820566593,G3,-1.577783148876685
003570,2024-06-30,0.12368097811009932,0.04139857891487574,0.05418708171095501,G5,2.270940754727242
003580,2024-06-30,0.2689572615988704,0.054670737257604914,0.0013528236421940802,G2,4.376930247105239
003610,2024-06-30,0.1430679672475682,0.027920244322617,0.004915623663253337,G3,4.061594442824807
003620,2024-06-30,0.04872120319449875,0.024357187024317835,0.010892038270624486,G3,0.7822719885904507
003650,2024-06-30,0.20246760148732013,0.01361040771185481,0.0736208559133012,G5,12.696191552902054
003720,2024-06-30,0.3628698960506685,0.035785398318378986,0.026204291803653513,G5,9.31113397206545
003780,2024-06-30,0.08152296131416562,0.019489647856313345,0.025597877244377298,G5,2.6606793325335385
003800,2024-06-30,0.06759379640996019,0.011693203050880513,0.03818546448820269,G5,3.243468721137803
003850,2024-06-30,0.16087830637068457,0.0369918706418414,0.020130753355418148,G4,3.547023873882063
003960,2024-06-30,-0.45867779634015293,0.05446585107053138,0.017032987963518993,G4,-8.966077731389511
004060,2024-06-30,-0.01292698503574855,0.03721469842089079,0.022273697270171817,G4,-1.1445542999847076
004080,2024-06-30,-0.0182956490257568,0.006048132803589189,0.013020919992694318,G4,-7.930200716130097
004090,2024-06-30,0.08818427693036658,0.04968764479792234,0.012205135810926925,G3,1.1776975766075617
004100,2024-06-30,0.24978069016398186,0.05514245526126296,0.004502296725359896,G3,3.991723456211303
004140,2024-06-30,-0.14926942546125077,0.04871491454379302,0.016930372513036054,G4,-3.673139637038858
004150,2024-06-30,-0.14238571699252456,0.008261442935024718,0.010194026886003004,G3,-20.82601991083364
004170,2024-06-30,0.024632017801901926,0.01869130898791401,0.0048205101413245025,G3,-0.2693893865790793
004360,2024-06-30,-0.05770645595951333,0.02271333500366281,0.02370235488528061,G4,-3.8468025065424927
004380,2024-06-30,-0.1644923517724088,0.026582991446623672,0.001973760608691022,G2,-7.30390370951217
004430,2024-06-30,0.11317115924729701,0.03208152826188419,0.012395079841681452,G3,2.602865440235003
004440,2024-06-30,-0.08356914419975829,0.01872725657835138,-0.0008250790466326132,G2,-6.04660921852137
004450,2024-06-30,0.018103725638179524,0.01341332196080898,0.020776511264663334,G4,-0.8620931086365404
004490,2024-06-30,-0.167837064982932,0.03480798695131929,0.032396924006656225,G5,-5.674109316452794
004540,2024-06-30,-0.09187514516567852,0.034040413400448125,-0.004402365869716727,G2,-3.570532525571343
004560,2024-06-30,-0.13919288072888747,0.03165368783491974,0.024568395222704785,G4,-5.334611868103417
004650,2024-06-30,0.03210156173181441,0.011436042937399046,0.029895896256094928,G5,0.21286241059286723
004690,2024-06-30,-0.005833147155356989,0.009809774998048438,0.005552896462059134,G3,-3.6188806804371736
004720,2024-06-30,-0.04328618685232967,0.025438958130082356,0.005651905211664598,G3,-2.8677843071951945
004830,2024-06-30,-0.11753981601192721,0.03617451259597845,0.020741117260213472,G4,-4.06935888039604
004840,2024-06-30,-0.07931791697602124,0.021132108477764335,0.01114170123126973,G3,-5.157326120827646
004890,2024-06-30,0.02246499692612061,0.008391708754740492,0.014246974035085895,G4,-0.8582591875971542
004910,2024-06-30,-0.03986000711116071,0.032534152339131706,0.01179160916158987,G3,-2.137054761744944
004920,2024-06-30,0.13336438472607817,0.0214161526488327,-0.023423967676087207,G1,4.842005394802513
004960,2024-06-30,0.05823818489733403,0.022490302529296836,0.006562965881615204,G3,1.2703664966533998
004970,2024-06-30,-0.22368299685701193,0.023077452913983085,0.012963447742178325,G4,-10.978258990099297
004980,2024-06-30,-0.03713107170009581,0.02299250499902016,0.02209425732012193,G4,-2.905221930688221
005010,2024-06-30,-0.04972967324534139,0.024506187796760313,0.004775651757102587,G3,-3.2398728014462406
005180,2024-06-30,-0.3889286148431882,0.027963184639848843,0.04802452461573845,G5,-14.96953506186794
005250,2024-06-30,0.1289779277259352,0.029778435299820723,-0.0060484083288470285,G2,3.3349861623527604
005290,2024-06-30,-0.29419836177305636,0.02981422621493842,0.030909549236297455,G5,-10.862788036246252
005360,2024-06-30,-0.1397778956582187,0.021163763158334754,-0.0198242615618944,G1,-8.006381117339409
005380,2024-06-30,-0.16792985439559902,0.026557439492063743,0.01813339746311696,G4,-7.440367604684322
005390,2024-06-30,0.024430305188031368,0.021294740099774095,0.03693326961166093,G5,-0.24592706236129652
005420,2024-06-30,-0.11742998655721937,0.042250955709828536,0.00042605443898504724,G2,-3.4815128356378766
005430,2024-06-30,-0.2885311443545653,0.03169947052643192,0.0314678531513018,G5,-10.037972153312735
005440,2024-06-30,0.03974170477007438,0.026941556631483385,0.041660743089550485,G5,0.3739370684240815
005450,2024-06-30,,,-0.0007124659188349211,G2,
005670,2024-06-30,-0.0868752171920043,0.02183294949050135,0.015438190151354602,G4,-5.337917137912284
005680,2024-06-30,0.028767886405479386,0.016652369024793837,0.013217713624657753,G4,-0.05400863130631121
005720,2024-06-30,-0.05472944873998769,0.011022202466836861,0.014927039794271471,G4,-7.6569730104698275
005740,2024-06-30,-0.10976482860388659,0.02143631027848389,0.014446051430899784,G4,-6.504481641523628
005800,2024-06-30,0.025247223887345294,0.012317386389967289,0.006502046999989605,G3,-0.35884513461159334
005850,2024-06-30,-0.21386329497762752,0.022192027944013138,0.04724578475610593,G5,-10.973785435766908
005880,2024-06-30,-0.30380044257565214,0.03260514191304302,0.011103289417934127,G3,-10.227457421578382
005950,2024-06-30,-0.07007700045664872,0.05079343624168822,-0.012475681137647037,G1,-1.9637233843868334
005960,2024-06-30,-0.09600829963895863,0.015011437556337865,-0.024393063390463217,G1,-8.371986842153849
006040,2024-06-30,-0.1339677440516291,0.017750828809270116,0.009607269320758777,G3,-9.21844291747601
006060,2024-06-30,-0.004762049991974893,0.0191460821693337,0.008692842208277304,G3,-1.7982429904973698
006110,2024-06-30,-0.29375870526258496,0.0436167348139469,0.0006922989542144086,G2,-7.415180542668276
006120,2024-06-30,-0.08781947181792,0.015454658670978538,0.0027488364717309483,G2,-7.602026831110677
006280,2024-06-30,0.3207502792231262,0.035626921007064896,-0.0029702713517776066,G2,8.170310903400486
006360,2024-06-30,0.2361937572092437,0.03483996526384733,0.0031615792999764108,G2,5.92786179838806
006370,2024-06-30,0.13504359608419422,0.04623661483790352,-0.014168152184675237,G1,2.279066890798706
006400,2024-06-30,0.09827156722744751,0.03203779035690175,0.009987389625354393,G3,2.1413558300581204
006570,2024-06-30,0.0035954740850548308,0.018403421829158745,-0.005076690511194649,G2,-1.4166813227175303
006620,2024-06-30,-0.12168853948219865,0.046765425353837126,0.012734206044964683,G3,-3.2364892738925115
006650,2024-06-30,-0.12432222405930368,0.029964078527813107,-0.0013186415406363312,G2,-5.139136248788176
006660,2024-06-30,-0.30879183119828285,0.04864392036979555,0.016265762075523806,G4,-6.9578908667270625
006840,2024-06-30,-0.1046797108434565,0.014821414688577577,-0.002110802204851382,G2,-9.064382296212912
006890,2024-06-30,-0.29587563120757726,0.02981302992562807,0.024024522129174584,G4,-10.919483530664158
006920,2024-06-30,-0.10056521106600941,0.023236152210651874,0.011706515743508068,G3,-5.604734723282824
006980,2024-06-30,-0.0971650668945417,0.022673432879777126,0.001010684754623185,G2,-5.59387392423412
007070,2024-06-30,0.034245854533014604,0.018584883380198012,0.00626372145287852,G3,0.24636132360006816
007160,2024-06-30,0.358316371164805,0.04935181275047949,0.016126423299803787,G4,6.6593118830695
007210,2024-06-30,0.056997393621350964,0.022663524885959015,0.02892085515188021,G5,1.2059084230876633
007340,2024-06-30,0.26619029964099333,0.02347383062803658,0.03023591647742784,G5,10.076030850030067
007460,2024-06-30,0.1696533363616693,0.051033199466452676,-0.02284784498433693,G1,2.743039428464108
007530,2024-06-30,-0.05549679609460149,0.01621145084071086,0.006086614459196749,G3,-5.25332710785207
007540,2024-06-30,-0.1220852447451925,0.014687480079846828,-0.005556491273217729,G2,-10.332099310754687
007570,2024-06-30,0.035142336597864185,0.020983752882518643,0.004548340815649006,G3,0.2609198918802225
007590,2024-06-30,-0.019882955448233305,0.005088610236808183,0.007159941252307607,G3,-9.737474714477182
007610,2024-06-30,,,0.0513737343073418,G5,
007660,2024-06-30,-0.4013746692998897,0.047641996166249076,0.04081730342463373,G5,-9.04752029827348
007680,2024-06-30,0.0722820784720686,0.026538526732856126,0.007218592833960574,G3,1.605771896704162
007690,2024-06-30,-0.13977390227692352,0.021199971165106107,0.004587268749494342,G3,-7.992518434191538
007720,2024-06-30,0.3528553776768717,0.048700584993854275,0.017297501922549998,G4,6.636226641900503
007770,2024-06-30,-0.08150449057609689,0.020257244453975524,0.004807139272450668,G3,-5.48799955952525
007810,2024-06-30,-0.2770556643255826,0.03906490123421238,0.00043032793502865155,G2,-7.851624161319418
007820,2024-06-30,0.04926293610596631,0.02520257586588565,0.03092536699809075,G5,0.777526795107282
007860,2024-06-30,-0.2666191894133615,0.02713946994276477,0.024987975373161088,G5,-10.91717885805157
008060,2024-06-30,-0.05168415134778719,0.007734057008590476,0.012474744154010866,G3,-10.518594486948256
008250,2024-06-30,0.0005606442672698529,0.0260223259318101,0.0016897469876357507,G2,-1.118524680442415
008350,2024-06-30,-0.16985584063529297,0.023462070601371534,0.0211495749640568,G4,-8.504070339305239
008470,2024-06-30,0.03800651229176669,0.01932239726547532,0.00906963643560326,G3,0.4315848656186626
008500,2024-06-30,0.10698762672152576,0.036518389032687296,0.048940497568896714,G5,2.117299549763842
008600,2024-06-30,0.0871941852237412,0.022257501861036248,-0.005878568977740276,G2,2.5846084398146734
008700,2024-06-30,-0.25091927371706757,0.02465412458968332,0.008992546490546706,G3,-11.38091643695988
008770,2024-06-30,-0.10502700998313247,0.01739923927380725,0.012850875407570198,G4,-7.741388340490082
008870,2024-06-30,-0.006360807195187883,0.018211974708786972,0.007573957224863411,G3,-1.9782624254535701
008930,2024-06-30,0.0527251257444051,0.02879082651294107,0.017266121913421757,G4,0.8008755035054238
008970,2024-06-30,-0.24557154019898694,0.03665374300170859,-0.10722410614734516,G1,-7.509159385186746
009070,2024-06-30,0.24260327883894017,0.06673379580497499,0.012708527067475805,G3,3.1908273492596644
009140,2024-06-30,-0.06576075403826931,0.01565003554151538,0.01823603561551029,G4,-6.097622708244994
009150,2024-06-30,-0.1537709686697113,0.02679633141442368,0.018136146571503198,G4,-6.84564703642559
009160,2024-06-30,0.06804482378682067,0.0213231448534126,0.01983650551671342,G4,1.7998079545082923
009180,2024-06-30,-0.21964418831883994,0.02802567159524678,0.025628033819196407,G5,-8.895824156650713
009240,2024-06-30,-0.056895348263745926,0.029469497020977585,0.011350640668705775,G3,-2.9373628693643217
009270,2024-06-30,-0.07310866520697519,0.019382696788870328,0.00011419139236545464,G2,-5.302457361377387
009300,2024-06-30,0.053962452844197546,0.05756311961920652,0.035717211812647906,G5,0.4220618156277808
009310,2024-06-30,-0.1013608011109704,0.022243581953719054,-0.009674430957791656,G2,-5.890600688688949
009320,2024-06-30,-0.12625003365026324,0.019287753999925862,0.003881747056720514,G3,-8.083745350307696
009440,2024-06-30,-0.5099610028217592,0.07482106200437849,-0.07532137030690336,G1,-7.212250754402503
009450,2024-06-30,0.37440338322144545,0.0373313726113063,0.032232578390546454,G5,9.234488341650783
009470,2024-06-30,-0.364839319514834,0.057021303428620315,0.057946098177796515,G5,-6.918582246601857
009540,2024-06-30,0.21155533132300983,0.037723415446608434,0.013754408916050996,G4,4.821622620993258
009620,2024-06-30,-0.22024836664187034,0.0293516204797455,-0.01098271646422682,G2,-8.514542659709173
009730,2024-06-30,-0.27821831097794725,0.0826647295402951,-0.019208076303174722,G1,-3.724509482516166
009780,2024-06-30,-0.26495247715120157,0.0191581054981076,0.02891924265225043,G5,-15.378333481085573
009830,2024-06-30,-0.022941640002887682,0.037468155456954276,-0.01066682418154575,G2,-1.404096289923963
009900,2024-06-30,-0.053286404672521194,0.030616174055485213,0.04054881328842271,G5,-2.709471881976555
009970,2024-06-30,0.12013842323114046,0.021056491109242622,0.038696790620374205,G5,4.296592661011434
010040,2024-06-30,-0.09233748572949636,0.02326314847176821,-0.0012590024677545395,G2,-5.244549934505878
010060,2024-06-30,-0.20682345661025767,0.02168020651912471,0.011730728010791428,G3,-10.90813938816306
010100,2024-06-30,-0.2846015825296584,0.030096824899453298,0.023434989956721202,G4,-10.441926736261243
010120,2024-06-30,-0.2221640919419111,0.050213736913662516,0.02579082089102625,G5,-5.015188382402727
010130,2024-06-30,0.3214278789959798,0.03310507611380643,0.01881770646507096,G4,8.813168709489398
010140,2024-06-30,0.0987736581991018,0.030437816586897336,0.004527459857486591,G3,2.2704125290095263
010170,2024-06-30,-0.13571332020486535,0.02377364829281528,-0.034157956870549115,G1,-6.95646609356805
010240,2024-06-30,-0.10404258325655784,0.0183553314966671,0.028630562256356035,G5,-7.2845233737866595
010280,2024-06-30,-0.1165104402827056,0.01741444989105716,-0.00025599495733658945,G2,-8.394046281202849
010400,2024-06-30,-0.07504799580323626,0.03184078612397991,-0.03203525850922233,G1,-3.288714463896018
010420,2024-06-30,-0.05636461736479188,0.020973072352128082,-0.0002457934371031818,G2,-4.10201586037911
010580,2024-06-30,-0.04242338320296052,0.018047502182315555,0.0005160749109277151,G2,-3.9944941155412104
010620,2024-06-30,0.10501368611009639,0.03391005400991967,0.0074868310613922006,G3,2.221949514546313
010640,2024-06-30,0.06615931972862782,0.024165908672634472,0.02682306430566384,G5,1.5100637082782404
010690,2024-06-30,-0.45277640008067804,0.033727851392102236,0.01786999311922852,G4,-14.304013989404728
010770,2024-06-30,-0.05930732440850632,0.018893852358610425,-0.009355025603959434,G2,-4.709181631371983
010780,2024-06-30,-0.08548806761727151,0.02659755334136265,0.008296069766170306,G3,-4.32954581212198
010950,2024-06-30,-0.0760440894028404,0.01502896944756507,-0.0018644305777920415,G2,-7.033838736326889
011040,2024-06-30,-0.0614230550995757,0.017656875778445172,0.004389377986160662,G3,-5.158914538850148
011070,2024-06-30,-0.1890103397260181,0.03206832100915494,0.011781747966262909,G3,-6.819115903452059
011090,2024-06-30,0.1504981239165857,0.02776385693078019,0.018959100196564115,G4,4.352092223833331
011150,2024-06-30,-0.3333747667900694,0.03767190002737803,0.001047877342507735,G2,-9.636944900330084
011160,2024-06-30,,,0.0119111505806656,G3,
011200,2024-06-30,-0.04134513263765631,0.022818023314419088,0.024012143327271397,G4,-3.1121184216381494
011210,2024-06-30,-0.10403991220281578,0.02031528639920701,0.012499499362557544,G3,-6.581604002026328
011230,2024-06-30,-0.05756209418136621,0.027020076873891987,-0.019075523405925568,G1,-3.2283162129034224
011300,2024-06-30,-0.7484017601187002,0.04055331214354387,-0.14261252254726173,G1,-19.186324792143658
011320,2024-06-30,0.009238894880067097,0.034425629043627046,0.014108710521012816,G4,-0.5934056617690407
011370,2024-06-30,-0.0073246231761731895,0.019546818957860715,0.001397304773552731,G2,-1.8924757690976155
011390,2024-06-30,0.015965727826429067,0.04074055259274143,-0.0002629778809911048,G2,-0.33631184081013643
011400,2024-06-30,,,-0.09169471288780137,G1,
011560,2024-06-30,-0.2601813357703874,0.021495324833779247,0.023140816629728375,G4,-13.484262093095483
011690,2024-06-30,-0.020383792192842632,0.05048160909142277,0.015663301442749054,G4,-0.9914709764246168
011700,2024-06-30,-0.24234199400888315,0.04065297077428288,0.023436320003619265,G4,-6.6910055253691985
011760,2024-06-30,-0.1705615842469822,0.023513635956060427,0.015585801954256313,G4,-8.515435157951025
011780,2024-06-30,0.10877293677962649,0.033038997371584604,0.01824657907620251,G4,2.394312328107926
011790,2024-06-30,-0.1113763752087918,0.041183573916144654,-0.02092647232672996,G1,-3.4247545771644754
011930,2024-06-30,-0.1380848868286883,0.025891392774791706,-0.008972726048324765,G2,-6.479069950092863
012160,2024-06-30,-0.06432164304508078,0.02023338365189749,-0.0009974436667194552,G2,-4.645238914390999
012170,2024-06-30,-0.581595734530078,0.04693826388309367,0.05083250493073158,G5,-13.022701353357045
012200,2024-06-30,-0.10322531089356368,0.01959571661332098,-0.0015323320667930595,G2,-6.781715187070051
012320,2024-06-30,-0.04061271083359995,0.03554124136012171,0.0006046139721707851,G2,-1.9774202084278407
012330,2024-06-30,-0.1356145792029636,0.01756243545548453,0.02255878027139171,G4,-9.41110005422763
012340,2024-06-30,-0.20826916751176086,0.018593300203446315,-0.011435777678217945,G2,-12.796890437566047
012450,2024-06-30,0.1702771203930587,0.03112809659599465,0.006261833932827794,G3,4.517136532743711
012510,2024-06-30,-0.28924530450505875,0.03537463839202238,0.015090094050267625,G4,-9.015288270522516
012600,2024-06-30,,,0.02471428315855078,G4,
012610,2024-06-30,-0.00652493262762913,0.02356954787963243,0.013007105361867295,G4,-1.5355487885035182
012620,2024-06-30,-0.050607966728664355,0.017421918051483968,0.008247902650418856,G3,-4.607714521211559
012630,2024-06-30,0.3194579613672092,0.024592618186903732,0.006942806045281756,G3,11.783645852600392
012700,2024-06-30,-0.0932762930530331,0.016496038549713057,0.005791885467434025,G3,-7.45291366451661
012750,2024-06-30,0.0242429542996083,0.013346492905238708,0.025717247673407356,G5,-0.4064216572414082
012800,2024-06-30,-0.07528880494688815,0.023881951113189845,0.012641699648889384,G3,-4.394785941649371
013000,2024-06-30,0.024046932002154308,0.018067583420504373,0.017990029989726843,G4,-0.3110723737400023
013030,2024-06-30,-0.08192009153020419,0.02777017947946743,0.039621836327377855,G5,-4.018243730733723
013120,2024-06-30,0.0319761852262404,0.017167368394039345,0.008097996893923777,G3,0.13449511356242372
013310,2024-06-30,-0.1278819507222666,0.023585700730933693,0.003728931318763836,G3,-6.6798612678125755
013360,2024-06-30,0.10116952375807631,0.03200112578228803,0.0031428445383290234,G2,2.23436719632955
013570,2024-06-30,-0.026679135979421398,0.029232633995353186,0.017319424639836017,G4,-1.927516831117385
013720,2024-06-30,-0.023880539325805708,0.033609598969116077,-0.005505069886848791,G2,-1.5932292866548927
013810,2024-06-30,0.24532262275961542,0.0602199441718284,-0.0024515879405271664,G2,3.5811286054958753
013870,2024-06-30,-0.11865242251057681,0.012726177042226798,0.0111109411402594,G3,-11.654692535154318
013890,2024-06-30,0.38522783747407724,0.03968977511632111,-0.012926720441522621,G1,8.958493172800786
013990,2024-06-30,-0.028296219064414464,0.03744953073740053,0.028066702059585533,G5,-1.5477757928497335
014200,2024-06-30,,,0.006902647465999106,G3,
014280,2024-06-30,-0.11985720039371933,0.02377725438374653,0.00527548540976088,G3,-6.288550227247693
014440,2024-06-30,-0.03591977770857892,0.011430891806389584,0.025274295678496223,G5,-5.737700687223154
014470,2024-06-30,-0.20180031022706452,0.03213518681428617,0.0031564742517872922,G2,-7.2029320890295345
014580,2024-06-30,-0.16247613632506047,0.023734100873335988,0.03470254546458376,G5,-8.095667723627129
014680,2024-06-30,-0.2763009859315736,0.03143189195960801,0.02944567303537003,G5,-9.734324754910665
014710,2024-06-30,0.3186024408091976,0.05648911459256058,0.007939760205818403,G3,5.114882483619831
014790,2024-06-30,0.09997154722832942,0.03384442197606626,0.004047699112114228,G3,2.0772784718713866
014820,2024-06-30,-0.024720839988056145,0.035124979629372305,0.018494361306230323,G4,-1.5484165009192403
014830,2024-06-30,-0.2440150221154176,0.0264298554058574,0.026451660761515356,G5,-10.355042658284088
014910,2024-06-30,-0.10027173789494936,0.02488106597182193,0.017073020183829606,G4,-5.222404703505179
014940,2024-06-30,0.07749312693155003,0.03417531571657632,0.03247704776816225,G5,1.3994272727036303
014990,2024-06-30,0.3224770072678533,0.07154851819063673,0.016271167189904463,G4,4.092464199232794
015230,2024-06-30,-0.062355320067370594,0.025335472263311433,0.04132783085793438,G5,-3.6321635205965976
015260,2024-06-30,-0.1439555992231298,0.0360940657072559,-0.01946851262277686,G1,-4.810288170244643
015360,2024-06-30,0.043884722059604406,0.012655642240786375,0.003864857623894145,G3,1.1234091265055286
015590,2024-06-30,-0.29650596482128194,0.032412497028074215,-0.0011784709065123327,G2,-10.063193298661371
015760,2024-06-30,0.0626472128210138,0.021081799891752812,0.0014474210372910688,G2,1.5643804099193366
016250,2024-06-30,0.02482955674346856,0.028382366545591946,-0.007942158333832878,G2,-0.1704474259845994
016380,2024-06-30,0.07009782440307308,0.022824917312291634,0.014687986014386457,G4,1.7713346245852275
016450,2024-06-30,-0.026679411657663615,0.016028783630325942,0.012183386524877908,G3,-3.5153428370929936
016590,2024-06-30,-0.04565678014950189,0.017886057647081177,0.02042227868213135,G4,-4.21132704032798
016670,2024-06-30,-0.1638451937401636,0.0362733483637027,-0.016482158156140535,G1,-5.334838401583019
016710,2024-06-30,-0.0961661724888428,0.013377479906437327,0.005861869023702186,G3,-9.40636288997953
016740,2024-06-30,-0.04809042687483288,0.02665467042063676,0.022684293594168698,G4,-2.917225526043155
016880,2024-06-30,-0.1835182244811794,0.021499768510070114,0.007219326580916048,G3,-9.915710601527788
016920,2024-06-30,-0.10853373072402292,0.015417482111057113,0.0017264104645521078,G2,-8.963914327451953
017040,2024-06-30,-0.2730046739259335,0.02551742584416498,-0.04150658215816495,G1,-11.861381858768524
017180,2024-06-30,0.13960232620112095,0.04970408958814219,-0.006877297871267745,G2,2.2117912036524223
017250,2024-06-30,-0.08003327776802929,0.01572885491775815,-0.01073701361090071,G2,-6.97447693466176
017370,2024-06-30,-0.161555090936006,0.0322741183956254,0.01036083859152794,G3,-5.924944150494329
017390,2024-06-30,-0.057824460910252805,0.01078626944193911,0.0007949630179978804,G2,-8.111397498989236
017550,2024-06-30,-0.1629353699884796,0.024469780556265423,0.0063831325856443044,G3,-7.871040265773055
017650,2024-06-30,-0.09558294828775867,0.012350324299178293,0.006664824503207864,G3,-10.14145080875391
017800,2024-06-30,0.04487206224155739,0.02361968817355029,0.009290635685445315,G3,0.6437343315170377
017810,2024-06-30,-0.34936576067327246,0.024084489511302636,0.00198559374713273,G2,-15.737639718704095
017860,2024-06-30,-0.3883464132876065,0.04171393490273209,0.0037932384735102987,G3,-10.020959958029383
017890,2024-06-30,-0.07596418070448031,0.019149217409450033,0.016506838980180884,G4,-5.516227452557299
017900,2024-06-30,-0.10302065445629549,0.018214339581096993,0.01609848715236264,G4,-7.2848050257345776
018120,2024-06-30,0.0996186513946507,0.011206659476529608,0.05244995175791734,G5,6.24194868030349
018250,2024-06-30,-0.0791897455500256,0.031043837109471468,0.03389902542367411,G5,-3.506557621426556
018260,2024-06-30,0.05191005996397826,0.018919316222503358,0.020823442172574008,G4,1.17566626816067
018290,2024-06-30,0.13611762531172852,0.05094223600664276,0.07933548895389114,G5,2.089628873638988
018620,2024-06-30,-0.018385931132705813,0.017796196196136916,0.028604354703765267,G5,-2.7001943936566066
018670,2024-06-30,-0.020298332801302683,0.015074287711330299,0.008792573463673323,G3,-3.3146236706271117
018700,2024-06-30,-0.032922461409229525,0.028988328221874516,-0.06229919123646607,G1,-2.1591351869169055
018880,2024-06-30,-0.0799257563825228,0.028953577284702946,-0.0033739431563509655,G2,-3.785128634344615
019010,2024-06-30,0.05308163823243628,0.015685600878301988,0.010338754660659878,G3,1.4927308395503966
019170,2024-06-30,0.13454076856943198,0.05615207577802059,-0.0037336207934706017,G2,1.8676693435074423
019210,2024-06-30,-0.05705314774779443,0.017812780323324572,0.0070758759435210076,G3,-4.868437393726588
019440,2024-06-30,-0.005478960980637798,0.0075410507216791805,0.004464350073119206,G3,-4.660652784646413
019680,2024-06-30,-0.1077972697805597,0.02183472988218122,-0.009145045253653504,G2,-6.29568254733745
019770,2024-06-30,-0.05760872314738882,0.022507534488242005,0.02751644251276734,G5,-3.877634009957782
019990,2024-06-30,-0.15219922547574508,0.049512556552915456,0.0003066469585445168,G2,-3.6731386177947685
020000,2024-06-30,-0.059629845682107226,0.013668874194346066,0.0014906786497320096,G2,-6.532879187926084
020120,2024-06-30,-0.1398420880962058,0.024944080813441693,0.0010348730047898386,G2,-6.795573965162023
020150,2024-06-30,-0.19813942445792213,0.03989237220034409,0.005666196356351432,G3,-5.7105323638906915
020560,2024-06-30,-0.09839576696814598,0.015745043222427386,-0.012556000054690715,G1,-8.13354547355246
020710,2024-06-30,-0.044681844336460684,0.018142208745013343,0.013453933658638432,G4,-4.098128482917646
020760,2024-06-30,-0.11715045521506481,0.017004747136687755,0.007557471501563426,G3,-8.633925109231503
021050,2024-06-30,-0.017783417248261796,0.022559652353143445,-0.0069197280262046435,G2,-2.103342488172969
021240,2024-06-30,0.061703753265243286,0.027669401388789813,0.0407569579597162,G5,1.157831163405894
021820,2024-06-30,-0.15748676137802553,0.017746214665424993,0.026164940646951813,G5,-10.546137470498113
021880,2024-06-30,-0.003918827339059898,0.04506759160565288,-0.0037452713042579926,G2,-0.745238079226831
022100,2024-06-30,-0.17880152606674304,0.04054975559474227,0.031064450406891396,G5,-5.141061421299651
023160,2024-06-30,0.10907557241270584,0.04346697696518078,0.02036546524420051,G4,1.8268653560103743
023410,2024-06-30,-0.033272744201910606,0.01568611587656337,0.01619876231624491,G4,-4.012465722025259
023440,2024-06-30,-0.22967630674628195,0.03902744299286867,0.02504410505929994,G5,-6.6451590194670676
023460,2024-06-30,-1.5503589184995856,0.10488428812038139,-0.008158525955218375,G2,-15.064469663469708
023530,2024-06-30,-0.021029680724322472,0.018827815597149994,-0.0024009776433145053,G2,-2.692661744388058
023590,2024-06-30,-0.015405185696784514,0.014457734725321542,0.0060600647590262355,G3,-3.117531523272447
023800,2024-06-30,-0.1011827897012014,0.024941824939243695,0.021513347422224705,G4,-5.246209853707892
023960,2024-06-30,0.4752466645819186,0.05061759566625231,0.020133217805104898,G4,8.802856015827684
024070,2024-06-30,-0.12367078920035188,0.0159078874020864,-0.012114762155456637,G1,-9.639120732320302
024120,2024-06-30,-0.07312214457316821,0.02520319426972414,0.008501602948548823,G3,-4.078427580950016
024720,2024-06-30,-0.29132850747302586,0.02520774433001458,0.00946518657001056,G3,-12.734013854438212
024740,2024-06-30,-0.11583959552212632,0.023220692650097366,0.01198051952614976,G3,-6.2662581077671815
024800,2024-06-30,-0.10299757599173652,0.01659920500307986,0.02048454472348054,G4,-7.9922402326881095
024810,2024-06-30,,,-0.03531004696507653,G1,
024880,2024-06-30,-0.20179496461348198,0.03195039944717013,0.0160376347844,G4,-7.244423440173887
024890,2024-06-30,-0.22277582826671327,0.02399950719651592,-0.02229093026170631,G1,-10.51867791551475
024900,2024-06-30,-0.1001606607570649,0.03247062922860534,0.010266791302197025,G3,-3.998318539118662
024910,2024-06-30,0.0011348180876188767,0.04777799034382678,0.0003657202138292309,G2,-0.5971879472444954
024940,2024-06-30,0.29683011019573907,0.036899536779000874,0.0022359900407974546,G2,7.240276584806953
025000,2024-06-30,-0.020332433272623705,0.010650748282851764,0.02890054571044124,G5,-4.6944768582731236
025320,2024-06-30,-0.446774031662077,0.03994828487024656,0.02460743450260936,G4,-11.926451693084978
025440,2024-06-30,-0.4819690449962423,0.04140920304876525,0.005416874871786345,G3,-12.355618205407955
025530,2024-06-30,-0.0743995001085702,0.01978312611916095,0.025372012606637278,G5,-5.260379858383072
025540,2024-06-30,0.04497816418485989,0.030703885372264983,0.038876575012801014,G5,0.49866347319594345
025560,2024-06-30,-0.5295095309609026,0.03590769057017756,-0.03757533792810629,G1,-15.572619128277557
025770,2024-06-30,0.010144454871612292,0.019825879678686258,0.030251288723469032,G5,-0.9847130876059812
025860,2024-06-30,-0.06594915776967959,0.01530703484067652,0.011293069152226325,G3,-6.246566812542107
025870,2024-06-30,-0.15443552743658961,0.026065345218318967,0.014863638051717856,G4,-7.063124771956467
025980,2024-06-30,-0.07233003645814264,0.02508901658202338,-0.008314033788521132,G2,-4.065416202711636
027040,2024-06-30,-0.11991962049098075,0.045118937768233884,-0.004162033850756711,G2,-3.3153900768651057
027050,2024-06-30,-0.13272014659400136,0.032249970194429475,0.0031643597320707806,G2,-5.035273015122557
027410,2024-06-30,0.018799704033657695,0.01393684140939455,0.008606030179087853,G3,-0.7797716650153467
027580,2024-06-30,-0.22481016430019338,0.026775581787177326,0.010483130421571537,G3,-9.504085639945918
027970,2024-06-30,-0.0622012716534671,0.013315357171343746,0.008530176278102151,G3,-6.899441639890469
028050,2024-06-30,-0.067713133708889,0.028740104422759,0.03426611943697152,G5,-3.388310297727748
028080,2024-06-30,0.0397283096348993,0.051842054952082633,-0.0372708394421563,G1,0.19407123385989564
028100,2024-06-30,-0.08959902838593664,0.026009156307048854,0.007263523270347733,G3,-4.585549990259772
028260,2024-06-30,-0.013399195204402222,0.023278597747117134,0.015234868218595222,G4,-1.8500449956978946
028300,2024-06-30,0.46066694298084826,0.052812525534210564,-0.13762836473391876,G1,8.160936833765732
029460,2024-06-30,0.025407437786852314,0.028784870330687322,0.0002483045247878789,G2,-0.1479881697824582
029480,2024-06-30,-0.12673849724686975,0.04940294972863906,0.24427402872370718,G5,-3.1659193665660195
029530,2024-06-30,0.0955180389670477,0.013921852666742165,0.019950279113973284,G4,4.730030009572084
030000,2024-06-30,0.004568869720441506,0.012859166085646401,0.03351750173785214,G5,-1.9517897332463738
030200,2024-06-30,0.08086711854431404,0.016826629905975006,0.012903395828225967,G4,3.0427875793249157
030520,2024-06-30,-0.15133639483528288,0.03564148612859299,0.038340584302332656,G5,-5.07845414320675
030720,2024-06-30,-0.11807522676500942,0.0176473050924361,0.022930205663595587,G4,-8.371957307682644
031310,2024-06-30,-0.2785569774599721,0.028631665388661312,0.005966499286633296,G3,-10.76515219567182
031330,2024-06-30,-0.038700145322960164,0.022443438288401403,0.009785917516827745,G3,-3.046208985849019
031510,2024-06-30,-0.012464547687584603,0.022899959911300248,-0.021216629021217927,G1,-1.839820065855674
031820,2024-06-30,-0.09318983860071228,0.018162450354779716,0.01886586861468876,G4,-6.764345904069973
031860,2024-06-30,-0.08212822489940297,0.052068119088498475,0.014601505233928818,G4,-2.147100469942153
031980,2024-06-30,-0.35944028482344126,0.055608601280351985,0.04958869402183073,G5,-6.997254631999519
032040,2024-06-30,,,-0.01675007671605477,G1,
032190,2024-06-30,0.04413280607379058,0.02242232050087771,0.006098079337150211,G3,0.6451405423764335
032350,2024-06-30,0.06660639731385182,0.022844565028984885,-0.01612160699490059,G1,1.616977132305553
032500,2024-06-30,-0.5308218479984954,0.03424336747990943,-0.04956230163229371,G1,-16.367815063511213
032540,2024-06-30,-0.03309490035677798,0.01342206813375383,0.012685101845870515,G3,-4.676042305541555
032560,2024-06-30,-0.11729863246914482,0.017798675759090193,0.016249573767019767,G4,-8.257124997549443
032680,2024-06-30,-0.21655793867664694,0.0220166339763359,0.0027010287859185744,G2,-11.1835985921287
032750,2024-06-30,-0.04682762601400472,0.021096052185944552,0.026822273467548185,G5,-3.6260283869361247
032800,2024-06-30,-0.15521135095577435,0.023937151004179594,0.01731777738490717,G4,-7.723500970855277
032850,2024-06-30,-0.07864000522233229,0.02794717862041921,0.02972112510224342,G5,-3.875427453979746
032940,2024-06-30,-0.11872503646887193,0.04704988246728171,0.004598076477091167,G3,-3.1539354989160584
032960,2024-06-30,-0.0039057104922109974,0.01246394648476388,0.02242678950593538,G4,-2.6936066034756507
033130,2024-06-30,-0.113792252901628,0.022482429584887487,0.014517334434858139,G4,-6.380961204592251
033160,2024-06-30,-0.2544223649987296,0.03179542431360852,-0.01224681704019948,G1,-8.934921586866658
033170,2024-06-30,-0.1821530312123424,0.04324849266414764,-0.03836316481581462,G1,-4.897749637699036
033180,2024-06-30,,,0.08199975989998592,G5,
033200,2024-06-30,-0.11583544378702357,0.02179475754083459,-0.0054905727702300455,G2,-6.676041317685057
033230,2024-06-30,-0.13898961133610474,0.050542131237719536,-0.011000646090298044,G2,-3.33695602600059
033310,2024-06-30,-0.15263364335476923,0.01699804575575132,0.03550055986488812,G5,-10.724815313407632
033340,2024-06-30,-0.9556440849222754,0.04498315636030402,0.011608568678801797,G3,-21.904006359506877
033430,2024-06-30,,,0.021939955554856568,G4,
033500,2024-06-30,-0.019955743266774604,0.028650385730423864,0.011229556107304493,G3,-1.7320186121821046
033530,2024-06-30,-0.12265744488906549,0.025675365022717417,0.024135909820291363,G4,-5.93271810620046
033540,2024-06-30,-0.08531348743024192,0.05443842576777198,0.0014116504356008718,G2,-2.1121247330929918
033560,2024-06-30,0.16727770230393887,0.02633242777004295,0.0024374408575832934,G2,5.225892782889358
033630,2024-06-30,,,0.011402329528827198,G3,
033640,2024-06-30,-0.5141700419994115,0.03586282807277342,-0.04172439142272977,G1,-15.164372953531839
033780,2024-06-30,0.22096153888087966,0.01793775405003677,0.03190568120157543,G5,10.664338483109674
033830,2024-06-30,-0.027471531072584918,0.019126728301819006,0.00766647124680109,G3,-2.9873791395712446
033920,2024-06-30,-0.04119985130002678,0.02117570551852334,0.030063808637285364,G5,-3.3466232944424097
034020,2024-06-30,-0.08488103491434439,0.03153456083013519,0.01212747044106848,G3,-3.632468312969032
034120,2024-06-30,-0.1445251123894075,0.0176678234656765,0.005585207414478419,G3,-9.85929991842681
034220,2024-06-30,-0.019796068597689287,0.029919387710761823,-0.012334824294850168,G1,-1.6532198833873109
034230,2024-06-30,-0.13681243901316756,0.02426784574667959,0.0060663689072301,G3,-6.860093755971809
034730,2024-06-30,-0.01783945926168349,0.02188387047200062,0.0032053985185288,G2,-2.170855351523955
034810,2024-06-30,-0.12121512040067035,0.021081618940884797,0.008912851886222959,G3,-7.157058425554386
035000,2024-06-30,0.020084273460468302,0.006058248170796578,0.012432136962575396,G3,-1.5818078648943459
035080,2024-06-30,-0.13466794126187642,0.034078895039597476,-0.009781733965053961,G2,-4.8221985817159165
035150,2024-06-30,0.008058444239657018,0.03001905843670192,0.05116252501664915,G5,-0.7198364955524292
035200,2024-06-30,-0.04415408823164601,0.02767048006249829,0.0185890950117137,G4,-2.6678737097955865
035250,2024-06-30,0.2107647581324645,0.017670610368017294,0.04309600543216861,G5,10.248514131448657
035420,2024-06-30,0.031161917395931132,0.0230158338363455,0.012873884007385471,G4,0.06494048149820777
035430,2024-06-30,,,-0.005852855246530496,G2,
035460,2024-06-30,-0.18318140106852196,0.02130885061049501,-0.01698352796972726,G1,-9.988744255788536
035600,2024-06-30,-0.1210200023068323,0.016278815285539344,0.015016118409945912,G4,-9.256647841271693
035620,2024-06-30,0.04013070438766409,0.026935991021271224,-0.011847571317374425,G1,0.3884559626889185
035720,2024-06-30,-0.10302788799552243,0.021374441117322594,0.006414086771711625,G3,-6.208122370624126
035760,2024-06-30,-0.15609970461510025,0.029604397979809006,0.002890433973199858,G2,-6.27497856252015
035810,2024-06-30,-0.12419427883112205,0.015073882906401282,0.015717094997871765,G4,-10.20716014918089
035890,2024-06-30,0.1561835912741643,0.017778548555697313,0.022762091402985046,G4,7.116235209713156
035900,2024-06-30,-0.09864895781648267,0.030943313900939885,0.010736037759911164,G3,-4.146815570296796
036000,2024-06-30,-0.1041432570115449,0.014275319956270998,-0.00880273920402575,G2,-9.373556283568934
036010,2024-06-30,-0.39451343226032465,0.04156296014954731,0.001354625440336957,G2,-10.20573820532994
036090,2024-06-30,0.041673235543741874,0.04019925487345268,0.026933750692854065,G5,0.2986616920393325
036120,2024-06-30,0.21632737253750456,0.032230185026218126,0.13307446639230627,G5,5.791468907831183
036180,2024-06-30,-0.05563679574952359,0.025342197726396065,-0.11628501711736856,G1,-3.366087453622392
036190,2024-06-30,0.06359323219937259,0.017302211186500726,0.05968333048924892,G5,1.960788350643049
036200,2024-06-30,-0.34947090470102754,0.04130852062031008,0.0065065094858210845,G3,-9.178207233573344
036220,2024-06-30,-0.12300954716124243,0.05025067125021213,-0.022691003649790462,G1,-3.0383037962923534
036420,2024-06-30,-0.04378025088849982,0.031025553730715125,-0.008943771141143038,G2,-2.3673230650611505
036460,2024-06-30,-0.051534691654391424,0.04513295732176609,0.003569808845241884,G3,-1.7991719252960765
036530,2024-06-30,0.05205866861639499,0.020812398826203414,0.037812646876833014,G5,1.075868800077358
036540,2024-06-30,-0.3460795522212846,0.03220206021882211,0.0037766420311657035,G3,-11.66840903136305
036570,2024-06-30,0.08335077926777461,0.027602818642447343,0.020376613686282453,G4,1.9448564981224237
036580,2024-06-30,-0.14997582326316622,0.024845490989320512,-0.012224965563603078,G1,-7.230409791655935
036630,2024-06-30,-0.10936434924448112,0.014912066496477451,-0.021160800553792058,G1,-9.32342994459148
036640,2024-06-30,-0.09992555902110584,0.020783932575705495,0.03609810328206346,G5,-6.235240449014159
036690,2024-06-30,,,-0.08245155967400652,G1,
036710,2024-06-30,-0.34669150572542506,0.023283889748847115,-0.025044409729269735,G1,-16.163912810512095
036800,2024-06-30,-0.15779868565687596,0.012641016244591683,0.012027350747083361,G3,-14.829974117120313
036810,2024-06-30,-0.5170168159379306,0.04066064516138241,0.0015477095419500514,G2,-13.44504180473904
036890,2024-06-30,-0.0166925466977035,0.02470516687694477,0.016540762228477272,G4,-1.8765226316072072
036930,2024-06-30,-0.28353378680793623,0.03912815257253025,0.042917629985125196,G5,-8.004493549545545
037030,2024-06-30,-0.01634567369275869,0.028522635192882066,0.04152581976874112,G5,-1.6132075962166887
037270,2024-06-30,-0.2105611347713228,0.02684696686475852,0.01290700375428164,G4,-8.948064563344841
037330,2024-06-30,-0.059957145486100316,0.0261022327798601,0.0026901623309572406,G2,-3.433591459645882
037340,2024-06-30,,,-0.020918419273297944,G1,
037350,2024-06-30,0.1411430605826673,0.0478470718372264,0.03548308001064671,G5,2.329835415997595
037370,2024-06-30,-0.04303534024604566,0.04633805256605607,-0.01016510271601253,G2,-1.5689610219791257
037400,2024-06-30,0.0042692652560719045,0.0249989061981324,0.014222529125458787,G4,-1.0159641628777192
037460,2024-06-30,-0.010513796856400304,0.0161314003592982,0.015198010345676157,G4,-2.490859691406513
037560,2024-06-30,-0.1037885481611264,0.021258404526088147,0.00517761689015535,G3,-6.277790323439683
037760,2024-06-30,0.05821360809375341,0.023095130929322336,0.01018032510660147,G3,1.2360332624481427
037950,2024-06-30,0.06238867498588379,0.029932046957471994,0.02240977196688322,G4,1.093190083787416
038010,2024-06-30,-0.1181600638274764,0.02810726113417896,0.04390771048228877,G5,-5.259399739671956
038060,2024-06-30,-0.10923143864611756,0.019029175391765393,0.014544275262013668,G4,-7.299249381596437
038070,2024-06-30,-0.06233990039096972,0.03159436164763394,0.007767393139715769,G3,-2.912138548061981
038390,2024-06-30,0.007843756015429915,0.01056971462424288,0.011337924825139617,G3,-2.0647200823219425
038460,2024-06-30,-0.23356135088252072,0.04075944078406361,-0.0029550186701767078,G2,-6.458101580479869
038500,2024-06-30,0.011841263133606556,0.025378647614628755,0.022263188614265485,G4,-0.7024012942531381
038530,2024-06-30,0.2828142607964701,0.061993477120013914,0.034128143525011125,G5,4.083445783205283
038540,2024-06-30,-0.5105519908236145,0.03106658380456565,-0.01497126505409585,G1,-17.389077997328375
038620,2024-06-30,-0.19210341242142498,0.02191887382406457,0.006153635914205619,G3,-10.117794931711352
038680,2024-06-30,-0.14935894167670574,0.02404836207919237,-0.012473052764682122,G1,-7.444423830266705
038870,2024-06-30,-0.14643380962547858,0.03525258403515057,0.003019280879160747,G2,-4.995408776684377
038880,2024-06-30,0.051068032235692236,0.036071567495573977,-0.012480829021479956,G1,0.593286503942531
038950,2024-06-30,-0.03157509131293189,0.024119550368243352,0.009637244633201033,G3,-2.539116544149257
039020,2024-06-30,0.37826534514440047,0.03222786434249814,-0.00816406148537888,G2,10.816667321644273
039030,2024-06-30,-0.13103319905549307,0.04692197895091112,0.023895371365504098,G4,-3.4248439795800376
039290,2024-06-30,-0.17925281202133844,0.04266569779905826,-0.010721174460208153,G2,-4.896675335530689
039310,2024-06-30,-0.18283881247916797,0.022839174429780378,0.00017926153465329254,G2,-9.304454992322047
039420,2024-06-30,-0.005127979034016389,0.011938305000032593,0.05970205271015554,G5,-2.9145877156294384
039440,2024-06-30,-0.5458903483822857,0.047547796701142404,0.020691416075279835,G4,-12.104821808346236
039560,2024-06-30,0.025390675185216118,0.055539981448477764,-0.0017941376158165676,G2,-0.07700007756155286
039570,2024-06-30,-0.06520961598582588,0.013811738572088637,0.009575640836305886,G3,-6.869292635039684
039610,2024-06-30,0.598636709214984,0.07439985881783048,0.01759182212711498,G4,7.647453371431804
039740,2024-06-30,-0.0907798607562029,0.018082383242154818,-0.0005116723190947441,G2,-6.66102013256333
039830,2024-06-30,-0.194200617599086,0.01246577959509859,-0.0019430909723153285,G2,-17.95859408196376
039840,2024-06-30,-0.129229194971409,0.028380403828791482,-0.1598343027322963,G1,-5.598808741217668
039860,2024-06-30,0.005005826785385532,0.051598594594846,0.008959741654874325,G3,-0.4779477323514916
039980,2024-06-30,0.02531475453293426,0.06609370418658075,-0.0008701520450519942,G2,-0.06585352697580471
040160,2024-06-30,-0.1571859411175119,0.01812076662262782,-0.025196672783067416,G1,-10.311550447799494
040420,2024-06-30,-0.017479696587358692,0.0056432579853145735,0.02179020618497725,G4,-8.354563051089482
040610,2024-06-30,-0.04399736338521179,0.01858795086215114,0.01576697477100646,G4,-3.963030782469094
040910,2024-06-30,-0.31553848688476505,0.02390009940588846,-0.02146975233235818,G1,-14.443694943972911
041440,2024-06-30,0.2002272861045318,0.05586891777948871,0.003507439516661459,G3,3.052860782326337
041460,2024-06-30,-0.1103422634500363,0.024457984221147193,0.008689535823370268,G3,-5.724491448215732
041510,2024-06-30,-0.1608758867096544,0.027175444096736803,0.014230670858601918,G4,-7.011592675206758
041520,2024-06-30,-0.12977464065472655,0.025219220911739643,-0.002539919518499108,G2,-6.322237283905224
041590,2024-06-30,,,0.045850611513412305,G5,
041650,2024-06-30,-0.04791061203255594,0.028849067286395805,0.013074022766098103,G4,-2.689094566799219
041830,2024-06-30,-0.0375598889187477,0.019595055628574186,0.0379140888856478,G5,-3.4308219510860116
041920,2024-06-30,-0.13218058204748273,0.028943950699362526,0.015140382902799976,G4,-5.59176740566945
041930,2024-06-30,0.021953158415502123,0.027624881655061096,0.025406031425406924,G5,-0.2792446224869422
041960,2024-06-30,-0.013992227894510817,0.013470816130171577,0.03930376183630945,G5,-3.2410423791057155
042110,2024-06-30,-0.041001760454657234,0.01890409331203714,0.016085505192642017,G4,-3.7382918795780067
042420,2024-06-30,0.10723097122755723,0.025825244329872543,-0.00495109265845481,G2,3.0034067508636
042500,2024-06-30,-0.18520860879062107,0.02877297569704097,0.026264387292420158,G5,-7.467975127690222
042600,2024-06-30,-0.14020670713848352,0.03510643989842685,-0.04273329406408654,G1,-4.8388263149010395
042660,2024-06-30,0.03473812418871167,0.03349741031165897,-0.0015501863978609632,G2,0.15138084039979102
042940,2024-06-30,-0.35830584699199003,0.06065927167635924,-0.03675257772305303,G1,-6.395940708396455
043090,2024-06-30,0.6720383729188244,0.10887297527998499,-0.04026671470208317,G1,5.9001888503767255
043150,2024-06-30,-0.0969511415113279,0.020260909258266416,0.03114945353957573,G5,-6.249393744468004
043200,2024-06-30,-0.09586335942533722,0.026680319251381687,0.007170282003788706,G3,-4.704989333414836
043220,2024-06-30,0.36422512110655003,0.049419054502082255,-0.05503407695714205,G1,6.769815133309308
043260,2024-06-30,-0.01469046944276568,0.030740851676566424,0.05164255682650069,G5,-1.4429570128369422
043370,2024-06-30,-0.2700277622309416,0.02624930674939418,0.020355272183742803,G4,-11.417254678635446
043590,2024-06-30,-0.09412101775444931,0.04740445339671849,-0.04008855346102482,G1,-2.6113216575456706
043610,2024-06-30,-0.08727539588398182,0.037005309631498784,-0.0023565398982078843,G2,-3.160158774862859
043650,2024-06-30,-0.2794810555235733,0.02965023918013881,0.0038312566536840274,G3,-10.426503196479175
043910,2024-06-30,-0.29659578626589916,0.028840430974720575,-0.005770487214193915,G2,-11.312696561864616
044180,2024-06-30,-0.0779873036805615,0.01833794546707509,0.029165889175962342,G5,-5.870590134449155
044340,2024-06-30,-0.41284877630864336,0.023389244397703172,0.001965523968192222,G2,-18.919637883497195
044380,2024-06-30,-0.08103293383302598,0.022626112399133542,-0.017091394411319637,G1,-4.892585608377925
044450,2024-06-30,0.08528261611025689,0.016835768983411933,0.010027949060752916,G3,3.3034046796756282
044480,2024-06-30,-0.22722842277114347,0.03836367054283258,0.1354585361565714,G5,-6.696326946839943
044780,2024-06-30,-0.009427041475089805,0.018263910863147857,-0.003201339560289049,G2,-2.140521810062528
044820,2024-06-30,-0.1337403346368516,0.014767305762090252,0.011259242698440931,G3,-11.065498022046645
045100,2024-06-30,-0.10160797074884645,0.02187907694334339,0.025715211208560153,G5,-6.000035063330332
045300,2024-06-30,-0.19549913440598157,0.020132961299916347,0.008511032310996657,G3,-11.183967878159745
045390,2024-06-30,-0.1175980513657132,0.023960460782455163,0.013737815915543027,G4,-6.146180191078088
045510,2024-06-30,-0.17477592767918657,0.018127891743813865,0.0012913999716105,G2,-11.277824726279537
045520,2024-06-30,-0.07201178212217163,0.03536258169463905,0.004612022142464763,G3,-2.875328534118374
045970,2024-06-30,-0.5470599441966947,0.04210190089155478,-0.024100159439093608,G1,-13.69836492054677
046120,2024-06-30,-0.1159607181845899,0.036372118299196565,-0.0062865289199689365,G2,-4.003835439310193
046390,2024-06-30,-0.22210168506185052,0.02791395593464361,0.015768800828244896,G4,-9.019464805198027
046400,2024-06-30,,,-0.018017769250843564,G1,
046440,2024-06-30,-0.0943434457111467,0.020832611352225416,0.017567024584040542,G4,-5.95272007330063
046890,2024-06-30,-0.03390620453596968,0.02306621193123911,0.004657920475898697,G3,-2.7561293024619604
046970,2024-06-30,-0.19103695630239872,0.0292742594180762,-0.01596824982641228,G1,-7.539190358839101
047040,2024-06-30,0.0507789552667759,0.026609199480976717,0.011042583345478791,G3,0.7933984341525505
047050,2024-06-30,-0.09422789328067588,0.03644386255329679,0.015516925864495235,G4,-3.3996163596546154
047080,2024-06-30,-0.043603779424329955,0.05730159955238323,0.09311561126567099,G5,-1.2786909625771286
047310,2024-06-30,-0.18876138468157547,0.030603855333639206,0.007811903585830111,G3,-7.137291702787484
047400,2024-06-30,-0.12564752276461622,0.031985140180705945,0.0016309268038354125,G2,-4.855841805027361
047770,2024-06-30,0.20566641499750174,0.05824453143527065,0.011042992544466371,G3,3.0217284369190978
047810,2024-06-30,0.0013937146783588143,0.024553697798601185,0.008852163819952304,G3,-1.1514983860299866
048260,2024-06-30,,,0.026558387342793647,G5,
048430,2024-06-30,-0.0806746549544243,0.01968117047045953,0.02973129585626006,G5,-5.6064710777521185
048550,2024-06-30,-0.03460501567701149,0.03267416294091033,0.014709122666400027,G4,-1.9670671857075868
048830,2024-06-30,-0.10248196595559918,0.020600661843158685,0.0029750239650571165,G2,-6.414804777934889
048870,2024-06-30,0.2395083528291263,0.04639248156923141,0.032858172075635524,G5,4.5231702997276555
048910,2024-06-30,-0.03883912901310793,0.0222398752966797,0.0014972585199462827,G2,-3.08034043193811
049070,2024-06-30,0.0003556265467806008,0.03740601672981348,0.013969584536151602,G4,-0.7836074000997131
049180,2024-06-30,0.9033644151545532,0.08519778141745085,-0.03466314981966816,G1,10.254928503467813
049430,2024-06-30,0.2159588482183042,0.027980370396235733,0.05377427972077516,G5,6.657938673279691
049480,2024-06-30,-0.0067249979618069985,0.033829221289765246,0.01613865244996634,G4,-1.0757639294917287
049520,2024-06-30,-0.12273103624357472,0.030196315976831072,0.03844653137833225,G5,-5.046916796904049
049550,2024-06-30,0.023768012396701108,0.014179934223089882,0.01158950979714776,G3,-0.4160277174071072
049630,2024-06-30,-0.035393172569252014,0.02243578909026398,0.014141829075739994,G4,-2.899850340543677
049720,2024-06-30,-0.0628557838776853,0.009526983975622377,0.04715570151863351,G5,-9.711682330835146
049770,2024-06-30,-0.2765493220883486,0.023382128245702134,0.010817980158636883,G3,-13.096180849540517
049950,2024-06-30,-0.07060136104059861,0.028461880912486106,-0.008636267938960752,G2,-3.5229090942168657
049960,2024-06-30,0.0819321154057947,0.029075770272749928,0.040075789977710705,G5,1.7975399052544339
050110,2024-06-30,-0.1295389691018346,0.02735464448687632,-0.011467224928555524,G2,-5.820080288110912
050120,2024-06-30,-0.07174389303564543,0.06627609646146092,-0.2006549328196264,G1,-1.5301316238371314
050540,2024-06-30,,,-0.016727721555316318,G1,
050760,2024-06-30,0.03811639403802991,0.01531394917639942,0.008650038007518112,G3,0.5517280928772378
050890,2024-06-30,-0.1537660008731434,0.02985680987564022,0.020177576753122307,G4,-6.143766186062641
051160,2024-06-30,-0.1132122443557381,0.03670915867321364,0.02646567549412547,G5,-3.8922031336150495
051370,2024-06-30,-0.28052236795356866,0.036912080276713784,0.04605583605725926,G5,-8.403471809031847
051490,2024-06-30,0.008264741554533259,0.03238266146421097,0.00014370595054800922,G2,-0.660925184720741
051500,2024-06-30,-0.05352467544864753,0.0214455854348404,0.014065777303622127,G4,-3.8792101883127152
051600,2024-06-30,0.11794127824445852,0.021468697030051446,0.04737582231622999,G5,4.111754898603219
051780,2024-06-30,-0.680557277860991,0.05115240621525547,-0.025613790548339014,G1,-13.884479508877781
051900,2024-06-30,0.11090453101468842,0.024451539487785653,0.019833304709684176,G4,3.322378658028996
051910,2024-06-30,0.05744677866814532,0.02910016641915671,0.0022243515651654546,G2,0.9546172418224345
051980,2024-06-30,-0.07366976541261104,0.04617185221009826,-0.46189756254037245,G1,-2.238095691004709
052020,2024-06-30,0.12313716855270498,0.05153329395244324,-0.15068828171967588,G1,1.8137771393857771
052220,2024-06-30,-0.054872284705273666,0.02898262142358341,0.01456132249625973,G4,-2.9169046351686885
052260,2024-06-30,0.23881492085094363,0.041222447418182435,0.03137667499425717,G5,5.073635261505033
052300,2024-06-30,-0.05588244038480741,0.021229259475030095,-0.0003374575413900692,G2,-4.029801347990836
052330,2024-06-30,0.0644358893887054,0.02073921193006745,0.017965355994805896,G4,1.6764682979000833
052400,2024-06-30,-0.008382825187709103,0.022244992564869854,0.027108248766380807,G5,-1.7105010550695967
052420,2024-06-30,0.43840057907423147,0.05720314173579856,-0.002316397875676008,G2,7.145294971690761
052460,2024-06-30,-0.20263235076604785,0.047341253409781056,-0.03736785500418636,G1,-4.9069171620743175
052690,2024-06-30,0.013330621817113978,0.03518655955486198,0.023048202209411582,G4,-0.4642862631093691
052710,2024-06-30,-0.5480850242907114,0.030131653316046732,-0.017952024278391248,G1,-19.17426422955501
052770,2024-06-30,-0.20225634321049205,0.022826560409216008,-0.06727284263017877,G1,-10.160251790776643
052860,2024-06-30,-0.2622654471306428,0.055071965248478974,-0.03967270050412948,G1,-5.300931315561174
052900,2024-06-30,-0.13707320065934273,0.023421885340364375,0.022371136609617315,G4,-7.119002433015277
053080,2024-06-30,0.02952849863919508,0.050760629256438275,0.01555016466460533,G4,-0.0027336033330090043
053160,2024-06-30,0.11054434412359772,0.03473335447720007,-0.0018705868395136407,G2,2.328513536237093
053260,2024-06-30,-0.06163823902276998,0.021592549370572006,0.019420490171127736,G4,-4.228564933222951
053270,2024-06-30,-0.10045700571603308,0.03000748272108521,0.023247320554136346,G4,-4.3363938584930155
053280,2024-06-30,0.26991420766479957,0.06895768307286118,0.010140961214707367,G3,3.4839765330635717
053300,2024-06-30,-0.07453438177717495,0.032607331170254286,0.0037666888667660984,G3,-3.1956506743105666
053620,2024-06-30,-0.1716420700918114,0.014499676800863498,0.004854184256371759,G3,-13.883711404128604
053690,2024-06-30,-0.001702401773515768,0.03387496547685002,0.012929828254384249,G4,-0.9260425625959604
053700,2024-06-30,-0.11586321004062256,0.028255543802088084,0.020477718112374123,G4,-5.150510254712704
053800,2024-06-30,-0.10268054791055478,0.018769286477704462,0.014716438743768398,G4,-7.0512966026856345
053950,2024-06-30,0.18682090679415012,0.053887382670039806,0.009960870718703458,G3,2.9163347882733217
054040,2024-06-30,0.038914027074691375,0.026586195519981575,0.04030593862909927,G5,0.347803393051315
054090,2024-06-30,-0.14703096914448566,0.03482609981063337,-0.006856925979808089,G2,-5.073729994739489
054180,2024-06-30,-0.044128916202657326,0.08121558132758637,-0.08741772529804735,G1,-0.9086455217197
054210,2024-06-30,-0.35257273304422043,0.03939014717790564,-0.03191274633166959,G1,-9.7039492993603
054220,2024-06-30,0.04585332576663269,0.03363090149104798,-0.09423636860043717,G1,0.4812855732227414
054340,2024-06-30,,,0.06285463319053484,G5,
054450,2024-06-30,-0.3417391583199314,0.034609543256613855,-0.039116901696144436,G1,-10.731329611334065
054540,2024-06-30,-0.09241830622153466,0.03176288382501803,0.006080375972556118,G3,-3.8436549073636095
054630,2024-06-30,,,-0.08841679321839546,G1,
054800,2024-06-30,-0.005115927418607625,0.01895153704616022,0.020093427402857657,G4,-1.8353754314704083
054940,2024-06-30,-0.052520403282336106,0.028599740559953474,0.01235099113182185,G3,-2.8737205211551724
054950,2024-06-30,-0.27591946932027556,0.02476257701270773,0.028027932103892407,G5,-12.340667420356523
056190,2024-06-30,-0.007974363550241085,0.02152040620648987,0.01766867395681107,G4,-1.7491129699682753
056360,2024-06-30,-0.0779368986728029,0.02426497395486235,-0.01791995458104609,G1,-4.434546558240038
057030,2024-06-30,0.04839939432455432,0.0397140722775908,0.0029984305047611962,G2,0.4716750306819597
057050,2024-06-30,-0.0886399121111756,0.01328744787533872,0.0073847382970889715,G3,-8.903678967220472
057680,2024-06-30,-0.10813762767142499,0.034351578205144784,-0.035194975491337994,G1,-4.011602754114577
058110,2024-06-30,0.2322363788023229,0.059577803847629895,-0.02127401148033341,G1,3.400077002768965
058450,2024-06-30,-0.4409760745779342,0.06921389497852885,-0.007200023004860263,G2,-6.799838858779016
058610,2024-06-30,0.007494575040700573,0.036722141929428784,0.011169474809921974,G3,-0.6037960167581226
058630,2024-06-30,0.06812273631421793,0.024542562146150707,0.034941076116150806,G5,1.5668893093027467
058730,2024-06-30,0.08983646431238512,0.047540128657663244,0.010982459639419032,G3,1.2656508921367846
058820,2024-06-30,0.04221791461390733,0.026222111377874537,0.028537511455034442,G5,0.47862875603453886
058970,2024-06-30,-0.04330680383725011,0.04385427818406037,0.08803026241024768,G5,-1.664012381995834
059090,2024-06-30,-0.4449867000902803,0.04172173566479384,0.03682542560661029,G5,-11.376658966643252
060150,2024-06-30,-0.21643325705650643,0.020279080750579093,0.008190310806890033,G3,-12.13568396654246
060230,2024-06-30,-0.31648608375097653,0.05901989656051469,-0.0767759626980705,G1,-5.865027931056644
060240,2024-06-30,-0.3273741106168708,0.030601758116988783,-0.08478420809287196,G1,-11.66734823915796
060260,2024-06-30,-0.6068335060821153,0.05668605694197687,0.009948246100659405,G3,-11.228524234771621
060310,2024-06-30,-0.18973763719907025,0.027843716223582223,-0.011919956417385032,G1,-7.879871117123421
060380,2024-06-30,-0.312207866144927,0.024746897878802705,0.000691206826016078,G2,-13.814867862782952
060540,2024-06-30,-0.401723756892452,0.024973785002345334,-0.00452718149413922,G2,-17.273753854950517
060560,2024-06-30,-0.047293689533671114,0.01570873440674334,0.022048985347515666,G4,-4.899245579271488
060570,2024-06-30,-0.07607547456033104,0.037372242673905515,-0.013924960549650511,G1,-2.829445734565993
060850,2024-06-30,-0.19889788584340398,0.015473678374782463,0.009407626126091934,G3,-14.771222353982356
060980,2024-06-30,0.04463002209063669,0.011799845534563496,0.0032658029603241483,G2,1.2680474487816324
061040,2024-06-30,-0.16145357216064546,0.026029403986362352,0.01305295673090031,G4,-7.342497366643353
061970,2024-06-30,-0.3307842576336516,0.034188671754185926,-0.00028722650999369394,G2,-10.543010219577642
063440,2024-06-30,-0.13379779594106386,0.024674417475620502,0.017399730136348615,G4,-6.624879965944129
063570,2024-06-30,-0.0780278755158513,0.018507608510991196,0.00443511200872565,G3,-5.818965400981441
063760,2024-06-30,-0.18352377521064406,0.023515098998008143,-0.00573724546782821,G2,-9.066133776141815
064090,2024-06-30,-0.3071576261399325,0.04802802688917231,-0.11146199349224628,G1,-7.0130901896447515
064290,2024-06-30,-0.6194182186440098,0.0409629788765365,-0.03539619033415819,G1,-15.845660997089267
064350,2024-06-30,0.31129880109552116,0.0353738005466216,0.026437962992636906,G5,7.961585656023113
064400,2024-06-30,,,0.03451701279851548,G5,
064520,2024-06-30,-0.31424590044333933,0.021688397072246266,-0.013360612612338469,G1,-15.857011348613987
064820,2024-06-30,-0.13085440862541042,0.03406564173760939,0.002719223665683514,G2,-4.712128071044271
064960,2024-06-30,-0.04641492221146182,0.023441664979144843,0.028612693947043286,G5,-3.2455962639029847
065150,2024-06-30,,,0.0014047325238895406,G2,
065170,2024-06-30,-0.33899042978658794,0.023861771372934184,-0.01430544317253915,G1,-15.449720060148733
065350,2024-06-30,-0.20207760034178646,0.05003692038927554,7.612556131541698e-05,G2,-4.631477249266776
065440,2024-06-30,-0.10822961249369627,0.029802758317361733,0.018614598825645864,G4,-4.6269834855480445
065450,2024-06-30,-0.0402402096224658,0.025016754479094756,-0.010794861351311844,G2,-2.7944259414385697
065500,2024-06-30,-0.13186084420333488,0.024195482797865955,0.0038094517084807785,G3,-6.675961112960217
065510,2024-06-30,-0.1902664400876074,0.03117816077505421,0.0245776709775082,G4,-7.05409468309925
065530,2024-06-30,-0.2340652958710999,0.020893314536930208,0.0013692078819652841,G2,-12.622820255228179
065560,2024-06-30,-0.34528800209173505,0.25194121025064115,-0.00046930559602417977,G2,-1.4882649003044428
065680,2024-06-30,0.06383626681647034,0.03155542768422715,0.023197111200508012,G4,1.0828250877751042
065710,2024-06-30,0.07013273643247409,0.009264377837302927,0.0316434368633457,G5,4.367857084263567
066310,2024-06-30,-0.16051622656225903,0.016509829417233512,0.005777323562805791,G3,-11.51940942698386
066360,2024-06-30,-0.32147326750410793,0.022322573428150735,-0.012550275446197549,G1,-15.730288745553182
066410,2024-06-30,,,-0.05430646421080394,G1,
066570,2024-06-30,-0.04410215397763778,0.023526801599770376,0.014204195594691157,G4,-3.1355478444156173
066590,2024-06-30,-0.06957815086621227,0.024356370170691453,0.010273308779842392,G3,-4.0747208321768955
066620,2024-06-30,0.09997933544228521,0.01687715634251782,0.035150397599478855,G5,4.166109263361815
066670,2024-06-30,-0.16237534823945793,0.0286079258187471,0.007657576058325274,G3,-6.712916117047756
066700,2024-06-30,-0.04592229226839106,0.024904771228794836,0.0065967153745975894,G3,-3.0351433321142385
066790,2024-06-30,-0.15282966878425733,0.06675940117197428,0.006478778079080844,G3,-2.733651345653262
066900,2024-06-30,-0.3395560710078577,0.019843010924796713,-0.043478695641123104,G1,-18.607222990084423
066910,2024-06-30,-0.20150343779596505,0.03561701491171107,0.0026196222181938404,G2,-6.490456778411011
066970,2024-06-30,-0.10819344068406692,0.04663059526199727,-0.03140435542735185,G1,-2.9564430386102307
066980,2024-06-30,-0.3502601618868393,0.03375411624085583,-0.05040376250071283,G1,-11.255735959441088
067170,2024-06-30,-0.19815402905803128,0.019613511856261853,-0.0003498936962061915,G2,-11.615527540001088
067290,2024-06-30,0.044062384105383795,0.040805568867443374,0.023101484160959185,G4,0.3527735659715995
067390,2024-06-30,-0.15276114287558482,0.027283879680993522,-0.007914252126016869,G2,-6.686307192125029
067570,2024-06-30,-0.002843039603048129,0.018808262839921465,0.02374126008199158,G4,-1.7285114496889915
067630,2024-06-30,0.35780270263357794,0.05250704448577156,-0.29134119768223166,G1,6.249360400735953
067770,2024-06-30,-0.012599989543222,0.033865848757923575,0.021195769178842444,G4,-1.2480787919968745
067900,2024-06-30,-0.18018830702347227,0.022120882267886482,0.025185801148495605,G5,-9.486762894292047
067990,2024-06-30,-0.034347397127943,0.01553311673279047,-0.0009947882372433534,G2,-4.121172607769304
068100,2024-06-30,-0.08468398823543927,0.04041932403333104,-0.08581276530829983,G1,-2.8291231739961256
068270,2024-06-30,0.13108282789471587,0.023490274162054892,0.0051769766744405345,G3,4.317342962051153
068400,2024-06-30,,,0.0034823938468416596,G3,
068420,2024-06-30,,,-0.008138126973224082,G2,
068940,2024-06-30,,,0.018108871106247558,G4,
069080,2024-06-30,0.053980678614407,0.030728238657111575,0.025438984027364126,G5,0.7912402927222099
069110,2024-06-30,,,-0.11172229780311144,G1,
069140,2024-06-30,-0.16484466256678085,0.0225369402895939,-0.004932438680740159,G2,-8.630804276528611
069260,2024-06-30,-0.030062015464169218,0.012226361778414586,0.025141273483377875,G5,-4.885285959240651
069410,2024-06-30,-0.21069445462260455,0.03652031318238287,-0.02300680177509484,G1,-6.581589579660817
069510,2024-06-30,0.11960412952963789,0.0214540619463995,0.06017931615087338,G5,4.192067296618173
069540,2024-06-30,-0.6583072891924205,0.06943640783514073,-0.05883936864757456,G1,-9.907980103036998
069640,2024-06-30,-0.09182315599453884,0.04811286171014507,-0.022094011987690853,G1,-2.5251130309182486
069960,2024-06-30,0.013065307781327508,0.01708334927927969,-0.016899362269918044,G1,-0.9718205728735541
070300,2024-06-30,0.6840628101095952,0.108354414220212,-0.011963922938755901,G1,6.039399102976377
070590,2024-06-30,-0.12283539081419953,0.022235544191769287,-0.037897313176002694,G1,-6.858507602218526
070960,2024-06-30,0.26958718260579934,0.03564460076069227,-0.0031088995739544756,G2,6.730891058425299
071090,2024-06-30,-0.03844733768769518,0.033367854136520825,-0.014106403357767982,G1,-2.041323828422651
071200,2024-06-30,-0.13987134185292519,0.020445087140984322,0.06341722915112104,G5,-8.292388227467292
071280,2024-06-30,0.050525308676473875,0.04550392707906701,0.028432431166653182,G5,0.45837913232664723
071320,2024-06-30,0.0041952891125898095,0.030903583244057037,-0.005274574238367981,G2,-0.8242399837832634
071460,2024-06-30,,,-0.24428198074448407,G1,
071670,2024-06-30,-0.17473230978243381,0.0328799611603046,0.000987998272044036,G2,-6.216539212148399
071850,2024-06-30,0.5863031690156799,0.046517969957468416,-0.0017019301078557243,G2,11.966040466944246
071970,2024-06-30,0.11239955689053252,0.05207725859530422,0.022346250045418133,G4,1.588645429071728
072130,2024-06-30,0.2033586715371086,0.021959720806107894,0.022097774245562307,G4,7.909545617915224
072470,2024-06-30,-0.1539016475242497,0.024296240345756594,0.010777848338824383,G3,-7.555444915609202
072710,2024-06-30,-0.13876830252757547,0.011320813416091285,0.017403524160766758,G4,-14.878397373167465
072770,2024-06-30,0.07092443091994323,0.03511492643852926,0.005082828632749884,G3,1.1749183905496774
072950,2024-06-30,-0.05774971519314247,0.025861224395162256,0.01579479312980516,G4,-3.3802333532982796
073110,2024-06-30,-0.12694497937111898,0.02017089861288325,-0.009952103250650575,G2,-7.764266750892601
073240,2024-06-30,-0.3456591764743369,0.02536417681453326,0.023739507038052242,G4,-14.797501108878766
073490,2024-06-30,-0.26095056774886216,0.02516180480064726,-0.011459543437294797,G2,-11.54995947690932
073540,2024-06-30,-0.19026357513834938,0.023308793628784564,0.003364096993439206,G2,-9.435530500011286
073560,2024-06-30,-0.05866976813061621,0.01846324088733956,0.032097287496201325,G5,-4.784481052603607
073640,2024-06-30,,,-0.03905895165610471,G1,
074600,2024-06-30,-0.35920255037923304,0.031722182099690466,0.018670529042604765,G4,-12.258608415451457
075130,2024-06-30,0.06067257948361707,0.056340758120437956,-0.004017426684020682,G2,0.5503177886392974
075180,2024-06-30,0.028995510392432818,0.011812293195726822,0.016794331192423916,G4,-0.05686852340630225
075580,2024-06-30,-0.2680516959462842,0.037249236911399065,0.010043779173996107,G3,-7.99261887482296
075970,2024-06-30,-0.22771633675441555,0.025993464399080263,0.004465265787073491,G3,-9.901858054289937
076610,2024-06-30,-0.09533853568840878,0.02852035176707455,-0.03448979828703186,G1,-4.3830382869694615
077360,2024-06-30,-0.33169994341953307,0.03411130114382897,0.010413646887868236,G3,-10.593767735811614
077500,2024-06-30,-0.1563777809741976,0.031765416564244704,0.015883038284865755,G4,-5.856842414216184
078070,2024-06-30,-0.09135149745260171,0.01116427132966161,0.009526777922072596,G3,-10.839825721145914
078130,2024-06-30,,,-0.004296760243688649,G2,
078140,2024-06-30,0.8465225116759856,0.079772941404913,0.009393310600299984,G3,10.239753470606782
078150,2024-06-30,-0.2432777081626631,0.0554848044503268,-0.060844480706530334,G1,-4.919274185629243
078160,2024-06-30,-0.12025407687201131,0.024430429556513356,0.004785901964429419,G3,-6.136663892451173
078520,2024-06-30,-0.1680835870748327,0.035959724018876676,0.026226122946387726,G5,-5.499231446702472
078600,2024-06-30,-0.19093655853901603,0.04173047612042064,0.01535576228785728,G4,-5.286395869698227
078860,2024-06-30,0.3581944225727732,0.051768875281200784,-0.027983323046150255,G1,6.3460363533831226
078890,2024-06-30,-0.21575323264680407,0.02663509012495588,-0.03344128387144003,G1,-9.21417909832309
078930,2024-06-30,-0.08184998872468,0.02240452664476241,0.022049696638434525,G4,-4.977442664037087
078940,2024-06-30,,,-0.07008557935058325,G1,
079190,2024-06-30,0.008086051483975634,0.06891026856747823,-0.011761226983037937,G1,-0.31317838442913276
079370,2024-06-30,-0.2160010741496917,0.041867165464047486,0.015202853378991769,G4,-5.867804268363239
079430,2024-06-30,-0.10880950070539068,0.03341188143703716,0.008234537816757625,G3,-4.144536398851366
079550,2024-06-30,0.0035330225234082983,0.038588226410030055,0.009109531225234129,G3,-0.6772593086660978
079650,2024-06-30,-0.0795006257703576,0.02916335964112865,0.005903671802728926,G3,-3.7433233063078193
079810,2024-06-30,-0.19585772373733748,0.043875964117787485,0.0074153459379611925,G3,-5.140057576772994
079950,2024-06-30,-0.13209118419435842,0.023808757637736228,-0.06305919861686621,G1,-6.794073202815582
079970,2024-06-30,7.0523046339476725,0.939560655127195,-0.41095874999433457,G1,7.474384264135083
080000,2024-06-30,-0.12770015293067707,0.03350178184399611,0.02698530904706212,G5,-4.69728481093895
080010,2024-06-30,-0.0781179623045079,0.01725490899365347,0.028425892903860887,G5,-6.246640907156827
080160,2024-06-30,-0.33136353749746356,0.024579374443836784,-0.021823792955933605,G1,-14.688363871380266
080220,2024-06-30,-0.29328471937268424,0.04157784341479303,0.0312286726037486,G5,-7.767405688056848
080420,2024-06-30,-0.09713155570764107,0.016687375490070787,0.009558456755478194,G3,-7.598487482204987
080520,2024-06-30,-0.11891483936749964,0.021414995348200305,0.00988543470076262,G3,-6.938226930061063
080580,2024-06-30,-0.07642332563262282,0.051066866160666115,-0.0077877965515045534,G2,-2.0774837320809483
081000,2024-06-30,-0.15236475197533336,0.028948423655027956,0.007814897159769,G3,-6.288149303363983
081580,2024-06-30,0.2751486836153824,0.03981670585192941,-0.008151122853521623,G2,6.165287165235718
081660,2024-06-30,0.06846471022026691,0.022895406039995975,0.02407536192957576,G4,1.6945518279071157
082660,2024-06-30,-0.0187473998426287,0.03970389923420641,-0.02602801629914226,G1,-1.219393027912829
082800,2024-06-30,0.29926350866501283,0.04295187367275633,-0.0050708926856855565,G2,6.276705241184792
082850,2024-06-30,0.6116009529738834,0.07063383266147276,0.01608434500831966,G4,8.238738759914174
083310,2024-06-30,-0.34513413349416266,0.033050915950916776,0.008888755527591111,G3,-11.34012116684719
083450,2024-06-30,-0.15448007491570304,0.04608727756814986,0.06629663946224763,G5,-3.995621843965899
083470,2024-06-30,-0.23753212896448742,0.02051313426028259,0.041708376679239025,G5,-13.025770886039265
083500,2024-06-30,-0.37326340190778856,0.03761357551628039,0.04388513789525345,G5,-10.712373244014067
083650,2024-06-30,-0.21497094926313678,0.035103153941207006,0.004413413155608981,G3,-6.9691232798451255
083930,2024-06-30,-0.24373185715421467,0.02545366840470863,0.006410977829562993,G3,-10.741049614999902
084010,2024-06-30,0.06609580980860143,0.021493043672589182,0.018973623987424398,G4,1.6948996288759184
084370,2024-06-30,-0.20638863737995258,0.044844410456036425,0.029852200132137647,G5,-5.263886692766047
084440,2024-06-30,0.17062593697028006,0.046388779294226565,-0.05686072583939589,G1,3.038637382797165
084650,2024-06-30,0.55345943844812,0.06805079994337129,0.003144126160552091,G2,7.697076019965663
084870,2024-06-30,-0.015091571969192197,0.019465088246631655,0.020202831660611584,G4,-2.299441413601278
085310,2024-06-30,-0.15946064294186377,0.017891604819967807,-0.019766678330243845,G1,-10.570762260258785
085670,2024-06-30,0.06120851744809533,0.0470007237884078,0.02945053057120877,G5,0.6710802907115765
085910,2024-06-30,0.012617417700649496,0.0148119230125206,0.02077110173153262,G4,-1.151088913266312
086040,2024-06-30,-0.13161700398576057,0.026407245561594517,-0.024424629062717126,G1,-6.1075761072499395
086060,2024-06-30,-0.08934066306992967,0.020386041060648206,0.009608735378606792,G3,-5.8377161500067025
086280,2024-06-30,0.12934889786012174,0.0262203976938389,0.02682211930528028,G5,3.801682985877372
086450,2024-06-30,-0.07821445117858253,0.023240122117113383,0.01941056454741978,G4,-4.6420457129895
086670,2024-06-30,-0.21200685603815503,0.02171541188150486,0.0003793516641588619,G2,-11.129151748141897
086710,2024-06-30,-0.4063835937284921,0.04146929342965562,0.031178937951292635,G5,-10.515029693782495
086900,2024-06-30,0.288938892153701,0.04067574034327971,0.022605029153580557,G4,6.374109774058993
086960,2024-06-30,-0.2300397930306587,0.041154217761963555,0.019232531504752206,G4,-6.310581641894476
086980,2024-06-30,0.11543298398052071,0.0215629638554197,0.03729865709119051,G5,3.97745534848856
087260,2024-06-30,-0.058504921861034447,0.03967817101212606,-0.015558238276579001,G1,-2.2221835754123904
088260,2024-06-30,0.0781341449331821,0.010283595556110048,0.0036554238518066292,G3,4.713029271154985
088800,2024-06-30,-0.004005614865156049,0.0729017035146716,-0.05023712052566994,G1,-0.46189418499521673
088910,2024-06-30,-0.2106243937946462,0.017452674956890145,-0.0030504322097199203,G2,-13.768184673851245
089030,2024-06-30,-0.4312599442241112,0.058031466770157865,-0.005663924676638029,G2,-7.942711565678618
089140,2024-06-30,-0.009524672708812824,0.03435260844786703,-0.013321301219517325,G1,-1.1408720485609116
089230,2024-06-30,-0.2506127849977914,0.02013447669698394,-0.04071896561869052,G1,-13.920403657885592
089530,2024-06-30,-1.8202470517987759,0.13991574195667933,-0.0335249319884893,G1,-13.221630990143067
089590,2024-06-30,-0.1241768684616589,0.01755947392109954,-0.011302295872502638,G2,-8.761317521096988
089600,2024-06-30,-0.019851689817711786,0.019916958782998415,0.01709386243513993,G4,-2.4862705406860828
089850,2024-06-30,-0.33684325745631727,0.0244638891354491,0.02744694918624407,G5,-14.981694590405324
089860,2024-06-30,-0.01951905996978238,0.017774679232782028,0.005888468030989783,G3,-2.767212695663371
089980,2024-06-30,-0.2014849753821488,0.02928933623772466,-0.010177405251449426,G2,-7.892027035728481
090080,2024-06-30,-0.09018212134868261,0.02552896949664117,0.006701065910444944,G3,-4.69464227410226
090120,2024-06-30,,,-0.0021313248611301776,G2,
090360,2024-06-30,-0.17649538793630454,0.030847661710204446,0.016858189362833523,G4,-6.683250352574431
090370,2024-06-30,-0.016558911113629674,0.032976448176369855,-0.006984322308736776,G2,-1.401793453646423
090410,2024-06-30,-0.08214408181195294,0.023058533160106268,0.04447146795862393,G5,-4.849022229649657
090430,2024-06-30,-0.05073347245716939,0.04715947194099125,0.07544156742676864,G5,-1.7048691856068214
090460,2024-06-30,-0.22298213894014082,0.043436455090415674,0.025647826407801954,G5,-5.816528915141706
090470,2024-06-30,-0.24757036146955105,0.033520568279887634,-0.018669338569823266,G1,-8.270671822124505
090850,2024-06-30,-0.11594798372445755,0.017369104919227323,0.03166640991200481,G5,-8.383577764435053
091120,2024-06-30,0.00488512439180195,0.04420778810345503,-0.023217073142746073,G1,-0.5605829817750446
091440,2024-06-30,-0.4986004796411061,0.048393676930345464,-0.09750985561214175,G1,-10.916048773602686
091580,2024-06-30,-0.21810489759609275,0.029625983159303235,0.007311609460028593,G3,-8.36333951613696
091590,2024-06-30,-0.03267892397874832,0.015174029041257843,0.034468350880406375,G5,-4.108742765269961
091700,2024-06-30,-0.06742723941218261,0.018155974236292192,0.020319582223862324,G4,-5.347798813385369
091970,2024-06-30,0.1769810257801663,0.036933887775987426,0.01935097759739295,G4,3.988580043594172
092040,2024-06-30,-0.017953085339620072,0.03377274924142505,-0.016395168315157506,G1,-1.4100227098398588
092130,2024-06-30,-0.0049749162599581915,0.009596053484659252,0.1965419838515298,G5,-3.610043897718482
092190,2024-06-30,0.30125772939586815,0.047713724725135534,0.05170780441205216,G5,5.692082789509797
092200,2024-06-30,-0.3508975181148716,0.02647831097489691,0.0076067492413891165,G3,-14.372698339413976
092220,2024-06-30,-0.2608870458382978,0.030057042340633687,0.0028704881433974584,G2,-9.666762970554082
092230,2024-06-30,-0.008725202905297305,0.010562024225741625,0.028875441996903582,G5,-3.634952936033211
092300,2024-06-30,-0.1855245582725655,0.02569275931586914,0.015250868498138117,G4,-8.375582151044725
092440,2024-06-30,-0.11513761361717018,0.014356211711040717,-8.112987111383649e-05,G2,-10.086565634186307
092460,2024-06-30,-0.043007591915769985,0.031359285779637876,0.020242560250590146,G4,-2.3174905988284698
092600,2024-06-30,-0.13677440105751182,0.032064977807634544,-0.07951683389298346,G1,-5.1907617126870065
092730,2024-06-30,-0.09368336575186342,0.02504501965120582,0.04166367629160965,G5,-4.925155800803721
092780,2024-06-30,-0.1331584091742704,0.03337691642311824,0.014124127137821279,G4,-4.8783915558480615
092790,2024-06-30,-0.16964614473181058,0.036675823781680245,0.05616435484735818,G5,-5.434462876219968
093050,2024-06-30,0.0885388897545881,0.01622736295709692,0.008259716262584035,G3,3.6279235169461033
093190,2024-06-30,0.020169182736696538,0.02205855827809502,0.016732792671632975,G4,-0.4305845925230536
093230,2024-06-30,,,0.003209759262246748,G2,
093240,2024-06-30,0.6735179807092679,0.06636142574580725,-0.0061988196250600276,G2,9.702183390558492
093320,2024-06-30,-0.07377957962798985,0.028713398831585604,0.019575369769647542,G4,-3.602737464110704
093370,2024-06-30,-0.07667463620050377,0.03230991256075995,0.004555183102819551,G3,-3.291308636785697
093380,2024-06-30,-0.13173861070951137,0.012475608268928719,-9.925054960305558e-05,G2,-12.937715363828703
093520,2024-06-30,-0.07886727322096171,0.03174612216515593,0.021273810562183207,G4,-3.418827997978402
093640,2024-06-30,-0.2635811142369372,0.029629183307177967,-0.02452138702605932,G1,-9.897281651715689
093920,2024-06-30,0.020367898213959797,0.009256300109258715,0.024173907819798886,G4,-1.0046519387648776
094280,2024-06-30,-0.04366217359966722,0.013705367275031346,0.02310462803209379,G4,-5.3504171170790915
094360,2024-06-30,-0.21348067657376854,0.042321634482145015,0.019885270050201378,G4,-5.745239701006015
094480,2024-06-30,0.5357947693773353,0.07117367300279867,0.006985595499891604,G3,7.111161893990175
094820,2024-06-30,-0.2134073561308436,0.03263759922793319,0.021661915768251952,G4,-7.447686715489848
094860,2024-06-30,0.0662659446214392,0.05211404615825003,-0.03318073766396534,G1,0.7022806566541993
094940,2024-06-30,-0.08239312847888829,0.02824269255535547,0.0035014756315752084,G3,-3.9677656910284624
094970,2024-06-30,-0.42028141353250625,0.050429893325752644,0.025683280724361116,G5,-8.922261022655197
095270,2024-06-30,-0.21303470806210342,0.043309085757342894,-0.012472062532377936,G1,-5.603950346272787
095340,2024-06-30,-0.07831495294983487,0.03831539765976488,0.035662661568945674,G5,-2.8182458648404802
095610,2024-06-30,-0.3965537831137886,0.031117050929522373,0.04591918448950009,G5,-13.69734690294595
095660,2024-06-30,0.06136549744379089,0.020744637891118058,0.010130175145508359,G3,1.5280208575174299
095910,2024-06-30,-0.1590061153628932,0.02998333482493952,-0.00206782353769417,G2,-6.292608028059464
096040,2024-06-30,,,-0.007417662744215765,G2,
096240,2024-06-30,-0.06282390101396551,0.010777477156117283,0.009218276501304131,G3,-8.581893307561664
096250,2024-06-30,,,-0.007259483365964865,G2,
096350,2024-06-30,-0.0726764077970646,0.01933799166910275,0.010238409492580142,G3,-5.292362703056707
096530,2024-06-30,0.30389340122865754,0.055784036115058326,0.02273819542056126,G4,4.915853392152042
096610,2024-06-30,,,-0.00015878402877674317,G2,
096630,2024-06-30,-0.4061718613625358,0.036351205923431,-0.06030883705150924,G1,-11.989674299804227
096690,2024-06-30,-0.23194725142874598,0.020512744917306272,0.0012709980928971752,G2,-12.753754338969143
096760,2024-06-30,0.01422748434502049,0.029082180602000508,0.03536295670569305,G5,-0.5309015142569313
096770,2024-06-30,0.03161909551692452,0.027355908725896487,-0.006107303815384014,G2,0.07134975744968383
097230,2024-06-30,-0.27084858882410107,0.03047856074078364,-0.0149563467259321,G1,-9.859909378414125
097520,2024-06-30,-0.18806241104935748,0.025228691250246484,0.018663877216886723,G4,-8.630240346365426
097780,2024-06-30,-0.09981289540765471,0.016559687972009723,-0.013712927313492222,G1,-7.818997175008775
097870,2024-06-30,-0.03833164541969521,0.022406089730900285,0.010967747097027391,G3,-3.0348402733759428
097950,2024-06-30,-0.2231839153898685,0.021219771458703827,0.006792879224901773,G3,-11.915829251340561
098120,2024-06-30,-0.2992301639966716,0.03801611098090102,0.02603882658045036,G5,-8.651527301843766
098460,2024-06-30,-0.15262103111256722,0.028434271192803732,0.025061195466150273,G5,-6.4108655340959695
098660,2024-06-30,0.4586996328783953,0.049216372052462376,0.014514888902532585,G4,8.717269415074938
099190,2024-06-30,-0.02672899966840194,0.04471347661352223,-0.00033264255013378555,G2,-1.2612809829209908
099320,2024-06-30,-0.39226757077687924,0.03512035303189911,-0.0037943411579335596,G2,-12.013968893141833
099390,2024-06-30,-0.0107295488166406,0.019812252930444925,0.01337170764025753,G4,-2.0389809792444193
099430,2024-06-30,-0.03491767509886651,0.03396680487983518,0.03855385543602563,G5,-1.901413258970504
099440,2024-06-30,-0.04624837785769426,0.029769535796748393,0.03535582818939309,G5,-2.5501115113290527
099520,2024-06-30,,,0.037235252638282756,G5,
099750,2024-06-30,-0.016210460783255984,0.016070701542328217,0.028887666905192705,G5,-2.854742758238396
100030,2024-06-30,-0.14700508831215428,0.020028538684957152,0.020724172855428227,G4,-8.821030288613308
100090,2024-06-30,0.09386625303195713,0.03197261131060687,0.0023389565835832565,G2,2.007937179223865
100220,2024-06-30,0.05600520165947569,0.023757669210104616,-0.017101457400446985,G1,1.1086080609185986
100250,2024-06-30,-0.0324101943848961,0.007288843909656986,0.020019468940848096,G4,-8.516776215658263
100700,2024-06-30,-0.016809829913714477,0.021351987844232846,0.02492982196020115,G5,-2.1767101179192556
100840,2024-06-30,0.17273146997450886,0.04872454413844863,0.023569756293114925,G4,2.936183692216435
101000,2024-06-30,-0.1901946931653441,0.04893142289870035,0.013520955978287378,G4,-4.49326707063121
101160,2024-06-30,-0.10252952001839358,0.03510863895947423,0.07171804746507919,G5,-3.765363226854335
101170,2024-06-30,-0.16307895968006925,0.035402895334653725,0.015727049018590414,G4,-5.444363121225226
101330,2024-06-30,-0.0787350610164354,0.023582050868315923,0.015503927565660236,G4,-4.596814742122254
101360,2024-06-30,0.08410981621809982,0.04685769959910295,-0.003113357521268887,G2,1.1618700580560715
101390,2024-06-30,-0.46146356811258715,0.06360640831628105,-0.050465814833896006,G1,-7.721404795173613
101490,2024-06-30,-0.2805395317939703,0.03525010858216999,0.035141925707911525,G5,-8.800165512550887
101530,2024-06-30,-0.22095162129456056,0.02979883424472028,0.01591876129713164,G4,-8.41035851607118
101730,2024-06-30,0.08915188875473085,0.042937543251080984,-0.007441843088535646,G2,1.3853757384853909
102120,2024-06-30,-0.27780361877961746,0.049116379655433154,-0.008856172880986689,G2,-6.260047646042693
102260,2024-06-30,-0.010824383704851512,0.015247603607674694,0.016971563463358978,G4,-2.6556069275690417
102280,2024-06-30,,,-0.018727387817761777,G1,
102370,2024-06-30,0.45262163888473883,0.06407540583390609,-0.008334880409581339,G2,6.600884931054352
102460,2024-06-30,0.04117549150362641,0.02673223404758669,0.0003739254446205839,G2,0.4305002499463464
102710,2024-06-30,-0.21471393643406048,0.03260499416505951,0.021024271031393905,G4,-7.495207429310409
102940,2024-06-30,-0.07387869217937672,0.03797907795691421,-0.1664414748828752,G1,-2.726394525990381
103140,2024-06-30,0.004054934478916647,0.034160126159665134,0.03812202766961136,G5,-0.7497725115500726
103160,2024-06-30,,,0.0018876933611336904,G2,
104830,2024-06-30,-0.21306687986383677,0.027732777011027887,0.032914289323741304,G5,-8.752608432679862
105330,2024-06-30,-0.3945451231563092,0.027340239059051964,-0.0028501504609268987,G2,-15.516045061075449
105550,2024-06-30,0.03625180692183523,0.028051858598736105,-0.011865386530231652,G1,0.23472772166389677
105740,2024-06-30,-0.1299600715044009,0.03804812997783735,0.005298268260163596,G3,-4.195405389486902
105760,2024-06-30,-0.24722668972861467,0.034822827176507774,0.032499204819257534,G5,-7.951506820213878
106080,2024-06-30,-0.003798968543944306,0.06512381711674613,0.003644881076701831,G3,-0.5138861339848401
106520,2024-06-30,,,-0.097915262071014,G1,
108230,2024-06-30,-0.31435739812247415,0.02639161277430965,0.009131650718003207,G3,-13.035378289646387
108380,2024-06-30,-0.11425682569245324,0.02770218119005464,0.016995933408484182,G4,-5.195406194536029
108490,2024-06-30,-0.16005873560904052,0.03091588583063002,-0.016314813322779596,G1,-6.13684481541153
108860,2024-06-30,-0.2112540556428749,0.043984900813341964,0.005547690037929467,G3,-5.477364032939054
109070,2024-06-30,,,0.02581347082717962,G5,
109670,2024-06-30,-0.35049380576643563,0.05163769838920587,0.003375522219367597,G2,-7.36208382034353
109740,2024-06-30,-0.14955869805476346,0.01616037868419333,-0.012780831553034831,G1,-11.090455219009362
109860,2024-06-30,-0.0275922186553346,0.011503100638512039,0.02130989576514208,G4,-4.977742829454842
109960,2024-06-30,-0.14593324343364186,0.037949072610505855,-0.06711584499994097,G1,-4.627267266856597
110790,2024-06-30,-0.20186125324879325,0.02048118858762191,0.003855027139773438,G3,-11.304447020874406
110990,2024-06-30,-0.44213089389256593,0.038985918026955155,0.03916670505610454,G5,-12.101758168959297
111110,2024-06-30,0.04845004700833681,0.01632450360626758,0.012904880533594442,G4,1.1505886731287374
111380,2024-06-30,-0.12314554213411062,0.03073296594081819,0.02959055174493649,G5,-4.972276365805208
111770,2024-06-30,0.16658818184424098,0.024770022689472235,0.03818725069536542,G5,5.527686651571742
111870,2024-06-30,,,0.03722905761186938,G5,
112040,2024-06-30,-0.19504985706185374,0.0317979662438827,0.00405474962062535,G3,-7.067027916277538
112240,2024-06-30,,,-0.00019564799986262552,G2,
112610,2024-06-30,0.39138855673692874,0.04458705091596947,0.0346941618250126,G5,8.112698445881227
113810,2024-06-30,-0.1426966643032015,0.01733295625813679,0.027528061819861137,G5,-9.944288775713204
114090,2024-06-30,-0.010968715478178804,0.018384531008198826,0.024483388343077086,G4,-2.2103350650921016
114190,2024-06-30,-0.19029448691592618,0.03676771655388479,-0.0034441497548066634,G2,-5.98246955744663
114810,2024-06-30,-0.24232777934730226,0.03502736657699944,0.06804753220489117,G5,-7.765215144390063
114840,2024-06-30,-0.24806168015582394,0.04611100657176325,0.05533715315499365,G5,-6.023050869386387
115160,2024-06-30,-0.10630139848253094,0.0325361130509557,-0.037121618567392954,G1,-4.179007379710748
115180,2024-06-30,0.2992131579002291,0.047752228510388836,-0.1358619685556871,G1,5.6446768715112725
115310,2024-06-30,0.009131125897944804,0.014764230812638147,0.025321146155992034,G5,-1.3909381685493856
115390,2024-06-30,-0.014901950939380999,0.0014569924329011887,-0.011729596772713126,G2,-30.589869924821866
115440,2024-06-30,0.04249056920092738,0.024220693122929272,0.0812324565774733,G5,0.5294361755598017
115450,2024-06-30,0.379620099398366,0.050941607193091085,-0.10557113023035514,G1,6.869685913272717
115480,2024-06-30,0.10606443876092547,0.02092999165439471,0.007548822911214245,G3,3.6501295345890927
115530,2024-06-30,0.5186702683959373,0.05125414713370549,0.022202018481820674,G4,9.540750118342045
115570,2024-06-30,0.4193203567235866,0.05713217739908346,0.01935712751597389,G4,6.820203892059634
115960,2024-06-30,,,0.007045845216820113,G3,
117580,2024-06-30,0.03692524148277609,0.035721420766620465,-0.00883617363770503,G2,0.20318294352508304
117670,2024-06-30,,,-0.029402353616270926,G1,
118000,2024-06-30,-0.2860161235254203,0.01905368383572641,-0.07247218950213406,G1,-16.568102226930918
118990,2024-06-30,-0.03867804728972326,0.03519340658977906,0.01601788605321952,G4,-1.9419917529122726
119610,2024-06-30,,,-0.011213166973477495,G2,
119650,2024-06-30,-0.49364679834540826,0.09020690004614387,-0.17860778962784446,G1,-5.80126416207886
119850,2024-06-30,-0.2701177180559533,0.0383681721077915,0.0696533563412486,G5,-7.81337654757839
119860,2024-06-30,0.00010031962654099896,0.0018910121684071746,0.0032822525134609064,G2,-15.635509348879417
121440,2024-06-30,0.04869092031491027,0.02555145879365081,0.01647229925344212,G4,0.744523528148666
121600,2024-06-30,-0.16254463365357133,0.04372035799396297,0.002106831334247937,G2,-4.396393363124534
121800,2024-06-30,,,-0.005578249215108961,G2,
121850,2024-06-30,-0.1727755211119575,0.0275895491712166,-0.006534961612160379,G2,-7.337661732714228
122310,2024-06-30,-0.0177709258301163,0.015494694920377614,0.008874616721841751,G3,-3.0615758579567
122350,2024-06-30,-0.1535736807181825,0.032740857976916164,0.001941499135463684,G2,-5.596705465442966
122450,2024-06-30,-0.1587992554741444,0.01583693581709664,0.025454459110942646,G5,-11.900440572298269
122640,2024-06-30,-0.13715747325131325,0.03978377672851442,-0.020204812760582707,G1,-4.193285430245748
122690,2024-06-30,-0.2723293228967675,0.028259801958556943,0.009670165413768398,G3,-10.68643656470637
122900,2024-06-30,-0.027603954889787403,0.009429714664351057,0.009634633471961711,G3,-6.073483132084236
122990,2024-06-30,-0.21960794282612298,0.020575778913110347,0.016756168400946028,G4,-12.114982472513226
123010,2024-06-30,-0.16948238753059885,0.021782857026356132,-2.5103392443787042e-05,G2,-9.142494272177162
123040,2024-06-30,-0.18923633680334068,0.024223359210350667,0.004549454993104309,G3,-9.036880185235376
123330,2024-06-30,1.8983251811347734,0.07877549926289343,0.027086292305577492,G5,23.721308535717192
123410,2024-06-30,0.09337399609399571,0.04379382610751732,0.03032835442576178,G5,1.4546967847265615
123420,2024-06-30,-0.00900871823335831,0.03706886149423587,0.0010749982345386823,G2,-1.0433548465978233
123570,2024-06-30,-0.09475385296005334,0.03278909142781149,0.012727688418920007,G3,-3.7945885538943696
123690,2024-06-30,-0.1093007065954614,0.027335191497740857,0.001280310255228767,G2,-5.0838482207619675
123700,2024-06-30,-0.043749145440134314,0.017647099871151067,0.030489608259136308,G5,-4.160253188381922
123750,2024-06-30,-0.09566564643548223,0.02375459989459744,0.012012972765849238,G3,-5.276153042194707
124500,2024-06-30,0.41753481078077026,0.03840638030892217,0.020627241033059095,G4,10.09903952406962
124560,2024-06-30,-0.0655276664405493,0.033366673241270434,0.013357369951514092,G4,-2.85299417825452
125210,2024-06-30,-0.26497131496984283,0.03672043237452188,0.006064050368684846,G3,-8.023831801032687
126340,2024-06-30,-0.2713057588980939,0.027388374425325185,0.008348078095417034,G3,-10.989079245400907
126560,2024-06-30,0.24702395169923874,0.023374352843445294,0.008363624939408272,G3,9.298939529599616
126600,2024-06-30,-0.13725817318801747,0.021833877578916208,0.006828654397129048,G3,-7.645249024100256
126730,2024-06-30,-0.006559282361521104,0.04974703160837621,0.020340835833187066,G4,-0.7282151166570819
127120,2024-06-30,0.16044037481918136,0.032543743658761635,-0.07280022670411795,G1,4.01837963468157
127710,2024-06-30,0.13297913189490815,0.019682154421927174,-0.021801917228518167,G1,5.249012461526876
127980,2024-06-30,-0.05812432261255041,0.03298671599412403,0.01813145489722609,G4,-2.6614222735208
128540,2024-06-30,-0.605938430111526,0.03746773775432524,-0.01188296535373709,G1,-16.964079666183434
128660,2024-06-30,-0.15366186621933892,0.02118612195387004,0.029121598642913332,G5,-8.653264843987483
129260,2024-06-30,-0.0717399571171415,0.016778059738873478,0.01857411191488108,G4,-6.044037079371274
129920,2024-06-30,0.05626521241544847,0.05062899360441685,0.009628382556371665,G3,0.525350248096023
130500,2024-06-30,0.18906587811328135,0.045458160577147064,0.01646032927255983,G4,3.506490760404829
130580,2024-06-30,-0.07158010438679271,0.01359966621930577,0.08813786760508427,G5,-7.444841720275489
130660,2024-06-30,0.18992852573921115,0.07178129431173587,0.06522813559417737,G5,2.2326327382549462
130740,2024-06-30,0.0425244042438587,0.024263671942546902,0.03182126012523114,G5,0.5298928459709878
131180,2024-06-30,0.0268789455061411,0.02310860124622335,0.024738648077289916,G5,-0.12066124334681266
131220,2024-06-30,-0.07059863989212711,0.02430721568748282,0.016756662545565095,G4,-4.124943771666777
131370,2024-06-30,-0.1102289296368717,0.028479499935849018,0.029918563928011583,G5,-4.912171492354446
131400,2024-06-30,0.04268249683046198,0.051139577424272525,-0.015702203141641082,G1,0.2545042298251061
131970,2024-06-30,-0.1403256112029846,0.03725575015733894,0.015272998232285067,G4,-4.562862606432155
133750,2024-06-30,0.03691429056436592,0.03660966312156994,0.013463852090061807,G4,0.1979540886728331
133820,2024-06-30,-0.1693132991544029,0.0249501322940338,-0.009844062034777576,G2,-7.975130346964142
136410,2024-06-30,0.10458455967221372,0.028012349278689497,0.009923259793683827,G3,2.6744383651067505
136480,2024-06-30,-0.1755433961761596,0.014534889472912736,-0.01968540869104424,G1,-14.118487424559156
136490,2024-06-30,0.009729724977379,0.02012538896976349,0.007182729702890541,G3,-0.990665726614844
136540,2024-06-30,-0.1293308027514095,0.01797197862532424,0.02218654576057433,G4,-8.846998103585664
137080,2024-06-30,-0.28086202249065334,0.02093080205902823,-0.03395779458246128,G1,-14.83599528003881
137400,2024-06-30,-0.14821059006711468,0.033421065304257605,0.018404458301331705,G4,-5.322327296041351
137940,2024-06-30,0.4924423854506038,0.04817038022112688,-0.0001988655733832792,G2,9.607047427521048
137950,2024-06-30,-0.03744343553249445,0.030510401041423413,-0.003307916487197332,G2,-2.1996005069187916
138070,2024-06-30,-0.11272526799140871,0.03620526864588127,0.006628286995376942,G3,-3.932922786698434
138080,2024-06-30,0.05023208324447151,0.030893333880809344,-0.06793965429070434,G1,0.6656719297210612
138580,2024-06-30,0.1439596488580139,0.027265210467606896,0.019292983713790162,G4,4.19187634473923
139050,2024-06-30,,,-0.06139444972753798,G1,
139670,2024-06-30,-0.2620398046305452,0.03184335321253469,0.05340590496855462,G5,-9.160689226040269
139990,2024-06-30,-0.04832368933885338,0.02991553595333759,-0.007581951846464298,G2,-2.6070382802106633
140070,2024-06-30,-0.10991241487535432,0.024933984542623574,0.018392155942417727,G4,-5.5979690169962595
140410,2024-06-30,-0.28481739675318957,0.030526201168232105,-0.019152016224475352,G1,-10.302122202646768
140520,2024-06-30,-0.060071206007294806,0.02090180542347071,-0.00037139409662473435,G2,-4.293335539859313
140670,2024-06-30,-0.19846857139437935,0.035305195771166996,-0.02464025242724457,G1,-6.461820264007972
140860,2024-06-30,0.06501901223385691,0.0333192270840395,0.06358437964497261,G5,1.061001627684062
142210,2024-06-30,-0.13627533754544355,0.03459313420930564,0.031717361230254225,G5,-4.796980655349832
142760,2024-06-30,-0.16178510595303905,0.029394372826868912,0.01453335257768771,G4,-6.513231806141879
143160,2024-06-30,0.018029030112270923,0.02373076183217924,0.014135677493219336,G4,-0.4904279110190045
143210,2024-06-30,0.02730790228609077,0.045028937397197835,-0.04035759377229188,G1,-0.05239643471071928
143540,2024-06-30,-0.15954170225210193,0.02406750437836489,0.0020842729130075444,G2,-7.8615945110912495
144510,2024-06-30,0.15016124275161605,0.031201714462612773,-0.009669008916081925,G2,3.8617744813824566
145210,2024-06-30,0.3422700285149075,0.051254189494433076,0.04600600657167413,G5,6.09906767688414
145270,2024-06-30,0.005505841681252203,0.007241723696813183,0.0022045094688408614,G2,-3.336417874365528
145720,2024-06-30,-0.34948709642274084,0.02589650608045295,0.03688168412171466,G5,-14.641139361013956
145990,2024-06-30,-0.04069908255458782,0.020432094431315613,0.016318391967831886,G4,-3.4439122653650087
146060,2024-06-30,-0.14733510668181424,0.01669637181262534,0.006196174334765151,G3,-10.601247189074096
146320,2024-06-30,-0.2234704970872064,0.04453692193371201,-0.0036716319409026603,G2,-5.683773017104513
148250,2024-06-30,-0.01705875563161207,0.0234877338418043,-0.006895083012672965,G2,-1.9893793931266186
148930,2024-06-30,-0.13587874300698208,0.027567325430483697,0.01103926643668727,G3,-6.005152784551197
149980,2024-06-30,-0.347033014016459,0.03483278349197238,0.017038329828402417,G4,-10.814532584448498
150840,2024-06-30,,,-0.3770863763952258,G1,
150900,2024-06-30,-0.12374890496058558,0.03805134300445517,0.018246439986519914,G4,-4.0318199283305
151860,2024-06-30,-0.23305883890383494,0.031047073272327023,0.015822596638423735,G4,-8.46218561936158
153490,2024-06-30,-0.10222288699880902,0.03273315260914605,0.05648290462287236,G5,-4.02925274684582
154030,2024-06-30,-0.013152033675281491,0.025234683672953444,0.031099875499821805,G5,-1.6968428173994257
155650,2024-06-30,-0.04064579034546071,0.02506636218550387,0.014235318613295089,G4,-2.805075897716006
156100,2024-06-30,-0.2553096245388137,0.024491842933460576,0.016076944794206936,G4,-11.63558346252484
158430,2024-06-30,0.056465185949989324,0.02991683464306703,0.02659969967721012,G5,0.8957474346866907
159580,2024-06-30,-0.14223265313406652,0.03214858411432581,0.011607782315377242,G3,-5.347044541286094
159910,2024-06-30,-0.44360131605228825,0.03727473197409405,-0.0529762418410565,G1,-12.696766658060108
160190,2024-06-30,-0.36078114331548033,0.07055292104382037,0.0006996522657434235,G2,-5.534120991779904
160550,2024-06-30,-0.23811472847414297,0.030089975377049313,-0.02553350656099123,G1,-8.899375396063164
160600,2024-06-30,,,0.02937912572931893,G5,
160980,2024-06-30,-0.4960990796374454,0.032465441342904335,0.02109668819495005,G4,-16.194646243947435
161000,2024-06-30,-0.059362724763134894,0.050254197003897834,0.0054379702751085595,G3,-1.7715929839799378
161890,2024-06-30,0.08505326111390109,0.03665588507309845,0.01881509351268428,G4,1.5109716472248669
162300,2024-06-30,-0.1584619747370444,0.034662938637776135,0.0006979939802671033,G2,-5.42738844987986
163730,2024-06-30,0.4923858311683633,0.059925007228986596,0.0029074539769104036,G2,7.721627322224561
164060,2024-06-30,0.06567726929276468,0.028694101250747,0.0003154337982402916,G2,1.2549621580258106
166090,2024-06-30,-0.6709339895981213,0.03439369856147262,0.011707539370573545,G3,-20.37004675174545
166480,2024-06-30,0.00979037012072651,0.036161210958427496,-0.14820510703854203,G1,-0.5496742895762241
168330,2024-06-30,-0.19382238014389255,0.017343933944657854,-0.025433716042292682,G1,-12.885752385908171
168360,2024-06-30,-0.25609761320371827,0.05551823426087399,-0.030182091116801802,G1,-5.147225502984427
170030,2024-06-30,-0.1686453636689299,0.03318043537217737,0.024211193012843538,G4,-5.976793839773909
170900,2024-06-30,0.1412824543462912,0.023694127930524098,-0.0033132946527903192,G2,4.710669099493894
170920,2024-06-30,-0.33280754565499276,0.03568184051602215,0.0012917480024260573,G2,-10.15852317250136
171010,2024-06-30,-0.05680108885260221,0.04059364674186046,0.0003771795359268535,G2,-2.130095565618438
171090,2024-06-30,0.0894615309925244,0.04806272209783882,-0.0045362180488459644,G2,1.2440883561752523
172670,2024-06-30,-0.509191776820514,0.04009561899632263,-0.014063405442184354,G1,-13.439349444497953
174880,2024-06-30,,,-0.005376056715176228,G2,
175140,2024-06-30,-0.20585416807149168,0.03616227324303998,-0.019913861001543912,G1,-6.512904334113944
177350,2024-06-30,-0.26151756862855596,0.05082110423633857,-0.020592614367188455,G1,-5.7296044835811815
177830,2024-06-30,-0.1495810556736995,0.023186134426395933,0.019375331078486033,G4,-7.730840787938884
178780,2024-06-30,,,0.004015446809110641,G3,
179530,2024-06-30,0.32487448891888016,0.06242667875580158,-0.10532090188606544,G1,4.728863311936633
180640,2024-06-30,0.28027024420296015,0.03422959303778026,0.04809197648141765,G5,7.321237674717482
182360,2024-06-30,0.0044854779881860485,0.035031169856190016,0.025415240342324535,G5,-0.7188392560027634
183190,2024-06-30,0.028574074887187408,0.017948991340049028,0.021935655880481585,G4,-0.060904992186915766
183300,2024-06-30,-0.3006226555424977,0.03233823214763724,0.05011191121997257,G5,-10.213604506860653
184230,2024-06-30,-0.1095876955886256,0.044476961663374205,-0.007515104690483691,G2,-3.130945740113698
185490,2024-06-30,0.1553121336734694,0.047124999415706886,-0.046913489450664966,G1,2.6662042900116307
185750,2024-06-30,0.166826106153524,0.030812197979400407,0.02633604980860588,G5,4.451446410304967
186230,2024-06-30,0.04675806365658482,0.0390888547539411,-0.015279606158819268,G1,0.43722963232494133
187220,2024-06-30,-0.28096903726744116,0.038770179366246334,-0.010287177047762231,G2,-8.012248083701156
187270,2024-06-30,-0.24021350720009677,0.02317485467970419,0.023687536521749326,G4,-11.645413487790538
187660,2024-06-30,0.07047856925640551,0.03788017265013061,-0.2889107406607803,G1,1.0773792286754182
187790,2024-06-30,,,0.039418162734331866,G5,
187870,2024-06-30,-0.09023727328320137,0.019492563685134495,-0.007787396622003131,G2,-6.151296119102056
189330,2024-06-30,-0.27016032056585326,0.05451540796339934,-0.13396505542338663,G1,-5.499868566179825
189690,2024-06-30,-0.07746859068057405,0.02501738827272413,0.049754028428262737,G5,-4.282455369727697
189980,2024-06-30,-0.3102467636087607,0.028481672749237005,0.010268386605271396,G3,-11.934482383320788
190510,2024-06-30,0.024992636790689454,0.034508868841004486,0.02510868526272351,G5,-0.13546144602317803
191410,2024-06-30,-0.34547098849203606,0.03317686579056293,-0.004224154038664033,G2,-11.307223802414128
191420,2024-06-30,-0.18924364284339126,0.035064948962051014,0.09172518646006896,G5,-6.243012107184966
192080,2024-06-30,0.09167990371708487,0.018382278508658645,0.05590320102972248,G5,3.37350158324273
192390,2024-06-30,0.18731437191820333,0.03547050155509475,0.0459020385123273,G5,4.444456856884895
192410,2024-06-30,0.5388133984942883,0.09331122163568792,-0.04218413954175583,G1,5.456429907408303
192440,2024-06-30,-0.22579139643757928,0.017500753252852407,0.008707237057171954,G3,-14.597009100763064
192820,2024-06-30,-0.23148710250976665,0.04195095414501401,0.027477245108884094,G5,-6.225230531623598
194370,2024-06-30,-0.18735881806411095,0.027500857605452622,0.030068332184109984,G5,-7.8916112087208905
194700,2024-06-30,-0.04510700140052245,0.03007721650453703,0.028999193292432553,G5,-2.4860764443996723
195990,2024-06-30,0.03077837290391891,0.025823976944837828,-0.007942793976828814,G2,0.043026480459467234
196170,2024-06-30,0.20753585984931205,0.04200817425779428,-0.010384377875023774,G2,4.234142638365052
196450,2024-06-30,-0.055560543136735675,0.048190368971000604,-0.02420208508928767,G1,-1.7685650270189694
196700,2024-06-30,-0.06638114203569585,0.027942361156804714,0.012586045966161336,G3,-3.4373759454763047
197140,2024-06-30,-0.20537297055236453,0.051439627533372716,-0.011035584017281802,G2,-4.5692443722379705
198080,2024-06-30,0.11655404387836438,0.05029236081516075,0.03980930388064242,G5,1.727633867361741
199800,2024-06-30,-0.07932475929684238,0.051048961244940835,-0.0724736074686447,G1,-2.1350486807830995
200130,2024-06-30,-0.1542445172571684,0.02501459582970509,0.00931059432422607,G3,-7.3521785670143585
200230,2024-06-30,-0.19400994448129413,0.019552202558189163,-0.06681618076844496,G1,-11.440000270052758
200350,2024-06-30,0.09190238331124213,0.046912868203594214,-0.012527153523637749,G1,1.3266109626176703
201490,2024-06-30,-0.010514587635296911,0.02631323554183166,0.02022600444802777,G4,-1.5270583367041135
203400,2024-06-30,0.011476922180491629,0.03954306765326266,-0.5753107551791535,G1,-0.46001327068320197
203450,2024-06-30,0.02429117081706969,0.04490074292080729,0.0059368169450361285,G3,-0.1197327014594921
203650,2024-06-30,0.07331128574526133,0.03114749426354203,-0.0025856305424411035,G2,1.4012050957123157
203690,2024-06-30,-0.06014972159468862,0.06349411708274358,-0.006245968393293966,G2,-1.4145716766508938
204020,2024-06-30,-0.1444230971512921,0.012426001878287183,0.04661997926255717,G5,-14.010166497721876
204210,2024-06-30,-0.07338925809074678,0.026100027210617216,-0.0050967445950286456,G2,-3.9485214066497445
204270,2024-06-30,-0.3058848754745067,0.04913438942819775,-0.016277197909338428,G1,-6.829272479906969
204320,2024-06-30,-0.15187069727106897,0.027845863576364847,0.007349693382693266,G3,-6.519386796453022
204630,2024-06-30,,,0.04385345657521159,G5,
205100,2024-06-30,-0.16939809155618912,0.025360601296670258,0.005870404442606277,G3,-7.8493939198059035
205470,2024-06-30,0.11385435627014208,0.061525182203638416,0.0027736500228439606,G2,1.36833561787725
205500,2024-06-30,-0.205992734812184,0.013373320639730157,-0.12378830706162607,G1,-17.621651288056995
206400,2024-06-30,-0.016424562847789613,0.03679473346280231,-0.07353059023483872,G1,-1.2526744067572146
206640,2024-06-30,0.04901291665324503,0.03329868995337049,0.04671471775666115,G5,0.5809735642999598
207760,2024-06-30,-0.4827946112715726,0.03806735381437001,-0.005613978440073167,G2,-13.461977731234894
207940,2024-06-30,0.3136193813603329,0.023963358898384524,0.028450367772864284,G5,11.84942914304719
208140,2024-06-30,-0.15402707293631732,0.014063649188602386,0.02929549771875841,G5,-13.061640583989037
208350,2024-06-30,-0.1560636565540352,0.027375882159869205,-0.007654153366678906,G2,-6.784472315227072
208370,2024-06-30,0.2767710972013117,0.06016178261984551,0.002648483250476434,G2,4.107322429227416
208710,2024-06-30,-0.07258874085904118,0.022296257349123987,-0.019500119841067934,G1,-4.586240521105885
210980,2024-06-30,-0.21404155774299552,0.022398214552876362,0.005573018372117267,G3,-10.880725123521719
213420,2024-06-30,-0.21090720170472219,0.03592154529022231,0.02807361820150635,G5,-6.697219115312437
213500,2024-06-30,-0.17112944978093347,0.010086749293824393,-0.005770188987159718,G2,-19.90697914623369
214150,2024-06-30,0.09350487110393119,0.03184916434556381,0.0825340660090462,G5,2.004373249695854
214180,2024-06-30,-0.0628510953973025,0.013364450907595759,0.020777246404740626,G4,-6.9227201402816565
214260,2024-06-30,0.8938776159369783,0.0916740961400592,0.026884731139591923,G5,9.426985312755376
214270,2024-06-30,0.0650234587905407,0.04197003210813261,-0.007766752220602486,G2,0.8424153842658972
214310,2024-06-30,,,-0.03309052029897998,G1,
214320,2024-06-30,-0.10877571681562308,0.012819786498774978,0.015573143662304985,G4,-10.799163846712142
214330,2024-06-30,0.03782396990227981,0.02227219856117931,-0.02806329854085304,G1,0.36622840872032
214370,2024-06-30,-0.052516313560993275,0.04589194225366972,0.029764924484391612,G5,-1.7908061326155276
214420,2024-06-30,-0.10361123401495304,0.04052482692927236,0.0229175649329178,G4,-3.288810888991062
214450,2024-06-30,0.3061190091206048,0.0399057112700107,0.06310168643752412,G5,6.92762369740903
214610,2024-06-30,0.5104202549065332,0.08787867700822774,-0.1700030023549398,G1,5.47064445220319
214680,2024-06-30,-0.2235075770588184,0.04162607826666032,-0.03200688034928324,G1,-6.0821207681750415
214870,2024-06-30,,,-0.1577824487248705,G1,
215000,2024-06-30,-0.10353648857607228,0.017988479407277522,0.03682322690416418,G5,-7.404947556973533
215200,2024-06-30,-0.2271057423742469,0.018805035430251322,0.03348475113984662,G5,-13.654481077217058
215360,2024-06-30,-0.18311809231584875,0.01958716381996654,0.02392910789314246,G4,-10.8635100178954
215480,2024-06-30,-0.15056421121139124,0.01891788453260938,0.015307218691902706,G4,-9.527041407047202
215790,2024-06-30,-0.0076278935465234,0.03187712962042792,-0.07950931359008866,G1,-1.1699658047987966
216050,2024-06-30,-0.10371840896839242,0.023232916107793187,0.006798602989861448,G3,-5.74123654620205
216080,2024-06-30,0.08162944368641357,0.02133083125755384,-0.0009245009507783954,G2,2.436013158347788
217190,2024-06-30,-0.2551882962008577,0.046554420828730375,0.05413719774245433,G5,-6.118764860448643
217270,2024-06-30,-0.00685965988998859,0.03442564652028775,0.0323847312238282,G5,-1.0610379657787583
217330,2024-06-30,-0.1266110906087164,0.03976252348702887,-0.0400202902219151,G1,-3.930292520901317
217480,2024-06-30,,,-0.0420488091344126,G1,
217730,2024-06-30,-0.40360518273523444,0.05124503647391936,0.06979489240536332,G5,-8.454915258383318
217820,2024-06-30,-0.24260455825988905,0.031681412666252844,-0.03487706676213952,G1,-8.594055422737828
218150,2024-06-30,-0.06074375700863026,0.03368651409169478,-0.0029585097004704414,G2,-2.683893466300709
218410,2024-06-30,-0.1358116169115677,0.02712316363511953,0.004620181059712842,G3,-6.101016725121954
219420,2024-06-30,-0.22005772410281213,0.03406672069825873,0.015063716989770522,G4,-7.330467302069746
219750,2024-06-30,,,-0.016955132467687394,G1,
220100,2024-06-30,0.6679295944366622,0.05782508437597405,-0.051871283573430786,G1,11.037810722803545
220180,2024-06-30,-0.30151704395997114,0.02543628531127082,-0.011479477876948647,G2,-13.020152037598802
221840,2024-06-30,-0.18431509988822697,0.013695990124777124,-0.0052313200285639214,G2,-15.62372314840036
222040,2024-06-30,-0.20516889262391805,0.024029291515466768,0.004646412344607104,G3,-9.772911970262577
222800,2024-06-30,-0.5888035314041487,0.033885765370239206,-0.014736915670892897,G1,-18.251639964781436
222980,2024-06-30,-0.010093713391593023,0.029111148302217088,0.010702862225573045,G3,-1.3658331524174525
223250,2024-06-30,0.11204458607637839,0.05129654537005133,0.010311209502120266,G3,1.605904012006956
223310,2024-06-30,-0.15052112295870676,0.044661189976212136,-0.07396042017904106,G1,-4.034562919599691
224060,2024-06-30,0.02092538805071745,0.0364679028028488,-0.013198652935753556,G1,-0.23971408668764374
224110,2024-06-30,-0.0451549646564824,0.02563868196326836,0.0019123525079089813,G2,-2.9183334318118885
225190,2024-06-30,0.17425118375838053,0.059027707782603855,0.009174060434227218,G3,2.449424704519442
225220,2024-06-30,-0.1873517069017982,0.046765234584253364,-0.01172591662003921,G2,-4.64060464778227
225530,2024-06-30,-0.10235918712293197,0.012497712273180441,0.03549884094391695,G5,-10.564049027658543
225570,2024-06-30,0.14050282949592183,0.06334540710337955,-0.02235109841484629,G1,1.7497017779129957
225590,2024-06-30,-0.07290253324094158,0.020479427940938807,0.024944636301452678,G5,-5.008430489428785
226320,2024-06-30,-0.1624511151684617,0.02522437179628455,0.016720117685802536,G4,-7.616378904678057
226330,2024-06-30,-0.1184757993963605,0.03892541728473888,0.01276786330655965,G3,-3.805818095081993
226340,2024-06-30,-0.5966455424463661,0.03781421994337604,-0.03759898642759594,G1,-16.56289092962221
226350,2024-06-30,,,-0.15900358441059642,G1,
226360,2024-06-30,,,-0.01701926689966622,G1,
227100,2024-06-30,0.19412582798357605,0.1144460958936697,-0.6092649465035123,G1,1.4369958943104195
227610,2024-06-30,0.08309362617893323,0.030443586154269123,-0.04905522963671368,G1,1.75493017950269
227950,2024-06-30,-0.13024224816923832,0.023603943513252443,-0.03331454903534772,G1,-6.774694497297589
228670,2024-06-30,-0.3138702624743431,0.037697239428684734,-0.07577267500846768,G1,-9.113068377029572
228760,2024-06-30,-0.41423006474312896,0.04156934039371176,-0.02072320411856088,G1,-10.678478864552632
228850,2024-06-30,-0.13122009193869552,0.01641077699001679,0.010687901976399815,G3,-9.803761887757336
229640,2024-06-30,-0.13635297241398986,0.041264367345259276,0.039089256782478106,G5,-4.023331536611562
230240,2024-06-30,-0.43885510511281745,0.037822600894763775,-0.022752913835345782,G1,-12.387365017041876
230360,2024-06-30,-0.1397454217761628,0.028601622845996738,0.05978672342982954,G5,-5.923184175697603
230980,2024-06-30,,,-0.03999844052893031,G1,
232140,2024-06-30,-0.14758976232684454,0.06576884620651882,0.019646583325671273,G4,-2.6951517415215265
234080,2024-06-30,-0.08737021036637618,0.011085713908797232,0.028344803638741055,G5,-10.557503954527952
234100,2024-06-30,-0.21991328727885243,0.026751118326920446,0.013941457566937121,G4,-9.32972380045167
236200,2024-06-30,-0.06692326893597642,0.026164389065792337,0.041597976559137655,G5,-3.691679051156453
237880,2024-06-30,-0.18751466299868708,0.027591560873351108,0.038461672836565465,G5,-7.871316960287124
238090,2024-06-30,0.16928280050325883,0.031230606853200508,-0.06964962784215671,G1,4.470471646452651
238120,2024-06-30,-0.18091943523009238,0.024329343988125418,0.018822912327543653,G4,-8.655666728925816
238200,2024-06-30,,,-0.03242613592193686,G1,
239340,2024-06-30,-0.09951842770479534,0.03369932658758198,-0.0322783217896684,G1,-3.8334797413107857
240600,2024-06-30,-0.057049755373142,0.057732674109058024,-0.02386908996113706,G1,-1.502043942635468
240810,2024-06-30,-0.06412772492439722,0.04044265254116515,0.0028087897348623705,G2,-2.319209475526926
241520,2024-06-30,-0.13012175825103042,0.026956319377231207,0.009104769541148021,G3,-5.927701555966618
241560,2024-06-30,-0.19770675010678,0.03372156101123719,0.02002671328970625,G4,-6.742689286997337
241590,2024-06-30,0.1011009977346354,0.029305130735017764,0.00623639894427703,G3,2.4375847463720923
241690,2024-06-30,0.2677182605324909,0.05326248448655968,0.023558450607615754,G4,4.469393509573233
241710,2024-06-30,0.12477723016449505,0.037093751512809324,0.040043724579196596,G5,2.564042951199888
241770,2024-06-30,-0.16532631070322984,0.02082780647331076,0.003806297222119486,G3,-9.362174985523094
241820,2024-06-30,0.35709403528884404,0.07393651383117927,-0.046316780935575445,G1,4.428485470277217
241840,2024-06-30,-0.14035650366920296,0.03112485964840509,-0.01256643497386171,G1,-5.462635451351553
242040,2024-06-30,-0.19351280748235636,0.028965839417858213,-0.02178786968399137,G1,-7.704940372253669
246960,2024-06-30,-0.07185455327924048,0.01737667054738867,-0.04010888429008563,G1,-5.842420218930438
247540,2024-06-30,0.05670341430691715,0.0399052299885978,-0.0031640652662988464,G2,0.6775090946757137
248070,2024-06-30,-0.0138718177472015,0.02550043769693665,0.021951264341382344,G4,-1.7073854311507732
248170,2024-06-30,-0.23320462112686222,0.02553728011343964,-0.008556395367751869,G2,-10.293652183148328
249420,2024-06-30,0.11035057493305846,0.038208703581694585,-0.0031545933623564316,G2,2.111647590869765
250000,2024-06-30,-0.12283010009693304,0.02811963430926618,0.021270397158925057,G4,-5.4231629218306425
250930,2024-06-30,0.05661968748041317,0.05362960929496706,-0.008647438061411881,G2,0.5025662086713438
251270,2024-06-30,0.1343209562334127,0.031954887062559376,0.027071548970100417,G5,3.2750451586329126
251370,2024-06-30,-0.17649270589893692,0.022129145141772052,-0.0010188699246488641,G2,-9.3162190695878
251630,2024-06-30,-0.37053151526553396,0.030609852558624553,-0.00506390194653165,G2,-13.074181672831713
253450,2024-06-30,-0.0930743185550928,0.020796793658053002,0.012867588340301689,G4,-5.901947128858516
253590,2024-06-30,-0.015058260623320347,0.06124541984666973,-0.0018937168496554655,G2,-0.7302671579329282
254120,2024-06-30,-0.09499639041255384,0.03132679131836203,0.02691328199358903,G5,-3.9794579409733237
254490,2024-06-30,0.1678722096959886,0.07516435260191578,0.011534742500288424,G3,1.8387034125529063
255220,2024-06-30,0.7631459292571527,0.08091099088882023,-0.02066432349884687,G1,9.065253844196636
255440,2024-06-30,-0.22921201339304728,0.03615986858538397,-0.016485222523529505,G1,-7.159297906359204
256630,2024-06-30,0.09731856991364497,0.026426724451447777,0.004396735407350661,G3,2.5599582715376066
256840,2024-06-30,0.26130279964486464,0.0498347209650909,0.0002837301090140855,G2,4.648075419999013
256940,2024-06-30,-0.0700319601869644,0.030106685211096558,0.02007427334592814,G4,-3.3115308959597427
257720,2024-06-30,0.07504990555629255,0.05496397250225547,0.10497231765181125,G5,0.8256799031386266
258610,2024-06-30,-0.04569416004246887,0.05197827037860746,0.08529004752019659,G5,-1.4498639057832379
258790,2024-06-30,-0.25888432751528917,0.037832691644283024,-0.09406244312071793,G1,-7.627043518152875
259630,2024-06-30,-0.017241314538699065,0.035933408692655586,-0.0015661089521762977,G2,-1.3054306371107733
259960,2024-06-30,0.2184198272979542,0.02726716884232972,0.06409699999493158,G5,6.922338374214247
260930,2024-06-30,-0.16058754399793645,0.037002557430392866,0.003554562680931217,G3,-5.14166628672489
261200,2024-06-30,-0.16387451734240147,0.019097497220256558,0.01833590716911283,G4,-10.134405214188455
262260,2024-06-30,-0.18467473810507862,0.030301626900887793,-0.005024457417699148,G2,-7.0736134686984355
262840,2024-06-30,-0.057051175595369735,0.04014549835934765,-0.009426266040107188,G2,-2.1601035534210515
263020,2024-06-30,0.1181720798036755,0.04294967313674433,0.027994872901509964,G5,2.060663452720009
263050,2024-06-30,0.43518161735755667,0.06912658015746896,-0.08013616784385877,G1,5.866258078575376
263600,2024-06-30,-0.15090085944511922,0.03433297888094237,0.010060086373800646,G3,-5.259319854994159
263720,2024-06-30,-0.2562758152464398,0.03795336522847422,0.03928962466420145,G5,-7.534063754020665
263810,2024-06-30,-0.0923704680679537,0.024510528125650678,0.008120078669934996,G3,-4.978992109303238
263920,2024-06-30,-0.04006868023667863,0.015805906784574823,0.02288034379562824,G4,-4.412017561007692
264660,2024-06-30,0.02995607375254042,0.028511071197089857,0.03478265852011675,G5,0.010129948679507526
264850,2024-06-30,0.04953004026805882,0.04451723007615961,0.022990215011896752,G4,0.44618189787553425
265520,2024-06-30,-0.23826731805202095,0.03483721793045651,0.031056467885789786,G5,-7.691044005046531
265560,2024-06-30,0.03821915031447692,0.03160449564066643,0.04448469658831143,G5,0.2705910053807925
267250,2024-06-30,0.04104356403115441,0.021719084069986554,0.009912863878057131,G3,0.5237930812358303
267260,2024-06-30,0.1489462788170107,0.05403602774359737,0.06311683021707015,G5,2.207398021898968
267270,2024-06-30,0.003110782414496178,0.040907399414107544,0.013112876728805201,G4,-0.649185135950283
267290,2024-06-30,-0.026821579555841912,0.009512476068339024,0.007104023627489026,G3,-5.9383947160060035
267320,2024-06-30,-0.1445283643404365,0.033604770312478854,-8.019098393169677e-05,G2,-5.183657581503139
267790,2024-06-30,-0.24440080910467435,0.02123272238108425,0.029540964258473416,G5,-12.9078156936367
268280,2024-06-30,-0.1107957401300109,0.00892088845923488,0.03980538106532623,G5,-15.745404601390359
268600,2024-06-30,,,-0.06601519805516491,G1,
269620,2024-06-30,,,0.0062037856137999725,G3,
270870,2024-06-30,-0.0003336072357223042,0.0561145358864564,0.04655318744112881,G5,-0.5346362546942016
271560,2024-06-30,0.06437482885715187,0.016629454406032557,0.028693244694428993,G5,2.0871142218619703
271830,2024-06-30,-0.1522038532444776,0.029235321887086108,-0.0009448067991834207,G2,-6.220937536156571
271980,2024-06-30,8.06024500347968e-05,0.02401173429842762,-0.046267364573714574,G1,-1.2321748711178586
272110,2024-06-30,-0.17166457416456257,0.03199040273158948,0.02903053048524763,G5,-6.2935072721128975
272290,2024-06-30,-0.37843033976279145,0.029696195224741317,0.0322897406191864,G5,-13.742420358528015
272550,2024-06-30,-0.06985349897866779,0.014711032152495685,0.02661981156555233,G5,-6.76504245327888
273060,2024-06-30,-0.13451710059250407,0.03295846302210799,-0.009247478178003265,G2,-4.981553859076743
274090,2024-06-30,0.056623943595399524,0.02358030027323431,0.0030958657328338116,G2,1.143186694763238
276730,2024-06-30,-0.8632681502721111,0.05779470211621896,-0.04156254787180767,G1,-15.450125628141999
277070,2024-06-30,-0.2631222358738408,0.03220198694051217,0.004953466518804614,G3,-9.092280376339415
277410,2024-06-30,-0.1445071391448152,0.02121858320647429,0.000986581224210466,G2,-8.208578089991729
277880,2024-06-30,-0.05692961771183591,0.03403725319230369,0.03391248018764571,G5,-2.5441793227877985
278470,2024-06-30,-0.3275754493510941,0.04383568360981016,0.062055085587310946,G5,-8.149586774909139
280360,2024-06-30,-0.2335544855512145,0.030257235863354773,0.01353663821935063,G4,-8.699464313411537
282330,2024-06-30,0.11568542922547093,0.01895554825959952,0.02277058198768606,G4,4.5378888535916255
282690,2024-06-30,0.0952284952459723,0.013276172197504342,0.003989321364840711,G3,4.938263545103791
282720,2024-06-30,-0.03360930612318227,0.05144173832686325,0.0033368942465679457,G2,-1.2300627126096726
284620,2024-06-30,-0.10821028650360806,0.038653390736784525,-0.1705325771037075,G1,-3.567023278941294
284740,2024-06-30,-0.013032405084267208,0.01839137151976918,0.04154209137933293,G5,-2.3217226133942632
285130,2024-06-30,0.06133469982189879,0.02341741608760779,0.0016422408412214084,G2,1.352302988464244
285490,2024-06-30,-0.3056326519343741,0.03204044829497075,0.03566679443537808,G5,-10.46489446439864
286750,2024-06-30,-0.02214373702866116,0.03885759845430569,-0.029805312897356016,G1,-1.333355563754256
286940,2024-06-30,-0.05612298497915481,0.0374184327805903,0.005397174916464198,G3,-2.292726783794431
287410,2024-06-30,0.0011112319493916994,0.003300205352237505,0.05126499052247258,G5,-8.652802800820782
288620,2024-06-30,-0.2472980119203948,0.029685044860435692,0.006035340584101519,G3,-9.330128058996163
288980,2024-06-30,-0.24165846571767147,0.03956019620906723,0.023409390146140487,G4,-6.858553540743044
289010,2024-06-30,-0.19632225094227354,0.029725652176181172,-0.02950362697798394,G1,-7.602508017902211
289220,2024-06-30,0.32042406994175754,0.052952007069572773,-0.04091779797874175,G1,5.490949785816822
290090,2024-06-30,-0.19717740655129737,0.026943389836334892,0.02627246684739992,G5,-8.419306775938745
290120,2024-06-30,-0.011499874046884899,0.018488478533699792,0.01682923047985116,G4,-2.226637093818391
290270,2024-06-30,-0.01464049927851329,0.02022283340040349,0.030543456523433637,G5,-2.1909767274325347
290520,2024-06-30,-0.06250704827061054,0.04723097686362943,0.004282844651934592,G3,-1.9515646818244443
290550,2024-06-30,-0.0781702875297862,0.03349132072405119,0.034716655748616175,G5,-3.2198654237263544
290650,2024-06-30,-0.14946556269070038,0.03073642618997186,0.005946798640635593,G3,-5.828030222123248
290660,2024-06-30,0.007093356877785312,0.018296918004432852,0.04616854996003629,G5,-1.2337542957377714
290670,2024-06-30,-0.227331810773273,0.03852476288928531,-0.005342663691136799,G2,-6.671009749660702
290720,2024-06-30,0.540506674385229,0.06851568796723521,-0.04920150888696233,G1,7.455802188908922
290740,2024-06-30,-0.2259495104886047,0.02127374133838783,0.010160945653762597,G3,-12.015600100010053
291650,2024-06-30,-0.06907930812985724,0.08601154796623466,-0.10241557049926259,G1,-1.1480617257712658
293780,2024-06-30,-0.12904493382174315,0.06099114378379766,-0.0792340338980822,G1,-2.602217011192062
293940,2024-06-30,-0.014784421155706006,0.015472876844991006,0.002250733561638348,G2,-2.8728774658742497
294090,2024-06-30,-0.5651829664144201,0.07560178135830505,-0.13705550417280865,G1,-7.8682038146656765
294570,2024-06-30,0.01240061758152431,0.02479328976671954,0.01644675223936238,G4,-0.6964239375030058
294870,2024-06-30,0.25760401159577073,0.042420917352674795,0.008435709874847003,G3,5.373216039536739
296640,2024-06-30,-0.16232340703847076,0.03479586175368238,0.015692452741869308,G4,-5.517629264711884
297090,2024-06-30,-0.04861943879219816,0.047897928986362845,0.030455387080517152,G5,-1.634448472271181
297890,2024-06-30,-0.7309967316313185,0.05147255551037364,-0.08196947094458079,G1,-14.77804982001588
298000,2024-06-30,-0.2721014264410384,0.03171690823888816,-0.029117319756481037,G1,-9.514442020409648
298040,2024-06-30,0.09239385782420212,0.052934974233534035,0.0065490298921464535,G3,1.1849745970018633
298380,2024-06-30,0.3862729903287395,0.046350997172007524,-0.09451268387222232,G1,7.693593536744581
298540,2024-06-30,-0.055009874794842706,0.021645027116831694,0.007957907429398184,G3,-3.912082549137203
299170,2024-06-30,-0.08934970106039523,0.028930023013108444,0.002718369567548348,G2,-4.113960057030848
299900,2024-06-30,-0.11579445838033034,0.03438635283478739,-0.025843116384390664,G1,-4.2302164798846675
299910,2024-06-30,,,-0.13806055431170486,G1,
300080,2024-06-30,-0.3453342196871704,0.039345948085035984,-0.03633572473367716,G1,-9.530879188403818
300120,2024-06-30,-0.3294138383416965,0.03339009944276087,-0.012355040656773838,G1,-10.75411880763545
300720,2024-06-30,0.04071632374507572,0.020957799007891242,0.031171752007004318,G5,0.5272054415828352
301300,2024-06-30,-0.07887258721651746,0.04012725670304018,-0.039189151548381776,G1,-2.7048907450683073
302430,2024-06-30,-0.004268301159112798,0.033876713787880736,0.03214882090274517,G5,-1.0017370467547897
302440,2024-06-30,0.07677802675144918,0.02835050579826159,-0.008594907205361883,G2,1.6617258620416508
303530,2024-06-30,-0.10792505749429164,0.035948444109438524,0.012230688012241031,G3,-3.8274901450514207
306040,2024-06-30,0.09430257694452329,0.028506459921408635,0.013000018841936791,G4,2.2673919896825003
307180,2024-06-30,0.14914558660662708,0.04781695643471295,0.03325287888562104,G5,2.4986602546575947
307280,2024-06-30,-0.1141728027135676,0.017931984123870027,0.04599025117663326,G5,-8.021424722689336
307750,2024-06-30,-0.11419572088472153,0.03247296013263629,0.009294396526955186,G3,-4.430239139321674
307870,2024-06-30,-0.22741213675321914,0.08252070111511918,-0.0940971112495423,G1,-3.1153321693074414
308170,2024-06-30,-0.3124495221181748,0.029605928210902053,0.007481424307665456,G3,-11.55568498800555
309960,2024-06-30,-0.059408458028193674,0.027655490381343892,0.018611094324192168,G4,-3.2209053198636948
310200,2024-06-30,-0.046834018573417,0.02580240129701055,0.025738573699381095,G5,-2.9648898084069604
311320,2024-06-30,-0.32893813833858626,0.03273116262944601,0.02355587981679427,G4,-10.956084892642627
311390,2024-06-30,0.17624581754772115,0.025309479109086933,0.04020439312522807,G5,5.791449079273169
314130,2024-06-30,-0.06495699971091201,0.048718043186812686,0.0016033675248637875,G2,-1.9422836301652122
317120,2024-06-30,-0.1242382424538697,0.03149337222494497,-0.06080631806972805,G1,-4.886917139869887
317240,2024-06-30,-0.2576475890284918,0.027549933687273532,-0.011230788941894767,G2,-10.42887617641456
317330,2024-06-30,-0.13799202292622262,0.03851917071376113,-0.0666992812545136,G1,-4.352619173362467
317400,2024-06-30,-0.07930525188339307,0.026759164000179643,0.000431534392259199,G2,-4.072343588431149
317770,2024-06-30,-0.4335744471349862,0.04224125198537944,-0.03217695683987442,G1,-10.966571382870937
317830,2024-06-30,-0.24296501594288805,0.0382663433152324,-0.012110485945333526,G1,-7.124596979687878
317850,2024-06-30,0.17179599371785964,0.054932536220811824,0.004587018721396528,G3,2.5873324887463762
317870,2024-06-30,0.1471441882398319,0.024040420979705105,-0.008008823416280448,G2,4.886641971639751
318010,2024-06-30,-0.12146538114841951,0.022679084684232242,-0.005834923932940924,G2,-6.6639655575699415
318160,2024-06-30,-0.18720425604548563,0.030619721922962147,0.01819035403076739,G4,-7.0827395054612445
318410,2024-06-30,-0.2614615617312014,0.030923689400973606,0.011775786769043393,G3,-9.41442710864091
319400,2024-06-30,0.0026715984651984985,0.024713083118547672,0.01294017772759589,G4,-1.0923630803093451
319660,2024-06-30,-0.4212645581800476,0.03775763841407077,0.04646444829993806,G5,-11.942797144763148
321370,2024-06-30,-0.19613743359550906,0.043933616155753835,-0.08508169816540043,G1,-5.139679166392779
321820,2024-06-30,0.3283177738571449,0.03795152977299574,0.02298628308103996,G4,7.869261597068279
322000,2024-06-30,0.040652473224738604,0.056494636319141214,0.01812928247220963,G4,0.19444704623225512
322180,2024-06-30,0.07825208274662722,0.05671751716249917,-0.007434288122704905,G2,0.8566105695866869
322310,2024-06-30,-0.18408062511323792,0.0516884517113495,-0.005060990532958235,G2,-4.135312165499054
322510,2024-06-30,0.2722320240172492,0.0694445817208268,-0.10167727438637608,G1,3.4929257249739702
322780,2024-06-30,-0.44854431933859595,0.03898151589222648,-0.06299807435977405,G1,-12.267649588724046
323280,2024-06-30,1.054999962963937,0.08003677909735064,0.04656899881358481,G5,12.810769204646332
326030,2024-06-30,0.32081363039973815,0.02916932039635692,0.02887525163157455,G5,9.981253192706696
328130,2024-06-30,-0.014627077955821816,0.04770761760288602,0.030184372017629853,G5,-0.9284541598584959
331520,2024-06-30,-0.11575461071867743,0.024579183872079854,0.025103952493793734,G5,-5.916464498578494
331920,2024-06-30,0.3530305885948807,0.08728574196152833,0.4067858349448699,G5,3.704652366624652
332290,2024-06-30,-0.11048799379664585,0.02461049874784947,0.033190769333637085,G5,-5.694937485710609
332370,2024-06-30,0.2106301508830723,0.021896872024980456,0.06552226962990915,G5,8.26432618376312
332570,2024-06-30,-0.20601785416588578,0.03177573985040995,-0.030389290994343524,G1,-7.417140036390411
333430,2024-06-30,-0.0056151891334694955,0.03288795612720845,0.006333339971047527,G3,-1.072807536640934
335810,2024-06-30,-0.34741708563503004,0.03707944891490955,-0.0288011196294489,G1,-10.16963182394875
336060,2024-06-30,-0.004021657347817783,0.04772670916058281,0.02385778487307466,G4,-0.7058713245655194
336260,2024-06-30,-0.08457035745573141,0.02718833772820984,-0.00019455034922096905,G2,-4.2017138621063195
336370,2024-06-30,-0.2980245923118784,0.05189620741198015,-0.004568009869415653,G2,-6.314369907130196
336570,2024-06-30,-0.085888061713132,0.03973812574021609,0.049030702125418345,G5,-2.9079207341855815
337930,2024-06-30,0.7509668369248912,0.07677507566594138,0.07198986839361111,G5,9.394970602163207
338220,2024-06-30,0.2669937598271276,0.0424831621047417,-0.11040398739042455,G1,5.586366221457009
339950,2024-06-30,-0.017196048966768015,0.020114900752058323,0.024629543246185583,G4,-2.3297806739856117
340810,2024-06-30,-0.1286916029959669,0.06102722539050626,-0.060358514348829065,G1,-2.5948887573892265
340930,2024-06-30,-0.06339386900440408,0.06585022473348855,-0.01088414840285849,G2,-1.4132241377392503
347000,2024-06-30,-0.13435695600328096,0.03376202281592529,0.006116004674930177,G3,-4.858246052438188
347740,2024-06-30,-0.2031929818275521,0.034960918785153235,0.016277504746952127,G4,-6.660586963491257
347770,2024-06-30,-0.09957693085743854,0.04923615934009717,-0.0076368311067942325,G2,-2.6249851867852776
347850,2024-06-30,0.40906239151423185,0.060255108265446326,-0.056115201295496485,G1,6.296480819158735
348150,2024-06-30,0.07479269785038499,0.04452226305001354,0.004389509003654933,G3,1.0135477555392403
348210,2024-06-30,-0.23853536167055586,0.03599750098322374,0.0067179558926000384,G3,-7.450589969011044
348340,2024-06-30,-0.2394570535833705,0.0401260162954009,-0.0024340235285947474,G2,-6.706978077929272
348350,2024-06-30,0.17325401085265832,0.04806157941028144,0.0104393224691754,G3,2.987557931927343
348370,2024-06-30,-0.13429245722565908,0.051140834954954896,-0.023920966694215128,G1,-3.206042987655398
348950,2024-06-30,-0.11222160919249428,0.01253768438029768,0.004435817824225256,G3,-11.31699147571312
351320,2024-06-30,0.1404854444775187,0.0382172520795863,-0.045438710775663124,G1,2.8996900714427865
351330,2024-06-30,-0.4059874471707603,0.033185011441837935,-0.021166168623255176,G1,-13.128056502220325
352480,2024-06-30,-0.3030335669685779,0.04479479870437386,0.07429722989433414,G5,-7.427220004464679
352700,2024-06-30,-0.026401728983184984,0.01965478278177302,-0.003965711169264421,G2,-2.852689224309159
352770,2024-06-30,-0.6037077620994824,0.05914827338874255,-0.04871816895852694,G1,-10.70825881934444
352820,2024-06-30,-0.16194611773014433,0.025484451933669817,0.00655680398654229,G3,-7.518834475757458
352910,2024-06-30,0.04427434242578919,0.02361297414884895,-0.022749753891585924,G1,0.6186041736714103
353190,2024-06-30,-0.23655245455739174,0.029660467166258673,0.005243845046607985,G3,-8.975573821195765
353200,2024-06-30,-0.10627998768016564,0.03343131379601796,0.013883700279470565,G4,-4.066464350583631
353590,2024-06-30,0.40114805972575424,0.06333697210744872,-0.008699148043929305,G2,5.865149363803425
353810,2024-06-30,-0.13268413471986856,0.02755342736253894,0.019402987392835063,G4,-5.89223948978174
354200,2024-06-30,0.3655785831603432,0.08664816962812037,-0.08230344846681864,G1,3.876727304656325
354320,2024-06-30,-0.06972319778079926,0.04495305539237437,0.011946133245716972,G3,-2.2109833242208388
355390,2024-06-30,-0.24294086827022163,0.059782344670978024,-0.06967428184916481,G1,-4.560010615760914
356860,2024-06-30,-0.5568378416900319,0.036508650103645506,0.007041044322884962,G3,-16.06482568074966
356890,2024-06-30,-0.06711737092673509,0.03571664808017894,0.013580969388716517,G4,-2.7097903692973397
357230,2024-06-30,-0.1194613460802132,0.024971673894018533,0.012654536766477134,G3,-5.971910604697192
357430,2024-06-30,-0.1304219965991173,0.011515292478729284,-0.06832247024130497,G1,-13.90231771875058
357550,2024-06-30,-0.13034785831436496,0.02424004083495575,0.019191480988036188,G4,-6.601272558424433
357780,2024-06-30,-0.24371734281743146,0.028203521535445173,0.05164582312259399,G5,-9.69327892399421
359090,2024-06-30,-0.10673093077981921,0.02935363116917445,0.016815306967328938,G4,-4.646722855452825
361610,2024-06-30,-0.15680454579087308,0.036224787912154686,-0.015516719272721297,G1,-5.147629968395795
362320,2024-06-30,-0.3489007850368521,0.03555754686936834,0.007974787115324115,G3,-10.646629940253055
362990,2024-06-30,-0.28376657181280807,0.030145949940674113,0.019224061199176346,G4,-10.397211913844082
363250,2024-06-30,0.17538678799863688,0.05561253583985113,-0.06413478816066394,G1,2.6202640777567328
363260,2024-06-30,-0.15281854299194106,0.04636446052695474,-0.0007486506901359705,G2,-3.9358982932706845
365340,2024-06-30,-0.23253422664182105,0.02996637706812176,-0.027660322641463984,G1,-8.749856017305046
365550,2024-06-30,0.08582748129463302,0.015817195247135794,0.0004069741911956949,G2,3.5505803875239197
365900,2024-06-30,-0.18893313342703183,0.027557085330135556,-0.0014390769434453386,G2,-7.9326383350307905
366030,2024-06-30,-0.11500677440332176,0.03412219295082436,0.04533832817136385,G5,-4.239880850458138
368770,2024-06-30,-0.08596587337575337,0.0374594349334184,0.06282061156415755,G5,-3.086889368347374
368970,2024-06-30,-0.15922818143827003,0.024608656809126713,0.04323291411095356,G5,-7.675975205307822
369370,2024-06-30,-0.0167292510904854,0.01953539069187709,-0.06038361559690706,G1,-2.3749977610784825
372170,2024-06-30,-0.1167731669002077,0.04144983224434211,0.03702739929726851,G5,-3.532955793439017
372910,2024-06-30,-0.2379938722069992,0.03990861226391375,0.03341681112953999,G5,-6.706851355829789
373110,2024-06-30,0.24721430443000794,0.10721571032562861,-0.28975788857610346,G1,2.029059414005392
373200,2024-06-30,-0.778210519689587,0.07106667922828266,-0.0011776747370320037,G2,-11.367884169161924
373220,2024-06-30,0.26521830887503645,0.02938776472952896,0.001771686632509409,G2,8.015276186481701
375500,2024-06-30,-0.06361602963785971,0.026410506869153624,0.005786713076465868,G3,-3.5320521550204265
376300,2024-06-30,-0.21628892472929512,0.03260300402055051,0.041374782488810456,G5,-7.543973022816509
376900,2024-06-30,,,-0.03150270154870801,G1,
377030,2024-06-30,0.0024051389256866673,0.060580635806856166,-0.03952391287144481,G1,-0.450013750693321
377220,2024-06-30,0.3165023111601285,0.03325552431178933,-0.041005439991907214,G1,8.62518510928806
377300,2024-06-30,-0.06650115128971815,0.03158778059277252,0.001953263163051929,G2,-3.044481364298136
377330,2024-06-30,0.003100173488755716,0.039402483061808574,-0.023910382500900697,G1,-0.674248994259728
377460,2024-06-30,,,-0.026446459683640837,G1,
377480,2024-06-30,-0.20331526394312713,0.04307709120722007,0.014939184435968565,G4,-5.408501722804196
378340,2024-06-30,-0.08017496256057349,0.047063385504681275,0.03440728064773441,G5,-2.333920933379599
378800,2024-06-30,1.052820062640945,0.09777107817378583,-0.13391438672821263,G1,10.464779806946574
378850,2024-06-30,-0.23878770604164318,0.027882597658593626,0.02953709336408948,G5,-9.628047120760982
380540,2024-06-30,0.03845201264426468,0.06370748302995398,0.033609597111669956,G5,0.13789203656999208
382150,2024-06-30,,,-0.08898073760312038,G1,
382480,2024-06-30,0.00631085656389873,0.03709362610455491,0.011037424158278278,G3,-0.6296607787759346
382840,2024-06-30,0.08382122340318314,0.0475619732307349,0.03436652292786347,G5,1.1385979525271743
382900,2024-06-30,-0.3118791831320065,0.029048846854179515,0.004511044769528931,G3,-11.757659190777183
383220,2024-06-30,0.15129167431954818,0.044961625396486675,0.05084989432650298,G5,2.7050716067870595
383310,2024-06-30,-0.050109204505768244,0.0412669131504065,0.017457358285991546,G4,-1.933182214999246
388050,2024-06-30,-0.35053135301306,0.04230772003796644,0.01064829851741838,G3,-8.986506735328454
389030,2024-06-30,-0.0723179876104402,0.03352326334938424,-0.10669665729255288,G1,-3.0422230858628385
389260,2024-06-30,0.029678628691116628,0.04783790469282451,-0.0034350904180026295,G2,0.00023769073234974292
393210,2024-06-30,-0.08344471286775071,0.05422253500335493,0.007408380055811161,G3,-2.0860693976271714
394280,2024-06-30,-0.3960405019825552,0.04127436458681157,-0.17115636882680418,G1,-10.314096032942878
396690,2024-06-30,-0.025742323286083196,0.009317237491892333,0.0038827444070712908,G3,-5.946996778692781
399720,2024-06-30,-0.3835235294925302,0.045740634644635354,0.009324375905505156,G3,-9.03334181449769
402340,2024-06-30,-0.15537141527076115,0.04328888010066978,0.040077899522453726,G5,-4.27450820868924
402490,2024-06-30,-0.22361558100419518,0.05404182178662762,0.006029105364097188,G3,-4.686793129749465
403490,2024-06-30,-0.1751236192814639,0.03539829166156717,0.032838565948071816,G5,-5.785332221789864
403550,2024-06-30,-0.0750946226076129,0.013128688423962172,-0.018931934762009876,G1,-7.979615121410004
405000,2024-06-30,-0.10862863666728315,0.031341473482903885,-0.2054874007989114,G1,-4.412552422183876
405100,2024-06-30,-0.22054040721425106,0.04008469409766851,0.008317700990978673,G3,-6.241975170600597
405920,2024-06-30,-0.08574703908276807,0.028616039774346146,-0.020319774444098698,G1,-4.033202988861911
406820,2024-06-30,-0.0840226189596276,0.05020933766527709,0.018631221219996205,G4,-2.2643174021147745
407400,2024-06-30,-0.17473642625986424,0.04454735161684596,-0.018603900362230575,G1,-4.588458727748102
408900,2024-06-30,0.1551028846986036,0.053654924701530736,0.01923743149263881,G4,2.337821315226054
408920,2024-06-30,-0.09122444958844342,0.018300140431826827,0.03891612020379249,G5,-6.606053549332868
412350,2024-06-30,-0.3882341371472413,0.038531444099943475,-0.04220632554332593,G1,-10.845723667345508
412540,2024-06-30,0.07713383285523451,0.05618990316813709,-5.668705198509291e-05,G2,0.8447527422975641
413630,2024-06-30,0.1193819346315073,0.051122406072212176,-0.29545764014792386,G1,1.754899337880656
416180,2024-06-30,-0.09321699664230554,0.05528299942856484,0.02313301529603843,G4,-2.22282177119585
417010,2024-06-30,-0.11498979540143664,0.05692767011717295,-0.006532150222256536,G2,-2.541067518979933
417200,2024-06-30,-0.20801617427426028,0.035639494894719265,0.007039148518649437,G3,-6.669102158740026
417500,2024-06-30,0.044385095862729325,0.032812968588169136,0.018307962196469827,G4,0.44853722267359236
417840,2024-06-30,-0.06210639780323585,0.048673239983515984,-0.018688027923698072,G1,-1.8855053803451889
417970,2024-06-30,-0.15243972673833311,0.03567454787674577,0.018189312929540003,G4,-5.1046753397414335
418620,2024-06-30,-0.20757679389151276,0.04554952648063446,-0.1459767083088176,G1,-5.2084855823231
419050,2024-06-30,-0.022463097999703103,0.058113896022951236,-0.0022910996235185757,G2,-0.8970377075326543
419120,2024-06-30,-0.11010381586718737,0.028605814631443502,0.009327495231221788,G3,-4.886107098592017
419530,2024-06-30,0.6373666244824022,0.059302404330072105,-0.1072640480396239,G1,10.247465904341475
420570,2024-06-30,-0.20226612101755478,0.05417395526237427,0.07579277209766823,G5,-4.281270916232266
424960,2024-06-30,0.11318535235302424,0.05299376836453154,0.0027467349742296655,G2,1.575998402567015
425040,2024-06-30,-0.4400665224395413,0.03804644311066457,0.011049804027268231,G3,-12.346325756070195
425420,2024-06-30,-0.39302490268306406,0.04721223660207731,0.0009465421344977117,G2,-8.953021317549315
430690,2024-06-30,0.14160403069783278,0.06826305555761675,-0.01350268692526424,G1,1.6397855577800433
432320,2024-06-30,-0.01642427239627421,0.009621489038696819,0.0019424641449140659,G2,-4.790477885014894
432430,2024-06-30,-0.5584831762618587,0.04121488071322974,-0.04210526347907508,G1,-14.270341783073071
432470,2024-06-30,0.04368003305583291,0.06254149366427333,0.007044599852755253,G3,0.22405564962260496
434480,2024-06-30,0.1262409419831942,0.0690618225601989,0.013422304295890053,G4,1.3983657010282056
438700,2024-06-30,-0.016678169146478863,0.04695736214031473,-0.06272412829415529,G1,-0.9869682856653829
439090,2024-06-30,-0.16317749641092094,0.04513459110573586,0.07211342882764804,G5,-4.272659832536506
440110,2024-06-30,-0.2727233456935272,0.0429067471354172,-0.1058530818113217,G1,-7.0476236011011
441270,2024-06-30,-0.35620674020032156,0.0383010434149946,0.014103901838403744,G4,-10.07476465024372
443060,2024-06-30,-0.1720756627113521,0.04215628279831704,0.07107885125699086,G5,-4.785595583487313
443250,2024-06-30,-0.19772825657333895,0.04011971814086197,0.03126992191881863,G5,-5.667924032752676
445090,2024-06-30,-0.4023653737862972,0.04781132602737865,-0.027843213395208656,G1,-9.036198485760767
445680,2024-06-30,-0.2350377282551245,0.052221772775772966,-0.05351464283875916,G1,-5.068862511738478
448280,2024-06-30,-0.11532611147324638,0.03276099687520878,0.01924687401526957,G4,-4.425792355771788
450140,2024-06-30,-0.23851198727969206,0.028242159900943354,0.003968241798742284,G3,-9.49570593342793
450330,2024-06-30,-0.5402013007719304,0.052228581364059265,0.006381299359059146,G3,-10.91104801151267
450520,2024-06-30,-0.5869784150054028,0.04789977732858971,-0.029960467187342067,G1,-12.873664711210768
451220,2024-06-30,-0.7354822541508994,0.046402141913512114,-0.01928743812287432,G1,-16.489530023022645
451760,2024-06-30,-0.3788559206323908,0.03561942112092327,-0.022998721109841046,G1,-11.469113361220112
452260,2024-06-30,0.1581617724968002,0.034062331170980654,-0.0011243033836807186,G2,3.772334717412259
452400,2024-06-30,0.04520741088646005,0.06613697966976306,0.006929318430747048,G3,0.2349691942320233
453340,2024-06-30,-0.035998274757160595,0.010910477006459838,0.03489552120810988,G5,-6.01857579488025
454910,2024-06-30,-0.15604458784949832,0.048776183852855017,-0.008228382282925124,G2,-3.8074287745482196
456040,2024-06-30,-0.21456833013811535,0.02391407982858179,0.014523850180246746,G4,-10.213045618034792
460930,2024-06-30,-0.27702287433101697,0.03675435317810734,0.019899812522386217,G4,-8.344321308263764
462520,2024-06-30,-0.12361691702932823,0.02255468649436079,0.0070974832513560964,G3,-6.796111980193963
472850,2024-06-30,0.4367605238705688,0.043603807235558824,0.03465259477939282,G5,9.336186255636616
481850,2024-06-30,-0.06308042336847289,0.014372650016972159,-0.011869430829644747,G1,-6.453067550066725
900070,2024-06-30,0.05803105702807011,0.025448849435878503,0.013273157410788477,G4,1.1145415055018526
900100,2024-06-30,0.6539238799252902,0.08224529432721243,-0.10187460982363353,G1,7.59018041053112
900120,2024-06-30,-0.022699493840346696,0.029935376669864604,-0.004925451101536507,G2,-1.749326640595756
900250,2024-06-30,-0.013284068138506619,0.03665143077672434,0.010615088325195698,G3,-1.1718867529258685
900260,2024-06-30,-0.10363284572797335,0.0245095417717496,0.006143011426042476,G3,-5.438702405531505
900270,2024-06-30,0.3947721455909122,0.05998626392278739,0.00513082807303098,G3,6.0864748635845825
900290,2024-06-30,0.10312867436405582,0.029545770534905674,0.019278610025550758,G4,2.486359806143882
900340,2024-06-30,-0.14235189935526577,0.04984987678126667,0.019035724914728908,G4,-3.450743883973366
950110,2024-06-30,-0.1653633870528975,0.034744509865648115,-0.003622643695441386,G2,-5.61327950434668
950140,2024-06-30,-0.469481961491813,0.05276058054217592,0.03413783438477983,G5,-9.460646839496347
950170,2024-06-30,-0.1424769608523406,0.0209480167753799,0.030267574430400134,G5,-8.217685748618312
950190,2024-06-30,0.060541475238002206,0.018611001741564406,0.03813956575357301,G5,1.6589229103414647
950200,2024-06-30,0.2058825379201389,0.050542352325474625,-0.029874500140639994,G1,3.4864875049910533
