종목코드,날짜,기간수익률,표준편차,Y1,그룹,성과
000020,2024-06-30,-0.05516163367746541,0.01849953765486271,0.027110095964844462,G3,-4.5781723998704
000040,2024-06-30,-0.2016512137045446,0.021921955228080853,-0.07533255501742168,G2,-10.54575882140298
000050,2024-06-30,-0.18983258706471734,0.029118909818955832,0.031152041880914198,G3,-7.533421664924601
000070,2024-06-30,0.04960980545686258,0.020271074592152445,0.0432661804844439,G3,0.9904441099656806
000080,2024-06-30,0.007871328904411314,0.015888816945549458,0.06596217079139766,G4,-1.3632928237647242
000100,2024-06-30,0.6228458797852905,0.04603450189804833,0.060404208612442105,G4,12.888451407053331
000120,2024-06-30,-0.05993084952524575,0.022107914509419353,0.020040216710434447,G3,-4.046663402444361
000140,2024-06-30,0.072377716709167,0.008171714126550043,0.05865778685295219,G4,5.243119989424459
000180,2024-06-30,-0.23973146010397897,0.019858962166334395,-0.06959217525790862,G2,-13.558810217425902
000210,2024-06-30,-0.3332130264937497,0.028159049550777505,0.0062054627480044805,G2,-12.882020924180095
000220,2024-06-30,-0.02439182801873264,0.024028912419569323,0.06112577333607177,G4,-2.244140979065143
000230,2024-06-30,0.12286981583417259,0.03894957339967398,-0.01915179254076681,G2,2.3963645468467085
000240,2024-06-30,0.11378194030348421,0.02075877695284963,0.29840305095234754,G5,4.0585002416305045
000250,2024-06-30,-0.001480602512724527,0.04301109990921195,0.03327622193717234,G3,-0.7210473948022079
000270,2024-06-30,-0.3193868311049065,0.0227953455073445,0.10724869319966873,G4,-15.306601517264891
000300,2024-06-30,,,-1.266430426187754,G1,
000390,2024-06-30,-0.04068616277986849,0.027426027585971034,0.053987666037494705,G3,-2.5602906430451107
000430,2024-06-30,-0.3130041957763433,0.021647979647453762,-0.003654121615385263,G2,-15.823030157043904
000440,2024-06-30,-0.050569585270575965,0.0491207074549438,-0.07594075542025175,G2,-1.6307180503953482
000480,2024-06-30,-0.06756738463678731,0.014319123014756184,0.01142359889252295,G2,-6.7811292326432255
000500,2024-06-30,-0.2503114062105648,0.04763739122307509,0.016696975740479573,G3,-5.874457816644699
000520,2024-06-30,0.7365920003843756,0.04284652974670711,0.006452848436608105,G2,16.502143009944113
000590,2024-06-30,-0.0006851645941785001,0.011102179644287218,0.23289990343605546,G5,-2.721772173279292
000640,2024-06-30,0.1811065927545278,0.018832619796643562,0.05250702542282593,G3,8.048490086182902
000660,2024-06-30,-0.1784429330071131,0.038214240929023896,0.25086392724269446,G5,-5.442352562171268
000670,2024-06-30,0.3564633163471388,0.06948990065921146,0.07166643709928355,G4,4.704725063949436
000680,2024-06-30,-0.2746622322399094,0.029387161910083875,0.01612677454446431,G3,-10.351277615546762
000760,2024-06-30,-0.22564857712946987,0.02285325309531904,0.06779126276787731,G4,-11.16606966585987
000850,2024-06-30,-0.04837877308753573,0.03941656793366732,0.06833643699956675,G4,-1.9766107552296246
000860,2024-06-30,-0.023900752089978314,0.019390988240712212,0.048182293305381534,G3,-2.7555682284507435
000880,2024-06-30,0.057414733327294604,0.018371198465009782,0.0028603712587026626,G2,1.517717766536007
000890,2024-06-30,-0.1300102820898939,0.012654703108631959,0.002089235412490068,G2,-12.607385550235287
000950,2024-06-30,-0.07835384880592382,0.016541262305927562,0.4335907715081495,G5,-6.522252403412586
000970,2024-06-30,-0.06704125445232229,0.00977309917148513,0.041913164801943105,G3,-9.881583291253667
000990,2024-06-30,-0.18598872351736914,0.031009479189523834,0.21481912545789447,G5,-6.95017034064121
001060,2024-06-30,-0.07830330784091406,0.02927286764267678,0.04940432960182752,G3,-3.683812197069858
001120,2024-06-30,0.01805704667506132,0.020877073250222797,0.02776871296072645,G3,-0.5496648027139748
001140,2024-06-30,,,-0.21507319035843542,G1,
001210,2024-06-30,0.08893993145627983,0.023815647882638635,-0.1028430018697373,G1,2.4944730760483345
001230,2024-06-30,-0.0615491735665671,0.011886625322773157,0.05003262253191183,G3,-7.662529112990325
001250,2024-06-30,-0.1615263214644884,0.049069971112999815,0.019691708961734184,G3,-3.893598389306216
001260,2024-06-30,0.08581060387216677,0.028300240204013435,0.002376762632790884,G2,1.9886108542568262
001340,2024-06-30,-0.28130683771109716,0.047112299539647705,0.0038670893194437325,G2,-6.597837078062774
001380,2024-06-30,0.41090836746076553,0.05467649447628736,0.10086475212572178,G4,6.975134965936307
001390,2024-06-30,-0.18390341923883577,0.023577831005955077,0.038874001360620664,G3,-9.052395795411304
001430,2024-06-30,-0.02527062069153252,0.02178371184717705,0.04804958850721501,G3,-2.5157815206330265
001440,2024-06-30,-0.3001042846462874,0.032950306317342394,0.029894965230378382,G3,-10.00405642654628
001460,2024-06-30,-0.08672797682453556,0.015906745977637676,0.0280834856998562,G3,-7.308874864310352
001470,2024-06-30,-0.9018153613488075,0.06265976661345599,-0.4018771305536107,G1,-14.863569571183076
001530,2024-06-30,0.328985345175238,0.026696607429832042,0.03425523900548376,G3,11.216889896512656
001540,2024-06-30,-0.019762468410328363,0.02029599647959043,0.1441839149657884,G5,-2.4287995656822936
001560,2024-06-30,0.00640551173610971,0.013675450101180079,0.08006420299485072,G4,-1.691127320649202
001570,2024-06-30,-0.6359662895471769,0.046800365883987095,-0.9097733122539362,G1,-14.219947130782366
001620,2024-06-30,-0.05643772295367015,0.016750037758108054,0.04389324562160876,G3,-5.132535413924396
001800,2024-06-30,0.10580341248516993,0.011885010514894599,0.08194860543706918,G4,6.417409001464068
001880,2024-06-30,,,-0.013378991846809756,G2,
001890,2024-06-30,,,-0.14636278736124259,G1,
001970,2024-06-30,,,-0.019030113779578504,G2,
002030,2024-06-30,-0.009633169011178304,0.012212854455818876,0.08597516279250426,G4,-3.2069167922416275
002100,2024-06-30,-0.1410209514032107,0.01296044080394031,0.06373185795128454,G4,-13.159536238593695
002150,2024-06-30,-0.12712029284471452,0.01719547334868606,0.03597175496731745,G3,-9.110114545411738
002200,2024-06-30,0.05893751799267815,0.0240018445817931,0.06288961127528087,G4,1.2251174641216327
002220,2024-06-30,-0.12394973725598843,0.01747949878043162,-0.02960850648339201,G2,-8.780696644013766
002310,2024-06-30,-0.029632912055366514,0.013989072761453458,0.04314367119545576,G3,-4.229397622606225
002320,2024-06-30,-0.01089921992596297,0.01573596465425453,0.01739092089274602,G3,-2.569379115847321
002350,2024-06-30,-0.12656571658676388,0.019432814375059948,0.058140341872161265,G4,-8.032709652776301
002360,2024-06-30,-0.11979080668320355,0.024937998537174103,-0.0237182032494405,G2,-5.987779872751353
002380,2024-06-30,-0.13033582073227323,0.02765664674445082,-0.018463130600820655,G2,-5.780464321429
002390,2024-06-30,0.012374290699474069,0.03206804762993144,-0.10070243716821389,G1,-0.5350543482697467
002410,2024-06-30,-0.21045414820902222,0.026085529798250844,-0.6301013826639825,G1,-9.199989001162809
002460,2024-06-30,-0.05877944334659082,0.009021022090946892,0.006223289798564516,G2,-9.789565027183233
002600,2024-06-30,-0.0228064883408124,0.010892071465854072,0.04522113471246309,G3,-4.805231725597994
002710,2024-06-30,-0.13393717881078732,0.052387605027531106,0.05043273278936271,G3,-3.120387308205249
002720,2024-06-30,0.021673047396077016,0.04628801158823819,0.01595161738063315,G3,-0.16979324362056403
002790,2024-06-30,-0.32898181126099196,0.03041891413952986,0.5342128263289683,G5,-11.78589901798918
002800,2024-06-30,0.1688235868623819,0.05081472429730476,0.09194186689804329,G4,2.7411572091394727
002810,2024-06-30,-0.020895903190161793,0.006289800858519632,0.1428320652878668,G5,-8.017478350883886
002820,2024-06-30,-0.04923093351209126,0.02576862241023592,-0.053821126346533,G2,-3.0565612426838458
002840,2024-06-30,0.0037309203481432004,0.01838825215747814,0.15985101119680864,G5,-1.4031523200400569
002870,2024-06-30,0.1238347431753636,0.04663053292627616,0.03711367921278607,G3,2.022329538889621
002880,2024-06-30,-0.15974012511024724,0.019682301492637222,0.026986741341536315,G3,-9.61638374482988
002900,2024-06-30,-0.24253864851330115,0.036456166420004946,0.043791855248814134,G3,-7.462964822005946
002920,2024-06-30,-0.2400206650623846,0.009852699087774553,-0.08906580093489026,G2,-27.35830067328883
003000,2024-06-30,-0.06765055421137739,0.023997715451395618,-0.07576636878642652,G2,-4.049676871642205
003030,2024-06-30,-0.08846207571681278,0.02754147906023381,0.06105171372565879,G4,-4.2842475701158405
003060,2024-06-30,-0.09624993737011392,0.05588956040563539,-1.5451687457312364,G1,-2.250552258446846
003070,2024-06-30,-0.3671603708879763,0.03365021951367832,-0.03163174686153097,G2,-11.78871388197384
003080,2024-06-30,-0.10823358849999432,0.014039008689966768,-0.13867636621023932,G1,-9.813087986963177
003100,2024-06-30,-0.09853943240175488,0.0075963037142692345,0.14668285755826685,G5,-16.859761832003798
003160,2024-06-30,-0.24740433830072925,0.05445881016601528,-0.019761113834378154,G2,-5.08525207364777
003200,2024-06-30,-0.08559154828960323,0.013291489015425406,0.16052074098966923,G5,-8.661481582717075
003220,2024-06-30,0.05774506050717362,0.03162912855760322,-0.016451303790174118,G2,0.8919822571590089
003240,2024-06-30,0.05496988107953799,0.01751458589202955,0.08940369274943036,G4,1.452357607080148
003280,2024-06-30,-0.2894338047503031,0.03348866122386137,0.15202368230875446,G5,-9.524604212826018
003300,2024-06-30,0.04819412769122609,0.015858074109544856,0.1378284569653494,G5,1.1767941389303713
003310,2024-06-30,-0.08274634816743343,0.01983820816522149,0.046957501783993334,G3,-5.65972421786865
003380,2024-06-30,-0.0798153387436609,0.01946803473491929,0.018071292204301787,G3,-5.616785631264411
003480,2024-06-30,-0.06812277167863293,0.009780464509010193,-0.004335355400237373,G2,-9.984721136001149
003490,2024-06-30,0.03551038110474772,0.013970576641010538,0.08158149811344265,G4,0.4278951566543985
003550,2024-06-30,-0.04674813565155378,0.0197607425497991,0.15922385559104452,G5,-3.8602079088733197
003570,2024-06-30,0.16997037245332702,0.038462274765010775,0.3241329970315844,G5,3.6513163687524153
003580,2024-06-30,0.050665500731127355,0.049654008284502726,-0.005831968180380281,G2,0.42560635962460375
003610,2024-06-30,0.170951100425176,0.02851338624266293,0.021376566606118915,G3,4.959728746254249
003620,2024-06-30,-0.10948864537649036,0.023437829228920876,0.033114679368562036,G3,-5.93148294763309
003650,2024-06-30,0.2586195068071968,0.016650737472076124,0.2501564183521568,G5,13.758373655641002
003720,2024-06-30,0.14695820947862673,0.03509465065632181,0.11532574235540911,G4,3.345973481946711
003780,2024-06-30,0.11418307058763419,0.01807239153179721,0.11315630779031095,G4,4.683975079574091
003800,2024-06-30,0.06258448646031928,0.01066121249808887,0.27802145706816245,G5,3.1002146746304846
003850,2024-06-30,0.19324906028357433,0.03364723909432343,0.09254259135072997,G4,4.865677709848248
003960,2024-06-30,-0.6329132515422774,0.04951427425290713,0.04031952057389345,G3,-13.378883171811276
004060,2024-06-30,-0.03482682241332299,0.03337133545171718,0.201495998531033,G5,-1.928579140347274
004080,2024-06-30,-0.016182561546519793,0.00528504110564257,0.060643083238879826,G4,-8.649885527305065
004090,2024-06-30,-0.04861045081374143,0.046956350147243364,0.016400361643118273,G3,-1.6641602167352259
004100,2024-06-30,0.3552172011843641,0.05058522145353486,0.0044280854352212635,G2,6.438338170746809
004140,2024-06-30,-0.342367566510641,0.043317199320735376,0.05207530760309659,G3,-8.585504403951793
004150,2024-06-30,-0.1571302387243817,0.007677756171024898,0.08997556609943808,G4,-24.31213932701049
004170,2024-06-30,-0.006409994206239129,0.018243765035031716,0.03619733291563164,G3,-1.9701214722735478
004360,2024-06-30,-0.14337305017311192,0.020092428828535586,0.0822910307453044,G4,-8.605504624305999
004380,2024-06-30,-0.2530608698274671,0.024608783994713276,0.008079426956301046,G2,-11.483432456986378
004430,2024-06-30,0.15589951016366488,0.03173148864333171,0.03866247929775045,G3,3.9823871032231057
004440,2024-06-30,-0.026618079555650098,0.019474409465073547,-0.0041172209704584415,G2,-2.8832976260843077
004450,2024-06-30,-0.014180025612774,0.012733041119761888,0.0742391386109149,G4,-3.4329948537841264
004490,2024-06-30,-0.33978140892927466,0.03279181606728432,0.10896445540421133,G4,-11.26237861287961
004540,2024-06-30,-0.17746172255981665,0.030077700017002787,-0.021928158157893285,G2,-6.88198105131689
004560,2024-06-30,-0.22255238898611562,0.031048851182435847,0.06260051489041076,G4,-8.118974403571775
004650,2024-06-30,0.02711951990172799,0.010357610041731923,0.10403449147294574,G4,-0.23296099321564862
004690,2024-06-30,-0.005448712492872595,0.0090526771678207,0.019661768756314243,G3,-3.8641775100087914
004720,2024-06-30,-0.07455245575416311,0.023040149116516685,0.024471644394919917,G3,-4.517544320229182
004830,2024-06-30,-0.14221889029841225,0.03266854048551647,0.07398047586620847,G4,-5.257392181292827
004840,2024-06-30,-0.09906792639532144,0.018776883940543783,0.03298546015783736,G3,-6.848866181786038
004890,2024-06-30,-0.040080173442629596,0.008536391328122237,0.05521932774926394,G4,-8.154805677393028
004910,2024-06-30,-0.11157621302649195,0.028791640905115174,0.05754012172293242,G4,-4.901028479617241
004920,2024-06-30,0.259446677507078,0.03133126988773607,-0.1460354556790825,G1,7.338171714919305
004960,2024-06-30,0.025436726219470872,0.019972260215572028,0.03900581095211867,G3,-0.20507007022299883
004970,2024-06-30,-0.2096367176324056,0.02024713768143851,0.06310827504650361,G4,-11.812492235682937
004980,2024-06-30,-0.030477961101859023,0.020216609757492926,0.07488558964009363,G4,-2.9683710991160357
005010,2024-06-30,-0.08776635159149736,0.021900982876086255,0.031108477228680917,G3,-5.355868788152264
005180,2024-06-30,-0.4011385438414646,0.02680744315898385,0.08917491453761683,G4,-16.065350966585044
005250,2024-06-30,0.18867160230612848,0.02758523770656491,-0.04469782764999773,G2,5.768997351937457
005290,2024-06-30,-0.3582126730030684,0.028363313263562954,0.12140987223151588,G5,-13.670656471773238
005360,2024-06-30,-0.21035580808573318,0.020236507292871228,-0.1318638562119629,G1,-11.854231742580872
005380,2024-06-30,-0.28977747104510426,0.025253208589774496,0.09271093147376308,G4,-12.644330281213815
005390,2024-06-30,-0.020666724050097222,0.01946544665423011,0.0816167633912251,G4,-2.578885754135957
005420,2024-06-30,-0.19872075015296986,0.0405069139762002,-0.0100648557748509,G2,-5.634919246414823
005430,2024-06-30,-0.21715723292811173,0.03017925074482438,0.07603408049520938,G4,-8.174148325892691
005440,2024-06-30,0.018421584991941624,0.024329533999853582,0.2364311133186133,G5,-0.4566817446037181
005450,2024-06-30,,,-0.10349964357882786,G1,
005670,2024-06-30,-0.05014819758912624,0.020388941009927924,0.033296193330844874,G3,-3.9080321324544434
005680,2024-06-30,0.0624314926984629,0.01569372574377975,0.13050283263550244,G5,2.0963188863621047
005720,2024-06-30,-0.055360853509093484,0.011415102162831278,0.06311548186271376,G4,-7.436927968100436
005740,2024-06-30,-0.12487700666551158,0.01959788057942699,0.04873978382979901,G3,-7.878884916361526
005800,2024-06-30,0.003026693207667603,0.011382667259234383,0.03009379330483332,G3,-2.328605871810879
005850,2024-06-30,-0.2756814542301723,0.022290538202423403,0.09526929098321857,G4,-13.692531354912733
005880,2024-06-30,-0.43822589097100795,0.029116693456886156,0.12713017012204533,G5,-16.06495362146873
005950,2024-06-30,-0.20265060477957203,0.044870849665810196,-0.026096323155428126,G2,-5.1744739743779915
005960,2024-06-30,-0.17058850839269243,0.013876281974593842,-0.14141719692728927,G1,-14.421798849539464
006040,2024-06-30,-0.04588724821066409,0.017810751188650227,0.021296185199582707,G3,-4.234503443241349
006060,2024-06-30,0.06756395405215501,0.01791639500688586,0.017623595221081947,G3,2.1227213964164116
006110,2024-06-30,-0.2787878382956034,0.042640601653641426,0.0027966504744838033,G2,-7.230673709165726
006120,2024-06-30,-0.10698270411424453,0.01457963530455164,0.00767878718537744,G2,-9.363412752582082
006280,2024-06-30,0.3971503691504014,0.03356815742941227,-0.021696166882455684,G2,10.951388407273912
006360,2024-06-30,0.20804528388622312,0.031683618537705176,0.010678688468196784,G2,5.634231602977835
006370,2024-06-30,0.0071621247105780935,0.04169408435603993,-0.4444813467778895,G1,-0.5365344906674154
006400,2024-06-30,-0.040436091441469785,0.03104461088670607,0.06767362881537548,G4,-2.2538060058540452
006570,2024-06-30,-0.0903565241154976,0.019750330728302474,-0.034574456936795624,G2,-6.070225597188883
006620,2024-06-30,-0.17705650756281652,0.041217943034370264,0.037112331643236525,G3,-5.012111992462582
006650,2024-06-30,-0.192586062066993,0.030139290811175366,-0.0024043728780501383,G2,-7.369732170639655
006660,2024-06-30,-0.47602365931839274,0.043294756400499894,0.13127997201128608,G5,-11.677074555313714
006840,2024-06-30,-0.13173814914366552,0.015942731153582655,-0.012538463037395229,G2,-10.115618623589157
006890,2024-06-30,-0.26639574472662203,0.02883613788871724,0.21512642430912757,G5,-10.262407014872839
006920,2024-06-30,-0.20048919398216702,0.02208671816976855,0.0017424879416188233,G2,-10.41447766202776
006980,2024-06-30,-0.06807934545482973,0.02281668916232623,0.0014994993769179737,G2,-4.278087139846373
007070,2024-06-30,0.048736143465910285,0.018170175941780126,0.021740199697291854,G3,1.056880489382794
007160,2024-06-30,0.42775790287327364,0.050144202884081175,0.11207596643747585,G4,7.941605229411363
007210,2024-06-30,0.0019352937121790597,0.020284355573202743,0.09251496405615324,G4,-1.3605137817969042
007340,2024-06-30,0.21218946988002435,0.02412147013258446,0.12439032364287991,G5,7.572383849394489
007460,2024-06-30,0.0525090659460373,0.04698126411610733,-0.527564921591003,G1,0.4890593591705768
007530,2024-06-30,-0.0651902217115113,0.015425379072379758,0.0008209661404872625,G2,-6.140702299206975
007540,2024-06-30,-0.1528527125429992,0.012989855768785814,-0.014900768640412941,G2,-14.04058326849593
007570,2024-06-30,0.0031863528505407896,0.01870646368912388,0.021456256046590294,G3,-1.408394799342396
007590,2024-06-30,-0.01653033973415141,0.004801682756595739,0.03341355955658712,G3,-9.593049164955431
007610,2024-06-30,,,0.5677998080841397,G5,
007660,2024-06-30,-0.38555736593182866,0.047037488311821085,0.10766860197028764,G4,-8.824659220843257
007680,2024-06-30,0.05469534392766201,0.024486504075999043,0.03175343066180246,G3,1.0276234135004891
007690,2024-06-30,-0.16920781863825743,0.020431094639705313,0.014359330755565761,G3,-9.72734262002881
007720,2024-06-30,1.0002699305024905,0.06577381869661765,0.06210813281009843,G4,14.758721794087034
007770,2024-06-30,-0.13235472342177623,0.018316865718497343,-0.04352338424277327,G2,-8.838147581258086
007810,2024-06-30,-0.34302113832891157,0.036137918887376844,0.005358277349912028,G2,-10.30921505232103
007820,2024-06-30,-0.03415231180921907,0.02784378739370725,0.09218936304561362,G4,-2.287215813463731
007860,2024-06-30,-0.26084491959901196,0.02516163424720957,0.04673035957085187,G3,-11.540480867438294
008060,2024-06-30,-0.0450515179743314,0.007053444216358067,0.058813057387217885,G4,-10.57411878664178
008250,2024-06-30,-0.04443337035118821,0.023442579122281943,0.005312381009824453,G2,-3.1551907744346557
008350,2024-06-30,-0.19751558315960008,0.022216868345110892,0.10303271091912719,G4,-10.219623155572021
008470,2024-06-30,-0.0039067401549904065,0.01731783699190441,0.04051095664171038,G3,-1.93090968548858
008500,2024-06-30,0.17917574280632506,0.03594735037020852,0.14265702459127566,G5,4.16284655867021
008600,2024-06-30,0.06726802718329804,0.02098354765597812,-0.030059878619860675,G2,1.798341671178615
008700,2024-06-30,-0.25278512097409506,0.025965833796551003,0.03881858214291225,G3,-10.872655282727145
008770,2024-06-30,-0.17250207266349188,0.016445288708067274,0.027357847784169304,G3,-12.2852517383154
008870,2024-06-30,-0.08114876647911522,0.016711394294814535,0.026459984875634144,G3,-6.62309820179692
008930,2024-06-30,0.5191174514230634,0.04810815972898779,0.06583244848401212,G4,10.176756191812332
008970,2024-06-30,-0.433051717338531,0.03268490426641996,-0.326224345343913,G1,-14.15283803777801
009070,2024-06-30,0.06630380934048069,0.060964266427938826,0.031099381645849883,G3,0.6031626798881451
009140,2024-06-30,-0.09655222964110922,0.014139472841937117,0.2447650018113356,G5,-8.917211417637672
009150,2024-06-30,-0.2629866663505213,0.02481637340446432,0.07029721999959544,G4,-11.787343001628477
009160,2024-06-30,0.0350821399822589,0.019671858628906295,0.07706773319760717,G4,0.2821137068214694
009180,2024-06-30,-0.30062173926294516,0.0251144986329816,0.017721869850391692,G3,-13.14595935647151
009240,2024-06-30,-0.11113690594470467,0.026666787562992476,0.028327916286190732,G3,-5.275076521189692
009270,2024-06-30,-0.04029010713946169,0.017390579021747593,-0.009290652400469933,G2,-4.014963853505747
009300,2024-06-30,0.0889107500857296,0.050555884961381484,0.25362857368128866,G5,1.17450839020417
009310,2024-06-30,-0.23060876356503196,0.0207587403346184,-0.2631484474139867,G1,-12.531646833868654
009320,2024-06-30,-0.09064699919952512,0.029112480314270675,0.011846895574976594,G3,-4.1281071528970505
009440,2024-06-30,-0.5766681100602997,0.06862976798332404,-0.40841992011237305,G1,-8.83290978387086
009450,2024-06-30,0.5837735960121073,0.036156947650170225,0.09262541341820044,G4,15.328759560961107
009470,2024-06-30,-0.6316709055313663,0.05469180509794272,0.11749148196063179,G5,-12.089623726473572
009540,2024-06-30,0.19262545116850388,0.03434320348616237,0.05408205754262885,G3,4.7489166876883635
009620,2024-06-30,-0.5879052057330757,0.03553232538414356,-0.04265147792998725,G2,-17.3767868576651
009730,2024-06-30,0.13570110984575365,0.08501452612147298,-0.09903004583489496,G2,1.2488297666879227
009780,2024-06-30,-0.18561176612602798,0.03906963632811528,0.12227434768697582,G5,-5.506685635453335
009830,2024-06-30,-0.20176135544347448,0.035248970057525385,-0.12307107303384716,G1,-6.561717805950057
009900,2024-06-30,-0.003253373694456406,0.029787787354307572,0.0876917993479102,G4,-1.1006461248322805
009970,2024-06-30,0.08170926766532338,0.020016880734451185,0.2094491993402499,G5,2.606641331040718
010040,2024-06-30,-0.10828531436766288,0.021028076494541654,-0.002493353468320465,G2,-6.553987637805437
010060,2024-06-30,-0.23457612685603196,0.020284371170428514,0.024015362075782497,G3,-13.020298418984355
010100,2024-06-30,-0.3495780704321576,0.027678874711287143,0.03933104414289348,G3,-13.696745746023797
010120,2024-06-30,-0.32113711663580485,0.046472679365328076,0.057086079445118273,G4,-7.545714179798712
010130,2024-06-30,0.8191462445898112,0.061669615756121475,0.057385576049698926,G4,12.803935874807879
010140,2024-06-30,0.056730172572230855,0.027729503856406337,0.029226066275692193,G3,0.9808229418268924
010170,2024-06-30,-0.1195232108213877,0.022336765296472865,-0.19826913143972333,G1,-6.673108118717391
010240,2024-06-30,-0.10765153869124944,0.016314498068943736,0.08265981504384705,G4,-8.40871580209893
010280,2024-06-30,-0.13531527238081717,0.015778501854090042,-0.0024947400878841844,G2,-10.447614921214857
010400,2024-06-30,-0.14100625150962665,0.030448363011263368,-0.10867610447176912,G1,-5.600914915226533
010420,2024-06-30,-0.046684580073454496,0.018939392842422093,-0.0006309583775898291,G2,-4.02425884145173
010580,2024-06-30,-0.0664691199557256,0.016090308288451025,0.00039519605384929856,G2,-5.966421354960731
010620,2024-06-30,0.20911920388817626,0.03241445207487078,0.02562194637351183,G3,5.540330111055932
010640,2024-06-30,0.1297164578592881,0.022127815941276878,0.07599300964801162,G4,4.5275150110055
010690,2024-06-30,-0.4676122999104889,0.03478975283580528,0.033599435001256915,G3,-14.289976168592453
010770,2024-06-30,-0.07258359082905774,0.017171567814773796,-0.020369151627574147,G2,-5.946808757065912
010780,2024-06-30,-0.1867416964628696,0.02411161426920538,0.0589075849694941,G4,-8.969707837582595
010950,2024-06-30,-0.1399893113139753,0.014667786339893494,-0.002229376361819101,G2,-11.557418850402785
011040,2024-06-30,-0.04639155326704521,0.015885239662444844,0.02947681932560327,G3,-4.779530803739239
011070,2024-06-30,-0.3822558457632715,0.032132653350601594,0.021708048416021097,G3,-12.815259303195768
011090,2024-06-30,0.038495338744421896,0.025075085248776198,0.04500551925605757,G3,0.35744244261219815
011150,2024-06-30,-0.4125164931019744,0.033899636653499536,0.0015588702754434026,G2,-13.039931272559258
011160,2024-06-30,,,0.03161995573833936,G3,
011200,2024-06-30,-0.11731445832458831,0.021626930785611596,0.24808630368637158,G5,-6.790001725380091
011210,2024-06-30,-0.30933659832288934,0.02091378259016279,0.020477701073658643,G3,-16.203144308608877
011230,2024-06-30,-0.14395545082156946,0.026273296531508214,-0.1735608056562834,G1,-6.6032022147622245
011300,2024-06-30,-0.9208450438972461,0.04174362733098836,-2.7895383382742702,G1,-22.767007653312486
011320,2024-06-30,-0.0671410697016458,0.03264616586893303,0.03302864438469067,G3,-2.961251533002629
011370,2024-06-30,-0.029853001034137717,0.01773700094158913,0.010325910919796073,G2,-3.348110554546059
011390,2024-06-30,0.14778067195892852,0.042330405552958326,-0.0075968852626069954,G2,2.793458540967707
011400,2024-06-30,,,-0.34995439165910847,G1,
011560,2024-06-30,-0.19944109544494293,0.02007204442684728,0.03565232700822452,G3,-11.407584080626613
011690,2024-06-30,-0.13227161584479089,0.045950934776732635,0.10240793959671254,G4,-3.521235327537036
011700,2024-06-30,-0.23144165746018336,0.03843968825179807,0.2245048740324853,G5,-6.7891834807574485
011760,2024-06-30,-0.13853926336463188,0.021684469029818246,0.017786781800235636,G3,-7.75078707981769
011780,2024-06-30,0.012922358710917903,0.03120379109166133,0.07101711408044312,G4,-0.5323096884183116
011790,2024-06-30,-0.04217960388357342,0.03962902497943364,-0.2439850383969362,G1,-1.809583832687789
011930,2024-06-30,-0.2841081786435493,0.023470134854368913,-0.04326269786672747,G2,-13.363392226506788
012160,2024-06-30,-0.11410584372702101,0.01811856070746355,-0.003008732727923606,G2,-7.927687252345743
012170,2024-06-30,-0.8499535018707757,0.042992905164389306,0.4119325034502072,G5,-20.456536666511138
012200,2024-06-30,-0.15891934376006087,0.0183386848775917,-0.001108286419553623,G2,-10.276188507646095
012320,2024-06-30,-0.02744992249470264,0.03188928786762747,0.051766866576088665,G3,-1.7868809662864478
012330,2024-06-30,0.0059966200625934715,0.01863481366820575,0.06807554423800198,G4,-1.2630026455243275
012340,2024-06-30,-0.2614886353219684,0.01700844583552427,-0.0414939893583607,G2,-17.110386049413446
012450,2024-06-30,0.39477206870042203,0.031146793112332934,0.05740140941302853,G4,11.726395984291909
012510,2024-06-30,-0.14842229252153444,0.036542268516920426,0.10733893122447802,G4,-4.869832628577097
012600,2024-06-30,,,0.1983086675152086,G5,
012610,2024-06-30,-0.08086606343372484,0.020994797672162262,0.0721066844632732,G4,-5.258374202124191
012620,2024-06-30,-0.10582671876751136,0.016459585934888537,0.016934147171807076,G3,-8.223728004298563
012630,2024-06-30,0.3527430662997466,0.022331300776772305,0.041098531695707353,G3,14.473434866433795
012700,2024-06-30,-0.16025414170617308,0.014571448190883955,0.038905756949291825,G3,-13.024551729133945
012750,2024-06-30,0.1169919406084018,0.015016715873784876,0.062293439842424664,G4,5.8241430629111255
012800,2024-06-30,-0.15467700048369354,0.02242524473430961,0.022350561749936257,G3,-8.214378112282166
013000,2024-06-30,-0.03539365503021817,0.017176932121049204,0.0908524699118767,G4,-3.779842267353769
013030,2024-06-30,-0.14021587100734728,0.025717744153686155,0.2833651247625783,G5,-6.600435443223246
013120,2024-06-30,-0.008189608073262682,0.01518326921670256,0.054801835518142356,G3,-2.4844482804899664
013310,2024-06-30,-0.24083246006567618,0.021598381164037842,0.0050228612608316904,G2,-12.517831639170934
013360,2024-06-30,0.07526142169871568,0.029032944118282653,0.004849196508025417,G2,1.5750721831041912
013570,2024-06-30,-0.0935237023362124,0.025822507442224925,0.03892488648829936,G3,-4.765460582630385
013720,2024-06-30,-0.07084074698172603,0.030037456382556407,-0.05833036002591414,G2,-3.341600724367786
013810,2024-06-30,0.34266847446547044,0.06530252043727934,-0.04625350190594459,G2,4.795160023598719
013870,2024-06-30,-0.14475644580778368,0.011675891377645192,0.026942913230085738,G3,-14.927244455688378
013890,2024-06-30,0.6133226822106357,0.03916665894673557,-0.05052746945987221,G2,14.90528574265594
013990,2024-06-30,0.01354212454291282,0.03330833945753085,0.1097707704252119,G4,-0.4800693982918467
014200,2024-06-30,,,-0.004310775170656867,G2,
014280,2024-06-30,-0.1732938576315503,0.02196593700945687,0.027641964880742182,G3,-9.233673781756675
014440,2024-06-30,-0.04723289425041331,0.010401436792496253,0.16321709002608437,G5,-7.380262439337532
014470,2024-06-30,-0.16765619665243328,0.028971615284211424,0.0023220904859043863,G2,-6.806269990209515
014580,2024-06-30,-0.13487905845555095,0.021209858966483846,0.1168380745082004,G5,-7.751654442386761
014680,2024-06-30,-0.33110500818840993,0.02975543017579758,0.18346027077154733,G5,-12.1200548969423
014710,2024-06-30,0.1776361384962895,0.05078158805195297,0.05253430996691257,G3,2.9164842052670594
014790,2024-06-30,0.06544261983701817,0.030592156414199153,0.014051580376567554,G3,1.1738362058047158
014820,2024-06-30,0.13736591045798227,0.03640975747893231,0.0647433763560911,G4,2.9616640950159434
014830,2024-06-30,-0.3382496642251989,0.02711229671951234,0.09308183356500309,G4,-13.56514009323679
014910,2024-06-30,-0.10534809360400164,0.022764066905267312,0.0847409437964603,G4,-5.925150949067993
014940,2024-06-30,-0.06709433362893334,0.03177441288538943,0.1211027199295276,G5,-3.041024644636461
014990,2024-06-30,0.459211438532132,0.06526831753431706,0.061428204701755716,G4,6.583270654737244
015230,2024-06-30,-0.07304738563452985,0.022559221960912555,0.12217341632551593,G5,-4.547134862924615
015260,2024-06-30,-0.19016813472840438,0.032473781765650835,-0.06405643145423748,G2,-6.765475463815029
015360,2024-06-30,0.1550746198490634,0.013440725757428143,0.055311837803442385,G4,9.340431691740388
015590,2024-06-30,-0.326054305199588,0.02999292107615037,-0.008307344019405924,G2,-11.855688991451121
015760,2024-06-30,0.18258235352842256,0.02012633830819862,0.005588533625102674,G2,7.604459000954299
016250,2024-06-30,0.004182657424451373,0.025044373166919813,-0.02442656414942604,G2,-1.012194692635488
016380,2024-06-30,0.09365378137082016,0.02150502106351465,0.044139635150023185,G3,2.981691678285216
016450,2024-06-30,0.172940964321004,0.05707775677697613,0.025885786400660117,G3,2.5125115876043242
016590,2024-06-30,0.002104743658303111,0.016129407894303567,0.08742778330134578,G4,-1.700477509516873
016670,2024-06-30,-0.32871263513792304,0.0492785286091542,-0.21380562822130372,G1,-7.269800545460362
016710,2024-06-30,-0.1314305822788021,0.011862868839090497,0.025194800477705736,G3,-13.568642078616547
016740,2024-06-30,-0.003969479162493773,0.024487223688756478,0.03518710467973847,G3,-1.3681386919443508
016880,2024-06-30,-0.23423221269025146,0.02199146105077952,0.018171611811878038,G3,-11.993957614075494
016920,2024-06-30,-0.13855010383708652,0.013737753031944685,0.006514407000588501,G2,-12.235082583784328
017040,2024-06-30,-0.5028409950835677,0.025940678814402568,-0.32899332084004274,G1,-20.522725635551915
017180,2024-06-30,0.22549582586942213,0.04627638265992161,-0.03603802551769168,G2,4.234630616769212
017250,2024-06-30,-0.0937094338592734,0.014311326330956838,-0.059230638819561254,G2,-8.611492047182173
017370,2024-06-30,0.0738980818982951,0.032243602601670564,0.050527545153626466,G3,1.3759517949029134
017390,2024-06-30,-0.07460729104833791,0.009548267507012178,0.006218954553016637,G2,-10.906662386265223
017550,2024-06-30,-0.13393884495915467,0.021887276566142835,0.032002774582944135,G3,-7.468781394045921
017650,2024-06-30,-0.11657944679474559,0.011107202304474874,0.045305471841507815,G3,-13.15469744890396
017800,2024-06-30,0.086352919390846,0.02203610740070512,0.029304055398384134,G3,2.5785171279677823
017810,2024-06-30,-0.39758191076336663,0.022657381541119015,0.0065828804387177775,G2,-18.851002222504054
017860,2024-06-30,-0.2088457640768967,0.05262108417899781,0.0074766167206843865,G2,-4.53008916141695
017890,2024-06-30,-0.12513555740402157,0.016841591085033625,0.08165550321136002,G4,-9.183692659885228
017900,2024-06-30,-0.1273124720391317,0.016586733109378617,0.0952190218491967,G4,-9.456045987430599
018120,2024-06-30,0.13320839704103665,0.010889305050947979,0.16523702730414894,G5,9.520897571660996
018250,2024-06-30,-0.2276613719066281,0.028882908565160546,0.07454756462122687,G4,-8.904706060014103
018260,2024-06-30,-0.02161574412401704,0.019426656080683728,0.05655276074280275,G4,-2.6328866345281536
018290,2024-06-30,0.16124413277113214,0.04938004402080061,0.1417659544102864,G5,2.6673061225150048
018620,2024-06-30,-0.04124836122107929,0.01652326711631909,0.20095753227145283,G5,-4.283704896083376
018670,2024-06-30,0.14338592374310172,0.01582235404529715,0.023286134462787763,G3,7.195736133369607
018700,2024-06-30,-0.12931954791478992,0.025877985325295116,-0.24228026186919205,G1,-6.138498996052297
018880,2024-06-30,-0.14241647817384814,0.028136211789302285,-0.012189528405775541,G2,-6.111303059767817
019010,2024-06-30,0.08158172369292399,0.0142944144237,0.2887681216614192,G5,3.6412323811066054
019170,2024-06-30,0.12104357907932499,0.04941940232356059,-0.00048135606393500096,G2,1.8517249451094033
019210,2024-06-30,-0.10040956646653572,0.016017305129396912,0.03126770990191032,G3,-8.112600992562758
019440,2024-06-30,-0.006020598916608507,0.006888092768204069,0.009003385863838347,G2,-5.161521358294435
019680,2024-06-30,-0.06535517716446632,0.020203524671466074,-0.027468227780855402,G2,-4.696587240684226
019770,2024-06-30,-0.0233852169261997,0.020945154667075618,0.06153472801729078,G4,-2.526486759907911
019990,2024-06-30,-0.17027670796110816,0.04522549168436204,-0.0019242211908325028,G2,-4.418064669810719
020000,2024-06-30,-0.1179580500084966,0.014891322645819334,0.004921654128137887,G2,-9.904458626063956
020120,2024-06-30,-0.09562292918572453,0.02631993358471845,-0.025682131764041896,G2,-4.755155168126294
020150,2024-06-30,-0.26763293092851087,0.037563106739276736,0.030578107158954964,G3,-7.911096704953295
020560,2024-06-30,-0.0288648343745355,0.017777319550572202,-0.060587199757967745,G2,-3.284931298714608
020710,2024-06-30,-0.15900507409726639,0.01655623700740123,0.11726808996332128,G5,-11.387703198339914
020760,2024-06-30,-0.2403765899715907,0.015441438396355527,0.02074940411003376,G3,-17.47952632830401
021050,2024-06-30,-0.07191713246191642,0.020069793297518124,-0.012233110952642642,G2,-5.054838880620267
021240,2024-06-30,0.007483388283401456,0.025423689886159666,0.14246489221340258,G5,-0.8672639903852825
021820,2024-06-30,-0.27840108444182726,0.015798737709371433,0.5270522104009775,G5,-19.491020683478954
021880,2024-06-30,-0.06157210356570961,0.0396757695267812,-0.04630662630354613,G2,-2.2962262276628094
022100,2024-06-30,-0.28256683520539144,0.03751261522705105,0.057760682464449355,G4,-8.319848465396277
023160,2024-06-30,0.011097036217151132,0.03891259220425894,0.1594229298880885,G5,-0.4737644490623621
023410,2024-06-30,-0.044617533603534196,0.01384817535743942,0.08440497497334283,G4,-5.354494055282893
023440,2024-06-30,0.05226837505746985,0.0399091530753048,0.4511818385480072,G5,0.5696922705971498
023460,2024-06-30,-2.3321337194168996,0.1103903766048881,-0.11707788996534453,G1,-21.393768470364247
023530,2024-06-30,0.05083065848574453,0.01725173050204132,-0.02324455035607044,G2,1.2345555397375452
023590,2024-06-30,-0.021693750782372102,0.012762242504808155,0.10020941849060777,G4,-4.013886257643431
023800,2024-06-30,-0.05133432616403057,0.0245586997719945,0.07789084033353183,G4,-3.292795055894498
023960,2024-06-30,0.3174954760900029,0.04844907912128171,0.04777079467438352,G3,5.9436225061112085
024070,2024-06-30,-0.12616657756921693,0.015746229388665395,-0.04594373218375027,G2,-9.888019077486826
024120,2024-06-30,-0.133134143198499,0.023077396129876502,0.02371220890673379,G3,-7.048740737794829
024720,2024-06-30,-0.38193542113276063,0.02313442936060604,0.059671452172586306,G4,-17.785952432343542
024740,2024-06-30,0.4771558742482052,0.04778661601394422,0.06901647449477603,G4,9.36712980666381
024800,2024-06-30,-0.09692362846602033,0.014881665537360256,0.29166206728053695,G5,-8.497440503077025
024810,2024-06-30,,,-0.7789346572452289,G1,
024880,2024-06-30,-0.2418425849240585,0.028681786004675414,0.03951394284950518,G3,-9.461580387783798
024890,2024-06-30,-0.3808949907432569,0.02330578868983306,-0.1104823587278218,G1,-17.610535958677612
024900,2024-06-30,-0.1862357186616297,0.0301614374817027,0.008539167380911226,G2,-7.153775671896099
024910,2024-06-30,-0.03814862244579822,0.04274145661048891,-0.0016979822020941403,G2,-1.5834991794261706
024940,2024-06-30,0.4245308505984723,0.03698958695535511,0.01722017660321414,G3,10.678638073218515
025000,2024-06-30,-0.032301478872460404,0.010106923736478654,0.07823782930741469,G4,-6.117976103220716
025320,2024-06-30,-0.4669920672225206,0.03809693536251371,0.1046248936178828,G4,-13.033187617906838
025440,2024-06-30,-0.46237304943443064,0.039670088372355326,0.011272842607971692,G2,-12.39990906603607
025530,2024-06-30,-0.08381696015631981,0.01742975969014236,0.12479134865967477,G5,-6.503210669325313
025540,2024-06-30,0.13852180865028157,0.029269475590089803,0.11979572059672738,G5,3.723652967079242
025560,2024-06-30,-0.1927512956329619,0.05237424903363236,-0.790139920076634,G1,-4.244141706253614
025770,2024-06-30,-0.021409148053945816,0.018874426166571492,0.059546299131190326,G4,-2.6989740842324905
025860,2024-06-30,-0.07138891431343798,0.013895164511198802,0.020161226315889236,G3,-7.263055666342827
025870,2024-06-30,-0.16021694544520051,0.022990782637767007,0.03521172962776333,G3,-8.253280780354515
025980,2024-06-30,-0.0605994041953062,0.024923028285872215,-0.14840457355994893,G1,-3.6164081742341185
027040,2024-06-30,-0.15359253499197406,0.039674564541789005,-0.10256061514356521,G1,-4.615676974185305
027050,2024-06-30,-0.2011864355558167,0.029451692283047542,0.011758617246486594,G2,-7.833807047923329
027410,2024-06-30,0.03186643391533778,0.012597473113996987,0.15576049966983324,G5,0.18527484598115587
027580,2024-06-30,-0.27987938304270726,0.02468237180036973,0.07903295587553237,G4,-12.535741077462525
027970,2024-06-30,-0.10878736532493744,0.039888196370610196,0.022440830447881255,G3,-3.467687610243574
028050,2024-06-30,-0.2702593543343668,0.027465261349768594,0.0764121970616044,G4,-10.915308233951428
028080,2024-06-30,0.07941540236869857,0.04648702064037899,-0.24053158322729243,G1,1.073051416441595
028100,2024-06-30,-0.03654979051311551,0.02447888728586757,0.025780009785713903,G3,-2.699560186939424
028260,2024-06-30,-0.16919929272065795,0.02423999611623521,0.06670135928603867,G4,-8.19850509843703
028300,2024-06-30,0.21348387398453383,0.04968640698170845,-7.247702292008913,G1,3.7022486860010515
029460,2024-06-30,-0.05850159352322539,0.02578356999781743,-0.023003395314969335,G2,-3.414346134188077
029480,2024-06-30,-0.10265286129788424,0.047446407759596146,33.7419998236283,G5,-2.785991744454873
029530,2024-06-30,0.0882264729475859,0.013263313054340439,0.1746435741687116,G5,4.425292058079558
030000,2024-06-30,0.008104212509061282,0.01202612664146715,0.05996024094077025,G4,-1.7818061587213399
030200,2024-06-30,0.18203937134381676,0.016808319416292707,0.06271249277656311,G4,9.073300461651026
030520,2024-06-30,-0.1265667890083726,0.03318342840803986,0.23414887703398052,G5,-4.7041320177436
030720,2024-06-30,-0.1657590611093445,0.015681173960280837,0.04106125403991235,G3,-12.45388263840402
031310,2024-06-30,-0.2990713062401601,0.02557026156902703,-0.022406524471146258,G2,-12.851012273671238
031330,2024-06-30,-0.04429619697352937,0.021897962785979854,0.03007642225144522,G3,-3.371484220677748
031510,2024-06-30,-0.02329718208462459,0.021319617744746392,-0.11724252535420336,G1,-2.477981629010828
031820,2024-06-30,-0.12815637090192977,0.01597821375667434,0.03668029867412254,G3,-9.868988632127357
031860,2024-06-30,-0.1854504461763351,0.046083504578233674,0.32143222483598605,G5,-4.66507239777651
031980,2024-06-30,-0.20943827627530584,0.0519830230855318,0.37417643492540065,G5,-4.597091533258821
032040,2024-06-30,,,-0.027011652701476725,G2,
032190,2024-06-30,-0.022150906378745797,0.0204996297042026,0.09539206591119496,G4,-2.5211843408342394
032350,2024-06-30,0.02205830454080841,0.020868910466592925,-0.021721384779093935,G2,-0.3581468469830499
032500,2024-06-30,-0.45663189017453704,0.03434014550279502,-0.8439270868422044,G1,-14.157317101622567
032540,2024-06-30,-0.10101700692636359,0.012293621567033005,0.05962798907308735,G4,-10.619282954084065
032560,2024-06-30,-0.17161084996133705,0.01605637127698823,0.08190487184599228,G4,-12.527319250147327
032680,2024-06-30,-0.4047663310221209,0.02157127756601259,0.005567825352971326,G2,-20.13319650250045
032750,2024-06-30,-0.08846504704029581,0.019524541464303224,0.07005147788651787,G4,-6.043547106108545
032800,2024-06-30,-0.16087076383732812,0.021064420694817895,0.16875859122416184,G5,-9.039090398937953
032850,2024-06-30,-0.13637411783989106,0.02488990859626287,0.21612828602397816,G5,-6.665615352608871
032940,2024-06-30,-0.2030928438391327,0.0423210625647902,0.032495140670921165,G3,-5.496678692965046
032960,2024-06-30,-0.024000774456701304,0.01216659769958389,0.22759882750347124,G5,-4.4000150907367
033130,2024-06-30,0.2944114603531543,0.034978551674314996,0.10984359659774393,G4,7.572612605434623
033160,2024-06-30,-0.255668787315411,0.03250243582073645,-0.064959633465273,G2,-8.77476469495384
033170,2024-06-30,-0.2524366700125137,0.038741988605262845,-0.16771086478103062,G1,-7.278126889919127
033180,2024-06-30,,,1.6663379721777218,G5,
033200,2024-06-30,-0.1306459750383341,0.020123739662232788,-0.05404700926319639,G2,-7.9596743324670935
033230,2024-06-30,-0.15375452594436315,0.044907902683658046,-0.03282050529851868,G2,-4.0813966811113485
033310,2024-06-30,-0.23817189295575117,0.01580133494397375,0.21224191093050074,G5,-16.94188072902267
033340,2024-06-30,-0.9368774739384655,0.04161826094703377,0.040360140912091794,G3,-23.220814396660515
033430,2024-06-30,,,0.12945106101529497,G5,
033500,2024-06-30,-0.05438085502887681,0.02587981235769063,0.023702626897678884,G3,-3.242422815648073
033530,2024-06-30,-0.2053043353277023,0.022848358875545986,0.04248680936294245,G3,-10.27805872759782
033540,2024-06-30,-0.30217545264847057,0.04914087343858955,0.0028445054614758504,G2,-6.750142365446354
033560,2024-06-30,0.08972913471622701,0.02478416691481816,0.014873944136396023,G3,2.42883676093409
033630,2024-06-30,,,0.05875816503505168,G4,
033640,2024-06-30,-0.624882247643786,0.03436436197737938,-0.2818091859121415,G1,-19.043411517401367
033780,2024-06-30,0.2476087103929481,0.026810594988843774,0.21966969476897316,G5,8.133958662957765
033830,2024-06-30,0.05868637444624711,0.018491665529050388,0.09448152504621102,G4,1.576598677715432
033920,2024-06-30,-0.07880707458860614,0.020369976361784992,0.3712522130038769,G5,-5.3185880871342714
034020,2024-06-30,0.03926484733310087,0.03213765190156494,0.05319053549694322,G3,0.30283507763791295
034120,2024-06-30,-0.1488929154173404,0.01645211926016201,0.017952852461875505,G3,-10.845128923528943
034220,2024-06-30,-0.04409448420015657,0.027573716836287343,-0.07018247371611963,G2,-2.670184932328488
034230,2024-06-30,-0.265350351914597,0.02268493633172252,0.06428998695199682,G4,-12.999057463812422
034730,2024-06-30,-0.04952342297229052,0.01993049320417364,0.014556851864258027,G3,-3.9665783072606393
034810,2024-06-30,-0.09289557631907258,0.020993661940633304,0.03846940655425979,G3,-5.831665561237936
035000,2024-06-30,0.026485377943052196,0.005620589810130853,0.05454596594730882,G3,-0.542124791929461
035080,2024-06-30,-0.13438087955680963,0.03341611927850385,-0.025995297846229427,G2,-4.905217066502487
035150,2024-06-30,-0.12611026099272316,0.02770083828835284,0.10754593424268652,G4,-5.618699997341065
035200,2024-06-30,-0.07522076855550609,0.02432058476438081,0.08751259602402676,G4,-4.3071829314447525
035250,2024-06-30,0.2638635866607588,0.016825666281548413,0.47635440994710504,G5,13.927005547075657
035420,2024-06-30,0.038158193532999415,0.022010070590979074,0.12720104116423558,G5,0.39190035638252274
035430,2024-06-30,,,-0.04896534875459784,G2,
035460,2024-06-30,-0.17256557012788917,0.021279772237437402,-0.09659199172654223,G2,-9.497188545877824
035600,2024-06-30,-0.1703401979692803,0.014686921970840544,0.05750586171045259,G4,-13.608885332849063
035620,2024-06-30,-0.020254113550046197,0.024153261925969723,-0.6346658399231216,G1,-2.061276556642051
035720,2024-06-30,-0.07714781516052338,0.021051412106959398,0.04346814255900217,G3,-5.067605614430309
035760,2024-06-30,-0.2609451855445651,0.027198998782726913,0.00871453499923725,G2,-10.67971754730277
035810,2024-06-30,-0.162786765582936,0.013958411898521782,0.04160893470938889,G3,-13.77801472011964
035890,2024-06-30,0.058766627232282,0.01847002285348539,0.056436971767343136,G4,1.5827911226636693
035900,2024-06-30,-0.12681855702552944,0.02821923531580897,0.013366016200586606,G3,-5.540582312034825
036000,2024-06-30,0.6609161620844317,0.07111895888530541,-0.6856292037211694,G1,8.87785385157681
036010,2024-06-30,-0.4910318300080099,0.038230889500272425,-0.005878347135174085,G2,-13.616326374741837
036090,2024-06-30,0.11652640043020422,0.0383728219797734,0.06455715824064835,G4,2.2670722901659186
036120,2024-06-30,0.0890799287095588,0.029941834605443696,0.2850302333100214,G5,1.9887722469197762
036180,2024-06-30,-0.05563679574952359,0.021995516758809442,-0.9601312172606802,G1,-3.8721179278410287
036190,2024-06-30,0.06941146844288967,0.015301685574575705,0.1945388676967943,G5,2.606185392069477
036200,2024-06-30,-0.44836896817274563,0.04019373074256964,0.03457401035145363,G3,-11.889948963881201
036220,2024-06-30,-0.0948540503733345,0.04435382638137068,-0.2920818582971211,G1,-2.8044139490515088
036420,2024-06-30,-0.1690419484543623,0.03069355477258668,-0.1126247840221699,G1,-6.469579328625213
036460,2024-06-30,-0.2184890984375451,0.04086199446357565,0.0336228230204265,G3,-6.06973645603671
036530,2024-06-30,0.07128379622812349,0.019042378454071432,0.18654549173683366,G5,2.1925494918837956
036540,2024-06-30,-0.35431258286789563,0.029706694937760028,0.009001987312084047,G2,-12.921162138585212
036570,2024-06-30,0.226827224489403,0.030073588466965666,0.1927694606820778,G5,6.560400521598254
036580,2024-06-30,-0.2703185021223959,0.023136061579695413,-0.033366861896835506,G2,-12.96032775993042
036630,2024-06-30,-0.16375009884879171,0.013432718202504645,-0.10431167303917228,G1,-14.38893714282957
036640,2024-06-30,-0.14879244514978768,0.01876265885210965,0.17690565742467113,G5,-9.504243805729446
036690,2024-06-30,,,-0.22525865739850154,G1,
036710,2024-06-30,-0.515072475598403,0.02089006261921209,-0.11225958053477252,G1,-26.070047014695547
036800,2024-06-30,-0.16301559874262017,0.011137076747334745,0.03957720180129522,G3,-17.28892079450649
036810,2024-06-30,-0.6521950475643925,0.040445494711427776,-0.013072946168575399,G2,-16.85546168869489
036890,2024-06-30,-0.007180332690447978,0.02284365722895586,0.05187698198214151,G3,-1.607131964329351
036930,2024-06-30,-0.12169585949303757,0.0399043573995964,0.3397902129293364,G5,-3.7897690471005396
037030,2024-06-30,-0.027917013788332192,0.02583541381873541,0.0816017016798105,G4,-2.223670703159438
037270,2024-06-30,0.6381492359421532,0.06216910514384812,0.04532255806284235,G3,9.789698524846596
037330,2024-06-30,-0.10743142376002379,0.02290683146413837,0.004796981005480359,G2,-5.979171017119362
037340,2024-06-30,,,-0.07744633532555412,G2,
037350,2024-06-30,0.06603841157907471,0.04273611711650114,0.07433933531222178,G4,0.8542182822825731
037370,2024-06-30,-0.0827498088991734,0.04133068553535361,-0.11078370473590103,G1,-2.716680027664172
037400,2024-06-30,0.0145449253193209,0.022506495735299628,0.026545492878263098,G3,-0.665919469709477
037460,2024-06-30,0.0013323373300148911,0.014306996793539565,0.03646271391423372,G3,-1.9710706657255503
037560,2024-06-30,-0.12160097818401168,0.01918250341770879,0.01809600621733516,G3,-7.878711861397582
037760,2024-06-30,0.07978395456605822,0.02062981930418662,0.04395234867744999,G3,2.435867944392025
037950,2024-06-30,0.05571385499546698,0.028009203839401035,0.0899948516577655,G4,0.9347433122767629
038010,2024-06-30,-0.15262687458576393,0.025797747644023903,0.12430776655708384,G5,-7.061054946490715
038060,2024-06-30,0.038698539237705484,0.02252281032159473,0.032491140251939624,G3,0.40696964909955535
038070,2024-06-30,-0.11351401956399611,0.02852528968417565,0.03325984035332942,G3,-5.014724133292188
038390,2024-06-30,0.0017369221037757138,0.009446881878471603,0.06907912465721049,G4,-2.942295381501215
038460,2024-06-30,-0.1920624650076553,0.041178032534185734,-0.03587996667862202,G2,-5.381386394507287
038500,2024-06-30,0.0183353753505901,0.02290982154537358,0.12160651919939332,G5,-0.48874512844301377
038530,2024-06-30,0.1971871917256994,0.05505869532596908,0.23492034627472688,G5,3.0450186243739927
038540,2024-06-30,-0.5837645128075363,0.028854093459050618,-0.41821704984300945,G1,-21.25511074199264
038620,2024-06-30,-0.22743761972365448,0.01940405875441992,0.009713048758807479,G2,-13.243108671246999
038680,2024-06-30,-0.2363753983317297,0.021488073525511277,-0.021896433735280885,G2,-12.37467086290571
038870,2024-06-30,-0.2138362393660158,0.032829544782634786,0.04702659703290314,G3,-7.413099389642957
038880,2024-06-30,-0.10449871805418506,0.03287957049215058,-0.15805930722443387,G1,-4.076426640383666
038950,2024-06-30,-0.14787393325872153,0.02214431436245039,0.04780147391840398,G3,-8.011373455930327
039020,2024-06-30,0.46010514574746825,0.02957435319967963,-0.049399370373032755,G2,14.558989804982184
039030,2024-06-30,-0.0054715903804519565,0.045222976970007836,0.14604613266954786,G5,-0.7740319578708206
039290,2024-06-30,-0.27746736895462915,0.037648844961700026,-0.048220399907418186,G2,-8.154295524639034
039310,2024-06-30,-0.10793582481163624,0.021759671114472422,0.003184225268044093,G2,-6.317570845296275
039420,2024-06-30,-0.008212158237351372,0.011232021587199258,0.2372292126360967,G5,-3.360445576845917
039440,2024-06-30,-0.5191219949121558,0.04388624296269965,0.06336549813926645,G4,-12.501740793871678
039560,2024-06-30,0.12285058896040382,0.052128067412318846,-0.026856620883134504,G2,1.7901709111502713
039570,2024-06-30,-0.07404261975854957,0.013006766974944798,0.018292050864360056,G3,-7.963167094671456
039610,2024-06-30,0.35695568445455417,0.06615149752667483,0.06857471155590404,G4,4.949596874932941
039740,2024-06-30,-0.051033903564413376,0.016197182552582887,-0.0007398823199943056,G2,-4.974096101420804
039830,2024-06-30,-0.14686959616862408,0.013446459114228244,-0.029098000077491155,G2,-13.118846656541436
039840,2024-06-30,-0.10500477678882468,0.026138146871651387,-3.046572196876403,G1,-5.1471596848026655
039860,2024-06-30,0.2764109605889559,0.064655420033022,0.07985952784256524,G4,3.818373176424735
039980,2024-06-30,-0.06666067330306351,0.05897936056891858,-0.01103294140666772,G2,-1.6309622790001281
040160,2024-06-30,-0.21733684635430275,0.01761387725273806,-0.11458628589540158,G1,-14.015612907732589
040420,2024-06-30,0.007179756729655607,0.005192624633671317,0.0635418943089725,G4,-4.304698273352895
040610,2024-06-30,-0.015343155550489165,0.017510678127710462,0.4798348691212953,G5,-2.5627559508311815
040910,2024-06-30,-0.5292187732042851,0.022422726606154745,-0.14145340960840017,G1,-24.91896824337614
041440,2024-06-30,0.38667068055421894,0.05601882418546484,0.027019735008274683,G3,6.37532555748457
041460,2024-06-30,-0.13541582183393583,0.02175326420544512,0.05793500655403002,G4,-7.582690087358816
041510,2024-06-30,-0.0999493114516651,0.025110366608807222,0.03312106089496049,G3,-5.156505776806971
041520,2024-06-30,-0.2009699999281133,0.022838574418610907,-0.1460478666890602,G1,-10.092680686963963
041590,2024-06-30,,,0.4146493628160114,G5,
041650,2024-06-30,-0.05769970067999737,0.025241549075413428,0.03551451937630442,G3,-3.455894859850587
041830,2024-06-30,-0.050245446546434314,0.01809921665254565,0.16303523401039355,G5,-4.407808752297785
041920,2024-06-30,-0.22477143948912087,0.026288026096060634,0.10122171906330661,G4,-9.67375327399038
041930,2024-06-30,-0.07858817456327455,0.024628715444520576,0.05704781399483699,G4,-4.390022444784857
041960,2024-06-30,0.0506487386026706,0.014022349149414996,0.25249145767552267,G5,1.5059031374326695
042110,2024-06-30,-0.056788152134239434,0.016704668611471275,0.035683978758450446,G3,-5.167453073528941
042420,2024-06-30,0.17318294258121678,0.023995990060067137,-0.005041641767260722,G2,5.986437867211912
042500,2024-06-30,-0.22485715270829562,0.0254313328400616,0.08474144455094826,G4,-10.002998794146945
042600,2024-06-30,-0.19705247262979297,0.03300193301175786,-0.2067523124321362,G1,-6.865807271757566
042660,2024-06-30,-0.09451799291277513,0.030515076134604403,-0.010797289319116946,G2,-4.065217841501333
042940,2024-06-30,-0.4708061898625466,0.054062581453550626,-1.1093537745359654,G1,-9.254804625206747
043090,2024-06-30,0.2590164486074043,0.09837358567867184,-0.9724434124269481,G1,2.3327807764637374
043150,2024-06-30,-0.15497407925707607,0.018691516396106223,0.14772331853201084,G5,-9.871136957079754
043200,2024-06-30,-0.1032825251318353,0.02398115179131583,0.0594202583605538,G4,-5.5383063045504395
043220,2024-06-30,0.10453825520527023,0.0493877940045279,-1.0094148136745413,G1,1.5187116106867098
043260,2024-06-30,-0.06896132114435115,0.027846079768058724,0.20227208460770948,G5,-3.537078144899957
043370,2024-06-30,-0.2797112613086258,0.023567013261654987,0.05575831137372806,G4,-13.121887652864988
043590,2024-06-30,-0.15405879260361063,0.04184839201113141,-0.2617138567122249,G1,-4.387055817560845
043610,2024-06-30,-0.03509652681972921,0.0396869434618023,-0.007855361748674326,G2,-1.6284692195135468
043650,2024-06-30,-0.23460961913508888,0.02668875220902101,0.0851842045366572,G4,-9.897130300089376
043910,2024-06-30,-0.4217125667728034,0.025762935474277326,-0.09336050919140511,G2,-17.51527912056968
044180,2024-06-30,-0.06831092707744874,0.018279460601899666,0.3060763504671658,G5,-5.352639677544464
044340,2024-06-30,-0.4915668288782674,0.022482716657862622,0.009893947856062728,G2,-23.17777143361452
044380,2024-06-30,-0.11921045057741948,0.02199668221735582,-0.07250209693457768,G2,-6.7620602112644335
044450,2024-06-30,0.1040438397718024,0.017007262300921037,0.1354261592873608,G5,4.381151970789382
044480,2024-06-30,-0.34976266655385385,0.03552858077722114,1.096876508678834,G5,-10.67577418745153
044780,2024-06-30,-0.0255081087932834,0.01702682361877132,-0.014375272911098604,G2,-3.2325787269560875
044820,2024-06-30,-0.13342211850717378,0.013151555122709841,0.04271040862483981,G3,-12.390516255387727
045100,2024-06-30,-0.1414313964456183,0.019959863993503645,0.0547631893797634,G3,-8.565380782436808
045300,2024-06-30,-0.22841454396160202,0.01845297402964432,0.07277735956259027,G4,-13.978613017696
045390,2024-06-30,-0.09403062170497323,0.02240498242733495,0.1210005693065925,G5,-5.514981372117111
045510,2024-06-30,-0.22892059714354643,0.01665916025235113,-0.0014641102566318083,G2,-15.514169517125623
045520,2024-06-30,-0.09993240380457197,0.03090806517385846,0.017339689464647864,G3,-4.188707449033771
045970,2024-06-30,-0.6823303804259463,0.03915024585860155,-0.10993194281354296,G1,-18.1828441645389
046120,2024-06-30,-0.1835782232006219,0.03428663186863336,-0.04593419067995175,G2,-6.21556130218709
046390,2024-06-30,-0.1490591376659688,0.03281133834078939,0.08293811751321362,G4,-5.442983606320716
046400,2024-06-30,,,-1.0063140748458235,G1,
046440,2024-06-30,-0.10476873185593598,0.018538462071949556,0.0982271341260061,G4,-7.24446129129215
046890,2024-06-30,0.06319429371259044,0.02994409439866001,0.029402822576642586,G3,1.1241567115052433
046970,2024-06-30,-0.16827692169508163,0.0261955843205362,-0.06619338800685977,G2,-7.551248267609664
047040,2024-06-30,-0.027766378698629884,0.02393679357326779,0.03421205057308726,G3,-2.393754934119935
047050,2024-06-30,-0.17669022637549886,0.03361981992597246,0.022891720996505625,G3,-6.133961034115327
047080,2024-06-30,-0.10547021044428137,0.0510128179680803,0.2739093541991044,G5,-2.646445635548802
047310,2024-06-30,-0.2546403449923566,0.027854371184740108,0.00914146342068828,G2,-10.202089364430874
047400,2024-06-30,-0.011279330999595645,0.031088527982922737,0.0057022678065535605,G2,-1.312759807939579
047770,2024-06-30,0.1262337934250294,0.0522947870030675,0.07979178526177615,G4,1.8491585862079691
047810,2024-06-30,0.1219219808838867,0.023845016049342083,0.062159124717581116,G4,3.87458501467629
048260,2024-06-30,,,0.093546291492917,G4,
048430,2024-06-30,-0.1246082448876693,0.01746530901980646,0.06708719540403345,G4,-8.825534305591555
048550,2024-06-30,-0.05439641721017141,0.028652493194067118,0.11037599473317355,G4,-2.9291990636242518
048830,2024-06-30,-0.13943168076233559,0.018157629181124017,0.0015088387452658707,G2,-9.305406454845686
048870,2024-06-30,0.21705118652341127,0.04209058150580878,0.377059885638268,G5,4.455123706787995
048910,2024-06-30,-0.11916205834241739,0.019796867528550456,-0.006736261005587134,G2,-7.511011383612322
049070,2024-06-30,-0.14254778653613664,0.034671094243052085,0.07002849681137052,G4,-4.9632187652978645
049180,2024-06-30,0.8448623335179783,0.0848628589522613,-0.0825952311629221,G2,9.607617567447772
049430,2024-06-30,0.19252715735286813,0.026498037495369806,0.49893196268642764,G5,6.1511996258952815
049480,2024-06-30,-0.010273394889837844,0.029699189899225577,0.06580786031536691,G4,-1.3403003263488356
049520,2024-06-30,-0.1676553731312488,0.02706009385172848,0.07871903896881983,G4,-7.28703356448424
049550,2024-06-30,-0.014362554741470905,0.013516484412330144,0.09471197885381347,G4,-3.2475155836985836
049630,2024-06-30,0.0919284860062396,0.02186301870444682,0.06622481945134298,G4,2.853953876422305
049720,2024-06-30,-0.09504831320788489,0.008618349121623377,0.08063036562932288,G4,-14.455291898039137
049770,2024-06-30,-0.3003355747201402,0.022692598637622033,0.01666704095575641,G3,-14.536370162456523
049950,2024-06-30,-0.18932260758992775,0.0288257251389813,-0.05401348984362683,G2,-7.592351816272551
049960,2024-06-30,0.0776268597667455,0.025960482430586317,0.32148347811462513,G5,1.8526011937933413
050110,2024-06-30,-0.18089884440997858,0.02588839118369504,-0.03372392923731584,G2,-8.128403265433587
050120,2024-06-30,-0.12148414050027495,0.05807534797828054,-4.64239984654002,G1,-2.600355999263982
050540,2024-06-30,,,-0.042703702296736985,G2,
050760,2024-06-30,-0.0011198027161860766,0.014390294969111395,0.07007091998588616,G4,-2.130063477251231
050890,2024-06-30,-0.14306291216057207,0.027843869713631113,0.06805172513206212,G4,-6.198684053620153
051160,2024-06-30,-0.1522153408598087,0.032115337876059476,0.043864512959755034,G3,-5.65922054395335
051370,2024-06-30,-0.3924474598049691,0.03330191595157678,0.11507086382195075,G4,-12.671339974641292
051490,2024-06-30,0.03652101981372151,0.03630344054541023,-0.012404580453280415,G2,0.19250464100198975
051500,2024-06-30,-0.12707402506655902,0.019463047006204853,0.019587245956692395,G3,-8.046348757264104
051600,2024-06-30,0.18282053602429824,0.019615213204781684,0.1389349671797671,G5,7.814755587899514
051780,2024-06-30,-0.8433960471526007,0.04573967003439141,-0.11687232998293788,G1,-19.084713237341695
051900,2024-06-30,-0.01688448278038024,0.02444191387450447,0.06092291701456867,G4,-1.8990706719242751
051910,2024-06-30,-0.06511416580784438,0.027997264540925475,0.004861349148172407,G2,-3.380566151163923
051980,2024-06-30,0.11761832499237256,0.05316348794214869,-9.136599514029076,G1,1.656886885673028
052020,2024-06-30,0.2859521506475271,0.04962412076856928,-1.782523818958545,G1,5.167239391887563
052220,2024-06-30,-0.09178023044507858,0.026633699254901323,0.075436342398056,G4,-4.554856173317493
052260,2024-06-30,0.09371863328282964,0.037884936823513515,0.1335091796339083,G5,1.6942404987356838
052300,2024-06-30,-0.04492717858928193,0.02017402145167956,43.25078740006365,G5,-3.6908663843753935
052330,2024-06-30,0.1113488687896642,0.0183582110724386,0.09537308435907518,G4,4.456666798439088
052400,2024-06-30,0.018279549795265804,0.021661343098516195,0.16007184996762253,G5,-0.5194917590264869
052420,2024-06-30,0.2736048142525658,0.050823775869213675,-0.037344689247546616,G2,4.802326687734776
052460,2024-06-30,-0.2076787797943615,0.041494948769499884,-0.10444480331986111,G1,-5.716628791047203
052690,2024-06-30,0.04587198024714689,0.032327849176479954,0.1316684139762834,G5,0.5054323637046801
052710,2024-06-30,-0.4473785519756825,0.03351896880870728,-0.10245943536700866,G1,-14.22809256817545
052770,2024-06-30,-0.09028883681844986,0.034732119946420045,-0.2833137338096822,G1,-3.449869343641676
052860,2024-06-30,-0.3495315049667293,0.04817862778940578,-0.3761549930997529,G1,-7.867885852790387
052900,2024-06-30,-0.21141799713073384,0.0214017272942383,0.12156005673171383,G5,-11.258457452637103
053080,2024-06-30,0.011685184341783117,0.04518436749980709,0.021486290238606466,G3,-0.394987374398531
053160,2024-06-30,0.3781751496056989,0.0348111135971248,-0.007224917913222293,G2,10.015270255821537
053260,2024-06-30,-0.06429110798895468,0.019792470511918545,0.05194271326360569,G3,-4.740365633327413
053270,2024-06-30,-0.15658670225386925,0.028199265029653406,0.05958247984939296,G4,-6.600141566900514
053280,2024-06-30,0.5003326537493277,0.078842136990145,0.020773731670008667,G3,5.971428891936121
053300,2024-06-30,-0.05835510951333486,0.029908078192415886,-0.03388800716356067,G2,-2.938588964904194
053620,2024-06-30,-0.1397533065033752,0.013793204203506925,0.021400400813321594,G3,-12.273126898587096
053690,2024-06-30,-0.009243366705508124,0.030235951830723914,0.03293758157563181,G3,-1.282440385769393
053700,2024-06-30,-0.17390566389572576,0.024943291846967593,0.05350994527838916,G3,-8.15602464054272
053800,2024-06-30,-0.0007652455562984009,0.01857147430233221,0.07960781182265617,G4,-1.6314097678763093
053950,2024-06-30,0.05711131064147185,0.04999116085981333,1.1260512315081266,G5,0.5516749589876317
054040,2024-06-30,0.03341632496780246,0.025096262256594937,0.051901427015271916,G3,0.15475953764356273
054090,2024-06-30,-0.3317533610720099,0.031542328111290804,-0.133435719288358,G1,-11.45399917284721
054180,2024-06-30,-0.17550901462737561,0.08134173199042166,-1.0075997223551236,G1,-2.520741182102077
054210,2024-06-30,-0.47287174407264504,0.036576945637688145,-0.11836195602217219,G1,-13.735542275005274
054220,2024-06-30,-0.012187683253618544,0.029605694158761107,-0.7302226542119992,G1,-1.409192503789434
054340,2024-06-30,,,0.2235555527151953,G5,
054450,2024-06-30,-0.4282037206706956,0.031948275108809564,-0.33976477673894573,G1,-14.327413863068545
054540,2024-06-30,-0.12243179598349264,0.02889253932789041,0.014137420927184313,G3,-5.259635827896562
054630,2024-06-30,,,-4.3880002260259285,G1,
054800,2024-06-30,-0.02242594737805732,0.016547333914971107,0.10993583976830926,G4,-3.1399853698146805
054940,2024-06-30,-0.0811537872511534,0.02579413246841153,0.03390377093136472,G3,-4.291139716022401
054950,2024-06-30,-0.29136116569332043,0.023566419031832944,0.16006671093053096,G5,-13.616561951319605
056190,2024-06-30,-0.2190876704280313,0.023414473507412596,0.06729389988023486,G4,-10.618223355469125
056360,2024-06-30,-0.03293979662751131,0.022674717738371864,-0.1999456051978368,G1,-2.755149429983039
057030,2024-06-30,0.010690539594947297,0.035861096685029036,0.004490533734286094,G2,-0.5254133635380114
057050,2024-06-30,-0.06455312359628158,0.012355168119040735,0.029509377659697723,G3,-7.61507748936861
057680,2024-06-30,0.15379568376029315,0.052704459544073726,-0.6923714949360539,G1,2.357736817925031
058110,2024-06-30,0.2088603372996693,0.05262319068543557,-0.5458314976436529,G1,3.4077731878183384
058450,2024-06-30,-0.5317717689588797,0.06231469960200007,-0.1122644662950881,G1,-9.007573037634513
058610,2024-06-30,-0.1062010172736677,0.03385030707710331,0.040562998782634176,G3,-4.009814622623303
058630,2024-06-30,0.05696817652464255,0.02607389769231353,0.20778882314374214,G5,1.0522300050421785
058730,2024-06-30,0.13231633091782402,0.04375973397562691,0.03667378961174881,G3,2.3488235086319738
058820,2024-06-30,0.004963878666388943,0.024085632602139133,0.24070263630636163,G5,-1.020050449321363
058970,2024-06-30,-0.03376344558806686,0.04234687984241112,0.45402252351885325,G5,-1.494700078211316
059090,2024-06-30,-0.47737526513326156,0.03966097531887111,0.14347921682252157,G5,-12.78101963156866
060150,2024-06-30,-0.2984144330381436,0.01886136070931593,0.0635632717841462,G4,-17.387232931744716
060230,2024-06-30,-0.4150486691464075,0.058575005438697536,-0.9989876433558224,G1,-7.589945657556619
060240,2024-06-30,-0.8348687985078376,0.0448818567133906,-4.9587401185072775,G1,-19.25948035198668
060260,2024-06-30,-0.734547239386536,0.051097701038290574,0.04057052772524131,G3,-14.953308326696645
060310,2024-06-30,-0.16900678700619617,0.02736059618803534,-0.1256816204395959,G1,-7.256392538602893
060380,2024-06-30,-0.4072381762785152,0.021995253025820484,0.0005608868019279869,G2,-19.857494468928152
060540,2024-06-30,-0.46103317079149636,0.02240436526783758,-0.029506619207140074,G2,-21.895983392134497
060560,2024-06-30,-0.25305358628877594,0.027360598660080268,0.09062942361877303,G4,-10.328210607667206
060570,2024-06-30,0.07970697533034031,0.04946545281778703,-0.0545104170050751,G2,1.0143349236238683
060850,2024-06-30,-0.2320917729030417,0.014304941672579898,0.03722213673102995,G3,-18.289079250768307
060980,2024-06-30,0.03218371734330588,0.010660839436820392,0.013745044037956514,G3,0.24869320419165702
061040,2024-06-30,-0.22206481706071657,0.02363544089835329,0.03082274738696395,G3,-10.644914861843592
061970,2024-06-30,-0.2594700102867171,0.03997858502605972,-0.00863356637438646,G2,-7.228931417225582
063440,2024-06-30,-0.10460430923927098,0.022474960267722357,0.12493623775543798,G5,-5.968275212317198
063570,2024-06-30,0.004117888675539213,0.017066311929479067,0.022677139687019583,G3,-1.4891647623615638
063760,2024-06-30,-0.24978209613529373,0.02296498946996061,-0.09154935808968577,G2,-12.162624133794695
064090,2024-06-30,-0.46272804441182414,0.04400817029620785,-7.267159440359855,G1,-11.185661210700962
064290,2024-06-30,-0.7033826037037726,0.039480663253237715,-0.18470692920559292,G1,-18.563898940275735
064350,2024-06-30,0.46997993193955423,0.033115528176874076,0.09212555276799327,G4,13.300331209053354
064400,2024-06-30,,,0.07042362902789265,G4,
064520,2024-06-30,-0.4719456030108575,0.02543922789753951,-0.20728449385145684,G1,-19.712785468766167
064820,2024-06-30,-0.12827994982091923,0.0306260294926961,0.030974120808516727,G3,-5.152884375134087
064960,2024-06-30,-0.06930407630498313,0.02087083881947401,0.11337658815753267,G4,-4.735627359507549
065150,2024-06-30,,,0.002714733816864331,G2,
065170,2024-06-30,-0.8624224791482902,0.041746642002483327,-0.39185034003342567,G1,-21.365908139860014
065350,2024-06-30,-0.24177824819916105,0.04603098008656892,-0.010726170773733416,G2,-5.894088866092062
065440,2024-06-30,-0.07979560054327427,0.027578025955995445,0.09267097047661765,G4,-3.964317088616586
065450,2024-06-30,-0.003506978320934169,0.02607833780797062,-0.08872231929412608,G2,-1.2669295715322082
065500,2024-06-30,-0.1305920846492314,0.02352106216842121,0.008305698876930065,G2,-6.807708024708204
065510,2024-06-30,-0.25152621021894306,0.027928043818722235,0.1771511939352694,G5,-10.063671163925877
065530,2024-06-30,-0.22492972645371928,0.01955730584632193,0.006206422363742396,G2,-13.011105286056836
065560,2024-06-30,-0.34528800209173505,0.25194121025064115,-0.026007845672893114,G2,-1.4877297792736606
065680,2024-06-30,0.017770155573675114,0.02859088173793396,0.11889027501187474,G5,-0.41139981475664306
065710,2024-06-30,0.10096246393051439,0.008524071023517406,0.2415248760311212,G5,8.37980170613935
066310,2024-06-30,-0.23869724122655855,0.016652270445246867,0.04705335902278578,G3,-16.107694211002368
066360,2024-06-30,-0.46397878389494784,0.020186419434374367,-0.04386690824785432,G2,-24.44768496581243
066410,2024-06-30,,,-2.465769676057054,G1,
066570,2024-06-30,-0.19211497627617358,0.023089842405203655,0.02901536739999685,G3,-9.599347254557793
066590,2024-06-30,-0.009921568897958977,0.022803567230445035,0.027189542455752058,G3,-1.7301682462064172
066620,2024-06-30,0.09595636055528009,0.01711833524064567,0.0936915223266674,G4,3.8802792793292955
066670,2024-06-30,-0.2461863444595025,0.0251741922133204,0.3754469797425877,G5,-10.952438161570955
066700,2024-06-30,-0.044416216958335863,0.02474883022595236,0.022697349744579876,G3,-2.987965706160178
066790,2024-06-30,-0.36132676871508373,0.0590227074415286,0.055336741825278986,G4,-6.622183642230955
066900,2024-06-30,-0.1763228534327208,0.020141569037882535,-0.13857162683211327,G1,-10.220419872450632
066910,2024-06-30,-0.3215531359348391,0.03201716944506312,0.014007529412628231,G3,-10.965540709700834
066970,2024-06-30,-0.048288063784575494,0.04641350688305182,-0.13412585447688208,G1,-1.676677933538833
066980,2024-06-30,-0.18404906331351953,0.05010745619058253,-0.26777564430182377,G1,-4.26246947211923
067170,2024-06-30,-0.18543923420561464,0.019301752802723462,-0.00039317309322791516,G2,-11.13741717797114
067290,2024-06-30,-0.12920887771291992,0.0390290781228823,0.045650682358822615,G3,-4.067257654344695
067390,2024-06-30,-0.1922504819947627,0.025971714264814073,-0.1264948674056408,G1,-8.539402472928778
067570,2024-06-30,-0.032664328923911135,0.017616763808324547,0.0573430647606036,G4,-3.5305444646372104
067630,2024-06-30,0.16391540675310373,0.048379934116883065,-6.136442010713946,G1,2.777659171756046
067770,2024-06-30,-0.02285962257679773,0.03094575422123498,0.3384427909376773,G5,-1.6930290736050804
067900,2024-06-30,-0.1971933631062392,0.019890595883101842,0.24021995905639565,G5,-11.398643030259617
067990,2024-06-30,-0.03857929107563682,0.014482796113818367,0.003820906249253513,G2,-4.702940617595251
068100,2024-06-30,-0.23064437516141773,0.036101201305412674,-0.5582185774758542,G1,-7.206874142074588
068270,2024-06-30,0.0655582150921208,0.02204833306854963,0.0896861271989121,G4,1.6339455665752236
068400,2024-06-30,,,0.02550230325204176,G3,
068420,2024-06-30,,,-0.36069640839809397,G1,
068940,2024-06-30,,,0.05459714252347683,G3,
069080,2024-06-30,0.04862296263152138,0.02846642025869837,0.2896938880814201,G5,0.6706330980024695
069110,2024-06-30,,,-1.9282647796354082,G1,
069140,2024-06-30,-0.22164038804115518,0.020560731678728336,0.004700780398204668,G2,-12.216142450095933
069260,2024-06-30,0.0045163442128082825,0.013110609178523516,0.0762713258962198,G4,-1.908080278417635
069410,2024-06-30,-0.13234566535808032,0.033879356533345485,-0.11934790269364054,G1,-4.778074938440561
069510,2024-06-30,0.13153671442367018,0.019248932619611577,0.1332978262575508,G5,5.2992172301207985
069540,2024-06-30,-0.6890939481134466,0.062280467053039634,-1.0931194969467652,G1,-11.538551670234527
069640,2024-06-30,-0.09007082323836074,0.05575822147822382,-0.0887094478757459,G2,-2.145033666639845
069960,2024-06-30,-0.022823980062703694,0.01611111870082347,-0.14205349576909845,G1,-3.2497072400328038
070300,2024-06-30,0.550562579909001,0.0979809552211683,-0.034459642692787985,G2,5.317667496795793
070590,2024-06-30,-0.15097368354968527,0.024236216415808497,-0.11119382402735106,G1,-7.447784731627385
070960,2024-06-30,0.16607571728406112,0.03458510955990399,-0.04213278535853254,G2,3.9480365971710385
071090,2024-06-30,-0.13667333993752054,0.031541140649946245,-0.06103797971483974,G2,-5.269491703122475
071200,2024-06-30,-0.1410432336054823,0.019320727801085527,0.34881716399372803,G5,-8.82863598028066
071280,2024-06-30,0.11245215631882222,0.04172976329040337,0.06858469558381113,G4,1.9870641661056607
071320,2024-06-30,-0.03589202208716537,0.028930038349455598,-0.05935351222992017,G2,-2.261471634474579
071460,2024-06-30,,,-2.9349350448492753,G1,
071670,2024-06-30,-0.2589136889027228,0.02931209808912769,0.003041100084307614,G2,-9.840514556482812
071850,2024-06-30,0.5098569688187387,0.04236233159052813,-0.014074468751617365,G2,11.338481895593892
071970,2024-06-30,0.12060541981217236,0.04654829226022748,0.11027017684059946,G4,1.956526788966609
072130,2024-06-30,0.36185680786712476,0.022585464367840192,0.10346055215598235,G4,14.714081739932546
072470,2024-06-30,-0.19441378002759072,0.021664306866362563,0.020162916486067283,G3,-10.337105194890619
072710,2024-06-30,-0.11881145582116348,0.010599883332754545,0.12168619793653958,G5,-13.99486109315547
072770,2024-06-30,-0.07822788182932833,0.035139843284732186,0.02328559391190031,G3,-3.0666135867640323
072950,2024-06-30,-0.13304423199889423,0.023867922174805187,0.07180557735053879,G4,-6.811513370648546
073110,2024-06-30,-0.125687328614315,0.01839055827134894,-0.10747781545896147,G1,-8.440187913192693
073240,2024-06-30,-0.3633675138760552,0.02397390700888487,0.07139060041710917,G4,-16.388649240811453
073490,2024-06-30,-0.20003918301889062,0.025743520861803575,-0.06729663366225906,G2,-8.91764662944388
073540,2024-06-30,-0.19638950315761156,0.022076823872771885,0.059159261562941656,G4,-10.233444062605363
073560,2024-06-30,-0.028346600152855016,0.016562758292485266,0.1679754185400584,G5,-3.4945290002514686
073640,2024-06-30,,,-0.6620917637729135,G1,
074600,2024-06-30,-0.40992525826763804,0.030839951403117037,0.08643804580364489,G4,-14.24962353370024
075130,2024-06-30,0.009956722446519167,0.04964034242495318,-0.0917003113845256,G2,-0.39435095774099166
075180,2024-06-30,0.028685153719244124,0.011365767348566078,0.0988034651718718,G4,-0.07454712727803674
075580,2024-06-30,-0.3466681183522865,0.033606091124975424,0.021468015612370835,G3,-11.19441579735203
075970,2024-06-30,-0.19579782257121486,0.024956999206020836,0.022240338066090312,G3,-9.028740183685406
076610,2024-06-30,-0.16233579645886428,0.025649335498776436,-0.17781236929900765,G1,-7.4804368905544285
077360,2024-06-30,-0.40669636240577844,0.03112530676863217,0.09998483400124554,G4,-14.015245043939503
077500,2024-06-30,-0.18809615924309395,0.030163251601718965,0.03543826267063092,G3,-7.215024465567956
078070,2024-06-30,-0.11185929521691382,0.011897240787778774,0.1448488670293038,G5,-11.884413937939808
078130,2024-06-30,,,-0.010190330656339099,G2,
078140,2024-06-30,0.6386188478579035,0.07170979449596919,0.07090692318560947,G4,8.493768711995822
078150,2024-06-30,-0.365046267679241,0.05050693517145457,-0.32639226288049106,G1,-7.812366863365699
078160,2024-06-30,0.04418593908380524,0.027444030809222447,0.1477749871263219,G5,0.5339412479631368
078520,2024-06-30,-0.23433039093018618,0.03239125307242816,0.055032224957159835,G4,-8.146113685832665
078600,2024-06-30,-0.21064341001960585,0.04084762570567436,0.1108288811220417,G4,-5.879799496170765
078860,2024-06-30,0.3374108650763559,0.04725658598654821,-0.914866486518593,G1,6.5150374201726
078890,2024-06-30,-0.36029680021688915,0.02409695297455141,-0.15178586582856657,G1,-16.177532472797484
078930,2024-06-30,-0.11292777965600069,0.020151240329863016,0.04439463170074269,G3,-7.069550873713358
078940,2024-06-30,,,-3.096285533323612,G1,
079190,2024-06-30,-0.03193404152384318,0.06010469681738483,-0.07096870427802855,G2,-1.0226568604943815
079370,2024-06-30,-0.17792358667072852,0.040192581289717116,0.059603947651632086,G4,-5.1615501925524345
079430,2024-06-30,-0.10691811858774085,0.03031119017715581,0.011568874765999595,G2,-4.501656213914285
079550,2024-06-30,0.17467609183435456,0.03687331564458767,0.07551408713904126,G4,3.9362788583746133
079650,2024-06-30,-0.07193099595801296,0.02578269248711263,0.052564979797450194,G3,-3.935331231721406
079810,2024-06-30,-0.3039775864433892,0.04039851072451452,0.08810948911283434,G4,-8.2555029749005
079950,2024-06-30,-0.18633191182440417,0.02201487607328489,-0.8777199594515773,G1,-9.805385691484602
079970,2024-06-30,6.960529863815144,0.8178802300337351,-1.9048340434046582,G1,8.474342783056231
080000,2024-06-30,-0.19429130239294437,0.030108390924474867,0.0824766548514419,G4,-7.43393235390039
080010,2024-06-30,-0.062009247755923216,0.015778441429884767,0.180971469614422,G5,-5.801693861025537
080160,2024-06-30,-0.3884206756112792,0.022059749821390598,-0.06924365943143436,G2,-18.946412267576775
080220,2024-06-30,-0.3742869433301434,0.03867956679007543,0.046122394125788294,G3,-10.44012164216243
080420,2024-06-30,-0.12096857356493229,0.014764575933156582,0.07062161590370275,G4,-10.193385388830892
080520,2024-06-30,-0.1727345953253497,0.019345254255044398,0.08257381585236043,G4,-10.4556410416264
080580,2024-06-30,-0.12473851870800477,0.04684218239307563,-0.00924514194619738,G2,-3.2934195174305088
081000,2024-06-30,-0.22969795336424428,0.025724049583528644,0.08786419437550542,G4,-10.077355493616459
081580,2024-06-30,0.2261605149782145,0.03663099849707689,-0.03808367343314935,G2,5.367805520494205
081660,2024-06-30,0.014446684950236802,0.021791682185364262,0.0854544036445847,G4,-0.6922712044821089
082660,2024-06-30,-0.0187473998426287,0.03445551060769407,-0.4624418379995536,G1,-1.401222562530762
082800,2024-06-30,0.805519041334928,0.05161491583723553,-0.025037706010328873,G2,15.034154172750448
082850,2024-06-30,0.3217720233813268,0.06432554021287676,0.026567115600059657,G3,4.543134552617962
083310,2024-06-30,-0.3998208647324547,0.030851908221783273,0.02890857575352695,G3,-13.916588259966886
083450,2024-06-30,-0.23582694790787012,0.04166365085012596,0.14795170749253694,G5,-6.3690862782721815
083470,2024-06-30,-0.2633188463507468,0.01822487882607622,0.12657753939742333,G5,-16.068764471351347
083500,2024-06-30,-0.49006942435437334,0.03413034527120089,0.4259472227403218,G5,-15.224043567388183
083650,2024-06-30,0.21483943940853167,0.04233203149883365,0.017407068052927535,G3,4.377465333532295
083930,2024-06-30,-0.13072148333340197,0.02466897133832329,0.039477597502633965,G3,-6.496173681503997
084010,2024-06-30,0.08737786616237435,0.01965822401536656,0.04982154964376144,G3,2.942556107447303
084370,2024-06-30,-0.21209232674016631,0.04162166249874843,0.15829209496775,G5,-5.8052646448666545
084440,2024-06-30,-0.06425795441950242,0.04413757778862012,-0.14195062718158166,G1,-2.1249556079643863
084650,2024-06-30,0.6198810832697769,0.06502282042607302,0.009377007175069016,G2,9.079099312780151
084870,2024-06-30,-0.03773598776366709,0.01771774828210937,0.041701053600427834,G3,-3.7966690640921983
085310,2024-06-30,-0.1979258298409939,0.01631542270227008,-0.1614253205864754,G1,-13.941304066473025
085670,2024-06-30,-0.12748897532680475,0.04402320352740483,0.07639262609505322,G4,-3.5667875522381687
085910,2024-06-30,0.0581380342073253,0.014048179702963704,0.23242483713959414,G5,2.0362492356856903
086040,2024-06-30,-0.08278640099400333,0.02890309104960168,-0.3293323815484458,G1,-3.8860494133876196
086060,2024-06-30,-0.12499290384535888,0.018650570870611206,0.0265846165639703,G3,-8.285287562604516
086280,2024-06-30,0.13406667539244452,0.02524912552495632,0.04431286882208642,G3,4.140113140343506
086450,2024-06-30,-0.015454504677268319,0.021778697055118427,0.06302661221437464,G4,-2.0656398125105344
086670,2024-06-30,-0.3300443516364456,0.020368808981059697,-0.0388762354744654,G2,-17.653304667700244
086710,2024-06-30,-0.4496499219225599,0.038625533419186085,0.12288376917561916,G5,-12.405844490135392
086900,2024-06-30,0.1841452994011846,0.0377016327658398,0.17428162966570884,G5,4.100959269776877
086960,2024-06-30,-0.30505893174613186,0.03623064554991279,0.07397199387281933,G4,-9.235037512913635
086980,2024-06-30,0.25800859051093966,0.020940308230834277,0.37797247693009783,G5,10.910830393132507
087260,2024-06-30,-0.23753964615923423,0.03639117047289409,-0.12557733400501672,G1,-7.338925396273052
088260,2024-06-30,-0.07108551724608289,0.01444599415549692,0.21766096137631702,G5,-6.965111240349386
088800,2024-06-30,-0.06353014049515017,0.07072518131852834,-0.3451281542968401,G1,-1.3158337353765142
088910,2024-06-30,-0.21762468057430429,0.015550732077725568,-0.0090670344634692,G2,-15.893600273180414
089030,2024-06-30,-0.23338014385848563,0.054862114663370314,-0.028052961911791054,G2,-4.792242962125815
089140,2024-06-30,0.6951181936602006,0.06779470849936742,-0.48186141180394737,G1,9.817665262798805
089230,2024-06-30,-0.29584569909646347,0.019341422181356597,-0.5567002294144926,G1,-16.82286519935898
089530,2024-06-30,-1.8202470517987759,0.13991574195667933,-0.6083065878137789,G1,-13.220667417079447
089590,2024-06-30,-0.06643790936021318,0.017379658238595823,-0.039872242180661814,G2,-5.521992841693375
089600,2024-06-30,-0.058423548300032595,0.01796804972017754,0.19221665764726065,G5,-4.89513267684534
089850,2024-06-30,-0.37580586692772205,0.02191886903701804,0.07490831596846499,G4,-18.492665167511614
089860,2024-06-30,-0.07060751815610967,0.0164342872371102,0.04699840069446609,G3,-6.093355661593542
089980,2024-06-30,-0.2889871747542275,0.026703268449736903,-0.051753493115863795,G2,-11.928113383504408
090080,2024-06-30,-0.10371090136223121,0.02236899041534562,0.010214788202101099,G2,-5.9566094809184404
090120,2024-06-30,,,-0.006154717472093046,G2,
090360,2024-06-30,-0.22030880612740003,0.029031385016788824,0.0647312425964446,G4,-8.605901682172838
090370,2024-06-30,-0.05187974850022971,0.029318509417511792,-0.06957949930384573,G2,-2.7768187790608776
090410,2024-06-30,-0.055810324401876873,0.02055824123611155,0.17504158492111893,G5,-4.151267729865841
090430,2024-06-30,-0.27860386798840414,0.0432400919573509,0.5864571314725522,G5,-7.126171408625106
090460,2024-06-30,-0.3035151995169915,0.03999794297514703,0.05895960339667238,G4,-8.32661916509864
090470,2024-06-30,-0.0699025602276073,0.03343380419844186,-0.5349705832990083,G1,-2.974085708638312
090850,2024-06-30,-0.06321801316969797,0.01759178407608846,0.19522271201389071,G5,-5.27237327339407
091120,2024-06-30,-0.10515958216401411,0.042863188639833606,-0.21549029513205914,G1,-3.1423705389764773
091440,2024-06-30,-0.6288338644222528,0.04345650389849551,-2.4056159980891714,G1,-15.150006198944043
091580,2024-06-30,-0.3654189410835289,0.02793408342353086,0.02064423629778397,G3,-14.13869122246637
091590,2024-06-30,-0.08002446721627703,0.013587996985155086,0.3618306589115935,G5,-8.062770867579555
091700,2024-06-30,-0.07225348544844933,0.016350908292738744,0.044820703288108416,G3,-6.225092982635195
091970,2024-06-30,-0.0028326289402985597,0.032976886851763754,0.06039690299316228,G4,-0.9814470392604013
092040,2024-06-30,-0.0033874280195457023,0.03752732907644808,-0.20733688333807782,G1,-0.8772238220544248
092130,2024-06-30,-0.007246331615088095,0.008453945181506831,0.4635254595069365,G5,-4.350486057081681
092190,2024-06-30,0.34515993198839495,0.04275270802000051,0.22367609261742494,G5,7.382631594151845
092200,2024-06-30,-0.4303281514884769,0.023660569549836523,0.01653764082641902,G3,-19.435736301455364
092220,2024-06-30,-0.35424430691682407,0.027575953615211965,0.018984113716481326,G3,-13.9170797607343
092230,2024-06-30,-0.03289570297541569,0.00988946201750318,0.1445475317683955,G5,-6.312592321939807
092300,2024-06-30,-0.29892457278372003,0.02288394622649175,0.05336617321534017,G3,-14.353163067123006
092440,2024-06-30,-0.1203532118870312,0.013050083758954008,0.017435674442668293,G3,-11.485416774323836
092460,2024-06-30,-0.06226060898263669,0.028240491364631387,0.1406103309601984,G5,-3.250405484161981
092600,2024-06-30,-0.10247002038041282,0.02910296618881324,-0.3817788797860896,G1,-4.535704661456222
092730,2024-06-30,-0.1329299706219731,0.024870042749757498,0.1921086352253261,G5,-6.5324539760973055
092780,2024-06-30,-0.16045373614422015,0.030915799825199815,0.02831983667602326,G3,-6.145277697578781
092790,2024-06-30,-0.06103407226586893,0.039373340811100034,0.18211684174218953,G5,-2.300198800116217
093050,2024-06-30,0.0944977716570768,0.01461133793067996,0.04055517365254902,G3,4.4462275077682305
093190,2024-06-30,-0.053157012218161694,0.019827288391121366,0.08143195584372127,G4,-4.170487139309485
093230,2024-06-30,,,-0.002739062824786328,G2,
093240,2024-06-30,0.2997401309311204,0.06179853853405306,-0.017188550493055375,G2,4.372396149106936
093320,2024-06-30,-0.14025589914442774,0.027217811627873807,0.1511542121146542,G5,-6.238133340409243
093370,2024-06-30,-0.11675620330594927,0.030217523141281885,0.09850746462731454,G4,-4.8411857466400425
093380,2024-06-30,-0.28847875178974425,0.012194031489559939,6.324329725073765e-05,G2,-26.07924959734633
093520,2024-06-30,-0.14075024476610412,0.029749769606235255,0.10012150696732885,G4,-5.723832017670644
093640,2024-06-30,-0.4921178601090813,0.033081851727835974,-1.7268201953089595,G1,-15.768473404242384
093920,2024-06-30,0.0449514783222586,0.00843718545102372,0.08273304481186956,G4,1.8275098239066805
094280,2024-06-30,-0.06536478838080971,0.0122692365563769,0.025764144459644384,G3,-7.734566610493575
094360,2024-06-30,-0.27545808679003514,0.03932517615494165,0.2060332109515019,G5,-7.755604822029509
094480,2024-06-30,0.5328206659554218,0.06433901724469067,0.04675485046266529,G3,7.822441940898055
094820,2024-06-30,-0.14105266448721618,0.03257918097436983,0.020999630469061316,G3,-5.236015713403182
094860,2024-06-30,-0.015912334018772477,0.045863754896801986,-0.14618441959169184,G1,-0.9908646412710423
094940,2024-06-30,-0.11902994026411498,0.02531966852996776,0.024311666871116723,G3,-5.867469359350826
094970,2024-06-30,-0.4923988417570074,0.044897902551199395,0.10423856297408725,G4,-11.62484773506318
095270,2024-06-30,-0.22654934932786663,0.03974702216093438,-0.06826987106722994,G2,-6.442791797468253
095340,2024-06-30,0.04906510402118261,0.03584784807916744,0.32267108814356854,G5,0.544876918515607
095610,2024-06-30,-0.41935007764593246,0.029385712565059476,0.2135139480811406,G5,-15.27553622109739
095660,2024-06-30,0.03798551565224028,0.019717800757610527,0.08818606624655755,G4,0.4287028118279059
095910,2024-06-30,-0.2403859171683968,0.026557717743900238,-0.0192324525550271,G2,-10.163462041266017
096040,2024-06-30,,,-0.08235780493580809,G2,
096240,2024-06-30,-0.0707711133998671,0.009615413278038606,0.019102935003235257,G3,-10.431538356583014
096250,2024-06-30,,,-0.08285060056873342,G2,
096350,2024-06-30,-0.22406898606766673,0.01792765335856015,0.09864750679343827,G4,-14.145823774028218
096530,2024-06-30,0.2719493338518301,0.04924431391822143,0.24027653849479436,G5,4.922738800463632
096610,2024-06-30,,,-0.0008229285672418894,G2,
096630,2024-06-30,-0.5193418725855745,0.03588276780489282,-0.22207842534080266,G1,-15.29632035617728
096690,2024-06-30,-0.29531598697329814,0.018300483333124642,0.02440173383099235,G3,-17.750811281016777
096760,2024-06-30,-0.012681415631688718,0.025757334755053506,0.1805569343067957,G5,-1.6389061623620327
096770,2024-06-30,0.039973739055547075,0.026611247689873677,-0.034028680706178885,G2,0.3923641669432151
097230,2024-06-30,-0.4143747800832259,0.028186270190751813,-0.0853424092409241,G2,-15.749058534650192
097520,2024-06-30,-0.24587804751513986,0.023786890554708118,0.08160374641747661,G4,-11.578246677770094
097780,2024-06-30,-0.1341781119871548,0.014658196414243969,-0.08272986870732173,G2,-11.168533043564677
097870,2024-06-30,-0.1375155947034824,0.020078734690406882,0.12931833980707702,G5,-8.319649435264663
097950,2024-06-30,-0.32172716551779545,0.020481318478125256,0.020420510666065435,G3,-17.150243765670794
098120,2024-06-30,-0.36789098634075645,0.03495719808206824,0.09278219634771552,G4,-11.368858122785598
098460,2024-06-30,-0.11035201023849756,0.027193350519649512,0.13994135445377934,G5,-5.144068185412068
098660,2024-06-30,0.5138289134776666,0.047063830002173436,0.05482645296003301,G4,10.29020533243706
099190,2024-06-30,0.08728221591748322,0.0419210793493057,0.0004131897195077564,G2,1.377583253806404
099320,2024-06-30,-0.21867634575069533,0.033905332386015875,0.07364661640903745,G4,-7.320641542433553
099390,2024-06-30,0.05763898586053791,0.019817810703318832,0.12237790168322725,G5,1.4182468112605775
099430,2024-06-30,-0.0034262175448838833,0.032270813225142754,0.5518207228326615,G5,-1.0213147198780679
099440,2024-06-30,-0.10829237373870625,0.033737893467747984,0.14422668814931028,G5,-4.085163553404757
099520,2024-06-30,,,0.13006855348766616,G5,
099750,2024-06-30,0.050966452252910105,0.018283272882410072,0.0482230052541986,G3,1.1723291210700606
100030,2024-06-30,-0.1997052450994427,0.020562264438303696,0.2635304866024721,G5,-11.14846493739306
100090,2024-06-30,-0.005155305031388105,0.031956567181212,0.017356311813469163,G3,-1.085465277264576
100220,2024-06-30,0.1307904681311428,0.021636145754738535,-0.1339986687103717,G1,4.680040070657041
100250,2024-06-30,-0.030778070634166002,0.0064437628919079126,0.14451162184143315,G5,-9.359517206055838
100700,2024-06-30,-0.009381661460332277,0.01976800976496209,0.19910845891263185,G5,-1.9685391168561648
100840,2024-06-30,0.2069719287425929,0.04435685891849894,0.12380374971545113,G5,4.000271751528418
101000,2024-06-30,-0.10509493377064699,0.04390056089209162,-0.6667567958342775,G1,-3.0666435703624324
101160,2024-06-30,-0.15121140042720127,0.03162754571963988,0.247810459810544,G5,-5.714760198397383
101170,2024-06-30,-0.20567334381457725,0.032675685085357835,0.05686149117814338,G4,-7.198189792334746
101330,2024-06-30,-0.12499384153847508,0.02190843188887548,0.03927699464467687,G3,-7.053278908625573
101360,2024-06-30,-0.05293678608852672,0.044677387578409895,-0.029375649173510116,G2,-1.845882885792762
101390,2024-06-30,-0.5822027192058538,0.060220362222155675,-0.11857834210396631,G1,-10.158277626652675
101490,2024-06-30,-0.3752481064905825,0.033124401935297046,0.18481370978719186,G5,-12.220010682929265
101530,2024-06-30,-0.19711144872024547,0.027496949957342316,0.054755431156771076,G3,-8.242510100074448
101730,2024-06-30,0.09064544758560263,0.03938094227500403,-0.0650673337788663,G2,1.5518422117594224
102120,2024-06-30,-0.3967643940635294,0.044308725314803614,-0.04344348913643659,G2,-9.621058382049489
102260,2024-06-30,-0.02242220947373202,0.014100756162239715,0.08541417131651526,G4,-3.6845292479598455
102280,2024-06-30,,,-0.12372281566607367,G1,
102370,2024-06-30,0.3513977811342087,0.05970876738979532,-0.30622809186598166,G1,5.390587616866928
102460,2024-06-30,0.20908380550502922,0.027652568170203135,0.018487241863081646,G3,6.493117217015436
102710,2024-06-30,-0.5287570229552815,0.031051661088311606,0.06602220751627322,G4,-17.979375093393045
102940,2024-06-30,-0.046424940389243566,0.03419579663061156,-1.4811220839097565,G1,-2.22124901005049
103140,2024-06-30,0.13565067033625397,0.0326219938395451,0.09019047296318668,G4,3.252965831390259
103160,2024-06-30,,,0.0039830451536135925,G2,
104830,2024-06-30,-0.4068004898567699,0.026476519571795563,0.1817611624876402,G5,-16.47999570706299
105330,2024-06-30,-0.5399823053370454,0.026797506844769458,-0.027384564705088835,G2,-21.252527246675484
105550,2024-06-30,0.12031899204587453,0.02762524960556797,-0.14287896867409192,G1,3.2863613656973416
105740,2024-06-30,-0.25355516795429645,0.033679405301995494,0.02344795990763032,G3,-8.405362399968322
105760,2024-06-30,-0.34229047358710374,0.03194683539421741,0.1133236636824303,G4,-11.638802655201223
106080,2024-06-30,0.4458872471413221,0.06958904157932529,0.11401431550705823,G4,5.983051334919229
106520,2024-06-30,,,-2.259469765267804,G1,
108230,2024-06-30,-0.3785072164103318,0.023873920855125547,0.0533541123099269,G3,-17.091438725579888
108380,2024-06-30,-0.16415400102226257,0.02544728477432668,0.08412782139354223,G4,-7.611281194214468
108490,2024-06-30,-0.23804890716879926,0.02891579143926806,-0.05007531212700835,G2,-9.253813673237739
108860,2024-06-30,-0.2478154469518445,0.040020388897825145,0.04675505214386847,G3,-6.9301646889120265
109070,2024-06-30,,,0.04576499664133933,G3,
109670,2024-06-30,-0.49976456350930343,0.04719286048493318,0.0017652868682525693,G2,-11.215616029519492
109740,2024-06-30,-0.20604932129600195,0.015461717866615638,-0.23250761239918852,G1,-15.236454471145894
109860,2024-06-30,-0.06462598444889059,0.01029809042482186,0.11577765497486826,G5,-9.143289638079636
109960,2024-06-30,-0.16849112708456243,0.034272878380490306,-5.563005573286615,G1,-5.777850459787374
110790,2024-06-30,-0.17443030191249548,0.018636227902842972,0.015598912583259633,G3,-10.944421907706495
110990,2024-06-30,-0.5022758951071511,0.03811352643544737,0.250992684031334,G5,-13.953270239432232
111110,2024-06-30,0.20875973372898393,0.02398457249009142,0.02828960254444668,G3,7.472607434576398
111380,2024-06-30,-0.1564495450632175,0.02903993377934543,0.09806967349202934,G4,-6.404352899037494
111770,2024-06-30,0.2173590886862706,0.02411147710168543,0.1840416122931103,G5,7.789927131787002
111870,2024-06-30,,,4.403865016488211,G5,
112040,2024-06-30,-0.04247403832178255,0.03512875522505625,0.0025870535037615357,G2,-2.0497873290657562
112240,2024-06-30,,,-0.003943571319543175,G2,
112610,2024-06-30,0.23696680935735168,0.042146586800918026,0.1261482726453498,G5,4.92173592402133
113810,2024-06-30,-0.08918051159710269,0.016143492965310653,0.07864122885598958,G4,-7.353609957682941
114090,2024-06-30,-0.0916757763199143,0.018039999353884183,0.11460058097588834,G4,-6.718859184338455
114190,2024-06-30,-0.16788679689286834,0.04155762153956372,-0.007109941683233359,G2,-4.750494099603639
114810,2024-06-30,-0.45829357675591836,0.03272341395612952,0.3417701693224741,G5,-14.907552629878717
114840,2024-06-30,-0.536985117610442,0.04304342529766696,0.1350410198931695,G5,-13.161535187245859
115160,2024-06-30,-0.14789134352556763,0.02911428655025777,-0.24230769460422577,G1,-6.094045349305906
115180,2024-06-30,0.38922202329707695,0.04592200002805097,-3.811728116705477,G1,7.832620183201388
115310,2024-06-30,-0.03887009774481559,0.013298918785607764,0.4115176169305652,G5,-5.14346601193112
115390,2024-06-30,-0.011382812971876299,0.001652933317140827,-0.04576889885586362,G2,-24.75311712334529
115440,2024-06-30,0.22923446802170305,0.032116546685721024,0.24674600069345326,G5,6.218041776144634
115450,2024-06-30,0.37853945767052,0.050949318999174584,-1.9299750936509275,G1,6.850082111044191
115480,2024-06-30,0.08313735370752867,0.0195869092638097,0.06496622377657583,G4,2.736772502550112
115530,2024-06-30,0.4142237420091313,0.05107138674265402,0.12253665667476411,G5,7.532423290622202
115570,2024-06-30,0.3127345770709497,0.05057295823695065,0.08221804367474808,G4,5.599872894910872
115960,2024-06-30,,,0.024368576809919367,G3,
117580,2024-06-30,-0.018300763613730214,0.03262929437319201,-0.02843732372466725,G2,-1.4659588433337334
117670,2024-06-30,,,-0.08095521826678076,G2,
118000,2024-06-30,-0.32756749223071346,0.017530539962765584,-0.3371898265844363,G1,-20.370161558832457
118990,2024-06-30,-0.20954134943375116,0.031793016841908946,0.06501218746834482,G4,-7.5196949583909545
119610,2024-06-30,,,-0.08188323138753918,G2,
119650,2024-06-30,-0.7209450506621804,0.08278662711605062,-0.9752036507026842,G1,-9.065201903135254
119850,2024-06-30,-0.3743659967955842,0.03535862357675578,0.45690361470559243,G5,-11.422911724581132
119860,2024-06-30,0.00010031962654099896,0.0018910121684071746,0.021218228008906374,G3,-15.564214704467139
121440,2024-06-30,-0.011327487630046318,0.02297973209253446,0.12100683252417209,G5,-1.7780854228370626
121600,2024-06-30,-0.2324943389195143,0.040577496834792566,0.10394765968353151,G4,-6.457440660046668
121800,2024-06-30,,,-1.971073698818292,G1,
121850,2024-06-30,-0.2237252414068215,0.027642918540653507,-0.038071625788856645,G2,-9.161756203808736
122310,2024-06-30,-0.06588546877486261,0.014233951441592554,0.03778409912697467,G3,-6.703543158116681
122350,2024-06-30,-0.20611866570972634,0.029639407629726854,0.010552944482874553,G2,-7.950601026782
122450,2024-06-30,-0.2344266317470174,0.014421029480439182,0.1845870559412443,G5,-18.303760569205142
122640,2024-06-30,0.1014814797982432,0.04140925650679488,-0.17975263429608043,G1,1.7375110505074336
122690,2024-06-30,-0.34538979583551677,0.025740747991364873,0.01386256656562792,G3,-14.56532012922392
122900,2024-06-30,-0.02971382106475229,0.008576009453443436,0.010617976225525683,G2,-6.9083715929620375
122990,2024-06-30,-0.2554433641235091,0.018528755677812002,0.0712381798214813,G4,-15.380191098809457
123010,2024-06-30,-0.406772557808064,0.022592908482030837,0.13093213822800479,G5,-19.311590501040065
123040,2024-06-30,-0.30500186532536355,0.02230702979106481,-0.036949404340727285,G2,-14.99681075800388
123330,2024-06-30,2.126616936984275,0.0759145917776133,0.0878459131402312,G4,27.624261012996723
123410,2024-06-30,-0.09159913973204789,0.04002169855553525,0.05870524623919281,G4,-3.0266476218732317
123420,2024-06-30,-0.10996821055998235,0.03440039951345916,0.005739502293024902,G2,-4.055204345222587
123570,2024-06-30,-0.06888796916118965,0.029058144885417424,0.16497341533618837,G5,-3.3870162246651647
123690,2024-06-30,-0.26210514458821715,0.025702573347534063,0.0020107543019747967,G2,-11.346629758400727
123700,2024-06-30,-0.07322597034577151,0.015773780281818747,0.11488736188589746,G4,-6.514507463287266
123750,2024-06-30,-0.11842964908918333,0.020699240095298,0.06514941145106246,G4,-7.148189374700009
124500,2024-06-30,0.48339903817536845,0.04126843954044349,0.009807148309874496,G2,10.997910369404307
124560,2024-06-30,-0.2840494174553829,0.03257731237167899,0.018041170640005724,G3,-9.625774308883283
125210,2024-06-30,-0.3290386584503987,0.03633833431102848,0.0060279441529081535,G2,-9.86757110014161
126340,2024-06-30,-0.3451167939678778,0.024363870496053496,0.07090081232899803,G4,-15.377246117481802
126560,2024-06-30,0.11208007198431909,0.022849045288007762,0.09546722720241263,G4,3.612738822100969
126600,2024-06-30,-0.19580033267772848,0.020703747083831117,0.02996895342119797,G3,-10.883670998767924
126730,2024-06-30,-0.20250845152258756,0.046130533382553414,0.15114376959513592,G5,-5.030093379209349
127120,2024-06-30,0.3636297234704168,0.03563411374355664,-0.9767836326996535,G1,9.375770837192155
127710,2024-06-30,0.09934921001173606,0.019101231322450427,-0.5079361793109048,G1,3.655092690557987
127980,2024-06-30,-0.08757034258262215,0.029549826275028255,0.06309105262959532,G4,-3.962892387830135
128540,2024-06-30,-0.7704099112431175,0.03433447627440493,-0.06067703069623594,G2,-23.29851615834417
128660,2024-06-30,-0.08151294052560513,0.033494990150550345,0.04913809620114989,G3,-3.315283242385752
129260,2024-06-30,-0.0868658992620433,0.01496096526468164,0.03782159448933028,G3,-7.780135587990112
129920,2024-06-30,-0.08807394530183615,0.04592913206491962,0.05782502613399078,G4,-2.5606054161875487
130500,2024-06-30,0.2147001362226217,0.040937573559918006,0.10123610693910877,G4,4.5231722619615455
130580,2024-06-30,-0.0941096491706529,0.012527125578703138,0.2698932621067431,G5,-9.869948809744677
130660,2024-06-30,0.15709043086441624,0.06359204306786707,0.10502382552247413,G4,2.005879756118117
130740,2024-06-30,-0.00018423105346890983,0.022946862319808893,0.10816868621999372,G4,-1.2950210649151022
131180,2024-06-30,0.06315508815982401,0.02129574975360042,0.14024592446534653,G5,1.578843174082156
131220,2024-06-30,-0.0985377462710934,0.021483542946317057,0.0516149986522394,G3,-5.961315860028517
131370,2024-06-30,-0.15065473405815763,0.025057247161896515,0.1607122963426907,G5,-7.191020303162065
131400,2024-06-30,-0.0908253619853176,0.0461778325268478,-0.11381388106224974,G1,-2.60639779789863
131970,2024-06-30,-0.1703128859923695,0.03513558092031521,0.2359793695030277,G5,-5.687833238619094
133750,2024-06-30,-0.016508440878448907,0.03254686094302717,0.08829315175956781,G4,-1.4146027779278951
133820,2024-06-30,-0.21263304211502534,0.02281703964255561,-0.12088766973019807,G1,-10.613361107886998
136410,2024-06-30,0.18136563983210904,0.02603513010002931,0.06618663031082116,G4,5.831858731812055
136480,2024-06-30,-0.15765049740373482,0.013042983404439457,-0.051618373203074164,G2,-14.351236264274734
136490,2024-06-30,-0.07355357010053332,0.01893945105491968,0.01957286517866641,G3,-5.442924867568752
136540,2024-06-30,-0.1496496297175515,0.015805383456763418,0.16420906591527903,G5,-11.33677453837834
137080,2024-06-30,-0.491757383802331,0.02196964396600978,-0.5629247737684612,G1,-23.727731939271848
137400,2024-06-30,-0.20170761478526325,0.032644893130422334,0.08925064883379967,G4,-7.083498570076706
137940,2024-06-30,0.36525125676932213,0.04666987796254162,-0.009753333360852575,G2,7.193479657572449
137950,2024-06-30,-0.11792629028417334,0.02756222181084489,-0.024113372773161786,G2,-5.3500305715754415
138070,2024-06-30,-0.14579144349939116,0.03250934135429055,0.04055602567452956,G3,-5.39303090189006
138080,2024-06-30,0.0031288434124533988,0.027884245760899967,-1.2078647199765065,G1,-0.9469001183801308
138580,2024-06-30,0.14400119265655006,0.023703769805092572,0.134741907054707,G5,4.8291370770723185
139050,2024-06-30,,,-0.8646221138082093,G1,
139670,2024-06-30,-0.3554364054699844,0.02922173762445174,0.331670216999863,G5,-13.1740572529214
139990,2024-06-30,-0.09378644194685777,0.026438676473330668,-0.030165248972544877,G2,-4.664336397309553
140070,2024-06-30,0.08693912231236503,0.03217216830701563,0.06330080086911223,G4,1.7843585405916331
140410,2024-06-30,0.0061922869361639155,0.03223444142977017,-0.7132215040177753,G1,-0.724074966184166
140520,2024-06-30,-0.07664530754785519,0.018850463852763778,-0.009912687481440677,G2,-5.632633096011485
140670,2024-06-30,-0.3310686483860048,0.0331878140164105,-0.19439089148280464,G1,-10.86546668099584
140860,2024-06-30,0.1788700327439427,0.03320207946778378,0.29947236534481875,G5,4.497838572564584
142210,2024-06-30,-0.24041594218727158,0.03193349705326916,0.04017335827617362,G3,-8.453455027532794
142760,2024-06-30,-0.29471596104200487,0.029366587408550585,0.235140723339395,G5,-11.04140551148904
143160,2024-06-30,-0.06669762904530462,0.021929965318628487,0.09216942356168656,G4,-4.388062939066843
143210,2024-06-30,-0.08866933645935793,0.03998013463059402,-0.16984597837864313,G1,-2.95651269251346
143540,2024-06-30,-0.23787674189975402,0.022954313506253345,0.006281519027103647,G2,-11.649626587669246
144510,2024-06-30,0.25225761308425854,0.030930767299210116,-0.14104039633412493,G1,7.200764594855559
145210,2024-06-30,0.4623009450235785,0.060019704679614004,0.2952127065342832,G5,7.210440443006383
145270,2024-06-30,-0.023842891119988403,0.006731621231384418,0.15381878513558114,G5,-7.9290453680801525
145720,2024-06-30,-0.3804606649865677,0.0252051172116414,0.18327364051295533,G5,-16.266264527490307
145990,2024-06-30,-0.04392742981557862,0.01827533271036239,0.06019246630950403,G4,-4.019618685153459
146060,2024-06-30,-0.1800619380237053,0.01530732256790211,0.02510252769102316,G3,-13.69242570791534
146320,2024-06-30,-0.2859692292045007,0.041384512513714666,-0.0077350581682885,G2,-7.6236652086776395
148250,2024-06-30,0.03428776404639076,0.043267457060106665,-0.16642200929590695,G1,0.10990535023573214
148930,2024-06-30,-0.22228121759333197,0.025986213904058017,0.08872722724310522,G4,-9.690278758861401
149980,2024-06-30,-0.35298090236786306,0.03429079023096359,0.1703791638762545,G5,-11.154987645833103
150840,2024-06-30,,,-1.7062324770435366,G1,
150900,2024-06-30,-0.18849050656108454,0.033938987082552656,0.05251186842617542,G3,-6.423967369891129
151860,2024-06-30,-0.33707275647549306,0.028283480637702904,0.0419098509921598,G3,-12.9618132999934
153490,2024-06-30,-0.05310939123802243,0.029315161069484053,0.14080119860169546,G5,-2.8190815689714768
154030,2024-06-30,-0.023600258020736162,0.02305582534146177,0.17530492921108543,G5,-2.3045237486934274
155650,2024-06-30,-0.05156044490565661,0.02305745622160811,0.049962069358450815,G3,-3.5169917770049284
156100,2024-06-30,-0.17510887610457826,0.04317548904050564,0.325373492095629,G5,-4.739756738759383
158430,2024-06-30,0.07876257399955275,0.02791485736631105,0.1805513181997487,G5,1.7635818205747216
159580,2024-06-30,-0.15352564564891621,0.02939160197757751,0.03894149407798333,G3,-6.228244544579748
159910,2024-06-30,-0.4960210012007948,0.03371378697466338,-0.3323999363584366,G1,-15.588680103488507
160190,2024-06-30,-0.6419947217758222,0.062473966246721656,0.005029821534088643,G2,-10.748911925140515
160550,2024-06-30,-0.22963807514261364,0.0318560414600347,-0.28290067781384104,G1,-8.13567858053389
160600,2024-06-30,,,0.10444034314149989,G4,
160980,2024-06-30,-0.5266379471995654,0.03109337009586,0.09381252295087927,G4,-17.887105338189382
161000,2024-06-30,-0.14913607315464528,0.04468508141777239,0.0068517618772821,G2,-3.998392897813419
161890,2024-06-30,0.04357990766274868,0.03430326845131974,0.06840362971432357,G4,0.4095081685377419
162300,2024-06-30,-0.21892343805594983,0.032875073997593124,-0.0073988682877271445,G2,-7.557576207996679
163730,2024-06-30,0.6083786098093049,0.05991340308983658,0.012657654411054852,G3,9.661380274409872
164060,2024-06-30,0.06567726929276466,0.026232814411354628,-0.00250292806759064,G2,1.377847977025655
166090,2024-06-30,-0.7385513250193905,0.03262548769114272,0.09174053829157292,G4,-23.542445443729036
166480,2024-06-30,0.13951305143145826,0.03836211215612231,-2.0038242585786823,G1,2.8669071181346806
168330,2024-06-30,-0.28813387535847074,0.01627151749278076,-0.1568902922715252,G1,-19.522845028055993
168360,2024-06-30,0.1685795394612761,0.05579471494322169,-0.13668597055560316,G1,2.492119559682027
170030,2024-06-30,-0.2631005491872419,0.029576561178870323,0.05618753774107002,G4,-9.894084252793085
170900,2024-06-30,0.22274003291643885,0.023774591208281907,-0.038310049830363284,G2,8.1266421028827
170920,2024-06-30,-0.19530228456570656,0.03432708678473315,0.006221422938534369,G2,-6.549775837374328
171010,2024-06-30,-0.1748370293796808,0.03639270579655964,-0.006082916604809108,G2,-5.615671160768457
171090,2024-06-30,-0.08573156859774772,0.045094283848693184,0.0024812715432267762,G2,-2.556066928768362
172670,2024-06-30,-0.6099673437198884,0.037420994275188114,-0.0886333797493338,G2,-17.0893316741265
174880,2024-06-30,,,-0.029570305822136347,G2,
175140,2024-06-30,-0.4992111999201612,0.037807447752708806,-0.17127947018077322,G1,-13.985171450952235
177350,2024-06-30,-0.40439340707496974,0.050944328045677056,-0.1611375275585008,G1,-8.51764784708317
177830,2024-06-30,-0.14786367868082692,0.021179146153562194,0.07222623063060932,G4,-8.375980618811694
178780,2024-06-30,,,0.07603410416297901,G4,
179530,2024-06-30,0.23175293113444154,0.05554374072577302,-0.9351519324793325,G1,3.6407431236661085
180640,2024-06-30,0.31385025249310505,0.03301792055873555,1.9547246458810654,G5,8.611015129282357
182360,2024-06-30,-0.05033096857315323,0.03411681847775504,0.04150433370271726,G3,-2.34088086641538
183190,2024-06-30,0.02224115058175384,0.017780121921351578,0.11690696015790353,G5,-0.41008090241948897
183300,2024-06-30,-0.4164858049652208,0.0312608775486747,0.16501283405670486,G5,-14.267617513140474
184230,2024-06-30,-0.11923744146675272,0.039483597329058324,-0.01108921909510349,G2,-3.7678907332401135
185490,2024-06-30,0.10967327934964485,0.04289948062030469,-5.813924524307226,G1,1.8681074727819262
185750,2024-06-30,0.0808942434048456,0.028318783455929912,0.13870844918485045,G5,1.8137009473018264
186230,2024-06-30,-0.098314304986885,0.035985599451667225,-0.07276808365981292,G2,-3.5527195867054546
187220,2024-06-30,-0.12822707803546593,0.0395705211025175,-0.10465398523446331,G1,-3.9867940240448188
187270,2024-06-30,-0.2790249566373993,0.020560121047288594,0.18852061603548445,G5,-15.007567073759088
187660,2024-06-30,0.2270477800525171,0.03761003111938182,-4.846453422877344,G1,5.25166651421195
187790,2024-06-30,,,0.26476353007257925,G5,
187870,2024-06-30,-0.24617907699440117,0.019784521484601927,-0.12778037386075233,G1,-13.93571819431542
189330,2024-06-30,-0.26862993802403595,0.05142459664780605,-5.376630369734963,G1,-5.798049892164722
189690,2024-06-30,-0.10689732318008976,0.022082857748322138,0.41874334985641803,G5,-6.178084546817586
189980,2024-06-30,-0.30599776657891326,0.026356239017654617,0.06631003857002772,G4,-12.730579859233709
190510,2024-06-30,-0.06018457828361439,0.030844314074407138,0.03966627020960709,G3,-2.9087052184586177
191410,2024-06-30,-0.37156922247473034,0.029118618401522453,-0.04005388725206854,G2,-13.774749061519662
191420,2024-06-30,-0.07599626978877559,0.03458887194112462,2.582995438623739,G5,-3.050943927653706
192080,2024-06-30,0.15560506679061994,0.017312332575314244,0.39326650326675583,G5,7.28224386966765
192390,2024-06-30,0.2008384205129742,0.031969541273772356,0.1604308061274245,G5,5.358412246882081
192410,2024-06-30,0.356628120855583,0.0845310830181444,-0.6304622244950124,G1,3.8695314214888556
192440,2024-06-30,-0.33391892214473623,0.01568416790886667,0.028172018588468146,G3,-23.173136329639647
192820,2024-06-30,-0.18625598033441615,0.04038504320694917,0.06400702370232103,G4,-5.34327568384711
194370,2024-06-30,0.010900569294954917,0.02748733485424106,0.16597291709775092,G5,-0.6778347129045353
194700,2024-06-30,-0.035417845992889,0.029070549554450438,0.08707095634597063,G4,-2.234229693374886
195990,2024-06-30,0.1714828797463245,0.025263825116733776,-0.6122235705189573,G1,5.61872321653746
196170,2024-06-30,0.3541766622616434,0.03822965849568986,-0.2599674864916287,G1,8.491946724396051
196450,2024-06-30,-0.3284185444159712,0.04392097807652929,-0.07125116566809767,G2,-8.149886435057443
196700,2024-06-30,-0.09718689269946972,0.02460541416096485,0.07523770448314043,G4,-5.150058881142235
197140,2024-06-30,-0.29997535935284286,0.04540173744407661,-0.13599674170077464,G1,-7.257603275273394
198080,2024-06-30,0.07935677644559057,0.045114335747749174,0.11396009253733368,G4,1.1044014412577525
199800,2024-06-30,-0.09367675884922322,0.046120269258576596,-38.83179975587648,G1,-2.6714761178611566
200130,2024-06-30,-0.21027700098680077,0.022832126118324997,0.029792257954886804,G3,-10.503158521830372
200230,2024-06-30,-0.157030577341294,0.022512506141339816,-1.1207713921751163,G1,-8.287083419073353
200350,2024-06-30,0.17683530981776896,0.04364616352743381,-0.09710096701398802,G2,3.3749328437719726
201490,2024-06-30,-0.07398236541573353,0.02390823975923003,0.2012224445183652,G5,-4.329670669299724
203400,2024-06-30,0.07725815201465282,0.03744859552501104,-112.3716569554335,G1,1.2744326541802533
203450,2024-06-30,0.033750914634317904,0.04066564934847904,0.048566192403940986,G3,0.10373560185349524
203650,2024-06-30,0.16416463979160023,0.028750377538577013,-0.0020665523503669656,G2,4.682797663667604
203690,2024-06-30,-0.08293266670814128,0.05663897541478588,-0.04846762128570685,G2,-1.9856486617018139
204020,2024-06-30,-0.09371898512052541,0.012383725964013327,0.06959704242805421,G4,-9.952693115390307
204210,2024-06-30,-0.15751409180472922,0.02475775362124754,-0.21364215038777512,G1,-7.555068755050249
204270,2024-06-30,-0.2915782144891928,0.047328514461345915,-0.23090741158635433,G1,-6.784718624030343
204320,2024-06-30,-0.1532018809934925,0.029258621540115298,0.005530518701569149,G2,-6.245486301100795
204630,2024-06-30,,,3.292427444567132,G5,
205100,2024-06-30,-0.20904338016045754,0.023780639524691435,0.055202546917042884,G4,-10.032355056605375
205470,2024-06-30,0.34353139096065327,0.06366764098705635,1.0484464954788362,G5,4.931845236736494
205500,2024-06-30,-0.2946753814117792,0.018824332604527507,-8.473588076397633,G1,-17.222805570179577
206400,2024-06-30,0.16749023680309288,0.03890059808567079,-0.6653189787566448,G1,3.546418424592809
206640,2024-06-30,0.001984176152141406,0.03539053741134325,0.27031538962762186,G5,-0.7784075882221317
207760,2024-06-30,-0.4992187771750127,0.03780400327622826,-0.07257969808076106,G2,-13.986646132048397
207940,2024-06-30,0.3436381690478068,0.023502138019578008,0.27486470547603137,G5,13.364985337153444
208140,2024-06-30,-0.1088981125038059,0.012987630831875967,0.11692162396876155,G5,-10.658645392694833
208350,2024-06-30,-0.07484456940394611,0.026549497542208082,-0.04660529930443839,G2,-3.9314118190899467
208370,2024-06-30,0.1211490485762085,0.05338978736947655,0.027291869809606826,G3,1.7159950257489949
208710,2024-06-30,-0.15331991368719425,0.020360060472606085,-0.12502198199528186,G1,-8.980933674416509
210980,2024-06-30,-0.2989528018293835,0.021462507539331155,0.13577292972899913,G5,-15.305072823005771
213420,2024-06-30,-0.3311477787078006,0.035567047058089975,0.1887647204428465,G5,-10.140853614951753
213500,2024-06-30,-0.17640681589332127,0.011475392485479522,-0.016945710437045996,G2,-17.946162205632476
214150,2024-06-30,0.0455450843451219,0.034260202976752425,0.4524978218872796,G5,0.46738325898411043
214180,2024-06-30,-0.075490805542821,0.011774831836952833,0.131876445956924,G5,-8.91929889288252
214260,2024-06-30,0.8135286567355595,0.08192631363166376,0.32192062410613287,G5,9.569528799208195
214270,2024-06-30,0.24942608430617505,0.04073677513471674,-0.04017616461691392,G2,5.397914895192251
214310,2024-06-30,,,-0.11907341254827912,G1,
214320,2024-06-30,-0.07283835648107609,0.012787953148498774,0.05129926436622938,G3,-8.005252624614442
214330,2024-06-30,0.127380622450703,0.02256131332140047,-0.12788394047092955,G1,4.3369896970270405
214370,2024-06-30,-0.17478188839936484,0.04206559799332327,0.29456791341437966,G5,-4.857040840265346
214420,2024-06-30,-0.41563846615559663,0.03761837790696531,0.08347941936520344,G4,-11.833867645249008
214450,2024-06-30,0.46950808472861494,0.03662329775197708,0.3455585866750273,G5,12.013545276120663
214610,2024-06-30,0.41490876095104473,0.08279809627499646,-3.1975262485194382,G1,4.654410418407545
214680,2024-06-30,-0.13344788097360533,0.04101574733438713,-0.21444649546126637,G1,-3.973603569118799
214870,2024-06-30,,,-1.9692210551704172,G1,
215000,2024-06-30,-0.16649073332125358,0.016678597614028845,0.10299205353991699,G4,-11.752976891819916
215200,2024-06-30,-0.24793036618886713,0.020054792967446028,0.10717020748537608,G4,-13.835236577293482
215360,2024-06-30,-0.23471005393227976,0.017436965861665456,0.04303652462140606,G3,-15.154155548219409
215480,2024-06-30,-0.18186024248448654,0.01774104011896592,0.03689349472372989,G3,-11.915461556444432
215790,2024-06-30,-0.18629527450316016,0.030964546080972412,-0.9066081631589121,G1,-6.9701558990453165
216050,2024-06-30,-0.029522266236305127,0.022006857287635597,0.09349648923956207,G4,-2.683468361194619
216080,2024-06-30,0.2484489768190014,0.025548935272359925,-0.02354159095757887,G2,8.56851901892936
217190,2024-06-30,-0.25630849533428873,0.04195557610796822,0.14536553345890324,G5,-6.812942661616603
217270,2024-06-30,-0.1149055069592635,0.03055101627869243,0.4083968029390931,G5,-4.727762398018519
217330,2024-06-30,0.023713307384985324,0.03867428345506429,-2.475200062965108,G1,-0.1504651442648231
217480,2024-06-30,,,-0.3676265685438113,G1,
217730,2024-06-30,-0.1739046881265463,0.04697921559693219,2.0419098084355713,G5,-4.330364493446784
217820,2024-06-30,-0.3732493346654937,0.02887241298284872,-0.8991583351572577,G1,-13.95040220327796
218150,2024-06-30,-0.17543912743053292,0.040489201681585076,-0.016009158715821845,G2,-5.062376088984397
218410,2024-06-30,-0.04925667680241255,0.034265400182993476,0.0950355066349712,G4,-2.2993782476209694
219420,2024-06-30,-0.32916758525228135,0.031041937849315613,0.1891290059576701,G5,-11.55533607527598
219750,2024-06-30,,,-0.1602413539548492,G1,
220100,2024-06-30,0.5582858478487562,0.05625433859857511,-1.0116932003654928,G1,9.399335624537215
220180,2024-06-30,-0.29189696221816996,0.024678852962236698,-0.1778355972324591,G1,-13.02448706730446
221840,2024-06-30,-0.2336321642048432,0.014052117636402607,-0.03554848561941096,G2,-18.727754068005687
222040,2024-06-30,-0.029788772498635895,0.026303448371688992,-0.0062096001220728805,G2,-2.2552636705564018
222800,2024-06-30,-0.7294372300056616,0.03164781317502866,-0.051091415621785534,G2,-23.981741323881042
222980,2024-06-30,-0.09028818312687974,0.02626980798256243,0.03674497069993204,G3,-4.561153329739045
223250,2024-06-30,0.24910510854659107,0.057654937069094546,0.05436835414444495,G3,3.8083931868499246
223310,2024-06-30,-0.24050339626758266,0.0449438650597255,-0.3767111174246592,G1,-6.008291341501775
224060,2024-06-30,-0.10561075713910208,0.033817063641328755,-0.20291015130646967,G1,-3.996301914230368
224110,2024-06-30,0.004849882389614139,0.024010360048916338,0.11831001715888693,G5,-1.0279961060346572
225190,2024-06-30,0.4181185483708357,0.06395289539772639,0.08214813878752465,G4,6.076130047432695
225220,2024-06-30,-0.2717541042339641,0.04139967636817866,-1.1199482423479683,G1,-7.277509625411818
225530,2024-06-30,-0.2628842533377204,0.014030373702803923,0.2834255114512454,G5,-20.84168950565245
225570,2024-06-30,0.05327410822970438,0.05659627230467826,-0.2518567113234914,G1,0.41949174810496587
225590,2024-06-30,-0.1332541829469551,0.019202085907324362,0.06727678523364225,G4,-8.477548884897587
226320,2024-06-30,-0.17254123373717647,0.02358417292203674,0.1900962746980322,G5,-8.568189922520105
226330,2024-06-30,-0.30162970611334433,0.04012695276299809,752.3415721447874,G5,-8.25286054223151
226340,2024-06-30,-0.7196184961329877,0.034808014174750566,-0.23360718105336437,G1,-21.52236928531262
226350,2024-06-30,,,-1.39050998337249,G1,
226360,2024-06-30,,,-0.24204186994084928,G1,
227100,2024-06-30,0.5422029580797512,0.11255825662230522,-6.956312730721043,G1,4.554712683367619
227610,2024-06-30,-0.19450628897929964,0.03048944980322423,-0.35173024278406256,G1,-7.348073823883762
227950,2024-06-30,-0.23751780090472724,0.02425699723932503,-0.5923652481341253,G1,-11.009204366655085
228670,2024-06-30,-0.33729293060966753,0.035917151327480315,-0.7351195710242987,G1,-10.213097533528464
228760,2024-06-30,-0.33440510123228817,0.04000527555534949,-5.067937370647728,G1,-9.097238681762132
228850,2024-06-30,-0.1393611033755822,0.014595065667528006,0.08348030135638836,G4,-11.571961801839446
229640,2024-06-30,-0.09399493185496945,0.03946269239629132,0.05583920203874592,G4,-3.1302317043874255
230240,2024-06-30,-0.34513915882745755,0.038286611405859275,-0.2913225724103918,G1,-9.78596914415124
230360,2024-06-30,-0.15381410414151803,0.0261866433314566,0.18257350840734388,G5,-7.001529017873931
230980,2024-06-30,,,-1.7707904412196387,G1,
232140,2024-06-30,-0.1885431616249093,0.06088348572969265,0.13636208589149781,G5,-3.581851433695835
234080,2024-06-30,-0.08601479000885388,0.01018507541423551,0.12237671216425651,G5,-11.344759300627826
234100,2024-06-30,-0.2853575783256284,0.02384436572848824,0.07938063461262629,G4,-13.206055507435929
236200,2024-06-30,-0.04547090615308865,0.02362414817982966,0.3143746905518163,G5,-3.1748592417616517
237880,2024-06-30,-0.5125737194533105,0.028059262658039725,0.0968723306137459,G4,-19.320042906486457
238090,2024-06-30,0.006297659532255031,0.02813934971439745,-0.6477386630561447,G1,-0.8257042088022087
238120,2024-06-30,-0.20302243828331856,0.021630778855321987,0.19045268618169273,G5,-10.751109743350343
238200,2024-06-30,-0.2220721246480252,0.012173071030703534,-0.5769455101811766,G1,-20.668947304899948
239340,2024-06-30,-0.19822698410875034,0.03141568097459199,-0.3114213572434339,G1,-7.249864273747406
240600,2024-06-30,-0.23407431305707296,0.05155493355776948,-0.23316536781772193,G1,-5.113123689434702
240810,2024-06-30,-0.16549513178219336,0.03752916126034068,0.04535958753889471,G3,-5.1966940975225295
241520,2024-06-30,-0.1391708931636749,0.02415966456422833,0.09499186150852729,G4,-6.982850765149006
241560,2024-06-30,-0.26927667870513844,0.032339017204441704,0.07025657870566339,G4,-9.239894825513986
241590,2024-06-30,0.2042911417872489,0.02879658559347323,0.017679415833984333,G3,6.0687299956307275
241690,2024-06-30,0.1815883220407763,0.04737433498190094,0.15484521029589532,G5,3.209667915644157
241710,2024-06-30,-0.007569793075182803,0.03585289146585224,0.11343930865364948,G4,-1.034846300608996
241770,2024-06-30,-0.1566889048548703,0.01950363656444691,0.02538260401920794,G3,-9.548031889536055
241820,2024-06-30,0.07364035096777219,0.06885873083651173,-9.43552736184547,G1,0.6405565627996461
241840,2024-06-30,-0.19316978161035883,0.028200090480691803,-0.7385433762056225,G1,-7.897216527983486
242040,2024-06-30,-0.1574209727578929,0.03452293456588365,-0.07751771150195683,G2,-5.415339516561108
246960,2024-06-30,-0.1630236979184065,0.015735553059524454,-0.979439368643055,G1,-12.237011067510327
247540,2024-06-30,-0.010888204811476333,0.03852364802612954,0.008579252654427712,G2,-1.0492423720736506
248070,2024-06-30,-0.06742016262657219,0.024074615750470513,0.038539016161957,G3,-4.027171301750375
248170,2024-06-30,-0.193118021186821,0.023270882909453568,-0.019734195972738927,G2,-9.56777020784036
249420,2024-06-30,0.09279135612796674,0.03421178858345371,-0.027435686335258284,G2,1.8490385835650591
250000,2024-06-30,-0.1471540022222211,0.025319789165922157,0.10383303090471326,G4,-6.978195595894345
250930,2024-06-30,-0.11020247138929974,0.047901583081971996,-0.03128683082203777,G2,-2.9171251015768602
251270,2024-06-30,0.11396176120661437,0.029990385438354597,0.20749513688472399,G5,2.815212974030263
251370,2024-06-30,-0.21372493003829166,0.020194265840235922,-0.12752290092727364,G1,-12.045863463776211
251630,2024-06-30,-0.5426992605609017,0.02812665723434031,-0.07854117381408572,G2,-20.344817189532375
253450,2024-06-30,-0.0017983102837136958,0.020014981961017905,0.059453117398657995,G4,-1.5653648536443916
253590,2024-06-30,-0.012892358984499952,0.056658585446617574,-0.03179444393915548,G2,-0.7487796893351999
254120,2024-06-30,-0.2023418582938524,0.028116142492525344,0.09756163827551032,G4,-8.247016722862542
254490,2024-06-30,0.1635431265459624,0.06768464238205028,0.012648752034909833,G3,1.979927540506756
255220,2024-06-30,1.0525767778045163,0.0747284308531125,-0.1186063406097282,G1,13.690162192633748
255440,2024-06-30,-0.017699174810341445,0.03552752944226292,-0.3522978382031118,G1,-1.3294370471633692
256630,2024-06-30,-0.01519055893612125,0.025064571753735797,0.054754969983982806,G3,-1.784311274093309
256840,2024-06-30,0.08924438417836383,0.04568509053491521,0.006526733832660995,G2,1.3070335300821667
256940,2024-06-30,-0.041312642078041625,0.0283751989700011,-0.04323731630117474,G2,-2.4967254389063798
257720,2024-06-30,-0.09951278584761125,0.05148504420800255,0.1838821351869361,G5,-2.5064604072330465
258610,2024-06-30,-0.1166980781409746,0.04627399790213721,0.4339809725987919,G5,-3.160101218715123
258790,2024-06-30,-0.24168089415338515,0.033422833477734344,-0.5064835673735825,G1,-8.114612226352758
259630,2024-06-30,-0.14072830152462862,0.03249059076450488,0.00849290589988111,G2,-5.240309164677432
259960,2024-06-30,0.18873646415724918,0.025958587422098462,0.4828783913587687,G5,6.133000326409483
260930,2024-06-30,-0.11311766043924544,0.034196921853006684,0.015251045586004056,G3,-4.171430986590201
261200,2024-06-30,-0.2250696488353153,0.017699703016049215,0.12599833028950128,G5,-14.384540103799761
262260,2024-06-30,-0.29233920537943797,0.028391073222361545,-0.05403730613594809,G2,-11.337072110057248
262840,2024-06-30,-0.15295008502989507,0.0360708380920084,-0.07070981942202405,G2,-5.059004273446999
263020,2024-06-30,0.3850956635341791,0.04105570313434166,0.07383160671837624,G4,8.660507490185271
263050,2024-06-30,0.37607296068008467,0.06255014770106104,-1.9746857998522724,G1,5.540203091316059
263600,2024-06-30,-0.18322750619281908,0.03151066001987629,0.05312399471519768,G3,-6.751999008684827
263720,2024-06-30,-0.2545202385668435,0.03423767802803725,0.13978490841479876,G5,-8.296493627827884
263810,2024-06-30,-0.1082385177145824,0.022646622591986937,0.016632495939789424,G3,-6.083510076585115
263920,2024-06-30,-0.06008527314684423,0.014100320932341273,0.09733110637257669,G4,-6.355721447848916
264660,2024-06-30,-0.035903076198753686,0.026061354627645774,0.07945476008101822,G4,-2.5108255560027644
264850,2024-06-30,-0.07221062494196062,0.04176429328603243,0.07446355465429863,G4,-2.4361255982362717
265520,2024-06-30,-0.3232864037741277,0.03187208296626811,0.11619767482128104,G5,-11.069839494705274
265560,2024-06-30,-0.012276310224001647,0.028417249115128107,0.1649785426700788,G5,-1.4712454776678128
267250,2024-06-30,0.08550326245423712,0.020233382839393636,0.030993544385775666,G3,2.7662612759381884
267260,2024-06-30,0.15213143889304248,0.04927615484395275,0.17581773825059657,G5,2.4879985107786426
267270,2024-06-30,-0.011972046888378315,0.03690653696123747,0.03590397903304683,G3,-1.1245835922335454
267290,2024-06-30,-0.033641076318251216,0.008343583759768075,0.01176702758160867,G3,-7.571508498213659
267320,2024-06-30,-0.27839005640429987,0.03106077489737314,0.0007196836647681926,G2,-9.913548404574144
267790,2024-06-30,-0.3070536824566584,0.020044996121847403,0.08249602388638706,G4,-16.791528391177756
268280,2024-06-30,-0.05864203871196119,0.010941177555702281,0.11627586417371698,G5,-8.058956843305864
268600,2024-06-30,,,-0.9996909025839136,G1,
269620,2024-06-30,,,-1.1230418320938136,G1,
270870,2024-06-30,-0.12327511739887476,0.050449817630069574,0.17919688937677086,G5,-3.028902057560406
271560,2024-06-30,0.0896629872345944,0.016024960533563913,0.1058761269573045,G4,3.7523055413623085
271830,2024-06-30,-0.21979400612272104,0.028069598603120922,0.03769257841006597,G3,-8.882437140351193
271980,2024-06-30,-0.05866668284663608,0.021592503429622132,-0.15924207364437803,G1,-4.0847103328476715
272110,2024-06-30,-0.22156241662985174,0.028959364277295473,0.22594809866567475,G5,-8.670592808941723
272290,2024-06-30,-0.4739007874116532,0.027870519034558665,0.1607645801324416,G5,-18.06328851686617
272550,2024-06-30,-0.11746280227357649,0.013316130624137253,0.11990069603732331,G5,-11.0388855026338
273060,2024-06-30,-0.17477506776581048,0.03110038825695631,-0.2027808768504592,G1,-6.569291196694391
274090,2024-06-30,-0.10987329534476321,0.029110174879048045,0.017868899893039334,G3,-4.788900614591988
276730,2024-06-30,-0.85781759284214,0.05602918665052139,-0.37126003213609243,G1,-15.837282047325111
277070,2024-06-30,-0.41517780335072874,0.02900978704905779,0.20533627773494656,G5,-15.329662421274572
277410,2024-06-30,-0.2242737178364639,0.02049334752505008,0.009681172477752619,G2,-12.384807145373092
277880,2024-06-30,-0.1717151748637535,0.03127865501807724,0.13017995039318342,G5,-6.434023898145057
278470,2024-06-30,-0.3833907672177662,0.03991797512781119,0.15498446007673267,G5,-10.344292387578282
280360,2024-06-30,-0.30766754757086434,0.02797818817841488,0.038987351049334665,G3,-12.052245286397913
282330,2024-06-30,0.12748897079291,0.018629166930417274,0.026549668781108253,G3,5.258234688346616
282690,2024-06-30,0.0952284952459723,0.012965345854804236,0.034729838352596375,G3,5.067050039181081
282720,2024-06-30,-0.13596808226633234,0.0454313301778756,0.021379112661153374,G3,-3.6428720145931126
284620,2024-06-30,0.03855319146054385,0.04180831717768367,-17.115521306774475,G1,0.21576454268216003
284740,2024-06-30,-0.049368499804165335,0.018318928184223097,0.1664693065459696,G5,-4.307071791269307
285130,2024-06-30,0.045417252191648015,0.022560420608844705,0.012362337341184098,G3,0.7041009315681914
285490,2024-06-30,-0.3872850228312541,0.02862782018497816,0.331747449172232,G5,-14.559874246882424
286750,2024-06-30,0.2159364330306242,0.04095347039058851,-2.3453353922763167,G1,4.551604350704094
286940,2024-06-30,-0.11171466023278666,0.03394886127481122,0.008313462471970177,G2,-4.160584301010912
287410,2024-06-30,0.002668245137220894,0.0028870750484605323,0.2048497966374938,G5,-9.304986339545993
288620,2024-06-30,-0.36391921608867617,0.02689415860498121,0.07848899121339936,G4,-14.629632437736614
288980,2024-06-30,-0.19452879183578928,0.037039466195437604,0.21877371289698225,G5,-6.049256478965634
289010,2024-06-30,-0.2641349756771469,0.027680471539960158,-0.09786860336292626,G2,-10.609191186558805
289220,2024-06-30,0.07063825748563747,0.04991585422075114,-0.33013022469995434,G1,0.8235022540024693
290090,2024-06-30,-0.1266428762230993,0.02663506001423118,0.1957883341727857,G5,-5.863524060544435
290120,2024-06-30,-0.15139385840401398,0.017503445417540252,0.03989857667944826,G3,-10.336610485104691
290270,2024-06-30,-0.03321986000658918,0.018572211038291583,0.16292467665017563,G5,-3.3788275882499264
290520,2024-06-30,-0.15356752154385295,0.042144534688462895,0.09539432830916829,G4,-4.344571886289374
290550,2024-06-30,-0.27605270978365776,0.03222077096050744,0.06303606902455677,G4,-9.484104188028262
290650,2024-06-30,-0.2837083276094838,0.028480041426985087,0.06308486262345926,G4,-10.998606425378147
290660,2024-06-30,0.04118047617591861,0.017189066176332035,0.610779835467741,G5,0.6776422309413636
290670,2024-06-30,-0.3057149055550158,0.035053116624909036,-0.1054376260387679,G1,-9.56398109094746
290720,2024-06-30,0.4415312085185127,0.06519699532686676,-0.131287617150449,G1,6.3192907499579745
290740,2024-06-30,-0.22706038147492955,0.018957678788739128,0.024842742441840582,G3,-13.535033658853637
291650,2024-06-30,0.15755628240652442,0.08700602784009323,-161.69652180812835,G1,1.4714364804404914
293780,2024-06-30,-0.08525180353640063,0.05670912590497289,-6.27721469997264,G1,-2.0240876707063706
293940,2024-06-30,-0.06905941688714029,0.014422546078413066,0.16617676369867873,G5,-6.835953608711142
294090,2024-06-30,-0.6389774022448165,0.07050891677639325,-6.922589832899237,G1,-9.481209921140461
294570,2024-06-30,-0.1435532254159521,0.022789827476068968,0.1719958532329965,G5,-7.594865060830114
294870,2024-06-30,0.14720629041614908,0.03937487002144997,0.04358738519186295,G3,2.9885521229061704
296640,2024-06-30,-0.21059593138363966,0.030754807447998755,0.0997894487114529,G4,-7.807832021515559
297090,2024-06-30,-0.17390437940745326,0.043988668123248344,0.1220427353819269,G5,-4.624755126976114
297890,2024-06-30,-0.8837796433922672,0.046954522109840725,-0.4058430975362143,G1,-19.450993032793438
298000,2024-06-30,-0.4513305247814376,0.028584077980858717,-0.11937451194985552,G1,-16.822755805796394
298040,2024-06-30,0.23691572019896923,0.0470086373391003,0.02362605820387247,G3,4.411599504121003
298380,2024-06-30,0.5950798685937267,0.045595576768899165,-1.3514346399706996,G1,12.403559065297264
298540,2024-06-30,-0.20845967758995185,0.021656424284369657,0.05428267546827101,G3,-10.989446525856575
299170,2024-06-30,-0.15145933364351274,0.026526036653173272,0.02064928919937949,G3,-6.82317434128446
299900,2024-06-30,-0.266054714701065,0.03148263927244584,-1.1071015350280589,G1,-9.388893706384975
299910,2024-06-30,,,-1.1365982322168444,G1,
300080,2024-06-30,-0.4530581822399389,0.03637745759265631,-0.2943248238245118,G1,-13.266199817156876
300120,2024-06-30,-0.2357471616303553,0.0361540593234143,-0.020460856748691737,G2,-7.337477606088444
300720,2024-06-30,0.07464257284675772,0.020657451880306283,0.14826317501085734,G5,2.1837220816848713
301300,2024-06-30,-0.1700371482689501,0.03656801609670959,-0.6920247291240363,G1,-5.4574901401691776
302430,2024-06-30,-0.1206078317053906,0.03132674416354424,0.16320203326919072,G5,-4.79271864148918
302440,2024-06-30,0.05884156216776956,0.0273042239897707,-0.42606379180590437,G1,1.073428168270219
303530,2024-06-30,-0.13939207281443386,0.032102130810166926,0.026843512344643203,G3,-5.2620965517131575
306040,2024-06-30,-0.07257398253787832,0.025816630804701875,0.03307839387359762,G3,-3.955063785614982
307180,2024-06-30,0.09627620762480228,0.04287941174275793,0.13893840894883502,G5,1.5565458080633454
307280,2024-06-30,-0.1452378841780926,0.01708413191347613,0.20295825710675716,G5,-10.22997973134487
307750,2024-06-30,-0.1633514400342107,0.02878608671703437,0.060123005282511986,G4,-6.700593969393574
307870,2024-06-30,-0.557555249616939,0.0834100938401677,-0.6751931212962801,G1,-7.038568854344174
308170,2024-06-30,-0.44020005100937964,0.02709322061366395,0.0018428342279156046,G2,-17.337639431351665
309960,2024-06-30,-0.11536203376258007,0.02482828523733465,0.3500845795517036,G5,-5.835863065125835
310200,2024-06-30,-0.11554467588395742,0.02380697752432255,0.1289920890783211,G5,-6.093890531048248
311320,2024-06-30,-0.34460726501398975,0.03303742848945205,0.10361561237216904,G4,-11.324722326915747
311390,2024-06-30,0.252192906577986,0.022149973482869883,0.535522730277948,G5,10.052403346026333
314130,2024-06-30,-0.02123702932707884,0.05723166387545708,0.07722355187347987,G4,-0.8870870583450009
317120,2024-06-30,-0.2378644660976656,0.0286859697901034,-0.7829586623641582,G1,-9.321522231202627
317240,2024-06-30,-0.2576475890284918,0.02397531434996927,-0.10927375563453472,G1,-11.978154857988342
317330,2024-06-30,-0.30227627986189654,0.0368155508327408,-1.8929348496982457,G1,-9.012732700747822
317400,2024-06-30,-0.1523750744163803,0.023527195688794668,0.003996604594356517,G2,-7.731797526868359
317770,2024-06-30,-0.17952317750828556,0.046234576752069836,-1.032642857813576,G1,-4.521629291725197
317830,2024-06-30,-0.3346499677992511,0.0342557125871155,-0.07049640378007534,G2,-10.631289770939407
317850,2024-06-30,0.24298175152395396,0.0507213619255489,0.009929048428131046,G2,4.208272498930022
317870,2024-06-30,0.101590582346895,0.021974136577789873,-0.14175648513493475,G1,3.2792252413383456
318010,2024-06-30,-0.05542889899368308,0.04402395637836506,-0.10762900402584266,G1,-1.9298887471146584
318160,2024-06-30,-0.024678105033723717,0.03493029524588079,0.11481291129218218,G4,-1.5519635226818422
318410,2024-06-30,-0.366272160991973,0.02712760444399909,0.0668093637328575,G4,-14.590473730676921
319400,2024-06-30,0.04897934281530916,0.023256667304909037,0.005714392456255955,G2,0.8361861799009379
319660,2024-06-30,-0.5082475426083126,0.03523758007377452,0.20237154781365657,G5,-15.261546919703045
321370,2024-06-30,-0.33691755183982175,0.039773597808412005,-0.7056536991505945,G1,-9.213398109705551
321820,2024-06-30,0.38830565305007925,0.03715271463246742,0.11249179312827205,G4,9.656716005138433
322000,2024-06-30,-0.04273140401044713,0.050404908348043384,0.0917343616779067,G4,-1.4336667876838327
322180,2024-06-30,0.15818375288157763,0.05104648146024186,-0.04599700656164149,G2,2.5202777973519868
322310,2024-06-30,-0.2137106691095189,0.04671014435842996,-0.028239760072377208,G2,-5.207500671960782
322510,2024-06-30,-0.0883343665806821,0.06422407329780966,-14.42285198557966,G1,-1.835243383871327
322780,2024-06-30,-0.0998015459161703,0.055016702820299156,-0.3854223917613022,G1,-2.350813086036865
323280,2024-06-30,1.2216523500087824,0.08626127515997409,0.09088938657858438,G4,13.819873503765976
326030,2024-06-30,0.45324257420446734,0.028435474710310344,0.18327534795121103,G5,14.900758278054882
328130,2024-06-30,-0.08836557302382453,0.04279653358015944,1.142364924356813,G5,-2.7548495680704503
331520,2024-06-30,-0.1496705241949409,0.022431510525088023,0.08372427486184794,G4,-7.988894150436528
331920,2024-06-30,0.2728712508883832,0.07684942762042027,8.304087934519707,G5,3.1664362298950097
332290,2024-06-30,-0.23303996264628962,0.02431883211506567,0.0649520521727999,G4,-10.797081061635957
332370,2024-06-30,0.20404114433135406,0.01998669897449482,0.271927470086247,G5,8.73124198896755
332570,2024-06-30,-0.2549145595819907,0.028779855381265044,-0.11187478553743287,G1,-9.883545099102504
333430,2024-06-30,-0.04586387380678463,0.02917148933549751,-0.14988504855195095,G1,-2.584589081621842
335810,2024-06-30,-0.29970513127681797,0.04954224158045398,-0.27873936926067816,G1,-6.6455929283406325
336060,2024-06-30,-0.161885223971042,0.04277624822803277,0.08774523335177654,G4,-4.474858617217149
336260,2024-06-30,-0.16187671750736013,0.026822104123749267,-0.0038363061411819097,G2,-7.1362468674584605
336370,2024-06-30,-0.285521367867761,0.04717414988479226,-0.06653498601097182,G2,-6.678526431564091
336570,2024-06-30,-0.2758314385910096,0.03606259401415479,0.1524933966923204,G5,-8.467607113773974
337930,2024-06-30,0.36924087994756555,0.07018312853006319,0.12028735753929723,G5,4.8403148739324156
338220,2024-06-30,0.12980839546962172,0.03878630288299067,-0.5040127799398889,G1,2.5853445415444964
339950,2024-06-30,-0.006537680333251007,0.018273336382678147,0.06357668462783439,G4,-1.9739208320946364
340810,2024-06-30,-0.13570035976026634,0.06473346278104734,-0.9300398386185827,G1,-2.552509810011792
340930,2024-06-30,-0.22797384869012563,0.05848255153844946,-0.0795076823986335,G2,-4.40313018054997
347000,2024-06-30,-0.11065352247718277,0.0305982976911339,0.051611406260446885,G3,-4.5814954451597805
347740,2024-06-30,-0.28857978504627396,0.030983683107571054,0.2751462976067277,G5,-10.267088743653318
347770,2024-06-30,-0.21954644078401192,0.04476047817176446,-0.05340441026604463,G2,-5.564705516607385
347850,2024-06-30,0.4620257289465856,0.057416732422270356,-2.5572442528872306,G1,7.532530530324001
348150,2024-06-30,0.139055174817112,0.04528330296901244,0.0010710590554067164,G2,2.418611907962382
348210,2024-06-30,-0.021191044582686204,0.034087570393892805,0.0645841571773448,G4,-1.4880345833085293
348340,2024-06-30,-0.3548977726780408,0.037195629772792116,-0.03097632160073101,G2,-10.335359665925976
348350,2024-06-30,0.11159221126803798,0.04416919447348187,0.17989343800231783,G5,1.857850776357592
348370,2024-06-30,-0.16375499349571268,0.04702461916895538,-0.11182350566655865,G1,-4.110345515518965
348950,2024-06-30,-0.23643498857078488,0.014228209760495544,0.3002077999298082,G5,-18.69296503721997
351320,2024-06-30,-0.012119792834107133,0.03481314928480304,-0.6215322748739034,G1,-1.1964511316613287
351330,2024-06-30,-0.4960030149913967,0.030200019104466288,-0.11673978457561791,G1,-17.401825217324628
352480,2024-06-30,-0.6341910993340708,0.04061248158297548,0.2213641358197586,G5,-16.34284615192513
352700,2024-06-30,-0.05044366017548431,0.01821554549663395,-0.021662468236887264,G2,-4.3905409922888845
352770,2024-06-30,-0.6831295168724152,0.05461043577797873,-2.6713732875989415,G1,-13.0499225238591
352820,2024-06-30,-0.06137053440646928,0.025515543162247606,0.01576978490657227,G3,-3.5626509242945734
352910,2024-06-30,0.043942327433703715,0.02119692788606973,-0.265965875210743,G1,0.6798102294240206
353190,2024-06-30,-0.3070066619482959,0.02755749322989905,0.015391502673771616,G3,-12.212253783938205
353200,2024-06-30,-0.18700844426217575,0.03180006783623514,0.05134053058826628,G3,-6.80944721255672
353590,2024-06-30,0.1532278481578881,0.056719081565157384,-0.0766067261352726,G2,2.180842949500158
353810,2024-06-30,-0.20991584010268804,0.025502366402961545,0.042956548844189445,G3,-9.38925726905373
354200,2024-06-30,0.1620928362037125,0.07887491694047159,-1.4048671144485698,G1,1.680640719778737
354320,2024-06-30,-0.10883850539544976,0.04459995199183073,0.08511050332670261,G4,-3.102490882617656
355390,2024-06-30,-0.3636632969430312,0.054514500631084845,-1.3099551329836554,G1,-7.212681606097595
356860,2024-06-30,-0.46835287292100625,0.04067152608201168,0.028568399467140772,G3,-12.241618643506042
356890,2024-06-30,-0.13567461412627668,0.03140486740300991,0.08008530390828475,G4,-5.260555665802082
357230,2024-06-30,-0.1355171611613478,0.022062198040799876,0.030119501603112584,G3,-7.481104098535872
357430,2024-06-30,-0.33176421408068935,0.014494587356396586,-11.317548565469831,G1,-24.926315197626945
357550,2024-06-30,-0.17645892697789062,0.02187259704125726,0.4645525699461485,G5,-9.41778269922538
357780,2024-06-30,-0.3221173589406648,0.02730263828271344,0.2037584717227575,G5,-12.879700281115351
359090,2024-06-30,-0.1818596342238125,0.02722402830340799,0.08762195669787666,G4,-7.764907929578518
361610,2024-06-30,-0.19120461834010444,0.037608093875398534,-0.7780235779853675,G1,-5.8694029560719265
362320,2024-06-30,-0.45711836963522895,0.034780117430021434,0.006689055077752553,G2,-13.99221292563989
362990,2024-06-30,-0.18433070447540303,0.03306546705821676,0.17470607666939295,G5,-6.467870032600926
363250,2024-06-30,0.2562023384790509,0.05013367589333468,-14.353649506190205,G1,4.521310185531331
363260,2024-06-30,0.16577964751458188,0.05811836022026602,-0.010698478302619762,G2,2.3443057920736363
365340,2024-06-30,-0.2937216355051202,0.02780318808953274,-0.574802233252246,G1,-11.626511085295581
365550,2024-06-30,0.08923140922663182,0.016499595584178465,0.03575395993893122,G3,3.6182080886568637
365900,2024-06-30,-0.2521862794276577,0.027215175575723997,0.08164537567546193,G4,-10.35153044183708
366030,2024-06-30,-0.26697170476960286,0.031151211137924566,0.183416114843332,G5,-9.518222019721687
368770,2024-06-30,0.09235544781354912,0.045170671212329774,0.25231160790674,G5,1.390792014000685
368970,2024-06-30,-0.2712320703283889,0.022508305756366056,0.32609785150327897,G5,-13.36237887508319
369370,2024-06-30,-0.044643738468724194,0.018311346199962747,-0.28497230920345623,G1,-4.050831472634455
372170,2024-06-30,-0.16076764722286677,0.0411671553301164,0.1303965002172863,G5,-4.622619287664026
372910,2024-06-30,-0.15369725352379618,0.03592788098485999,0.14252357298823154,G5,-5.099930402948045
373110,2024-06-30,-0.057019250039794134,0.09329654209059683,-4.479994136300104,G1,-0.9277052195582685
373200,2024-06-30,-0.5652400878767875,0.07678129843908538,-0.24321577512340883,G1,-7.7463202497551125
373220,2024-06-30,0.2536819940282241,0.0281444866735553,-0.0038527290272135097,G2,7.964243853644199
375500,2024-06-30,-0.021255417689954856,0.025260114331641683,0.019632952311229888,G3,-2.0105948867668615
376300,2024-06-30,0.32774475888605303,0.0442565881846935,0.3604687269386735,G5,6.738258236652818
376900,2024-06-30,,,-0.12983271731504545,G1,
377030,2024-06-30,-0.25044591836039065,0.06576627713125284,-0.24488273574515196,G1,-4.257172058348612
377220,2024-06-30,0.2520590633992845,0.03195573941791999,-0.17554752110397867,G1,6.963588651937338
377300,2024-06-30,-0.051930791245508964,0.030964552585638305,0.0033758188762609354,G2,-2.6308544276426176
377330,2024-06-30,-0.11461300240259177,0.03575224343481594,-0.29830224798064686,G1,-4.0317873111876255
377460,2024-06-30,,,-0.24399187842615638,G1,
377480,2024-06-30,-0.24784011220472202,0.039368031839928805,0.350807327184208,G5,-7.045629112395421
378340,2024-06-30,-0.11479174117332192,0.044649622104708395,0.06481494089241631,G4,-3.2323718184950296
378800,2024-06-30,1.2395558808446792,0.09527754484054472,-209.54357697934034,G1,12.699985540615772
378850,2024-06-30,-0.2634984613283456,0.028859036081399253,0.05413918054879504,G3,-10.15386998811112
380540,2024-06-30,0.13610289081597943,0.05834479198496516,0.2925365344515031,G5,1.8265632315400366
382150,2024-06-30,,,-7.839559311668087,G1,
382480,2024-06-30,-0.09228202921977427,0.033516924965140804,0.10777293046698944,G4,-3.6344165931348815
382840,2024-06-30,0.08988032626544751,0.05003671523274958,0.1308505508542986,G5,1.2060721204488443
382900,2024-06-30,-0.41138184871129746,0.026509145695644627,0.09747633508659656,G4,-16.632534778671822
383220,2024-06-30,0.06850139683278614,0.041768462817554926,0.18890457044318837,G5,0.9329756275353659
383310,2024-06-30,-0.1366639286571405,0.03979759083710219,0.06794911483368998,G4,-4.176040915687552
388050,2024-06-30,-0.07825358707131926,0.05912585515260339,0.05060417214155489,G3,-1.8229931020450285
389030,2024-06-30,-0.10620756438849026,0.03378200126216869,-2.6594717420044094,G1,-4.018116107434142
389260,2024-06-30,-0.18067274078804554,0.042601122585180465,-0.07101408521325624,G2,-4.934263865749849
393210,2024-06-30,-0.27587665896372443,0.047826043502640476,0.14615907489306013,G5,-6.3858323963439085
394280,2024-06-30,-0.5015350803129274,0.039128273326046036,-1.4225155638287517,G1,-13.572475200018815
396690,2024-06-30,-0.059013347647625905,0.009748468114630605,0.23402185043484447,G5,-9.083046241811642
399720,2024-06-30,-0.45867484757087623,0.04290787537059194,0.06488838610793049,G4,-11.37803450715419
402340,2024-06-30,-0.0978900904044928,0.04053883965146917,1.5554180200868182,G5,-3.1432209339091215
402490,2024-06-30,-0.1864572093806936,0.05487161462725912,0.10687786641086672,G4,-3.936272877557798
403490,2024-06-30,-0.18073770135375092,0.03126186075786857,0.08794129745212395,G4,-6.726091642680497
403550,2024-06-30,-0.0502404145499681,0.013123894843164959,-0.11388685100572268,G1,-6.078443520591355
405000,2024-06-30,-0.3554557265842838,0.02868355324952295,-2.2414236643662653,G1,-13.421913326413874
405100,2024-06-30,-0.2337965388471518,0.036475159932071316,0.07068428094634098,G4,-7.219405709582817
405920,2024-06-30,-0.21376269451234667,0.02607129004286071,-0.13931490887062054,G1,-9.331917720096103
406820,2024-06-30,-0.25777442660818917,0.04507382751647601,0.025692023155222045,G3,-6.3741395275907955
407400,2024-06-30,-0.26479954818622875,0.04023662912935809,-0.1549443189047118,G1,-7.315025974575584
408900,2024-06-30,0.4640132486030209,0.05865291207650136,0.15848380198407144,G5,7.407659640359111
408920,2024-06-30,-0.11017358713943401,0.016859266151375264,0.15708466657499606,G5,-8.286601854994025
412350,2024-06-30,-0.5235279704800723,0.037394677263606776,-1.984833104369129,G1,-14.789816358241753
412540,2024-06-30,-0.1894419095446272,0.05134167692634557,-0.0002730813539715907,G2,-4.265040833846479
413630,2024-06-30,-0.07579793671127348,0.04538003397465906,-2.8491976326563675,G1,-2.3210730911854736
416180,2024-06-30,-0.21128737254400118,0.04878920901355297,0.06335323436239491,G4,-4.9359236691354225
417010,2024-06-30,-0.2816088804561901,0.051428023699096964,-0.05894308729027463,G2,-6.050034535665887
417200,2024-06-30,-0.3770767213302908,0.032460739978217544,0.03839418586163608,G3,-12.526182724963512
417500,2024-06-30,-0.10208638460427814,0.03065542180036526,0.08220057818485957,G4,-4.293492501450434
417840,2024-06-30,-0.2263166951201135,0.04571315908021447,-0.20495562697954547,G1,-5.59683774415057
417970,2024-06-30,-0.24614587148349262,0.03139791443729358,0.0708095196401896,G4,-8.780147199217783
418620,2024-06-30,-0.33092654185347636,0.043471399428271856,-6.661390984179854,G1,-8.291865125543673
419050,2024-06-30,-0.09568362295106003,0.05479958197499373,0.007060451316289189,G2,-2.2849820648739465
419120,2024-06-30,-0.20877675769562237,0.02608729470579112,0.08874619417651931,G4,-9.135067449792343
419530,2024-06-30,0.4486606552898957,0.05453043945108112,-0.4032785230885456,G1,7.686133111791672
420570,2024-06-30,-0.5122547389572304,0.0487736606443898,0.21692086001089517,G5,-11.108191815492523
424960,2024-06-30,0.1688939593474733,0.05128188388998406,0.10229651902472736,G4,2.7175585168060095
425040,2024-06-30,-0.5010329454152292,0.036883434443270545,0.031402587319657026,G3,-14.384923542184454
425420,2024-06-30,-0.5431081151966369,0.0443732770742815,0.017205570644477114,G3,-12.905076928675307
430690,2024-06-30,-0.16128336899190895,0.06084217793871005,-0.024656335242089173,G2,-3.136242233282959
432320,2024-06-30,-0.05475686909103408,0.01010947694141189,0.15912477261110997,G5,-8.337652739494994
432430,2024-06-30,-0.6459187137243202,0.03778849843679531,-0.6655214609127444,G1,-17.874516868630376
432470,2024-06-30,-0.01962350376077819,0.05828086178562273,0.05147905905794128,G3,-0.8434319822857299
434480,2024-06-30,-0.03877693650899143,0.06235949937497905,0.21467130985839303,G5,-1.095412506803894
438700,2024-06-30,-0.2059074290382323,0.041969972092623535,-4.4985033552343365,G1,-5.6097218159457025
439090,2024-06-30,-0.2998642647399592,0.04014159720663518,0.17997144422759892,G5,-8.205869389519508
440110,2024-06-30,0.12108360153726938,0.04547888540571017,-3.0286736242524506,G1,2.0130476307008243
441270,2024-06-30,-0.3619400045122376,0.03885678377723388,0.021719754257512828,G3,-10.074751574421114
443060,2024-06-30,0.11728391175664829,0.03953174208048943,0.12944737362989506,G5,2.2197724692625442
443250,2024-06-30,-0.09932382957568493,0.04137401284999807,0.14801157823767397,G5,-3.1144252085782678
445090,2024-06-30,0.0715392190145068,0.06146927784360319,-0.1433588617529126,G1,0.6833784528426505
445680,2024-06-30,0.0383724745099723,0.05013392576872041,-2.8144497737850616,G1,0.17632841135089294
448280,2024-06-30,-0.24563094526118673,0.030739027209194244,0.38180194415246343,G5,-8.951597017464293
450140,2024-06-30,-0.2673121449131813,0.026005639618876343,0.003897727711372529,G2,-11.41462345429509
450330,2024-06-30,-0.6646896400941023,0.046254241246290295,0.0477312010305616,G3,-15.008830766933634
450520,2024-06-30,-0.6856014045607991,0.04332765361526492,-0.21452293224324487,G1,-16.50525204838782
451220,2024-06-30,-0.7383080206930825,0.045174471238016954,-0.5310672859827662,G1,-16.997220746023704
451760,2024-06-30,-0.28979572080504695,0.04668340704501434,-0.6834836629875782,G1,-6.840292515958098
452260,2024-06-30,0.08184126890511674,0.030266208776853903,-0.006692578834045895,G2,1.7282914509176883
452400,2024-06-30,0.040070918155426856,0.06087530674404261,0.029729722656164248,G3,0.17311582798829905
453340,2024-06-30,-0.051783151691225306,0.00992305503750452,0.043437620151298824,G3,-8.194612486606244
454910,2024-06-30,-0.04922547998197982,0.045189055921000955,-0.25691833488699617,G1,-1.7428538260249085
456040,2024-06-30,-0.332927288643805,0.022073030671052988,0.04380998419360133,G3,-16.420931636883562
460930,2024-06-30,-0.38563858719075617,0.03304098547463292,0.08801202497283535,G4,-12.56533424325047
462520,2024-06-30,-0.08607955595121532,0.021974146588040002,0.018592512080583597,G3,-5.261273493029775
472850,2024-06-30,0.19635160556580053,0.046636263750317444,0.06439768428480795,G4,3.577026826903019
481850,2024-06-30,-0.205801890807554,0.01521837448623413,-1.233498995122411,G1,-15.463828284999643
900070,2024-06-30,0.007836261202192121,0.02282383054936943,0.0531585542880963,G3,-0.9505931870317679
900100,2024-06-30,0.715244691438339,0.07564377143690965,-0.8594835939655052,G1,9.065019358346827
900120,2024-06-30,-0.17954293444115776,0.032635005843096025,-0.26357606717156934,G1,-6.406475747874828
900250,2024-06-30,-0.11504533899267606,0.03364303729663578,-0.10991359332539131,G1,-4.297405633810706
900260,2024-06-30,-0.13547044820125395,0.02265566467983938,0.01746193943089222,G3,-7.283074213773806
900270,2024-06-30,0.25563518056631696,0.060945060255234204,0.041491294468607526,G3,3.709943686904602
900290,2024-06-30,0.2649082610541999,0.05500548130524198,0.10971041049825232,G4,4.279133941645531
900340,2024-06-30,-0.0527481064981962,0.05366477863515436,0.11240362553618517,G4,-1.5332318070662205
950110,2024-06-30,0.03994193471456792,0.03282733400596083,-0.07906108068433829,G2,0.31709841829639634
950140,2024-06-30,-0.6136752809476829,0.04692334840498563,0.10105100085471928,G4,-13.707626199662512
950170,2024-06-30,-0.24595364901278294,0.020105564308864957,0.09169556009790392,G4,-13.701982386821427
950190,2024-06-30,0.04147008279537012,0.016993017982371857,0.25989615580307607,G5,0.7025028622557635
950200,2024-06-30,0.1535640934579606,0.045037510658293936,-0.174619625737399,G1,2.7539633656623774
