Date,Open,High,Low,Close,Volume,Change
2016-01-04,7910,7910,7250,7510,57749,-0.03470437017994854
2016-01-05,7380,7590,7360,7470,107431,-0.005326231691078598
2016-01-06,7450,7560,7310,7380,133001,-0.012048192771084376
2016-01-07,7470,7500,7290,7440,45629,0.008130081300812941
2016-01-08,7300,7600,6830,7150,180211,-0.03897849462365588
2016-01-11,7130,7190,7000,7150,44956,0.0
2016-01-12,7120,7300,7120,7150,44708,0.0
2016-01-13,7170,7290,7080,7150,99344,0.0
2016-01-14,7120,7260,6990,7050,45931,-0.013986013986013957
2016-01-15,7160,7190,6940,7100,69387,0.007092198581560183
2016-01-18,7010,7080,6800,7080,51523,-0.0028169014084507005
2016-01-19,7230,7230,6730,6920,98609,-0.02259887005649719
2016-01-20,6960,6960,6280,6350,175256,-0.08236994219653182
2016-01-21,6390,6600,6220,6270,262646,-0.012598425196850394
2016-01-22,6350,6430,6200,6250,184167,-0.0031897926634768536
2016-01-25,6350,6390,6240,6270,100197,0.0032000000000000917
2016-01-26,6250,6350,5800,5910,424197,-0.0574162679425837
2016-01-27,5930,6120,5900,6070,166906,0.027072758037224975
2016-01-28,6140,6950,6100,6940,633257,0.14332784184514002
2016-01-29,6850,6940,6680,6880,234985,-0.008645533141210415
2016-02-01,7000,7210,6730,6980,220522,0.014534883720930258
2016-02-02,6880,7060,6880,7010,146709,0.004297994269341077
2016-02-03,6950,7100,6810,6950,155812,-0.008559201141226769
2016-02-04,7050,7500,6800,7080,482833,0.018705035971223083
2016-02-05,7120,7140,6710,6780,245233,-0.0423728813559322
2016-02-11,6600,6600,6070,6210,327288,-0.08407079646017701
2016-02-12,6180,6190,5830,6000,211576,-0.033816425120772986
2016-02-15,6050,6160,6020,6100,137115,0.016666666666666607
2016-02-16,6100,6440,6090,6400,160615,0.049180327868852514
2016-02-17,6440,6610,6330,6440,194549,0.006250000000000089
2016-02-18,6600,6720,6540,6590,155240,0.02329192546583858
2016-02-19,6610,6900,6550,6860,358387,0.04097116843702575
2016-02-22,6880,7110,6780,7030,179224,0.02478134110787167
2016-02-23,7120,7630,7060,7390,315732,0.05120910384068278
2016-02-24,7310,7550,7310,7400,238189,0.0013531799729364913
2016-02-25,7600,7850,7450,7750,292499,0.04729729729729737
2016-02-26,7700,7840,7660,7800,139914,0.006451612903225712
2016-02-29,8010,8230,7770,8150,308861,0.044871794871794934
2016-03-02,8360,8910,8250,8620,379358,0.05766871165644161
2016-03-03,8840,8950,8720,8840,243914,0.025522041763341052
2016-03-04,8850,8910,8560,8860,225345,0.002262443438914019
2016-03-07,9000,9050,8760,8820,180961,-0.004514672686230292
2016-03-08,8870,9340,8780,9200,261080,0.04308390022675734
2016-03-09,9200,9390,9050,9050,297363,-0.016304347826086918
2016-03-10,9070,9130,8680,9070,307025,0.0022099447513812542
2016-03-11,9050,9150,8920,9060,97270,-0.0011025358324145973
2016-03-14,9060,9150,8880,8880,159888,-0.019867549668874163
2016-03-15,8900,9000,8770,8860,123792,-0.0022522522522522292
2016-03-16,8850,9150,8770,9050,162894,0.021444695259593693
2016-03-17,9050,9770,9050,9730,320040,0.07513812154696131
2016-03-18,9780,10150,9740,9990,418963,0.02672147995888996
2016-03-21,10050,10150,9850,9900,155273,-0.009009009009009028
2016-03-22,9990,10250,9920,10200,176184,0.030303030303030276
2016-03-23,10150,10500,10050,10250,131265,0.004901960784313708
2016-03-24,10200,10300,9670,9730,368647,-0.050731707317073216
2016-03-25,9820,9860,9200,9520,403241,-0.021582733812949617
2016-03-28,9600,9600,9380,9430,115603,-0.009453781512605008
2016-03-29,9450,9870,9370,9800,147680,0.03923647932131491
2016-03-30,9800,10200,9800,9960,185306,0.01632653061224487
2016-03-31,9870,10150,9700,9700,150737,-0.026104417670682722
2016-04-01,9700,9720,9450,9530,146990,-0.017525773195876337
2016-04-04,9750,10050,9600,9900,232490,0.03882476390346268
2016-04-05,9900,9960,9690,9840,103043,-0.0060606060606061
2016-04-06,9850,10350,9840,10100,229800,0.026422764227642226
2016-04-07,10250,10250,9910,10150,128247,0.004950495049504955
2016-04-08,10100,10200,9980,10150,100197,0.0
2016-04-11,10050,10300,9970,10100,121207,-0.0049261083743842304
2016-04-12,10100,10150,9960,9960,88790,-0.013861386138613874
2016-04-14,10000,10150,9900,9960,180973,0.0
2016-04-15,9920,10300,9830,9830,200448,-0.013052208835341417
2016-04-18,9830,10200,9670,10100,245745,0.02746693794506605
2016-04-19,10200,11350,10100,11300,675608,0.11881188118811892
2016-04-20,11450,12150,11200,11850,856411,0.04867256637168138
2016-04-21,11850,11950,11200,11600,388704,-0.021097046413502074
2016-04-22,11450,12000,11400,11700,366469,0.008620689655172376
2016-04-25,11000,11300,10050,10400,1452081,-0.11111111111111116
2016-04-26,10400,10700,9710,10200,775972,-0.019230769230769273
2016-04-27,10350,10450,10000,10200,217007,0.0
2016-04-28,10200,10250,9800,9820,565893,-0.03725490196078429
2016-04-29,9750,10400,9280,10050,638855,0.023421588594704668
2016-05-02,10200,10250,9920,10100,247598,0.004975124378109541
2016-05-03,10000,10100,9830,9910,207861,-0.01881188118811883
2016-05-04,9910,9950,9550,9770,222417,-0.014127144298688221
2016-05-09,9710,10000,9710,10000,137558,0.023541453428863823
2016-05-10,10200,10700,10050,10300,403950,0.030000000000000027
2016-05-11,10450,10450,10050,10250,193888,-0.004854368932038833
2016-05-12,10200,10450,9950,10100,323317,-0.014634146341463428
2016-05-13,9900,10150,9790,10150,242218,0.004950495049504955
2016-05-16,10150,10250,9950,9980,124880,-0.016748768472906406
2016-05-17,9920,9990,9810,9860,148577,-0.012024048096192397
2016-05-18,9860,9880,9520,9670,261332,-0.01926977687626774
2016-05-19,9790,9790,9020,9110,371905,-0.05791106514994826
2016-05-20,8950,9050,8630,8740,489713,-0.040614709110867175
2016-05-23,9000,9470,8700,9370,267330,0.07208237986270016
2016-05-24,9370,10050,9370,9690,309630,0.03415154749199578
2016-05-25,9610,10150,9610,9970,222375,0.028895768833849367
2016-05-26,10050,10100,9660,9660,149810,-0.031093279839518595
2016-05-27,9850,9850,9510,9700,189375,0.0041407867494824835
2016-05-30,9650,9730,9350,9590,148651,-0.01134020618556697
2016-05-31,9460,9840,9300,9760,151253,0.01772679874869665
2016-06-01,9850,9850,9550,9700,109862,-0.006147540983606592
2016-06-02,9800,9800,9490,9520,100762,-0.01855670103092788
2016-06-03,9520,9790,9380,9650,80273,0.013655462184873901
2016-06-07,9650,9720,9360,9450,155292,-0.020725388601036232
2016-06-08,9370,9630,9370,9560,189623,0.011640211640211673
2016-06-09,9510,9940,9420,9720,200947,0.01673640167364021
2016-06-10,9790,9880,9640,9870,116237,0.015432098765432167
2016-06-13,9540,9770,9540,9680,132844,-0.019250253292806496
2016-06-14,9680,9920,9680,9910,117936,0.023760330578512345
2016-06-15,10150,10450,9870,9930,355923,0.0020181634712410634
2016-06-16,10000,10000,9650,9720,117822,-0.02114803625377648
2016-06-17,9570,9960,9570,9960,91414,0.024691358024691468
2016-06-20,9940,9940,9800,9860,88306,-0.010040160642570295
2016-06-21,9870,9940,9680,9750,64289,-0.011156186612576113
2016-06-22,9740,9830,9660,9690,55036,-0.006153846153846176
2016-06-23,9700,9770,9490,9660,102953,-0.003095975232198178
2016-06-24,9530,9660,9080,9120,264048,-0.05590062111801242
2016-06-27,8840,9460,8800,9190,176398,0.007675438596491224
2016-06-28,9010,9350,9010,9310,48859,0.013057671381936808
2016-06-29,9320,9500,9310,9360,66600,0.005370569280343629
2016-06-30,9370,9690,9370,9670,79662,0.033119658119658224
2016-07-01,9740,9810,9540,9610,103042,-0.006204756980351611
2016-07-04,9650,9760,9520,9640,61462,0.003121748178980255
2016-07-05,9650,9750,9480,9590,85480,-0.005186721991701226
2016-07-06,9590,9630,9420,9540,70153,-0.005213764337851923
2016-07-07,9540,9590,9380,9420,91416,-0.012578616352201255
2016-07-08,9450,9470,9280,9440,57684,0.002123142250530785
2016-07-11,9440,9460,9320,9340,66078,-0.010593220338983023
2016-07-12,9300,9850,9300,9750,174022,0.043897216274090045
2016-07-13,9910,9910,9760,9860,104186,0.011282051282051286
2016-07-14,9910,9910,9730,9830,41489,-0.0030425963488843744
2016-07-15,9820,10100,9780,9900,172855,0.007121057985757906
2016-07-18,9900,9990,9860,9980,69752,0.008080808080808133
2016-07-19,10000,10300,9970,10200,197868,0.022044088176352616
2016-07-20,10250,10450,10200,10250,153090,0.004901960784313708
2016-07-21,10400,10500,10250,10500,183184,0.024390243902439046
2016-07-22,10450,10950,10400,10750,301251,0.023809523809523725
2016-07-25,10900,11200,10800,11050,199121,0.027906976744185963
2016-07-26,10950,11000,10750,10900,126391,-0.013574660633484115
2016-07-27,10950,11200,10800,10800,132077,-0.00917431192660545
2016-07-28,10800,11000,10600,10800,108451,0.0
2016-07-29,10700,10800,10500,10500,104667,-0.02777777777777779
2016-08-01,10550,10650,10300,10500,127539,0.0
2016-08-02,10500,10600,10400,10600,66860,0.00952380952380949
2016-08-03,10650,10650,10250,10300,77607,-0.028301886792452824
2016-08-04,10400,10550,10300,10300,52556,0.0
2016-08-05,10500,10500,10200,10300,79190,0.0
2016-08-08,10500,10650,10300,10550,81774,0.024271844660194164
2016-08-09,10650,10800,10550,10700,74054,0.014218009478673022
2016-08-10,10800,10800,10500,10650,62755,-0.004672897196261627
2016-08-11,10700,10700,10550,10550,49662,-0.009389671361502372
2016-08-12,10550,10700,10550,10600,31561,0.004739336492890933
2016-08-16,10600,10600,10250,10250,80902,-0.03301886792452835
2016-08-17,10250,10400,9980,10050,161463,-0.019512195121951237
2016-08-18,10100,10200,10000,10100,84354,0.004975124378109541
2016-08-19,10050,10100,9660,9840,158169,-0.025742574257425765
2016-08-22,9820,9830,9400,9540,122922,-0.030487804878048808
2016-08-23,9450,9680,9400,9540,64755,0.0
2016-08-24,9390,9490,9000,9300,201754,-0.02515723270440251
2016-08-25,9240,9310,9080,9130,92511,-0.018279569892473146
2016-08-26,9040,9140,8910,9000,137501,-0.014238773274917849
2016-08-29,8900,9500,8900,9170,151112,0.018888888888888955
2016-08-30,9120,9340,8020,8220,541351,-0.10359869138495092
2016-08-31,7890,8120,6580,7030,1252021,-0.14476885644768855
2016-09-01,7140,7480,7030,7330,440158,0.04267425320056906
2016-09-02,7220,7870,7200,7530,619799,0.027285129604365688
2016-09-05,7540,7650,7230,7470,420205,-0.007968127490039834
2016-09-06,7460,7950,7310,7880,654806,0.05488621151271755
2016-09-07,7870,7940,7500,7500,269956,-0.048223350253807085
2016-09-08,7430,7530,7200,7210,195243,-0.03866666666666663
2016-09-09,7210,7280,7020,7070,186257,-0.01941747572815533
2016-09-12,7010,7020,6660,6730,266133,-0.048090523338048086
2016-09-13,6980,7130,6790,7050,160621,0.04754829123328386
2016-09-19,7000,7070,6850,6960,82362,-0.012765957446808529
2016-09-20,7000,7000,6870,6890,65665,-0.010057471264367845
2016-09-21,6890,6930,6730,6870,89306,-0.002902757619738794
2016-09-22,6990,7430,6990,7220,276128,0.0509461426491995
2016-09-23,7230,7290,7000,7040,108362,-0.024930747922437657
2016-09-26,7120,7140,6920,7030,44390,-0.0014204545454545858
2016-09-27,6950,7200,6950,7200,68251,0.024182076813655806
2016-09-28,7100,7200,7040,7050,57729,-0.02083333333333337
2016-09-29,7050,7180,7000,7090,30547,0.005673758865248235
2016-09-30,7090,7090,6800,6850,127177,-0.03385049365303239
2016-10-04,6900,6980,6800,6970,35124,0.01751824817518255
2016-10-05,6900,6990,6850,6870,61800,-0.01434720229555242
2016-10-06,6930,6930,6830,6840,19653,-0.004366812227074246
2016-10-07,6840,6870,6710,6740,63831,-0.014619883040935644
2016-10-10,6780,6910,6660,6900,38237,0.023738872403560762
2016-10-11,6830,6980,6830,6900,28338,0.0
2016-10-12,6900,6900,6710,6850,25554,-0.007246376811594235
2016-10-13,6810,7100,6800,6950,79202,0.014598540145985384
2016-10-14,6940,6980,6830,6870,73876,-0.01151079136690647
2016-10-17,6960,6960,6740,6780,75078,-0.013100436681222738
2016-10-18,6830,6830,6700,6710,32479,-0.010324483775811188
2016-10-19,6740,6780,6680,6730,30248,0.0029806259314455463
2016-10-20,6750,6820,6650,6720,30342,-0.0014858841010401136
2016-10-21,6720,6780,6580,6630,42504,-0.013392857142857095
2016-10-24,6680,6680,6150,6290,127722,-0.05128205128205132
2016-10-25,6290,6430,6110,6200,70978,-0.014308426073131986
2016-10-26,6290,6290,6150,6150,28517,-0.008064516129032251
2016-10-27,6200,6390,6200,6360,27224,0.034146341463414664
2016-10-28,6360,6360,6180,6260,37064,-0.01572327044025157
2016-10-31,6230,6330,6120,6260,63171,0.0
2016-11-01,6270,6280,6070,6080,73452,-0.028753993610223683
2016-11-02,6080,6080,5570,5600,128684,-0.07894736842105265
2016-11-03,5560,5660,5520,5580,74881,-0.0035714285714285587
2016-11-04,5580,5600,5130,5310,118637,-0.048387096774193505
2016-11-07,5300,5390,5140,5200,85664,-0.020715630885122405
2016-11-08,5210,5400,5210,5350,65891,0.028846153846153744
2016-11-09,5350,5550,5020,5120,151244,-0.04299065420560744
2016-11-10,5270,5390,5200,5350,51117,0.044921875
2016-11-11,5380,5420,5250,5410,45709,0.01121495327102795
2016-11-14,5300,5410,5100,5300,113002,-0.020332717190388205
2016-11-15,5300,5500,5270,5420,163761,0.02264150943396226
2016-11-16,5480,5550,5400,5470,55118,0.009225092250922495
2016-11-17,5500,5500,5280,5340,35460,-0.02376599634369292
2016-11-18,5340,6030,5300,5600,291935,0.04868913857677892
2016-11-21,5520,5980,5520,5860,197575,0.046428571428571486
2016-11-22,5950,5960,5710,5710,108208,-0.025597269624573427
2016-11-23,5770,6280,5610,6120,183828,0.07180385288966717
2016-11-24,6140,6250,5900,5940,106683,-0.02941176470588236
2016-11-25,6050,6150,5880,6030,80085,0.015151515151515138
2016-11-28,6050,6130,5860,6030,88009,0.0
2016-11-29,5980,6150,5980,6000,71017,-0.00497512437810943
2016-11-30,6110,6110,5950,6040,22976,0.006666666666666599
2016-12-01,5940,5940,5430,5680,153584,-0.05960264900662249
2016-12-02,5750,5750,5300,5300,98099,-0.06690140845070425
2016-12-05,5250,5360,5080,5210,72916,-0.016981132075471694
2016-12-06,5210,5400,5160,5370,22838,0.030710172744721653
2016-12-07,5380,5740,5330,5640,82088,0.05027932960893855
2016-12-08,5560,5700,5510,5530,35367,-0.019503546099290725
2016-12-09,5510,5590,5500,5510,32256,-0.003616636528028905
2016-12-12,5520,5610,5490,5540,24377,0.005444646098003547
2016-12-13,5600,5640,5460,5550,48502,0.0018050541516245744
2016-12-14,5610,5610,5490,5510,55294,-0.007207207207207245
2016-12-15,5510,5680,5430,5660,68724,0.02722323049001818
2016-12-16,5700,5710,5560,5600,28466,-0.010600706713780883
2016-12-19,5610,5700,5430,5590,45360,-0.0017857142857142794
2016-12-20,5600,5670,5590,5620,31358,0.005366726296958779
2016-12-21,5600,5680,5590,5630,26287,0.001779359430605032
2016-12-22,5690,6100,5630,6010,192624,0.06749555950266428
2016-12-23,6090,6150,6020,6100,104459,0.014975041597337757
2016-12-26,6140,6250,6060,6250,65052,0.024590163934426146
2016-12-27,6240,6360,6180,6270,52732,0.0032000000000000917
2016-12-28,6000,6040,5740,5750,170934,-0.08293460925039875
2016-12-29,5600,5820,5500,5720,90991,-0.00521739130434784
2017-01-02,5730,5790,5660,5730,40567,0.0017482517482516613
2017-01-03,5720,6060,5710,6050,81164,0.055846422338568846
2017-01-04,6150,6300,6120,6240,110561,0.03140495867768589
2017-01-05,6280,6590,6210,6550,104434,0.049679487179487225
2017-01-06,6710,6730,6350,6400,78851,-0.022900763358778664
2017-01-09,6410,6500,6360,6360,24685,-0.006249999999999978
2017-01-10,6370,6400,6250,6320,19534,-0.0062893081761006275
2017-01-11,6320,6390,6270,6310,25256,-0.0015822784810126667
2017-01-12,6370,6460,6270,6340,44797,0.004754358161648264
2017-01-13,6390,6450,6120,6350,12832,0.001577287066246047
2017-01-16,6500,6500,6320,6420,22177,0.011023622047244164
2017-01-17,6500,6700,6460,6680,112500,0.04049844236760114
2017-01-18,6710,7000,6670,6890,159844,0.0314371257485031
2017-01-19,6960,6970,6800,6880,74498,-0.0014513788098693414
2017-01-20,6820,7040,6820,6980,53723,0.014534883720930258
2017-01-23,6900,7070,6870,6930,85469,-0.007163323782234943
2017-01-24,7010,7010,6810,6820,39077,-0.015873015873015928
2017-01-25,6940,6940,6690,6770,37163,-0.007331378299120228
2017-01-26,6770,6980,6520,6640,62157,-0.019202363367799125
2017-01-31,6640,6800,6640,6660,16238,0.003012048192771122
2017-02-01,6750,6820,6680,6740,30045,0.012012012012011963
2017-02-02,6860,6860,6620,6640,22862,-0.014836795252225476
2017-02-03,6520,6800,6520,6740,34840,0.015060240963855387
2017-02-06,6700,6880,6700,6840,48469,0.014836795252225476
2017-02-07,6850,6930,6800,6890,53924,0.007309941520467822
2017-02-08,6950,6950,6800,6850,21311,-0.005805515239477477
2017-02-09,6900,6900,6750,6850,13336,0.0
2017-02-10,6850,6910,6780,6820,16847,-0.004379562043795637
2017-02-13,6890,6990,6760,6990,27595,0.024926686217008776
2017-02-14,6980,7050,6960,7020,22235,0.0042918454935623185
2017-02-15,7040,7180,7000,7170,47722,0.02136752136752129
2017-02-16,7170,7180,7020,7180,30592,0.001394700139470073
2017-02-17,7170,7190,7060,7180,21528,0.0
2017-02-20,7180,7200,7060,7160,27238,-0.0027855153203342198
2017-02-21,7160,7170,7030,7150,15914,-0.0013966480446927498
2017-02-22,7180,7190,7030,7080,36334,-0.009790209790209836
2017-02-23,7080,7080,6850,6850,29180,-0.03248587570621464
2017-02-24,6780,6850,6640,6650,46622,-0.029197080291970767
2017-02-27,6790,6790,6690,6690,7516,0.006015037593984918
2017-02-28,6650,6790,6640,6710,26345,0.002989536621823552
2017-03-02,6710,6810,6660,6710,17527,0.0
2017-03-03,6670,6700,6620,6640,17522,-0.010432190760059634
2017-03-06,6560,6820,6560,6720,18491,0.012048192771084265
2017-03-07,6770,6840,6650,6660,17296,-0.008928571428571397
2017-03-08,6780,6780,6520,6630,17960,-0.0045045045045044585
2017-03-09,6630,6650,6490,6500,30782,-0.019607843137254943
2017-03-10,6510,6710,6300,6710,35562,0.03230769230769237
2017-03-13,6710,6780,6640,6740,24535,0.0044709388971684305
2017-03-14,6790,6790,6680,6680,10675,-0.008902077151335286
2017-03-15,6680,6720,6520,6540,24295,-0.020958083832335328
2017-03-16,6580,6650,6450,6460,15551,-0.012232415902140636
2017-03-17,6460,6460,6290,6290,54563,-0.02631578947368418
2017-03-20,6290,6290,6120,6140,36358,-0.02384737678855331
2017-03-21,6150,6270,6120,6160,25353,0.0032573289902280145
2017-03-22,6160,6280,6160,6220,24356,0.009740259740259827
2017-03-23,6240,6600,6130,6390,27877,0.027331189710610992
2017-03-24,6490,6540,6350,6390,17448,0.0
2017-03-27,6250,6470,6250,6450,18150,0.009389671361502261
2017-03-28,6420,6530,6330,6410,15239,-0.006201550387596955
2017-03-29,6500,6500,6250,6290,22333,-0.018720748829953227
2017-03-30,6320,6420,6240,6420,13975,0.020667726550079424
2017-03-31,6430,6460,6330,6460,14536,0.006230529595015577
2017-04-03,6400,7000,6400,7000,68477,0.08359133126934992
2017-04-04,7140,7140,6870,6970,31751,-0.004285714285714337
2017-04-05,7010,7030,6900,7000,25480,0.004304160688665792
2017-04-06,7000,7120,6900,7050,59064,0.0071428571428571175
2017-04-07,6950,7100,6950,7070,35465,0.0028368794326241176
2017-04-10,7110,7110,6920,7000,21687,-0.00990099009900991
2017-04-11,7000,7010,6920,7000,16357,0.0
2017-04-12,7080,7100,6880,6990,24660,-0.0014285714285714457
2017-04-13,6990,6990,6830,6970,33918,-0.0028612303290415086
2017-04-14,6980,6980,6750,6760,19450,-0.03012912482065999
2017-04-17,6720,6860,6720,6860,10570,0.014792899408283988
2017-04-18,6860,7130,6860,7090,76430,0.03352769679300294
2017-04-19,7060,7130,7010,7050,30834,-0.005641748942172065
2017-04-20,7100,7100,7030,7060,29537,0.0014184397163119478
2017-04-21,7090,7090,6990,7060,16634,0.0
2017-04-24,6980,7060,6940,6980,23848,-0.011331444759206777
2017-04-25,7000,7100,6950,7010,14545,0.004297994269341077
2017-04-26,7100,7100,6970,7010,13415,0.0
2017-04-27,7010,7080,6960,6990,10676,-0.0028530670470755526
2017-04-28,6930,7040,6930,7000,29385,0.0014306151645206988
2017-05-02,6990,7040,6980,7020,23634,0.0028571428571428914
2017-05-04,6980,7020,6690,6980,29486,-0.005698005698005715
2017-05-08,7000,7010,6910,7000,31363,0.002865329512893977
2017-05-10,7020,7110,6820,6830,59156,-0.024285714285714244
2017-05-11,6770,6890,6640,6750,82597,-0.01171303074670571
2017-05-12,6690,6700,6480,6490,79367,-0.03851851851851851
2017-05-15,6580,6580,6450,6470,32896,-0.0030816640986132127
2017-05-16,6470,6470,6170,6280,70585,-0.029366306027820754
2017-05-17,6280,6410,6250,6340,29440,0.009554140127388644
2017-05-18,6350,6370,6250,6300,26482,-0.006309148264984188
2017-05-19,6310,6350,6250,6300,19600,0.0
2017-05-22,6290,6420,6200,6400,41290,0.015873015873015817
2017-05-23,6440,7360,6440,7090,266019,0.10781250000000009
2017-05-24,7000,7450,7000,7400,249350,0.0437235543018335
2017-05-25,7470,8320,7460,8080,616564,0.09189189189189184
2017-05-26,8080,8240,7970,8150,155014,0.00866336633663356
2017-05-29,8150,8170,7750,7870,227162,-0.03435582822085892
2017-05-30,7870,8120,7720,8060,101578,0.02414231257941557
2017-05-31,8120,8190,8010,8100,66349,0.00496277915632759
2017-06-01,8140,8190,7940,8180,47270,0.009876543209876631
2017-06-02,8180,8500,8130,8500,129267,0.03911980440097795
2017-06-05,8450,8690,8450,8650,66888,0.01764705882352935
2017-06-07,8650,8870,8460,8790,81974,0.016184971098266
2017-06-08,8700,8900,8550,8900,109635,0.012514220705347023
2017-06-09,8900,9000,8810,8950,62393,0.00561797752808979
2017-06-12,8970,9000,8780,8890,61914,-0.006703910614525133
2017-06-13,8900,9210,8810,9040,92251,0.01687289088863886
2017-06-14,9000,9190,8790,8980,103878,-0.006637168141592875
2017-06-15,9090,9090,8800,8930,50048,-0.0055679287305122616
2017-06-16,8880,9000,8780,8900,66036,-0.0033594624860022737
2017-06-19,8830,8980,8750,8800,51370,-0.011235955056179803
2017-06-20,8870,8870,8270,8550,88399,-0.02840909090909094
2017-06-21,8560,8730,8560,8640,22622,0.010526315789473717
2017-06-22,8700,8730,8360,8630,71156,-0.0011574074074074403
2017-06-23,8640,8750,8480,8730,35321,0.011587485515643037
2017-06-26,8780,8820,8680,8770,33033,0.004581901489117968
2017-06-27,8830,8830,8580,8690,68858,-0.009122006841505104
2017-06-28,8580,8700,8560,8620,32177,-0.008055235903337121
2017-06-29,8690,8710,8500,8700,59745,0.009280742459396807
2017-06-30,8770,8780,8600,8720,36673,0.0022988505747125743
2017-07-03,8780,8780,8610,8680,30813,-0.004587155963302725
2017-07-04,8770,8770,8550,8610,30777,-0.008064516129032251
2017-07-05,8610,8670,8520,8610,20961,0.0
2017-07-06,8600,8620,8430,8440,34719,-0.019744483159117254
2017-07-07,8320,8530,8320,8390,36275,-0.005924170616113722
2017-07-10,8400,8530,8300,8420,52858,0.0035756853396902155
2017-07-11,8420,8420,8200,8350,64756,-0.008313539192399078
2017-07-12,8490,8490,8190,8290,25466,-0.007185628742514938
2017-07-13,8280,8360,7980,8050,68543,-0.02895054282267795
2017-07-14,8070,8100,7850,7900,92611,-0.018633540372670843
2017-07-17,7850,7900,7590,7680,61816,-0.027848101265822822
2017-07-18,7680,7940,7680,7940,30796,0.03385416666666674
2017-07-19,7990,7990,7870,7930,11503,-0.0012594458438287548
2017-07-20,7950,8060,7470,7910,42909,-0.0025220680958385477
2017-07-21,7910,7980,7900,7940,36430,0.0037926675094817064
2017-07-24,7820,7950,7740,7910,48822,-0.0037783375314861534
2017-07-25,7810,7920,7760,7800,12740,-0.013906447534766109
2017-07-26,7800,7870,7500,7650,51796,-0.019230769230769273
2017-07-27,7530,7670,7490,7570,43692,-0.010457516339869244
2017-07-28,7700,7700,7210,7610,56441,0.005284015852047519
2017-07-31,7610,7610,7500,7610,7072,0.0
2017-08-01,7470,7650,7470,7580,14236,-0.003942181340341633
2017-08-02,7430,7580,7420,7510,22369,-0.00923482849604218
2017-08-03,7580,7600,7410,7460,10219,-0.0066577896138482195
2017-08-04,7480,7570,7220,7420,22539,-0.00536193029490617
2017-08-07,7480,7570,7350,7440,10947,0.0026954177897573484
2017-08-08,7430,7640,7330,7600,26604,0.021505376344086002
2017-08-09,7600,7680,7560,7600,7957,0.0
2017-08-10,7660,7740,7550,7590,26837,-0.001315789473684159
2017-08-11,7580,7580,7380,7500,24692,-0.011857707509881465
2017-08-14,7580,7580,7400,7490,5243,-0.0013333333333332975
2017-08-16,7450,7800,7210,7750,51716,0.03471295060080104
2017-08-17,7750,7840,7730,7800,80666,0.006451612903225712
2017-08-18,7840,7840,7720,7820,30625,0.002564102564102555
2017-08-21,7850,7970,7790,7890,42667,0.008951406649616356
2017-08-22,7840,7970,7840,7930,7479,0.005069708491761693
2017-08-23,8010,8010,7800,7910,12901,-0.0025220680958385477
2017-08-24,7910,7960,7690,7800,30932,-0.013906447534766109
2017-08-25,7810,7810,7490,7550,50837,-0.03205128205128205
2017-08-28,7590,7820,7550,7800,38727,0.0331125827814569
2017-08-29,7930,7930,7610,7670,29755,-0.01666666666666672
2017-08-30,7770,7780,7640,7760,11733,0.011734028683181297
2017-08-31,7860,7860,7680,7760,13139,0.0
2017-09-01,7800,7800,7450,7670,61944,-0.011597938144329856
2017-09-04,7340,7560,7340,7400,38746,-0.03520208604954367
2017-09-05,7410,7540,7050,7050,68655,-0.04729729729729726
2017-09-06,7050,7320,6930,7110,34728,0.008510638297872353
2017-09-07,7040,7270,7040,7170,13108,0.00843881856540074
2017-09-08,7270,7340,7110,7280,13004,0.015341701534170138
2017-09-11,7330,7430,7250,7400,19787,0.016483516483516425
2017-09-12,7470,7500,7430,7490,28595,0.012162162162162149
2017-09-13,7580,7580,7380,7450,20149,-0.005340453938584733
2017-09-14,7530,7530,7320,7320,25939,-0.01744966442953022
2017-09-15,7380,7410,7200,7380,40068,0.008196721311475308
2017-09-18,7520,7520,7230,7330,16871,-0.006775067750677488
2017-09-19,7240,7440,7180,7330,21545,0.0
2017-09-20,7380,7440,7200,7300,11300,-0.004092769440654842
2017-09-21,7210,7360,6920,7110,14144,-0.02602739726027392
2017-09-22,7180,7180,7010,7030,18685,-0.011251758087201136
2017-09-25,7150,7150,6770,6850,19080,-0.02560455192034139
2017-09-26,6510,6900,6510,6900,42445,0.007299270072992803
2017-09-27,6950,7150,6890,7010,11295,0.01594202898550723
2017-09-28,7120,7120,6920,7020,4108,0.0014265335235377208
2017-09-29,6960,7150,6960,7130,9339,0.015669515669515688
2017-10-10,7040,7120,6960,6960,12920,-0.02384291725105192
2017-10-11,6960,6970,6800,6900,20979,-0.008620689655172376
2017-10-12,6920,6920,6690,6750,14970,-0.021739130434782594
2017-10-13,6750,6760,6550,6680,23965,-0.010370370370370363
2017-10-16,6560,6820,6550,6790,18451,0.01646706586826352
2017-10-17,6790,6790,6620,6730,29120,-0.008836524300441795
2017-10-18,6700,6730,6540,6600,29576,-0.019316493313521588
2017-10-19,6600,6620,6430,6570,31674,-0.004545454545454519
2017-10-20,6480,6600,6460,6470,18427,-0.015220700152207
2017-10-23,6570,6570,6420,6420,20321,-0.007727975270479082
2017-10-24,6420,6520,6360,6460,8711,0.006230529595015577
2017-10-25,6460,6770,6340,6690,19495,0.035603715170278605
2017-10-26,6830,6830,6520,6580,9891,-0.01644245142002987
2017-10-27,6760,6760,6540,6560,12237,-0.003039513677811523
2017-10-30,6560,6570,6450,6510,16141,-0.007621951219512146
2017-10-31,6550,6550,6410,6490,20872,-0.003072196620583667
2017-11-01,6450,6570,6420,6490,27618,0.0
2017-11-02,6550,6630,6350,6520,29307,0.0046224961479199855
2017-11-03,6530,6600,6460,6580,20770,0.009202453987730008
2017-11-06,6690,6690,6400,6600,21904,0.003039513677811634
2017-11-07,6600,6650,6410,6480,25322,-0.018181818181818188
2017-11-08,6590,6590,6400,6490,31407,0.0015432098765431057
2017-11-09,6440,6650,6440,6630,21357,0.02157164869029282
2017-11-10,6630,6770,6540,6710,19039,0.012066365007541435
2017-11-13,6710,6710,6470,6540,40563,-0.025335320417287588
2017-11-14,6540,6590,6370,6490,31620,-0.007645259938837912
2017-11-15,6680,7130,6590,6820,111742,0.05084745762711873
2017-11-16,6830,7140,6820,6960,43127,0.02052785923753664
2017-11-17,7060,7060,6820,6940,21596,-0.002873563218390829
2017-11-20,6980,6980,6700,6850,21113,-0.012968299711815567
2017-11-21,6970,6970,6620,6630,37222,-0.03211678832116793
2017-11-22,6700,6850,6630,6790,35442,0.02413273001508287
2017-11-23,6810,6810,6650,6700,26981,-0.013254786450662692
2017-11-24,6750,6750,6610,6690,18465,-0.0014925373134327957
2017-11-27,6760,6760,6590,6660,20239,-0.004484304932735439
2017-11-28,6660,6720,6500,6500,32171,-0.024024024024024038
2017-11-29,6600,6640,6490,6520,13047,0.003076923076922977
2017-11-30,6530,6570,6420,6540,33156,0.0030674846625766694
2017-12-01,6600,6630,6470,6550,12703,0.001529051987767538
2017-12-04,6650,6720,6500,6690,39643,0.021374045801526798
2017-12-05,6800,6800,6600,6660,36536,-0.004484304932735439
2017-12-06,6680,6730,6510,6600,20917,-0.009009009009009028
2017-12-07,6700,6700,6410,6500,24187,-0.015151515151515138
2017-12-08,6560,6640,6390,6400,38211,-0.01538461538461533
2017-12-11,6400,6590,6400,6470,15116,0.010937500000000044
2017-12-12,6500,6500,6210,6350,43287,-0.018547140649149974
2017-12-13,6430,6430,6210,6350,18188,0.0
2017-12-14,6320,6530,6300,6430,20513,0.012598425196850505
2017-12-15,6530,6530,6170,6170,46265,-0.04043545878693622
2017-12-18,6160,6370,6010,6190,45150,0.0032414910858995505
2017-12-19,6100,6150,5960,6100,53109,-0.014539579967689842
2017-12-20,5890,6030,5890,5930,66065,-0.02786885245901638
2017-12-21,5710,5940,5660,5910,107834,-0.003372681281618939
2017-12-22,5910,6080,5860,5910,120457,0.0
2017-12-26,5910,5990,5830,5940,88283,0.0050761421319796
2017-12-27,5990,6320,5870,6140,33455,0.03367003367003374
2017-12-28,6140,6380,6100,6350,26383,0.03420195439739415
2018-01-02,6350,6570,6350,6460,49013,0.017322834645669305
2018-01-03,6460,6580,6330,6460,34144,0.0
2018-01-04,6550,6550,6300,6340,34076,-0.018575851393188847
2018-01-05,6370,6440,6260,6420,16972,0.012618296529968376
2018-01-08,6450,6450,6200,6260,26629,-0.024922118380062308
2018-01-09,6220,6300,6130,6270,18324,0.0015974440894568342
2018-01-10,6300,6300,6110,6110,26223,-0.02551834130781494
2018-01-11,6230,6230,6050,6210,15026,0.016366612111292866
2018-01-12,6310,6310,6090,6170,16585,-0.006441223832528209
2018-01-15,6170,6200,6090,6200,8830,0.004862236628849326
2018-01-16,6240,6350,6150,6330,25779,0.020967741935483897
2018-01-17,6350,7170,6240,6670,251561,0.05371248025276465
2018-01-18,6700,6790,6500,6560,59403,-0.016491754122938573
2018-01-19,6560,6760,6550,6760,68670,0.030487804878048808
2018-01-22,6830,7130,6830,6940,116851,0.026627218934911268
2018-01-23,6950,9020,6810,7550,1694436,0.08789625360230557
2018-01-24,7620,7700,7370,7490,215029,-0.007947019867549643
2018-01-25,7550,7590,7370,7570,95219,0.010680907877169465
2018-01-26,7470,7760,7430,7660,102709,0.011889035667107084
2018-01-29,7730,7740,7520,7610,94058,-0.00652741514360311
2018-01-30,7610,7620,7400,7410,75815,-0.026281208935611033
2018-01-31,7400,7580,7330,7580,82256,0.02294197031039147
2018-02-01,7630,7660,7470,7510,41720,-0.00923482849604218
2018-02-02,7510,7520,7250,7360,62974,-0.01997336884154466
2018-02-05,7250,7350,6980,6990,66691,-0.05027173913043481
2018-02-06,6800,6930,6660,6920,56810,-0.010014306151645225
2018-02-07,6900,7090,6680,6720,40296,-0.028901734104046284
2018-02-08,6730,6910,6720,6890,23941,0.02529761904761907
2018-02-09,6840,7020,6650,7020,66235,0.018867924528301883
2018-02-12,7150,7240,7010,7020,72786,0.0
2018-02-13,7190,7190,6890,7020,74657,0.0
2018-02-14,7940,8170,7190,7190,531916,0.024216524216524205
2018-02-19,7250,7320,7110,7140,83591,-0.006954102920723182
2018-02-20,7160,7260,7050,7050,57711,-0.012605042016806678
2018-02-21,7000,7090,6950,7050,35408,0.0
2018-02-22,7050,7070,6890,6900,34882,-0.021276595744680882
2018-02-23,7030,7030,6890,6890,37974,-0.0014492753623188692
2018-02-26,6890,6990,6840,6930,44433,0.005805515239477588
2018-02-27,6920,7010,6850,6910,47011,-0.0028860028860029363
2018-02-28,6910,6980,6670,6700,37341,-0.03039073806078152
2018-03-02,6610,6690,6510,6640,27603,-0.008955223880596996
2018-03-05,6790,6790,6480,6480,30619,-0.02409638554216864
2018-03-06,6500,6640,6500,6510,17856,0.004629629629629539
2018-03-07,6500,6590,6410,6510,22050,0.0
2018-03-08,6610,6610,6420,6510,75647,0.0
2018-03-09,6450,6560,6450,6500,29368,-0.001536098310291889
2018-03-12,6510,6640,6500,6580,22182,0.012307692307692353
2018-03-13,6610,6740,6500,6740,33062,0.024316109422492405
2018-03-14,6760,6790,6670,6740,33215,0.0
2018-03-15,6760,7230,6680,7100,125892,0.05341246290801194
2018-03-16,7100,7180,7010,7160,59019,0.008450704225352101
2018-03-19,7210,7400,7150,7250,104722,0.012569832402234526
2018-03-20,7250,7310,7200,7260,34509,0.0013793103448276334
2018-03-21,7270,7320,7040,7150,39012,-0.015151515151515138
2018-03-22,7150,7150,6960,7070,83233,-0.01118881118881121
2018-03-23,7040,7750,6900,7480,406137,0.057991513437057884
2018-03-26,7550,8000,7520,7670,310470,0.025401069518716568
2018-03-27,7690,7780,7360,7410,148176,-0.03389830508474578
2018-03-28,7290,7370,7040,7090,95514,-0.04318488529014841
2018-03-29,7060,7140,6960,7040,74498,-0.007052186177715081
2018-03-30,7070,7240,7010,7240,27142,0.02840909090909083
2018-04-02,7250,7350,7130,7170,37678,-0.00966850828729282
2018-04-03,7140,7230,7060,7210,21067,0.00557880055788007
2018-04-04,7210,7230,6930,6950,59598,-0.03606102635228847
2018-04-05,6980,7350,6980,7290,128118,0.048920863309352525
2018-04-06,7310,7670,7300,7510,134273,0.030178326474622708
2018-04-09,7510,7690,7420,7580,88311,0.009320905459387463
2018-04-10,7660,7660,7130,7210,101810,-0.04881266490765168
2018-04-11,7310,7340,7110,7220,59333,0.001386962552011095
2018-04-12,7330,7330,7110,7170,39337,-0.006925207756232732
2018-04-13,7170,7220,6960,6960,118442,-0.029288702928870314
2018-04-16,6980,7120,6890,6970,58968,0.001436781609195359
2018-04-17,7010,7020,6830,6950,60619,-0.0028694404591105283
2018-04-18,7000,7100,6950,7070,41442,0.01726618705035965
2018-04-19,7100,7100,6940,7020,27081,-0.007072135785007094
2018-04-20,7030,7110,6900,7070,37312,0.007122507122507171
2018-04-23,7070,7080,6940,6990,49945,-0.011315417256011262
2018-04-24,6990,7070,6910,6950,34725,-0.005722460658083017
2018-04-25,6870,7020,6810,6880,35692,-0.010071942446043147
2018-04-26,6880,6950,6740,6810,58098,-0.01017441860465118
2018-04-27,6930,6930,6710,6770,27777,-0.005873715124816492
2018-04-30,6840,6850,6600,6840,124606,0.010339734121122657
2018-05-02,6710,7050,6660,7030,50480,0.02777777777777768
2018-05-03,7030,7060,6870,6870,25511,-0.022759601706970112
2018-05-04,6870,6970,6860,6970,27987,0.01455604075691408
2018-05-08,6990,6990,6850,6900,27586,-0.010043041606886627
2018-05-09,6900,6920,6720,6890,43537,-0.0014492753623188692
2018-05-10,6940,6990,6890,6970,23373,0.011611030478954953
2018-05-11,6970,7170,6920,7130,63128,0.022955523672883782
2018-05-14,7190,7190,6890,7090,45079,-0.005610098176718092
2018-05-15,7090,7130,7000,7100,29694,0.0014104372355430161
2018-05-16,7310,7310,6960,7010,122522,-0.012676056338028152
2018-05-17,7080,7110,7010,7060,28727,0.007132667617689048
2018-05-18,7100,7100,6930,7010,47264,-0.007082152974504208
2018-05-21,6990,7070,6840,6920,44126,-0.012838801711840264
2018-05-23,6860,6940,6800,6810,36487,-0.01589595375722541
2018-05-24,6890,6890,6650,6710,44844,-0.014684287812041119
2018-05-25,6630,6730,6590,6650,34679,-0.008941877794336861
2018-05-28,6660,6790,6590,6780,33839,0.019548872180451093
2018-05-29,6790,6890,6700,6830,35078,0.007374631268436627
2018-05-30,6800,6800,6600,6720,54973,-0.016105417276720324
2018-05-31,6780,6790,6690,6700,14648,-0.0029761904761904656
2018-06-01,6770,6850,6660,6840,45802,0.020895522388059806
2018-06-04,6840,6850,6740,6750,24564,-0.013157894736842146
2018-06-05,6800,6850,6730,6800,17810,0.007407407407407307
2018-06-07,6800,6900,6780,6870,22265,0.010294117647058787
2018-06-08,6870,6880,6780,6840,21537,-0.004366812227074246
2018-06-11,6840,6840,6710,6800,31791,-0.005847953216374324
2018-06-12,6900,6900,6660,6740,23923,-0.008823529411764675
2018-06-14,6830,6830,6500,6580,41001,-0.023738872403560873
2018-06-15,6600,6670,6500,6660,21093,0.012158054711246091
2018-06-18,6580,6650,6470,6550,40549,-0.016516516516516533
2018-06-19,6650,6650,6380,6420,44212,-0.01984732824427482
2018-06-20,6410,6640,6350,6420,31535,0.0
2018-06-21,6350,6470,6340,6380,9896,-0.006230529595015577
2018-06-22,6380,6480,6150,6200,55172,-0.028213166144200663
2018-06-25,6230,6330,6130,6330,19032,0.020967741935483897
2018-06-26,6320,6340,6170,6270,16295,-0.009478672985781977
2018-06-27,6300,6410,6200,6230,9790,-0.006379585326953707
2018-06-28,6200,6340,6130,6170,18260,-0.009630818619582704
2018-06-29,6200,6200,5900,6100,59539,-0.011345218800648316
2018-07-02,6150,6150,5870,5880,32432,-0.0360655737704918
2018-07-03,5860,6060,5860,5990,21802,0.018707482993197244
2018-07-04,5840,6170,5840,6020,24015,0.005008347245408995
2018-07-05,6000,6100,5920,6040,19129,0.0033222591362125353
2018-07-06,6020,6100,5910,6060,10141,0.0033112582781456013
2018-07-09,6110,6110,5900,6000,17959,-0.00990099009900991
2018-07-10,6000,6090,5890,6040,31988,0.006666666666666599
2018-07-11,6040,6040,5910,5940,13722,-0.01655629139072845
2018-07-12,6030,6100,5910,5990,11237,0.008417508417508435
2018-07-13,5990,6080,5970,6020,4341,0.005008347245408995
2018-07-16,6020,6090,5960,6050,11904,0.004983388704318914
2018-07-17,5990,6040,5900,6040,23656,-0.0016528925619834212
2018-07-18,6020,6090,5970,6000,6901,-0.0066225165562914245
2018-07-19,5980,6040,5900,5940,14861,-0.010000000000000009
2018-07-20,5940,6000,5800,5970,22022,0.005050505050504972
2018-07-23,6010,6010,5750,5890,37980,-0.01340033500837523
2018-07-24,5770,5840,5700,5740,48455,-0.025466893039049254
2018-07-25,5800,5800,5600,5710,35143,-0.005226480836236891
2018-07-26,5760,5760,5590,5720,17091,0.0017513134851139256
2018-07-27,5720,5730,5610,5730,18118,0.0017482517482516613
2018-07-30,5760,5760,5630,5690,15953,-0.006980802792321161
2018-07-31,5710,5710,5640,5690,7524,0.0
2018-08-01,5670,5780,5660,5740,15767,0.008787346221441172
2018-08-02,5750,5830,5670,5750,15977,0.0017421602787457413
2018-08-03,5730,5770,5670,5710,11664,-0.006956521739130417
2018-08-06,5670,5740,5670,5710,6714,0.0
2018-08-07,5710,5730,5600,5730,38575,0.003502626970227629
2018-08-08,5770,5820,5700,5790,25439,0.010471204188481575
2018-08-09,5790,5800,5600,5600,60634,-0.032815198618307395
2018-08-10,5610,5740,5610,5740,24763,0.02499999999999991
2018-08-13,5640,5800,5640,5710,17238,-0.005226480836236891
2018-08-14,5730,5760,5670,5760,10432,0.008756567425569184
2018-08-16,5750,5750,5600,5650,29552,-0.01909722222222221
2018-08-17,5650,5700,5600,5700,18946,0.008849557522123908
2018-08-20,5690,5690,5550,5630,18378,-0.012280701754386003
2018-08-21,5670,5670,5540,5580,35218,-0.008880994671403242
2018-08-22,5610,5620,5510,5560,26682,-0.0035842293906810374
2018-08-23,5570,5590,5380,5510,74439,-0.008992805755395739
2018-08-24,5520,5600,5420,5570,24960,0.010889292196007316
2018-08-27,5560,5570,5500,5570,14078,0.0
2018-08-28,5550,5790,5520,5770,57285,0.03590664272890476
2018-08-29,5750,6050,5750,5960,42615,0.032928942807625594
2018-08-30,5950,6380,5930,6300,106312,0.057046979865771785
2018-08-31,6400,6830,6380,6580,137644,0.04444444444444451
2018-09-03,6600,6600,6390,6420,42070,-0.024316109422492405
2018-09-04,6410,6550,6390,6390,19960,-0.004672897196261627
2018-09-05,6450,6450,6130,6230,52705,-0.025039123630672955
2018-09-06,6210,6230,6060,6200,28363,-0.0048154093097912964
2018-09-07,6190,6900,6110,6680,275452,0.07741935483870965
2018-09-10,6700,7020,6700,6850,192739,0.025449101796407136
2018-09-11,6830,7040,6820,6840,82561,-0.0014598540145985828
2018-09-12,6820,6940,6550,6690,76237,-0.021929824561403466
2018-09-13,6720,6720,6450,6530,46671,-0.02391629297458897
2018-09-14,6570,6660,6530,6650,29298,0.018376722817764257
2018-09-17,6650,6650,6440,6560,23277,-0.013533834586466176
2018-09-18,6480,6550,6400,6500,11656,-0.009146341463414642
2018-09-19,6460,6540,6250,6440,22043,-0.009230769230769265
2018-09-20,6400,6530,6280,6390,57039,-0.00776397515527949
2018-09-21,6400,7030,6270,6670,160776,0.04381846635367759
2018-09-27,6670,6850,6650,6780,45295,0.016491754122938573
2018-09-28,6770,6850,6620,6730,31131,-0.007374631268436627
2018-10-01,6790,6870,6650,6850,54677,0.017830609212481363
2018-10-02,6830,6950,6770,6850,34205,0.0
2018-10-04,6830,6850,6720,6810,24948,-0.005839416058394109
2018-10-05,6870,6870,6520,6630,29636,-0.026431718061673992
2018-10-08,6700,6700,6560,6630,9737,0.0
2018-10-10,6600,6690,6480,6520,10200,-0.016591251885369585
2018-10-11,6380,6500,6150,6360,72633,-0.024539877300613466
2018-10-12,6130,6650,6130,6630,53669,0.04245283018867929
2018-10-15,6630,6700,6410,6550,27461,-0.012066365007541435
2018-10-16,6540,6780,6490,6770,58174,0.03358778625954195
2018-10-17,6880,7560,6800,7400,486742,0.09305760709010347
2018-10-18,7450,7630,7300,7480,169593,0.0108108108108107
2018-10-19,7480,7480,7180,7410,82544,-0.009358288770053513
2018-10-22,7410,7470,7250,7410,44277,0.0
2018-10-23,7450,7450,7010,7100,75581,-0.04183535762483126
2018-10-24,7160,7220,6930,6930,64129,-0.023943661971830954
2018-10-25,6820,6820,6490,6600,88757,-0.04761904761904767
2018-10-26,6620,6630,6320,6400,54057,-0.030303030303030276
2018-10-29,6320,6590,6060,6060,52668,-0.05312499999999998
2018-10-30,5850,6240,5850,6170,41244,0.018151815181518094
2018-10-31,6300,6300,6180,6180,17077,0.0016207455429497752
2018-11-01,6160,6300,6000,6070,49973,-0.017799352750809017
2018-11-02,6020,6360,6020,6250,40243,0.029654036243822013
2018-11-05,6250,6440,6160,6410,17616,0.025600000000000067
2018-11-06,6370,6570,6320,6420,24380,0.0015600624024960652
2018-11-07,6480,6490,6240,6350,23949,-0.010903426791277204
2018-11-08,6350,6500,6200,6350,26651,0.0
2018-11-09,6480,6480,6270,6380,17199,0.0047244094488188
2018-11-12,6220,6350,6220,6350,17447,-0.00470219435736674
2018-11-13,6360,6360,6100,6280,18224,-0.011023622047244053
2018-11-14,6280,6380,6200,6240,21620,-0.006369426751592355
2018-11-15,6000,6190,5980,6140,51361,-0.01602564102564108
2018-11-16,6140,6270,6100,6140,20026,0.0
2018-11-19,6140,6260,6140,6150,16347,0.0016286644951140072
2018-11-20,6140,6240,6090,6130,8754,-0.003252032520325243
2018-11-21,6040,6270,6040,6070,12306,-0.009787928221859699
2018-11-22,6070,6190,5950,6050,35004,-0.0032948929159802853
2018-11-23,6150,6150,5870,5870,30803,-0.02975206611570247
2018-11-26,5780,6080,5780,6050,18016,0.030664395229982988
2018-11-27,6010,6220,6010,6190,12823,0.023140495867768562
2018-11-28,6150,6250,6070,6070,9660,-0.01938610662358642
2018-11-29,6090,6220,5990,5990,27601,-0.01317957166392092
2018-11-30,6000,6090,5940,6050,13415,0.01001669449081799
2018-12-03,6090,6160,6070,6090,8579,0.006611570247933907
2018-12-04,6150,6180,6010,6060,17526,-0.0049261083743842304
2018-12-05,6050,6200,5980,6090,21413,0.004950495049504955
2018-12-06,6090,6200,6030,6190,42781,0.016420361247947435
2018-12-07,6160,6240,6150,6190,5063,0.0
2018-12-10,6190,6190,6060,6090,16991,-0.016155088852988664
2018-12-11,6060,6240,5970,6050,33369,-0.006568144499178974
2018-12-12,6090,6180,6030,6060,18084,0.0016528925619834212
2018-12-13,6150,6150,6050,6100,17040,0.0066006600660066805
2018-12-14,6100,6240,6100,6240,18892,0.022950819672131084
2018-12-17,6240,6400,6160,6390,22158,0.024038461538461453
2018-12-18,6380,6390,6230,6330,16245,-0.009389671361502372
2018-12-19,6390,6430,6250,6360,11991,0.004739336492890933
2018-12-20,6360,6410,6190,6370,50062,0.0015723270440251014
2018-12-21,6280,6390,6280,6320,13945,-0.00784929356357933
2018-12-24,6300,6380,6240,6350,26081,0.004746835443038
2018-12-26,6450,6450,6200,6210,45213,-0.022047244094488216
2018-12-27,6400,6400,6020,6280,47717,0.011272141706924366
2018-12-28,6370,6450,6250,6450,18327,0.027070063694267565
2019-01-02,6500,6500,6270,6370,30976,-0.012403100775193798
2019-01-03,6280,6450,6220,6300,129282,-0.01098901098901095
2019-01-04,6340,7250,6320,7000,263991,0.11111111111111116
2019-01-07,7040,7140,6910,7110,91498,0.01571428571428579
2019-01-08,7080,7190,7020,7080,54735,-0.00421940928270037
2019-01-09,7160,7320,7040,7300,106475,0.031073446327683607
2019-01-10,7350,8430,7240,7990,736684,0.09452054794520537
2019-01-11,7990,8140,7780,7830,130572,-0.020025031289111372
2019-01-14,7800,8000,7530,7730,148524,-0.012771392081736943
2019-01-15,7720,7850,7660,7830,63435,0.012936610608020649
2019-01-16,7810,7910,7720,7860,41562,0.003831417624521105
2019-01-17,7860,7930,7600,7710,55756,-0.01908396946564883
2019-01-18,7710,7960,7630,7850,169723,0.018158236057068677
2019-01-21,7970,8010,7740,7860,40315,0.001273885350318471
2019-01-22,7860,7890,7720,7750,30205,-0.013994910941475869
2019-01-23,7750,7850,7650,7660,21678,-0.011612903225806437
2019-01-24,7640,7890,7640,7810,73121,0.019582245430809442
2019-01-25,7810,8400,7810,8320,294940,0.0653008962868118
2019-01-28,8270,8650,8210,8590,291912,0.03245192307692313
2019-01-29,8620,8960,8590,8890,284497,0.0349243306169964
2019-01-30,8720,9500,8720,9340,520408,0.0506186726659168
2019-01-31,9300,9420,8650,8970,325798,-0.039614561027837225
2019-02-01,8900,9050,8550,8910,174937,-0.006688963210702337
2019-02-07,8960,9260,8690,8700,84102,-0.023569023569023573
2019-02-08,8780,8780,8250,8280,138423,-0.0482758620689655
2019-02-11,8200,8370,7950,8200,200583,-0.009661835748792313
2019-02-12,8210,8380,8080,8330,65317,0.01585365853658538
2019-02-13,8320,8570,7800,7800,235910,-0.06362545018007204
2019-02-14,7810,7940,7620,7750,160670,-0.0064102564102563875
2019-02-15,7770,7770,7400,7530,124012,-0.0283870967741936
2019-02-18,7540,7740,7540,7630,42343,0.013280212483399723
2019-02-19,7630,7770,7620,7690,26528,0.007863695937090354
2019-02-20,7650,7760,7610,7700,28959,0.0013003901170351995
2019-02-21,7680,7840,7640,7810,30358,0.014285714285714235
2019-02-22,7850,7870,7760,7780,53540,-0.003841229193341844
2019-02-25,7750,7750,7540,7580,51528,-0.02570694087403602
2019-02-26,7580,7720,7500,7620,39345,0.005277044854881341
2019-02-27,7610,7720,7610,7640,20571,0.002624671916010568
2019-02-28,7750,7770,7510,7770,73763,0.017015706806282616
2019-03-04,7720,7950,7620,7910,57413,0.018018018018018056
2019-03-05,7910,7960,7600,7750,85287,-0.020227560050568916
2019-03-06,7730,8060,7680,8060,69539,0.040000000000000036
2019-03-07,8060,8170,7890,8030,66914,-0.003722084367245637
2019-03-08,8030,8030,7920,8020,40184,-0.001245330012453305
2019-03-11,7900,8000,7700,7830,60817,-0.023690773067331694
2019-03-12,7840,7890,7670,7820,48911,-0.0012771392081737387
2019-03-13,7830,7950,7800,7820,42050,0.0
2019-03-14,7890,8110,7830,8100,50922,0.03580562659846542
2019-03-15,8130,8180,7740,7740,71514,-0.0444444444444444
2019-03-18,7760,7940,7740,7790,37298,0.006459948320413522
2019-03-19,7790,7900,7770,7770,24965,-0.0025673940949936247
2019-03-20,7750,7900,7750,7800,37926,0.0038610038610038533
2019-03-21,7880,8050,7800,7830,48997,0.0038461538461538325
2019-03-22,7950,7970,7860,7920,17918,0.011494252873563315
2019-03-25,7890,8010,7890,7930,40628,0.0012626262626262985
2019-03-26,7950,8040,7780,7840,146537,-0.011349306431273631
2019-03-27,7830,8010,7830,7880,127299,0.005102040816326481
2019-03-28,7870,7990,7810,7970,56776,0.011421319796954377
2019-03-29,8030,8050,7900,7920,61829,-0.006273525721455453
2019-04-01,8000,8000,7850,7910,50909,-0.0012626262626262985
2019-04-02,7920,8040,7920,7990,94260,0.010113780025284402
2019-04-03,7990,8390,7960,8310,246097,0.040050062578222745
2019-04-04,8310,8360,8100,8280,88593,-0.0036101083032491488
2019-04-05,8240,8470,8200,8450,105237,0.020531400966183666
2019-04-08,8460,8730,8460,8700,95528,0.029585798816567976
2019-04-09,8800,9000,8790,8910,131917,0.024137931034482696
2019-04-10,8840,8910,8620,8620,78921,-0.032547699214365844
2019-04-11,8580,8790,8550,8620,92320,0.0
2019-04-12,8680,8740,8580,8640,35418,0.002320185614849146
2019-04-15,8690,8840,8640,8770,47017,0.01504629629629628
2019-04-16,8720,8820,8670,8700,43091,-0.007981755986317007
2019-04-17,8670,8850,8580,8630,49554,-0.008045977011494232
2019-04-18,8620,8780,8460,8510,110077,-0.01390498261877171
2019-04-19,8600,8960,8520,8850,95243,0.0399529964747356
2019-04-22,9040,9040,8820,8900,61664,0.005649717514124353
2019-04-23,8910,9170,8830,9140,119486,0.026966292134831482
2019-04-24,9160,9160,9030,9110,43326,-0.003282275711159688
2019-04-25,9060,9130,8940,8960,50127,-0.016465422612513714
2019-04-26,8980,8980,8630,8780,81448,-0.0200892857142857
2019-04-29,8800,8900,8560,8850,55911,0.007972665148063829
2019-04-30,8860,8940,8770,8850,33125,0.0
2019-05-02,8810,9020,8810,8930,48042,0.009039548022598876
2019-05-03,8860,9080,8860,9000,41379,0.007838745800671898
2019-05-07,8950,8950,8760,8940,33483,-0.00666666666666671
2019-05-08,8940,9000,8870,8900,29494,-0.004474272930648726
2019-05-09,8970,8970,8620,8630,85658,-0.030337078651685445
2019-05-10,8690,8770,8560,8770,29506,0.016222479721900385
2019-05-13,8870,8890,8700,8820,26045,0.005701254275940704
2019-05-14,8640,9130,8640,9010,61477,0.02154195011337867
2019-05-15,9110,9110,8970,9000,39088,-0.0011098779134295356
2019-05-16,8800,8870,8410,8440,186695,-0.06222222222222218
2019-05-17,8490,8730,8420,8450,60772,0.0011848341232227888
2019-05-20,8500,8640,8350,8440,31568,-0.0011834319526626835
2019-05-21,8360,8470,8150,8160,128668,-0.033175355450236976
2019-05-22,8230,8280,8000,8260,23001,0.01225490196078427
2019-05-23,8290,8320,8050,8160,56907,-0.01210653753026636
2019-05-24,8120,8230,7900,7980,46734,-0.022058823529411797
2019-05-27,7990,8050,7860,7930,36818,-0.006265664160400974
2019-05-28,7860,8100,7860,8060,21750,0.016393442622950838
2019-05-29,8000,8100,7990,8000,15436,-0.007444168734491274
2019-05-30,8000,8060,7930,8010,21996,0.0012499999999999734
2019-05-31,8020,8050,7860,7860,36756,-0.01872659176029967
2019-06-03,7940,8000,7810,7960,12402,0.012722646310432628
2019-06-04,7910,8110,7910,8000,19317,0.005025125628140614
2019-06-05,8140,8150,8020,8070,12130,0.008750000000000036
2019-06-07,8140,8140,8050,8100,9918,0.0037174721189590088
2019-06-10,8130,8150,8050,8050,21015,-0.006172839506172867
2019-06-11,8050,8150,8030,8120,10814,0.008695652173912993
2019-06-12,8120,8160,8070,8130,12056,0.0012315270935960854
2019-06-13,8080,8140,7920,8140,56106,0.0012300123001229846
2019-06-14,8110,8140,7920,8090,52551,-0.00614250614250611
2019-06-17,8090,8090,7970,8040,13240,-0.006180469715698411
2019-06-18,8040,8050,7890,8050,20396,0.0012437810945273853
2019-06-19,8020,8070,7970,8000,13008,-0.006211180124223614
2019-06-20,7970,8060,7910,7980,22988,-0.0024999999999999467
2019-06-21,7900,8050,7890,8050,31597,0.00877192982456143
2019-06-24,8050,8050,7930,7960,25546,-0.011180124223602483
2019-06-25,8040,8040,7810,7860,46842,-0.012562814070351758
2019-06-26,7910,7910,7750,7890,13606,0.003816793893129722
2019-06-27,7890,7980,7820,7950,25293,0.0076045627376426506
2019-06-28,7980,7980,7810,7810,22557,-0.017610062893081757
2019-07-01,7820,7920,7800,7840,13715,0.003841229193341844
2019-07-02,7890,7890,7740,7750,29066,-0.011479591836734748
2019-07-03,7750,7790,7450,7590,43654,-0.020645161290322567
2019-07-04,7570,7570,7330,7360,51304,-0.030303030303030276
2019-07-05,7520,7570,7360,7450,49991,0.012228260869565188
2019-07-08,7560,7560,7100,7150,43093,-0.04026845637583898
2019-07-09,7080,7230,6960,7100,61607,-0.006993006993006978
2019-07-10,7020,7180,7010,7120,36868,0.0028169014084507005
2019-07-11,7120,7170,6980,7080,30054,-0.005617977528089901
2019-07-12,7150,7150,7020,7090,14006,0.0014124293785311437
2019-07-15,7030,7080,6940,7000,29689,-0.012693935119887145
2019-07-16,7010,7060,6850,6850,39567,-0.021428571428571463
2019-07-17,6850,6950,6720,6840,31916,-0.0014598540145985828
2019-07-18,6800,6920,6400,6900,19095,0.00877192982456143
2019-07-19,6760,7020,6760,7020,8701,0.017391304347825987
2019-07-22,7020,7020,6870,6900,17137,-0.017094017094017144
2019-07-23,7050,7050,6750,6790,17057,-0.01594202898550723
2019-07-24,6610,6860,6610,6750,12442,-0.00589101620029453
2019-07-25,6970,6970,6610,6680,26520,-0.010370370370370363
2019-07-26,6590,6760,6560,6690,26189,0.0014970059880239361
2019-07-29,6600,6750,6520,6670,13627,-0.002989536621823663
2019-07-30,6670,6770,6660,6680,6970,0.0014992503748125774
2019-07-31,6680,6870,6670,6720,26585,0.0059880239520957446
2019-08-01,6830,6930,6650,6810,18175,0.013392857142857206
2019-08-02,6560,6860,6560,6790,24297,-0.002936857562408246
2019-08-05,6770,6770,6410,6740,62403,-0.007363770250368162
2019-08-06,6200,6740,6200,6630,42059,-0.016320474777448024
2019-08-07,6740,6810,6630,6740,23332,0.016591251885369473
2019-08-08,6790,7010,6790,6900,35537,0.023738872403560762
2019-08-09,7040,7040,6880,6980,24044,0.011594202898550732
2019-08-12,6870,7160,6870,7150,18550,0.024355300859598916
2019-08-13,7150,7400,7120,7370,39363,0.03076923076923066
2019-08-14,7450,7450,7210,7260,38221,-0.014925373134328401
2019-08-16,7190,7200,6940,7010,39864,-0.03443526170798894
2019-08-19,6950,7160,6950,7110,19807,0.014265335235378096
2019-08-20,7050,7170,7030,7100,12172,-0.0014064697609000865
2019-08-21,7150,7150,7010,7090,19663,-0.0014084507042253502
2019-08-22,7040,7120,6460,6650,196542,-0.06205923836389282
2019-08-23,6660,7700,6660,7040,300651,0.05864661654135328
2019-08-26,7090,7090,6710,6800,106718,-0.03409090909090906
2019-08-27,6940,7220,6870,7160,112901,0.05294117647058827
2019-08-28,7290,7460,7200,7430,59391,0.0377094972067038
2019-08-29,7480,7480,7260,7430,18467,0.0
2019-08-30,7440,7530,7290,7330,22768,-0.013458950201884257
2019-09-02,7380,7410,7240,7340,22381,0.0013642564802183177
2019-09-03,7340,7390,7150,7330,28357,-0.0013623978201634523
2019-09-04,7320,7390,7280,7340,9901,0.0013642564802183177
2019-09-05,7340,7400,7180,7310,51158,-0.004087193460490468
2019-09-06,7310,7320,7140,7240,14664,-0.009575923392612817
2019-09-09,7240,7330,7170,7270,32131,0.004143646408839796
2019-09-10,7300,7300,7160,7290,13087,0.0027510316368637433
2019-09-11,7320,7380,7240,7320,14961,0.004115226337448652
2019-09-16,7330,7380,7210,7300,17378,-0.002732240437158473
2019-09-17,7340,7370,7250,7350,24957,0.006849315068493178
2019-09-18,7350,7370,7230,7230,16937,-0.01632653061224487
2019-09-19,7270,7340,7210,7290,13153,0.008298755186721962
2019-09-20,7320,7490,7260,7370,34934,0.010973936899862924
2019-09-23,7330,7440,7300,7350,17563,-0.0027137042062415073
2019-09-24,7400,7900,7400,7500,165967,0.020408163265306145
2019-09-25,7490,7550,7430,7460,41853,-0.005333333333333301
2019-09-26,7560,7570,7370,7400,39731,-0.008042895442359255
2019-09-27,7400,7480,7330,7360,31106,-0.00540540540540535
2019-09-30,7350,7430,7290,7320,15621,-0.005434782608695676
2019-10-01,7210,7440,7210,7330,23822,0.001366120218579292
2019-10-02,7290,7430,7290,7320,11507,-0.0013642564802183177
2019-10-04,7320,7350,7200,7280,14880,-0.005464480874316946
2019-10-07,7400,7400,7240,7280,12500,0.0
2019-10-08,7160,7350,7160,7290,7182,0.0013736263736263687
2019-10-10,7220,7370,7210,7220,14908,-0.009602194787380003
2019-10-11,7220,7260,7160,7220,10473,0.0
2019-10-14,7220,7280,7140,7200,22921,-0.0027700831024930483
2019-10-15,7330,7330,7190,7250,8134,0.00694444444444442
2019-10-16,7300,7300,7210,7210,14544,-0.0055172413793103114
2019-10-17,7270,7280,7180,7180,8967,-0.004160887656033285
2019-10-18,7300,7310,7170,7230,19397,0.0069637883008355494
2019-10-21,7160,7230,7140,7200,12059,-0.004149377593360981
2019-10-22,7280,7280,7090,7140,18647,-0.008333333333333304
2019-10-23,7080,7200,7030,7050,12984,-0.012605042016806678
2019-10-24,6960,7200,6960,7050,17865,0.0
2019-10-25,6940,7170,6940,7080,7657,0.004255319148936065
2019-10-28,7200,7200,6990,7080,22006,0.0
2019-10-29,7180,7180,7020,7080,20249,0.0
2019-10-30,7090,7150,7010,7010,11097,-0.009887005649717562
2019-10-31,6970,7130,6970,7110,13871,0.014265335235378096
2019-11-01,7000,7150,7000,7070,7678,-0.005625879043600568
2019-11-04,7000,7170,7000,7130,22646,0.008486562942008558
2019-11-05,7070,7160,7070,7110,7857,-0.0028050490883591017
2019-11-06,7180,7260,7090,7260,18661,0.021097046413502074
2019-11-07,7290,7400,7250,7290,25590,0.004132231404958775
2019-11-08,7250,7400,7230,7310,14971,0.00274348422496562
2019-11-11,7360,7370,7220,7310,10658,0.0
2019-11-12,7310,7360,7100,7210,15267,-0.013679890560875485
2019-11-13,7200,7270,6990,7110,29456,-0.01386962552011095
2019-11-14,7030,7140,7020,7080,14781,-0.00421940928270037
2019-11-15,6960,7030,6600,6900,40195,-0.025423728813559365
2019-11-18,6920,7070,6920,7000,13385,0.01449275362318847
2019-11-19,6930,7100,6920,7050,8477,0.0071428571428571175
2019-11-20,7030,7090,6910,7040,14397,-0.0014184397163120588
2019-11-21,6930,7040,6640,6720,76423,-0.045454545454545414
2019-11-22,6770,6770,6580,6700,21523,-0.0029761904761904656
2019-11-25,6730,6750,6550,6560,34714,-0.020895522388059695
2019-11-26,6530,6640,6530,6570,14896,0.0015243902439023849
2019-11-27,6490,6650,6490,6620,10331,0.007610350076103556
2019-11-28,6530,6660,6530,6640,13757,0.0030211480362538623
2019-11-29,6600,6660,6570,6660,8539,0.003012048192771122
2019-12-02,6510,6750,6510,6670,16835,0.0015015015015014122
2019-12-03,6680,6690,6580,6670,7876,0.0
2019-12-04,6660,6750,6620,6650,13222,-0.0029985007496251548
2019-12-05,6650,6780,6630,6740,14531,0.013533834586466176
2019-12-06,6650,6780,6650,6750,8615,0.0014836795252226587
2019-12-09,6750,6800,6580,6690,22526,-0.008888888888888835
2019-12-10,6620,6720,6510,6570,42036,-0.017937219730941756
2019-12-11,6590,6610,6230,6500,77720,-0.010654490106544956
2019-12-12,6430,6560,6430,6550,46749,0.007692307692307665
2019-12-13,6490,6870,6490,6740,41129,0.02900763358778624
2019-12-16,6820,6820,6730,6800,7158,0.008902077151335286
2019-12-17,6760,6880,6700,6790,22436,-0.0014705882352941124
2019-12-18,6670,6780,6600,6760,15951,-0.004418262150220897
2019-12-19,6700,6780,6700,6750,9054,-0.0014792899408283544
2019-12-20,6750,6810,6690,6800,14137,0.007407407407407307
2019-12-23,6720,6800,6650,6690,23165,-0.016176470588235348
2019-12-24,6700,6770,6500,6700,21246,0.001494768310911887
2019-12-26,6700,6720,6560,6670,17013,-0.004477611940298498
2019-12-27,6600,6670,6580,6670,13732,0.0
2019-12-30,6670,6670,6560,6660,11319,-0.0014992503748125774
2020-01-02,6660,6730,6540,6590,10486,-0.010510510510510551
2020-01-03,6590,6680,6560,6570,21477,-0.003034901365705611
2020-01-06,6390,6690,6390,6550,13728,-0.0030441400304414
2020-01-07,6600,6630,6420,6530,27867,-0.003053435114503844
2020-01-08,6530,6530,6290,6380,27618,-0.02297090352220521
2020-01-09,6420,6480,6380,6390,17195,0.0015673981191222097
2020-01-10,6370,6460,6370,6430,10570,0.006259780907668322
2020-01-13,6360,6490,6330,6400,11804,-0.004665629860031051
2020-01-14,6350,6440,6330,6370,21059,-0.004687499999999956
2020-01-15,6300,6410,6270,6370,25773,0.0
2020-01-16,6370,6370,6270,6280,53141,-0.014128728414442682
2020-01-17,6250,6380,6250,6360,11664,0.01273885350318471
2020-01-20,6430,6430,6270,6320,23629,-0.0062893081761006275
2020-01-21,6290,6390,6280,6350,14712,0.004746835443038
2020-01-22,6310,6460,6290,6400,17597,0.007874015748031482
2020-01-23,6440,6540,6380,6510,25753,0.01718749999999991
2020-01-28,6500,6500,6340,6370,16529,-0.021505376344086002
2020-01-29,6300,6430,6300,6400,19531,0.0047095761381474865
2020-01-30,6410,6470,6210,6370,23081,-0.004687499999999956
2020-01-31,6270,6400,6090,6240,52828,-0.020408163265306145
2020-02-03,6090,6260,6040,6220,14518,-0.0032051282051281937
2020-02-04,6140,6290,6140,6210,10103,-0.001607717041800627
2020-02-05,6270,6270,6090,6180,26764,-0.004830917874396157
2020-02-06,6120,6300,6120,6180,26991,0.0
2020-02-07,6260,6370,6200,6280,36454,0.016181229773462702
2020-02-10,6300,6340,6180,6300,53157,0.0031847133757962887
2020-02-11,6240,6370,6240,6370,33678,0.011111111111111072
2020-02-12,6420,6420,6210,6280,14729,-0.014128728414442682
2020-02-13,6250,6410,6250,6390,23100,0.01751592356687892
2020-02-14,6390,6540,6370,6530,46206,0.021909233176838905
2020-02-17,6530,6530,6300,6350,53078,-0.027565084226646275
2020-02-18,6350,6450,6350,6380,18049,0.0047244094488188
2020-02-19,6380,6440,6280,6420,27373,0.006269592476489061
2020-02-20,6420,6480,6350,6380,31131,-0.006230529595015577
2020-02-21,6450,6450,6290,6370,38745,-0.0015673981191222097
2020-02-24,6280,6370,6000,6150,74212,-0.03453689167974883
2020-02-25,6070,6230,6070,6230,8732,0.01300813008130075
2020-02-26,6200,6200,5940,6120,62041,-0.017656500802568198
2020-02-27,6150,6150,6020,6110,30747,-0.0016339869281045694
2020-02-28,6110,6150,5930,6060,39118,-0.008183306055646433
2020-03-02,5900,6090,5900,5990,10784,-0.011551155115511524
2020-03-03,6000,6100,5950,5990,10719,0.0
2020-03-04,6040,6040,5950,5980,9748,-0.0016694490818029983
2020-03-05,5980,6200,5980,6150,41346,0.028428093645485042
2020-03-06,6100,6100,6030,6060,14626,-0.014634146341463428
2020-03-09,6060,6060,5800,5920,36746,-0.02310231023102305
2020-03-10,5690,5900,5620,5810,55920,-0.01858108108108103
2020-03-11,5740,5930,5720,5770,21348,-0.0068846815834767705
2020-03-12,5900,5900,5280,5350,77027,-0.07279029462738307
2020-03-13,5050,5050,4540,4930,97158,-0.07850467289719631
2020-03-16,5200,5200,4600,4600,114178,-0.06693711967545635
2020-03-17,4285,4585,4270,4390,76072,-0.04565217391304344
2020-03-18,4450,4585,4215,4345,38754,-0.01025056947608205
2020-03-19,4265,4360,3550,3710,118915,-0.14614499424626004
2020-03-20,3700,4000,3620,3995,95998,0.07681940700808632
2020-03-23,3980,3980,3615,3930,62163,-0.016270337922402955
2020-03-24,3900,4300,3880,4300,74335,0.09414758269720092
2020-03-25,4310,4670,4310,4640,51965,0.07906976744186056
2020-03-26,4740,4805,4480,4740,52083,0.02155172413793105
2020-03-27,4780,5080,4780,4960,33752,0.04641350210970474
2020-03-30,4965,5240,4960,5240,33858,0.056451612903225756
2020-03-31,5300,5450,5270,5420,22569,0.03435114503816794
2020-04-01,5420,5480,5340,5430,43922,0.0018450184501845879
2020-04-02,5450,5460,5310,5440,21136,0.0018416206261511192
2020-04-03,5440,5440,5170,5440,42958,0.0
2020-04-06,5570,5730,5420,5690,39263,0.045955882352941124
2020-04-07,5730,5750,5640,5750,18129,0.010544815465729274
2020-04-08,5750,5990,5720,5980,34299,0.040000000000000036
2020-04-09,6010,6080,5990,6040,36618,0.010033444816053505
2020-04-10,6040,6110,5930,6060,18334,0.0033112582781456013
2020-04-13,6120,6120,5780,5810,31641,-0.041254125412541254
2020-04-14,5890,5890,5800,5840,11791,0.005163511187607606
2020-04-16,5890,5950,5770,5890,9547,0.008561643835616417
2020-04-17,6050,6050,5890,6000,30966,0.018675721561969505
2020-04-20,6120,6180,5930,5990,36713,-0.0016666666666667052
2020-04-21,6050,6130,5800,6000,48774,0.0016694490818029983
2020-04-22,6000,6040,5860,6020,18638,0.0033333333333334103
2020-04-23,6020,6070,5970,6040,7202,0.0033222591362125353
2020-04-24,6100,6150,6050,6090,25482,0.008278145695364225
2020-04-27,6130,6170,6070,6090,13046,0.0
2020-04-28,6000,6090,6000,6050,10200,-0.006568144499178974
2020-04-29,6140,6140,5970,5970,65719,-0.013223140495867813
2020-05-04,5920,6120,5920,6090,28489,0.0201005025125629
2020-05-06,6160,6160,6050,6120,13923,0.0049261083743843415
2020-05-07,6180,6180,6040,6110,11017,-0.0016339869281045694
2020-05-08,6110,6150,6020,6100,18105,-0.0016366612111292644
2020-05-11,6100,6100,6030,6090,10119,-0.0016393442622950616
2020-05-12,6040,6110,5950,6030,13652,-0.009852216748768461
2020-05-13,6070,6070,5870,5930,31388,-0.016583747927031545
2020-05-14,5930,5930,5720,5790,29403,-0.02360876897133224
2020-05-15,5900,5900,5720,5790,7990,0.0
2020-05-18,5880,5880,5640,5780,19048,-0.0017271157167529916
2020-05-19,5770,5830,5630,5770,20301,-0.0017301038062284002
2020-05-20,5800,5800,5670,5750,23452,-0.0034662045060658286
2020-05-21,5830,5830,5650,5720,25906,-0.00521739130434784
2020-05-22,5780,5780,5610,5710,32770,-0.0017482517482517723
2020-05-25,5640,5690,5620,5670,17577,-0.007005253940455369
2020-05-26,5610,5700,5610,5680,16358,0.0017636684303350414
2020-05-27,5680,5690,5600,5660,13453,-0.0035211267605633756
2020-05-28,5680,7350,5520,6050,330226,0.06890459363957602
2020-05-29,5870,6050,5850,5900,83377,-0.024793388429752095
2020-06-01,5900,5900,5700,5790,47819,-0.01864406779661021
2020-06-02,5760,5810,5580,5630,70937,-0.02763385146804831
2020-06-03,5680,5750,5550,5630,75160,0.0
2020-06-04,5700,5750,5630,5700,20930,0.01243339253996445
2020-06-05,5700,5770,5630,5730,20856,0.0052631578947368585
2020-06-08,5820,6640,5750,6060,397137,0.05759162303664911
2020-06-09,6200,6370,6110,6240,117993,0.02970297029702973
2020-06-10,6240,6330,6050,6150,55084,-0.014423076923076872
2020-06-11,6150,6210,6070,6180,43002,0.004878048780487809
2020-06-12,5920,6060,5850,6060,52107,-0.01941747572815533
2020-06-15,6080,6080,5770,5930,56654,-0.021452145214521434
2020-06-16,6000,6200,5970,6170,81598,0.0404721753794266
2020-06-17,6180,6280,6000,6170,30857,0.0
2020-06-18,6150,6200,6130,6170,9238,0.0
2020-06-19,6200,6220,6000,6000,61686,-0.027552674230145846
2020-06-22,6080,6100,5970,6030,44433,0.004999999999999893
2020-06-23,6000,6300,5990,6200,61380,0.028192371475953548
2020-06-24,6200,6390,6200,6350,75023,0.024193548387096753
2020-06-25,6350,6350,6150,6250,30487,-0.015748031496062964
2020-06-26,6270,6330,6180,6250,10956,0.0
2020-06-29,6160,6200,5980,6090,54172,-0.025599999999999956
2020-06-30,6090,6130,6010,6080,36525,-0.0016420361247947435
2020-07-01,6080,6090,6010,6010,15081,-0.011513157894736836
2020-07-02,6120,6140,5990,6130,28075,0.019966722129783676
2020-07-03,6180,6300,6100,6150,21307,0.0032626427406199365
2020-07-06,6120,6210,6040,6100,18018,-0.008130081300813052
2020-07-07,6060,6190,5990,6020,21367,-0.013114754098360604
2020-07-08,6050,6080,5950,6050,9471,0.004983388704318914
2020-07-09,6130,6130,5980,6060,17971,0.0016528925619834212
2020-07-10,6000,6120,5950,6040,34825,-0.0033003300330033403
2020-07-13,6070,6070,5960,6010,18859,-0.004966887417218513
2020-07-14,5980,6000,5900,5950,24227,-0.009983361064891838
2020-07-15,6050,6050,5910,5920,17731,-0.005042016806722671
2020-07-16,5950,5980,5860,5890,18696,-0.0050675675675675436
2020-07-17,5920,5920,5810,5850,18701,-0.006791171477079749
2020-07-20,5820,5900,5770,5870,54494,0.0034188034188034067
2020-07-21,5860,5900,5800,5850,39999,-0.0034071550255536653
2020-07-22,5850,5890,5780,5850,25005,0.0
2020-07-23,5810,5850,5650,5650,56177,-0.03418803418803418
2020-07-24,5650,5800,5600,5670,31103,0.003539823008849474
2020-07-27,5660,5730,5660,5700,12727,0.005291005291005346
2020-07-28,5710,5840,5660,5740,27927,0.007017543859649145
2020-07-29,5800,5800,5680,5740,18091,0.0
2020-07-30,5790,5800,5710,5740,19649,0.0
2020-07-31,5750,5840,5650,5740,15596,0.0
2020-08-03,5800,5800,5570,5660,33423,-0.013937282229965153
2020-08-04,5650,5740,5500,5640,38542,-0.0035335689045936647
2020-08-05,5640,5650,5500,5630,28639,-0.0017730496453900457
2020-08-06,5700,5700,5530,5600,25004,-0.005328596802841923
2020-08-07,5640,5640,5450,5570,37340,-0.005357142857142838
2020-08-10,5630,5630,5460,5540,67259,-0.0053859964093356805
2020-08-11,5560,5760,5560,5720,48450,0.032490974729241895
2020-08-12,5700,5700,5590,5590,20385,-0.022727272727272707
2020-08-13,5590,5660,5530,5600,12056,0.0017889087656528524
2020-08-14,5680,5680,5400,5450,58736,-0.0267857142857143
2020-08-18,5540,5540,5280,5280,31925,-0.031192660550458662
2020-08-19,5280,5380,5150,5290,24765,0.0018939393939394478
2020-08-20,5220,5460,4995,5180,47808,-0.020793950850661602
2020-08-21,5090,5210,5030,5200,21488,0.0038610038610038533
2020-08-24,5200,5290,5100,5200,16534,0.0
2020-08-25,5240,5300,5060,5290,42945,0.017307692307692246
2020-08-26,5290,5450,5170,5350,18220,0.011342155009451904
2020-08-27,5250,5570,5240,5340,32949,-0.0018691588785046953
2020-08-28,5430,5430,5300,5400,16563,0.011235955056179803
2020-08-31,5440,5500,5300,5490,54350,0.016666666666666607
2020-09-01,5500,5500,5310,5380,16965,-0.02003642987249543
2020-09-02,5430,5430,5160,5200,53461,-0.03345724907063197
2020-09-03,5290,5290,5170,5270,42046,0.013461538461538414
2020-09-04,5070,5190,5010,5180,87486,-0.017077798861480087
2020-09-07,5180,5240,5070,5190,36574,0.0019305019305020377
2020-09-08,5240,5240,5120,5160,14192,-0.005780346820809301
2020-09-09,5100,5170,5080,5160,23055,0.0
2020-09-10,5220,5220,5150,5210,28701,0.009689922480620172
2020-09-11,5220,5220,5130,5220,11113,0.0019193857965451588
2020-09-14,5240,5270,5130,5250,42564,0.005747126436781658
2020-09-15,5250,5340,5250,5340,23418,0.017142857142857126
2020-09-16,5380,5380,5240,5350,9569,0.001872659176029856
2020-09-17,5400,5400,5280,5310,6897,-0.00747663551401867
2020-09-18,5340,5570,5280,5570,57352,0.048964218455743946
2020-09-21,5750,5750,5490,5500,28557,-0.012567324955116699
2020-09-22,5490,5540,5320,5420,54387,-0.014545454545454528
2020-09-23,5420,5490,5350,5350,9529,-0.01291512915129156
2020-09-24,5210,5370,5100,5280,56042,-0.013084112149532756
2020-09-25,5330,5330,5220,5300,5601,0.0037878787878788955
2020-09-28,5330,5360,5250,5250,9078,-0.009433962264150941
2020-09-29,5250,5320,5210,5290,9096,0.007619047619047636
2020-10-05,5290,5320,5220,5300,9807,0.001890359168241984
2020-10-06,5280,5390,5280,5360,13101,0.01132075471698113
2020-10-07,5340,5370,5310,5350,3287,-0.001865671641791078
2020-10-08,5370,5510,5310,5470,16983,0.02242990654205612
2020-10-12,5440,5510,5400,5480,8674,0.001828153564899404
2020-10-13,5490,5540,5410,5470,12557,-0.0018248175182481452
2020-10-14,5520,5520,5360,5460,56038,-0.001828153564899404
2020-10-15,5460,5460,5260,5260,22116,-0.03663003663003661
2020-10-16,5290,5370,5250,5370,10335,0.02091254752851701
2020-10-19,5370,5490,5290,5370,7514,0.0
2020-10-20,5370,5410,5260,5370,15099,0.0
2020-10-21,5370,5480,5280,5480,11564,0.020484171322160183
2020-10-22,5480,5490,5330,5390,18793,-0.01642335766423353
2020-10-23,5360,5470,5360,5410,21119,0.0037105751391466324
2020-10-26,5410,5410,5150,5150,18066,-0.04805914972273573
2020-10-27,5150,5250,5110,5200,25513,0.009708737864077666
2020-10-28,5150,5250,5140,5240,5996,0.007692307692307665
2020-10-29,5220,5460,5030,5430,25704,0.03625954198473291
2020-10-30,5430,5460,5290,5320,1748,-0.02025782688766109
2020-11-02,5310,5320,5170,5250,13119,-0.013157894736842146
2020-11-03,5360,5360,5250,5320,4383,0.01333333333333342
2020-11-04,5370,5370,5170,5240,13112,-0.015037593984962405
2020-11-05,5240,5350,5020,5180,29837,-0.011450381679389277
2020-11-06,5210,5280,5120,5260,12377,0.015444015444015413
2020-11-09,5220,5430,5200,5400,23602,0.026615969581748944
2020-11-10,5360,5450,5110,5400,18469,0.0
2020-11-11,5400,5420,5210,5410,29503,0.0018518518518517713
2020-11-12,5430,5580,5410,5560,49773,0.02772643253234741
2020-11-13,5600,5750,5530,5630,37315,0.012589928057553879
2020-11-16,5700,5700,5510,5590,24798,-0.007104795737122527
2020-11-17,5590,5650,5450,5550,19164,-0.007155635062611854
2020-11-18,5550,5600,5410,5490,48118,-0.010810810810810811
2020-11-19,5490,5520,5410,5460,6539,-0.005464480874316946
2020-11-20,5460,5500,5360,5460,21387,0.0
2020-11-23,5530,5530,5360,5400,32910,-0.01098901098901095
2020-11-24,5400,5500,5400,5480,7256,0.014814814814814836
2020-11-25,5430,5490,5420,5430,34624,-0.009124087591240837
2020-11-26,5470,5490,5430,5470,7869,0.007366482504604033
2020-11-27,5470,5530,5450,5500,6841,0.005484460694698434
2020-11-30,5500,5570,5460,5490,10109,-0.0018181818181818299
2020-12-01,5510,5510,5420,5480,19854,-0.0018214936247723523
2020-12-02,5510,5510,5450,5480,6883,0.0
2020-12-03,5480,5510,5410,5490,33373,0.0018248175182482562
2020-12-04,5490,5510,5360,5440,38308,-0.00910746812386154
2020-12-07,5490,5490,5370,5380,9337,-0.011029411764705843
2020-12-08,5420,5470,5350,5430,15312,0.009293680297397744
2020-12-09,5470,5500,5380,5400,16584,-0.0055248618784530246
2020-12-10,5450,5520,5400,5500,29696,0.0185185185185186
2020-12-11,5530,5560,5470,5560,27595,0.01090909090909098
2020-12-14,5510,5620,5420,5490,30374,-0.01258992805755399
2020-12-15,5500,5510,5420,5480,17679,-0.0018214936247723523
2020-12-16,5480,5560,5400,5530,33776,0.009124087591240837
2020-12-17,5550,5880,5550,5760,121082,0.041591320072332794
2020-12-18,5720,5760,5650,5710,74895,-0.00868055555555558
2020-12-21,5740,5740,5570,5700,27989,-0.0017513134851138146
2020-12-22,5670,5670,5540,5620,18749,-0.01403508771929829
2020-12-23,5690,5910,5530,5850,137559,0.040925266903914626
2020-12-24,5850,5900,5740,5850,33748,0.0
2020-12-28,5800,5860,5670,5860,91126,0.0017094017094017033
2020-12-29,5880,5880,5760,5800,21103,-0.010238907849829393
2020-12-30,5800,5800,5720,5740,18275,-0.010344827586206917
2021-01-04,5730,5730,5650,5660,38138,-0.013937282229965153
2021-01-05,5650,5780,5600,5660,23899,0.0
2021-01-06,5620,5740,5620,5720,52326,0.010600706713780994
2021-01-07,5750,5820,5700,5740,43215,0.0034965034965035446
2021-01-08,5790,5790,5660,5750,34791,0.0017421602787457413
2021-01-11,5780,5780,5530,5550,25376,-0.034782608695652195
2021-01-12,5560,5720,5540,5560,37946,0.0018018018018017834
2021-01-13,5700,5710,5550,5700,23319,0.02517985611510798
2021-01-14,5760,5760,5600,5690,19329,-0.0017543859649122862
2021-01-15,5710,5710,5600,5680,13419,-0.0017574692442882123
2021-01-18,5690,5690,5510,5510,8427,-0.029929577464788748
2021-01-19,5500,5630,5200,5570,40603,0.010889292196007316
2021-01-20,5670,5670,5380,5560,8524,-0.0017953321364452268
2021-01-21,5720,5720,5460,5520,8040,-0.007194244604316502
2021-01-22,5540,5650,5500,5560,32381,0.007246376811594235
2021-01-25,5600,5610,5520,5550,27617,-0.0017985611510791255
2021-01-26,5580,5580,5450,5570,15394,0.003603603603603567
2021-01-27,5570,5590,5480,5550,14356,-0.0035906642728904536
2021-01-28,5520,5570,5410,5500,8219,-0.009009009009009028
2021-01-29,5470,5540,5220,5230,66466,-0.049090909090909074
2021-02-01,5340,5340,5190,5310,13689,0.015296367112810794
2021-02-02,5370,5460,5250,5460,20579,0.02824858757062154
2021-02-03,5480,5510,5400,5460,6708,0.0
2021-02-04,5480,5510,5370,5460,19821,0.0
2021-02-05,5430,5500,5400,5440,17454,-0.00366300366300365
2021-02-08,5440,5750,5440,5720,65263,0.05147058823529416
2021-02-09,5700,5880,5680,5800,71841,0.013986013986013957
2021-02-10,5800,5800,5670,5790,36766,-0.0017241379310344307
2021-02-15,5770,5800,5690,5790,15135,0.0
2021-02-16,5720,5940,5690,5860,57248,0.012089810017271052
2021-02-17,5860,5930,5830,5850,60411,-0.0017064846416382506
2021-02-18,5890,5900,5700,5890,53486,0.006837606837606813
2021-02-19,5840,5900,5750,5890,14455,0.0
2021-02-22,5900,5900,5730,5880,33961,-0.001697792869269965
2021-02-23,5860,5860,5740,5840,18532,-0.006802721088435382
2021-02-24,5800,5840,5650,5720,54368,-0.020547945205479423
2021-02-25,5720,5820,5650,5730,17087,0.0017482517482516613
2021-02-26,5730,5790,5590,5730,39836,0.0
2021-03-02,5720,5740,5610,5700,11078,-0.005235602094240788
2021-03-03,5700,5750,5650,5710,14979,0.0017543859649122862
2021-03-04,5730,5730,5660,5700,9625,-0.0017513134851138146
2021-03-05,5680,6020,5550,5610,83759,-0.015789473684210575
2021-03-08,5610,5690,5500,5540,15116,-0.012477718360071277
2021-03-09,5560,5560,5400,5430,21529,-0.019855595667869985
2021-03-10,5430,5530,5360,5440,6411,0.0018416206261511192
2021-03-11,5410,5610,5380,5560,17650,0.022058823529411686
2021-03-12,5630,5630,5520,5580,8976,0.003597122302158251
2021-03-15,5590,5590,5500,5540,6598,-0.007168458781361964
2021-03-16,5540,5570,5510,5560,7647,0.0036101083032491488
2021-03-17,5560,5590,5440,5480,33802,-0.014388489208633115
2021-03-18,5460,5800,5420,5590,59978,0.02007299270072993
2021-03-19,5590,5590,5490,5500,10712,-0.01610017889087656
2021-03-22,5500,5590,5500,5550,26684,0.009090909090909038
2021-03-23,5590,5600,5510,5600,9953,0.009009009009008917
2021-03-24,5600,5840,5590,5800,87163,0.03571428571428581
2021-03-25,5800,5830,5700,5800,29096,0.0
2021-03-26,5780,6350,5780,6180,196439,0.06551724137931036
2021-03-29,6230,7210,6070,6150,3605579,-0.004854368932038833
2021-03-30,6250,6340,6070,6200,476351,0.008130081300812941
2021-03-31,6250,6400,6100,6400,294267,0.032258064516129004
2021-04-01,6350,6710,6340,6640,335870,0.03750000000000009
2021-04-02,6650,6820,6610,6650,225348,0.001506024096385561
2021-04-05,6700,6940,6600,6840,151203,0.02857142857142847
2021-04-06,6800,6980,6710,6800,123195,-0.005847953216374324
2021-04-07,6800,6900,6780,6830,57088,0.004411764705882337
2021-04-08,6830,6870,6780,6850,60470,0.002928257686676483
2021-04-09,6850,6940,6800,6900,84910,0.007299270072992803
2021-04-12,6900,7290,6900,7290,289264,0.05652173913043468
2021-04-13,7280,7470,7250,7400,112929,0.015089163237311354
2021-04-14,7400,7440,7330,7420,91089,0.002702702702702675
2021-04-15,7490,7490,7350,7420,58736,0.0
2021-04-16,7440,7440,7150,7220,197448,-0.02695417789757415
2021-04-19,7220,7340,7160,7270,71247,0.006925207756232732
2021-04-20,7250,7460,7250,7410,64187,0.01925722145804687
2021-04-21,7410,7550,7360,7490,102962,0.010796221322537214
2021-04-22,7490,7550,7420,7520,67969,0.004005340453938633
2021-04-23,7520,7860,7440,7730,150595,0.027925531914893664
2021-04-26,7740,7930,7740,7880,107270,0.019404915912031084
2021-04-27,7840,8000,7840,7970,153254,0.011421319796954377
2021-04-28,8000,8740,7980,8540,638889,0.0715181932245923
2021-04-29,8510,8560,8250,8540,189060,0.0
2021-04-30,8630,8720,8310,8380,91548,-0.0187353629976581
2021-05-03,8450,8500,7980,8000,166256,-0.04534606205250602
2021-05-04,8000,8050,7660,7820,123081,-0.022499999999999964
2021-05-06,7860,8070,7860,8010,59649,0.024296675191815886
2021-05-07,8060,8070,7880,8040,96976,0.0037453183520599342
2021-05-10,8060,8160,7960,8150,71714,0.013681592039801016
2021-05-11,8150,8330,8000,8110,100053,-0.004907975460122671
2021-05-12,8110,8150,7980,8080,68642,-0.0036991368680641123
2021-05-13,8050,8250,7960,8150,87806,0.00866336633663356
2021-05-14,8350,8470,8070,8230,264056,0.009815950920245342
2021-05-17,8320,8470,8140,8140,240325,-0.010935601458080146
2021-05-18,8230,8230,7730,8120,247518,-0.002457002457002422
2021-05-20,8100,8190,7960,8190,212861,0.008620689655172376
2021-05-21,8190,8210,7870,8000,250581,-0.023199023199023228
2021-05-24,7950,8000,7360,7380,304998,-0.07750000000000001
2021-05-25,7500,7790,7450,7780,370775,0.05420054200542013
2021-05-26,7800,7960,7800,7910,221938,0.016709511568123503
2021-05-27,7930,8270,7930,8260,304550,0.04424778761061954
2021-05-28,8340,8380,8210,8330,186374,0.008474576271186418
2021-05-31,8330,8440,8110,8250,102889,-0.009603841536614643
2021-06-01,8250,8410,8240,8280,124289,0.0036363636363636598
2021-06-02,8260,8330,7980,8130,466013,-0.018115942028985477
2021-06-03,8140,8170,7950,8010,189817,-0.014760147601476037
2021-06-04,8010,8210,7950,8150,231431,0.017478152309613026
2021-06-07,8190,8230,7990,8060,153738,-0.011042944785276121
2021-06-08,8050,8100,7890,7900,198647,-0.01985111662531014
2021-06-09,7900,7970,7550,7680,163138,-0.027848101265822822
2021-06-10,7680,7690,7430,7490,196886,-0.02473958333333337
2021-06-11,7510,8130,7450,8130,234981,0.08544726301735639
2021-06-14,7980,7980,7460,7470,267503,-0.08118081180811809
2021-06-15,7470,7490,7260,7290,127140,-0.02409638554216864
2021-06-16,7290,7380,7200,7280,68969,-0.00137174211248281
2021-06-17,7250,7350,7230,7320,51899,0.005494505494505475
2021-06-18,7270,7350,7240,7240,79891,-0.010928961748633892
2021-06-21,7240,7250,7000,7060,101646,-0.024861878453038666
2021-06-22,7200,7200,7010,7050,46593,-0.0014164305949008194
2021-06-23,7120,7120,7000,7030,27151,-0.0028368794326241176
2021-06-24,7030,7160,6910,7000,80774,-0.004267425320056861
2021-06-25,7000,7060,6930,7000,96771,0.0
2021-06-28,7000,7090,6960,6980,76824,-0.0028571428571428914
2021-06-29,7040,7240,6980,7190,84072,0.03008595988538687
2021-06-30,7220,7230,7110,7140,52526,-0.006954102920723182
2021-07-01,7140,7200,7060,7090,37151,-0.007002801120448154
2021-07-02,7090,7140,7090,7130,18469,0.005641748942172065
2021-07-05,7130,7170,7000,7030,38416,-0.014025245441795287
2021-07-06,7030,7050,6990,7050,17101,0.002844950213371167
2021-07-07,7050,7100,6940,7030,46405,-0.0028368794326241176
2021-07-08,6970,7000,6710,6830,162519,-0.028449502133712667
2021-07-09,6770,6770,6570,6600,93625,-0.03367496339677889
2021-07-12,6600,6770,6600,6710,30432,0.016666666666666607
2021-07-13,6670,6810,6670,6760,36051,0.007451564828613977
2021-07-14,6760,6760,6600,6730,38696,-0.004437869822485174
2021-07-15,6700,6740,6610,6730,37799,0.0
2021-07-16,6790,6790,6650,6700,23280,-0.004457652303120341
2021-07-19,6700,6700,6520,6520,52222,-0.0268656716417911
2021-07-20,6480,6510,6420,6480,29774,-0.006134969325153339
2021-07-21,6480,6570,6470,6490,28218,0.0015432098765431057
2021-07-22,6470,6500,6360,6500,64052,0.0015408320493066618
2021-07-23,6490,6660,6460,6590,24536,0.013846153846153841
2021-07-26,6590,6650,6430,6470,31539,-0.018209408194233667
2021-07-27,6520,6640,6430,6530,86965,0.009273570324574987
2021-07-28,6530,6580,6470,6500,19718,-0.004594180704441064
2021-07-29,6500,6600,6470,6480,20004,-0.003076923076923088
2021-07-30,6490,6540,6360,6440,46116,-0.006172839506172867
2021-08-02,6390,6430,6090,6220,174055,-0.03416149068322982
2021-08-03,6220,6230,6150,6200,49634,-0.003215434083601254
2021-08-04,6200,6360,6160,6190,55835,-0.001612903225806428
2021-08-05,6250,6250,6180,6200,32366,0.001615508885298933
2021-08-06,6250,6340,6220,6310,52694,0.01774193548387104
2021-08-09,6330,6350,6200,6230,64446,-0.01267828843106178
2021-08-10,6230,6340,6090,6120,72078,-0.017656500802568198
2021-08-11,6100,6200,6000,6090,58843,-0.004901960784313708
2021-08-12,6100,6200,6100,6140,21882,0.008210180623973828
2021-08-13,6140,6200,6000,6100,34730,-0.006514657980456029
2021-08-17,6070,6090,5940,5980,43533,-0.01967213114754096
2021-08-18,5930,6030,5910,5980,54010,0.0
2021-08-19,5980,6050,5780,5790,65742,-0.0317725752508361
2021-08-20,5790,5830,5600,5600,91175,-0.032815198618307395
2021-08-23,5670,5820,5580,5700,70852,0.017857142857142794
2021-08-24,5720,5970,5720,5890,102559,0.03333333333333344
2021-08-25,5890,6030,5810,5930,136025,0.00679117147707986
2021-08-26,5930,5950,5800,5820,85971,-0.018549747048903886
2021-08-27,5810,6030,5760,6020,91070,0.03436426116838498
2021-08-30,6050,6250,6010,6230,71260,0.03488372093023262
2021-08-31,6230,6250,6100,6200,71981,-0.0048154093097912964
2021-09-01,6210,6290,6150,6260,61153,0.00967741935483879
2021-09-02,6290,6290,6140,6250,48984,-0.0015974440894568342
2021-09-03,6230,6380,6170,6220,68206,-0.0048000000000000265
2021-09-06,6160,6270,6150,6210,42445,-0.001607717041800627
2021-09-07,6300,6300,6120,6230,69925,0.0032206119162641045
2021-09-08,6230,6230,6120,6180,21795,-0.008025682182985605
2021-09-09,6180,6220,6040,6140,67396,-0.006472491909385147
2021-09-10,6120,6180,6100,6150,32133,0.0016286644951140072
2021-09-13,6150,6200,5950,6020,61134,-0.021138211382113803
2021-09-14,6000,6120,5990,6040,30100,0.0033222591362125353
2021-09-15,6090,6110,5970,6020,61515,-0.0033112582781457123
2021-09-16,6130,6160,6050,6080,43807,0.009966777408637828
2021-09-17,6150,6150,6010,6090,26994,0.00164473684210531
2021-09-23,6090,6090,5980,5980,26586,-0.01806239737274218
2021-09-24,5980,6030,5910,6000,29611,0.0033444816053511683
2021-09-27,6000,6000,5930,5950,30286,-0.008333333333333304
2021-09-28,5950,5980,5820,5840,39289,-0.01848739495798324
2021-09-29,5870,5890,5750,5870,30868,0.005136986301369939
2021-09-30,5880,5940,5830,5850,23234,-0.0034071550255536653
2021-10-01,5920,5920,5710,5770,45189,-0.013675213675213627
2021-10-05,5760,5780,5580,5770,51195,0.0
2021-10-06,5820,5820,5600,5680,53930,-0.01559792027729634
2021-10-07,5750,5790,5650,5750,31991,0.012323943661971759
2021-10-08,5790,5790,5620,5760,23822,0.0017391304347826875
2021-10-12,5760,5760,5590,5610,56637,-0.02604166666666663
2021-10-13,5610,5720,5560,5690,26784,0.01426024955436711
2021-10-14,5750,5920,5660,5790,71359,0.017574692442882345
2021-10-15,5850,5880,5760,5840,25936,0.008635578583765069
2021-10-18,5930,6010,5830,5940,58670,0.017123287671232834
2021-10-19,6000,6010,5900,5970,35451,0.005050505050504972
2021-10-20,5980,6010,5880,5900,43302,-0.011725293132328285
2021-10-21,5900,5970,5840,5870,32056,-0.005084745762711895
2021-10-22,5890,5920,5790,5920,39398,0.008517887563884052
2021-10-25,5910,5940,5860,5930,34229,0.0016891891891892552
2021-10-26,5930,6000,5900,5980,52375,0.008431703204047292
2021-10-27,5980,6050,5950,5990,71506,0.0016722408026756952
2021-10-28,5990,6070,5950,6010,67628,0.0033388981636059967
2021-10-29,6110,6110,5910,5970,91210,-0.006655574043261225
2021-11-01,5930,6000,5920,6000,33073,0.005025125628140614
2021-11-02,6060,6060,5960,6010,35119,0.0016666666666667052
2021-11-03,6040,6040,5940,6000,22042,-0.0016638935108153063
2021-11-04,6000,6000,5860,5880,78383,-0.020000000000000018
2021-11-05,5880,5920,5830,5850,19409,-0.005102040816326481
2021-11-08,5800,5910,5770,5850,20939,0.0
2021-11-09,5900,5950,5830,5840,13735,-0.0017094017094017033
2021-11-10,5840,5840,5660,5680,65856,-0.0273972602739726
2021-11-11,5680,5750,5530,5600,57831,-0.014084507042253502
2021-11-12,5600,5690,5580,5610,48267,0.0017857142857142794
2021-11-15,5640,5790,5610,5740,37497,0.02317290552584672
2021-11-16,5800,5910,5790,5900,58833,0.027874564459930307
2021-11-17,5910,6040,5880,5950,83982,0.008474576271186418
2021-11-18,5960,5990,5870,5970,65928,0.003361344537815114
2021-11-19,5930,5990,5910,5980,25541,0.0016750418760469454
2021-11-22,6000,6030,5970,6000,48144,0.0033444816053511683
2021-11-23,6000,6060,5960,6030,45005,0.004999999999999893
2021-11-24,6010,6100,6000,6050,63168,0.0033167495854062867
2021-11-25,6060,6090,5970,6020,81118,-0.0049586776859503745
2021-11-26,6000,6180,5990,6010,88824,-0.0016611295681062677
2021-11-29,5930,5960,5690,5910,68571,-0.016638935108153063
2021-11-30,5920,5970,5710,5760,83470,-0.025380710659898442
2021-12-01,5690,5930,5690,5810,42461,0.00868055555555558
2021-12-02,5780,6090,5740,6040,97561,0.03958691910499135
2021-12-03,6130,6150,5980,6120,93135,0.013245033112582849
2021-12-06,6130,6230,6090,6220,72090,0.016339869281045694
2021-12-07,6230,6270,6170,6230,60857,0.001607717041800738
2021-12-08,6290,6290,6180,6200,58985,-0.0048154093097912964
2021-12-09,6240,6360,6180,6320,113733,0.019354838709677358
2021-12-10,6320,6590,6270,6490,234112,0.02689873417721511
2021-12-13,6510,6760,6500,6720,213474,0.035439137134052334
2021-12-14,6650,6880,6650,6790,138797,0.01041666666666674
2021-12-15,6780,6880,6670,6750,82673,-0.00589101620029453
2021-12-16,6770,6800,6630,6710,71275,-0.00592592592592589
2021-12-17,6710,6760,6640,6720,76887,0.0014903129657228842
2021-12-20,6650,6710,6600,6650,45381,-0.01041666666666663
2021-12-21,6640,6820,6530,6640,58109,-0.0015037593984962294
2021-12-22,6720,6720,6570,6610,36464,-0.004518072289156572
2021-12-23,6640,6640,6520,6560,33129,-0.0075642965204235635
2021-12-24,6570,6610,6470,6570,43779,0.0015243902439023849
2021-12-27,6570,6770,6560,6770,130519,0.030441400304414
2021-12-28,6840,6860,6750,6860,197289,0.013293943870014813
2021-12-29,6580,6700,6380,6410,138456,-0.06559766763848396
2021-12-30,6410,6410,6290,6300,61974,-0.01716068642745705
2022-01-03,6290,6300,6200,6230,78080,-0.011111111111111072
2022-01-04,6230,6260,6200,6240,39129,0.0016051364365972098
2022-01-05,6240,6250,6160,6160,54208,-0.012820512820512775
2022-01-06,6130,6190,6020,6160,35695,0.0
2022-01-07,6110,6130,6060,6110,25074,-0.008116883116883078
2022-01-10,6110,6150,6020,6130,29721,0.003273322422258529
2022-01-11,6050,6130,5940,5950,43577,-0.029363784665579096
2022-01-12,5900,5980,5890,5940,23644,-0.001680672268907557
2022-01-13,5940,6000,5930,6000,30128,0.010101010101010166
2022-01-14,6000,6000,5910,5960,25429,-0.00666666666666671
2022-01-17,5880,5930,5730,5730,40864,-0.038590604026845665
2022-01-18,5730,5780,5640,5650,54372,-0.013961605584642212
2022-01-19,5580,5670,5540,5610,30692,-0.0070796460176991705
2022-01-20,5560,5660,5560,5650,15619,0.007130124777183555
2022-01-21,5650,5710,5520,5530,49703,-0.0212389380530974
2022-01-24,5510,5510,5350,5350,42242,-0.032549728752260365
2022-01-25,5350,5390,5200,5250,66764,-0.01869158878504673
2022-01-26,5250,5410,5190,5350,21111,0.01904761904761898
2022-01-27,5350,5390,5130,5130,43663,-0.04112149532710285
2022-01-28,5180,5520,5130,5520,22582,0.07602339181286544
2022-02-03,5550,5750,5500,5600,50937,0.01449275362318847
2022-02-04,5600,5690,5560,5620,14991,0.0035714285714285587
2022-02-07,5740,5740,5530,5630,25293,0.001779359430605032
2022-02-08,5600,5760,5600,5630,23907,0.0
2022-02-09,5670,5670,5600,5630,9632,0.0
2022-02-10,5630,5670,5550,5550,21997,-0.014209591474245165
2022-02-11,5550,5550,5400,5440,37973,-0.01981981981981984
2022-02-14,5350,6060,5280,5310,298795,-0.023897058823529438
2022-02-15,5340,5420,5200,5310,56978,0.0
2022-02-16,5350,5520,5350,5400,50347,0.016949152542372836
2022-02-17,5450,5570,5400,5450,45053,0.0092592592592593
2022-02-18,5450,5520,5420,5500,13229,0.00917431192660545
2022-02-21,5500,5530,5440,5500,23122,0.0
2022-02-22,5500,5520,5380,5400,22307,-0.018181818181818188
2022-02-23,5390,5530,5390,5430,18193,0.005555555555555536
2022-02-24,5480,5510,5370,5410,23308,-0.0036832412523020164
2022-02-25,5420,5480,5370,5460,38027,0.009242144177449063
2022-02-28,5460,5500,5430,5470,26895,0.001831501831501825
2022-03-02,5470,5590,5440,5570,57919,0.018281535648994485
2022-03-03,5510,5630,5510,5600,47803,0.0053859964093356805
2022-03-04,5620,5700,5470,5680,47040,0.014285714285714235
2022-03-07,5720,5720,5460,5580,30905,-0.017605633802816878
2022-03-08,5580,5580,5430,5460,51529,-0.021505376344086002
2022-03-10,5460,5570,5440,5500,11104,0.0073260073260073
2022-03-11,5500,5570,5490,5560,25654,0.01090909090909098
2022-03-14,5530,5590,5490,5540,24792,-0.003597122302158251
2022-03-15,5480,5530,5460,5530,10297,-0.0018050541516245744
2022-03-16,5510,5570,5490,5530,17176,0.0
2022-03-17,5550,5650,5520,5600,28095,0.012658227848101333
2022-03-18,5650,5650,5560,5600,32829,0.0
2022-03-21,5610,5660,5580,5580,31822,-0.0035714285714285587
2022-03-22,5600,5730,5590,5700,45538,0.021505376344086002
2022-03-23,5710,5730,5600,5630,51357,-0.012280701754386003
2022-03-24,5620,5710,5600,5690,36679,0.010657193605683846
2022-03-25,5700,5780,5690,5760,33004,0.012302284710017597
2022-03-28,5780,5780,5730,5780,30190,0.003472222222222321
2022-03-29,5780,5780,5710,5750,36155,-0.00519031141868509
2022-03-30,5760,5820,5750,5790,36925,0.006956521739130528
2022-03-31,5790,5800,5700,5790,44957,0.0
2022-04-01,5760,5810,5670,5810,51070,0.003454231433505983
2022-04-04,5750,5810,5720,5730,37598,-0.013769363166953541
2022-04-05,5730,5810,5730,5750,21282,0.003490401396160525
2022-04-06,5770,5770,5720,5770,15903,0.003478260869565153
2022-04-07,5720,5760,5710,5730,26264,-0.006932409012131768
2022-04-08,5710,5740,5690,5730,13269,0.0
2022-04-11,5720,5860,5710,5850,40122,0.020942408376963373
2022-04-12,5840,5930,5830,5890,29751,0.006837606837606813
2022-04-13,5890,5910,5740,5880,34489,-0.001697792869269965
2022-04-14,5880,6170,5880,6120,91380,0.04081632653061229
2022-04-15,6120,6350,6050,6300,116781,0.02941176470588225
2022-04-18,6290,6300,6050,6060,76759,-0.03809523809523807
2022-04-19,6060,6080,5980,6050,34996,-0.0016501650165016146
2022-04-20,6080,6300,6060,6200,66883,0.024793388429751984
2022-04-21,6200,6240,6130,6140,27562,-0.009677419354838679
2022-04-22,6110,6170,6040,6160,25629,0.0032573289902280145
2022-04-25,6100,6150,5990,6000,52078,-0.025974025974025983
2022-04-26,6000,6110,5980,6100,46101,0.016666666666666607
2022-04-27,6050,6130,6010,6080,24429,-0.003278688524590123
2022-04-28,6080,6120,6030,6080,21211,0.0
2022-04-29,6080,6120,6060,6100,19395,0.00328947368421062
2022-05-02,6100,6250,6090,6180,56911,0.013114754098360715
2022-05-03,6210,6260,6110,6220,29307,0.006472491909385036
2022-05-04,6220,6350,6180,6300,45407,0.012861736334405238
2022-05-06,6220,6310,6200,6290,20354,-0.0015873015873015817
2022-05-09,6290,6290,6080,6170,48788,-0.019077901430842648
2022-05-10,6010,6100,5960,6090,51265,-0.012965964343598091
2022-05-11,6050,6140,6040,6090,32307,0.0
2022-05-12,6090,6180,5800,5800,63597,-0.04761904761904767
2022-05-13,5810,6050,5810,5980,21854,0.03103448275862064
2022-05-16,5990,6070,5970,5980,22014,0.0
2022-05-17,6000,6140,5970,6050,47663,0.0117056856187292
2022-05-18,6040,6090,6040,6080,22471,0.0049586776859504855
2022-05-19,6070,6070,5900,5920,26884,-0.02631578947368418
2022-05-20,5920,6020,5920,5970,15493,0.008445945945946054
2022-05-23,5990,6050,5930,5960,69213,-0.0016750418760469454
2022-05-24,5970,5990,5840,5880,36547,-0.01342281879194629
2022-05-25,5880,5960,5870,5950,11708,0.011904761904761862
2022-05-26,5950,6050,5950,6000,18848,0.008403361344537785
2022-05-27,6010,6030,5980,5990,35145,-0.0016666666666667052
2022-05-30,5990,6240,5990,6230,58500,0.04006677796327218
2022-05-31,6170,6230,6170,6190,48579,-0.006420545746388395
2022-06-02,6290,6290,6170,6210,26783,0.003231017770597644
2022-06-03,6270,6270,6190,6240,17853,0.004830917874396157
2022-06-07,6240,6250,6150,6160,14945,-0.012820512820512775
2022-06-08,6160,6270,6160,6270,53818,0.017857142857142794
2022-06-09,6270,6290,6190,6260,21233,-0.0015948963317384823
2022-06-10,6190,6310,6190,6220,22377,-0.006389776357827448
2022-06-13,6170,6190,5960,5970,45441,-0.04019292604501612
2022-06-14,5950,5970,5850,5970,22717,0.0
2022-06-15,5930,5950,5800,5850,23004,-0.02010050251256279
2022-06-16,5850,6050,5770,5790,44693,-0.01025641025641022
2022-06-17,5750,5800,5590,5720,24671,-0.012089810017271163
2022-06-20,5710,5730,5510,5660,54688,-0.010489510489510523
2022-06-21,5660,5840,5620,5820,18368,0.028268551236749095
2022-06-22,5810,5960,5700,5720,35263,-0.01718213058419249
2022-06-23,5630,5750,5530,5600,54874,-0.020979020979020935
2022-06-24,5590,5790,5580,5730,15582,0.023214285714285632
2022-06-27,5730,5810,5710,5800,13439,0.01221640488656206
2022-06-28,5780,5830,5770,5810,9660,0.0017241379310344307
2022-06-29,5800,5850,5780,5850,11773,0.0068846815834766595
2022-06-30,5850,5930,5800,5810,11620,-0.006837606837606813
2022-07-01,5810,5840,5730,5810,9680,0.0
2022-07-04,5730,5870,5650,5750,48333,-0.0103270223752151
2022-07-05,5730,5900,5730,5900,15424,0.026086956521739202
2022-07-06,5930,5940,5790,5820,13038,-0.013559322033898313
2022-07-07,5820,5920,5790,5920,7263,0.01718213058419238
2022-07-08,5920,5930,5870,5920,10638,0.0
2022-07-11,5930,5960,5870,5910,3333,-0.0016891891891891442
2022-07-12,5910,5910,5740,5840,11173,-0.011844331641285955
2022-07-13,5800,5920,5800,5900,15932,0.010273972602739656
2022-07-14,5940,5980,5870,5950,10581,0.008474576271186418
2022-07-15,5900,5960,5870,5930,33132,-0.003361344537815114
2022-07-18,5950,5950,5890,5950,19021,0.003372681281618828
2022-07-19,5950,6010,5910,5970,27895,0.003361344537815114
2022-07-20,6000,6030,5970,5990,22007,0.003350083752093891
2022-07-21,5990,6070,5950,6040,21257,0.008347245409014992
2022-07-22,6080,6080,5990,6040,14295,0.0
2022-07-25,6050,6050,5980,6010,14480,-0.004966887417218513
2022-07-26,6010,6020,5970,6020,9911,0.0016638935108153063
2022-07-27,6020,6040,6000,6040,7576,0.0033222591362125353
2022-07-28,6050,6080,6030,6080,19412,0.0066225165562914245
2022-07-29,6080,6110,5990,5990,22306,-0.014802631578947345
2022-08-01,5990,6030,5970,6020,9299,0.005008347245408995
2022-08-02,6010,6010,5940,6000,16747,-0.0033222591362126463
2022-08-03,5990,6080,5970,6070,16763,0.011666666666666714
2022-08-04,6040,6080,6020,6070,12566,0.0
2022-08-05,6110,6120,6050,6080,8509,0.0016474464579900872
2022-08-08,6060,6060,6030,6050,5100,-0.004934210526315819
2022-08-09,6050,6070,6030,6050,17303,0.0
2022-08-10,6050,6160,6040,6160,45754,0.018181818181818077
2022-08-11,6160,6210,6130,6200,28935,0.006493506493506551
2022-08-12,6170,6200,6140,6190,18231,-0.001612903225806428
2022-08-16,6190,6210,6160,6190,11663,0.0
2022-08-17,6210,6210,6140,6210,51186,0.003231017770597644
2022-08-18,6270,6520,6170,6480,176341,0.04347826086956519
2022-08-19,6570,6570,6340,6400,48066,-0.012345679012345734
2022-08-22,6340,6490,6300,6470,35688,0.010937500000000044
2022-08-23,6390,6610,6390,6500,70175,0.004636785162287493
2022-08-24,6490,6540,6430,6460,33021,-0.006153846153846176
2022-08-25,6460,6610,6440,6510,40523,0.007739938080495445
2022-08-26,6510,6770,6510,6640,67332,0.019969278033794113
2022-08-29,6570,6650,6480,6610,53311,-0.004518072289156572
2022-08-30,6610,6650,6410,6530,44952,-0.012102874432677768
2022-08-31,6530,6590,6460,6530,18304,0.0
2022-09-01,6550,6570,6420,6420,31637,-0.016845329249617125
2022-09-02,6420,6460,6290,6300,22373,-0.01869158878504673
2022-09-05,6300,6380,6120,6240,34394,-0.00952380952380949
2022-09-06,6160,6310,6160,6270,11679,0.004807692307692291
2022-09-07,6300,6310,6140,6200,43877,-0.011164274322169043
2022-09-08,6200,6330,6200,6250,43934,0.008064516129032251
2022-09-13,6250,6390,6250,6380,27006,0.02079999999999993
2022-09-14,6300,6430,6260,6380,28813,0.0
2022-09-15,6460,6470,6410,6460,24706,0.012539184952978122
2022-09-16,6450,6470,6370,6370,37189,-0.01393188854489169
2022-09-19,6370,6410,6210,6370,41021,0.0
2022-09-20,6380,6580,6380,6580,65119,0.03296703296703307
2022-09-21,6580,6770,6560,6700,72920,0.01823708206686936
2022-09-22,6630,6700,6440,6670,36307,-0.004477611940298498
2022-09-23,6670,6690,6250,6420,43491,-0.03748125937031488
2022-09-26,6410,6410,6160,6190,50626,-0.03582554517133951
2022-09-27,6230,6340,6150,6340,23243,0.024232633279483107
2022-09-28,6340,6380,6180,6290,32617,-0.007886435331230235
2022-09-29,6310,6530,6310,6420,54448,0.020667726550079424
2022-09-30,6410,6550,6350,6370,62224,-0.007788161993769416
2022-10-04,6390,6720,6390,6720,112174,0.05494505494505497
2022-10-05,6790,6800,6430,6460,133402,-0.038690476190476164
2022-10-06,6460,6570,6460,6530,59365,0.010835913312693402
2022-10-07,6500,6680,6480,6630,57075,0.015313935681470214
2022-10-11,6580,6590,6260,6280,84899,-0.052790346907994
2022-10-12,6280,6310,5980,6070,76473,-0.03343949044585992
2022-10-13,6110,6360,6070,6220,53061,0.02471169686985175
2022-10-14,6220,6380,6220,6350,39903,0.020900321543408262
2022-10-17,6350,6490,6330,6480,29396,0.020472440944881987
2022-10-18,6500,6510,6430,6480,15888,0.0
2022-10-19,6530,6530,6410,6450,24970,-0.00462962962962965
2022-10-20,6470,6490,6270,6340,29384,-0.01705426356589146
2022-10-21,6330,6380,6300,6310,22392,-0.004731861198738141
2022-10-24,6330,6410,6310,6390,25463,0.01267828843106189
2022-10-25,6390,6570,6380,6560,52318,0.026604068857589924
2022-10-26,6560,7210,6490,6780,522867,0.03353658536585358
2022-10-27,6780,6930,6690,6800,118955,0.002949852507374562
2022-10-28,6790,6900,6720,6800,74976,0.0
2022-10-31,6800,7050,6800,6900,95795,0.014705882352941124
2022-11-01,6930,6980,6730,6750,74267,-0.021739130434782594
2022-11-02,6790,6790,6610,6740,43579,-0.001481481481481528
2022-11-03,6640,6970,6640,6910,91509,0.02522255192878342
2022-11-04,6880,6980,6860,6970,54881,0.00868306801736618
2022-11-07,6970,7150,6950,7130,103146,0.022955523672883782
2022-11-08,7130,7180,7050,7100,58571,-0.0042075736325385416
2022-11-09,7100,7320,7050,7300,180439,0.028169014084507005
2022-11-10,7290,7400,7200,7220,99224,-0.010958904109588996
2022-11-11,7320,7370,7210,7290,131723,0.00969529085872578
2022-11-14,7290,7570,7280,7510,131056,0.030178326474622708
2022-11-15,7490,7550,7030,7040,148925,-0.06258322237017311
2022-11-16,7070,7770,6970,7160,462559,0.017045454545454586
2022-11-17,7170,7300,7030,7110,105825,-0.006983240223463638
2022-11-18,7080,7080,6790,6810,148669,-0.04219409282700426
2022-11-21,6820,6940,6760,6870,66169,0.008810572687224738
2022-11-22,6860,7200,6850,7160,99009,0.04221251819505101
2022-11-23,7130,7340,7130,7330,64976,0.023743016759776525
2022-11-24,7380,7380,7150,7190,48417,-0.019099590723055893
2022-11-25,7170,7230,7130,7200,25613,0.0013908205841446364
2022-11-28,7210,7280,7060,7090,38261,-0.015277777777777724
2022-11-29,7080,7200,7060,7180,29327,0.012693935119887145
2022-11-30,7180,7220,7080,7170,35445,-0.0013927576601671099
2022-12-01,7180,7250,7110,7170,47426,0.0
2022-12-02,7180,7360,7140,7280,54187,0.015341701534170138
2022-12-05,7280,7460,7250,7450,82579,0.02335164835164827
2022-12-06,7430,7600,7390,7420,90232,-0.004026845637583931
2022-12-07,7420,7540,7300,7390,88682,-0.0040431266846361336
2022-12-08,7390,7510,7300,7440,54378,0.006765899864682012
2022-12-09,7500,7950,7430,7900,426164,0.06182795698924726
2022-12-12,7900,7950,7740,7750,107014,-0.01898734177215189
2022-12-13,7750,7930,7690,7930,94848,0.023225806451612874
2022-12-14,7910,7930,7770,7860,68966,-0.008827238335435084
2022-12-15,7820,7910,7680,7740,66613,-0.01526717557251911
2022-12-16,7640,7780,7600,7690,81287,-0.006459948320413411
2022-12-19,7690,7720,7610,7690,28004,0.0
2022-12-20,7690,7710,7490,7590,71223,-0.013003901170351106
2022-12-21,7650,7670,7500,7570,30989,-0.0026350461133070047
2022-12-22,7570,7700,7380,7390,87079,-0.023778071334214057
2022-12-23,7350,7390,6940,7000,94554,-0.05277401894451961
2022-12-26,7000,7170,6930,7140,53208,0.020000000000000018
2022-12-27,7190,7260,6930,6980,153659,-0.022408963585434205
2022-12-28,6780,6790,6570,6680,112326,-0.04297994269340977
2022-12-29,6680,6720,6400,6400,84136,-0.041916167664670656
2023-01-02,6420,6550,6220,6260,71636,-0.021874999999999978
2023-01-03,6340,6340,6030,6110,63805,-0.02396166134185307
2023-01-04,6140,6370,6100,6260,41557,0.02454991816693952
2023-01-05,6260,6440,6260,6380,80542,0.019169329073482455
2023-01-06,6380,6490,6310,6490,45827,0.01724137931034475
2023-01-09,6510,6560,6450,6520,21919,0.0046224961479199855
2023-01-10,6520,6630,6470,6480,28908,-0.006134969325153339
2023-01-11,6490,6680,6470,6620,34163,0.021604938271605034
2023-01-12,6680,6680,6580,6660,10656,0.0060422960725075026
2023-01-13,6660,6750,6580,6650,14790,-0.0015015015015015232
2023-01-16,6650,6740,6610,6650,12398,0.0
2023-01-17,6650,6650,6510,6600,21976,-0.007518796992481258
2023-01-18,6580,6690,6480,6560,16005,-0.0060606060606061
2023-01-19,6560,6660,6520,6600,9512,0.0060975609756097615
2023-01-20,6600,6660,6510,6600,5280,0.0
2023-01-25,6600,6680,6510,6600,20046,0.0
2023-01-26,6590,6680,6550,6580,17098,-0.00303030303030305
2023-01-27,6580,6700,6450,6550,59324,-0.00455927051671734
2023-01-30,6550,6590,6350,6400,44398,-0.022900763358778664
2023-01-31,6340,6540,6340,6540,22627,0.02187500000000009
2023-02-01,6520,6800,6520,6800,87600,0.039755351681957096
2023-02-02,6810,6860,6660,6770,41997,-0.004411764705882337
2023-02-03,6770,6830,6700,6790,17123,0.002954209748892156
2023-02-06,6790,6830,6720,6830,19493,0.00589101620029453
2023-02-07,6800,6870,6680,6730,63335,-0.014641288433382083
2023-02-08,6790,6960,6740,6800,67769,0.010401188707280795
2023-02-09,6810,6960,6800,6850,15509,0.007352941176470562
2023-02-10,6820,6930,6760,6900,14016,0.007299270072992803
2023-02-13,6950,6950,6810,6900,13845,0.0
2023-02-14,6890,6930,6820,6890,15439,-0.0014492753623188692
2023-02-15,6880,6880,6720,6860,30236,-0.004354136429608135
2023-02-16,6820,6940,6820,6870,20578,0.001457725947521915
2023-02-17,6810,6890,6810,6850,10984,-0.0029112081513827937
2023-02-20,6840,6940,6800,6850,26271,0.0
2023-02-21,6850,7070,6850,7060,46365,0.03065693430656924
2023-02-22,7000,7090,6990,7030,18717,-0.004249291784702569
2023-02-23,7020,7170,7020,7130,27809,0.014224751066856278
2023-02-24,7160,7230,7060,7110,38721,-0.0028050490883591017
2023-02-27,7110,7140,6940,7110,29690,0.0
2023-02-28,7130,7200,7070,7130,20109,0.002812939521800173
2023-03-02,7130,7210,7100,7180,36895,0.007012622720897532
2023-03-03,7170,7240,7170,7200,12597,0.0027855153203342198
2023-03-06,7220,7230,7110,7170,15680,-0.004166666666666652
2023-03-07,7210,7250,7060,7160,30987,-0.001394700139469962
2023-03-08,7150,7150,7030,7080,25288,-0.011173184357541888
2023-03-09,7110,7210,7030,7130,24913,0.007062146892655274
2023-03-10,7100,7150,7000,7120,24633,-0.0014025245441795509
2023-03-13,7030,7110,6960,7060,28495,-0.008426966292134797
2023-03-14,7050,7060,6860,6930,34697,-0.018413597733711096
2023-03-15,6970,7090,6950,6990,10678,0.008658008658008587
2023-03-16,6940,6960,6850,6920,12914,-0.010014306151645225
2023-03-17,6960,7020,6910,6990,13133,0.01011560693641611
2023-03-20,6980,6990,6850,6850,10735,-0.02002861230329045
2023-03-21,6900,7020,6800,6970,16931,0.01751824817518255
2023-03-22,6910,6990,6790,6920,26635,-0.00717360114777621
2023-03-23,6850,6960,6700,6780,31710,-0.020231213872832332
2023-03-24,6770,6890,6620,6760,12855,-0.002949852507374673
2023-03-27,6720,6880,6540,6680,31157,-0.011834319526627168
2023-03-28,6670,6670,6400,6640,15371,-0.005988023952095856
2023-03-29,6640,6640,6540,6620,10453,-0.003012048192771122
2023-03-30,6620,6680,6550,6620,19577,0.0
2023-03-31,6630,6710,6560,6640,28159,0.0030211480362538623
2023-04-03,6640,6740,6610,6650,17851,0.001506024096385561
2023-04-04,6650,6740,6580,6670,37775,0.003007518796992459
2023-04-05,6670,7030,6550,6700,48038,0.004497751124437732
2023-04-06,6700,6840,6590,6720,120819,0.0029850746268655914
2023-04-07,6730,6830,6640,6700,37431,-0.0029761904761904656
2023-04-10,6700,6740,6590,6640,55138,-0.008955223880596996
2023-04-11,6640,6770,6580,6760,45901,0.01807228915662651
2023-04-12,6760,6850,6700,6810,15886,0.007396449704142105
2023-04-13,6780,6870,6700,6820,69552,0.001468428781204123
2023-04-14,6800,6890,6760,6830,21544,0.0014662756598240456
2023-04-17,6850,6870,6760,6830,19143,0.0
2023-04-18,6840,6890,6750,6800,68823,-0.004392386530014614
2023-04-19,6800,7050,6770,7040,82203,0.03529411764705892
2023-04-20,7090,7160,6980,7100,55125,0.008522727272727293
2023-04-21,7060,7060,6800,6940,24395,-0.022535211267605604
2023-04-24,6900,6970,6790,6850,20705,-0.012968299711815567
2023-04-25,6810,6900,6680,6750,20782,-0.014598540145985384
2023-04-26,6750,6800,6580,6580,28615,-0.0251851851851852
2023-04-27,6590,6630,6520,6570,10850,-0.001519756838905817
2023-04-28,6620,6810,6540,6770,45277,0.030441400304414
2023-05-02,6790,6890,6700,6840,14402,0.010339734121122657
2023-05-03,6840,6840,6760,6790,9941,-0.007309941520467822
2023-05-04,6850,6850,6760,6790,8744,0.0
2023-05-08,6850,6900,6760,6840,16611,0.007363770250368162
2023-05-09,6900,6900,6670,6750,13354,-0.013157894736842146
2023-05-10,6750,6750,6650,6700,12862,-0.007407407407407418
2023-05-11,6740,6740,6660,6700,7974,0.0
2023-05-12,6700,6720,6620,6650,6645,-0.007462686567164201
2023-05-15,6720,6720,6590,6690,14302,0.006015037593984918
2023-05-16,6650,6680,6590,6640,13192,-0.007473841554558991
2023-05-17,6640,6700,6610,6660,12261,0.003012048192771122
2023-05-18,6660,6800,6660,6750,25847,0.013513513513513598
2023-05-19,6730,6830,6680,6700,12805,-0.007407407407407418
2023-05-22,6670,6740,6630,6690,28696,-0.0014925373134327957
2023-05-23,6660,6690,6600,6620,17986,-0.010463378176382654
2023-05-24,6610,6640,6500,6570,22713,-0.007552870090634434
2023-05-25,6570,6610,6500,6610,13287,0.0060882800608828
2023-05-26,6580,6620,6550,6600,14315,-0.001512859304084735
2023-05-30,6600,6670,6560,6630,23257,0.00454545454545463
2023-05-31,6630,6850,6590,6710,39719,0.012066365007541435
2023-06-01,6710,6800,6640,6770,22111,0.008941877794336861
2023-06-02,6770,6790,6710,6750,15837,-0.002954209748892156
2023-06-05,6750,6840,6690,6720,16598,-0.004444444444444473
2023-06-07,6800,6800,6650,6670,24182,-0.007440476190476164
2023-06-08,6670,6710,6580,6680,13869,0.0014992503748125774
2023-06-09,6670,6680,6460,6460,131551,-0.03293413173652693
2023-06-12,6500,6510,6420,6440,18620,-0.003095975232198178
2023-06-13,6430,6490,6170,6170,81565,-0.04192546583850931
2023-06-14,6180,6200,6000,6070,51258,-0.01620745542949753
2023-06-15,6070,6090,5970,6060,20251,-0.0016474464579900872
2023-06-16,6110,6170,6070,6150,11578,0.014851485148514865
2023-06-19,6200,6200,6060,6140,17893,-0.001626016260162566
2023-06-20,6080,6180,6070,6140,7748,0.0
2023-06-21,6120,6230,6110,6140,8353,0.0
2023-06-22,6100,6190,6100,6170,6277,0.004885993485342022
2023-06-23,6170,6170,6100,6130,11249,-0.00648298217179899
2023-06-26,6130,6200,6080,6140,7139,0.0016313213703098572
2023-06-27,6090,6200,6090,6150,8874,0.0016286644951140072
2023-06-28,6150,6190,6120,6130,5723,-0.003252032520325243
2023-06-29,6160,6190,6020,6060,15318,-0.011419249592169667
2023-06-30,6030,6160,6030,6140,5253,0.013201320132013139
2023-07-03,6140,6190,6090,6110,11601,-0.004885993485342022
2023-07-04,6120,6180,6050,6110,9981,0.0
2023-07-05,6110,6140,6050,6050,15243,-0.009819967266775809
2023-07-06,6040,6110,5970,6060,10108,0.0016528925619834212
2023-07-07,5990,6060,5970,6060,10108,0.0
2023-07-10,6060,6100,6000,6000,10890,-0.00990099009900991
2023-07-11,5970,6060,5970,6000,4911,0.0
2023-07-12,6000,6050,5890,6000,22564,0.0
2023-07-13,6000,6010,5900,5900,28308,-0.01666666666666672
2023-07-14,5900,6000,5890,5980,13083,0.013559322033898313
2023-07-17,5980,5980,5900,5930,9491,-0.00836120401337792
2023-07-18,5920,5940,5810,5890,41637,-0.006745362563237767
2023-07-19,5890,5950,5850,5890,7277,0.0
2023-07-20,5850,5900,5800,5900,20749,0.001697792869269854
2023-07-21,5780,5910,5780,5910,7801,0.0016949152542373724
2023-07-24,5850,5880,5660,5720,29666,-0.032148900169204686
2023-07-25,5720,5720,5580,5660,19578,-0.010489510489510523
2023-07-26,5560,5660,5510,5560,26320,-0.017667844522968212
2023-07-27,5560,5640,5500,5600,7452,0.007194244604316502
2023-07-28,5600,5620,5560,5620,4652,0.0035714285714285587
2023-07-31,5620,5640,5550,5620,11727,0.0
2023-08-01,5620,5650,5590,5630,7012,0.001779359430605032
2023-08-02,5620,5650,5550,5620,13939,-0.001776198934280604
2023-08-03,5570,5630,5550,5630,5207,0.001779359430605032
2023-08-04,5570,5680,5570,5620,7447,-0.001776198934280604
2023-08-07,5620,5650,5570,5610,11806,-0.001779359430605032
2023-08-08,5610,5660,5580,5600,10370,-0.0017825311942959443
2023-08-09,5620,5630,5570,5630,7194,0.005357142857142838
2023-08-10,5630,5800,5600,5800,20457,0.030195381882770933
2023-08-11,5770,5810,5730,5800,10939,0.0
2023-08-14,5750,5800,5610,5750,13115,-0.008620689655172376
2023-08-16,5700,5740,5600,5620,11881,-0.022608695652173938
2023-08-17,5590,5740,5580,5610,19389,-0.001779359430605032
2023-08-18,5670,5710,5630,5650,6510,0.007130124777183555
2023-08-21,5650,5790,5650,5770,13950,0.02123893805309729
2023-08-22,5800,5860,5700,5820,24629,0.008665511265164572
2023-08-23,5880,5960,5720,5820,41865,0.0
2023-08-24,5820,5820,5700,5750,19092,-0.012027491408934665
2023-08-25,5690,5800,5690,5770,3298,0.003478260869565153
2023-08-28,5800,5870,5780,5840,16870,0.0121317157712304
2023-08-29,5860,5900,5790,5880,9673,0.006849315068493178
2023-08-30,5940,5940,5860,5910,3119,0.005102040816326481
2023-08-31,5950,5950,5880,5920,3654,0.0016920473773265332
2023-09-01,5840,5920,5840,5890,7272,-0.0050675675675675436
2023-09-04,5900,5920,5840,5920,5783,0.005093378607809784
2023-09-05,5920,5920,5750,5800,8365,-0.020270270270270285
2023-09-06,5790,5850,5690,5780,8301,-0.0034482758620689724
2023-09-07,5780,5780,5660,5740,7886,-0.00692041522491349
2023-09-08,5670,5800,5670,5800,2557,0.010452961672473782
2023-09-11,5900,5900,5750,5800,4959,0.0
2023-09-12,5760,5880,5760,5880,20356,0.01379310344827589
2023-09-13,5910,5920,5850,5920,10056,0.006802721088435382
2023-09-14,5930,5960,5860,5940,9879,0.0033783783783782884
2023-09-15,5960,6000,5880,5980,42287,0.006734006734006703
2023-09-18,5980,6030,5950,6010,19277,0.0050167224080268635
2023-09-19,5980,6020,5960,6010,4543,0.0
2023-09-20,6030,6030,6000,6020,6243,0.0016638935108153063
2023-09-21,5970,6010,5910,5910,5854,-0.01827242524916939
2023-09-22,5850,5970,5830,5920,9878,0.0016920473773265332
2023-09-25,5920,5920,5830,5870,10215,-0.008445945945945943
2023-09-26,5830,5920,5820,5860,5607,-0.0017035775127768327
2023-09-27,5870,5900,5840,5890,4210,0.005119453924914641
2023-10-04,5890,5890,5780,5800,16391,-0.015280135823429575
2023-10-05,5840,6060,5760,5900,20714,0.01724137931034475
2023-10-06,5900,5960,5880,5950,6946,0.008474576271186418
2023-10-10,5960,6000,5880,5910,9624,-0.006722689075630228
2023-10-11,5910,6020,5910,5960,4548,0.008460236886632888
2023-10-12,6010,6010,5950,5990,5073,0.005033557046979942
2023-10-13,6040,6040,5930,6000,7360,0.0016694490818029983
2023-10-16,6000,6000,5940,5990,3630,-0.0016666666666667052
2023-10-17,5950,6030,5950,6010,4318,0.0033388981636059967
2023-10-18,6000,6200,6000,6200,30146,0.03161397670549082
2023-10-19,6050,6200,6050,6170,20370,-0.004838709677419395
2023-10-20,6170,6170,6020,6110,11332,-0.00972447325769854
2023-10-23,6110,6110,5960,6020,9992,-0.014729950900163713
2023-10-24,6000,6060,5930,5980,11456,-0.006644518272425293
2023-10-25,5980,6090,5930,6080,12830,0.01672240802675584
2023-10-26,6030,6080,5950,6080,8025,0.0
2023-10-27,6040,6090,5980,6020,11257,-0.009868421052631526
2023-10-30,6020,6090,5980,6040,8517,0.0033222591362125353
2023-10-31,6010,6050,5960,5990,5806,-0.008278145695364225
2023-11-01,5990,6040,5950,5990,3447,0.0
2023-11-02,5990,6000,5900,5950,11604,-0.006677796327211993
2023-11-03,5950,6020,5880,5950,11128,0.0
2023-11-06,5980,5990,5900,5940,9359,-0.001680672268907557
2023-11-07,5930,5990,5910,5970,6715,0.005050505050504972
2023-11-08,6010,6010,5600,6000,14319,0.005025125628140614
2023-11-09,6030,6040,5980,6010,2062,0.0016666666666667052
2023-11-10,6010,6040,5940,6030,5955,0.0033277870216306127
2023-11-13,6030,6040,5920,6010,9364,-0.0033167495854062867
2023-11-14,5950,6010,5940,5990,4606,-0.0033277870216306127
2023-11-15,5990,5990,5910,5950,18405,-0.006677796327211993
2023-11-16,5950,5970,5850,5930,14409,-0.003361344537815114
2023-11-17,5940,5950,5860,5910,8023,-0.003372681281618939
2023-11-20,5910,5950,5860,5950,5569,0.006768189509306355
2023-11-21,5950,6010,5930,6000,14590,0.008403361344537785
2023-11-22,5980,6030,5970,6000,4197,0.0
2023-11-23,6010,6030,5940,6000,5026,0.0
2023-11-24,6020,6030,5970,6010,1773,0.0016666666666667052
2023-11-27,6010,6020,5690,5700,67036,-0.0515806988352745
2023-11-28,5820,5830,5720,5770,11724,0.012280701754386003
2023-11-29,5740,5850,5730,5810,5585,0.006932409012131657
2023-11-30,5790,5850,5750,5780,7280,-0.005163511187607606
2023-12-01,5780,5880,5780,5840,10525,0.01038062283737018
2023-12-04,5850,5890,5790,5870,13065,0.005136986301369939
2023-12-05,5880,5920,5810,5890,19443,0.0034071550255536653
2023-12-06,5870,5900,5850,5890,7148,0.0
2023-12-07,5890,5920,5850,5890,7174,0.0
2023-12-08,5930,5960,5890,5950,8531,0.01018675721561979
2023-12-11,5950,6050,5950,5950,20091,0.0
2023-12-12,5980,6000,5950,5980,4414,0.005042016806722671
2023-12-13,5980,6030,5950,5990,5825,0.0016722408026756952
2023-12-14,6000,6090,5920,5970,12514,-0.0033388981636059967
2023-12-15,5950,6020,5650,5900,20725,-0.011725293132328285
2023-12-18,5900,5960,5800,5850,20447,-0.008474576271186418
2023-12-19,5860,5960,5820,5900,10384,0.008547008547008517
2023-12-20,5830,5970,5830,5960,25752,0.01016949152542379
2023-12-21,5960,5980,5930,5930,4218,-0.005033557046979831
2023-12-22,6010,6010,5930,6000,7591,0.01180438448566612
2023-12-26,6000,6000,5880,5920,83094,-0.013333333333333308
2023-12-27,5710,5850,5710,5780,16956,-0.023648648648648685
2023-12-28,5780,5790,5720,5790,15820,0.0017301038062282892
2024-01-02,5770,5900,5730,5820,5373,0.005181347150259086
2024-01-03,5820,5820,5720,5770,10309,-0.00859106529209619
2024-01-04,5770,5800,5660,5760,11126,-0.0017331022530329143
2024-01-05,5740,5820,5730,5760,4274,0.0
2024-01-08,5710,5830,5700,5720,13002,-0.00694444444444442
2024-01-09,5800,5800,5670,5700,13205,-0.0034965034965035446
2024-01-10,5670,5750,5670,5720,9904,0.0035087719298245723
2024-01-11,5740,5740,5670,5720,4039,0.0
2024-01-12,5740,5900,5680,5830,85050,0.019230769230769162
2024-01-15,5900,6840,5900,6290,563020,0.07890222984562612
2024-01-16,6350,6400,6170,6310,116652,0.0031796502384737746
2024-01-17,6310,6520,6060,6120,241289,-0.030110935023771823
2024-01-18,6090,6180,5890,6030,69321,-0.014705882352941124
2024-01-19,6050,6070,5960,6070,38974,0.0066334991708125735
2024-01-22,6100,6120,5940,6060,30532,-0.0016474464579900872
2024-01-23,6050,6110,6010,6050,25890,-0.0016501650165016146
2024-01-24,6050,6110,5990,6010,14229,-0.006611570247933907
2024-01-25,6090,6090,5890,5930,28301,-0.01331114808652245
2024-01-26,5910,5980,5800,5930,21139,0.0
2024-01-29,5930,5940,5720,5860,21180,-0.01180438448566612
2024-01-30,5860,5940,5850,5940,22154,0.013651877133105783
2024-01-31,5990,6180,5920,6070,32800,0.02188552188552184
2024-02-01,6050,6360,6000,6240,83448,0.028006589785831926
2024-02-02,6350,6350,6100,6260,48674,0.0032051282051281937
2024-02-05,6280,6370,6170,6310,77071,0.007987220447284393
2024-02-06,6270,6290,6120,6260,32088,-0.007923930269413626
2024-02-07,6190,6210,6020,6130,33745,-0.02076677316293929
2024-02-08,6130,6130,5970,6030,42050,-0.01631321370309946
2024-02-13,6110,6110,5980,6000,42858,-0.00497512437810943
2024-02-14,5970,5990,5860,5910,39115,-0.015000000000000013
2024-02-15,5920,5930,5830,5870,28811,-0.006768189509306244
2024-02-16,5910,5910,5830,5890,28818,0.0034071550255536653
2024-02-19,5890,6080,5870,6080,30937,0.032258064516129004
2024-02-20,6090,6130,6020,6070,34657,-0.00164473684210531
2024-02-21,6070,6070,5920,5990,27875,-0.01317957166392092
2024-02-22,6040,6100,5860,5860,38778,-0.02170283806343909
2024-02-23,5900,5920,5860,5920,12930,0.010238907849829282
2024-02-26,5950,5950,5760,5840,27925,-0.013513513513513487
2024-02-27,5850,5850,5720,5780,24504,-0.010273972602739767
2024-02-28,5780,5800,5630,5720,82155,-0.01038062283737029
2024-02-29,5720,5760,5660,5720,18598,0.0
2024-03-04,5720,5770,5660,5700,29306,-0.0034965034965035446
2024-03-05,5730,5790,5490,5530,105877,-0.029824561403508754
2024-03-06,5550,5590,5490,5540,18145,0.001808318264014508
2024-03-07,5540,5610,5490,5550,16222,0.0018050541516245744
2024-03-08,5520,5740,5470,5550,28087,0.0
2024-03-11,5550,5690,5500,5690,30611,0.02522522522522519
2024-03-12,5690,5700,5580,5600,20696,-0.01581722319859402
2024-03-13,5640,5640,5580,5640,11601,0.0071428571428571175
2024-03-14,5670,5720,5590,5640,21579,0.0
2024-03-15,5590,5720,5500,5500,180942,-0.024822695035460973
2024-03-18,5610,5610,5550,5590,5265,0.016363636363636358
2024-03-19,5590,5620,5520,5600,20586,0.0017889087656528524
2024-03-20,5610,5630,5570,5630,8990,0.005357142857142838
2024-03-21,5660,5740,5600,5660,36775,0.005328596802841812
2024-03-22,5660,5720,5620,5670,17535,0.0017667844522968323
2024-03-25,5730,5730,5590,5680,15150,0.0017636684303350414
2024-03-26,5680,5680,5600,5670,14491,-0.0017605633802817433
2024-03-27,5660,5680,5630,5670,9763,0.0
2024-03-28,5670,5680,5600,5670,7204,0.0
2024-03-29,5690,5820,5630,5660,27672,-0.0017636684303351524
2024-04-01,5650,5700,5620,5680,12781,0.0035335689045936647
2024-04-02,5680,5700,5640,5680,22677,0.0
2024-04-03,5680,5710,5650,5680,36256,0.0
2024-04-04,5670,5730,5650,5660,13376,-0.0035211267605633756
2024-04-05,5670,5670,5600,5630,41703,-0.005300353356890497
2024-04-08,5600,5660,5600,5650,15192,0.003552397868561208
2024-04-09,5640,5670,5510,5550,47950,-0.017699115044247815
2024-04-11,5550,5550,5490,5540,14203,-0.0018018018018017834
2024-04-12,5530,5540,5410,5470,39909,-0.012635379061371799
2024-04-15,5470,5470,5430,5450,8243,-0.003656307129798919
2024-04-16,5490,5490,5300,5320,48416,-0.023853211009174258
2024-04-17,5370,5370,5290,5320,35614,0.0
2024-04-18,5440,5440,5300,5370,8350,0.009398496240601517
2024-04-19,5370,5400,5340,5400,3494,0.005586592178770999
2024-04-22,5400,5450,5400,5450,6486,0.0092592592592593
2024-04-23,5480,5480,5430,5460,6159,0.0018348623853210455
2024-04-24,5490,5490,5450,5470,7434,0.001831501831501825
2024-04-25,5490,5500,5430,5450,12987,-0.003656307129798919
2024-04-26,5530,5530,5460,5510,9412,0.011009174311926495
2024-04-29,5570,5610,5500,5610,16551,0.01814882032667886
2024-04-30,5620,5640,5600,5640,9459,0.005347593582887722
2024-05-02,5640,5660,5580,5640,18936,0.0
2024-05-03,5660,5670,5630,5650,5772,0.0017730496453900457
2024-05-07,5680,5750,5630,5740,25804,0.015929203539823078
2024-05-08,5700,5780,5700,5750,12777,0.0017421602787457413
2024-05-09,5780,5790,5670,5700,16831,-0.008695652173912993
2024-05-10,5700,5740,5660,5700,20769,0.0
2024-05-13,5720,5740,5660,5680,8960,-0.0035087719298245723
2024-05-14,5680,5680,5640,5640,7544,-0.007042253521126751
2024-05-16,5690,5690,5540,5570,28250,-0.012411347517730542
2024-05-17,5570,5640,5540,5570,12121,0.0
2024-05-20,5570,5670,5500,5580,33337,0.0017953321364452268
2024-05-21,5590,5700,5580,5630,51139,0.008960573476702427
2024-05-22,5600,5650,5600,5630,15247,0.0
2024-05-23,5630,5680,5610,5660,22073,0.005328596802841812
2024-05-24,5670,5700,5610,5610,15511,-0.00883392226148405
2024-05-27,5610,5660,5580,5610,23286,0.0
2024-05-28,5590,5660,5550,5580,9649,-0.005347593582887722
2024-05-29,5560,5700,5560,5610,42892,0.005376344086021501
2024-05-30,5580,5630,5550,5590,18181,-0.0035650623885917776
2024-05-31,5640,5750,5610,5680,24017,0.01610017889087656
2024-06-03,5680,5730,5650,5690,9041,0.0017605633802817433
2024-06-04,5690,5730,5640,5650,23870,-0.007029876977152849
2024-06-05,5680,5700,5650,5700,6557,0.008849557522123908
2024-06-07,5740,5740,5670,5690,10487,-0.0017543859649122862
2024-06-10,5640,5700,5620,5670,20070,-0.0035149384885764245
2024-06-11,5670,5740,5610,5680,17912,0.0017636684303350414
2024-06-12,5680,5700,5620,5660,19858,-0.0035211267605633756
2024-06-13,5680,5710,5630,5650,20769,-0.0017667844522968323
2024-06-14,5650,5680,5610,5640,26160,-0.001769911504424737
2024-06-17,5650,5700,5620,5620,16685,-0.0035460992907800915
2024-06-18,5670,5680,5590,5630,12117,0.001779359430605032
2024-06-19,5630,5650,5560,5610,34563,-0.003552397868561319
2024-06-20,5620,5710,5580,5610,37386,0.0
2024-06-21,5610,5620,5570,5610,7187,0.0
2024-06-24,5620,5640,5530,5560,20169,-0.0089126559714795
2024-06-25,5560,5570,5530,5560,16977,0.0
2024-06-26,5560,5610,5540,5590,14125,0.0053956834532373765
2024-06-27,5650,5650,5570,5620,5231,0.005366726296958779
2024-06-28,5620,5650,5610,5640,3117,0.003558718861210064
2024-07-01,5650,5650,5520,5570,34554,-0.012411347517730542
2024-07-02,5560,5580,5530,5530,3998,-0.007181328545781018
2024-07-03,5550,5590,5510,5530,19225,0.0
2024-07-04,5550,5550,5480,5490,7952,-0.007233273056057921
2024-07-05,5480,5520,5440,5490,12791,0.0
2024-07-08,5480,5480,5420,5450,6461,-0.007285974499089298
2024-07-09,5450,5450,5420,5450,3992,0.0
2024-07-10,5450,5460,5420,5440,9053,-0.0018348623853210455
2024-07-11,5450,5480,5430,5480,14696,0.007352941176470562
2024-07-12,5470,5500,5450,5490,4781,0.0018248175182482562
2024-07-15,5490,5530,5460,5500,3199,0.0018214936247722413
2024-07-16,5500,5500,5460,5500,2929,0.0
2024-07-17,5510,5510,5370,5440,24981,-0.010909090909090868
2024-07-18,5440,5510,5410,5490,6739,0.009191176470588314
2024-07-19,5460,5500,5360,5390,20596,-0.01821493624772308
2024-07-22,5400,5420,5340,5400,9811,0.0018552875695732052
2024-07-23,5410,5410,5320,5390,12331,-0.0018518518518518823
2024-07-24,5390,5390,5360,5390,1794,0.0
2024-07-25,5390,5390,5330,5370,8674,-0.0037105751391465214
2024-07-26,5370,5400,5360,5380,1813,0.0018621973929235924
2024-07-29,5380,5400,5330,5390,7171,0.0018587360594795044
2024-07-30,5390,5500,5300,5390,29728,0.0
2024-07-31,5380,5420,5370,5410,21137,0.0037105751391466324
2024-08-01,5470,5470,5400,5440,9779,0.005545286506469571
2024-08-02,5390,5440,5370,5380,10879,-0.011029411764705843
2024-08-05,5370,5370,5020,5150,67012,-0.04275092936802971
2024-08-06,5150,5280,5140,5280,12231,0.025242718446601975
2024-08-07,5250,5500,5250,5250,18324,-0.005681818181818232
2024-08-08,5250,5260,5190,5250,9812,0.0
2024-08-09,5250,5330,5230,5310,11378,0.011428571428571344
2024-08-12,5300,5340,5240,5310,18392,0.0
2024-08-13,5310,5310,5230,5310,10462,0.0
2024-08-14,5370,5370,5290,5310,9615,0.0
2024-08-16,5360,5360,5300,5330,4046,0.0037664783427495685
2024-08-19,5310,5390,5210,5330,17910,0.0
2024-08-20,5370,5370,5250,5350,10086,0.0037523452157599557
2024-08-21,5300,5380,5300,5370,6090,0.0037383177570093906
2024-08-22,5380,5380,5340,5360,1082,-0.0018621973929237035
2024-08-23,5310,5370,5310,5370,4480,0.001865671641791078
2024-08-26,5370,5370,5300,5310,8997,-0.011173184357541888
2024-08-27,5310,5350,5200,5280,32889,-0.005649717514124242
2024-08-28,5280,5300,5240,5280,5273,0.0
2024-08-29,5280,5280,5230,5270,2171,-0.0018939393939394478
2024-08-30,5270,5320,5250,5290,3564,0.00379506641366234
2024-09-02,5300,5320,5250,5260,4108,-0.005671077504725952
2024-09-03,5300,5300,5220,5250,9185,-0.0019011406844106071
2024-09-04,5070,5240,5070,5150,25530,-0.01904761904761909
2024-09-05,5200,5220,5160,5200,7940,0.009708737864077666
2024-09-06,5230,5290,5110,5240,7693,0.007692307692307665
2024-09-09,5200,5250,5150,5250,7674,0.001908396946564972
2024-09-10,5250,5250,5160,5250,34419,0.0
2024-09-11,5270,5290,5170,5200,11512,-0.00952380952380949
2024-09-12,5220,5240,5200,5230,2563,0.005769230769230749
2024-09-13,5250,5260,5200,5250,5048,0.003824091778202643
2024-09-19,5270,5270,5160,5180,4536,-0.013333333333333308
2024-09-20,5230,5260,5130,5220,6489,0.007722007722007707
2024-09-23,5210,5230,5160,5220,6823,0.0
2024-09-24,5240,5240,5190,5230,4136,0.0019157088122605526
2024-09-25,5230,5250,5170,5220,27359,-0.0019120458891013214
2024-09-26,5230,5240,5190,5220,14052,0.0
2024-09-27,5240,5240,5140,5200,55547,-0.003831417624521105
2024-09-30,5200,5200,5050,5080,74710,-0.023076923076923106
2024-10-02,5080,5160,5030,5110,22587,0.0059055118110236116
2024-10-04,5050,5150,5050,5100,12274,-0.00195694716242667
2024-10-07,5120,5130,5080,5130,6747,0.00588235294117645
2024-10-08,5130,5140,5070,5120,31212,-0.0019493177387914784
2024-10-10,5120,5150,5110,5130,16910,0.001953125
2024-10-11,5130,5150,5100,5150,9915,0.003898635477582957
2024-10-14,5150,5170,5080,5170,45927,0.003883495145631022
2024-10-15,5160,5270,5150,5250,44612,0.015473887814313247
2024-10-16,5200,5370,5200,5320,65452,0.01333333333333342
2024-10-17,5310,5310,5240,5250,14544,-0.013157894736842146
2024-10-18,5320,5320,5220,5230,5296,-0.003809523809523818
2024-10-21,5210,5230,5180,5230,11289,0.0
2024-10-22,5230,5230,5170,5210,6419,-0.003824091778202643
2024-10-23,5210,5210,5160,5210,7797,0.0
2024-10-24,5210,5210,5160,5170,5723,-0.007677543186180413
2024-10-25,5170,5180,5110,5120,14791,-0.009671179883945835
2024-10-28,5120,5140,5080,5120,18022,0.0
2024-10-29,5120,5130,5080,5120,13482,0.0
2024-10-30,5120,5140,5110,5110,7117,-0.001953125
2024-10-31,5110,5140,5040,5120,24990,0.001956947162426559
2024-11-01,5110,5210,5090,5130,13730,0.001953125
2024-11-04,5120,5130,5060,5130,18613,0.0
2024-11-05,5110,5130,5090,5120,10156,-0.0019493177387914784
2024-11-06,5130,5150,5010,5080,33854,-0.0078125
2024-11-07,5120,5120,5050,5120,19001,0.007874015748031482
2024-11-08,5120,5140,5050,5100,33775,-0.00390625
2024-11-11,5100,5100,5030,5060,18137,-0.007843137254901933
2024-11-12,5060,5060,5000,5030,17168,-0.005928853754940677
2024-11-13,5000,5040,4955,5020,21117,-0.001988071570576566
2024-11-14,5020,5050,4970,5030,10659,0.0019920318725099584
2024-11-15,4980,5040,4980,5030,7809,0.0
2024-11-18,5000,5100,5000,5080,3497,0.00994035785288272
2024-11-19,5080,5100,5060,5100,3958,0.003937007874015741
2024-11-20,5110,5150,5110,5130,4021,0.00588235294117645
2024-11-21,5140,5170,5120,5170,10411,0.007797270955165692
2024-11-22,5130,5200,5110,5170,5227,0.0
2024-11-25,5160,5210,5160,5170,13387,0.0
2024-11-26,5200,5210,5170,5190,2690,0.003868471953578423
2024-11-27,5210,5220,5110,5110,12245,-0.015414258188824692
2024-11-28,5120,5170,5090,5160,16033,0.009784735812133016
2024-11-29,5160,5190,5100,5160,7239,0.0
2024-12-02,5110,5230,5110,5180,9966,0.003875968992248069
2024-12-03,5180,5230,5140,5180,13977,0.0
2024-12-04,5130,5170,5130,5150,6580,-0.00579150579150578
2024-12-05,5150,5180,5100,5120,23317,-0.005825242718446644
2024-12-06,5120,5200,5050,5160,31785,0.0078125
2024-12-09,5160,5160,5030,5080,40602,-0.015503875968992276
2024-12-10,5080,5190,5080,5180,14441,0.019685039370078705
2024-12-11,5190,5270,5150,5270,30671,0.01737451737451745
2024-12-12,5270,5400,5250,5330,34782,0.011385199240986799
2024-12-13,5280,5350,5280,5330,20737,0.0
2024-12-16,5330,5370,5320,5360,13621,0.0056285178236397115
2024-12-17,5370,5370,5310,5340,16552,-0.003731343283582045
2024-12-18,5370,5380,5320,5360,11836,0.0037453183520599342
2024-12-19,5340,5350,5290,5340,13518,-0.003731343283582045
2024-12-20,5300,5340,5270,5330,13474,-0.0018726591760299671
2024-12-23,5330,5420,5310,5420,30736,0.016885553470919357
2024-12-24,5420,5440,5370,5400,27875,-0.0036900369003689537
2024-12-26,5400,5440,5370,5400,40812,0.0
2024-12-27,5310,5370,5300,5340,20756,-0.011111111111111072
2024-12-30,5360,5360,5290,5330,6223,-0.0018726591760299671
2025-01-02,5330,5350,5290,5320,25267,-0.0018761726078799779
2025-01-03,5240,5370,5240,5320,10401,0.0
2025-01-06,5320,5390,5310,5360,5569,0.007518796992481258
2025-01-07,5380,5390,5330,5360,8077,0.0
2025-01-08,5360,5360,5320,5340,1979,-0.003731343283582045
2025-01-09,5320,5370,5290,5360,9089,0.0037453183520599342
2025-01-10,5360,5380,5330,5370,3956,0.001865671641791078
2025-01-13,5370,5380,5310,5340,2646,-0.005586592178770999
2025-01-14,5270,5380,5210,5340,26060,0.0
2025-01-15,5370,5370,5290,5350,5041,0.001872659176029856
2025-01-16,5370,5370,5270,5340,5540,-0.0018691588785046953
2025-01-17,5340,5370,5270,5310,2046,-0.005617977528089901
2025-01-20,5300,5350,5240,5270,6485,-0.007532956685499026
2025-01-21,5270,5300,5250,5270,2826,0.0
2025-01-22,5270,5310,5250,5310,4906,0.007590132827324458
2025-01-23,5310,5330,5250,5310,13914,0.0
2025-01-24,5300,5360,5280,5310,2435,0.0
2025-01-31,5300,5350,5270,5310,2498,0.0
2025-02-03,5310,5340,5250,5280,11389,-0.005649717514124242
2025-02-04,5290,5310,5270,5290,2836,0.0018939393939394478
2025-02-05,5290,5350,5270,5290,4633,0.0
2025-02-06,5320,5320,5250,5300,9955,0.001890359168241984
2025-02-07,5270,5320,5260,5320,9092,0.0037735849056603765
2025-02-10,5320,5320,5260,5270,9399,-0.009398496240601517
2025-02-11,5300,5300,5250,5290,10174,0.00379506641366234
2025-02-12,5290,5310,5250,5270,14549,-0.003780718336483968
2025-02-13,5270,5300,5260,5270,13771,0.0
2025-02-14,5270,5290,5260,5270,7285,0.0
2025-02-17,5290,5410,5270,5380,22160,0.020872865275142205
2025-02-18,5380,5400,5340,5400,6938,0.0037174721189590088
2025-02-19,5400,5400,5360,5400,11013,0.0
2025-02-20,5400,5430,5360,5400,13636,0.0
2025-02-21,5400,5470,5400,5450,23541,0.0092592592592593
2025-02-24,5450,5500,5390,5470,34180,0.003669724770642091
2025-02-25,5460,5470,5390,5430,21276,-0.007312614259597838
2025-02-26,5430,5450,5410,5450,9279,0.0036832412523020164
2025-02-27,5410,5450,5350,5430,17341,-0.003669724770642202
2025-02-28,5400,5460,5380,5420,18477,-0.0018416206261510082
2025-03-04,5400,5440,5360,5440,8838,0.0036900369003689537
2025-03-05,5410,5480,5410,5470,16697,0.005514705882353033
2025-03-06,5420,5490,5420,5480,14232,0.001828153564899404
2025-03-07,5450,5510,5450,5480,13379,0.0
2025-03-10,5530,5530,5470,5470,19898,-0.0018248175182481452
2025-03-11,5460,5480,5430,5470,10641,0.0
2025-03-12,5500,5500,5450,5480,9363,0.001828153564899404
2025-03-13,5480,5500,5460,5490,14339,0.0018248175182482562
2025-03-14,5490,5500,5440,5480,35718,-0.0018214936247723523
2025-03-17,5480,5520,5460,5490,13377,0.0018248175182482562
2025-03-18,5490,5510,5460,5470,14508,-0.0036429872495445936
2025-03-19,5500,5510,5380,5460,11642,-0.001828153564899404
2025-03-20,5460,5500,5460,5480,5730,0.00366300366300365
2025-03-21,5480,5520,5450,5500,5902,0.0036496350364962904
2025-03-24,5530,5530,5450,5490,15791,-0.0018181818181818299
2025-03-25,5490,5530,5460,5520,16684,0.005464480874316946
2025-03-26,5540,5650,5500,5590,51515,0.0126811594202898
2025-03-27,5580,5590,5490,5590,18217,0.0
2025-03-28,5560,5590,5500,5560,50235,-0.00536672629695889
2025-03-31,5560,5560,5430,5520,46182,-0.007194244604316502
2025-04-01,5500,5650,5500,5650,119572,0.023550724637681153
2025-04-02,5410,5440,5320,5370,58732,-0.04955752212389386
2025-04-03,5330,5370,5300,5370,27921,0.0
2025-04-04,5330,5370,5280,5290,10005,-0.014897579143389184
2025-04-07,5300,5300,5160,5180,19384,-0.020793950850661602
2025-04-08,5190,5260,5170,5180,21415,0.0
2025-04-09,5150,5200,5140,5170,15212,-0.0019305019305019266
2025-04-10,5280,5300,5210,5270,22404,0.01934235976789167
2025-04-11,5270,5320,5250,5310,13759,0.007590132827324458
2025-04-14,5310,5410,5310,5400,26483,0.016949152542372836
2025-04-15,5400,5420,5340,5420,14949,0.0037037037037037646
2025-04-16,5420,5460,5400,5460,13178,0.007380073800737907
2025-04-17,5460,5490,5440,5470,26779,0.001831501831501825
2025-04-18,5490,5490,5440,5470,18794,0.0
2025-04-21,5500,5540,5470,5530,28319,0.010968921389396646
2025-04-22,5530,5590,5490,5500,58216,-0.005424954792043413
2025-04-23,5520,5580,5500,5570,15287,0.012727272727272698
2025-04-24,5550,5580,5450,5570,19609,0.0
2025-04-25,5570,5590,5540,5580,8154,0.0017953321364452268
2025-04-28,5580,5600,5560,5590,14772,0.0017921146953405742
2025-04-29,5580,5600,5520,5580,12946,-0.0017889087656529634
2025-04-30,5580,5590,5530,5540,6015,-0.007168458781361964
2025-05-02,5540,5560,5500,5560,9442,0.0036101083032491488
2025-05-07,5560,5560,5410,5420,20967,-0.025179856115107868
2025-05-08,5420,5510,5390,5510,7558,0.016605166051660625
2025-05-09,5510,5510,5450,5510,18740,0.0
2025-05-12,5560,5560,5450,5500,19161,-0.001814882032667886
2025-05-13,5530,5530,5480,5500,6107,0.0
2025-05-14,5500,5510,5440,5450,18600,-0.009090909090909038
2025-05-15,5470,5490,5400,5480,17361,0.005504587155963359
2025-05-16,5480,5480,5420,5480,15318,0.0
2025-05-19,5530,5530,5415,5460,28680,-0.0036496350364964014
2025-05-20,5500,5550,5430,5500,20771,0.0073260073260073
2025-05-21,5520,5580,5460,5580,24428,0.014545454545454639
2025-05-22,5590,5680,5550,5670,47045,0.016129032258064502
2025-05-23,5670,5700,5650,5700,28551,0.005291005291005346
2025-05-26,5700,5950,5690,5940,96646,0.042105263157894646
2025-05-27,5940,5980,5860,5930,24843,-0.0016835016835017313
2025-05-28,5980,5980,5910,5970,23137,0.006745362563237878
2025-05-29,5980,6120,5910,6100,52580,0.021775544388609624
2025-05-30,6110,6120,5980,6050,30131,-0.008196721311475419
2025-06-02,6040,6090,5980,5990,20740,-0.00991735537190086
2025-06-04,5990,6190,5980,6170,84709,0.030050083472454192
2025-06-05,6200,6420,6190,6330,53016,0.025931928687196182
2025-06-09,6320,6440,6280,6300,37555,-0.004739336492891044
2025-06-10,6340,6340,6090,6100,31708,-0.031746031746031744
2025-06-11,6190,6280,6100,6130,22337,0.004918032786885185
2025-06-12,6230,6230,6040,6060,18169,-0.011419249592169667
2025-06-13,6080,6140,6020,6070,23716,0.0016501650165017256
2025-06-16,6070,6240,6060,6180,31141,0.01812191103789118
2025-06-17,6180,6230,6050,6070,23610,-0.017799352750809017
2025-06-18,6070,6200,6070,6150,25418,0.01317957166392092
2025-06-19,6190,6230,6060,6100,24357,-0.008130081300813052
2025-06-20,6040,6180,6040,6070,26720,-0.004918032786885296
2025-06-23,6070,6200,5980,6000,34070,-0.011532125205930832
2025-06-24,6110,6110,5970,6050,15469,0.008333333333333304
2025-06-25,6050,6100,5980,6040,18792,-0.0016528925619834212
2025-06-26,6010,6050,5880,5900,49389,-0.023178807947019875
2025-06-27,5880,5980,5880,5920,12054,0.003389830508474523
2025-06-30,5880,5990,5880,5970,11562,0.008445945945946054
