Date,Open,High,Low,Close,Volume,Change
2016-01-04,4008,4063,3829,3835,80917,-0.05285255618671281
2016-01-05,3730,3834,3710,3770,77969,-0.016949152542372836
2016-01-06,3859,3859,3511,3621,72577,-0.03952254641909814
2016-01-07,3561,3660,3431,3482,81579,-0.038387185860259576
2016-01-08,3357,3610,3332,3492,58220,0.0028719126938541173
2016-01-11,3655,3655,3312,3442,82764,-0.014318442153493649
2016-01-12,3382,3481,3322,3412,59143,-0.00871586287042414
2016-01-13,3551,3551,3377,3382,37948,-0.008792497069167626
2016-01-14,3332,3362,2974,3024,194077,-0.10585452395032524
2016-01-15,3098,3098,2939,2954,63446,-0.02314814814814814
2016-01-18,2835,3039,2835,3034,65455,0.02708192281652
2016-01-19,3034,3098,2984,3024,70619,-0.003295978905734964
2016-01-20,3024,3133,2765,3024,86089,0.0
2016-01-21,3073,3073,2899,2954,15211,-0.02314814814814814
2016-01-22,3058,3058,2835,2940,59955,-0.004739336492891044
2016-01-25,2939,3004,2894,2979,12088,0.013265306122449028
2016-01-26,2904,3024,2899,2984,19998,0.0016784155756965902
2016-01-27,2924,2999,2894,2964,26165,-0.006702412868632712
2016-01-28,2934,3034,2874,3004,21136,0.013495276653171295
2016-01-29,3014,3063,2934,3004,41407,0.0
2016-02-01,2984,3407,2984,3253,504584,0.08288948069241009
2016-02-02,3247,3456,3163,3372,141532,0.03658161696895168
2016-02-03,3372,3571,3312,3546,274277,0.05160142348754437
2016-02-04,3581,3720,3461,3512,260582,-0.00958826847151717
2016-02-05,3596,3700,3431,3492,202611,-0.005694760820045608
2016-02-11,3476,3476,3282,3332,122542,-0.04581901489117979
2016-02-12,3232,3441,2889,3233,151723,-0.02971188475390152
2016-02-15,3232,3317,3098,3173,114968,-0.018558614290133058
2016-02-16,3103,3277,3014,3044,142989,-0.04065553104317676
2016-02-17,3168,3282,3048,3148,109417,0.0341655716162943
2016-02-18,3223,3461,3148,3362,267229,0.06797966963151203
2016-02-19,3362,3407,3297,3327,54691,-0.010410469958358148
2016-02-22,3327,3969,3307,3815,1134825,0.14667868951006913
2016-02-23,3819,3929,3665,3875,294446,0.01572739187418093
2016-02-24,3879,4401,3874,4218,1137352,0.08851612903225803
2016-02-25,4237,4237,3854,3969,511490,-0.05903271692745382
2016-02-26,3969,4103,3839,3880,253822,-0.022423784328546192
2016-02-29,3889,3959,3690,3701,316162,-0.04613402061855665
2016-03-02,3745,3859,3710,3740,197806,0.010537692515536268
2016-03-03,3735,4068,3730,3765,564617,0.006684491978609541
2016-03-04,3715,3715,3412,3531,890751,-0.06215139442231077
2016-03-07,3496,3551,3312,3382,360586,-0.04219767771169636
2016-03-08,3461,3461,3173,3332,511753,-0.014784151389710232
2016-03-09,3402,3456,3183,3263,516791,-0.020708283313325304
2016-03-10,3262,3297,3208,3218,232878,-0.01379098988660743
2016-03-11,3198,3297,3153,3263,377091,0.013983840894965738
2016-03-14,3257,3302,3193,3223,228500,-0.012258657676984419
2016-03-15,3272,3506,3223,3233,1015075,0.0031026993484331022
2016-03-16,3262,3282,3113,3153,410666,-0.02474481905351067
2016-03-17,3138,3237,3133,3158,194595,0.0015857913098635823
2016-03-18,3168,3397,3168,3298,408347,0.04433185560481312
2016-03-21,3332,3516,3322,3387,437963,0.026986052152819795
2016-03-22,3431,3511,3322,3432,284493,0.013286093888396744
2016-03-23,3456,3481,3312,3313,328056,-0.03467365967365965
2016-03-24,3312,3342,3173,3198,224046,-0.03471174162390578
2016-03-25,3178,3178,3024,3099,399822,-0.030956848030018747
2016-03-28,3073,3158,3058,3104,145620,0.0016134236850597894
2016-03-29,3158,3228,3103,3228,134083,0.0399484536082475
2016-03-30,3247,3247,3163,3168,106020,-0.018587360594795488
2016-03-31,3203,3228,3128,3138,87398,-0.009469696969697017
2016-04-01,3173,3183,3083,3109,134707,-0.009241555130656498
2016-04-04,3133,3232,3108,3183,142689,0.023801865551624335
2016-04-05,3163,3183,3128,3134,79558,-0.015394282123782577
2016-04-06,3138,3252,3133,3183,158602,0.015634971282705745
2016-04-07,3183,3228,3088,3089,208627,-0.029531888155827857
2016-04-08,3128,3128,2934,3019,249913,-0.022661055357720894
2016-04-11,3019,3034,2929,2999,255200,-0.00662471016893007
2016-04-12,2984,3143,2954,3114,241277,0.03834611537179056
2016-04-14,3138,3168,3083,3114,115458,0.0
2016-04-15,3113,3128,2994,3084,167094,-0.009633911368015391
2016-04-18,3083,3103,3034,3059,109142,-0.008106355382619945
2016-04-19,3058,3183,3048,3183,190748,0.04053612291598552
2016-04-20,3183,3203,3123,3168,163382,-0.004712535344015056
2016-04-21,3203,3237,3133,3183,227886,0.004734848484848397
2016-04-22,3203,3426,3168,3352,320023,0.05309456487590314
2016-04-25,3382,3446,3362,3412,300205,0.017899761336515496
2016-04-26,3412,3417,3282,3332,182262,-0.023446658851113744
2016-04-27,3352,3352,3203,3258,212792,-0.02220888355342132
2016-04-28,3232,3287,3223,3223,111464,-0.010742786985880937
2016-04-29,3198,3262,3143,3223,130230,0.0
2016-05-02,3183,3208,3073,3089,214582,-0.041576171269004036
2016-05-03,3093,3148,3053,3099,99985,0.0032372936225315563
2016-05-04,3083,3098,2999,3039,174972,-0.019361084220716362
2016-05-09,3138,3138,2984,3024,66896,-0.0049358341559723184
2016-05-10,3034,3118,3009,3054,129160,0.009920634920634885
2016-05-11,3113,3113,2999,3049,127166,-0.0016371971185330514
2016-05-12,3063,3063,3004,3034,54879,-0.004919645785503413
2016-05-13,3034,3034,2959,2984,122417,-0.016479894528675043
2016-05-16,3009,3009,2874,2979,167417,-0.0016756032171582058
2016-05-17,2934,3148,2884,3138,238892,0.05337361530715001
2016-05-18,3128,3158,3029,3129,153763,-0.002868068833651982
2016-05-19,3123,3123,3014,3044,58569,-0.027165228507510353
2016-05-20,3024,3123,2949,3024,70743,-0.006570302233902758
2016-05-23,3024,3034,2989,3004,80049,-0.006613756613756627
2016-05-24,3004,3048,2904,2994,107557,-0.0033288948069241098
2016-05-25,2954,3053,2954,2984,81707,-0.0033400133600534065
2016-05-26,2989,3009,2954,2979,57671,-0.0016756032171582058
2016-05-27,2984,3029,2934,2984,70912,0.0016784155756965902
2016-05-30,2984,2999,2924,2959,75876,-0.008378016085790918
2016-05-31,2984,3024,2934,2959,61560,0.0
2016-06-01,2959,3019,2919,2940,99611,-0.006421088205474823
2016-06-02,2939,3073,2939,3064,182733,0.04217687074829923
2016-06-03,3014,3103,2984,3064,154755,0.0
2016-06-07,3078,3103,3034,3069,89482,0.0016318537859008053
2016-06-08,3043,3098,2934,3054,129385,-0.004887585532746819
2016-06-09,3019,3043,2984,3029,115486,-0.008185985592665368
2016-06-10,2989,3103,2989,3099,104862,0.02310993727302746
2016-06-13,3063,3123,3043,3084,104183,-0.004840271055179035
2016-06-14,3118,3118,2984,3034,66593,-0.01621271076524
2016-06-15,3113,3113,2974,2984,102581,-0.016479894528675043
2016-06-16,2944,3009,2835,2925,228678,-0.019772117962466473
2016-06-17,2984,2984,2854,2860,118754,-0.022222222222222254
2016-06-20,2924,2924,2874,2900,63805,0.013986013986013957
2016-06-21,2914,2919,2864,2880,93179,-0.006896551724137945
2016-06-22,2884,2944,2884,2915,52316,0.012152777777777679
2016-06-23,2869,3029,2815,3029,166777,0.039108061749571155
2016-06-24,3034,3034,2660,2935,369684,-0.031033344338065372
2016-06-27,2785,2874,2770,2870,83425,-0.022146507666098825
2016-06-28,2864,2864,2780,2805,136199,-0.022648083623693416
2016-06-29,2835,2869,2805,2825,86073,0.007130124777183555
2016-06-30,2825,3024,2825,3019,166464,0.0686725663716814
2016-07-01,2999,3098,2949,3079,295127,0.019874130506790433
2016-07-04,3068,3103,3014,3039,155615,-0.01299123091912957
2016-07-05,3043,3178,3014,3143,305699,0.03422178348140825
2016-07-06,3188,3292,3123,3163,452092,0.006363347120585505
2016-07-07,3143,3267,3123,3243,199329,0.025292443882390048
2016-07-08,3198,3242,3133,3163,113369,-0.024668516805427032
2016-07-11,3148,3193,3108,3129,105058,-0.010749288650015787
2016-07-12,3143,3223,3108,3129,156357,0.0
2016-07-13,3143,3223,3133,3203,139647,0.023649728347714838
2016-07-14,3183,3213,2984,3143,115737,-0.018732438339057134
2016-07-15,3113,3178,3083,3094,108556,-0.015590200445434244
2016-07-18,3093,3397,3093,3397,1631133,0.09793148028442156
2016-07-19,3625,3780,3282,3283,2721069,-0.033559022667059124
2016-07-20,3292,3327,3208,3268,353025,-0.0045689917758148235
2016-07-21,3272,3436,3218,3437,511075,0.05171358629130962
2016-07-22,3342,3342,3178,3228,589558,-0.06080884492289784
2016-07-25,3193,3223,3118,3198,333304,-0.009293680297397744
2016-07-26,3163,3213,3083,3124,219444,-0.02313946216385243
2016-07-27,3183,3347,3153,3183,433659,0.018886043533930863
2016-07-28,3232,3322,3133,3293,372252,0.034558592522777154
2016-07-29,3332,3332,3223,3253,220983,-0.012146978439113276
2016-08-01,3257,3287,3133,3248,227283,-0.0015370427297879408
2016-08-02,3237,3257,3163,3243,233752,-0.0015394088669951067
2016-08-03,3312,3471,3208,3208,694453,-0.010792476102374327
2016-08-04,3267,3332,3218,3298,234757,0.028054862842892714
2016-08-05,3287,3327,3242,3273,140549,-0.007580351728320167
2016-08-08,3297,3362,3292,3313,144403,0.012221203788573165
2016-08-09,3292,3352,3218,3283,171696,-0.009055236945366696
2016-08-10,3282,3307,3232,3268,95644,-0.0045689917758148235
2016-08-11,3277,3277,3138,3193,198506,-0.02294981640146876
2016-08-12,3193,3332,3163,3273,118011,0.025054807391168277
2016-08-16,3327,3461,3232,3233,626269,-0.012221203788573165
2016-08-17,3277,3282,3063,3079,362673,-0.047633776678008055
2016-08-18,3068,3123,2984,3019,263590,-0.019486846378694356
2016-08-19,2984,3048,2879,2945,301303,-0.024511427625041438
2016-08-22,2944,2944,2810,2810,200872,-0.04584040747028861
2016-08-23,2790,2845,2790,2830,96699,0.007117437722419906
2016-08-24,2830,2894,2810,2835,142619,0.0017667844522968323
2016-08-25,2845,2850,2735,2746,179862,-0.031393298059964714
2016-08-26,2770,2785,2675,2746,135826,0.0
2016-08-29,2775,2775,2651,2656,174893,-0.03277494537509107
2016-08-30,2710,2770,2685,2746,112899,0.03388554216867479
2016-08-31,2720,2735,2546,2646,171435,-0.036416605972323435
2016-09-01,2665,2909,2646,2815,156881,0.063869992441421
2016-09-02,2850,2874,2730,2780,89599,-0.01243339253996445
2016-09-05,2845,2845,2670,2686,111490,-0.033812949640287804
2016-09-06,2675,2705,2641,2686,145499,0.0
2016-09-07,2690,2725,2626,2631,172534,-0.02047654504839913
2016-09-08,2631,2631,2496,2542,146965,-0.03382744203724819
2016-09-09,2541,2631,2437,2616,101071,0.029110936270652976
2016-09-12,2566,2641,2516,2576,84875,-0.015290519877675823
2016-09-13,2601,2660,2576,2631,59579,0.021350931677018625
2016-09-19,2745,2760,2616,2616,134631,-0.005701254275940704
2016-09-20,2660,2785,2596,2736,220051,0.04587155963302747
2016-09-21,2690,2765,2665,2716,85716,-0.007309941520467822
2016-09-22,2695,2780,2680,2706,76719,-0.003681885125184081
2016-09-23,2750,2805,2715,2755,90217,0.018107908351810753
2016-09-26,2785,2785,2680,2681,66365,-0.02686025408348458
2016-09-27,2665,2685,2616,2681,96745,0.0
2016-09-28,2680,2710,2586,2606,122249,-0.027974636329727742
2016-09-29,2626,2626,2586,2596,63231,-0.0038372985418265726
2016-09-30,2596,2660,2526,2641,145057,0.017334360554699613
2016-10-04,2675,2680,2616,2646,63295,0.0018932222642937813
2016-10-05,2611,2631,2566,2606,77581,-0.015117157974300799
2016-10-06,2606,2646,2566,2581,51006,-0.009593246354566376
2016-10-07,2616,2656,2576,2616,44562,0.01356063541263075
2016-10-10,2591,2670,2566,2616,85053,0.0
2016-10-11,2606,2651,2531,2581,132272,-0.013379204892966401
2016-10-12,2536,2591,2516,2552,85738,-0.011235955056179803
2016-10-13,2551,2586,2452,2477,154457,-0.02938871473354232
2016-10-14,2417,2467,2372,2437,284432,-0.01614856681469523
2016-10-17,2442,2462,2367,2402,56501,-0.014361920393926919
2016-10-18,2397,2452,2362,2387,65626,-0.0062447960033306105
2016-10-19,2357,2452,2317,2432,59215,0.018852115626309285
2016-10-20,2392,2442,2377,2422,33575,-0.004111842105263164
2016-10-21,2382,2432,2362,2363,58503,-0.02436003303055323
2016-10-24,2342,2387,2287,2303,67598,-0.025391451544646615
2016-10-25,2273,2332,2248,2308,81132,0.002171081198436786
2016-10-26,2268,2332,2218,2233,67095,-0.032495667244367366
2016-10-27,2198,2392,2198,2358,88182,0.055978504254366346
2016-10-28,2357,2387,2268,2288,34771,-0.02968617472434265
2016-10-31,2258,2273,2128,2159,84529,-0.05638111888111885
2016-11-01,2074,2158,1919,2029,411149,-0.060213061602593765
2016-11-02,1999,1999,1840,1985,223610,-0.02168555938886152
2016-11-03,1895,2084,1895,1985,187979,0.0
2016-11-04,1984,1984,1909,1940,88669,-0.02267002518891692
2016-11-07,1939,2034,1914,2009,58551,0.035567010309278446
2016-11-08,2039,2039,1994,1995,16989,-0.006968641114982632
2016-11-09,1994,2044,1865,1960,143988,-0.01754385964912286
2016-11-10,1979,2049,1949,2039,60194,0.040306122448979576
2016-11-11,2054,2074,2004,2069,36900,0.014713094654242198
2016-11-14,2118,2118,2039,2069,44120,0.0
2016-11-15,2059,2113,2034,2049,39349,-0.009666505558240668
2016-11-16,2069,2098,2039,2049,46097,0.0
2016-11-17,2074,2074,2039,2054,23940,0.0024402147388971063
2016-11-18,2079,2123,2034,2119,42880,0.03164556962025311
2016-11-21,2133,2566,2133,2353,2539144,0.11042944785276076
2016-11-22,2302,2342,2223,2248,452831,-0.04462388440288989
2016-11-23,2248,2258,2044,2049,505565,-0.08852313167259784
2016-11-24,2044,2054,1929,1965,249736,-0.040995607613469986
2016-11-25,1964,2009,1929,1999,68416,0.01730279898218834
2016-11-28,2034,2034,1934,1950,127224,-0.02451225612806407
2016-11-29,1944,1964,1924,1940,65389,-0.00512820512820511
2016-11-30,1949,1974,1924,1965,42849,0.012886597938144284
2016-12-01,1989,2049,1959,2039,77096,0.03765903307888041
2016-12-02,2039,2059,2009,2034,48659,-0.0024521824423736627
2016-12-05,2044,2054,1944,1990,61793,-0.021632251720747342
2016-12-06,1929,2024,1929,1990,42822,0.0
2016-12-07,2019,2019,1919,1925,60525,-0.03266331658291455
2016-12-08,1979,1979,1914,1945,93536,0.010389610389610393
2016-12-09,1959,1974,1914,1960,48509,0.007712082262210762
2016-12-12,1984,1984,1939,1980,39590,0.010204081632652962
2016-12-13,2004,2118,1964,2089,128564,0.055050505050505016
2016-12-14,2069,2123,2069,2089,85069,0.0
2016-12-15,2108,2168,2059,2159,87957,0.033508855911919655
2016-12-16,2178,2213,2128,2174,73130,0.0069476609541454515
2016-12-19,2173,2173,2074,2094,61832,-0.03679852805887762
2016-12-20,2113,2168,2084,2164,62809,0.03342884431709647
2016-12-21,2163,2163,2103,2114,35944,-0.02310536044362288
2016-12-22,2148,2158,2079,2134,19425,0.009460737937559083
2016-12-23,2148,2148,2079,2114,45949,-0.009372071227741308
2016-12-26,2133,2377,2123,2263,897566,0.07048249763481551
2016-12-27,2228,2297,2208,2208,153507,-0.024304021210782123
2016-12-28,2208,2228,2113,2179,141216,-0.013134057971014523
2016-12-29,2208,2312,2178,2303,177181,0.05690683799908225
2017-01-02,2302,2337,2268,2323,58578,0.008684324793747367
2017-01-03,2362,2367,2287,2363,82084,0.01721911321566938
2017-01-04,2347,2467,2327,2373,142911,0.004231908590774491
2017-01-05,2352,2387,2332,2338,75133,-0.014749262536873142
2017-01-06,2367,2392,2317,2377,52131,0.01668092386655262
2017-01-09,2377,2377,2292,2293,66878,-0.03533866217921755
2017-01-10,2317,2357,2263,2288,65959,-0.002180549498473572
2017-01-11,2347,2447,2302,2318,143314,0.013111888111888126
2017-01-12,2317,2352,2208,2288,86620,-0.012942191544434878
2017-01-13,2327,2327,2248,2248,34648,-0.0174825174825175
2017-01-16,2243,2302,2223,2263,35872,0.006672597864768592
2017-01-17,2287,2337,2268,2338,79826,0.033141847105611966
2017-01-18,2337,2407,2273,2397,99682,0.025235243798118034
2017-01-19,2417,2437,2377,2392,74047,-0.0020859407592824786
2017-01-20,2437,2636,2287,2288,783031,-0.04347826086956519
2017-01-23,2292,2775,2292,2482,1197485,0.08479020979020979
2017-01-24,2437,2467,2253,2392,248578,-0.03626107977437554
2017-01-25,2387,2422,2292,2328,125584,-0.026755852842809347
2017-01-26,2322,2387,2268,2278,104244,-0.021477663230240585
2017-01-31,2302,2362,2273,2278,56308,0.0
2017-02-01,2282,2357,2258,2308,82336,0.013169446883230851
2017-02-02,2327,2327,2282,2308,47251,0.0
2017-02-03,2282,2367,2282,2338,58974,0.012998266897746857
2017-02-06,2397,2546,2387,2427,422651,0.038066723695466154
2017-02-07,2481,2481,2367,2427,111788,0.0
2017-02-08,2506,2626,2397,2487,342687,0.024721878862793645
2017-02-09,2551,2551,2467,2482,99767,-0.002010454362685987
2017-02-10,2481,2656,2481,2571,650368,0.035858178887993475
2017-02-13,2546,2571,2506,2542,138847,-0.011279657720731251
2017-02-14,2476,2501,2397,2477,174336,-0.025570416994492473
2017-02-15,2447,2476,2392,2407,102619,-0.0282599919257166
2017-02-16,2427,2437,2382,2412,56684,0.002077274615704283
2017-02-17,2437,2462,2377,2452,70915,0.016583747927031434
2017-02-20,2437,2501,2432,2482,80126,0.012234910277324706
2017-02-21,2496,2496,2367,2397,163833,-0.03424657534246578
2017-02-22,2392,2392,2342,2358,57147,-0.016270337922402955
2017-02-23,2357,2372,2332,2358,52650,0.0
2017-02-24,2377,2382,2332,2368,77755,0.004240882103477617
2017-02-27,2382,2616,2352,2447,321054,0.0333614864864864
2017-02-28,2471,2471,2332,2348,190147,-0.04045770331017573
2017-03-02,2347,2377,2302,2328,79732,-0.008517887563884163
2017-03-03,2347,2347,2238,2263,82177,-0.027920962199312727
2017-03-06,2263,2263,2183,2233,109847,-0.013256738842244764
2017-03-07,2233,2233,2118,2188,106617,-0.020152261531571902
2017-03-08,2178,2223,2158,2223,40401,0.015996343692870285
2017-03-09,2208,2258,2208,2208,51116,-0.006747638326585648
2017-03-10,2238,2248,2153,2248,21955,0.018115942028985588
2017-03-13,2258,2307,2218,2238,59191,-0.004448398576512469
2017-03-14,2238,2258,2203,2248,47938,0.0044682752457552155
2017-03-15,2248,2268,2193,2218,77555,-0.013345195729537407
2017-03-16,2218,2258,2183,2208,78057,-0.0045085662759242195
2017-03-17,2258,2258,2188,2228,68008,0.009057971014492683
2017-03-20,2218,2258,2183,2193,53569,-0.0157091561938959
2017-03-21,2233,2233,2178,2213,39214,0.00911992704058373
2017-03-22,2183,2377,2178,2358,172141,0.0655219159511975
2017-03-23,2407,2596,2223,2223,1013215,-0.057251908396946605
2017-03-24,2223,2302,2198,2288,89986,0.029239766081871288
2017-03-27,2287,2621,2287,2547,1525749,0.11319930069930062
2017-03-28,2596,2606,2471,2547,596000,0.0
2017-03-29,2546,2785,2486,2726,1041210,0.07027875932469563
2017-03-30,2700,2765,2636,2651,465858,-0.027512839325018357
2017-03-31,2695,2815,2636,2790,710587,0.05243304413428884
2017-04-03,2785,2790,2710,2760,216650,-0.010752688172043001
2017-04-04,2765,2765,2601,2606,242662,-0.05579710144927541
2017-04-05,2606,3048,2606,2994,2874449,0.14888718342287022
2017-04-06,2919,3024,2854,2994,727900,0.0
2017-04-07,2909,2994,2810,2940,408566,-0.018036072144288595
2017-04-10,2944,2984,2720,2805,499589,-0.04591836734693877
2017-04-11,2720,2840,2670,2775,198161,-0.010695187165775444
2017-04-12,2740,2795,2656,2681,107409,-0.03387387387387386
2017-04-13,2720,2825,2646,2721,212376,0.014919806042521522
2017-04-14,2685,2735,2536,2581,238397,-0.051451672179345875
2017-04-17,2541,2755,2541,2736,200582,0.06005424254165059
2017-04-18,2710,2725,2631,2681,141229,-0.020102339181286566
2017-04-19,2680,3476,2636,3094,15535558,0.15404699738903394
2017-04-20,2989,3019,2864,2880,3038969,-0.06916612798965738
2017-04-21,2904,3412,2904,3014,9018945,0.046527777777777724
2017-04-24,3029,3048,2790,2850,1158046,-0.05441274054412737
2017-04-25,2845,3128,2840,2959,2208880,0.03824561403508775
2017-04-26,2959,2964,2840,2885,516673,-0.02500844880027031
2017-04-27,2964,3208,2944,3084,4358623,0.06897746967071061
2017-04-28,3034,3103,2969,3059,797661,-0.008106355382619945
2017-05-02,3019,3053,2934,2935,457503,-0.04053612291598563
2017-05-04,2894,2974,2889,2935,293490,0.0
2017-05-08,2934,3108,2899,3059,1029775,0.042248722316865495
2017-05-10,3133,3302,3063,3178,2174362,0.0389016018306636
2017-05-11,3173,3218,3088,3094,487700,-0.026431718061673992
2017-05-12,3093,3198,3058,3183,478728,0.028765352294763957
2017-05-15,3252,3297,3093,3099,1706204,-0.02639019792648445
2017-05-16,3113,3133,2969,3049,544504,-0.016134236850597006
2017-05-17,3014,3058,2969,2994,421692,-0.018038701213512587
2017-05-18,2959,3004,2854,2940,462109,-0.018036072144288595
2017-05-19,2954,2954,2825,2835,500955,-0.0357142857142857
2017-05-22,2820,2884,2705,2726,669428,-0.0384479717813051
2017-05-23,2725,2760,2710,2736,311651,0.003668378576669129
2017-05-24,2745,2760,2651,2716,415038,-0.007309941520467822
2017-05-25,2685,2775,2685,2711,213890,-0.0018409425625920406
2017-05-26,2705,2730,2656,2696,279756,-0.005533013648100327
2017-05-29,2700,2700,2541,2562,447471,-0.04970326409495551
2017-05-30,2596,2626,2546,2586,242115,0.00936768149882905
2017-05-31,2566,2616,2546,2547,239863,-0.015081206496519672
2017-06-01,2581,2675,2536,2621,274838,0.029053788771103317
2017-06-02,2656,2656,2556,2596,128114,-0.009538344143456667
2017-06-05,2631,2636,2556,2557,148807,-0.01502311248073962
2017-06-07,2586,2586,2491,2566,329709,0.0035197497066874472
2017-06-08,2561,2561,2501,2517,231023,-0.019095869056897863
2017-06-09,2506,2551,2491,2542,163643,0.009932459276916994
2017-06-12,2546,2665,2526,2641,393132,0.038945712037765645
2017-06-13,2646,2675,2601,2631,225615,-0.0037864445285876736
2017-06-14,2670,2680,2626,2661,244926,0.011402508551881407
2017-06-15,2884,3004,2646,2646,2470394,-0.005636978579481422
2017-06-16,2685,2690,2616,2641,265306,-0.0018896447467876554
2017-06-19,2730,2984,2665,2825,5163437,0.06967057932601284
2017-06-20,2835,2914,2775,2905,1042210,0.02831858407079646
2017-06-21,2879,2914,2800,2855,539808,-0.01721170395869187
2017-06-22,2914,2914,2755,2765,405952,-0.031523642732048995
2017-06-23,2770,2850,2725,2800,280966,0.012658227848101333
2017-06-26,2800,3108,2800,2945,2667998,0.051785714285714324
2017-06-27,2984,3039,2919,2994,617283,0.016638370118845502
2017-06-28,3053,3327,2984,3153,4013169,0.05310621242484981
2017-06-29,3163,3213,3068,3134,956758,-0.00602600697748179
2017-06-30,3123,3173,3009,3079,591267,-0.017549457562220816
2017-07-03,3078,3118,2934,2954,492468,-0.04059759662227991
2017-07-04,2934,3103,2894,2994,545181,0.01354096140826
2017-07-05,2974,3143,2974,3114,510170,0.04008016032064132
2017-07-06,3113,3143,3034,3064,314918,-0.016056518946692355
2017-07-07,3098,3098,2949,2964,318495,-0.03263707571801566
2017-07-10,2959,2989,2899,2920,248630,-0.014844804318488558
2017-07-11,2934,3183,2919,3054,814577,0.045890410958904004
2017-07-12,3053,3143,3019,3109,564918,0.018009168303863676
2017-07-13,3083,3128,2795,2920,831301,-0.06079125120617557
2017-07-14,3118,3208,2909,2925,1186092,0.001712328767123239
2017-07-17,2944,2964,2914,2959,204115,0.011623931623931716
2017-07-18,2944,2974,2919,2949,220590,-0.0033795201081446846
2017-07-19,2949,2974,2884,2949,249508,0.0
2017-07-20,2984,3123,2954,3124,817223,0.05934214988131581
2017-07-21,3128,3218,3053,3119,888238,-0.0016005121638924535
2017-07-24,3451,3511,3203,3293,4086404,0.055787111253607025
2017-07-25,3312,3461,3262,3323,1722196,0.009110233829334957
2017-07-26,3158,3208,3058,3119,1578609,-0.061390309960878686
2017-07-27,3123,3133,2934,2940,866120,-0.057390189163193384
2017-07-28,2929,3083,2864,3004,917638,0.021768707482993088
2017-07-31,2939,3118,2939,3069,554690,0.021637816245006603
2017-08-01,3083,3133,3048,3059,363405,-0.003258390355164509
2017-08-02,3058,3068,2984,3049,295299,-0.0032690421706440542
2017-08-03,3093,3133,2909,2925,539373,-0.04066907182682844
2017-08-04,2874,2934,2740,2845,586755,-0.027350427350427364
2017-08-07,2820,2894,2780,2795,334512,-0.017574692442882234
2017-08-08,2830,2884,2765,2835,213671,0.014311270125223707
2017-08-09,2830,2924,2785,2835,183318,0.0
2017-08-10,2859,2859,2735,2795,336173,-0.014109347442680775
2017-08-11,2740,2780,2685,2686,357315,-0.03899821109123436
2017-08-14,2695,2750,2695,2731,143742,0.016753536857781137
2017-08-16,2720,2780,2651,2671,253457,-0.021969974368363232
2017-08-17,2685,2884,2680,2785,813772,0.0426806439535754
2017-08-18,2785,2795,2680,2691,346672,-0.03375224416517053
2017-08-21,2735,2735,2626,2631,262705,-0.022296544035674493
2017-08-22,2631,2690,2621,2676,116083,0.01710376282782211
2017-08-23,2695,2730,2675,2706,152710,0.011210762331838486
2017-08-24,2705,2775,2680,2716,142865,0.003695491500369519
2017-08-25,2730,2939,2710,2835,1541319,0.04381443298969079
2017-08-28,2864,2864,2770,2805,215422,-0.010582010582010581
2017-08-29,2810,2835,2735,2760,339712,-0.016042780748663055
2017-08-30,2775,2845,2770,2815,147576,0.019927536231884035
2017-08-31,2820,2835,2795,2820,90816,0.001776198934280604
2017-09-01,2805,2830,2780,2795,174839,-0.00886524822695034
2017-09-04,2685,2740,2675,2701,299352,-0.03363148479427547
2017-09-05,2735,2735,2656,2676,293102,-0.009255831173639373
2017-09-06,2675,2725,2660,2691,109383,0.005605381165919354
2017-09-07,2685,2760,2685,2726,138073,0.013006317354143482
2017-09-08,2730,2790,2715,2785,140209,0.02164343360234766
2017-09-11,2800,2810,2755,2785,231135,0.0
2017-09-12,2884,2974,2820,2835,430173,0.01795332136445249
2017-09-13,2815,2825,2735,2755,253210,-0.02821869488536155
2017-09-14,2735,2755,2690,2696,176069,-0.021415607985480922
2017-09-15,2690,2705,2665,2696,116851,0.0
2017-09-18,2715,2725,2660,2696,111026,0.0
2017-09-19,2685,2700,2636,2646,211063,-0.0185459940652819
2017-09-20,2641,2675,2491,2507,357829,-0.0525321239606954
2017-09-21,2476,2690,2372,2586,444427,0.03151176705225378
2017-09-22,2581,2616,2447,2497,152407,-0.034416086620262965
2017-09-25,2467,2536,2397,2397,172310,-0.04004805766920305
2017-09-26,2357,2462,2337,2343,202904,-0.02252816020025028
2017-09-27,2367,2402,2327,2343,126170,0.0
2017-09-28,2342,2402,2342,2377,63352,0.014511310285958201
2017-09-29,2397,2412,2347,2348,92242,-0.012200252419015567
2017-10-10,2412,2740,2347,2527,1191792,0.07623509369676329
2017-10-11,2506,2586,2486,2532,96562,0.0019786307874951614
2017-10-12,2601,2611,2536,2566,77581,0.013428120063191162
2017-10-13,2571,2611,2501,2522,85006,-0.017147310989867548
2017-10-16,2521,2561,2452,2457,67799,-0.02577319587628868
2017-10-17,2467,2516,2447,2447,40734,-0.0040700040700040185
2017-10-18,2462,2511,2347,2348,165452,-0.04045770331017573
2017-10-19,2387,2457,2367,2457,74607,0.04642248722316866
2017-10-20,2521,2526,2422,2487,84827,0.012210012210012167
2017-10-23,2496,2571,2481,2532,176709,0.018094089264173663
2017-10-24,2536,2551,2462,2492,137231,-0.01579778830963663
2017-10-25,2491,2506,2427,2432,97773,-0.024077046548956704
2017-10-26,2407,2457,2347,2353,146963,-0.03248355263157898
2017-10-27,2367,2392,2337,2363,141636,0.004249893752656275
2017-10-30,2362,2397,2362,2382,64745,0.008040626322471489
2017-10-31,2397,2427,2357,2387,68215,0.002099076406381295
2017-11-01,2382,2437,2382,2397,60851,0.004189359028068607
2017-11-02,2397,2437,2372,2402,95962,0.0020859407592823676
2017-11-03,2372,2402,2357,2373,115151,-0.012073272273105728
2017-11-06,2372,2392,2273,2288,180285,-0.03581963758954909
2017-11-07,2263,2302,2228,2283,109957,-0.0021853146853146876
2017-11-08,2287,2417,2238,2323,486016,0.01752080595707395
2017-11-09,2387,2387,2322,2353,130119,0.012914334911751979
2017-11-10,2382,2432,2327,2348,130244,-0.0021249468763281376
2017-11-13,2352,2919,2332,2576,7940996,0.09710391822827935
2017-11-14,2576,2606,2476,2606,1120253,0.01164596273291929
2017-11-15,2616,2636,2516,2517,636426,-0.034151957022256374
2017-11-16,2521,2735,2476,2676,752087,0.06317044100119196
2017-11-17,2715,2750,2601,2636,379388,-0.014947683109118093
2017-11-20,2636,2680,2586,2596,323756,-0.015174506828528056
2017-11-21,2621,2670,2491,2522,461434,-0.028505392912172578
2017-11-22,2541,2924,2541,2686,4134385,0.06502775574940522
2017-11-23,2695,2854,2695,2785,1017462,0.03685778108711846
2017-11-24,2785,2879,2735,2835,574818,0.01795332136445249
2017-11-27,2864,2919,2755,2805,393534,-0.010582010582010581
2017-11-28,2820,2934,2735,2895,802367,0.03208556149732611
2017-11-29,2879,2929,2760,2775,364586,-0.041450777202072575
2017-11-30,2646,2710,2546,2552,1000602,-0.08036036036036032
2017-12-01,2576,2660,2536,2631,359691,0.03095611285266453
2017-12-04,2660,2805,2616,2800,780356,0.06423413150893187
2017-12-05,2864,2874,2740,2741,415769,-0.02107142857142852
2017-12-06,2815,2944,2800,2905,1900997,0.059832178037212636
2017-12-07,3043,3118,2586,2800,3187316,-0.03614457831325302
2017-12-08,2835,2884,2606,2611,1021972,-0.0675
2017-12-11,2576,2700,2546,2701,471189,0.034469551895825346
2017-12-12,2685,2874,2660,2775,1403347,0.027397260273972712
2017-12-13,2775,2815,2705,2755,510727,-0.007207207207207245
2017-12-14,2785,2830,2740,2805,722129,0.01814882032667886
2017-12-15,2845,3014,2745,2775,2729162,-0.010695187165775444
2017-12-18,2800,2864,2765,2840,616846,0.023423423423423406
2017-12-19,2840,2884,2710,2790,877096,-0.017605633802816878
2017-12-20,2790,2879,2735,2770,715236,-0.007168458781361964
2017-12-21,2775,2830,2646,2661,526150,-0.03935018050541517
2017-12-22,2636,2705,2616,2636,298218,-0.009394964299135666
2017-12-26,2636,2705,2606,2636,334989,0.0
2017-12-27,2651,2894,2636,2815,1170995,0.0679059180576631
2017-12-28,2820,2884,2780,2875,577631,0.02131438721136769
2018-01-02,2874,2919,2765,2910,1351203,0.012173913043478368
2018-01-03,2954,2954,2874,2910,812384,0.0
2018-01-04,3128,3282,2994,3009,3332784,0.03402061855670113
2018-01-05,3024,3148,3014,3138,1063714,0.04287138584247252
2018-01-08,3163,3232,3098,3188,1222029,0.015933715742511234
2018-01-09,3208,3208,2979,3084,1052168,-0.03262233375156842
2018-01-10,3083,3133,2914,2989,609681,-0.030804150453955903
2018-01-11,2974,3098,2949,3009,658652,0.006691201070592179
2018-01-12,3034,3083,2859,2920,798552,-0.02957793286806243
2018-01-15,2919,2939,2810,2815,613249,-0.03595890410958902
2018-01-16,2904,3014,2810,2974,1630303,0.056483126110124404
2018-01-17,2989,3178,2964,3178,3098502,0.0685944855413585
2018-01-18,3228,3879,3118,3512,16068580,0.10509754562618001
2018-01-19,3551,3601,3337,3442,2956294,-0.01993166287015946
2018-01-22,3441,3576,3362,3516,2610682,0.02149912841371293
2018-01-23,3591,3601,3441,3551,1795222,0.009954493742889703
2018-01-24,3511,3760,3402,3407,3535086,-0.04055195719515625
2018-01-25,3397,3596,3382,3407,1694868,0.0
2018-01-26,3471,3660,3426,3626,2100661,0.06427942471382453
2018-01-29,3695,4277,3675,3795,10233639,0.04660783232211796
2018-01-30,3829,3839,3596,3715,1876414,-0.021080368906455815
2018-01-31,3655,3685,3486,3541,1138356,-0.04683714670255723
2018-02-01,3551,3615,3481,3516,719836,-0.007060152499294037
2018-02-02,3526,3526,3357,3367,874638,-0.04237770193401591
2018-02-05,3282,3302,3073,3104,1211542,-0.07811107811107809
2018-02-06,2884,3083,2845,3074,1268926,-0.009664948453608213
2018-02-07,3153,3153,2914,2915,905834,-0.051724137931034475
2018-02-08,2919,3058,2874,3049,472098,0.045969125214408324
2018-02-09,2904,2994,2884,2915,478873,-0.04394883568383079
2018-02-12,2954,3108,2944,2984,649939,0.023670668953687857
2018-02-13,3048,3163,3004,3019,794426,0.01172922252010733
2018-02-14,3058,3138,2979,3024,561397,0.001656177542232573
2018-02-19,2984,3093,2884,3034,963983,0.003306878306878369
2018-02-20,3034,3183,2999,3044,1121605,0.003295978905734964
2018-02-21,3043,3148,3019,3029,502658,-0.004927726675427069
2018-02-22,3063,3143,3058,3104,878405,0.024760647078243547
2018-02-23,3113,3113,3029,3059,453741,-0.01449742268041232
2018-02-26,3252,3352,3043,3044,1881874,-0.00490356325596597
2018-02-27,3088,3098,2914,2959,1268051,-0.027923784494086723
2018-02-28,2959,2959,2835,2845,567038,-0.03852652923284894
2018-03-02,2785,2815,2680,2706,717214,-0.0488576449912127
2018-03-05,2735,2745,2596,2611,615816,-0.03510716925351076
2018-03-06,2646,2660,2601,2616,301006,0.0019149751053235686
2018-03-07,2636,2641,2467,2507,558760,-0.04166666666666663
2018-03-08,2511,2616,2511,2596,312641,0.03550059832469077
2018-03-09,2606,2656,2551,2641,286887,0.017334360554699613
2018-03-12,2660,2695,2631,2656,401026,0.005679666792881566
2018-03-13,2656,2656,2546,2631,452870,-0.009412650602409589
2018-03-14,2631,2646,2581,2606,229684,-0.009502090459901136
2018-03-15,2601,2656,2566,2581,325376,-0.009593246354566376
2018-03-16,2586,2586,2511,2557,330584,-0.009298721425803902
2018-03-19,2571,2576,2501,2517,192034,-0.015643332029722345
2018-03-20,2516,2531,2387,2447,519205,-0.027810885975367516
2018-03-21,2447,2447,2372,2412,469259,-0.014303228442991367
2018-03-22,2412,2501,2377,2382,380047,-0.01243781094527363
2018-03-23,2337,2367,2233,2258,843976,-0.05205709487825361
2018-03-26,2243,2327,2223,2328,256204,0.031000885739592476
2018-03-27,2347,2402,2317,2338,175000,0.004295532646048095
2018-03-28,2317,2327,2238,2258,440420,-0.03421727972626176
2018-03-29,2263,2322,2248,2323,212656,0.028786536758192982
2018-03-30,2332,2337,2302,2323,179580,0.0
2018-04-02,2312,2312,2253,2263,257622,-0.02582866982350407
2018-04-03,2248,2263,2213,2213,272953,-0.022094564737074718
2018-04-04,2243,2243,2064,2064,637725,-0.06732941708088569
2018-04-05,2089,2093,2049,2084,348324,0.009689922480620172
2018-04-06,2089,2093,2039,2064,268213,-0.009596928982725572
2018-04-09,2044,2074,2029,2074,329879,0.004844961240310086
2018-04-10,2093,2093,2034,2089,279657,0.007232401157184265
2018-04-11,2098,2282,2093,2268,1278790,0.08568693154619433
2018-04-12,2287,2322,2228,2233,452634,-0.015432098765432056
2018-04-13,2278,2278,2158,2174,427833,-0.026421854008060852
2018-04-16,2183,2332,2173,2318,589421,0.06623735050597968
2018-04-17,2317,2362,2268,2323,383556,0.002157031924072461
2018-04-18,2476,2521,2307,2363,1065890,0.01721911321566938
2018-04-19,2437,2491,2362,2377,529346,0.0059246720270842435
2018-04-20,2387,2561,2337,2452,1143819,0.03155237694572999
2018-04-23,2437,2471,2347,2392,412181,-0.024469820554649302
2018-04-24,2392,2412,2302,2328,417335,-0.026755852842809347
2018-04-25,2327,2417,2307,2373,469319,0.019329896907216426
2018-04-26,2387,2481,2382,2477,351184,0.043826380109565966
2018-04-27,2496,2511,2437,2447,275746,-0.012111425111021368
2018-04-30,2437,2551,2407,2527,596983,0.032693093583980426
2018-05-02,2516,2516,2377,2452,513841,-0.029679461812425756
2018-05-03,2467,3053,2452,2656,13216961,0.0831973898858076
2018-05-04,2621,2904,2596,2795,3870155,0.05233433734939763
2018-05-08,2745,2904,2700,2790,1525755,-0.0017889087656529634
2018-05-09,2785,2854,2665,2696,701455,-0.033691756272401396
2018-05-10,2735,2849,2705,2775,711444,0.0293026706231454
2018-05-11,2765,2795,2695,2775,621572,0.0
2018-05-14,2825,2825,2680,2721,558465,-0.019459459459459483
2018-05-15,2735,2735,2576,2616,575155,-0.03858875413450935
2018-05-16,2556,2566,2462,2462,558226,-0.058868501529051986
2018-05-17,2442,2596,2442,2522,365218,0.024370430544272903
2018-05-18,2541,2591,2491,2586,201915,0.025376685170499513
2018-05-21,2586,2631,2511,2547,225288,-0.015081206496519672
2018-05-23,2511,2586,2511,2586,153374,0.01531213191990588
2018-05-24,2596,2636,2516,2571,379729,-0.0058004640371229765
2018-05-25,2452,2541,2417,2457,581464,-0.04434072345390894
2018-05-28,2516,2656,2467,2581,503929,0.05046805046805036
2018-05-29,2616,2616,2516,2552,175425,-0.011235955056179803
2018-05-30,2551,2551,2447,2502,292984,-0.019592476489028177
2018-05-31,2501,2541,2471,2517,184455,0.005995203836930418
2018-06-01,2491,2740,2476,2666,1017577,0.059197457290425026
2018-06-04,2665,2690,2601,2636,368681,-0.011252813203300849
2018-06-05,2656,2720,2606,2721,484965,0.03224582701062206
2018-06-07,2735,2755,2660,2696,342489,-0.009187798603454644
2018-06-08,2695,2869,2656,2860,1339019,0.060830860534124565
2018-06-11,2859,2879,2730,2731,663360,-0.045104895104895126
2018-06-12,2725,2730,2586,2631,780270,-0.03661662394727205
2018-06-14,2651,2735,2571,2606,332838,-0.009502090459901136
2018-06-15,2636,2755,2601,2611,553156,0.0019186492709133418
2018-06-18,2566,2601,2417,2472,607474,-0.05323630792799694
2018-06-19,2457,2561,2337,2392,410495,-0.032362459546925515
2018-06-20,2362,2442,2332,2382,193116,-0.004180602006689016
2018-06-21,2392,2442,2268,2278,387456,-0.04366078925272876
2018-06-22,2273,2322,2223,2243,232389,-0.015364354697102733
2018-06-25,2297,2332,2263,2333,122063,0.040124832813196676
2018-06-26,2282,2347,2282,2343,110015,0.004286326618088365
2018-06-27,2377,2387,2297,2373,111374,0.012804097311139628
2018-06-28,2278,2347,2248,2268,153023,-0.04424778761061943
2018-06-29,2287,2287,2153,2248,235961,-0.00881834215167554
2018-07-02,2248,2287,2178,2198,135553,-0.022241992882562234
2018-07-03,2178,2253,2133,2253,141573,0.025022747952684332
2018-07-04,2253,2278,2218,2243,105887,-0.004438526409232146
2018-07-05,2248,2248,2143,2164,153900,-0.035220686580472615
2018-07-06,2163,2213,2138,2198,113914,0.015711645101663674
2018-07-09,2168,2218,2153,2213,70811,0.006824385805277444
2018-07-10,2278,2287,2213,2283,172610,0.03163126976954356
2018-07-11,2282,2302,2238,2303,116647,0.008760402978537085
2018-07-12,2273,2347,2273,2338,87918,0.015197568389057725
2018-07-13,2367,2367,2312,2348,84570,0.004277159965782706
2018-07-16,2332,2437,2332,2417,207701,0.029386712095400336
2018-07-17,2412,2442,2372,2422,136822,0.0020686801820437584
2018-07-18,2447,2452,2357,2368,120252,-0.02229562345169278
2018-07-19,2407,2407,2268,2298,128582,-0.029560810810810856
2018-07-20,2273,2342,2268,2343,97870,0.019582245430809442
2018-07-23,2347,2347,2223,2268,118052,-0.03201024327784896
2018-07-24,2228,2312,2228,2258,84119,-0.0044091710758377145
2018-07-25,2263,2337,2223,2243,75790,-0.006643046944198372
2018-07-26,2243,2352,2243,2328,124505,0.03789567543468575
2018-07-27,2322,2387,2317,2373,80487,0.019329896907216426
2018-07-30,2566,2636,2412,2412,655506,0.01643489254108732
2018-07-31,2412,2486,2402,2442,183995,0.01243781094527363
2018-08-01,2422,2516,2417,2507,1177109,0.026617526617526588
2018-08-02,2511,2516,2457,2477,94975,-0.011966493817311519
2018-08-03,2467,2516,2452,2517,62306,0.01614856681469523
2018-08-06,2516,2521,2467,2467,82774,-0.019864918553833877
2018-08-07,2462,2486,2427,2462,91267,-0.0020267531414673856
2018-08-08,2462,2491,2417,2492,172961,0.012185215272136452
2018-08-09,2581,2606,2511,2557,432827,0.026083467094702995
2018-08-10,2526,2556,2437,2457,248697,-0.03910833007430581
2018-08-13,2457,2457,2302,2323,213345,-0.05453805453805449
2018-08-14,2322,2387,2322,2363,42603,0.01721911321566938
2018-08-16,2352,2392,2302,2392,117822,0.01227253491324598
2018-08-17,2387,2442,2377,2427,65622,0.014632107023411445
2018-08-20,2427,2447,2387,2437,116643,0.004120313143799015
2018-08-21,2407,2447,2407,2422,81217,-0.006155108740254378
2018-08-22,2422,2447,2422,2427,67725,0.002064409578860449
2018-08-23,2442,2516,2427,2467,129393,0.016481252575195615
2018-08-24,2467,2486,2397,2417,98799,-0.020267531414673745
2018-08-27,2452,2462,2387,2437,137990,0.008274720728175478
2018-08-28,2462,2531,2422,2502,283205,0.026672137874435675
2018-08-29,2531,2531,2481,2527,138109,0.009992006394884179
2018-08-30,2551,2551,2486,2497,96667,-0.011871784724970302
2018-08-31,2471,2516,2437,2512,133537,0.006007208650380402
2018-09-03,2536,2546,2486,2507,106737,-0.001990445859872625
2018-09-04,2556,2556,2476,2497,138417,-0.00398883127243721
2018-09-05,2486,2516,2457,2487,138448,-0.004004805766920305
2018-09-06,2506,2511,2447,2447,114846,-0.016083634901487787
2018-09-07,2412,2471,2402,2412,126743,-0.014303228442991367
2018-09-10,2432,2566,2407,2507,299207,0.039386401326699794
2018-09-11,2506,2536,2486,2527,187006,0.00797766254487442
2018-09-12,2556,2561,2467,2477,170585,-0.019786307874950504
2018-09-13,2476,2486,2457,2482,59501,0.002018570851836987
2018-09-14,2491,2506,2467,2497,117114,0.006043513295729275
2018-09-17,2501,2501,2437,2442,103665,-0.022026431718061623
2018-09-18,2427,2452,2387,2397,108227,-0.01842751842751844
2018-09-19,2387,2422,2337,2348,171615,-0.020442219440967913
2018-09-20,2357,2357,2238,2278,216654,-0.029812606473594516
2018-09-21,2278,2347,2278,2318,48912,0.017559262510974616
2018-09-27,2312,2357,2278,2323,76752,0.002157031924072461
2018-09-28,2332,2357,2278,2283,98426,-0.01721911321566938
2018-10-01,2273,2437,2273,2338,179491,0.024091108190976707
2018-10-02,2362,2372,2233,2248,192162,-0.03849443969204447
2018-10-04,2248,2307,2228,2253,117246,0.0022241992882561235
2018-10-05,2273,2282,2203,2228,91779,-0.011096316023080366
2018-10-08,2228,2268,2208,2208,32211,-0.008976660682226245
2018-10-10,2233,2233,2098,2179,182856,-0.013134057971014523
2018-10-11,2089,2123,2009,2039,325089,-0.0642496558054153
2018-10-12,1989,2084,1989,2059,80750,0.009808729769494873
2018-10-15,2059,2113,2054,2094,60830,0.016998542982030074
2018-10-16,2059,2118,2059,2109,77191,0.007163323782235054
2018-10-17,2133,2158,2093,2099,58234,-0.004741583688952056
2018-10-18,2098,2128,2059,2064,64411,-0.016674606955693227
2018-10-19,2054,2148,2044,2059,68848,-0.002422480620155043
2018-10-22,2064,2089,2039,2089,72348,0.014570179698882857
2018-10-23,2089,2133,2034,2054,70083,-0.016754427955959827
2018-10-24,2074,2079,2009,2044,92317,-0.004868549172346692
2018-10-25,2019,2024,1959,2009,148960,-0.017123287671232834
2018-10-26,1989,2009,1865,2009,268140,0.0
2018-10-29,1969,2009,1820,1930,328811,-0.03932304629168737
2018-10-30,1780,2029,1780,2029,245995,0.051295336787564816
2018-10-31,2034,2059,1999,2049,129601,0.009857072449482418
2018-11-01,2049,2074,2019,2049,202101,0.0
2018-11-02,2029,2103,2029,2104,174659,0.02684236212786728
2018-11-05,2074,2143,2064,2109,46221,0.002376425855513231
2018-11-06,2084,2143,2049,2069,74038,-0.018966334755808445
2018-11-07,2074,2148,2059,2114,100025,0.02174963750604153
2018-11-08,2143,2143,2103,2119,90484,0.002365184484389715
2018-11-09,2113,2133,2079,2099,45185,-0.009438414346389812
2018-11-12,2089,2158,2024,2084,95186,-0.007146260123868542
2018-11-13,2084,2089,2024,2089,43068,0.002399232245681393
2018-11-14,2084,2123,2034,2099,45487,0.00478697941598849
2018-11-15,2054,2113,1994,2114,51893,0.007146260123868542
2018-11-16,2113,2123,2074,2109,36425,-0.002365184484389826
2018-11-19,2123,2123,2064,2099,65626,-0.004741583688952056
2018-11-20,2059,2089,2049,2089,53758,-0.004764173415912287
2018-11-21,2084,2084,2034,2084,49006,-0.002393489707994245
2018-11-22,2089,2103,2054,2059,30313,-0.011996161228406965
2018-11-23,2084,2108,2054,2064,29035,0.002428363283147217
2018-11-26,2049,2108,2049,2054,54460,-0.004844961240310086
2018-11-27,2064,2079,2034,2059,66808,0.0024342745861734016
2018-11-28,2049,2133,2044,2114,104780,0.02671199611461872
2018-11-29,2128,2138,2054,2059,141070,-0.026017029328287644
2018-11-30,2064,2133,2064,2114,57498,0.02671199611461872
2018-12-03,2133,2208,2108,2174,106429,0.02838221381267747
2018-12-04,2193,2193,2118,2149,82230,-0.011499540018399257
2018-12-05,2123,2138,2093,2119,59346,-0.013959981386691522
2018-12-06,2103,2138,2054,2074,101660,-0.021236432279377104
2018-12-07,2074,2168,2054,2114,56309,0.01928640308582441
2018-12-10,2064,2089,2049,2059,47736,-0.026017029328287644
2018-12-11,2069,2069,1939,2054,180153,-0.002428363283147106
2018-12-12,2004,2098,1979,2054,84764,0.0
2018-12-13,2044,2287,2034,2288,621938,0.11392405063291133
2018-12-14,2213,2213,2059,2124,601052,-0.07167832167832167
2018-12-17,2074,2118,2069,2104,100577,-0.00941619585687381
2018-12-18,2059,2069,1989,2069,146632,-0.016634980988593173
2018-12-19,2079,2089,2044,2084,50039,0.007249879168680584
2018-12-20,2079,2084,2014,2074,60587,-0.004798464491362786
2018-12-21,2049,2084,2019,2084,95356,0.004821600771456103
2018-12-24,2029,2069,1989,2039,173965,-0.021593090211132426
2018-12-26,2009,2009,1949,1985,217015,-0.026483570377636045
2018-12-27,1999,2034,1979,2034,56787,0.02468513853904275
2018-12-28,2034,2098,2034,2089,104720,0.02704031465093415
2019-01-02,2103,2148,2074,2084,98304,-0.002393489707994245
2019-01-03,2123,2287,2054,2089,481696,0.002399232245681393
2019-01-04,2069,2138,2064,2139,178085,0.023934897079942452
2019-01-07,2198,2203,2138,2193,197662,0.02524544179523147
2019-01-08,2193,2193,2133,2134,77453,-0.026903784769721883
2019-01-09,2133,2163,2113,2119,70758,-0.007029053420805953
2019-01-10,2118,2138,2089,2124,85599,0.0023596035865973697
2019-01-11,2143,2248,2128,2169,348839,0.021186440677966045
2019-01-14,2168,2178,2089,2109,154030,-0.02766251728907332
2019-01-15,2103,2158,2098,2139,114614,0.014224751066856278
2019-01-16,2143,2263,2133,2263,407868,0.05797101449275366
2019-01-17,2263,2268,2208,2213,157794,-0.022094564737074718
2019-01-18,2233,2263,2213,2258,120290,0.02033438770899232
2019-01-21,2273,2347,2248,2323,341717,0.028786536758192982
2019-01-22,2332,2332,2268,2283,140119,-0.01721911321566938
2019-01-23,2273,2382,2248,2348,290291,0.02847130968024536
2019-01-24,2327,2357,2302,2333,123122,-0.00638841567291315
2019-01-25,2332,2352,2287,2348,172508,0.006429489927132437
2019-01-28,2357,2357,2238,2268,264106,-0.03407155025553665
2019-01-29,2258,2282,2203,2233,135803,-0.015432098765432056
2019-01-30,2233,2233,2193,2193,153570,-0.017913121361397222
2019-01-31,2203,2263,2198,2258,151264,0.02963976288189696
2019-02-01,2258,2258,2173,2174,168784,-0.03720106288751113
2019-02-07,2168,2437,2158,2308,891744,0.06163753449861997
2019-02-08,2317,2546,2307,2517,2031126,0.09055459272097055
2019-02-11,2616,2705,2541,2686,1732160,0.06714342471195867
2019-02-12,2685,2735,2611,2676,693403,-0.0037230081906179935
2019-02-13,2656,2884,2626,2870,1220980,0.07249626307922274
2019-02-14,2874,2934,2785,2820,772999,-0.017421602787456414
2019-02-15,2835,2894,2705,2825,766626,0.0017730496453900457
2019-02-18,2869,2919,2835,2860,477199,0.012389380530973382
2019-02-19,2869,2889,2745,2810,601938,-0.0174825174825175
2019-02-20,2884,2894,2780,2805,459342,-0.001779359430605032
2019-02-21,2840,3103,2785,3064,2186841,0.09233511586452758
2019-02-22,3034,3173,2914,3084,1476639,0.006527415143603221
2019-02-25,3113,3153,3039,3079,565572,-0.001621271076523989
2019-02-26,3098,3173,3083,3163,532165,0.027281584930172187
2019-02-27,3138,3213,3113,3114,497949,-0.015491621877963935
2019-02-28,3113,3153,3014,3064,568239,-0.016056518946692355
2019-03-04,3103,3218,3103,3173,552421,0.035574412532637156
2019-03-05,3133,3183,3068,3094,441285,-0.024897573274503593
2019-03-06,3093,3123,3024,3044,312359,-0.01616031027795739
2019-03-07,3043,3073,2919,2979,477624,-0.021353482260183965
2019-03-08,2954,2964,2785,2830,742070,-0.050016784155756944
2019-03-11,2785,2785,2586,2731,712762,-0.03498233215547708
2019-03-12,2730,2914,2730,2905,415035,0.06371292566825337
2019-03-13,2984,3009,2845,2999,462461,0.032358003442340744
2019-03-14,3014,3153,3014,3099,530691,0.0333444481493832
2019-03-15,3123,3123,2944,3054,405667,-0.014520813165537216
2019-03-18,3053,3143,3024,3039,317520,-0.004911591355599265
2019-03-19,3078,3377,3078,3362,2508344,0.10628496215860483
2019-03-20,3332,3357,3208,3243,850268,-0.035395597858417616
2019-03-21,3183,3287,3113,3183,707825,-0.018501387604070274
2019-03-22,3213,3218,2999,3044,590392,-0.043669494187873026
2019-03-25,2924,3004,2884,2984,607865,-0.019710906701708275
2019-03-26,2964,3004,2894,2920,293862,-0.02144772117962468
2019-03-27,2919,2934,2238,2626,5188508,-0.10068493150684932
2019-03-28,2730,2770,2506,2557,834392,-0.02627570449352623
2019-03-29,2556,2750,2556,2651,851118,0.036761830269847584
2019-04-01,2606,2685,2606,2626,215124,-0.009430403621275008
2019-04-02,2685,2695,2471,2636,581876,0.0038080731150038627
2019-04-03,2636,2765,2636,2716,355412,0.030349013657056112
2019-04-04,2790,2825,2651,2671,395358,-0.016568483063328476
2019-04-05,2690,2705,2606,2676,244214,0.0018719580681392234
2019-04-08,2705,2725,2660,2661,223893,-0.005605381165919243
2019-04-09,2675,2939,2670,2840,1294956,0.06726794438181138
2019-04-10,2775,2790,2735,2765,318011,-0.026408450704225372
2019-04-11,2765,2790,2680,2696,471542,-0.024954792043399676
2019-04-12,2715,2715,2616,2636,507514,-0.022255192878338326
2019-04-15,2695,2695,2561,2576,509038,-0.022761760242792084
2019-04-16,2601,2601,2486,2542,408763,-0.013198757763975166
2019-04-17,2526,2616,2516,2586,224448,0.01730920535011804
2019-04-18,2586,2646,2516,2517,283601,-0.026682134570765625
2019-04-19,2516,2656,2516,2646,314632,0.05125148986889161
2019-04-22,2646,2685,2586,2596,163077,-0.018896447467876
2019-04-23,2636,2636,2511,2527,256985,-0.02657935285053925
2019-04-24,2526,2646,2521,2616,392458,0.035219628017411964
2019-04-25,2616,2720,2576,2641,449858,0.009556574923547334
2019-04-26,2636,2636,2526,2547,295242,-0.035592578568724
2019-04-29,2546,2591,2496,2527,165572,-0.00785237534354144
2019-04-30,2536,2591,2531,2557,144933,0.011871784724970302
2019-05-02,2546,2715,2546,2696,712109,0.05436057880328504
2019-05-03,2715,2720,2621,2676,361397,-0.007418397626112738
2019-05-07,2591,2660,2591,2616,164426,-0.022421524663677084
2019-05-08,2616,2616,2556,2591,153758,-0.009556574923547445
2019-05-09,2591,2591,2427,2462,423560,-0.04978772674642995
2019-05-10,2486,2556,2422,2477,172118,0.006092607636068337
2019-05-13,2452,2541,2452,2462,136940,-0.006055712555510739
2019-05-14,2481,2481,2412,2442,158397,-0.008123476848091005
2019-05-15,2452,2845,2452,2701,3433027,0.10606060606060597
2019-05-16,2730,2820,2675,2755,1374245,0.019992595335061036
2019-05-17,2765,2840,2740,2840,811903,0.030852994555353952
2019-05-20,2840,2850,2631,2681,865007,-0.05598591549295773
2019-05-21,2695,2705,2616,2656,268297,-0.009324878776575951
2019-05-22,2636,2705,2581,2606,441172,-0.01882530120481929
2019-05-23,2606,2745,2586,2611,513580,0.0019186492709133418
2019-05-24,2611,2641,2531,2557,307533,-0.020681731137495163
2019-05-27,2606,2725,2591,2696,628093,0.05436057880328504
2019-05-28,2825,2959,2750,2959,1907688,0.09755192878338281
2019-05-29,2939,3153,2845,3034,3052858,0.025346400811084857
2019-05-30,3009,3063,2874,2999,1298555,-0.011535926170072486
2019-05-31,2989,3053,2934,2974,650186,-0.008336112037345744
2019-06-03,2889,2954,2854,2885,548155,-0.02992602555480839
2019-06-04,2904,3043,2859,2974,916430,0.030849220103986053
2019-06-05,3043,3108,2949,3064,958555,0.030262273032952258
2019-06-07,3068,3327,3043,3238,2379790,0.05678851174934718
2019-06-10,3252,3407,3173,3253,1716779,0.0046324891908584576
2019-06-11,3242,3322,3053,3099,1080476,-0.04734091607746693
2019-06-12,3098,3108,2944,3014,1111836,-0.027428202646014865
2019-06-13,3014,3093,2984,3054,511324,0.013271400132714106
2019-06-14,3043,3247,2944,3119,1728525,0.02128356254093
2019-06-17,3128,3267,3009,3213,1475479,0.030137864700224393
2019-06-18,3133,3730,3133,3273,10174687,0.01867413632119508
2019-06-19,3292,3317,3108,3313,1353910,0.012221203788573165
2019-06-20,3282,3561,3282,3531,2559234,0.06580138846966488
2019-06-21,3610,3680,3446,3472,1802494,-0.016709147550269088
2019-06-24,3471,3531,3382,3427,657663,-0.012960829493087522
2019-06-25,3426,3451,3188,3308,1335361,-0.03472424861394807
2019-06-26,3292,3292,3153,3213,673502,-0.02871825876662637
2019-06-27,3213,3257,3083,3084,683812,-0.04014939309056953
2019-06-28,3083,3168,2974,3114,883971,0.009727626459143934
2019-07-01,3133,3133,2884,3019,753792,-0.030507385998715497
2019-07-02,3048,3103,2954,2974,683475,-0.014905597880092714
2019-07-03,2949,2964,2874,2900,843661,-0.02488231338264968
2019-07-04,2919,3019,2904,2959,810430,0.020344827586206815
2019-07-05,2959,2959,2869,2895,462712,-0.021628928692125737
2019-07-08,2869,2869,2641,2726,796708,-0.0583765112262522
2019-07-09,2745,2765,2646,2716,374427,-0.003668378576669129
2019-07-10,2715,2884,2715,2815,442474,0.036450662739322626
2019-07-11,2805,2864,2720,2760,321774,-0.019538188277087087
2019-07-12,2765,2859,2720,2820,308802,0.021739130434782705
2019-07-15,2795,2835,2720,2770,249557,-0.01773049645390068
2019-07-16,2740,2795,2656,2656,399607,-0.04115523465703974
2019-07-17,2656,2685,2506,2562,630330,-0.03539156626506024
2019-07-18,2526,2631,2506,2586,273759,0.00936768149882905
2019-07-19,2571,2626,2561,2611,202670,0.009667440061871702
2019-07-22,2611,2660,2561,2651,167135,0.015319800842588993
2019-07-23,2651,2665,2521,2586,290220,-0.02451904941531502
2019-07-24,2586,2621,2536,2571,195520,-0.0058004640371229765
2019-07-25,2536,2586,2437,2571,515300,0.0
2019-07-26,2571,2571,2471,2557,286095,-0.005445352003111581
2019-07-29,2496,2551,2357,2472,495940,-0.033242080563159915
2019-07-30,2397,2551,2397,2547,223547,0.03033980582524265
2019-07-31,2546,2546,2432,2537,228098,-0.0039261876717706645
2019-08-01,2536,2785,2432,2492,1708779,-0.017737485218762283
2019-08-02,2427,2462,2357,2417,321963,-0.030096308186195797
2019-08-05,2362,2417,2009,2089,592056,-0.13570541994207697
2019-08-06,1984,2158,1895,2019,442247,-0.033508855911919544
2019-08-07,2039,2183,2039,2134,363520,0.05695889053987124
2019-08-08,2133,2268,2133,2258,227592,0.05810684161199631
2019-08-09,2278,2327,2268,2303,180202,0.019929140832595227
2019-08-12,2248,2307,2218,2288,130938,-0.0065132435953104695
2019-08-13,2273,2337,2248,2268,225379,-0.00874125874125875
2019-08-14,2287,2486,2268,2298,468025,0.013227513227513255
2019-08-16,2243,2282,2198,2223,201518,-0.03263707571801566
2019-08-19,2228,2317,2223,2248,256685,0.01124606387764282
2019-08-20,2302,2337,2253,2288,274694,0.017793594306049876
2019-08-21,2282,2337,2258,2323,243140,0.015297202797202702
2019-08-22,2337,2342,2268,2268,189156,-0.02367628067154537
2019-08-23,2238,2268,2198,2258,321588,-0.0044091710758377145
2019-08-26,2208,2218,2089,2124,297638,-0.05934455270150574
2019-08-27,2138,2188,2118,2144,171305,0.009416195856873921
2019-08-28,2158,2168,2118,2129,186122,-0.006996268656716431
2019-08-29,2183,2183,2089,2124,180717,-0.002348520432127743
2019-08-30,2148,2188,2133,2144,259288,0.009416195856873921
2019-09-02,2138,2223,2133,2198,199597,0.025186567164179108
2019-09-03,2248,2322,2223,2253,363812,0.025022747952684332
2019-09-04,2282,2467,2258,2462,1085716,0.09276520195295168
2019-09-05,2462,2556,2397,2462,722047,0.0
2019-09-06,2457,2695,2407,2502,1894563,0.01624695369618201
2019-09-09,2506,2531,2312,2392,733515,-0.04396482813749003
2019-09-10,2397,2402,2287,2298,458951,-0.039297658862876284
2019-09-11,2302,2312,2273,2298,229810,0.0
2019-09-16,2307,2372,2273,2283,321650,-0.00652741514360311
2019-09-17,2282,2292,2228,2238,303163,-0.019710906701708275
2019-09-18,2238,2377,2238,2363,364191,0.055853440571939306
2019-09-19,2372,2417,2317,2377,232074,0.0059246720270842435
2019-09-20,2377,2506,2377,2452,565342,0.03155237694572999
2019-09-23,2442,2481,2387,2417,174947,-0.014274061990212084
2019-09-24,2452,2452,2377,2412,137523,-0.0020686801820438694
2019-09-25,2412,2422,2307,2308,224562,-0.04311774461028195
2019-09-26,2337,2427,2327,2363,238129,0.023830155979202683
2019-09-27,2362,2422,2307,2392,159913,0.01227253491324598
2019-09-30,2397,2407,2282,2323,193104,-0.028846153846153855
2019-10-01,2322,2372,2287,2333,154039,0.0043047783039174
2019-10-02,2287,2317,2253,2268,229495,-0.02786112301757393
2019-10-04,2248,2297,2228,2253,151430,-0.006613756613756627
2019-10-07,2238,2268,2203,2203,166049,-0.02219263204616062
2019-10-08,2228,2248,2108,2218,85444,0.0068088969586928005
2019-10-10,2208,2282,2198,2268,120870,0.02254283137962121
2019-10-11,2268,2307,2243,2268,88364,0.0
2019-10-14,2307,2307,2243,2253,79273,-0.006613756613756627
2019-10-15,2243,2287,2228,2273,103680,0.008877052818464293
2019-10-16,2287,2382,2263,2338,439619,0.02859656841179059
2019-10-17,2337,2372,2327,2358,153832,0.008554319931565413
2019-10-18,2362,2372,2317,2373,185742,0.006361323155216203
2019-10-21,2506,2685,2402,2407,2122128,0.014327855035819681
2019-10-22,2377,2422,2322,2338,297016,-0.028666389696717864
2019-10-23,2347,2357,2268,2268,261231,-0.029940119760479056
2019-10-24,2297,2432,2278,2407,936973,0.061287477954144576
2019-10-25,2457,3098,2437,2860,19781339,0.18820108018280024
2019-10-28,3034,3421,2750,2880,23664727,0.006993006993007089
2019-10-29,2944,3043,2780,2984,5104796,0.036111111111111205
2019-10-30,2939,3158,2815,2815,7878339,-0.056635388739946335
2019-10-31,2859,2894,2750,2805,1853665,-0.003552397868561319
2019-11-01,2805,2825,2705,2741,1229022,-0.022816399286987532
2019-11-04,2750,2765,2616,2641,1601076,-0.03648303538854436
2019-11-05,2665,2695,2631,2671,887753,0.01135933358576291
2019-11-06,2665,2770,2621,2765,1311297,0.03519281168101829
2019-11-07,2750,2755,2665,2676,1006644,-0.032188065099457486
2019-11-08,2675,2680,2596,2611,637192,-0.024289985052316942
2019-11-11,2646,2755,2611,2716,1216236,0.04021447721179627
2019-11-12,2725,2735,2611,2621,554732,-0.03497790868924888
2019-11-13,2636,2675,2601,2611,290148,-0.0038153376573827336
2019-11-14,2611,2626,2452,2537,1124431,-0.02834163155878977
2019-11-15,2531,2551,2491,2542,350858,0.0019708316909736734
2019-11-18,2536,2546,2496,2542,250295,0.0
2019-11-19,2546,2551,2432,2452,404771,-0.03540519276160503
2019-11-20,2462,2501,2327,2368,419061,-0.034257748776509
2019-11-21,2437,2675,2357,2402,2519808,0.014358108108108114
2019-11-22,2402,2432,2297,2298,463818,-0.04329725228975856
2019-11-25,2327,2402,2307,2387,241326,0.03872932985204525
2019-11-26,2377,2511,2367,2492,1000371,0.04398826979472137
2019-11-27,2486,2546,2407,2412,536755,-0.0321027287319422
2019-11-28,2372,2432,2337,2363,416672,-0.02031509121061359
2019-11-29,2362,2382,2263,2288,523676,-0.03173931443080824
2019-12-02,2278,2352,2278,2303,375602,0.006555944055943952
2019-12-03,2287,2387,2268,2288,359657,-0.0065132435953104695
2019-12-04,2278,2427,2248,2268,433350,-0.00874125874125875
2019-12-05,2268,2322,2248,2258,194991,-0.0044091710758377145
2019-12-06,2258,2342,2258,2323,181886,0.028786536758192982
2019-12-09,2337,2387,2292,2308,227584,-0.0064571674558759895
2019-12-10,2317,2327,2278,2293,123166,-0.006499133448873429
2019-12-11,2287,2352,2287,2298,174032,0.002180549498473683
2019-12-12,2327,2342,2287,2343,187494,0.019582245430809442
2019-12-13,2347,2367,2322,2348,212368,0.0021340162185232714
2019-12-16,2347,2422,2342,2397,287507,0.020868824531516283
2019-12-17,2397,2417,2342,2353,160748,-0.018356278681685434
2019-12-18,2372,2377,2302,2338,198644,-0.006374840628984302
2019-12-19,2327,2367,2273,2308,226899,-0.01283147989734812
2019-12-20,2302,2322,2273,2303,159339,-0.002166377816291143
2019-12-23,2282,2317,2238,2243,211659,-0.026052974381241878
2019-12-24,2238,2377,2233,2233,417669,-0.004458314757021853
2019-12-26,2278,2292,2263,2283,179465,0.022391401701746583
2019-12-27,2307,2312,2268,2303,244208,0.008760402978537085
2019-12-30,2317,2352,2297,2353,238480,0.021710811984368306
2020-01-02,2357,2412,2317,2397,264887,0.01869953251168721
2020-01-03,2417,2422,2352,2377,244972,-0.008343763037129692
2020-01-06,2268,2407,2268,2273,497957,-0.04375262936474544
2020-01-07,2278,2347,2278,2328,244018,0.02419709634843814
2020-01-08,2287,2347,2198,2213,481649,-0.04939862542955331
2020-01-09,2258,2337,2258,2328,255583,0.051965657478535876
2020-01-10,2352,2402,2322,2377,312413,0.021048109965635664
2020-01-13,2462,2476,2392,2417,440558,0.016827934371056008
2020-01-14,2417,2447,2357,2368,319249,-0.020273065784029765
2020-01-15,2367,2481,2342,2412,1054600,0.01858108108108114
2020-01-16,2422,2442,2372,2402,286980,-0.004145936981757914
2020-01-17,2412,2417,2362,2363,254055,-0.016236469608659432
2020-01-20,2377,2402,2332,2338,245771,-0.010579771476936117
2020-01-21,2357,2397,2332,2353,186262,0.006415739948674171
2020-01-22,2352,2367,2322,2338,213686,-0.006374840628984302
2020-01-23,2342,2347,2302,2323,164837,-0.00641573994867406
2020-01-28,2228,2258,2178,2208,591376,-0.04950495049504955
2020-01-29,2218,2238,2188,2223,221089,0.006793478260869623
2020-01-30,2238,2238,2089,2134,726125,-0.0400359874044085
2020-01-31,2133,2148,2029,2029,344678,-0.049203373945642004
2020-02-03,1984,2074,1929,2049,422847,0.009857072449482418
2020-02-04,2039,2113,2039,2109,114133,0.029282576866764165
2020-02-05,2123,2168,2103,2119,231280,0.004741583688952167
2020-02-06,2148,2148,2108,2129,145654,0.004719207173194961
2020-02-07,2128,2153,2103,2124,106800,-0.002348520432127743
2020-02-10,2123,2138,2084,2129,272710,0.002354048964218425
2020-02-11,2123,2148,2098,2144,152419,0.00704556129638334
2020-02-12,2148,2193,2143,2188,375088,0.020522388059701413
2020-02-13,2188,2208,2143,2174,267581,-0.006398537477148025
2020-02-14,2168,2188,2138,2169,200480,-0.0022999080036798514
2020-02-17,2168,2223,2148,2213,284332,0.02028584601198702
2020-02-18,2213,2213,2138,2144,243541,-0.031179394487121592
2020-02-19,2123,2168,2074,2104,233448,-0.018656716417910446
2020-02-20,2103,2113,2054,2069,174077,-0.016634980988593173
2020-02-21,2069,2069,1994,2009,243415,-0.028999516674722114
2020-02-24,1949,1984,1870,1895,517241,-0.056744649079143894
2020-02-25,1880,1964,1870,1955,231311,0.0316622691292876
2020-02-26,1939,1964,1914,1945,68435,-0.005115089514066473
2020-02-27,1969,1969,1865,1880,246885,-0.033419023136246784
2020-02-28,1860,1860,1720,1805,546036,-0.039893617021276584
2020-03-02,1800,1820,1750,1801,172677,-0.002216066481994461
2020-03-03,1810,1865,1805,1810,108375,0.0049972237645752315
2020-03-04,1785,1860,1780,1840,87149,0.016574585635359185
2020-03-05,1865,1895,1855,1885,110439,0.024456521739130377
2020-03-06,1820,1885,1820,1855,110195,-0.01591511936339518
2020-03-09,1845,1845,1730,1796,333735,-0.03180592991913744
2020-03-10,1770,1770,1701,1746,219508,-0.027839643652561197
2020-03-11,1760,1760,1641,1701,251067,-0.02577319587628868
2020-03-12,1656,1676,1492,1587,447664,-0.06701940035273368
2020-03-13,1442,1626,1243,1612,1059619,0.015752993068683052
2020-03-16,1606,1656,1492,1592,227657,-0.012406947890818865
2020-03-17,1402,1591,1402,1587,296480,-0.003140703517587995
2020-03-18,1566,1596,1507,1587,152283,0.0
2020-03-19,1546,1576,1313,1537,659213,-0.031505986137366104
2020-03-20,1512,1631,1507,1562,359809,0.01626545217957065
2020-03-23,1417,1531,1372,1502,231816,-0.03841229193341866
2020-03-24,1571,1571,1472,1512,267153,0.0066577896138482195
2020-03-25,1526,1586,1502,1572,521105,0.039682539682539764
2020-03-26,1546,1616,1541,1567,483143,-0.0031806615776081015
2020-03-27,1606,1616,1447,1502,585202,-0.04148053605615831
2020-03-30,1467,1536,1467,1507,407204,0.0033288948069241098
2020-03-31,1546,1596,1526,1592,758797,0.05640345056403451
2020-04-01,1661,1755,1591,1701,2019373,0.06846733668341698
2020-04-02,1745,1825,1661,1721,1315782,0.011757789535567387
2020-04-03,1740,1740,1646,1696,421953,-0.014526438117373641
2020-04-06,1696,1706,1661,1696,468533,0.0
2020-04-07,1740,1740,1666,1741,1289578,0.026533018867924474
2020-04-08,2118,2123,1795,1840,6920071,0.05686387133831139
2020-04-09,1890,1909,1790,1855,1288046,0.008152173913043459
2020-04-10,1855,1875,1735,1756,1224205,-0.053369272237196785
2020-04-13,1755,1760,1686,1701,592679,-0.031321184510250566
2020-04-14,1710,1795,1696,1776,677864,0.04409171075837737
2020-04-16,1790,1959,1780,1850,1722408,0.04166666666666674
2020-04-17,1885,1919,1855,1885,799795,0.018918918918918948
2020-04-20,1969,1969,1904,1940,1118661,0.02917771883289122
2020-04-21,1924,1934,1760,1880,814652,-0.030927835051546393
2020-04-22,1810,1979,1785,1950,880616,0.037234042553191404
2020-04-23,1994,2039,1929,1950,2132898,0.0
2020-04-24,1924,1929,1840,1865,583292,-0.043589743589743546
2020-04-27,1904,2009,1860,1920,1674771,0.029490616621983934
2020-04-28,1924,1929,1870,1890,517153,-0.015625
2020-04-29,1890,1890,1840,1840,497019,-0.02645502645502651
2020-05-04,1790,1830,1775,1810,268239,-0.016304347826086918
2020-05-06,1845,1865,1805,1860,272042,0.027624309392265234
2020-05-07,1870,1984,1830,1885,1782009,0.013440860215053752
2020-05-08,1900,1924,1880,1890,345960,0.0026525198938991412
2020-05-11,1900,1964,1840,1890,822312,0.0
2020-05-12,1904,1909,1825,1880,395250,-0.005291005291005346
2020-05-13,1870,1875,1830,1855,270103,-0.013297872340425565
2020-05-14,1865,1900,1850,1875,473045,0.010781671159029615
2020-05-15,1890,1890,1810,1825,290106,-0.026666666666666616
2020-05-18,1815,1870,1785,1820,433445,-0.002739726027397249
2020-05-19,1840,1890,1820,1880,595124,0.03296703296703307
2020-05-20,1895,1929,1870,1895,761532,0.007978723404255428
2020-05-21,1979,2079,1904,2079,6040639,0.09709762532981525
2020-05-22,2039,2044,1924,1940,2197728,-0.06685906685906684
2020-05-25,1924,1954,1880,1940,611006,0.0
2020-05-26,1949,1954,1909,1925,513465,-0.0077319587628865705
2020-05-27,1934,2168,1914,2084,13801055,0.08259740259740256
2020-05-28,2158,2198,1909,1990,3616656,-0.04510556621881001
2020-05-29,1964,1979,1890,1900,871893,-0.045226130653266305
2020-06-01,1900,1939,1870,1915,476861,0.007894736842105177
2020-06-02,1895,1964,1895,1955,510329,0.02088772845953013
2020-06-03,1959,1979,1909,1915,496152,-0.020460358056266004
2020-06-04,1919,2034,1890,1940,1556821,0.01305483028720622
2020-06-05,1939,1999,1919,1920,565199,-0.010309278350515427
2020-06-08,1944,1944,1895,1910,378303,-0.00520833333333337
2020-06-09,1914,1954,1890,1900,380930,-0.005235602094240788
2020-06-10,1899,1924,1860,1860,940724,-0.021052631578947323
2020-06-11,1870,1895,1820,1820,551516,-0.021505376344086002
2020-06-12,1720,1790,1706,1771,551476,-0.02692307692307694
2020-06-15,1760,1790,1626,1641,585103,-0.07340485601355162
2020-06-16,1661,1780,1656,1716,550629,0.04570383912248621
2020-06-17,1691,1765,1676,1706,295444,-0.005827505827505797
2020-06-18,1691,1710,1681,1691,213036,-0.008792497069167626
2020-06-19,1715,1715,1661,1691,187110,0.0
2020-06-22,1706,1706,1661,1661,229168,-0.017740981667652256
2020-06-23,1691,1691,1641,1656,169198,-0.003010234798314304
2020-06-24,1661,1686,1641,1676,169757,0.012077294685990392
2020-06-25,1646,1671,1616,1636,233478,-0.023866348448687402
2020-06-26,1636,1701,1631,1636,277549,0.0
2020-06-29,1626,1676,1616,1621,147779,-0.00916870415647919
2020-06-30,1626,1651,1621,1641,99166,0.012338062924120985
2020-07-01,1651,1661,1611,1621,117647,-0.01218769043266299
2020-07-02,1631,1740,1576,1671,871539,0.03084515731030235
2020-07-03,1676,1681,1646,1681,141550,0.005984440454817497
2020-07-06,1691,1710,1651,1671,179085,-0.005948839976204656
2020-07-07,1676,1681,1646,1661,168623,-0.005984440454817497
2020-07-08,1671,1676,1646,1666,113869,0.003010234798314304
2020-07-09,1666,1735,1656,1691,358714,0.015006002400960394
2020-07-10,1701,1725,1671,1676,179489,-0.008870490833826183
2020-07-13,1676,1691,1656,1681,181378,0.002983293556085842
2020-07-14,1686,1760,1671,1756,389510,0.0446162998215347
2020-07-15,1755,1800,1725,1736,621188,-0.011389521640091105
2020-07-16,1765,1785,1725,1756,235621,0.011520737327188835
2020-07-17,1760,1760,1720,1741,126271,-0.008542141230068356
2020-07-20,1750,1750,1691,1711,201131,-0.017231476163124593
2020-07-21,1735,1795,1696,1761,517698,0.02922267679719459
2020-07-22,1765,1765,1701,1706,235889,-0.0312322544009086
2020-07-23,1706,1735,1676,1681,267905,-0.014654161781946118
2020-07-24,1671,1696,1646,1661,293878,-0.011897679952409312
2020-07-27,1676,1681,1636,1651,201196,-0.006020469596628497
2020-07-28,1641,1671,1631,1641,185276,-0.006056935190793422
2020-07-29,1641,1671,1631,1636,132082,-0.0030469226081657474
2020-07-30,1661,1666,1626,1631,167529,-0.003056234718826434
2020-07-31,1646,1646,1606,1612,237029,-0.011649294911097452
2020-08-03,1626,1656,1596,1636,249357,0.014888337468982549
2020-08-04,1636,1661,1616,1646,170039,0.006112469437652868
2020-08-05,1656,1666,1621,1656,255526,0.0060753341433779084
2020-08-06,1651,1681,1641,1656,262915,0.0
2020-08-07,1666,1681,1621,1681,257227,0.015096618357487879
2020-08-10,1696,1701,1626,1666,406922,-0.008923259964306984
2020-08-11,1661,1691,1646,1671,297155,0.0030012004801920344
2020-08-12,1681,1681,1616,1616,274749,-0.03291442250149612
2020-08-13,1626,1636,1591,1607,282778,-0.005569306930693019
2020-08-14,1641,1666,1601,1616,322376,0.005600497822028538
2020-08-18,1641,1641,1541,1552,299925,-0.03960396039603964
2020-08-19,1536,1576,1531,1557,132929,0.003221649484536071
2020-08-20,1556,1566,1472,1487,375029,-0.04495825305073864
2020-08-21,1517,1536,1467,1487,199341,0.0
2020-08-24,1492,1497,1432,1472,243534,-0.01008742434431742
2020-08-25,1472,1551,1472,1552,177191,0.05434782608695654
2020-08-26,1536,1556,1487,1552,192764,0.0
2020-08-27,1561,1606,1507,1532,236938,-0.012886597938144284
2020-08-28,1531,1621,1512,1572,358380,0.02610966057441244
2020-08-31,1571,1586,1541,1557,119543,-0.009541984732824416
2020-09-01,1566,1611,1566,1597,253304,0.025690430314707857
2020-09-02,1621,1646,1601,1641,330108,0.02755165936130255
2020-09-03,1646,1720,1606,1666,749798,0.015234613040828737
2020-09-04,1591,1646,1546,1616,539408,-0.03001200480192079
2020-09-07,1616,1681,1606,1676,419762,0.03712871287128716
2020-09-08,1720,1750,1661,1676,877282,0.0
2020-09-09,1646,1691,1621,1661,292501,-0.008949880668257748
2020-09-10,1681,1710,1666,1691,199323,0.018061408789885602
2020-09-11,1780,1850,1676,1711,2179796,0.011827321111768097
2020-09-14,1715,1745,1676,1711,476588,0.0
2020-09-15,1710,1730,1686,1731,299906,0.011689070718877925
2020-09-16,1730,1745,1686,1686,365855,-0.025996533795493937
2020-09-17,1691,1720,1676,1691,236131,0.0029655990510082386
2020-09-18,1691,1706,1661,1676,153297,-0.008870490833826183
2020-09-21,1676,1681,1616,1631,262212,-0.026849642004773244
2020-09-22,1616,1626,1541,1542,389151,-0.05456774984671975
2020-09-23,1556,1581,1517,1557,198186,0.009727626459143934
2020-09-24,1531,1551,1497,1507,141104,-0.03211303789338471
2020-09-25,1526,1551,1507,1517,154237,0.006635700066357053
2020-09-28,1551,1581,1517,1582,93658,0.04284772577455498
2020-09-29,1586,1626,1581,1616,117121,0.02149178255372952
2020-10-05,1616,1626,1586,1626,132517,0.006188118811881083
2020-10-06,1626,1636,1591,1612,209594,-0.008610086100861003
2020-10-07,1611,1621,1581,1592,111549,-0.012406947890818865
2020-10-08,1596,1611,1581,1582,212107,-0.006281407035175879
2020-10-12,1601,1601,1566,1597,162938,0.009481668773704266
2020-10-13,1601,1601,1576,1587,73932,-0.0062617407639323774
2020-10-14,1576,1626,1561,1582,137321,-0.003150598613736566
2020-10-15,1581,1611,1531,1532,426812,-0.031605562579013924
2020-10-16,1526,1546,1517,1532,138668,0.0
2020-10-19,1526,1676,1512,1532,2069370,0.0
2020-10-20,1526,1561,1526,1537,160072,0.0032637075718016106
2020-10-21,1541,1591,1541,1592,231190,0.03578399479505534
2020-10-22,1586,1601,1556,1577,153558,-0.009422110552763874
2020-10-23,1576,1601,1556,1577,137170,0.0
2020-10-26,1561,1576,1497,1512,199446,-0.041217501585288474
2020-10-27,1497,1531,1492,1497,147415,-0.009920634920634885
2020-10-28,1502,1512,1472,1497,70943,0.0
2020-10-29,1492,1546,1467,1492,383335,-0.0033400133600534065
2020-10-30,1492,1502,1457,1462,206715,-0.020107238605898137
2020-11-02,1462,1482,1447,1457,95711,-0.0034199726402188713
2020-11-03,1467,1487,1457,1477,77164,0.013726835964310125
2020-11-04,1477,1507,1477,1502,107576,0.016926201760324888
2020-11-05,1502,1521,1492,1517,129916,0.00998668442077233
2020-11-06,1517,1526,1492,1512,85794,-0.003295978905734964
2020-11-09,1512,1536,1512,1522,116355,0.006613756613756516
2020-11-10,1521,1556,1512,1537,329191,0.009855453350854138
2020-11-11,1541,1546,1521,1542,91989,0.003253090435914041
2020-11-12,1536,1541,1507,1527,91998,-0.009727626459143934
2020-11-13,1526,1526,1497,1512,99831,-0.00982318271119842
2020-11-16,1512,1526,1497,1527,95061,0.009920634920634885
2020-11-17,1526,1611,1507,1527,338282,0.0
2020-11-18,1517,1541,1517,1537,71022,0.0065487884741322056
2020-11-19,1536,1536,1512,1527,102073,-0.006506180871828193
2020-11-20,1517,1541,1512,1542,183741,0.00982318271119853
2020-11-23,1541,1551,1521,1542,148282,0.0
2020-11-24,1551,1631,1541,1562,537884,0.012970168612191912
2020-11-25,1571,1616,1551,1592,397168,0.019206145966709443
2020-11-26,1601,1621,1561,1577,162900,-0.009422110552763874
2020-11-27,1566,1601,1561,1592,149380,0.009511731135066537
2020-11-30,1596,1601,1576,1592,132860,0.0
2020-12-01,1591,1601,1576,1587,73671,-0.003140703517587995
2020-12-02,1596,1641,1576,1641,294149,0.03402646502835549
2020-12-03,1646,1750,1601,1616,1179123,-0.015234613040828737
2020-12-04,1616,1626,1601,1616,145152,0.0
2020-12-07,1626,1666,1611,1631,299398,0.009282178217821846
2020-12-08,1646,1666,1621,1626,323440,-0.003065603923973037
2020-12-09,1626,1636,1596,1626,146340,0.0
2020-12-10,1616,1636,1596,1626,176686,0.0
2020-12-11,1626,1631,1596,1602,119141,-0.014760147601476037
2020-12-14,1601,1611,1586,1597,99282,-0.003121098626716612
2020-12-15,1581,1591,1566,1572,133509,-0.015654351909830888
2020-12-16,1576,1641,1571,1592,176433,0.012722646310432628
2020-12-17,1581,1666,1581,1592,424566,0.0
2020-12-18,1591,1656,1576,1616,297208,0.015075376884422065
2020-12-21,1646,1651,1616,1631,120455,0.009282178217821846
2020-12-22,1631,1651,1581,1626,282816,-0.003065603923973037
2020-12-23,1621,1641,1586,1607,147237,-0.011685116851168464
2020-12-24,1606,1626,1601,1607,144785,0.0
2020-12-28,1611,1631,1586,1587,132594,-0.012445550715619147
2020-12-29,1611,1691,1596,1626,852386,0.02457466918714557
2020-12-30,1636,1666,1611,1641,293035,0.009225092250922495
2021-01-04,1651,1676,1641,1676,285887,0.021328458257160232
2021-01-05,1676,1681,1646,1661,190999,-0.008949880668257748
2021-01-06,1651,1666,1646,1661,175560,0.0
2021-01-07,1656,1671,1636,1666,262725,0.003010234798314304
2021-01-08,1671,1681,1631,1646,241586,-0.01200480192076836
2021-01-11,1641,1646,1571,1597,420964,-0.029769137302551596
2021-01-12,1591,1596,1561,1592,164142,-0.003130870381966133
2021-01-13,1586,1651,1576,1641,385678,0.030778894472361706
2021-01-14,1636,1686,1636,1676,319988,0.021328458257160232
2021-01-15,1691,1691,1641,1646,160740,-0.017899761336515496
2021-01-18,1646,1676,1626,1656,195656,0.0060753341433779084
2021-01-19,1636,1715,1636,1716,582417,0.03623188405797095
2021-01-20,1740,1740,1676,1691,346380,-0.014568764568764547
2021-01-21,1691,1730,1681,1726,325711,0.02069781194559428
2021-01-22,1710,1740,1701,1726,176887,0.0
2021-01-25,1730,1735,1691,1726,224428,0.0
2021-01-26,1730,1750,1696,1731,417870,0.0028968713789108147
2021-01-27,1735,1760,1710,1731,359478,0.0
2021-01-28,1706,1706,1646,1666,350971,-0.037550548815713514
2021-01-29,1666,1676,1581,1597,369833,-0.04141656662665061
2021-02-01,1586,1616,1566,1597,128452,0.0
2021-02-02,1601,1661,1596,1621,329887,0.015028177833437795
2021-02-03,1616,1641,1576,1582,534255,-0.024059222702035754
2021-02-04,1586,1591,1541,1557,371876,-0.015802781289506962
2021-02-05,1561,1606,1551,1582,383973,0.016056518946692355
2021-02-08,1586,1601,1566,1582,203296,0.0
2021-02-09,1576,1611,1576,1592,151315,0.006321112515802696
2021-02-10,1591,1601,1566,1587,146403,-0.003140703517587995
2021-02-15,1591,1626,1576,1616,216804,0.018273471959672438
2021-02-16,1616,1631,1611,1621,186239,0.0030940594059405413
2021-02-17,1631,1631,1601,1621,134603,0.0
2021-02-18,1611,1631,1586,1592,238760,-0.017890191239975373
2021-02-19,1591,1601,1551,1582,216602,-0.006281407035175879
2021-02-22,1581,1611,1576,1582,98558,0.0
2021-02-23,1581,1586,1551,1562,162845,-0.012642225031605614
2021-02-24,1571,1581,1512,1522,215583,-0.025608194622279146
2021-02-25,1526,1541,1502,1527,184753,0.003285151116951379
2021-02-26,1517,1517,1477,1487,267350,-0.026195153896529155
2021-03-02,1487,1517,1467,1477,146114,-0.00672494956287828
2021-03-03,1482,1561,1477,1492,472922,0.010155721056194889
2021-03-04,1502,1517,1477,1512,154493,0.013404825737265424
2021-03-05,1497,1591,1482,1522,858579,0.006613756613756516
2021-03-08,1521,1720,1521,1721,5212047,0.13074901445466502
2021-03-09,1715,1785,1611,1641,2427579,-0.04648460197559556
2021-03-10,1651,1715,1616,1646,1464534,0.0030469226081657474
2021-03-11,1636,1686,1601,1621,795201,-0.01518833535844466
2021-03-12,1621,1661,1611,1636,555084,0.009253547193090794
2021-03-15,1681,1701,1636,1666,670113,0.01833740831295838
2021-03-16,1666,1671,1636,1651,216856,-0.009003601440576214
2021-03-17,1681,1909,1661,1865,10266480,0.12961841308298006
2021-03-18,1845,1880,1775,1880,1905010,0.008042895442359255
2021-03-19,1835,1900,1815,1900,970906,0.010638297872340496
2021-03-22,0,0,0,1900,0,0.0
2021-03-23,0,0,0,1900,0,0.0
2021-03-24,0,0,0,1900,0,0.0
2021-03-25,0,0,0,1900,0,0.0
2021-03-26,0,0,0,1900,0,0.0
2021-03-29,0,0,0,1900,0,0.0
2021-03-30,0,0,0,1900,0,0.0
2021-03-31,0,0,0,1900,0,0.0
2021-04-01,0,0,0,1900,0,0.0
2021-04-02,0,0,0,1900,0,0.0
2021-04-05,0,0,0,1900,0,0.0
2021-04-06,0,0,0,1900,0,0.0
2021-04-07,0,0,0,1900,0,0.0
2021-04-08,0,0,0,1900,0,0.0
2021-04-09,0,0,0,1900,0,0.0
2021-04-12,0,0,0,1900,0,0.0
2021-04-13,0,0,0,1900,0,0.0
2021-04-14,0,0,0,1900,0,0.0
2021-04-15,0,0,0,1900,0,0.0
2021-04-16,0,0,0,1900,0,0.0
2021-04-19,0,0,0,1900,0,0.0
2021-04-20,0,0,0,1900,0,0.0
2021-04-21,0,0,0,1900,0,0.0
2021-04-22,0,0,0,1900,0,0.0
2021-04-23,0,0,0,1900,0,0.0
2021-04-26,0,0,0,1900,0,0.0
2021-04-27,0,0,0,1900,0,0.0
2021-04-28,0,0,0,1900,0,0.0
2021-04-29,0,0,0,1900,0,0.0
2021-04-30,0,0,0,1900,0,0.0
2021-05-03,0,0,0,1900,0,0.0
2021-05-04,0,0,0,1900,0,0.0
2021-05-06,0,0,0,1900,0,0.0
2021-05-07,0,0,0,1900,0,0.0
2021-05-10,0,0,0,1900,0,0.0
2021-05-11,0,0,0,1900,0,0.0
2021-05-12,0,0,0,1900,0,0.0
2021-05-13,0,0,0,1900,0,0.0
2021-05-14,0,0,0,1900,0,0.0
2021-05-17,0,0,0,1900,0,0.0
2021-05-18,0,0,0,1900,0,0.0
2021-05-20,0,0,0,1900,0,0.0
2021-05-21,0,0,0,1900,0,0.0
2021-05-24,0,0,0,1900,0,0.0
2021-05-25,0,0,0,1900,0,0.0
2021-05-26,0,0,0,1900,0,0.0
2021-05-27,0,0,0,1900,0,0.0
2021-05-28,0,0,0,1900,0,0.0
2021-05-31,0,0,0,1900,0,0.0
2021-06-01,0,0,0,1900,0,0.0
2021-06-02,0,0,0,1900,0,0.0
2021-06-03,0,0,0,1900,0,0.0
2021-06-04,0,0,0,1900,0,0.0
2021-06-07,0,0,0,1900,0,0.0
2021-06-08,0,0,0,1900,0,0.0
2021-06-09,0,0,0,1900,0,0.0
2021-06-10,0,0,0,1900,0,0.0
2021-06-11,0,0,0,1900,0,0.0
2021-06-14,0,0,0,1900,0,0.0
2021-06-15,0,0,0,1900,0,0.0
2021-06-16,0,0,0,1900,0,0.0
2021-06-17,0,0,0,1900,0,0.0
2021-06-18,0,0,0,1900,0,0.0
2021-06-21,0,0,0,1900,0,0.0
2021-06-22,0,0,0,1900,0,0.0
2021-06-23,0,0,0,1900,0,0.0
2021-06-24,0,0,0,1900,0,0.0
2021-06-25,0,0,0,1900,0,0.0
2021-06-28,0,0,0,1900,0,0.0
2021-06-29,0,0,0,1900,0,0.0
2021-06-30,0,0,0,1900,0,0.0
2021-07-01,0,0,0,1900,0,0.0
2021-07-02,0,0,0,1900,0,0.0
2021-07-05,0,0,0,1900,0,0.0
2021-07-06,0,0,0,1900,0,0.0
2021-07-07,0,0,0,1900,0,0.0
2021-07-08,0,0,0,1900,0,0.0
2021-07-09,0,0,0,1900,0,0.0
2021-07-12,0,0,0,1900,0,0.0
2021-07-13,0,0,0,1900,0,0.0
2021-07-14,0,0,0,1900,0,0.0
2021-07-15,0,0,0,1900,0,0.0
2021-07-16,0,0,0,1900,0,0.0
2021-07-19,0,0,0,1900,0,0.0
2021-07-20,0,0,0,1900,0,0.0
2021-07-21,0,0,0,1900,0,0.0
2021-07-22,0,0,0,1900,0,0.0
2021-07-23,0,0,0,1900,0,0.0
2021-07-26,0,0,0,1900,0,0.0
2021-07-27,0,0,0,1900,0,0.0
2021-07-28,0,0,0,1900,0,0.0
2021-07-29,0,0,0,1900,0,0.0
2021-07-30,0,0,0,1900,0,0.0
2021-08-02,0,0,0,1900,0,0.0
2021-08-03,0,0,0,1900,0,0.0
2021-08-04,0,0,0,1900,0,0.0
2021-08-05,0,0,0,1900,0,0.0
2021-08-06,0,0,0,1900,0,0.0
2021-08-09,0,0,0,1900,0,0.0
2021-08-10,0,0,0,1900,0,0.0
2021-08-11,0,0,0,1900,0,0.0
2021-08-12,0,0,0,1900,0,0.0
2021-08-13,0,0,0,1900,0,0.0
2021-08-17,0,0,0,1900,0,0.0
2021-08-18,0,0,0,1900,0,0.0
2021-08-19,0,0,0,1900,0,0.0
2021-08-20,0,0,0,1900,0,0.0
2021-08-23,0,0,0,1900,0,0.0
2021-08-24,0,0,0,1900,0,0.0
2021-08-25,0,0,0,1900,0,0.0
2021-08-26,0,0,0,1900,0,0.0
2021-08-27,0,0,0,1900,0,0.0
2021-08-30,0,0,0,1900,0,0.0
2021-08-31,0,0,0,1900,0,0.0
2021-09-01,0,0,0,1900,0,0.0
2021-09-02,0,0,0,1900,0,0.0
2021-09-03,0,0,0,1900,0,0.0
2021-09-06,0,0,0,1900,0,0.0
2021-09-07,0,0,0,1900,0,0.0
2021-09-08,0,0,0,1900,0,0.0
2021-09-09,0,0,0,1900,0,0.0
2021-09-10,0,0,0,1900,0,0.0
2021-09-13,0,0,0,1900,0,0.0
2021-09-14,0,0,0,1900,0,0.0
2021-09-15,0,0,0,1900,0,0.0
2021-09-16,0,0,0,1900,0,0.0
2021-09-17,0,0,0,1900,0,0.0
2021-09-23,0,0,0,1900,0,0.0
2021-09-24,0,0,0,1900,0,0.0
2021-09-27,0,0,0,1900,0,0.0
2021-09-28,0,0,0,1900,0,0.0
2021-09-29,0,0,0,1900,0,0.0
2021-09-30,0,0,0,1900,0,0.0
2021-10-01,0,0,0,1900,0,0.0
2021-10-05,0,0,0,1900,0,0.0
2021-10-06,0,0,0,1900,0,0.0
2021-10-07,0,0,0,1900,0,0.0
2021-10-08,0,0,0,1900,0,0.0
2021-10-12,0,0,0,1900,0,0.0
2021-10-13,0,0,0,1900,0,0.0
2021-10-14,0,0,0,1900,0,0.0
2021-10-15,0,0,0,1900,0,0.0
2021-10-18,0,0,0,1900,0,0.0
2021-10-19,0,0,0,1900,0,0.0
2021-10-20,0,0,0,1900,0,0.0
2021-10-21,0,0,0,1900,0,0.0
2021-10-22,0,0,0,1900,0,0.0
2021-10-25,0,0,0,1900,0,0.0
2021-10-26,0,0,0,1900,0,0.0
2021-10-27,0,0,0,1900,0,0.0
2021-10-28,0,0,0,1900,0,0.0
2021-10-29,0,0,0,1900,0,0.0
2021-11-01,0,0,0,1900,0,0.0
2021-11-02,0,0,0,1900,0,0.0
2021-11-03,0,0,0,1900,0,0.0
2021-11-04,0,0,0,1900,0,0.0
2021-11-05,0,0,0,1900,0,0.0
2021-11-08,0,0,0,1900,0,0.0
2021-11-09,0,0,0,1900,0,0.0
2021-11-10,0,0,0,1900,0,0.0
2021-11-11,0,0,0,1900,0,0.0
2021-11-12,0,0,0,1900,0,0.0
2021-11-15,0,0,0,1900,0,0.0
2021-11-16,0,0,0,1900,0,0.0
2021-11-17,0,0,0,1900,0,0.0
2021-11-18,0,0,0,1900,0,0.0
2021-11-19,0,0,0,1900,0,0.0
2021-11-22,0,0,0,1900,0,0.0
2021-11-23,0,0,0,1900,0,0.0
2021-11-24,0,0,0,1900,0,0.0
2021-11-25,0,0,0,1900,0,0.0
2021-11-26,0,0,0,1900,0,0.0
2021-11-29,0,0,0,1900,0,0.0
2021-11-30,0,0,0,1900,0,0.0
2021-12-01,0,0,0,1900,0,0.0
2021-12-02,0,0,0,1900,0,0.0
2021-12-03,0,0,0,1900,0,0.0
2021-12-06,0,0,0,1900,0,0.0
2021-12-07,0,0,0,1900,0,0.0
2021-12-08,0,0,0,1900,0,0.0
2021-12-09,0,0,0,1900,0,0.0
2021-12-10,0,0,0,1900,0,0.0
2021-12-13,0,0,0,1900,0,0.0
2021-12-14,0,0,0,1900,0,0.0
2021-12-15,0,0,0,1900,0,0.0
2021-12-16,0,0,0,1900,0,0.0
2021-12-17,0,0,0,1900,0,0.0
2021-12-20,0,0,0,1900,0,0.0
2021-12-21,0,0,0,1900,0,0.0
2021-12-22,0,0,0,1900,0,0.0
2021-12-23,0,0,0,1900,0,0.0
2021-12-24,0,0,0,1900,0,0.0
2021-12-27,0,0,0,1900,0,0.0
2021-12-28,0,0,0,1900,0,0.0
2021-12-29,0,0,0,1900,0,0.0
2021-12-30,0,0,0,1900,0,0.0
2022-01-03,0,0,0,1900,0,0.0
2022-01-04,0,0,0,1900,0,0.0
2022-01-05,0,0,0,1900,0,0.0
2022-01-06,0,0,0,1900,0,0.0
2022-01-07,0,0,0,1900,0,0.0
2022-01-10,0,0,0,1900,0,0.0
2022-01-11,0,0,0,1900,0,0.0
2022-01-12,0,0,0,1900,0,0.0
2022-01-13,0,0,0,1900,0,0.0
2022-01-14,0,0,0,1900,0,0.0
2022-01-17,0,0,0,1900,0,0.0
2022-01-18,0,0,0,1900,0,0.0
2022-01-19,0,0,0,1900,0,0.0
2022-01-20,0,0,0,1900,0,0.0
2022-01-21,0,0,0,1900,0,0.0
2022-01-24,0,0,0,1900,0,0.0
2022-01-25,0,0,0,1900,0,0.0
2022-01-26,0,0,0,1900,0,0.0
2022-01-27,0,0,0,1900,0,0.0
2022-01-28,0,0,0,1900,0,0.0
2022-02-03,0,0,0,1900,0,0.0
2022-02-04,0,0,0,1900,0,0.0
2022-02-07,0,0,0,1900,0,0.0
2022-02-08,0,0,0,1900,0,0.0
2022-02-09,0,0,0,1900,0,0.0
2022-02-10,0,0,0,1900,0,0.0
2022-02-11,0,0,0,1900,0,0.0
2022-02-14,0,0,0,1900,0,0.0
2022-02-15,0,0,0,1900,0,0.0
2022-02-16,0,0,0,1900,0,0.0
2022-02-17,0,0,0,1900,0,0.0
2022-02-18,0,0,0,1900,0,0.0
2022-02-21,0,0,0,1900,0,0.0
2022-02-22,0,0,0,1900,0,0.0
2022-02-23,0,0,0,1900,0,0.0
2022-02-24,0,0,0,1900,0,0.0
2022-02-25,0,0,0,1900,0,0.0
2022-02-28,0,0,0,1900,0,0.0
2022-03-02,0,0,0,1900,0,0.0
2022-03-03,0,0,0,1900,0,0.0
2022-03-04,0,0,0,1900,0,0.0
2022-03-07,0,0,0,1900,0,0.0
2022-03-08,0,0,0,1900,0,0.0
2022-03-10,0,0,0,1900,0,0.0
2022-03-11,0,0,0,1900,0,0.0
2022-03-14,0,0,0,1900,0,0.0
2022-03-15,0,0,0,1900,0,0.0
2022-03-16,0,0,0,1900,0,0.0
2022-03-17,0,0,0,1900,0,0.0
2022-03-18,0,0,0,1900,0,0.0
2022-03-21,0,0,0,1900,0,0.0
2022-03-22,0,0,0,1900,0,0.0
2022-03-23,0,0,0,1900,0,0.0
2022-03-24,0,0,0,1900,0,0.0
2022-03-25,0,0,0,1900,0,0.0
2022-03-28,0,0,0,1900,0,0.0
2022-03-29,0,0,0,1900,0,0.0
2022-03-30,0,0,0,1900,0,0.0
2022-03-31,0,0,0,1900,0,0.0
2022-04-01,0,0,0,1900,0,0.0
2022-04-04,0,0,0,1900,0,0.0
2022-04-05,0,0,0,1900,0,0.0
2022-04-06,0,0,0,1900,0,0.0
2022-04-07,0,0,0,1900,0,0.0
2022-04-08,0,0,0,1900,0,0.0
2022-04-11,0,0,0,1900,0,0.0
2022-04-12,0,0,0,1900,0,0.0
2022-04-13,0,0,0,1900,0,0.0
2022-04-14,0,0,0,1900,0,0.0
2022-04-15,0,0,0,1900,0,0.0
2022-04-18,0,0,0,1900,0,0.0
2022-04-19,0,0,0,1900,0,0.0
2022-04-20,0,0,0,1900,0,0.0
2022-04-21,0,0,0,1900,0,0.0
2022-04-22,0,0,0,1900,0,0.0
2022-04-25,0,0,0,1900,0,0.0
2022-04-26,0,0,0,1900,0,0.0
2022-04-27,0,0,0,1900,0,0.0
2022-04-28,0,0,0,1900,0,0.0
2022-04-29,0,0,0,1900,0,0.0
2022-05-02,1900,1905,1650,1680,6192207,-0.11578947368421055
2022-05-03,1810,1810,1690,1710,1688759,0.017857142857142794
2022-05-04,1725,1750,1620,1645,1861459,-0.03801169590643272
2022-05-06,1655,1875,1625,1730,3922196,0.05167173252279644
2022-05-09,2060,2245,1960,2245,12349434,0.29768786127167624
2022-05-10,2330,2335,1985,2080,14763483,-0.07349665924276172
2022-05-11,2070,2165,1945,1995,7059864,-0.04086538461538458
2022-05-12,1955,1955,1785,1800,3050703,-0.09774436090225569
2022-05-13,1780,1860,1750,1830,2110924,0.016666666666666607
2022-05-16,1820,1820,1715,1730,1761282,-0.05464480874316935
2022-05-17,1745,1780,1715,1760,1141148,0.01734104046242768
2022-05-18,1770,1870,1745,1810,1758919,0.02840909090909083
2022-05-19,1735,1895,1730,1880,1492889,0.03867403314917128
2022-05-20,1880,1895,1820,1845,946348,-0.018617021276595702
2022-05-23,1860,2395,1835,2205,20362785,0.19512195121951215
2022-05-24,2165,2300,2070,2230,8571984,0.01133786848072571
2022-05-25,2205,2415,2105,2185,9896292,-0.020179372197309364
2022-05-26,2160,2205,2020,2020,2515967,-0.07551487414187641
2022-05-27,2000,2070,1995,2065,1709291,0.022277227722772297
2022-05-30,2045,2045,1965,1990,1294352,-0.03631961259079908
2022-05-31,2000,2030,1960,1995,886915,0.002512562814070307
2022-06-02,1995,2185,1970,2090,2680224,0.04761904761904767
2022-06-03,2080,2170,2060,2125,1503214,0.01674641148325362
2022-06-07,2125,2145,2020,2035,861258,-0.04235294117647059
2022-06-08,2015,2090,1975,1990,924266,-0.02211302211302213
2022-06-09,1980,1990,1900,1965,811589,-0.012562814070351758
2022-06-10,1955,2050,1900,1905,1114088,-0.03053435114503822
2022-06-13,1850,1920,1810,1825,945941,-0.04199475065616798
2022-06-14,1750,1850,1745,1840,1027340,0.008219178082191858
2022-06-15,1790,1880,1680,1730,1192515,-0.05978260869565222
2022-06-16,1740,1780,1700,1730,660913,0.0
2022-06-17,1675,1750,1635,1735,786322,0.0028901734104045396
2022-06-20,1735,1760,1530,1575,1325864,-0.09221902017291062
2022-06-21,1610,1645,1550,1590,434717,0.00952380952380949
2022-06-22,1635,1635,1450,1450,912792,-0.08805031446540879
2022-06-23,1415,1480,1350,1350,614902,-0.06896551724137934
2022-06-24,1350,1425,1300,1410,619371,0.04444444444444451
2022-06-27,1450,1520,1390,1520,467725,0.07801418439716312
2022-06-28,1520,1530,1440,1470,517561,-0.03289473684210531
2022-06-29,1415,1860,1415,1680,6636973,0.1428571428571428
2022-06-30,1605,1635,1500,1520,2304408,-0.09523809523809523
2022-07-01,1515,1530,1430,1430,974301,-0.05921052631578949
2022-07-04,1430,1545,1410,1440,1252448,0.006993006993007089
2022-07-05,1455,1510,1440,1495,820996,0.03819444444444442
2022-07-06,1515,1525,1450,1455,564342,-0.026755852842809347
2022-07-07,1470,1525,1465,1500,482526,0.030927835051546282
2022-07-08,1515,1520,1485,1485,469647,-0.010000000000000009
2022-07-11,1500,1535,1475,1535,531818,0.03367003367003374
2022-07-12,1520,1520,1435,1450,548517,-0.055374592833876246
2022-07-13,1450,1485,1430,1440,298274,-0.006896551724137945
2022-07-14,1430,1490,1430,1470,350469,0.02083333333333326
2022-07-15,1475,1500,1455,1465,191713,-0.003401360544217691
2022-07-18,1480,1530,1475,1520,384943,0.03754266211604085
2022-07-19,1515,1540,1500,1505,362321,-0.009868421052631526
2022-07-20,1540,1740,1535,1565,2588227,0.039867109634551534
2022-07-21,1565,1580,1540,1580,425850,0.009584664536741228
2022-07-22,1575,1585,1540,1550,315387,-0.01898734177215189
2022-07-25,1535,1555,1485,1545,264906,-0.003225806451612856
2022-07-26,1540,1565,1535,1550,161425,0.003236245954692629
2022-07-27,1560,1570,1540,1555,133473,0.003225806451612856
2022-07-28,1560,1570,1530,1530,195280,-0.01607717041800638
2022-07-29,1540,1570,1525,1545,271665,0.009803921568627416
2022-08-01,1545,1565,1525,1560,193224,0.009708737864077666
2022-08-02,1560,1570,1535,1545,187398,-0.009615384615384581
2022-08-03,1540,1590,1535,1580,362944,0.02265372168284796
2022-08-04,1590,1640,1590,1610,438206,0.018987341772152
2022-08-05,1610,1625,1585,1595,262733,-0.009316770186335366
2022-08-08,1595,1625,1560,1615,351261,0.012539184952978122
2022-08-09,1605,1630,1585,1590,206198,-0.015479876160990669
2022-08-10,1590,1590,1550,1565,237250,-0.01572327044025157
2022-08-11,1585,1615,1580,1610,253149,0.028753993610223683
2022-08-12,1610,1650,1600,1640,371776,0.01863354037267073
2022-08-16,1625,1635,1600,1620,223147,-0.012195121951219523
2022-08-17,1605,1650,1560,1560,1060497,-0.03703703703703709
2022-08-18,1555,1585,1540,1565,219743,0.0032051282051281937
2022-08-19,1565,1580,1515,1515,304621,-0.03194888178913735
2022-08-22,1505,1510,1470,1480,259793,-0.02310231023102305
2022-08-23,1450,1505,1450,1470,231729,-0.006756756756756799
2022-08-24,1480,1500,1445,1470,205358,0.0
2022-08-25,1480,1570,1470,1520,529582,0.03401360544217691
2022-08-26,1525,1550,1490,1510,173919,-0.006578947368421018
2022-08-29,1450,1470,1375,1390,927494,-0.07947019867549665
2022-08-30,1395,1420,1385,1415,542400,0.017985611510791477
2022-08-31,1405,1480,1395,1455,444816,0.028268551236749095
2022-09-01,1455,1520,1415,1420,279409,-0.02405498281786944
2022-09-02,1420,1440,1400,1410,228730,-0.007042253521126751
2022-09-05,1410,1420,1355,1360,403559,-0.03546099290780147
2022-09-06,1370,1430,1360,1410,255037,0.03676470588235303
2022-09-07,1410,1425,1365,1380,212102,-0.021276595744680882
2022-09-08,1385,1410,1375,1390,199496,0.007246376811594235
2022-09-13,1420,1440,1405,1435,264017,0.03237410071942448
2022-09-14,1400,1425,1370,1415,264112,-0.013937282229965153
2022-09-15,1415,1425,1395,1415,243519,0.0
2022-09-16,1400,1435,1370,1390,269510,-0.017667844522968212
2022-09-19,1380,1385,1330,1330,430411,-0.043165467625899234
2022-09-20,1340,1385,1340,1375,248372,0.03383458646616533
2022-09-21,1380,1415,1355,1400,269640,0.018181818181818077
2022-09-22,1365,1395,1350,1390,214865,-0.0071428571428571175
2022-09-23,1400,1400,1330,1340,357644,-0.03597122302158273
2022-09-26,1300,1315,1230,1275,525743,-0.04850746268656714
2022-09-27,1255,1285,1210,1245,521190,-0.02352941176470591
2022-09-28,1240,1255,1130,1150,673009,-0.07630522088353409
2022-09-29,1160,1220,1150,1170,509009,0.017391304347825987
2022-09-30,1145,1195,1120,1185,298231,0.012820512820512775
2022-10-04,1185,1230,1185,1220,176159,0.029535864978903037
2022-10-05,1265,1265,1185,1200,147582,-0.016393442622950838
2022-10-06,1200,1245,1200,1240,117065,0.03333333333333344
2022-10-07,1235,1245,1215,1225,119131,-0.012096774193548376
2022-10-11,1165,1195,1125,1135,267298,-0.07346938775510203
2022-10-12,1125,1150,1095,1105,252960,-0.026431718061673992
2022-10-13,1100,1115,1010,1025,340593,-0.07239819004524883
2022-10-14,1050,1095,1035,1080,168010,0.0536585365853659
2022-10-17,1070,1100,1050,1095,70858,0.01388888888888884
2022-10-18,1110,1135,1095,1135,133016,0.0365296803652968
2022-10-19,1145,1145,1110,1115,118413,-0.017621145374449365
2022-10-20,1125,1135,1085,1095,65423,-0.017937219730941756
2022-10-21,1085,1115,1060,1070,181587,-0.022831050228310557
2022-10-24,1085,1125,1075,1080,103964,0.009345794392523255
2022-10-25,1090,1125,1085,1095,159378,0.01388888888888884
2022-10-26,1105,1105,1060,1065,100882,-0.0273972602739726
2022-10-27,1065,1085,970,1050,1072006,-0.014084507042253502
2022-10-28,1050,1050,1010,1015,175472,-0.033333333333333326
2022-10-31,1030,1040,1025,1040,123403,0.024630541871921263
2022-11-01,1040,1055,1025,1055,185649,0.014423076923076872
2022-11-02,1055,1070,1045,1060,133884,0.004739336492890933
2022-11-03,1050,1150,1040,1085,509071,0.02358490566037741
2022-11-04,1090,1125,1060,1080,259374,-0.004608294930875556
2022-11-07,1085,1115,1075,1100,153322,0.0185185185185186
2022-11-08,1110,1130,1105,1130,130690,0.027272727272727337
2022-11-09,1130,1155,1120,1150,160003,0.017699115044247815
2022-11-10,1145,1165,1130,1145,95892,-0.004347826086956497
2022-11-11,1180,1190,1165,1190,166391,0.0393013100436681
2022-11-14,1215,1235,1170,1190,150206,0.0
2022-11-15,1200,1260,1200,1235,262874,0.037815126050420256
2022-11-16,1270,1350,1240,1350,600214,0.09311740890688269
2022-11-17,1335,1350,1290,1315,305810,-0.025925925925925908
2022-11-18,1315,1335,1295,1300,182172,-0.011406844106463865
2022-11-21,1300,1300,1220,1250,177206,-0.038461538461538436
2022-11-22,1250,1280,1240,1240,104479,-0.008000000000000007
2022-11-23,1255,1280,1245,1255,71383,0.012096774193548487
2022-11-24,1270,1280,1265,1275,55165,0.015936254980079667
2022-11-25,1295,1295,1230,1260,186858,-0.0117647058823529
2022-11-28,1270,1270,1190,1195,305016,-0.051587301587301626
2022-11-29,1180,1250,1170,1250,148190,0.046025104602510414
2022-11-30,1250,1325,1230,1315,384863,0.052000000000000046
2022-12-01,1325,1350,1310,1340,247250,0.019011406844106515
2022-12-02,1340,1370,1315,1360,195113,0.014925373134328401
2022-12-05,1360,1410,1330,1350,150659,-0.007352941176470562
2022-12-06,1340,1340,1290,1290,182238,-0.0444444444444444
2022-12-07,1275,1310,1265,1300,82702,0.007751937984496138
2022-12-08,1295,1310,1255,1260,132057,-0.03076923076923077
2022-12-09,1260,1285,1260,1285,68925,0.01984126984126977
2022-12-12,1285,1300,1260,1270,83046,-0.011673151750972721
2022-12-13,1275,1285,1260,1265,85367,-0.003937007874015741
2022-12-14,1270,1300,1270,1300,76367,0.027667984189723382
2022-12-15,1300,1320,1290,1300,81827,0.0
2022-12-16,1295,1295,1255,1280,98893,-0.01538461538461533
2022-12-19,1265,1275,1245,1265,54801,-0.01171875
2022-12-20,1260,1260,1215,1215,122227,-0.03952569169960474
2022-12-21,1215,1230,1190,1190,88061,-0.020576131687242816
2022-12-22,1190,1215,1170,1190,208220,0.0
2022-12-23,1205,1215,1135,1135,217965,-0.04621848739495793
2022-12-26,1110,1125,1085,1110,178995,-0.022026431718061623
2022-12-27,1105,1175,1105,1155,115196,0.04054054054054057
2022-12-28,1185,1220,1170,1210,352654,0.04761904761904767
2022-12-29,1210,1240,1145,1155,230607,-0.045454545454545414
2023-01-02,1155,1185,1135,1155,150284,0.0
2023-01-03,1155,1165,1085,1145,266819,-0.008658008658008698
2023-01-04,1145,1220,1115,1215,226604,0.06113537117903922
2023-01-05,1230,1240,1205,1230,194794,0.012345679012345734
2023-01-06,1230,1270,1220,1240,189466,0.008130081300812941
2023-01-09,1245,1325,1245,1320,277476,0.06451612903225801
2023-01-10,1320,1400,1300,1400,577846,0.06060606060606055
2023-01-11,1400,1400,1320,1345,371761,-0.03928571428571426
2023-01-12,1340,1435,1320,1400,517084,0.040892193308550207
2023-01-13,1400,1460,1380,1445,395747,0.03214285714285725
2023-01-16,1440,1470,1420,1445,216958,0.0
2023-01-17,1445,1475,1385,1475,412862,0.02076124567474058
2023-01-18,1435,1435,1370,1400,347169,-0.05084745762711862
2023-01-19,1370,1400,1355,1390,282247,-0.0071428571428571175
2023-01-20,1415,1465,1370,1370,511164,-0.014388489208633115
2023-01-25,1376,1392,1370,1376,150554,0.004379562043795637
2023-01-26,1379,1405,1376,1384,140850,0.005813953488372103
2023-01-27,1389,1393,1364,1370,98913,-0.010115606936416222
2023-01-30,1370,1375,1329,1339,174699,-0.022627737226277422
2023-01-31,1339,1434,1306,1428,421400,0.06646751306945475
2023-02-01,1428,1447,1403,1441,332327,0.0091036414565826
2023-02-02,1434,1441,1413,1415,158462,-0.018043025676613422
2023-02-03,1415,1459,1409,1417,274279,0.001413427561837377
2023-02-06,1414,1417,1371,1379,182957,-0.026817219477769938
2023-02-07,1379,1486,1377,1486,564391,0.07759245830311823
2023-02-08,1497,1525,1450,1523,656339,0.024899057873485786
2023-02-09,1523,1523,1480,1498,300578,-0.01641497045305318
2023-02-10,1486,1486,1401,1457,330739,-0.02736982643524699
2023-02-13,1457,1457,1410,1445,98794,-0.008236101578586119
2023-02-14,1437,1445,1419,1423,150258,-0.0152249134948097
2023-02-15,1423,1435,1355,1362,213244,-0.04286718200983841
2023-02-16,1362,1380,1349,1366,258025,0.002936857562408246
2023-02-17,1366,1372,1326,1326,214722,-0.029282576866764276
2023-02-20,1320,1349,1300,1335,106110,0.006787330316742057
2023-02-21,1349,1349,1321,1323,82253,-0.008988764044943864
2023-02-22,1310,1310,1260,1282,140656,-0.030990173847316727
2023-02-23,1282,1309,1276,1295,116188,0.010140405616224646
2023-02-24,1308,1319,1262,1271,244584,-0.018532818532818518
2023-02-27,1261,1295,1256,1290,142427,0.014948859166010964
2023-02-28,1281,1312,1276,1309,113435,0.014728682170542573
2023-03-02,1317,1322,1292,1300,124472,-0.006875477463712754
2023-03-03,1318,1326,1302,1317,103320,0.013076923076922986
2023-03-06,1324,1384,1310,1379,335317,0.047076689445709974
2023-03-07,1370,1370,1315,1317,330773,-0.044960116026105834
2023-03-08,1317,1335,1289,1303,248600,-0.010630220197418327
2023-03-09,1328,1550,1320,1532,6957858,0.17574827321565611
2023-03-10,1686,1777,1449,1452,10011042,-0.052219321148825104
2023-03-13,1407,1436,1359,1382,953400,-0.04820936639118456
2023-03-14,1380,1380,1300,1308,932501,-0.05354558610709115
2023-03-15,1325,1404,1325,1370,624497,0.04740061162079501
2023-03-16,1370,1438,1360,1391,663966,0.01532846715328473
2023-03-17,1397,1459,1396,1440,495517,0.035226455787203514
2023-03-20,1440,1475,1405,1416,384692,-0.01666666666666672
2023-03-21,1416,1425,1365,1377,352622,-0.02754237288135597
2023-03-22,1384,1414,1371,1390,241053,0.009440813362382006
2023-03-23,1380,1380,1295,1310,655447,-0.05755395683453235
2023-03-24,1324,1449,1318,1426,924469,0.0885496183206107
2023-03-27,1439,1469,1394,1465,703418,0.027349228611500687
2023-03-28,1466,1476,1430,1452,420734,-0.00887372013651877
2023-03-29,1456,1456,1405,1418,303004,-0.023415977961432466
2023-03-30,1418,1426,1385,1406,333046,-0.008462623413258097
2023-03-31,1405,1405,1354,1361,375561,-0.03200568990042674
2023-04-03,1361,1361,1318,1324,462184,-0.027185892725936855
2023-04-04,1324,1367,1315,1325,404571,0.0007552870090634656
2023-04-05,1336,1361,1326,1335,301345,0.007547169811320753
2023-04-06,1335,1343,1262,1270,1094236,-0.048689138576779034
2023-04-07,1272,1299,1252,1260,378743,-0.007874015748031482
2023-04-10,1260,1260,1207,1208,680006,-0.041269841269841234
2023-04-11,1209,1245,1203,1245,365569,0.0306291390728477
2023-04-12,1246,1246,1214,1242,222734,-0.002409638554216831
2023-04-13,1250,1250,1214,1238,248901,-0.0032206119162641045
2023-04-14,1237,1245,1220,1237,413744,-0.0008077544426494665
2023-04-17,1237,1249,1211,1242,331812,0.004042037186742009
2023-04-18,1246,1246,1215,1234,338819,-0.006441223832528209
2023-04-19,1234,1263,1230,1245,312760,0.008914100486223653
2023-04-20,1426,1618,1310,1322,12290027,0.06184738955823299
2023-04-21,1320,1424,1285,1353,1660734,0.02344931921331317
2023-04-24,1354,1354,1260,1285,865727,-0.0502586844050259
2023-04-25,1275,1333,1269,1274,556036,-0.008560311284046662
2023-04-26,1274,1280,1238,1238,297737,-0.028257456828885363
2023-04-27,1238,1240,1208,1230,299769,-0.00646203554119551
2023-04-28,1240,1240,1211,1211,253957,-0.015447154471544766
2023-05-02,1211,1239,1205,1221,149854,0.008257638315441795
2023-05-03,1223,1231,1212,1223,128624,0.0016380016380015405
2023-05-04,1215,1224,1205,1224,173720,0.0008176614881438837
2023-05-08,1226,1243,1220,1229,125168,0.004084967320261423
2023-05-09,1229,1267,1210,1267,189650,0.030919446704637865
2023-05-10,1267,1280,1245,1250,128661,-0.013417521704814472
2023-05-11,1260,1268,1243,1259,360463,0.007200000000000095
2023-05-12,1320,1325,1255,1260,896557,0.000794281175536149
2023-05-15,1245,1252,1219,1226,257204,-0.026984126984127
2023-05-16,1226,1235,1215,1219,204161,-0.005709624796084833
2023-05-17,1222,1259,1222,1258,298992,0.03199343724364234
2023-05-18,1259,1270,1248,1265,117325,0.00556438791732905
2023-05-19,1260,1274,1250,1271,145120,0.004743083003952542
2023-05-22,1270,1274,1255,1261,75288,-0.007867820613689958
2023-05-23,1273,1295,1263,1282,201061,0.016653449643140306
2023-05-24,1280,1297,1270,1282,132923,0.0
2023-05-25,1290,1418,1286,1370,2599954,0.06864274570982842
2023-05-26,1358,1390,1334,1355,458101,-0.010948905109489093
2023-05-30,1357,1365,1343,1362,242931,0.005166051660516535
2023-05-31,1364,1413,1353,1383,507348,0.01541850220264318
2023-06-01,1380,1423,1370,1404,303747,0.015184381778741818
2023-06-02,1405,1415,1380,1393,164683,-0.007834757834757844
2023-06-05,1410,1782,1375,1508,27550711,0.08255563531945431
2023-06-07,1509,1842,1488,1680,36364822,0.11405835543766574
2023-06-08,1652,1673,1600,1620,3312385,-0.0357142857142857
2023-06-09,1653,1655,1565,1567,2185861,-0.032716049382715995
2023-06-12,1566,1635,1534,1553,2755134,-0.00893426930440333
2023-06-13,1541,1572,1538,1564,850035,0.007083065035415226
2023-06-14,1545,1567,1508,1526,841194,-0.024296675191815886
2023-06-15,1533,1546,1488,1511,784755,-0.009829619921362998
2023-06-16,1523,1571,1517,1538,686019,0.01786896095301116
2023-06-19,1524,1564,1513,1557,481900,0.012353706111833507
2023-06-20,1550,1572,1535,1551,403513,-0.003853564547206201
2023-06-21,1550,1560,1510,1530,361920,-0.013539651837524147
2023-06-22,1514,1544,1505,1512,215302,-0.0117647058823529
2023-06-23,1551,1706,1496,1503,5272711,-0.005952380952380931
2023-06-26,1520,1595,1480,1565,2097494,0.041250831669993326
2023-06-27,1563,1590,1541,1580,944413,0.009584664536741228
2023-06-28,1580,1588,1509,1514,780129,-0.04177215189873418
2023-06-29,1515,1519,1445,1450,716123,-0.042272126816380484
2023-06-30,1435,1467,1401,1451,441466,0.0006896551724138167
2023-07-03,1466,1478,1421,1444,293176,-0.004824259131633313
2023-07-04,1444,1444,1405,1415,195577,-0.020083102493074767
2023-07-05,1409,1439,1408,1416,144966,0.0007067137809186885
2023-07-06,1416,1440,1383,1387,344159,-0.020480225988700584
2023-07-07,1385,1408,1381,1395,139447,0.005767844268204758
2023-07-10,1397,1421,1384,1400,165846,0.0035842293906809264
2023-07-11,1390,1425,1390,1407,71400,0.004999999999999893
2023-07-12,1407,1423,1399,1412,164262,0.003553660270078085
2023-07-13,1412,1439,1410,1425,129324,0.009206798866855603
2023-07-14,1412,1424,1384,1396,128999,-0.020350877192982453
2023-07-17,1396,1421,1371,1419,108422,0.016475644699140313
2023-07-18,1400,1400,1320,1362,746808,-0.04016913319238902
2023-07-19,1362,1364,1333,1340,207859,-0.016152716593245242
2023-07-20,1350,1375,1320,1363,141677,0.01716417910447765
2023-07-21,1376,1376,1321,1333,95395,-0.022010271460014663
2023-07-24,1346,1346,1261,1287,366842,-0.03450862715678915
2023-07-25,1267,1297,1261,1285,221000,-0.0015540015540015384
2023-07-26,1285,1291,1211,1251,469213,-0.026459143968871612
2023-07-27,1251,1260,1234,1243,125362,-0.006394884092725817
2023-07-28,1240,1275,1221,1252,107545,0.007240547063555924
2023-07-31,1257,1290,1250,1290,128108,0.030351437699680517
2023-08-01,1290,1309,1279,1301,97777,0.00852713178294584
2023-08-02,1301,1400,1270,1331,857247,0.02305918524212136
2023-08-03,1331,1350,1230,1301,351799,-0.02253944402704733
2023-08-04,1300,1343,1282,1303,145702,0.001537279016141424
2023-08-07,1319,1319,1289,1301,91566,-0.0015349194167306734
2023-08-08,1294,1691,1292,1691,47246708,0.2997694081475788
2023-08-09,1969,2045,1616,1662,44511381,-0.01714961561206385
2023-08-10,1682,1686,1515,1541,7316461,-0.0728038507821901
2023-08-11,1541,1571,1495,1509,4143642,-0.020765736534717694
2023-08-14,1509,1921,1497,1740,65879734,0.1530815109343937
2023-08-16,1740,2020,1716,1785,41145415,0.02586206896551735
2023-08-17,1677,1687,1517,1617,6933210,-0.09411764705882353
2023-08-18,1563,1584,1425,1482,3576817,-0.08348794063079779
2023-08-21,1450,1550,1445,1445,2407476,-0.02496626180836703
2023-08-22,1441,1446,1399,1405,1645434,-0.02768166089965396
2023-08-23,1427,1826,1411,1826,12027413,0.2996441281138791
2023-08-24,2370,2370,2180,2265,69450279,0.24041621029572835
2023-08-25,2280,2670,2250,2290,60429199,0.011037527593819041
2023-08-28,2320,2905,2105,2750,94132927,0.20087336244541487
2023-08-29,2745,2745,2460,2500,8248325,-0.09090909090909094
2023-08-30,2525,2600,2450,2595,4582036,0.038000000000000034
2023-08-31,2595,2630,2480,2500,3709864,-0.036608863198458574
2023-09-01,2515,2595,2270,2330,11310325,-0.06799999999999995
2023-09-04,2280,2350,2205,2230,5458982,-0.0429184549356223
2023-09-05,2260,2585,2130,2280,57718204,0.022421524663677195
2023-09-06,2290,2365,2170,2200,6749105,-0.03508771929824561
2023-09-07,2170,2310,2025,2070,14185676,-0.05909090909090908
2023-09-08,2010,2060,1900,1960,7266818,-0.0531400966183575
2023-09-11,1921,1950,1857,1868,3753883,-0.04693877551020409
2023-09-12,1979,2265,1944,2005,38959457,0.07334047109207709
2023-09-13,1940,1955,1818,1822,4623596,-0.09127182044887783
2023-09-14,1800,2080,1785,1955,13828342,0.07299670691547755
2023-09-15,1952,2180,1923,1969,12114650,0.00716112531969304
2023-09-18,1986,2035,1915,1937,1928979,-0.016251904520060978
2023-09-19,1950,1991,1854,1895,2619140,-0.02168301497160563
2023-09-20,1895,2325,1871,2115,45615419,0.11609498680738795
2023-09-21,2140,2410,2100,2140,38152152,0.011820330969267046
2023-09-22,2080,2245,1950,1967,9283509,-0.08084112149532707
2023-09-25,1982,2035,1825,1834,4098750,-0.06761565836298933
2023-09-26,1812,1872,1725,1725,2675296,-0.05943293347873502
2023-09-27,1690,1723,1660,1697,1875208,-0.016231884057971047
2023-10-04,1692,1692,1621,1621,1307742,-0.044784914555097255
2023-10-05,1621,1665,1609,1622,1248737,0.0006169031462059937
2023-10-06,1820,2105,1811,2105,18375348,0.2977805178791615
2023-10-10,2300,2650,2150,2495,89173294,0.18527315914489306
2023-10-11,2575,2705,2440,2525,27681904,0.012024048096192397
2023-10-12,2565,2735,2455,2630,30169115,0.04158415841584162
2023-10-13,2480,2490,2270,2335,10227113,-0.11216730038022815
2023-10-16,2300,2305,2180,2200,5381529,-0.05781584582441113
2023-10-17,2200,2355,2130,2200,17508798,0.0
2023-10-18,2130,2260,2025,2060,7582625,-0.0636363636363636
2023-10-19,2050,2200,1999,2010,8282324,-0.024271844660194164
2023-10-20,1930,2330,1916,2085,35337756,0.03731343283582089
2023-10-23,2010,2215,1960,2070,9946256,-0.007194244604316502
2023-10-24,2085,2280,2005,2120,8917263,0.024154589371980784
2023-10-25,2175,2350,2050,2240,17642476,0.05660377358490565
2023-10-26,2115,2115,1995,2010,4396706,-0.1026785714285714
2023-10-27,2010,2015,1912,1973,2008794,-0.018407960199004925
2023-10-30,1973,2065,1961,2055,1991491,0.04156107450582858
2023-10-31,2070,2110,1973,1996,2119307,-0.02871046228710461
2023-11-01,2005,2070,2000,2020,1597776,0.012024048096192397
2023-11-02,2090,2145,2020,2140,3233815,0.05940594059405946
2023-11-03,2115,2125,2030,2095,1963041,-0.0210280373831776
2023-11-06,2110,2175,2045,2095,3469260,0.0
2023-11-07,2060,2080,1953,1993,2343128,-0.04868735083532216
2023-11-08,2015,2025,1885,1897,1988614,-0.048168590065228334
2023-11-09,1897,1940,1817,1823,1050630,-0.03900896151818656
2023-11-10,1820,1820,1751,1775,872085,-0.026330224904004385
2023-11-13,1759,1860,1758,1815,1346721,0.022535211267605604
2023-11-14,1820,1888,1820,1879,764246,0.03526170798898076
2023-11-15,1891,1940,1860,1860,1797535,-0.010111761575306022
2023-11-16,1860,1879,1825,1827,716559,-0.01774193548387093
2023-11-17,1836,1840,1758,1803,1012013,-0.013136288998357948
2023-11-20,1802,1829,1780,1829,714788,0.014420410427065988
2023-11-21,1830,1895,1815,1872,1247534,0.023510114816839733
2023-11-22,1863,1867,1792,1847,1094820,-0.013354700854700807
2023-11-23,1863,1899,1800,1801,1220963,-0.024905251759610225
2023-11-24,1787,1812,1770,1783,716711,-0.009994447529150463
2023-11-27,1796,1797,1700,1702,996202,-0.04542905215928206
2023-11-28,1752,1792,1703,1753,1129361,0.029964747356051813
2023-11-29,1754,1774,1711,1732,741536,-0.01197946377638337
2023-11-30,1734,1763,1728,1753,484936,0.012124711316397141
2023-12-01,1758,1759,1721,1721,502891,-0.01825442099258412
2023-12-04,1711,1738,1666,1723,704360,0.0011621150493899002
2023-12-05,1811,2050,1768,1790,13640678,0.038885664538595544
2023-12-06,1804,1924,1753,1870,4027870,0.04469273743016755
2023-12-07,1880,1881,1789,1796,1153216,-0.039572192513368964
2023-12-08,1801,1840,1785,1795,920473,-0.000556792873051215
2023-12-11,1800,2240,1790,2015,27789978,0.12256267409470745
2023-12-12,2000,2085,1915,1976,7171333,-0.01935483870967747
2023-12-13,1948,2100,1948,1950,5254307,-0.013157894736842146
2023-12-14,1999,1999,1864,1904,1786183,-0.02358974358974364
2023-12-15,1900,1920,1868,1898,955371,-0.0031512605042016695
2023-12-18,1898,1911,1869,1886,911497,-0.006322444678609096
2023-12-19,1899,1925,1869,1887,1012041,0.0005302226935313126
2023-12-20,1879,1911,1850,1863,938509,-0.012718600953895098
2023-12-21,1846,1858,1816,1850,752765,-0.006977992485238893
2023-12-22,1862,1940,1820,1830,2214369,-0.010810810810810811
2023-12-26,1832,1845,1745,1750,946262,-0.04371584699453557
2023-12-27,1736,1774,1725,1762,601252,0.006857142857142895
2023-12-28,1775,1776,1725,1750,609392,-0.006810442678774176
2024-01-02,1750,1777,1731,1774,433338,0.01371428571428579
2024-01-03,1774,1774,1745,1753,384180,-0.01183765501691092
2024-01-04,1754,1820,1744,1794,996235,0.0233884768967485
2024-01-05,1816,1835,1763,1786,764602,-0.004459308807134854
2024-01-08,1791,1851,1770,1851,1167311,0.03639417693169089
2024-01-09,1920,1920,1834,1853,1127905,0.0010804970286331095
2024-01-10,1870,1945,1820,1874,2766595,0.011332973556394954
2024-01-11,1874,1940,1820,1880,1502097,0.0032017075773747017
2024-01-12,1883,1888,1819,1820,691129,-0.03191489361702127
2024-01-15,1800,1819,1769,1779,518993,-0.02252747252747256
2024-01-16,1768,1819,1745,1760,426494,-0.010680157391793177
2024-01-17,1753,1777,1686,1709,577884,-0.028977272727272685
2024-01-18,1709,1735,1701,1735,293427,0.015213575190169637
2024-01-19,1735,1775,1730,1752,297903,0.009798270893371708
2024-01-22,1765,1802,1748,1784,592692,0.0182648401826484
2024-01-23,1786,1797,1751,1755,462625,-0.016255605381165883
2024-01-24,1750,1768,1713,1720,412292,-0.019943019943019946
2024-01-25,1718,1738,1673,1680,456468,-0.023255813953488413
2024-01-26,1680,1727,1672,1693,290315,0.007738095238095211
2024-01-29,1700,1753,1674,1692,418588,-0.0005906674542233148
2024-01-30,1710,1711,1642,1650,355497,-0.024822695035460973
2024-01-31,1650,1669,1630,1632,273493,-0.010909090909090868
2024-02-01,1632,1643,1577,1600,354824,-0.019607843137254943
2024-02-02,1601,1670,1600,1638,339251,0.023749999999999938
2024-02-05,1620,1652,1616,1637,272434,-0.0006105006105006083
2024-02-06,1620,1635,1590,1596,279856,-0.02504581551618812
2024-02-07,1598,1612,1580,1609,198236,0.008145363408521344
2024-02-08,1601,1664,1601,1640,390739,0.019266625233063994
2024-02-13,1669,1777,1656,1770,1153379,0.0792682926829269
2024-02-14,1771,1811,1743,1794,619879,0.013559322033898313
2024-02-15,1803,1910,1794,1842,2166787,0.026755852842809347
2024-02-16,1850,1891,1810,1834,880008,-0.004343105320304019
2024-02-19,1820,1871,1800,1816,747112,-0.009814612868047967
2024-02-20,1816,1816,1770,1789,430058,-0.014867841409691662
2024-02-21,1790,1809,1730,1767,478912,-0.012297372833985465
2024-02-22,1777,1811,1741,1770,546803,0.001697792869269854
2024-02-23,1780,1837,1732,1753,578333,-0.009604519774011333
2024-02-26,1780,1780,1699,1708,530918,-0.02567027952082146
2024-02-27,1701,1725,1661,1688,422788,-0.011709601873536313
2024-02-28,1699,1726,1675,1688,261685,0.0
2024-02-29,1688,1698,1655,1684,330974,-0.0023696682464454666
2024-03-04,1665,1715,1665,1670,302902,-0.008313539192399078
2024-03-05,1670,1725,1667,1691,513223,0.012574850299401197
2024-03-06,1678,1837,1650,1755,2208466,0.03784742755765813
2024-03-07,1739,1755,1693,1708,680236,-0.02678062678062676
2024-03-08,1712,1785,1705,1713,600312,0.0029274004683841337
2024-03-11,1720,1720,1663,1679,383446,-0.019848219497956787
2024-03-12,1679,1685,1652,1655,355154,-0.01429422275163783
2024-03-13,1660,1667,1610,1634,453334,-0.012688821752265822
2024-03-14,1645,1648,1605,1621,372854,-0.00795593635250913
2024-03-15,1615,1657,1612,1621,314000,0.0
2024-03-18,1659,1660,1619,1646,222348,0.015422578655151176
2024-03-19,1650,1728,1606,1728,1039570,0.049817739975698716
2024-03-20,1689,1689,1621,1628,654680,-0.05787037037037035
2024-03-21,1628,1635,1611,1611,355081,-0.010442260442260487
2024-03-22,1613,1628,1601,1625,223655,0.008690254500310468
2024-03-25,1635,1637,1611,1626,238634,0.0006153846153846843
2024-03-26,1630,1711,1630,1700,896957,0.045510455104551095
2024-03-27,1700,1869,1638,1638,5115325,-0.036470588235294144
2024-03-28,1640,1696,1630,1638,797177,0.0
2024-03-29,1639,1665,1619,1624,302384,-0.008547008547008517
2024-04-01,1625,1660,1625,1640,164412,0.009852216748768461
2024-04-02,1640,1653,1601,1614,372619,-0.01585365853658538
2024-04-03,1630,1630,1590,1600,230069,-0.008674101610904539
2024-04-04,1596,1615,1595,1601,168540,0.0006250000000000977
2024-04-05,1599,1599,1570,1583,283378,-0.01124297314178635
2024-04-08,1599,1600,1533,1535,258277,-0.03032217308907137
2024-04-09,1530,1552,1511,1540,174340,0.0032573289902280145
2024-04-11,1507,1540,1490,1500,183728,-0.025974025974025983
2024-04-12,1522,1533,1493,1528,104731,0.01866666666666661
2024-04-15,1515,1520,1450,1491,171155,-0.024214659685863893
2024-04-16,1491,1500,1435,1442,212390,-0.032863849765258246
2024-04-17,1475,1477,1432,1443,122342,0.0006934812760055475
2024-04-18,1430,1505,1430,1500,155054,0.03950103950103956
2024-04-19,1500,1500,1400,1413,302460,-0.05800000000000005
2024-04-22,1400,1449,1397,1423,148748,0.007077140835102691
2024-04-23,1440,1456,1410,1432,137087,0.006324666198172846
2024-04-24,1432,1467,1430,1460,117626,0.019553072625698276
2024-04-25,1466,1466,1440,1442,107060,-0.012328767123287676
2024-04-26,1457,1495,1440,1459,178503,0.011789181692094308
2024-04-29,1459,1500,1459,1461,123440,0.001370801919122755
2024-04-30,1457,1486,1450,1451,120169,-0.006844626967830281
2024-05-02,1451,1465,1426,1454,136459,0.002067539627842896
2024-05-03,1455,1493,1455,1458,245839,0.0027510316368637433
2024-05-07,1458,1520,1458,1515,230858,0.039094650205761416
2024-05-08,1520,1539,1488,1497,125736,-0.011881188118811892
2024-05-09,1498,1520,1495,1503,130244,0.004008016032064132
2024-05-10,1503,1520,1485,1487,123673,-0.010645375914836941
2024-05-13,1487,1487,1448,1451,159309,-0.02420981842636183
2024-05-14,1451,1495,1451,1469,113935,0.012405237767057153
2024-05-16,1470,1488,1452,1481,110835,0.008168822328114445
2024-05-17,1476,1487,1460,1478,145075,-0.002025658338960179
2024-05-20,1478,1482,1433,1446,129326,-0.021650879566982417
2024-05-21,1446,1460,1406,1421,144160,-0.017289073305670866
2024-05-22,1437,1437,1397,1420,132199,-0.0007037297677692234
2024-05-23,1420,1429,1400,1409,98363,-0.007746478873239426
2024-05-24,1417,1419,1377,1401,171417,-0.005677785663591228
2024-05-27,1405,1406,1350,1390,222377,-0.00785153461812993
2024-05-28,1391,1519,1391,1434,903310,0.031654676258992875
2024-05-29,1423,1425,1391,1392,205011,-0.029288702928870314
2024-05-30,1397,1403,1360,1375,167890,-0.012212643678160884
2024-05-31,1353,1373,1351,1371,69324,-0.002909090909090861
2024-06-03,1361,1400,1360,1368,110286,-0.002188183807439792
2024-06-04,1368,1368,1330,1349,179634,-0.01388888888888884
2024-06-05,1349,1375,1300,1366,241038,0.012601927353595332
2024-06-07,1366,1381,1345,1369,70395,0.002196193265007418
2024-06-10,1350,1372,1346,1354,56864,-0.010956902848794692
2024-06-11,1361,1470,1357,1362,1065717,0.005908419497784312
2024-06-12,1355,1415,1355,1382,186792,0.014684287812041008
2024-06-13,1389,1409,1377,1377,128003,-0.00361794500723589
2024-06-14,1377,1394,1338,1394,147121,0.012345679012345734
2024-06-17,1390,1439,1371,1410,344452,0.011477761836441891
2024-06-18,1420,1458,1416,1449,376017,0.027659574468085202
2024-06-19,1454,1588,1435,1455,3998027,0.0041407867494824835
2024-06-20,1455,1464,1436,1455,241231,0.0
2024-06-21,1436,1475,1370,1437,289703,-0.012371134020618513
2024-06-24,1437,1488,1417,1448,230214,0.0076548364648574285
2024-06-25,1447,1470,1398,1414,249201,-0.023480662983425438
2024-06-26,1421,1451,1400,1413,100257,-0.0007072135785006761
2024-06-27,1407,1414,1387,1406,110812,-0.004953998584571795
2024-06-28,1400,1421,1384,1390,89441,-0.011379800853485111
2024-07-01,1380,1400,1371,1383,65375,-0.005035971223021574
2024-07-02,1383,1383,1349,1362,121921,-0.015184381778741818
2024-07-03,1366,1370,1320,1345,245535,-0.012481644640234935
2024-07-04,1343,1350,1312,1315,127680,-0.022304832713754608
2024-07-05,1316,1340,1315,1328,93226,0.009885931558935468
2024-07-08,1314,1349,1314,1340,46804,0.009036144578313143
2024-07-09,1340,1354,1325,1338,94813,-0.0014925373134327957
2024-07-10,1359,1359,1326,1335,108883,-0.0022421524663677195
2024-07-11,1335,1343,1262,1315,113174,-0.014981273408239737
2024-07-12,1301,1350,1289,1289,107929,-0.019771863117870714
2024-07-15,1289,1316,1280,1309,101699,0.015515903801396336
2024-07-16,1309,1318,1280,1288,87083,-0.016042780748663055
2024-07-17,1288,1307,1265,1270,172194,-0.013975155279503104
2024-07-18,1240,1254,1230,1244,177637,-0.020472440944881876
2024-07-19,1231,1250,1224,1245,86150,0.000803858520900258
2024-07-22,1245,1268,1192,1226,393513,-0.015261044176706817
2024-07-23,1223,1249,1205,1224,108806,-0.0016313213703099683
2024-07-24,1225,1235,1207,1207,71393,-0.01388888888888884
2024-07-25,1185,1225,1175,1206,141559,-0.0008285004142501995
2024-07-26,1224,1248,1206,1225,94624,0.015754560530679917
2024-07-29,1215,1240,1200,1207,68242,-0.014693877551020362
2024-07-30,1207,1207,1178,1180,102971,-0.02236951118475561
2024-07-31,1180,1188,1168,1186,85978,0.005084745762711895
2024-08-01,1174,1215,1174,1207,45838,0.01770657672849918
2024-08-02,1200,1200,1163,1177,71670,-0.024855012427506207
2024-08-05,1179,1179,980,1050,346016,-0.10790144435004245
2024-08-06,1051,1134,1045,1130,176844,0.07619047619047614
2024-08-07,1130,1153,1117,1132,72902,0.001769911504424737
2024-08-08,1120,1120,1085,1101,52968,-0.02738515901060068
2024-08-09,1090,1117,1090,1109,46661,0.0072661217075387086
2024-08-12,1109,1145,1088,1112,99612,0.0027051397655546428
2024-08-13,1112,1145,1100,1111,27349,-0.0008992805755395628
2024-08-14,1100,1145,1100,1145,56852,0.03060306030603055
2024-08-16,1145,1152,1058,1134,122182,-0.009606986899563297
2024-08-19,1110,1145,1081,1115,186376,-0.01675485008818345
2024-08-20,1103,1130,1100,1127,65079,0.010762331838565009
2024-08-21,1138,1147,1100,1135,75130,0.00709849157054121
2024-08-22,1127,1150,1109,1125,57870,-0.008810572687224627
2024-08-23,1240,1460,1181,1183,11700277,0.05155555555555558
2024-08-26,1188,1360,1160,1263,7330077,0.06762468300929836
2024-08-27,1261,1345,1238,1288,3791778,0.019794140934283444
2024-08-28,1279,1294,1199,1209,1109175,-0.06133540372670809
2024-08-29,1202,1219,1150,1169,385599,-0.033085194375516935
2024-08-30,1178,1221,1163,1187,455562,0.015397775876817787
2024-09-02,1187,1187,1125,1126,298328,-0.05139005897219884
2024-09-03,1135,1148,1113,1126,244877,0.0
2024-09-04,1100,1121,1089,1101,171467,-0.022202486678507993
2024-09-05,1133,1304,1124,1176,5606035,0.0681198910081744
2024-09-06,1185,1193,1107,1107,683748,-0.058673469387755084
2024-09-09,1128,1138,1087,1119,259673,0.01084010840108407
2024-09-10,1119,1121,1088,1090,241571,-0.025915996425379784
2024-09-11,1079,1130,1079,1080,171789,-0.00917431192660545
2024-09-12,1080,1120,1080,1111,139240,0.028703703703703676
2024-09-13,1118,1118,1099,1110,83310,-0.0009000900090009312
2024-09-19,1109,1125,1098,1123,135358,0.011711711711711814
2024-09-20,1114,1133,1114,1125,77169,0.0017809439002671734
2024-09-23,1130,1130,1100,1107,175454,-0.016000000000000014
2024-09-24,1120,1124,1105,1109,73479,0.0018066847335140857
2024-09-25,1120,1120,1104,1110,154515,0.0009017132551849549
2024-09-26,1119,1198,1110,1150,636129,0.03603603603603611
2024-09-27,1136,1154,1135,1144,93242,-0.00521739130434784
2024-09-30,1153,1156,1118,1118,132375,-0.022727272727272707
2024-10-02,1110,1188,1097,1110,374629,-0.007155635062611854
2024-10-04,1111,1126,1110,1121,72226,0.009909909909909809
2024-10-07,1138,1138,1109,1126,91206,0.004460303300624524
2024-10-08,1129,1129,1115,1117,80287,-0.007992895204262829
2024-10-10,1118,1136,1113,1114,124488,-0.0026857654431512445
2024-10-11,1119,1121,1110,1115,74072,0.0008976660682227244
2024-10-14,1125,1125,1105,1111,77389,-0.0035874439461883734
2024-10-15,1111,1222,1106,1135,2539952,0.021602160216021682
2024-10-16,1135,1140,1116,1118,236675,-0.0149779735682819
2024-10-17,1119,1135,1119,1129,148021,0.009838998211091132
2024-10-18,1128,1130,1115,1119,111250,-0.008857395925597866
2024-10-21,1131,1131,1111,1116,97137,-0.002680965147453085
2024-10-22,1152,1335,1132,1134,5953158,0.016129032258064502
2024-10-23,1145,1168,1136,1160,515892,0.022927689594356204
2024-10-24,1168,1190,1146,1147,647519,-0.011206896551724133
2024-10-25,1157,1188,1139,1177,518306,0.02615518744550993
2024-10-28,1177,1178,1151,1163,270232,-0.011894647408666081
2024-10-29,1185,1189,1142,1147,303761,-0.013757523645743786
2024-10-30,1164,1164,1141,1144,188211,-0.0026155187445510153
2024-10-31,1141,1200,1140,1142,163680,-0.0017482517482517723
2024-11-01,1138,1150,1109,1109,296997,-0.02889667250437833
2024-11-04,1110,1125,1099,1119,176713,0.009017132551848439
2024-11-05,1119,1128,1101,1128,98502,0.008042895442359255
2024-11-06,1127,1131,1100,1108,186605,-0.01773049645390068
2024-11-07,1108,1113,1093,1108,88158,0.0
2024-11-08,1155,1320,1130,1149,9856683,0.03700361010830333
2024-11-11,1158,1229,1149,1190,1801851,0.035683202785030455
2024-11-12,1179,1179,1140,1141,585565,-0.04117647058823526
2024-11-13,1141,1198,1122,1133,469016,-0.007011393514461006
2024-11-14,1190,1472,1165,1305,28372867,0.1518093556928508
2024-11-15,1305,1310,1215,1287,2790176,-0.01379310344827589
2024-11-18,1305,1342,1267,1315,2984505,0.02175602175602176
2024-11-19,1287,1338,1270,1322,1422957,0.005323193916349833
2024-11-20,1360,1361,1263,1263,1312786,-0.044629349470499236
2024-11-21,1281,1340,1223,1263,1656057,0.0
2024-11-22,1314,1324,1255,1256,1164163,-0.005542359461599422
2024-11-25,1285,1293,1261,1287,610944,0.02468152866242046
2024-11-26,1310,1314,1280,1282,606398,-0.0038850038850039015
2024-11-27,1287,1287,1266,1273,349570,-0.0070202808112324044
2024-11-28,1288,1320,1270,1270,999169,-0.00235663786331497
2024-11-29,1279,1350,1268,1301,1943185,0.024409448818897728
2024-12-02,1320,1378,1295,1331,3149551,0.02305918524212136
2024-12-03,1330,1361,1301,1354,1106923,0.017280240420736392
2024-12-04,1310,1346,1280,1314,1086179,-0.02954209748892167
2024-12-05,1314,1315,1217,1217,576824,-0.07382039573820398
2024-12-06,1217,1227,1120,1182,897223,-0.028759244042728005
2024-12-09,1177,1177,1071,1106,641807,-0.06429780033840948
2024-12-10,1106,1171,1106,1164,303770,0.05244122965641962
2024-12-11,1280,1503,1252,1372,17082249,0.1786941580756014
2024-12-12,1435,1590,1413,1496,24908718,0.09037900874635563
2024-12-13,1445,1449,1349,1361,3605610,-0.09024064171122992
2024-12-16,1372,1492,1368,1410,6921937,0.036002939015429725
2024-12-17,1536,1550,1374,1386,5069583,-0.017021276595744705
2024-12-18,1440,1461,1389,1400,2149582,0.010101010101010166
2024-12-19,1347,1526,1330,1423,8481432,0.01642857142857146
2024-12-20,1423,1423,1327,1345,1813356,-0.05481377371749829
2024-12-23,1400,1420,1355,1356,1161605,0.008178438661710086
2024-12-24,1358,1390,1314,1324,1224766,-0.02359882005899705
2024-12-26,1339,1361,1309,1312,712351,-0.009063444108761365
2024-12-27,1351,1479,1341,1411,9975612,0.07545731707317072
2024-12-30,1411,1460,1382,1434,3898652,0.016300496102055195
2025-01-02,1440,1445,1391,1421,1534268,-0.009065550906555142
2025-01-03,1451,1570,1435,1457,9844352,0.025334271639690265
2025-01-06,1480,1797,1462,1698,27077508,0.1654083733699383
2025-01-07,1710,1730,1580,1638,5759741,-0.035335689045936425
2025-01-08,1540,1579,1482,1494,3973599,-0.08791208791208793
2025-01-09,1380,1380,1288,1329,4017877,-0.11044176706827313
2025-01-10,1330,1337,1298,1311,1473473,-0.013544018058690765
2025-01-13,1306,1314,1225,1228,1608953,-0.06331045003813884
2025-01-14,1200,1225,1182,1225,1136375,-0.002442996742671011
2025-01-15,1242,1292,1220,1278,2644342,0.043265306122449054
2025-01-16,1345,1352,1291,1292,2890996,0.010954616588419341
2025-01-17,1302,1310,1220,1261,678243,-0.02399380804953566
2025-01-20,1249,1262,1238,1256,397165,-0.003965107057890549
2025-01-21,1255,1288,1226,1287,634936,0.02468152866242046
2025-01-22,1337,1673,1290,1673,37993835,0.2999222999222999
2025-01-23,1626,1960,1551,1770,82931848,0.05797967722653907
2025-01-24,1790,1800,1641,1660,11316928,-0.062146892655367214
2025-01-31,1709,1754,1602,1614,6335911,-0.027710843373493943
2025-02-03,1552,1567,1470,1475,3632795,-0.08612143742255263
2025-02-04,1524,1726,1519,1640,26168108,0.11186440677966103
2025-02-05,1646,1662,1602,1615,3436176,-0.015243902439024404
2025-02-06,1612,1647,1570,1580,2906026,-0.021671826625387025
2025-02-07,1555,1592,1500,1550,1523975,-0.01898734177215189
2025-02-10,1518,1536,1490,1508,1388973,-0.02709677419354839
2025-02-11,1597,1604,1500,1505,2486944,-0.0019893899204244114
2025-02-12,1490,1497,1447,1458,1101403,-0.03122923588039872
2025-02-13,1476,1497,1426,1426,1214500,-0.021947873799725626
2025-02-14,1417,1426,1398,1402,913856,-0.016830294530154277
2025-02-17,1415,1415,1389,1408,665099,0.004279600570613384
2025-02-18,1410,1424,1390,1417,863523,0.006392045454545414
2025-02-19,1417,1436,1392,1416,1026072,-0.0007057163020465218
2025-02-20,1460,1480,1389,1389,1687190,-0.01906779661016944
2025-02-21,1400,1408,1387,1399,529426,0.007199424046076208
2025-02-24,1361,1401,1361,1398,501039,-0.0007147962830593713
2025-02-25,1397,1424,1361,1370,693530,-0.02002861230329045
2025-02-26,1370,1392,1361,1380,351873,0.007299270072992803
2025-02-27,1380,1414,1361,1408,568032,0.020289855072463725
2025-02-28,1400,1401,1350,1355,495320,-0.037642045454545414
2025-03-04,1322,1342,1283,1314,608957,-0.030258302583025865
2025-03-05,1314,1378,1314,1344,531593,0.022831050228310446
2025-03-06,1339,1349,1313,1313,319707,-0.023065476190476164
2025-03-07,1300,1345,1287,1288,329991,-0.01904036557501909
2025-03-10,1288,1295,1273,1285,262545,-0.0023291925465838137
2025-03-11,1250,1275,1235,1257,338455,-0.021789883268482524
2025-03-12,1257,1311,1256,1268,274387,0.008750994431185433
2025-03-13,1321,1390,1305,1327,1968713,0.04652996845425861
2025-03-14,1364,1385,1319,1332,790750,0.0037678975131876236
2025-03-17,1387,1389,1321,1322,700273,-0.007507507507507505
2025-03-18,1332,1364,1319,1319,556800,-0.0022692889561271024
2025-03-19,1310,1320,1292,1308,495823,-0.00833965125094771
2025-03-20,1310,1315,1270,1283,248915,-0.01911314984709478
2025-03-21,1259,1284,1259,1271,284966,-0.009353078721745955
2025-03-24,1270,1291,1268,1281,150775,0.007867820613689958
2025-03-25,1299,1309,1244,1248,345314,-0.025761124121779888
2025-03-26,1237,1266,1235,1252,207425,0.0032051282051281937
2025-03-27,1237,1248,1217,1219,240087,-0.02635782747603832
2025-03-28,1223,1224,1184,1197,278279,-0.018047579983593076
2025-03-31,1197,1205,1163,1164,318091,-0.027568922305764465
2025-04-01,1164,1202,1164,1186,410548,0.018900343642611617
2025-04-02,1188,1198,1158,1158,256834,-0.02360876897133224
2025-04-03,1158,1175,1139,1159,164382,0.0008635578583764403
2025-04-04,1145,1175,1144,1171,211629,0.010353753235547991
2025-04-07,1171,1171,1090,1104,500321,-0.05721605465414181
2025-04-08,1122,1162,1115,1137,279558,0.029891304347826164
2025-04-09,1137,1140,1068,1079,284565,-0.05101143359718563
2025-04-10,1144,1144,1107,1138,340242,0.05468025949953659
2025-04-11,1130,1164,1124,1162,135418,0.02108963093145877
2025-04-14,1162,1207,1155,1202,288147,0.03442340791738374
2025-04-15,1202,1236,1190,1200,411505,-0.0016638935108153063
2025-04-16,1200,1216,1170,1173,198169,-0.022499999999999964
2025-04-17,1165,1196,1165,1195,101270,0.018755328218243772
2025-04-18,1204,1213,1185,1202,132691,0.0058577405857740406
2025-04-21,1204,1215,1194,1198,124215,-0.0033277870216306127
2025-04-22,1198,1201,1180,1195,147736,-0.0025041736227044975
2025-04-23,1202,1213,1195,1200,168339,0.004184100418409997
2025-04-24,1200,1532,1198,1413,60171485,0.1775
2025-04-25,1405,1729,1380,1558,91494432,0.10261854210898802
2025-04-28,1590,1621,1457,1471,10571665,-0.055840821566110366
2025-04-29,1499,1747,1430,1521,60793671,0.03399048266485383
2025-04-30,1505,1521,1373,1383,4659763,-0.09072978303747536
2025-05-02,1389,1493,1348,1363,5405918,-0.014461315979754197
2025-05-07,1380,1438,1350,1390,3276878,0.019809244314013208
2025-05-08,1390,1419,1358,1363,1789654,-0.01942446043165469
2025-05-09,1429,1646,1403,1492,37729480,0.09464416727806313
2025-05-12,1487,1514,1450,1496,4339503,0.002680965147453085
2025-05-13,1504,1508,1445,1445,2384848,-0.03409090909090906
2025-05-14,1502,1575,1446,1453,4651655,0.005536332179930881
2025-05-15,1460,1503,1406,1411,2971737,-0.02890571231933925
2025-05-16,1427,1427,1381,1393,1090668,-0.01275690999291279
2025-05-19,1394,1414,1380,1390,935138,-0.002153625269203152
2025-05-20,1420,1426,1385,1385,739816,-0.003597122302158251
2025-05-21,1413,1500,1395,1433,4030225,0.034657039711191384
2025-05-22,1433,1433,1365,1377,1015474,-0.03907885554780177
2025-05-23,1475,1580,1375,1377,4720962,0.0
2025-05-26,1378,1393,1371,1381,489416,0.002904865649963728
2025-05-27,1382,1436,1373,1418,1168956,0.026792179580014563
2025-05-28,1418,1431,1395,1406,696134,-0.008462623413258097
2025-05-29,1401,1404,1371,1378,850916,-0.019914651493598834
2025-05-30,1368,1385,1341,1372,476833,-0.004354136429608135
2025-06-02,1363,1377,1355,1377,394264,0.0036443148688045657
2025-06-04,1377,1405,1376,1405,527646,0.020334059549745875
2025-06-05,1405,1417,1387,1395,390722,-0.007117437722419906
2025-06-09,1397,1430,1397,1427,801117,0.022939068100358506
2025-06-10,1428,1430,1397,1405,496856,-0.015416958654519974
2025-06-11,1423,1423,1396,1405,659369,0.0
2025-06-12,1432,1440,1385,1385,1426585,-0.014234875444839812
2025-06-13,1384,1387,1346,1355,987915,-0.02166064981949456
2025-06-16,1370,1370,1325,1347,499632,-0.005904059040590437
2025-06-17,1348,1374,1336,1347,649958,0.0
2025-06-18,1345,1360,1334,1345,345073,-0.0014847809948033142
2025-06-19,1345,1368,1330,1348,568658,0.0022304832713755385
2025-06-20,1350,1350,1320,1337,564222,-0.008160237388724068
2025-06-23,1336,1336,1273,1281,858780,-0.041884816753926746
2025-06-24,1285,1520,1280,1401,34645178,0.0936768149882905
2025-06-25,1406,1491,1367,1371,9095756,-0.021413276231263434
2025-06-26,1371,1420,1324,1362,2313056,-0.006564551422319487
2025-06-27,1372,1376,1333,1333,919307,-0.021292217327459673
2025-06-30,1333,1350,1327,1338,472478,0.0037509377344335793
