Date,Open,High,Low,Close,Volume,Change
2016-01-04,4706,4747,4575,4747,374303,-0.004404362416107421
2016-01-05,4767,4767,4343,4626,425104,-0.02548978302085525
2016-01-06,4585,5171,4565,4889,1528312,0.05685257241677477
2016-01-07,4908,5110,4818,5081,861270,0.0392718347310288
2016-01-08,4959,6282,4908,5576,6023634,0.09742176736862818
2016-01-11,5535,5817,5302,5454,1232946,-0.021879483500717334
2016-01-12,5545,6201,5403,6060,4577794,0.11111111111111116
2016-01-13,5918,6201,5727,5848,1279523,-0.03498349834983494
2016-01-14,5757,5838,5302,5515,1100028,-0.056942544459644306
2016-01-15,5565,6171,5403,5757,2935949,0.04388032638259287
2016-01-18,5615,6060,5555,5980,1153076,0.03873545249261778
2016-01-19,5858,5918,5575,5687,743593,-0.048996655518394605
2016-01-20,5716,5999,5302,5515,1230732,-0.030244417091612408
2016-01-21,5595,6080,5504,6010,2146937,0.08975521305530365
2016-01-22,6110,6424,5716,5717,2287254,-0.048752079866888565
2016-01-25,5757,6141,5595,6141,1614232,0.07416477173342662
2016-01-26,6191,6585,5858,6060,2442760,-0.013190034196384981
2016-01-27,6100,6312,5959,6252,1362139,0.03168316831683171
2016-01-28,6272,6434,5878,6060,1161540,-0.030710172744721653
2016-01-29,6060,6151,5757,6060,863822,0.0
2016-02-01,6060,6323,5878,5939,988976,-0.019966996699669948
2016-02-02,5878,6040,5615,6010,1004491,0.011954874558006479
2016-02-03,6020,6171,5878,6081,1155721,0.01181364392678863
2016-02-04,6161,6262,5959,6081,995107,0.0
2016-02-05,6040,6060,5888,5959,569322,-0.02006248972208513
2016-02-11,5686,5817,4706,4828,1248711,-0.1897969457962746
2016-02-12,4666,4727,3828,4192,2196251,-0.13173156586578294
2016-02-15,4080,4424,4030,4313,721905,0.02886450381679384
2016-02-16,4333,4797,4333,4576,1172863,0.06097843728263386
2016-02-17,4636,4636,4181,4222,676500,-0.0773601398601399
2016-02-18,4292,4393,4232,4293,335897,0.01681667456181901
2016-02-19,4343,4413,4191,4414,326650,0.028185418122524952
2016-02-22,4474,4474,4262,4293,337704,-0.027412777526053422
2016-02-23,4272,4393,4020,4060,746380,-0.05427440018634988
2016-02-24,4050,4363,3848,4121,1169139,0.015024630541871975
2016-02-25,4191,4201,3949,3990,706026,-0.031788400873574374
2016-02-26,3989,4009,3898,3970,561607,-0.005012531328320802
2016-02-29,3969,3969,3535,3555,2066390,-0.10453400503778343
2016-03-02,3504,3676,3403,3555,966651,0.0
2016-03-03,3686,3868,3605,3768,1863471,0.059915611814346015
2016-03-04,3767,3878,3636,3788,684568,0.005307855626327074
2016-03-07,3757,3838,3605,3667,802029,-0.03194297782470956
2016-03-08,3696,4232,3646,3889,3398181,0.06053995091355335
2016-03-09,3929,5050,3898,5050,8295304,0.29853432759064025
2016-03-10,5282,5383,4706,5040,6185565,-0.001980198019801982
2016-03-11,4767,4848,4565,4656,2551420,-0.07619047619047614
2016-03-14,4737,5020,4403,4414,3327421,-0.05197594501718217
2016-03-15,4403,4747,4363,4636,1391198,0.05029451744449487
2016-03-16,4818,4919,4525,4525,2031631,-0.023943054357204452
2016-03-17,4545,4717,4464,4667,931861,0.031381215469613366
2016-03-18,4686,4807,4555,4566,807139,-0.021641311334904656
2016-03-21,4636,4939,4575,4848,1776091,0.06176084099868584
2016-03-22,4767,4878,4656,4667,851064,-0.03733498349834985
2016-03-23,4666,4797,4454,4545,767420,-0.026140989929290814
2016-03-24,4515,5050,4444,4869,2841015,0.07128712871287135
2016-03-25,4807,4999,4696,4929,1229653,0.012322858903265566
2016-03-28,5252,5535,4898,4990,4056364,0.012375735443294733
2016-03-29,5030,5030,4797,4818,972760,-0.03446893787575145
2016-03-30,4908,5393,4858,5232,3715442,0.08592777085927761
2016-03-31,5161,5393,5070,5313,1528541,0.015481651376146877
2016-04-01,5434,5434,5181,5242,1199762,-0.013363448146056833
2016-04-04,5242,5242,4868,5000,1397415,-0.04616558565433038
2016-04-05,4949,5191,4888,4980,1251121,-0.0040000000000000036
2016-04-06,4959,4999,4717,4788,1278075,-0.03855421686746985
2016-04-07,4767,4818,4474,4626,1044118,-0.03383458646616544
2016-04-08,4636,4959,4555,4869,1447744,0.05252918287937747
2016-04-11,4929,4939,4626,4697,645151,-0.03532552885602791
2016-04-12,4747,4898,4636,4707,724860,0.002129018522461168
2016-04-14,3737,4525,3737,4363,2106780,-0.0730826428723178
2016-04-15,4363,4413,4222,4313,462523,-0.01146000458400187
2016-04-18,4312,4353,4222,4323,327930,0.0023185717597959954
2016-04-19,4323,4323,4131,4172,527676,-0.034929447143187575
2016-04-20,4222,4262,4110,4172,346537,0.0
2016-04-21,4161,4272,4110,4161,387091,-0.002636625119846636
2016-04-22,4222,4343,4121,4252,363727,0.02186974285027632
2016-04-25,4252,4323,4181,4303,357598,0.011994355597365836
2016-04-26,4343,4595,4272,4454,1005700,0.035091796421101495
2016-04-27,4454,4565,4363,4475,456814,0.004714863044454454
2016-04-28,4484,4535,4312,4333,382128,-0.03173184357541903
2016-04-29,4282,4434,4282,4414,334163,0.018693745672744067
2016-05-02,4413,4464,4302,4343,223218,-0.01608518350702315
2016-05-03,4302,4888,4302,4717,1701548,0.08611558830301624
2016-05-04,4666,4828,4626,4677,700251,-0.008479966080135681
2016-05-09,4676,4919,4676,4919,669528,0.05174257002351945
2016-05-10,4919,5020,4807,4848,650072,-0.01443382801382398
2016-05-11,4848,4908,4646,4687,470117,-0.03320957095709576
2016-05-12,4717,4929,4706,4929,775922,0.05163217409857057
2016-05-13,4878,4908,4717,4747,573219,-0.0369243254209779
2016-05-16,4737,4848,4646,4848,461143,0.02127659574468077
2016-05-17,4838,5009,4818,4838,767404,-0.0020627062706271015
2016-05-18,4888,4908,4676,4727,643618,-0.022943365026870555
2016-05-19,4727,4858,4666,4717,593526,-0.0021155066638459674
2016-05-20,4727,4727,4464,4505,557352,-0.0449438202247191
2016-05-23,4494,4535,4262,4515,384530,0.002219755826859071
2016-05-24,4515,4535,4343,4515,468015,0.0
2016-05-25,4525,4696,4444,4677,432013,0.03588039867109627
2016-05-26,4605,4737,4605,4646,329935,-0.006628180457558308
2016-05-27,4626,4737,4616,4707,353468,0.013129573826947905
2016-05-30,4737,4929,4706,4717,887975,0.0021244954323347276
2016-05-31,4777,5413,4757,5222,5111052,0.10705957176171288
2016-06-01,5030,5070,4838,4980,1939625,-0.04634239754883185
2016-06-02,5020,5161,4979,5091,1352691,0.02228915662650599
2016-06-03,5110,6242,5110,5929,10968761,0.16460420349636617
2016-06-07,6838,7656,6464,7272,9673249,0.22651374599426544
2016-06-08,7312,7464,6292,6424,5722208,-0.11661166116611665
2016-06-09,6333,6878,6080,6606,3449835,0.02833125778331258
2016-06-10,6636,6807,6383,6636,1346122,0.004541326067211582
2016-06-13,6636,6636,6181,6212,1225171,-0.0638939119951778
2016-06-14,6060,6403,5656,5838,1444623,-0.06020605280103031
2016-06-15,5999,6100,5696,5838,918492,0.0
2016-06-16,5959,5989,5514,5717,856121,-0.02072627612195954
2016-06-17,5777,5848,5333,5505,889739,-0.03708238586671331
2016-06-20,5504,5727,5434,5656,634757,0.027429609445958292
2016-06-21,5565,6100,5565,5687,1393910,0.0054809052333804065
2016-06-22,5686,5696,5282,5404,732259,-0.04976261649375768
2016-06-23,5353,5393,4999,5151,547617,-0.04681717246484085
2016-06-24,5151,5262,4444,5010,1337976,-0.02737332556785088
2016-06-27,4828,5413,4706,5414,678758,0.08063872255489013
2016-06-28,5333,5575,5232,5384,371446,-0.00554118950868121
2016-06-29,5444,5969,5333,5687,1040349,0.056277860326894524
2016-06-30,5777,6050,5686,5717,791973,0.005275189027606819
2016-07-01,5706,6040,5615,5889,477305,0.03008570928808818
2016-07-04,5888,5969,5737,5778,345822,-0.01884870096790625
2016-07-05,5777,6040,5686,6010,521985,0.04015230183454488
2016-07-06,6121,6121,5747,5838,400291,-0.02861896838602329
2016-07-07,5838,5999,5777,5899,227292,0.010448783830078856
2016-07-08,6020,6020,5656,5828,332025,-0.012035938294626236
2016-07-11,5828,5898,5636,5727,211433,-0.01733013040494169
2016-07-12,5727,6151,5656,5879,736964,0.026540946394272735
2016-07-13,5979,6383,5898,6192,1233563,0.05324034699778868
2016-07-14,6222,6222,5989,6172,440752,-0.003229974160206761
2016-07-15,6141,6504,6080,6262,691899,0.014581983149708266
2016-07-18,6262,6464,6151,6353,545066,0.014532098371127455
2016-07-19,6484,6484,6121,6161,430294,-0.03022194238942233
2016-07-20,6161,6211,6040,6192,311157,0.005031650706054158
2016-07-21,6201,6343,6070,6071,277251,-0.019541343669250644
2016-07-22,5989,6171,5918,6040,253860,-0.005106242793608939
2016-07-25,6070,6100,5989,6071,176049,0.00513245033112586
2016-07-26,6131,6201,5828,5919,387736,-0.025037061439631025
2016-07-27,5868,5979,5514,5586,565058,-0.05625950329447538
2016-07-28,5615,5918,5595,5868,295533,0.050483351235230955
2016-07-29,5858,5858,5686,5757,213139,-0.01891615541922287
2016-08-01,5666,5737,5403,5485,340805,-0.04724682994615248
2016-08-02,5484,5656,5484,5596,140954,0.020237010027347235
2016-08-03,5585,5666,5484,5515,141035,-0.01447462473195138
2016-08-04,5514,5585,5383,5454,193130,-0.011060743427017239
2016-08-05,5525,5575,5373,5454,117506,0.0
2016-08-08,5383,5605,5302,5464,117306,0.001833516685001868
2016-08-09,5393,5686,5393,5646,104948,0.03330893118594447
2016-08-10,5666,6424,5555,6081,1615749,0.07704569606801281
2016-08-11,6121,6232,5888,6081,583647,0.0
2016-08-12,6110,6282,6100,6212,406595,0.02154250945568159
2016-08-16,6141,6242,6009,6222,335206,0.0016097875080489654
2016-08-17,6222,6252,5898,5899,245762,-0.051912568306010876
2016-08-18,5918,6009,5838,5848,155782,-0.008645533141210415
2016-08-19,5848,6030,5828,5919,143445,0.012140902872777026
2016-08-22,5959,6040,5838,5858,155433,-0.010305794897786824
2016-08-23,5858,5918,5595,5616,278396,-0.041311027654489574
2016-08-24,5615,5706,5484,5656,190267,0.007122507122507171
2016-08-25,5656,5696,5555,5656,181210,0.0
2016-08-26,5757,5797,5444,5515,264543,-0.024929278642149888
2016-08-29,5514,5656,5424,5454,129084,-0.011060743427017239
2016-08-30,5525,5575,5393,5576,84755,0.02236890355702248
2016-08-31,5636,5636,5363,5535,131158,-0.007352941176470562
2016-09-01,5535,5575,5413,5495,118408,-0.0072267389340560095
2016-09-02,5545,5595,5434,5596,128128,0.0183803457688807
2016-09-05,5757,5757,5585,5687,176137,0.016261615439599808
2016-09-06,5686,5959,5656,5929,284161,0.042553191489361764
2016-09-07,5939,5999,5848,5929,230521,0.0
2016-09-08,6050,6201,5757,5798,241293,-0.022094788328554604
2016-09-09,5777,5939,5757,5798,121541,0.0
2016-09-12,5666,6292,5565,6192,903868,0.067954467057606
2016-09-13,6383,7343,6121,6565,6625315,0.06023901808785537
2016-09-19,6797,7393,6615,7232,3218253,0.1015993907083017
2016-09-20,7171,7434,6848,7373,1494787,0.019496681415929196
2016-09-21,7333,7393,6929,6929,886689,-0.06021972060219716
2016-09-22,6929,7030,6615,6727,672215,-0.029152835907057306
2016-09-23,6777,6787,6585,6656,345982,-0.010554481938456983
2016-09-26,6666,7050,6646,6798,422969,0.02133413461538458
2016-09-27,6656,6959,6615,6778,417386,-0.0029420417769931984
2016-09-28,6777,6868,6555,6555,352999,-0.032900560637356135
2016-09-29,6555,6666,6424,6525,320689,-0.004576659038901587
2016-09-30,6525,6565,6312,6464,231552,-0.009348659003831417
2016-10-04,6444,6727,6272,6717,222529,0.039139851485148425
2016-10-05,6696,6848,6585,6677,282799,-0.005955039452136379
2016-10-06,6686,7171,6605,6687,543042,0.0014976785981728469
2016-10-07,6605,6737,6191,6262,301703,-0.06355615373112011
2016-10-10,6262,6525,6201,6262,149832,0.0
2016-10-11,6232,6494,6211,6353,96541,0.014532098371127455
2016-10-12,6353,6353,6211,6313,121997,-0.006296237997796328
2016-10-13,6363,6363,6121,6151,123435,-0.02566133375574209
2016-10-14,6151,6333,6030,6081,175832,-0.011380263371809418
2016-10-17,6060,6424,6050,6363,256197,0.04637395165268865
2016-10-18,6413,6424,6201,6333,150928,-0.0047147571900046925
2016-10-19,6262,6504,6201,6404,198483,0.011211116374546082
2016-10-20,6474,6504,6151,6182,172253,-0.034665833853841366
2016-10-21,6211,6343,6141,6141,126841,-0.0066321578777094325
2016-10-24,6141,6454,5959,6414,542219,0.04445530043966772
2016-10-25,6333,6333,6050,6101,206940,-0.04879950109136266
2016-10-26,6110,6242,5666,6000,310286,-0.016554663169972117
2016-10-27,5858,6121,5858,6081,99038,0.013500000000000068
2016-10-28,6080,6232,5999,6050,88901,-0.005097845749054475
2016-10-31,6009,6131,5737,5828,120905,-0.03669421487603308
2016-11-01,5908,5908,5656,5747,95197,-0.013898421413864104
2016-11-02,5656,5918,5121,5414,189117,-0.05794327475204453
2016-11-03,5312,5474,5191,5343,73788,-0.01311414850387882
2016-11-04,5343,5585,5181,5545,109553,0.03780647576268015
2016-11-07,5737,5737,5555,5646,95659,0.018214607754734047
2016-11-08,5585,5737,5525,5636,69400,-0.0017711654268508514
2016-11-09,5636,5706,4646,5111,487874,-0.09315117104329307
2016-11-10,5292,5514,5252,5333,176947,0.0434357268636274
2016-11-11,5333,5484,5232,5454,115703,0.022688918057378604
2016-11-14,5444,5595,5333,5485,127351,0.0056839017235057465
2016-11-15,5484,5636,5434,5495,135599,0.001823154056517673
2016-11-16,5494,5626,5434,5596,104051,0.0183803457688807
2016-11-17,5555,5737,5494,5646,121326,0.008934953538241697
2016-11-18,5747,5757,5575,5586,134741,-0.01062699256110522
2016-11-21,5696,5696,5302,5343,138111,-0.043501611170784105
2016-11-22,5363,5454,4929,5050,575362,-0.05483810593299643
2016-11-23,5050,5100,4424,4444,488464,-0.12
2016-11-24,4484,5050,4454,4747,520538,0.06818181818181812
2016-11-25,4818,4979,4595,4909,233386,0.034126816937012805
2016-11-28,4888,5353,4878,4980,205766,0.014463230800570326
2016-11-29,4878,4969,4383,4535,1474267,-0.0893574297188755
2016-11-30,4616,4616,4383,4444,302741,-0.020066152149944894
2016-12-01,4434,4484,4282,4353,212041,-0.020477047704770435
2016-12-02,4353,4424,3939,4071,424400,-0.06478290833907652
2016-12-05,4070,4110,3717,3869,345714,-0.04961925816752644
2016-12-06,3919,4605,3898,4242,1014098,0.09640734039803567
2016-12-07,4242,4616,4242,4444,487987,0.04761904761904767
2016-12-08,4545,4595,4292,4424,230745,-0.004500450045004545
2016-12-09,4444,4454,3979,4182,652145,-0.05470162748643759
2016-12-12,4181,4393,4050,4192,292105,0.002391200382592107
2016-12-13,4191,4252,4131,4192,150488,0.0
2016-12-14,4222,4302,4161,4172,184792,-0.004770992366412208
2016-12-15,4171,4232,4121,4172,125055,0.0
2016-12-16,4201,4201,4060,4071,159880,-0.024209012464046054
2016-12-19,4040,4333,4040,4161,301705,0.022107590272660183
2016-12-20,4201,4201,4050,4131,143511,-0.007209805335255948
2016-12-21,4131,4141,3929,3980,346806,-0.0365528927620431
2016-12-22,3999,4090,3929,3970,135132,-0.002512562814070307
2016-12-23,3959,4080,3949,4060,118176,0.02267002518891692
2016-12-26,4030,4100,3939,3980,136125,-0.019704433497536922
2016-12-27,4030,4030,3818,3869,169075,-0.02788944723618092
2016-12-28,3868,3888,3656,3667,400449,-0.05220987335228744
2016-12-29,3636,3706,3454,3626,397400,-0.011180801745295899
2017-01-02,3656,3717,3595,3656,106079,0.008273579702151146
2017-01-03,3656,3818,3646,3737,322213,0.022155361050328226
2017-01-04,3757,3979,3737,3818,385814,0.021675140487021682
2017-01-05,3828,3929,3787,3858,240703,0.010476689366160308
2017-01-06,3868,3949,3848,3919,168720,0.015811301192327543
2017-01-09,3929,3929,3828,3858,131893,-0.015565195202857818
2017-01-10,3858,3858,3737,3778,107126,-0.0207361327112493
2017-01-11,3767,3868,3717,3768,223709,-0.0026469031233457008
2017-01-12,3767,3767,3616,3727,207751,-0.010881104033970246
2017-01-13,3696,3767,3575,3677,170596,-0.0134156157767642
2017-01-16,3656,3737,3555,3596,227879,-0.02202882784878979
2017-01-17,3595,3636,3393,3404,510031,-0.05339265850945496
2017-01-18,3383,3504,3383,3454,242612,0.014688601645123311
2017-01-19,3504,3616,3343,3353,509234,-0.029241459177764884
2017-01-20,3353,3515,3323,3444,403612,0.02713987473903967
2017-01-23,3393,3545,3363,3444,368245,0.0
2017-01-24,3444,3464,3272,3424,296102,-0.005807200929152101
2017-01-25,3393,3403,3262,3303,199187,-0.03533878504672894
2017-01-26,3333,3575,3313,3535,361281,0.07023917650620648
2017-01-31,3504,3989,3494,3909,1533198,0.10579915134370577
2017-02-01,3908,3919,3757,3899,422538,-0.0025581990278843447
2017-02-02,3878,3898,3686,3687,383297,-0.05437291613234163
2017-02-03,3686,3969,3636,3687,605583,0.0
2017-02-06,3757,3777,3545,3626,354571,-0.016544616219148378
2017-02-07,3626,3706,3616,3677,202933,0.014065085493656815
2017-02-08,3696,4060,3626,3889,1481619,0.05765569757954858
2017-02-09,3848,3888,3717,3838,259586,-0.013113911031113368
2017-02-10,3838,4141,3818,4020,1306659,0.047420531526836784
2017-02-13,3999,4009,3838,3899,372603,-0.030099502487562213
2017-02-14,3858,3898,3686,3717,273843,-0.04667863554757634
2017-02-15,3757,3898,3717,3899,166276,0.048964218455743946
2017-02-16,3989,4020,3807,3858,341480,-0.01051551679917928
2017-02-17,3858,3898,3737,3828,249259,-0.007776049766718529
2017-02-20,3878,3878,3717,3808,117564,-0.005224660397074143
2017-02-21,3858,3858,3646,3656,190568,-0.03991596638655459
2017-02-22,3676,3807,3636,3788,137427,0.03610503282275701
2017-02-23,3828,3828,3646,3667,181307,-0.03194297782470956
2017-02-24,3646,3696,3535,3596,254311,-0.01936187619307339
2017-02-27,3595,3626,3474,3485,149258,-0.030867630700778692
2017-02-28,3515,3515,3373,3404,217354,-0.02324246771879479
2017-03-02,3434,3464,3343,3444,154350,0.011750881316098694
2017-03-03,3393,3454,3353,3404,145949,-0.011614401858304313
2017-03-06,3373,3454,3353,3364,130727,-0.011750881316098694
2017-03-07,3363,3383,3302,3303,117342,-0.01813317479191434
2017-03-08,3373,3373,3282,3343,94672,0.0121102028458977
2017-03-09,3383,3383,3282,3333,99700,-0.0029913251570445887
2017-03-10,3323,3333,3232,3313,197211,-0.006000600060006023
2017-03-13,3313,3939,3313,3697,2219847,0.11590703290069415
2017-03-14,3676,3676,3414,3475,733182,-0.06004868812550712
2017-03-15,3424,3434,3302,3313,336409,-0.04661870503597121
2017-03-16,3363,3605,3323,3495,549414,0.054935104135224844
2017-03-17,3414,3515,3383,3434,112817,-0.017453505007153036
2017-03-20,3444,3595,3444,3566,294614,0.03843913803145016
2017-03-21,3605,3656,3525,3576,159615,0.0028042624789679227
2017-03-22,3605,3626,3454,3535,111505,-0.011465324384787423
2017-03-23,3535,3535,3373,3434,163260,-0.02857142857142858
2017-03-24,3393,3464,3323,3353,212635,-0.023587652882935406
2017-03-27,3353,3353,2363,2465,3504358,-0.26483745899194755
2017-03-28,2605,2878,2535,2687,2504687,0.09006085192697766
2017-03-29,2747,2828,2646,2697,314171,0.0037216226274656705
2017-03-30,2767,2858,2595,2616,246877,-0.030033370411568394
2017-03-31,2616,2706,2444,2606,262622,-0.003822629969418956
2017-04-03,2555,2585,2302,2444,1474335,-0.062164236377590165
2017-04-04,2484,2484,2232,2313,844288,-0.05360065466448449
2017-04-05,2353,2737,2313,2465,3078054,0.06571552096843924
2017-04-06,2454,2696,2363,2566,1441390,0.04097363083164307
2017-04-07,2575,2605,2484,2525,402319,-0.015978176149649248
2017-04-10,2565,2565,2272,2384,659901,-0.05584158415841589
2017-04-11,2464,2535,2383,2444,631748,0.025167785234899265
2017-04-12,2444,2545,2383,2454,669970,0.004091653027823217
2017-04-13,2494,2494,2353,2384,467764,-0.028524857375713086
2017-04-14,2383,2424,2242,2263,708966,-0.050755033557047025
2017-04-17,2282,2383,2252,2323,437031,0.026513477684489528
2017-04-18,2323,2565,2282,2353,1413874,0.012914334911751979
2017-04-19,2343,2403,2302,2343,463328,-0.004249893752656164
2017-04-20,2343,2424,2323,2414,268052,0.030303030303030276
2017-04-21,2434,2676,2414,2444,2190774,0.012427506213753103
2017-04-24,2403,2474,2333,2343,483580,-0.04132569558101473
2017-04-25,1953,2141,1929,2020,4976306,-0.1378574477166027
2017-04-26,2050,2161,1959,2006,1262674,-0.006930693069306937
2017-04-27,2020,2060,1941,1941,591917,-0.032402791625124605
2017-04-28,1927,1955,1628,1735,2889841,-0.10613086038124675
2017-05-02,1676,1913,1537,1776,4492420,0.023631123919308328
2017-05-04,1775,1856,1775,1802,752507,0.014639639639639546
2017-05-08,1801,1900,1801,1842,521932,0.02219755826859049
2017-05-10,1876,1876,1808,1824,713583,-0.009771986970684043
2017-05-11,1799,1884,1793,1824,317741,0.0
2017-05-12,1810,2353,1810,2212,9121332,0.21271929824561409
2017-05-15,2121,2201,2050,2071,1677985,-0.0637432188065099
2017-05-16,2100,2686,2040,2687,10993014,0.2974408498309995
2017-05-17,2767,2777,2454,2596,6515046,-0.03386676590993676
2017-05-18,2525,3212,2484,2788,13120931,0.07395993836671799
2017-05-19,2828,2979,2605,2818,3783291,0.010760401721664259
2017-05-22,2767,3131,2717,2899,3719443,0.028743789921930496
2017-05-23,2929,2939,2828,2899,902016,0.0
2017-05-24,2949,3070,2626,2687,1776000,-0.07312866505691618
2017-05-25,2646,2908,2535,2626,1475603,-0.02270189802753997
2017-05-26,2565,2727,2434,2505,1995672,-0.04607768469154605
2017-05-29,2414,2474,2373,2404,886256,-0.040319361277445065
2017-05-30,2464,2656,2403,2566,2631412,0.0673876871880199
2017-05-31,2616,2616,2454,2495,724771,-0.027669524551831692
2017-06-01,2484,2605,2424,2576,761240,0.032464929859719494
2017-06-02,2575,2818,2545,2656,2339978,0.03105590062111796
2017-06-05,2616,2666,2494,2576,561900,-0.030120481927710885
2017-06-07,2515,2585,2464,2515,494602,-0.02368012422360244
2017-06-08,0,0,0,2515,0,0.0
2017-06-09,2444,2464,2232,2283,1483139,-0.09224652087475149
2017-06-12,2121,2201,2090,2111,1690268,-0.07533946561541827
2017-06-13,2111,2171,2080,2131,783158,0.009474182851729074
2017-06-14,2151,2181,2080,2131,927959,0.0
2017-06-15,2131,2151,2040,2050,539647,-0.03801032379164715
2017-06-16,2060,2131,2030,2111,650655,0.029756097560975636
2017-06-19,2131,2535,2111,2323,7289679,0.10042633822832792
2017-06-20,2353,2525,2302,2444,2892711,0.05208781747739999
2017-06-21,2393,2666,2353,2394,3781673,-0.020458265139116194
2017-06-22,2434,2717,2343,2434,6094880,0.01670843776106934
2017-06-23,2434,2535,2424,2434,1243378,0.0
2017-06-26,2484,2504,2424,2444,638608,0.0041084634346755244
2017-06-27,2504,2757,2504,2566,6041188,0.04991816693944351
2017-06-28,2565,2595,2403,2505,1329114,-0.02377240841777084
2017-06-29,2535,2727,2504,2545,5292585,0.015968063872255467
2017-06-30,2535,2535,2434,2485,979394,-0.023575638506876273
2017-07-03,2444,2585,2424,2495,752002,0.004024144869215318
2017-07-04,2494,2525,2292,2343,1142717,-0.060921843687374744
2017-07-05,2343,2363,2222,2263,706725,-0.03414425949637212
2017-07-06,2252,2272,2201,2232,460661,-0.013698630136986356
2017-07-07,2222,2302,2191,2283,425055,0.02284946236559149
2017-07-10,2282,2292,2201,2202,362364,-0.03547963206307492
2017-07-11,2212,2545,2212,2454,4187812,0.11444141689373288
2017-07-12,2444,2525,2373,2454,1449020,0.0
2017-07-13,2605,2616,2403,2434,1499479,-0.008149959250203787
2017-07-14,2414,2444,2383,2384,483552,-0.020542317173377178
2017-07-17,2434,2454,2353,2444,402500,0.025167785234899265
2017-07-18,2525,2525,2403,2424,530399,-0.008183306055646433
2017-07-19,2424,2434,2343,2384,668490,-0.01650165016501648
2017-07-20,2393,2403,2292,2333,350069,-0.021392617449664475
2017-07-21,2343,2424,2323,2333,310834,0.0
2017-07-24,2323,2383,2302,2323,237911,-0.004286326618088254
2017-07-25,2323,2363,2252,2252,539940,-0.03056392595781321
2017-07-26,2252,2313,2181,2202,353127,-0.022202486678507993
2017-07-27,2232,2242,2121,2151,274548,-0.023160762942779245
2017-07-28,2151,2171,1692,1899,3928877,-0.11715481171548114
2017-07-31,1939,1939,1393,1414,7454216,-0.2553975776724592
2017-08-01,1416,1838,1416,1697,21648556,0.20014144271570022
2017-08-02,1694,1694,1563,1600,4771844,-0.05715969357690043
2017-08-03,1599,1838,1583,1616,7760374,0.010000000000000009
2017-08-04,1626,1692,1606,1606,1696071,-0.006188118811881194
2017-08-07,1610,1642,1595,1606,888127,0.0
2017-08-08,1606,1632,1587,1614,1078666,0.00498132004981322
2017-08-09,1606,1626,1585,1614,804110,0.0
2017-08-10,1614,1624,1575,1588,545112,-0.01610904584882278
2017-08-11,1583,1593,1456,1467,1419386,-0.07619647355163728
2017-08-14,1466,1502,1408,1414,653165,-0.03612815269256986
2017-08-16,1418,1420,1282,1321,1393593,-0.06577086280056577
2017-08-17,1345,1674,1325,1499,13288360,0.1347464042392128
2017-08-18,1500,1505,1442,1457,1689904,-0.028018679119412915
2017-08-21,1460,1496,1448,1450,1486420,-0.0048043925875085325
2017-08-22,1450,1709,1450,1545,11267286,0.06551724137931036
2017-08-23,1549,1555,1480,1491,1449265,-0.03495145631067964
2017-08-24,1494,1676,1474,1570,7478464,0.052984574111334615
2017-08-25,1557,1666,1557,1624,3114035,0.03439490445859872
2017-08-28,1624,1668,1606,1622,1077828,-0.0012315270935960854
2017-08-29,1606,1636,1575,1592,795828,-0.018495684340320562
2017-08-30,1587,1599,1543,1588,848306,-0.002512562814070307
2017-08-31,1577,1634,1565,1602,628222,0.00881612090680095
2017-09-01,1583,1593,1567,1588,667673,-0.008739076154806513
2017-09-04,1543,1581,1541,1574,419887,-0.008816120906801062
2017-09-05,1573,1597,1557,1564,453956,-0.006353240152477735
2017-09-06,1571,1593,1545,1549,384639,-0.009590792838874651
2017-09-07,1555,1676,1551,1584,1913178,0.022595222724338226
2017-09-08,1589,1652,1539,1553,1276190,-0.019570707070707072
2017-09-11,1539,1571,1535,1556,349600,0.0019317450096587585
2017-09-12,1551,1585,1543,1566,391180,0.006426735218509005
2017-09-13,1577,1595,1563,1572,397622,0.003831417624521105
2017-09-14,1571,1579,1545,1551,352168,-0.013358778625954248
2017-09-15,1537,1553,1438,1471,919951,-0.05157962604771116
2017-09-18,1450,1472,1395,1414,702186,-0.03874915023793335
2017-09-19,1424,1440,1401,1430,362119,0.011315417256011262
2017-09-20,1403,1426,1315,1345,1040439,-0.05944055944055948
2017-09-21,1345,1385,1327,1364,401899,0.014126394052044633
2017-09-22,1355,1371,1298,1321,457347,-0.03152492668621698
2017-09-25,0,0,0,1321,0,0.0
2017-09-26,1052,1191,1050,1145,1388486,-0.13323239969719913
2017-09-27,1135,1222,1135,1184,504339,0.03406113537117905
2017-09-28,1181,1276,1181,1230,511860,0.038851351351351315
2017-09-29,1272,1313,1226,1234,465388,0.003252032520325132
2017-10-10,1208,1228,1171,1174,323355,-0.0486223662884927
2017-10-11,1183,1347,1121,1156,1544133,-0.015332197614991494
2017-10-12,1161,1228,1155,1222,785865,0.05709342560553643
2017-10-13,1214,1234,1208,1224,297265,0.0016366612111293755
2017-10-16,1232,1232,1206,1206,219678,-0.014705882352941124
2017-10-17,1212,1242,1197,1212,286932,0.004975124378109541
2017-10-18,1216,1218,1151,1151,317582,-0.0503300330033003
2017-10-19,1149,1201,1145,1182,297107,0.02693310165073859
2017-10-20,1191,1214,1147,1182,349347,0.0
2017-10-23,1175,1240,1171,1230,496989,0.04060913705583746
2017-10-24,1242,1393,1226,1252,2181790,0.01788617886178856
2017-10-25,1252,1260,1214,1232,379047,-0.015974440894568676
2017-10-26,1232,1252,1193,1206,355707,-0.02110389610389607
2017-10-27,1197,1218,1193,1206,182154,0.0
2017-10-30,1208,1218,1201,1204,148245,-0.0016583747927031434
2017-10-31,1199,1206,1169,1186,292168,-0.014950166112956853
2017-11-01,1181,1204,1161,1200,257604,0.01180438448566612
2017-11-02,1201,1230,1193,1214,319518,0.011666666666666714
2017-11-03,1222,1230,1206,1222,185242,0.006589785831960571
2017-11-06,1226,1414,1218,1277,5203093,0.045008183306055605
2017-11-07,1282,1294,1236,1259,760191,-0.014095536413469056
2017-11-08,1264,1393,1258,1277,3528449,0.01429706115965046
2017-11-09,1240,1252,1212,1238,632233,-0.030540328895849678
2017-11-10,1238,1240,1216,1226,222420,-0.009693053311793265
2017-11-13,1224,1234,1201,1234,370255,0.006525285481239873
2017-11-14,1236,1307,1220,1281,582755,0.038087520259319385
2017-11-15,1274,1280,1157,1226,859175,-0.04293520686963315
2017-11-16,1212,1236,1208,1236,206552,0.00815660685154973
2017-11-17,1230,1242,1206,1232,264653,-0.003236245954692518
2017-11-20,1236,1236,1210,1216,232489,-0.012987012987012991
2017-11-21,1220,1220,1163,1182,657305,-0.02796052631578949
2017-11-22,1181,1201,1155,1158,287538,-0.02030456852791873
2017-11-23,1157,1173,1137,1162,281988,0.003454231433505983
2017-11-24,1165,1165,1133,1141,206591,-0.01807228915662651
2017-11-27,1155,1155,1129,1129,176388,-0.010517090271691454
2017-11-28,1117,1139,1107,1115,175044,-0.01240035429583708
2017-11-29,1115,1161,1092,1135,522226,0.017937219730941756
2017-11-30,1137,1474,1137,1475,4370648,0.2995594713656389
2017-12-01,1593,1888,1448,1687,22237762,0.143728813559322
2017-12-04,1612,1642,1464,1489,4552013,-0.11736810906935391
2017-12-05,1517,1616,1470,1564,3142667,0.05036937541974473
2017-12-06,1563,1626,1452,1535,2350236,-0.018542199488491007
2017-12-07,1505,1527,1363,1432,1215799,-0.06710097719869712
2017-12-08,1438,1454,1294,1295,806893,-0.09567039106145248
2017-12-11,1300,1309,1171,1275,572819,-0.015444015444015413
2017-12-12,1276,1325,1274,1309,410937,0.026666666666666616
2017-12-13,1309,1337,1260,1309,232129,0.0
2017-12-14,1309,1393,1286,1305,632464,-0.0030557677616500634
2017-12-15,1305,1573,1292,1394,3671623,0.06819923371647518
2017-12-18,1408,1547,1395,1483,1636194,0.06384505021520814
2017-12-19,1482,1492,1383,1414,693600,-0.04652730950775452
2017-12-20,1403,1448,1315,1331,481150,-0.05869872701555867
2017-12-21,1333,1494,1333,1418,1888667,0.06536438767843733
2017-12-22,1478,1626,1426,1479,5100995,0.0430183356840621
2017-12-26,1478,1515,1395,1396,874656,-0.056118999323867436
2017-12-27,1375,1414,1319,1398,509186,0.0014326647564470996
2017-12-28,1387,1500,1315,1475,1069837,0.05507868383404868
2018-01-02,1656,1888,1595,1808,5265104,0.22576271186440677
2018-01-03,1838,2131,1814,2050,4426222,0.1338495575221239
2018-01-04,2060,2181,1923,1990,1398814,-0.029268292682926855
2018-01-05,1989,2003,1939,2000,608241,0.005025125628140614
2018-01-08,2080,2424,2030,2384,2593928,0.19199999999999995
2018-01-09,2414,2626,2383,2434,2255894,0.02097315436241609
2018-01-10,2343,2363,2121,2192,1641442,-0.09942481511914547
2018-01-11,2191,2575,2191,2283,977734,0.04151459854014594
2018-01-12,2333,2403,2090,2232,585967,-0.0223390275952694
2018-01-15,2383,2424,2272,2364,658938,0.05913978494623651
2018-01-16,2363,2403,2323,2374,314408,0.004230118443316444
2018-01-17,2393,2818,2333,2586,2088712,0.08930075821398487
2018-01-18,2585,2787,2585,2768,1191417,0.07037896365042529
2018-01-19,2848,3272,2848,3192,3064683,0.15317919075144504
2018-01-22,3414,3484,2838,3131,2038642,-0.019110275689223077
2018-01-23,3191,3201,2818,3010,1338818,-0.0386458000638773
2018-01-24,3010,3010,2515,2555,1871244,-0.15116279069767447
2018-01-25,2605,2777,2575,2697,954060,0.05557729941291578
2018-01-26,2717,2838,2626,2727,700503,0.011123470522803158
2018-01-29,2757,3010,2706,2869,1252388,0.05207187385405199
2018-01-30,2908,3010,2858,3010,786065,0.049146043917741356
2018-01-31,3020,3333,3020,3263,1964929,0.08405315614617948
2018-02-01,3262,3262,2818,2959,2073154,-0.09316579834508121
2018-02-02,3010,3030,2767,2818,722826,-0.047651233524839465
2018-02-05,2737,2747,2646,2667,335739,-0.05358410220014198
2018-02-06,2474,2626,2424,2555,766106,-0.04199475065616798
2018-02-07,2626,2696,2535,2545,659322,-0.003913894324853229
2018-02-08,2616,2636,2464,2555,374568,0.003929273084479323
2018-02-09,2222,3030,2222,2818,3346220,0.10293542074363993
2018-02-12,2858,3121,2818,2869,819091,0.01809794180269697
2018-02-13,2908,2908,2626,2727,687741,-0.049494597420704056
2018-02-14,2747,2787,2636,2768,297386,0.015034836817015007
2018-02-19,2767,2828,2737,2768,179424,0.0
2018-02-20,2767,2787,2535,2535,619344,-0.08417630057803471
2018-02-21,2565,2585,2484,2525,426718,-0.0039447731755424265
2018-02-22,2525,2666,2525,2636,305080,0.043960396039604
2018-02-23,2605,2676,2595,2616,137073,-0.007587253414264028
2018-02-26,2626,2626,2504,2535,328781,-0.03096330275229353
2018-02-27,2565,2676,2464,2677,348181,0.05601577909270228
2018-02-28,2797,2939,2747,2788,1919711,0.04146432573776626
2018-03-02,2787,2888,2525,2808,788313,0.007173601147776099
2018-03-05,2848,3111,2848,3111,2069356,0.10790598290598297
2018-03-06,3333,4040,3333,3707,5861012,0.1915782706525233
2018-03-07,3838,3838,3010,3030,3737870,-0.18262746155921228
2018-03-08,3010,3323,2828,3202,1549240,0.05676567656765674
2018-03-09,3171,3535,3171,3172,1517889,-0.00936914428482194
2018-03-12,3212,3323,3111,3192,733814,0.006305170239596425
2018-03-13,2939,3232,2848,3121,947630,-0.02224310776942351
2018-03-14,3060,3201,3060,3172,305502,0.016340916372957315
2018-03-15,3201,3201,3070,3111,284718,-0.019230769230769273
2018-03-16,3111,3292,3050,3202,411701,0.02925104468016726
2018-03-19,3161,3262,3131,3162,386808,-0.012492192379762623
2018-03-20,3191,3191,3010,3050,455450,-0.035420619860847546
2018-03-21,3100,3181,3030,3030,396025,-0.006557377049180357
2018-03-22,3030,3151,2858,3121,395881,0.030033003300329986
2018-03-23,3121,3181,3040,3050,280165,-0.02274911887215636
2018-03-26,3030,3181,2969,3040,201628,-0.003278688524590123
2018-03-27,3131,3131,3020,3030,165959,-0.003289473684210509
2018-03-28,3020,3090,2939,2959,214157,-0.023432343234323416
2018-03-29,3030,3050,2898,2939,152408,-0.006759040216289258
2018-03-30,2949,2989,2908,2939,194682,0.0
2018-04-02,2959,3020,2858,2909,243049,-0.010207553589656304
2018-04-03,2939,2939,2838,2899,159195,-0.0034376074252320254
2018-04-04,2898,2898,2767,2808,331464,-0.03139013452914796
2018-04-05,2868,2868,2686,2747,296564,-0.021723646723646683
2018-04-06,2656,2767,2626,2747,269171,0.0
2018-04-09,2737,3020,2737,2939,511582,0.06989443028758635
2018-04-10,2898,2969,2878,2939,164375,0.0
2018-04-11,2949,3494,2919,3162,1730601,0.07587614834977874
2018-04-12,3191,3363,3111,3232,539583,0.0221378874130298
2018-04-13,3232,3333,3161,3232,434063,0.0
2018-04-16,3292,3292,2969,3172,421874,-0.01856435643564358
2018-04-17,3171,3181,3090,3141,150950,-0.009773013871374525
2018-04-18,3111,3161,3050,3071,175524,-0.02228589621139765
2018-04-19,3070,3161,2989,3131,315602,0.01953760989905562
2018-04-20,3131,3131,3030,3091,174661,-0.012775471095496593
2018-04-23,3090,3181,3070,3141,388266,0.016175994823681705
2018-04-24,3181,3494,3111,3192,956247,0.01623686723973261
2018-04-25,3232,3434,3171,3283,1107610,0.028508771929824483
2018-04-26,3323,3323,3191,3222,325234,-0.018580566554980193
2018-04-27,3252,3252,3090,3141,282816,-0.025139664804469275
2018-04-30,3242,3696,3070,3212,4672869,0.022604266157274733
2018-05-02,3212,3222,3030,3101,958235,-0.034557907845579106
2018-05-03,3100,3100,2969,3040,353799,-0.01967107384714606
2018-05-04,3070,3191,3040,3091,272320,0.016776315789473584
2018-05-08,3070,3090,2959,3000,221362,-0.02944031057910057
2018-05-09,2999,3090,2777,3000,388855,0.0
2018-05-10,3030,3090,2969,3061,207134,0.020333333333333314
2018-05-11,3060,3121,3020,3071,133346,0.0032669062397909787
2018-05-14,3100,3111,2999,3050,208672,-0.006838163464669478
2018-05-15,3070,3070,2969,3010,103229,-0.013114754098360604
2018-05-16,3020,3020,2848,2889,238874,-0.04019933554817279
2018-05-17,2888,2939,2828,2879,208243,-0.00346140533056416
2018-05-18,2878,2888,2787,2879,154191,0.0
2018-05-21,2878,2878,2787,2838,139583,-0.014241055922195156
2018-05-23,2828,2828,2717,2727,146214,-0.039112050739957716
2018-05-24,2747,2868,2747,2858,151986,0.048038137147047966
2018-05-25,2737,2888,2717,2858,210118,0.0
2018-05-28,2858,3111,2747,2929,778788,0.02484254723582935
2018-05-29,2929,2969,2777,2828,216990,-0.03448275862068961
2018-05-30,2787,2828,2757,2768,139585,-0.021216407355021172
2018-05-31,2767,2828,2686,2737,135272,-0.011199421965317868
2018-06-01,2737,2737,2646,2707,168355,-0.010960906101571077
2018-06-04,2706,2717,2626,2707,88115,0.0
2018-06-05,2717,2727,2585,2656,156441,-0.018840044329516026
2018-06-07,2626,2676,2545,2576,217461,-0.030120481927710885
2018-06-08,2595,2656,2585,2616,193185,0.01552795031055898
2018-06-11,2646,2646,2585,2596,43532,-0.007645259938837912
2018-06-12,2565,2616,2535,2535,175634,-0.023497688751926038
2018-06-14,2484,2585,2474,2495,113807,-0.015779092702169595
2018-06-15,2494,2575,2484,2505,86808,0.004008016032064132
2018-06-18,2575,2575,2414,2424,140541,-0.03233532934131733
2018-06-19,2454,2464,2232,2374,260297,-0.020627062706270682
2018-06-20,2393,2403,2313,2343,94481,-0.013058129738837354
2018-06-21,2383,2504,2272,2323,167468,-0.008536064874093086
2018-06-22,2323,2323,2151,2202,210620,-0.05208781747739988
2018-06-25,2262,2272,2121,2192,138648,-0.004541326067211582
2018-06-26,2121,2201,2111,2202,100584,0.0045620437956204185
2018-06-27,2212,2838,2181,2424,2340648,0.10081743869209814
2018-06-28,2353,2403,2282,2303,237422,-0.049917491749174925
2018-06-29,2323,2797,2323,2566,1321164,0.11419887103777682
2018-07-02,2565,2706,2464,2626,253571,0.023382696804364667
2018-07-03,2656,2696,2565,2586,200903,-0.015232292460015229
2018-07-04,2585,2626,2515,2555,79592,-0.011987625676720848
2018-07-05,2515,2585,2454,2515,117021,-0.015655577299412915
2018-07-06,2515,2545,2434,2525,103719,0.003976143141153132
2018-07-09,2565,2585,2393,2454,169742,-0.028118811881188144
2018-07-10,2474,2515,2434,2475,117265,0.008557457212713837
2018-07-11,2494,2494,2373,2404,110518,-0.02868686868686865
2018-07-12,2424,2424,2363,2404,73352,0.0
2018-07-13,2424,2424,2353,2404,91168,0.0
2018-07-16,2424,2444,2353,2414,49387,0.004159733777038266
2018-07-17,2373,2434,2363,2394,79012,-0.008285004142502106
2018-07-18,2414,2424,2363,2404,94060,0.00417710944026739
2018-07-19,2343,2414,2302,2384,62231,-0.008319467554076532
2018-07-20,2393,2393,2343,2384,84995,0.0
2018-07-23,2393,2403,2323,2364,101095,-0.008389261744966459
2018-07-24,2373,2373,2302,2313,85302,-0.021573604060913687
2018-07-25,2323,2323,2242,2263,58763,-0.02161694768698663
2018-07-26,2282,2282,2191,2222,111766,-0.018117543084401277
2018-07-27,2242,2706,2222,2364,1668186,0.063906390639064
2018-07-30,2313,2434,2313,2364,97693,0.0
2018-07-31,2383,2504,2323,2454,205887,0.038071065989847774
2018-08-01,2474,2474,2424,2444,47133,-0.004074979625101838
2018-08-02,2474,2504,2424,2495,136949,0.020867430441898538
2018-08-03,2484,2515,2464,2495,67214,0.0
2018-08-06,2525,2525,2464,2495,83594,0.0
2018-08-07,2504,2504,2434,2485,102996,-0.004008016032064132
2018-08-08,2424,2656,2363,2505,867784,0.008048289738430636
2018-08-09,2484,2565,2454,2545,136160,0.015968063872255467
2018-08-10,2595,2595,2525,2566,127526,0.008251473477406623
2018-08-13,2585,2585,2424,2444,141854,-0.04754481683554168
2018-08-14,2444,2777,2323,2535,768826,0.037234042553191404
2018-08-16,2535,2605,2494,2505,118632,-0.011834319526627168
2018-08-17,2504,2585,2504,2566,93681,0.024351297405189598
2018-08-20,2565,2605,2545,2566,96370,0.0
2018-08-21,2585,2585,2504,2566,74601,0.0
2018-08-22,2515,2565,2272,2404,1336413,-0.06313328137178487
2018-08-23,2403,2403,2302,2364,139329,-0.016638935108153063
2018-08-24,2373,2383,2343,2353,113421,-0.004653130287648022
2018-08-27,2353,2373,2343,2374,125081,0.008924776880578023
2018-08-28,2393,2474,2333,2444,149609,0.02948609941027791
2018-08-29,2454,2474,2414,2475,69013,0.012684124386252105
2018-08-30,2494,2515,2474,2475,102213,0.0
2018-08-31,2464,2494,2454,2475,67673,0.0
2018-09-03,2474,2515,2474,2495,61385,0.008080808080808133
2018-09-04,2494,2515,2474,2495,61852,0.0
2018-09-05,2585,2585,2464,2465,80440,-0.012024048096192397
2018-09-06,2494,2494,2444,2454,43042,-0.0044624746450304675
2018-09-07,2444,2454,2383,2444,150464,-0.004074979625101838
2018-09-10,2424,2474,2403,2424,66362,-0.008183306055646433
2018-09-11,2464,2464,2383,2434,153163,0.004125412541254203
2018-09-12,2444,2525,2393,2404,314895,-0.01232539030402624
2018-09-13,2403,2464,2393,2404,90013,0.0
2018-09-14,2444,2494,2403,2434,123928,0.012479201331114798
2018-09-17,2484,2494,2292,2374,165955,-0.02465078060805259
2018-09-18,2424,2424,2191,2343,848426,-0.013058129738837354
2018-09-19,2292,2363,2222,2333,186494,-0.004268032437046543
2018-09-20,2262,2454,2161,2313,858972,-0.00857265323617662
2018-09-21,2302,2302,2222,2303,219210,-0.004323389537397304
2018-09-27,2484,2504,2333,2353,312287,0.021710811984368306
2018-09-28,2353,2393,2282,2364,145071,0.004674883127921747
2018-10-01,2373,2373,2302,2303,48613,-0.02580372250423013
2018-10-02,2323,2323,2222,2273,140866,-0.013026487190620939
2018-10-04,2282,2292,2141,2141,146956,-0.05807303123625163
2018-10-05,2131,2161,2030,2141,194079,0.0
2018-10-08,2141,2171,2100,2151,80257,0.004670714619336769
2018-10-10,2161,2222,2090,2141,176683,-0.004649000464900022
2018-10-11,2141,2141,2050,2111,186930,-0.014012143858010306
2018-10-12,2121,2181,2080,2172,85281,0.028896257697773597
2018-10-15,2171,2201,2121,2162,49706,-0.004604051565377576
2018-10-16,2161,2191,2090,2151,37378,-0.005087881591119281
2018-10-17,2161,2161,2111,2162,13747,0.005113900511390046
2018-10-18,2171,2171,2111,2162,26761,0.0
2018-10-19,2161,2181,2121,2162,64550,0.0
2018-10-22,2171,2222,2151,2202,90788,0.018501387604070274
2018-10-23,2212,2575,2201,2333,1001260,0.059491371480472344
2018-10-24,2333,2363,2222,2242,161969,-0.039005572224603546
2018-10-25,2242,2242,2131,2212,96524,-0.01338090990187335
2018-10-26,2212,2212,2100,2121,89918,-0.04113924050632911
2018-10-29,2040,2161,2020,2061,124435,-0.028288543140028266
2018-10-30,2282,2676,2161,2222,2472033,0.07811741872877254
2018-10-31,2191,2333,2161,2222,374589,0.0
2018-11-01,2252,2525,2191,2283,1451812,0.027452745274527457
2018-11-02,2292,2343,2262,2313,136904,0.013140604467805517
2018-11-05,2333,2333,2272,2273,50811,-0.017293558149589328
2018-11-06,2272,2424,2242,2323,225462,0.021997360316762027
2018-11-07,2373,2373,2282,2333,157086,0.0043047783039174
2018-11-08,2383,2383,2222,2323,184296,-0.004286326618088254
2018-11-09,2323,2353,2252,2283,107722,-0.01721911321566938
2018-11-12,2272,2313,2191,2303,195743,0.008760402978537085
2018-11-13,2222,2292,2181,2212,131547,-0.03951367781155013
2018-11-14,2212,2252,2201,2232,41786,0.009041591320072317
2018-11-15,2232,2232,2171,2182,32278,-0.02240143369175629
2018-11-16,2181,2222,2151,2192,24670,0.004582951420714965
2018-11-19,2282,2282,2201,2202,22636,0.0045620437956204185
2018-11-20,2232,2242,2181,2202,35617,0.0
2018-11-21,2222,2252,2181,2222,51744,0.009082652134423164
2018-11-22,2222,2504,2222,2283,358325,0.027452745274527457
2018-11-23,2313,2575,2282,2444,601672,0.07052124397722292
2018-11-26,2484,2585,2474,2535,118860,0.037234042553191404
2018-11-27,2565,2666,2494,2545,179848,0.0039447731755424265
2018-11-28,2565,2646,2545,2596,128059,0.020039292730844815
2018-11-29,2605,2656,2494,2626,133631,0.011556240369799742
2018-11-30,2676,2727,2626,2717,283618,0.034653465346534684
2018-12-03,2767,3131,2717,3111,883444,0.14501288185498717
2018-12-04,3151,3484,3141,3364,1467615,0.08132433301189335
2018-12-05,3363,3424,3181,3313,523097,-0.015160523186682484
2018-12-06,3313,3313,2818,2909,655492,-0.12194385753093873
2018-12-07,2919,3181,2908,3091,528836,0.06256445513922304
2018-12-10,3100,3161,2535,2707,702127,-0.12423164024587507
2018-12-11,2666,2929,2626,2626,340363,-0.029922423346878446
2018-12-12,2636,2949,2616,2949,303405,0.12300076161462292
2018-12-13,2888,3040,2888,2939,143827,-0.003390979993218024
2018-12-14,2969,2989,2828,2869,83493,-0.023817625042531487
2018-12-17,2828,2828,2686,2798,121020,-0.024747298710352084
2018-12-18,2828,2828,2686,2808,29452,0.0035739814152966343
2018-12-19,2656,2767,2656,2747,154924,-0.021723646723646683
2018-12-20,2747,2838,2676,2747,103622,0.0
2018-12-21,2757,2777,2686,2707,45866,-0.014561339643247129
2018-12-24,2656,2727,2555,2586,293408,-0.04469892870336167
2018-12-26,2464,2585,2464,2515,163049,-0.027455529775715415
2018-12-27,2686,2706,2545,2626,110139,0.044135188866799124
2018-12-28,2727,2727,2585,2586,87995,-0.015232292460015229
2019-01-02,2585,2686,2545,2545,89949,-0.015854601701469462
2019-01-03,2545,2646,2474,2545,142525,0.0
2019-01-04,2565,2616,2403,2414,220582,-0.051473477406679735
2019-01-07,2434,2525,2383,2505,106611,0.037696768848384465
2019-01-08,0,0,0,2505,0,0.0
2019-01-09,2454,2565,2383,2525,161024,0.007984031936127733
2019-01-10,2565,2565,2464,2566,75616,0.016237623762376252
2019-01-11,2605,2747,2535,2667,135866,0.039360872954014026
2019-01-14,2656,2676,2585,2616,49944,-0.019122609673790758
2019-01-15,2605,2858,2605,2768,273230,0.05810397553516822
2019-01-16,2676,2858,2676,2848,165060,0.028901734104046284
2019-01-17,2949,3151,2858,3111,484459,0.09234550561797761
2019-01-18,3111,3383,3111,3212,638268,0.032465445194471254
2019-01-21,3242,3424,3040,3050,1040169,-0.050435865504358635
2019-01-22,3090,3111,2929,3061,287394,0.00360655737704918
2019-01-23,3060,3060,2878,2970,211506,-0.029728846782097307
2019-01-24,2969,2999,2767,2899,395884,-0.023905723905723875
2019-01-25,2929,2979,2888,2980,262222,0.02794066919627447
2019-01-28,3010,3232,2989,3111,249164,0.0439597315436242
2019-01-29,3151,3151,3020,3071,183082,-0.01285760205721631
2019-01-30,3070,3070,2828,2929,199648,-0.046239010094431765
2019-01-31,2959,3030,2898,3020,54220,0.031068624103789633
2019-02-01,3020,3100,2959,3010,112266,-0.0033112582781457123
2019-02-07,0,0,0,3010,0,0.0
2019-02-08,0,0,0,3010,0,0.0
2019-02-11,0,0,0,3010,0,0.0
2019-02-12,0,0,0,3010,0,0.0
2019-02-13,0,0,0,3010,0,0.0
2019-02-14,0,0,0,3010,0,0.0
2019-02-15,0,0,0,3010,0,0.0
2019-02-18,0,0,0,3010,0,0.0
2019-02-19,0,0,0,3010,0,0.0
2019-02-20,0,0,0,3010,0,0.0
2019-02-21,0,0,0,3010,0,0.0
2019-02-22,0,0,0,3010,0,0.0
2019-02-25,0,0,0,3010,0,0.0
2019-02-26,0,0,0,3010,0,0.0
2019-02-27,0,0,0,3010,0,0.0
2019-02-28,0,0,0,3010,0,0.0
2019-03-04,0,0,0,3010,0,0.0
2019-03-05,0,0,0,3010,0,0.0
2019-03-06,0,0,0,3010,0,0.0
2019-03-07,0,0,0,3010,0,0.0
2019-03-08,0,0,0,3010,0,0.0
2019-03-11,0,0,0,3010,0,0.0
2019-03-12,0,0,0,3010,0,0.0
2019-03-13,0,0,0,3010,0,0.0
2019-03-14,0,0,0,3010,0,0.0
2019-03-15,0,0,0,3010,0,0.0
2019-03-18,0,0,0,3010,0,0.0
2019-03-19,0,0,0,3010,0,0.0
2019-03-20,0,0,0,3010,0,0.0
2019-03-21,0,0,0,3010,0,0.0
2019-03-22,0,0,0,3010,0,0.0
2019-03-25,0,0,0,3010,0,0.0
2019-03-26,0,0,0,3010,0,0.0
2019-03-27,0,0,0,3010,0,0.0
2019-03-28,0,0,0,3010,0,0.0
2019-03-29,0,0,0,3010,0,0.0
2019-04-01,0,0,0,3010,0,0.0
2019-04-02,0,0,0,3010,0,0.0
2019-04-03,0,0,0,3010,0,0.0
2019-04-04,0,0,0,3010,0,0.0
2019-04-05,0,0,0,3010,0,0.0
2019-04-08,0,0,0,3010,0,0.0
2019-04-09,0,0,0,3010,0,0.0
2019-04-10,0,0,0,3010,0,0.0
2019-04-11,0,0,0,3010,0,0.0
2019-04-12,0,0,0,3010,0,0.0
2019-04-15,0,0,0,3010,0,0.0
2019-04-16,0,0,0,3010,0,0.0
2019-04-17,0,0,0,3010,0,0.0
2019-04-18,0,0,0,3010,0,0.0
2019-04-19,0,0,0,3010,0,0.0
2019-04-22,0,0,0,3010,0,0.0
2019-04-23,0,0,0,3010,0,0.0
2019-04-24,0,0,0,3010,0,0.0
2019-04-25,0,0,0,3010,0,0.0
2019-04-26,0,0,0,3010,0,0.0
2019-04-29,0,0,0,3010,0,0.0
2019-04-30,0,0,0,3010,0,0.0
2019-05-02,0,0,0,3010,0,0.0
2019-05-03,0,0,0,3010,0,0.0
2019-05-07,0,0,0,3010,0,0.0
2019-05-08,0,0,0,3010,0,0.0
2019-05-09,0,0,0,3010,0,0.0
2019-05-10,0,0,0,3010,0,0.0
2019-05-13,0,0,0,3010,0,0.0
2019-05-14,0,0,0,3010,0,0.0
2019-05-15,0,0,0,3010,0,0.0
2019-05-16,0,0,0,3010,0,0.0
2019-05-17,0,0,0,3010,0,0.0
2019-05-20,0,0,0,3010,0,0.0
2019-05-21,0,0,0,3010,0,0.0
2019-05-22,0,0,0,3010,0,0.0
2019-05-23,0,0,0,3010,0,0.0
2019-05-24,0,0,0,3010,0,0.0
2019-05-27,0,0,0,3010,0,0.0
2019-05-28,0,0,0,3010,0,0.0
2019-05-29,0,0,0,3010,0,0.0
2019-05-30,0,0,0,3010,0,0.0
2019-05-31,0,0,0,3010,0,0.0
2019-06-03,0,0,0,3010,0,0.0
2019-06-04,0,0,0,3010,0,0.0
2019-06-05,0,0,0,3010,0,0.0
2019-06-07,0,0,0,3010,0,0.0
2019-06-10,0,0,0,3010,0,0.0
2019-06-11,0,0,0,3010,0,0.0
2019-06-12,0,0,0,3010,0,0.0
2019-06-13,0,0,0,3010,0,0.0
2019-06-14,0,0,0,3010,0,0.0
2019-06-17,0,0,0,3010,0,0.0
2019-06-18,0,0,0,3010,0,0.0
2019-06-19,0,0,0,3010,0,0.0
2019-06-20,0,0,0,3010,0,0.0
2019-06-21,0,0,0,3010,0,0.0
2019-06-24,0,0,0,3010,0,0.0
2019-06-25,0,0,0,3010,0,0.0
2019-06-26,0,0,0,3010,0,0.0
2019-06-27,0,0,0,3010,0,0.0
2019-06-28,0,0,0,3010,0,0.0
2019-07-01,0,0,0,3010,0,0.0
2019-07-02,0,0,0,3010,0,0.0
2019-07-03,0,0,0,3010,0,0.0
2019-07-04,0,0,0,3010,0,0.0
2019-07-05,0,0,0,3010,0,0.0
2019-07-08,0,0,0,3010,0,0.0
2019-07-09,0,0,0,3010,0,0.0
2019-07-10,0,0,0,3010,0,0.0
2019-07-11,0,0,0,3010,0,0.0
2019-07-12,0,0,0,3010,0,0.0
2019-07-15,0,0,0,3010,0,0.0
2019-07-16,0,0,0,3010,0,0.0
2019-07-17,0,0,0,3010,0,0.0
2019-07-18,0,0,0,3010,0,0.0
2019-07-19,0,0,0,3010,0,0.0
2019-07-22,0,0,0,3010,0,0.0
2019-07-23,0,0,0,3010,0,0.0
2019-07-24,0,0,0,3010,0,0.0
2019-07-25,0,0,0,3010,0,0.0
2019-07-26,0,0,0,3010,0,0.0
2019-07-29,0,0,0,3010,0,0.0
2019-07-30,0,0,0,3010,0,0.0
2019-07-31,0,0,0,3010,0,0.0
2019-08-01,0,0,0,3010,0,0.0
2019-08-02,0,0,0,3010,0,0.0
2019-08-05,0,0,0,3010,0,0.0
2019-08-06,0,0,0,3010,0,0.0
2019-08-07,0,0,0,3010,0,0.0
2019-08-08,0,0,0,3010,0,0.0
2019-08-09,0,0,0,3010,0,0.0
2019-08-12,0,0,0,3010,0,0.0
2019-08-13,0,0,0,3010,0,0.0
2019-08-14,0,0,0,3010,0,0.0
2019-08-16,0,0,0,3010,0,0.0
2019-08-19,0,0,0,3010,0,0.0
2019-08-20,0,0,0,3010,0,0.0
2019-08-21,0,0,0,3010,0,0.0
2019-08-22,0,0,0,3010,0,0.0
2019-08-23,0,0,0,3010,0,0.0
2019-08-26,0,0,0,3010,0,0.0
2019-08-27,0,0,0,3010,0,0.0
2019-08-28,0,0,0,3010,0,0.0
2019-08-29,0,0,0,3010,0,0.0
2019-08-30,0,0,0,3010,0,0.0
2019-09-02,0,0,0,3010,0,0.0
2019-09-03,0,0,0,3010,0,0.0
2019-09-04,0,0,0,3010,0,0.0
2019-09-05,0,0,0,3010,0,0.0
2019-09-06,0,0,0,3010,0,0.0
2019-09-09,0,0,0,3010,0,0.0
2019-09-10,0,0,0,3010,0,0.0
2019-09-11,0,0,0,3010,0,0.0
2019-09-16,0,0,0,3010,0,0.0
2019-09-17,0,0,0,3010,0,0.0
2019-09-18,0,0,0,3010,0,0.0
2019-09-19,0,0,0,3010,0,0.0
2019-09-20,0,0,0,3010,0,0.0
2019-09-23,0,0,0,3010,0,0.0
2019-09-24,0,0,0,3010,0,0.0
2019-09-25,0,0,0,3010,0,0.0
2019-09-26,0,0,0,3010,0,0.0
2019-09-27,0,0,0,3010,0,0.0
2019-09-30,0,0,0,3010,0,0.0
2019-10-01,0,0,0,3010,0,0.0
2019-10-02,0,0,0,3010,0,0.0
2019-10-04,0,0,0,3010,0,0.0
2019-10-07,0,0,0,3010,0,0.0
2019-10-08,0,0,0,3010,0,0.0
2019-10-10,0,0,0,3010,0,0.0
2019-10-11,0,0,0,3010,0,0.0
2019-10-14,0,0,0,3010,0,0.0
2019-10-15,0,0,0,3010,0,0.0
2019-10-16,0,0,0,3010,0,0.0
2019-10-17,0,0,0,3010,0,0.0
2019-10-18,0,0,0,3010,0,0.0
2019-10-21,0,0,0,3010,0,0.0
2019-10-22,0,0,0,3010,0,0.0
2019-10-23,0,0,0,3010,0,0.0
2019-10-24,0,0,0,3010,0,0.0
2019-10-25,0,0,0,3010,0,0.0
2019-10-28,0,0,0,3010,0,0.0
2019-10-29,0,0,0,3010,0,0.0
2019-10-30,0,0,0,3010,0,0.0
2019-10-31,0,0,0,3010,0,0.0
2019-11-01,0,0,0,3010,0,0.0
2019-11-04,0,0,0,3010,0,0.0
2019-11-05,0,0,0,3010,0,0.0
2019-11-06,0,0,0,3010,0,0.0
2019-11-07,0,0,0,3010,0,0.0
2019-11-08,0,0,0,3010,0,0.0
2019-11-11,0,0,0,3010,0,0.0
2019-11-12,0,0,0,3010,0,0.0
2019-11-13,0,0,0,3010,0,0.0
2019-11-14,0,0,0,3010,0,0.0
2019-11-15,0,0,0,3010,0,0.0
2019-11-18,0,0,0,3010,0,0.0
2019-11-19,0,0,0,3010,0,0.0
2019-11-20,0,0,0,3010,0,0.0
2019-11-21,0,0,0,3010,0,0.0
2019-11-22,0,0,0,3010,0,0.0
2019-11-25,0,0,0,3010,0,0.0
2019-11-26,0,0,0,3010,0,0.0
2019-11-27,0,0,0,3010,0,0.0
2019-11-28,0,0,0,3010,0,0.0
2019-11-29,0,0,0,3010,0,0.0
2019-12-02,0,0,0,3010,0,0.0
2019-12-03,0,0,0,3010,0,0.0
2019-12-04,0,0,0,3010,0,0.0
2019-12-05,0,0,0,3010,0,0.0
2019-12-06,0,0,0,3010,0,0.0
2019-12-09,0,0,0,3010,0,0.0
2019-12-10,0,0,0,3010,0,0.0
2019-12-11,0,0,0,3010,0,0.0
2019-12-12,0,0,0,3010,0,0.0
2019-12-13,0,0,0,3010,0,0.0
2019-12-16,0,0,0,3010,0,0.0
2019-12-17,0,0,0,3010,0,0.0
2019-12-18,0,0,0,3010,0,0.0
2019-12-19,0,0,0,3010,0,0.0
2019-12-20,0,0,0,3010,0,0.0
2019-12-23,0,0,0,3010,0,0.0
2019-12-24,0,0,0,3010,0,0.0
2019-12-26,0,0,0,3010,0,0.0
2019-12-27,0,0,0,3010,0,0.0
2019-12-30,0,0,0,3010,0,0.0
2020-01-02,0,0,0,3010,0,0.0
2020-01-03,0,0,0,3010,0,0.0
2020-01-06,0,0,0,3010,0,0.0
2020-01-07,0,0,0,3010,0,0.0
2020-01-08,0,0,0,3010,0,0.0
2020-01-09,0,0,0,3010,0,0.0
2020-01-10,0,0,0,3010,0,0.0
2020-01-13,0,0,0,3010,0,0.0
2020-01-14,0,0,0,3010,0,0.0
2020-01-15,0,0,0,3010,0,0.0
2020-01-16,0,0,0,3010,0,0.0
2020-01-17,0,0,0,3010,0,0.0
2020-01-20,0,0,0,3010,0,0.0
2020-01-21,0,0,0,3010,0,0.0
2020-01-22,0,0,0,3010,0,0.0
2020-01-23,0,0,0,3010,0,0.0
2020-01-28,0,0,0,3010,0,0.0
2020-01-29,0,0,0,3010,0,0.0
2020-01-30,0,0,0,3010,0,0.0
2020-01-31,0,0,0,3010,0,0.0
2020-02-03,0,0,0,3010,0,0.0
2020-02-04,0,0,0,3010,0,0.0
2020-02-05,0,0,0,3010,0,0.0
2020-02-06,0,0,0,3010,0,0.0
2020-02-07,0,0,0,3010,0,0.0
2020-02-10,0,0,0,3010,0,0.0
2020-02-11,0,0,0,3010,0,0.0
2020-02-12,0,0,0,3010,0,0.0
2020-02-13,0,0,0,3010,0,0.0
2020-02-14,0,0,0,3010,0,0.0
2020-02-17,0,0,0,3010,0,0.0
2020-02-18,0,0,0,3010,0,0.0
2020-02-19,0,0,0,3010,0,0.0
2020-02-20,0,0,0,3010,0,0.0
2020-02-21,0,0,0,3010,0,0.0
2020-02-24,0,0,0,3010,0,0.0
2020-02-25,0,0,0,3010,0,0.0
2020-02-26,0,0,0,3010,0,0.0
2020-02-27,0,0,0,3010,0,0.0
2020-02-28,0,0,0,3010,0,0.0
2020-03-02,0,0,0,3010,0,0.0
2020-03-03,0,0,0,3010,0,0.0
2020-03-04,0,0,0,3010,0,0.0
2020-03-05,0,0,0,3010,0,0.0
2020-03-06,0,0,0,3010,0,0.0
2020-03-09,0,0,0,3010,0,0.0
2020-03-10,0,0,0,3010,0,0.0
2020-03-11,0,0,0,3010,0,0.0
2020-03-12,0,0,0,3010,0,0.0
2020-03-13,0,0,0,3010,0,0.0
2020-03-16,0,0,0,3010,0,0.0
2020-03-17,0,0,0,3010,0,0.0
2020-03-18,0,0,0,3010,0,0.0
2020-03-19,0,0,0,3010,0,0.0
2020-03-20,0,0,0,3010,0,0.0
2020-03-23,0,0,0,3010,0,0.0
2020-03-24,0,0,0,3010,0,0.0
2020-03-25,0,0,0,3010,0,0.0
2020-03-26,0,0,0,3010,0,0.0
2020-03-27,0,0,0,3010,0,0.0
2020-03-30,0,0,0,3010,0,0.0
2020-03-31,0,0,0,3010,0,0.0
2020-04-01,0,0,0,3010,0,0.0
2020-04-02,0,0,0,3010,0,0.0
2020-04-03,0,0,0,3010,0,0.0
2020-04-06,0,0,0,3010,0,0.0
2020-04-07,0,0,0,3010,0,0.0
2020-04-08,0,0,0,3010,0,0.0
2020-04-09,0,0,0,3010,0,0.0
2020-04-10,0,0,0,3010,0,0.0
2020-04-13,0,0,0,3010,0,0.0
2020-04-14,0,0,0,3010,0,0.0
2020-04-16,0,0,0,3010,0,0.0
2020-04-17,0,0,0,3010,0,0.0
2020-04-20,0,0,0,3010,0,0.0
2020-04-21,0,0,0,3010,0,0.0
2020-04-22,0,0,0,3010,0,0.0
2020-04-23,0,0,0,3010,0,0.0
2020-04-24,0,0,0,3010,0,0.0
2020-04-27,0,0,0,3010,0,0.0
2020-04-28,0,0,0,3010,0,0.0
2020-04-29,0,0,0,3010,0,0.0
2020-05-04,0,0,0,3010,0,0.0
2020-05-06,0,0,0,3010,0,0.0
2020-05-07,0,0,0,3010,0,0.0
2020-05-08,0,0,0,3010,0,0.0
2020-05-11,0,0,0,3010,0,0.0
2020-05-12,0,0,0,3010,0,0.0
2020-05-13,0,0,0,3010,0,0.0
2020-05-14,0,0,0,3010,0,0.0
2020-05-15,0,0,0,3010,0,0.0
2020-05-18,0,0,0,3010,0,0.0
2020-05-19,0,0,0,3010,0,0.0
2020-05-20,3010,3095,2110,2180,3414752,-0.27574750830564787
2020-05-21,2215,2410,2040,2185,1671671,0.002293577981651307
2020-05-22,2190,2230,2140,2160,373088,-0.011441647597253968
2020-05-25,2160,2180,2050,2080,381371,-0.03703703703703709
2020-05-26,2125,2125,1990,2010,523071,-0.033653846153846145
2020-05-27,2020,2085,1985,2010,434185,0.0
2020-05-28,2035,2040,1955,1975,336200,-0.01741293532338306
2020-05-29,1970,2070,1970,1990,277296,0.0075949367088608
2020-06-01,2035,2050,2000,2040,297839,0.025125628140703515
2020-06-02,2080,2080,2005,2010,233048,-0.014705882352941124
2020-06-03,2030,2075,1955,1985,249594,-0.01243781094527363
2020-06-04,1990,2150,1970,2020,987726,0.017632241813602123
2020-06-05,2050,2090,2020,2035,327095,0.007425742574257432
2020-06-08,2035,2050,1995,2025,275401,-0.004914004914004955
2020-06-09,2025,2025,1985,1995,205614,-0.014814814814814836
2020-06-10,1995,2015,1975,2000,106898,0.0025062656641603454
2020-06-11,2000,2000,1935,1980,198037,-0.010000000000000009
2020-06-12,1900,1930,1810,1900,164431,-0.04040404040404044
2020-06-15,1900,1970,1630,1750,232972,-0.07894736842105265
2020-06-16,1740,1795,1740,1770,217422,0.011428571428571344
2020-06-17,1710,1760,1650,1670,273756,-0.05649717514124297
2020-06-18,1625,1655,1440,1515,796841,-0.09281437125748504
2020-06-19,1535,1565,1480,1540,136268,0.01650165016501659
2020-06-22,1540,1635,1520,1595,330393,0.03571428571428581
2020-06-23,1575,1600,1505,1505,249742,-0.056426332288401215
2020-06-24,1525,1820,1510,1730,950357,0.1495016611295681
2020-06-25,1730,1745,1655,1670,125928,-0.034682080924855474
2020-06-26,1710,1755,1645,1670,182047,0.0
2020-06-29,1640,1670,1605,1650,72749,-0.0119760479041916
2020-06-30,1700,1700,1590,1595,97206,-0.033333333333333326
2020-07-01,1615,1625,1510,1560,163958,-0.021943573667711602
2020-07-02,1590,1610,1520,1580,50122,0.012820512820512775
2020-07-03,1595,1630,1545,1575,65898,-0.0031645569620253333
2020-07-06,1565,1565,1510,1550,78760,-0.015873015873015928
2020-07-07,1550,1565,1500,1555,136212,0.003225806451612856
2020-07-08,1575,1590,1515,1570,37536,0.009646302250803762
2020-07-09,1590,1590,1500,1515,96132,-0.035031847133757954
2020-07-10,1520,1520,1475,1480,43001,-0.02310231023102305
2020-07-13,1480,1500,1405,1405,117446,-0.05067567567567566
2020-07-14,1415,1465,1405,1445,90459,0.028469750889679624
2020-07-15,1450,1470,1300,1405,394218,-0.02768166089965396
2020-07-16,1410,1410,1330,1330,131677,-0.053380782918149516
2020-07-17,1335,1360,1305,1350,84927,0.015037593984962516
2020-07-20,1360,1360,1260,1310,86605,-0.029629629629629672
2020-07-21,1315,1315,1285,1310,57136,0.0
2020-07-22,1310,1325,1285,1310,33874,0.0
2020-07-23,1265,1315,1215,1270,183231,-0.03053435114503822
2020-07-24,1225,1265,1185,1190,179859,-0.06299212598425197
2020-07-27,1215,1215,1160,1165,108649,-0.021008403361344574
2020-07-28,1170,1180,1145,1170,48651,0.0042918454935623185
2020-07-29,1170,1190,1135,1160,79265,-0.008547008547008517
2020-07-30,1175,1385,1170,1235,739961,0.06465517241379315
2020-07-31,1210,1245,1200,1230,82283,-0.004048582995951455
2020-08-03,1250,1325,1200,1255,189143,0.020325203252032464
2020-08-04,1260,1480,1255,1435,638506,0.14342629482071723
2020-08-05,1435,1435,1320,1340,165142,-0.0662020905923345
2020-08-06,1350,1350,1280,1310,75917,-0.02238805970149249
2020-08-07,1310,1310,1240,1245,111768,-0.04961832061068705
2020-08-10,1240,1240,1205,1240,65219,-0.004016064257028162
2020-08-11,1240,1275,1235,1235,28652,-0.0040322580645161255
2020-08-12,1235,1235,1180,1200,64202,-0.028340080971659964
2020-08-13,1215,1215,1180,1200,70925,0.0
2020-08-14,1220,1220,1180,1205,38209,0.004166666666666652
2020-08-18,1205,1205,1180,1180,60654,-0.020746887966805017
2020-08-19,1195,1225,1195,1225,64280,0.03813559322033888
2020-08-20,1225,1460,1195,1310,670715,0.06938775510204076
2020-08-21,1285,1330,1255,1260,128243,-0.03816793893129766
2020-08-24,1270,1460,1230,1270,499130,0.007936507936507908
2020-08-25,1270,1300,1260,1270,135808,0.0
2020-08-26,1275,1315,1235,1280,128699,0.007874015748031482
2020-08-27,1285,1300,1240,1240,80982,-0.03125
2020-08-28,1245,1310,1245,1280,125474,0.032258064516129004
2020-08-31,1300,1300,1265,1290,62901,0.0078125
2020-09-01,1300,1300,1280,1290,40145,0.0
2020-09-02,1300,1300,1260,1285,54092,-0.003875968992248069
2020-09-03,1290,1290,1265,1275,72978,-0.0077821011673151474
2020-09-04,1265,1265,1215,1250,79093,-0.019607843137254943
2020-09-07,1295,1345,1230,1270,193122,0.016000000000000014
2020-09-08,1280,1280,1235,1250,151763,-0.015748031496062964
2020-09-09,1250,1250,1210,1210,52241,-0.03200000000000003
2020-09-10,1240,1260,1220,1235,62120,0.02066115702479343
2020-09-11,1245,1245,1215,1230,33022,-0.004048582995951455
2020-09-14,1240,1240,1185,1210,73554,-0.016260162601625994
2020-09-15,1210,1225,1190,1210,27417,0.0
2020-09-16,1200,1490,1200,1280,1409684,0.05785123966942152
2020-09-17,1315,1510,1280,1320,861024,0.03125
2020-09-18,1325,1325,1265,1300,160657,-0.015151515151515138
2020-09-21,1310,1310,1270,1270,126439,-0.023076923076923106
2020-09-22,1270,1270,1230,1240,83936,-0.023622047244094446
2020-09-23,1250,1250,1230,1230,36979,-0.008064516129032251
2020-09-24,1215,1215,1200,1200,72255,-0.024390243902439046
2020-09-25,1205,1245,1205,1245,15306,0.03750000000000009
2020-09-28,1235,1280,1235,1280,30803,0.028112449799196693
2020-09-29,1295,1295,1265,1265,53176,-0.01171875
2020-10-05,1280,1305,1275,1305,39759,0.031620553359683834
2020-10-06,1320,1320,1285,1300,18102,-0.003831417624521105
2020-10-07,1300,1490,1290,1460,532732,0.12307692307692308
2020-10-08,1470,1535,1455,1535,442905,0.051369863013698724
2020-10-12,1535,1755,1535,1675,674937,0.0912052117263844
2020-10-13,1710,1750,1655,1720,193037,0.02686567164179099
2020-10-14,1750,1990,1750,1990,518366,0.15697674418604657
2020-10-15,2045,2060,1995,2015,567559,0.012562814070351758
2020-10-16,2055,2170,2010,2100,377919,0.042183622828784184
2020-10-19,2500,2500,2260,2440,764133,0.161904761904762
2020-10-20,2310,2440,2220,2370,403398,-0.02868852459016391
2020-10-21,2305,2310,2245,2260,130630,-0.04641350210970463
2020-10-22,2235,2400,2235,2390,232951,0.05752212389380529
2020-10-23,2355,2415,2355,2400,153444,0.004184100418409997
2020-10-26,2425,2425,2270,2395,82833,-0.002083333333333326
2020-10-27,2350,2400,2350,2395,51963,0.0
2020-10-28,2395,2395,2160,2200,167339,-0.08141962421711901
2020-10-29,2100,2275,2100,2275,98695,0.03409090909090917
2020-10-30,2445,2445,2275,2280,47787,0.00219780219780219
2020-11-02,2285,2305,2175,2175,26729,-0.046052631578947345
2020-11-03,2155,2260,2140,2200,140521,0.011494252873563315
2020-11-04,2205,2260,2130,2190,72783,-0.004545454545454519
2020-11-05,2145,2280,2145,2220,48534,0.013698630136986356
2020-11-06,2210,2290,2210,2215,15097,-0.0022522522522522292
2020-11-09,2220,2255,2160,2230,65518,0.006772009029345272
2020-11-10,2300,2310,2120,2135,73024,-0.04260089686098656
2020-11-11,2105,2190,2035,2190,87863,0.025761124121779888
2020-11-12,2190,2200,2080,2185,46140,-0.0022831050228310223
2020-11-13,2185,2200,2150,2175,48192,-0.004576659038901587
2020-11-16,2085,2175,2085,2105,39236,-0.03218390804597704
2020-11-17,2110,2200,2020,2050,53280,-0.026128266033254133
2020-11-18,2075,2090,1985,2085,77417,0.017073170731707332
2020-11-19,2085,2180,1995,2075,101060,-0.004796163069544335
2020-11-20,2075,2080,2030,2080,29096,0.002409638554216942
2020-11-23,2080,2080,2030,2080,70388,0.0
2020-11-24,2080,2080,1970,2030,120862,-0.024038461538461564
2020-11-25,2030,2070,1985,2010,23845,-0.009852216748768461
2020-11-26,2040,2040,1965,2010,7525,0.0
2020-11-27,2000,2080,1995,2020,16850,0.004975124378109541
2020-11-30,2020,2100,1995,2035,34120,0.007425742574257432
2020-12-01,2035,2035,1995,2015,25415,-0.009828009828009798
2020-12-02,2025,2075,1950,2010,68739,-0.002481389578163795
2020-12-03,2010,2030,1950,2010,68588,0.0
2020-12-04,2105,2580,2075,2120,969911,0.054726368159204064
2020-12-07,2075,2290,2075,2285,234961,0.07783018867924518
2020-12-08,2290,2385,2160,2350,279336,0.02844638949671774
2020-12-09,2655,2800,2350,2405,850615,0.023404255319148914
2020-12-10,2390,2390,2305,2320,63056,-0.03534303534303529
2020-12-11,2320,2320,2255,2280,107883,-0.017241379310344862
2020-12-14,2275,2275,2170,2190,102912,-0.03947368421052633
2020-12-15,2305,2305,2190,2235,54123,0.020547945205479534
2020-12-16,2235,2380,2205,2325,80770,0.04026845637583887
2020-12-17,2340,2385,2260,2335,77814,0.004301075268817289
2020-12-18,2375,2375,2315,2340,18221,0.0021413276231263545
2020-12-21,2340,2385,2315,2340,60410,0.0
2020-12-22,2340,2375,2305,2330,45097,-0.004273504273504258
2020-12-23,2305,2330,2130,2185,80297,-0.0622317596566524
2020-12-24,2250,2270,2110,2210,50904,0.011441647597254079
2020-12-28,2205,2210,2080,2100,41972,-0.04977375565610864
2020-12-29,2220,2235,2100,2165,45111,0.030952380952380842
2020-12-30,2160,2240,2105,2200,36116,0.01616628175519641
2021-01-04,2250,2250,2170,2215,48038,0.006818181818181834
2021-01-05,2245,2245,2120,2185,20378,-0.013544018058690765
2021-01-06,2200,2215,2135,2180,50626,-0.0022883295194507935
2021-01-07,2215,2215,2140,2200,40207,0.00917431192660545
2021-01-08,2215,2215,2130,2145,28255,-0.025000000000000022
2021-01-11,2190,2190,2035,2070,65074,-0.034965034965035
2021-01-12,2245,2245,2030,2035,57694,-0.016908212560386437
2021-01-13,2035,2100,2010,2055,43687,0.00982800982800991
2021-01-14,2055,2145,2000,2005,49296,-0.024330900243308973
2021-01-15,2005,2090,1915,2000,70985,-0.0024937655860348684
2021-01-18,2000,2025,1920,1940,44128,-0.030000000000000027
2021-01-19,2025,2025,1910,1930,24776,-0.005154639175257714
2021-01-20,1930,1990,1900,1940,17142,0.005181347150259086
2021-01-21,1920,1955,1900,1940,61137,0.0
2021-01-22,1940,1940,1850,1900,76723,-0.020618556701030966
2021-01-25,1900,1945,1820,1840,57134,-0.03157894736842104
2021-01-26,1840,1840,1780,1800,64874,-0.021739130434782594
2021-01-27,1800,1825,1755,1765,52412,-0.019444444444444486
2021-01-28,1720,1785,1700,1725,68361,-0.022662889518413554
2021-01-29,1795,1800,1700,1710,62043,-0.008695652173912993
2021-02-01,1710,2220,1710,2055,2065463,0.20175438596491224
2021-02-02,1965,2035,1925,1940,343895,-0.05596107055961075
2021-02-03,1940,1960,1875,1890,58338,-0.02577319587628868
2021-02-04,1905,1990,1850,1955,58654,0.03439153439153442
2021-02-05,1990,2100,1925,1980,107618,0.01278772378516635
2021-02-08,1955,2185,1940,2090,211387,0.05555555555555558
2021-02-09,2080,2125,2045,2090,48649,0.0
2021-02-10,2090,2175,2035,2105,48537,0.0071770334928229484
2021-02-15,2160,2160,2110,2125,38326,0.009501187648456089
2021-02-16,2125,2160,2075,2160,60234,0.016470588235294015
2021-02-17,2170,2190,2115,2180,30871,0.0092592592592593
2021-02-18,2160,2190,2130,2170,45656,-0.004587155963302725
2021-02-19,2170,2190,2125,2155,28434,-0.00691244239631339
2021-02-22,2135,2190,2075,2145,57459,-0.004640371229698403
2021-02-23,2175,2175,2045,2090,83259,-0.02564102564102566
2021-02-24,2150,2150,2060,2115,42772,0.011961722488038173
2021-02-25,2150,2150,2050,2120,49122,0.0023640661938533203
2021-02-26,2120,2130,2050,2120,58028,0.0
2021-03-02,2170,2170,2085,2130,40161,0.004716981132075526
2021-03-03,2165,2165,2070,2085,34463,-0.021126760563380254
2021-03-04,2120,2155,2070,2130,45137,0.021582733812949728
2021-03-05,2145,2190,2080,2185,54267,0.025821596244131495
2021-03-08,2190,2230,2190,2225,109059,0.01830663615560635
2021-03-09,2240,2370,2235,2360,215322,0.06067415730337089
2021-03-10,2370,2650,2370,2465,500313,0.044491525423728806
2021-03-11,2605,2620,2380,2490,173893,0.010141987829614507
2021-03-12,2430,2590,2430,2505,76150,0.006024096385542244
2021-03-15,2495,2550,2460,2545,63623,0.015968063872255467
2021-03-16,2525,2580,2510,2555,38364,0.003929273084479323
2021-03-17,2530,2545,2420,2545,44616,-0.003913894324853229
2021-03-18,2545,2660,2485,2635,74004,0.035363457760314354
2021-03-19,2580,2685,2575,2580,33023,-0.020872865275142316
2021-03-22,2555,2565,2440,2545,66682,-0.013565891472868241
2021-03-23,2590,2600,2375,2495,107246,-0.01964636542239684
2021-03-24,2400,2540,2355,2430,51389,-0.02605210420841686
2021-03-25,2385,2475,2370,2455,44449,0.010288065843621297
2021-03-26,2455,2485,2365,2390,64355,-0.02647657841140527
2021-03-29,2430,2430,2245,2275,54667,-0.04811715481171552
2021-03-30,2275,2400,2230,2280,28554,0.00219780219780219
2021-03-31,2280,2400,2210,2265,28276,-0.006578947368421018
2021-04-01,2290,2335,2080,2095,178030,-0.07505518763796915
2021-04-02,2115,2140,2030,2100,170466,0.0023866348448686736
2021-04-05,2160,2160,1910,2050,210411,-0.023809523809523836
2021-04-06,2040,2160,1970,2120,56141,0.034146341463414664
2021-04-07,2120,2125,2065,2085,38878,-0.01650943396226412
2021-04-08,2085,2165,2010,2100,26674,0.007194244604316502
2021-04-09,2090,2165,2080,2090,30667,-0.004761904761904745
2021-04-12,2070,2195,2070,2125,89148,0.01674641148325362
2021-04-13,2130,2175,2105,2130,34226,0.0023529411764706687
2021-04-14,2130,2130,2040,2090,28307,-0.018779342723004744
2021-04-15,2060,2140,2020,2060,46159,-0.014354066985645897
2021-04-16,2100,2100,1995,2060,32022,0.0
2021-04-19,2040,2070,2015,2040,39621,-0.009708737864077666
2021-04-20,2040,2045,2000,2035,30469,-0.002450980392156854
2021-04-21,2035,2075,2025,2045,19609,0.004914004914004844
2021-04-22,2030,2090,2030,2050,5661,0.0024449877750611915
2021-04-23,2050,2075,2010,2050,45660,0.0
2021-04-26,2060,2075,2020,2030,28396,-0.009756097560975618
2021-04-27,2030,2060,1995,2010,46428,-0.009852216748768461
2021-04-28,2010,2010,1970,2000,35765,-0.00497512437810943
2021-04-29,1990,2050,1970,2000,30880,0.0
2021-04-30,1970,2040,1940,1965,40731,-0.01749999999999996
2021-05-03,1965,2040,1965,1995,23427,0.01526717557251911
2021-05-04,1995,2035,1935,1960,41747,-0.01754385964912286
2021-05-06,1975,2000,1930,1995,14744,0.017857142857142794
2021-05-07,1995,2025,1925,2025,45489,0.015037593984962516
2021-05-10,2030,2030,2005,2005,26357,-0.00987654320987652
2021-05-11,2020,2020,1970,2005,19807,0.0
2021-05-12,1970,2055,1965,2020,33207,0.007481296758104827
2021-05-13,2040,2040,2000,2015,14202,-0.0024752475247524774
2021-05-14,2005,2015,1975,2005,4689,-0.00496277915632759
2021-05-17,2005,2045,1980,1990,11205,-0.007481296758104716
2021-05-18,2030,2030,1970,2000,13482,0.005025125628140614
2021-05-20,2005,2005,1970,1995,14520,-0.0024999999999999467
2021-05-21,1995,2000,1855,1930,36511,-0.03258145363408527
2021-05-24,1930,1995,1900,1965,28766,0.0181347150259068
2021-05-25,1955,1985,1935,1935,9637,-0.01526717557251911
2021-05-26,1950,1985,1895,1930,45563,-0.0025839793281653423
2021-05-27,1930,1950,1895,1925,20107,-0.002590673575129543
2021-05-28,1950,1950,1895,1930,17695,0.0025974025974024872
2021-05-31,1945,1945,1865,1930,38183,0.0
2021-06-01,1930,1940,1900,1925,39868,-0.002590673575129543
2021-06-02,1930,1930,1900,1925,18069,0.0
2021-06-03,1910,1930,1905,1920,26602,-0.0025974025974025983
2021-06-04,1920,1920,1860,1905,32358,-0.0078125
2021-06-07,1905,1980,1880,1925,71663,0.01049868766404205
2021-06-08,1925,1975,1910,1935,40117,0.0051948051948051965
2021-06-09,1940,2515,1900,2250,2343407,0.16279069767441867
2021-06-10,2215,2220,2100,2125,364359,-0.05555555555555558
2021-06-11,2140,2255,2115,2170,454505,0.021176470588235352
2021-06-14,2170,2195,2150,2150,111898,-0.009216589861751112
2021-06-15,2150,2180,2070,2115,116589,-0.016279069767441867
2021-06-16,2150,2160,2070,2125,91369,0.004728132387706863
2021-06-17,2110,2185,2080,2110,64124,-0.007058823529411784
2021-06-18,2110,2110,2080,2100,53355,-0.004739336492891044
2021-06-21,2070,2100,2025,2095,62177,-0.0023809523809523725
2021-06-22,2095,2130,2055,2095,35247,0.0
2021-06-23,2100,2120,2060,2060,58569,-0.01670644391408116
2021-06-24,2050,2110,2050,2110,56544,0.024271844660194164
2021-06-25,2110,2135,2080,2090,73079,-0.009478672985781977
2021-06-28,2090,2115,2075,2110,67208,0.009569377990430672
2021-06-29,2110,2110,2060,2070,89426,-0.018957345971563955
2021-06-30,2080,2190,2060,2100,216612,0.01449275362318847
2021-07-01,2090,2140,2075,2125,130794,0.011904761904761862
2021-07-02,2125,2145,2065,2135,98542,0.004705882352941115
2021-07-05,2150,2175,2095,2175,115052,0.0187353629976581
2021-07-06,2155,2315,2140,2175,425692,0.0
2021-07-07,2160,2230,2135,2210,163633,0.016091954022988464
2021-07-08,2190,2260,2185,2210,73370,0.0
2021-07-09,2205,2220,2095,2145,62866,-0.02941176470588236
2021-07-12,2145,2150,2070,2070,68161,-0.034965034965035
2021-07-13,2085,2130,2050,2070,59192,0.0
2021-07-14,2070,2130,2060,2090,38079,0.009661835748792313
2021-07-15,2080,2090,2045,2080,30550,-0.004784688995215336
2021-07-16,2070,2130,2045,2075,16712,-0.0024038461538461453
2021-07-19,2075,2080,2015,2075,29784,0.0
2021-07-20,1945,2080,1945,1995,158275,-0.03855421686746985
2021-07-21,2015,2015,1975,1975,35684,-0.010025062656641603
2021-07-22,1980,2340,1980,2135,889024,0.08101265822784809
2021-07-23,2185,2255,2135,2160,304211,0.011709601873536313
2021-07-26,2185,2205,2070,2105,165152,-0.02546296296296291
2021-07-27,2110,2250,2090,2210,374980,0.04988123515439424
2021-07-28,2185,2300,2180,2300,275395,0.040723981900452566
2021-07-29,2275,2340,2240,2300,244557,0.0
2021-07-30,2295,2340,2220,2260,121919,-0.017391304347826098
2021-08-02,2240,2240,2130,2170,273895,-0.03982300884955747
2021-08-03,2550,2765,2215,2340,7572663,0.07834101382488479
2021-08-04,2350,2375,2180,2335,954680,-0.002136752136752129
2021-08-05,2315,2455,2255,2450,700512,0.04925053533190571
2021-08-06,2440,2480,2375,2450,340963,0.0
2021-08-09,2460,2745,2460,2600,1452250,0.061224489795918435
2021-08-10,2575,2830,2565,2775,1217595,0.06730769230769229
2021-08-11,2765,2775,2515,2515,570210,-0.09369369369369374
2021-08-12,2495,2700,2460,2660,525214,0.05765407554671964
2021-08-13,2610,2650,2460,2540,242646,-0.045112781954887216
2021-08-17,2535,2540,2380,2495,296979,-0.017716535433070835
2021-08-18,2450,2595,2420,2500,515850,0.002004008016031955
2021-08-19,2500,2630,2500,2545,308870,0.018000000000000016
2021-08-20,2585,2600,2480,2480,286316,-0.025540275049115935
2021-08-23,2480,2695,2460,2680,425672,0.08064516129032251
2021-08-24,2700,2700,2340,2445,853298,-0.08768656716417911
2021-08-25,2445,2530,2410,2530,163254,0.03476482617586907
2021-08-26,2620,3190,2575,3050,7514965,0.2055335968379446
2021-08-27,3090,3950,3020,3805,11050331,0.2475409836065574
2021-08-30,3855,3860,3470,3700,2871657,-0.02759526938239154
2021-08-31,3665,4075,3580,3810,3859524,0.029729729729729648
2021-09-01,3770,3910,3455,3520,1379235,-0.07611548556430447
2021-09-02,3450,3555,3280,3400,1013611,-0.03409090909090906
2021-09-03,3400,3890,3360,3700,2965199,0.08823529411764697
2021-09-06,3900,3950,3720,3835,2267226,0.03648648648648645
2021-09-07,3910,3970,3750,3880,1071248,0.011734028683181297
2021-09-08,3940,3960,3810,3880,874245,0.0
2021-09-09,3795,3810,3375,3535,2221622,-0.0889175257731959
2021-09-10,2755,3305,2725,3185,4190234,-0.09900990099009899
2021-09-13,2865,3175,2865,3035,1072037,-0.04709576138147564
2021-09-14,2865,3100,2810,2815,1069265,-0.07248764415156506
2021-09-15,2845,3275,2810,3085,1260020,0.09591474245115461
2021-09-16,3085,3235,2975,3070,449925,-0.004862236628849326
2021-09-17,3070,3150,3010,3075,238446,0.0016286644951140072
2021-09-23,3000,3185,2965,3005,359930,-0.02276422764227637
2021-09-24,3000,3015,2880,2900,392234,-0.03494176372712143
2021-09-27,2800,2800,2585,2650,770428,-0.08620689655172409
2021-09-28,2600,2600,2530,2570,499676,-0.030188679245283012
2021-09-29,2600,2750,2500,2530,609595,-0.015564202334630295
2021-09-30,2520,2660,2450,2550,220557,0.007905138339920903
2021-10-01,2550,2560,2470,2500,202840,-0.019607843137254943
2021-10-05,2500,2550,2295,2305,516264,-0.07799999999999996
2021-10-06,2310,2400,2250,2360,223254,0.02386117136659438
2021-10-07,2360,2465,2305,2420,113591,0.025423728813559254
2021-10-08,2520,2520,2345,2395,131540,-0.010330578512396715
2021-10-12,2460,2720,2425,2595,809493,0.08350730688935282
2021-10-13,2575,2685,2500,2595,279073,0.0
2021-10-14,2595,2830,2560,2830,558085,0.09055876685934483
2021-10-15,2835,3080,2835,2990,502392,0.05653710247349819
2021-10-18,3005,3060,2875,2905,212792,-0.02842809364548493
2021-10-19,2915,2925,2815,2840,166868,-0.022375215146299476
2021-10-20,2825,2915,2755,2840,214862,0.0
2021-10-21,2815,2865,2660,2690,257672,-0.052816901408450745
2021-10-22,2690,2725,2425,2520,535803,-0.06319702602230481
2021-10-25,2530,2605,2420,2580,95995,0.023809523809523725
2021-10-26,2580,3010,2580,2670,1571748,0.03488372093023262
2021-10-27,2650,2685,2560,2605,267290,-0.02434456928838946
2021-10-28,2590,2765,2590,2700,236845,0.03646833013435691
2021-10-29,2645,2685,2590,2605,142722,-0.03518518518518521
2021-11-01,2625,2630,2530,2545,112425,-0.02303262955854124
2021-11-02,2545,2625,2475,2510,202450,-0.013752455795677854
2021-11-03,2510,3030,2510,2910,2187012,0.1593625498007969
2021-11-04,2925,2925,2785,2800,366709,-0.037800687285223344
2021-11-05,2755,3100,2750,3100,873534,0.1071428571428572
2021-11-08,3000,3180,3000,3100,337979,0.0
2021-11-09,3100,3175,3065,3115,120750,0.004838709677419395
2021-11-10,3175,3175,3015,3020,233562,-0.0304975922953451
2021-11-11,2950,3035,2850,2890,268261,-0.04304635761589404
2021-11-12,2890,3030,2870,2910,164646,0.006920415224913601
2021-11-15,2915,2980,2845,2920,108432,0.0034364261168384758
2021-11-16,2915,2935,2830,2875,55541,-0.015410958904109595
2021-11-17,2910,2910,2780,2860,169975,-0.00521739130434784
2021-11-18,2845,2845,2690,2780,404421,-0.027972027972028024
2021-11-19,2735,2810,2680,2685,239673,-0.03417266187050361
2021-11-22,2655,2655,2530,2600,160766,-0.03165735567970207
2021-11-23,2610,2805,2600,2750,230205,0.05769230769230771
2021-11-24,2720,2795,2580,2605,160401,-0.052727272727272734
2021-11-25,2600,2650,2530,2535,144624,-0.026871401151631447
2021-11-26,2535,2580,2210,2430,632389,-0.041420118343195256
2021-11-29,2390,2470,2235,2415,168166,-0.006172839506172867
2021-11-30,2435,2480,2320,2325,125085,-0.037267080745341574
2021-12-01,2330,2555,2330,2410,68339,0.03655913978494629
2021-12-02,2460,2490,2360,2405,104283,-0.0020746887966804906
2021-12-03,2400,2470,2400,2435,36059,0.012474012474012364
2021-12-06,2460,2475,2380,2435,39960,0.0
2021-12-07,2390,2465,2375,2400,51311,-0.014373716632443578
2021-12-08,2550,2550,2360,2360,74161,-0.01666666666666672
2021-12-09,2360,2410,2305,2385,233120,0.010593220338983134
2021-12-10,2385,2385,2305,2335,111861,-0.02096436058700213
2021-12-13,2370,2370,2175,2200,304919,-0.05781584582441113
2021-12-14,2345,2480,2170,2210,80213,0.00454545454545463
2021-12-15,2225,2225,2165,2175,56704,-0.015837104072398245
2021-12-16,2220,2240,2155,2160,55190,-0.006896551724137945
2021-12-17,2155,2230,2125,2195,67128,0.01620370370370372
2021-12-20,2180,2245,2180,2220,51659,0.011389521640091216
2021-12-21,2245,2245,2130,2160,49926,-0.027027027027026973
2021-12-22,2230,2230,2080,2080,88644,-0.03703703703703709
2021-12-23,2145,2145,2030,2075,104282,-0.0024038461538461453
2021-12-24,2070,2070,2000,2035,105868,-0.01927710843373498
2021-12-27,2005,2050,1980,2000,91718,-0.017199017199017175
2021-12-28,2075,2075,1870,1880,298816,-0.06000000000000005
2021-12-29,1835,2260,1815,2100,896384,0.11702127659574457
2021-12-30,2100,2125,1980,2065,150705,-0.01666666666666672
2022-01-03,2055,2150,2030,2065,58534,0.0
2022-01-04,2060,2080,2025,2040,58833,-0.01210653753026636
2022-01-05,2040,2075,1950,2000,72874,-0.019607843137254943
2022-01-06,1975,2000,1900,1930,93183,-0.03500000000000003
2022-01-07,1925,1970,1915,1930,16287,0.0
2022-01-10,1930,2000,1845,2000,104316,0.03626943005181338
2022-01-11,1940,1975,1870,1930,129774,-0.03500000000000003
2022-01-12,1930,1960,1880,1880,46333,-0.025906735751295318
2022-01-13,1890,1920,1730,1895,161126,0.007978723404255428
2022-01-14,1895,1915,1815,1910,41305,0.0079155672823219
2022-01-17,1880,2065,1880,1955,214275,0.023560209424083878
2022-01-18,1955,1990,1930,1970,52097,0.007672634271099765
2022-01-19,1970,2060,1880,1970,71340,0.0
2022-01-20,1920,1970,1825,1840,210948,-0.06598984771573602
2022-01-21,1825,1880,1810,1845,66386,0.0027173913043478937
2022-01-24,1845,1845,1695,1765,214480,-0.04336043360433606
2022-01-25,1870,1875,1750,1770,103739,0.0028328611898016387
2022-01-26,1730,1770,1680,1690,137505,-0.04519774011299438
2022-01-27,1740,1740,1550,1595,161061,-0.056213017751479244
2022-01-28,1595,1640,1540,1590,71530,-0.0031347962382445305
2022-02-03,1600,1640,1570,1600,34006,0.0062893081761006275
2022-02-04,1615,1620,1495,1500,81502,-0.0625
2022-02-07,1505,1950,1505,1950,473655,0.30000000000000004
2022-02-08,2535,2535,2535,2535,832259,0.30000000000000004
2022-02-09,2900,3290,2355,2380,22363614,-0.06114398422090728
2022-02-10,2400,2475,2220,2290,3326417,-0.037815126050420145
2022-02-11,2220,2235,2065,2130,1512101,-0.06986899563318782
2022-02-14,2080,2100,1970,1970,675737,-0.07511737089201875
2022-02-15,1935,2010,1850,1870,601641,-0.050761421319796995
2022-02-16,1900,1955,1845,1945,445227,0.04010695187165769
2022-02-17,1920,2160,1850,1950,1294167,0.0025706940874035134
2022-02-18,1960,2215,1960,2110,2024205,0.08205128205128198
2022-02-21,2115,2280,2090,2140,1156529,0.014218009478673022
2022-02-22,2095,2125,2005,2040,234381,-0.04672897196261683
2022-02-23,2010,2030,1900,2005,149751,-0.01715686274509809
2022-02-24,1960,2060,1900,1900,140029,-0.052369077306733125
2022-02-25,1900,2110,1860,1960,447374,0.03157894736842115
2022-02-28,1990,2060,1955,1970,216379,0.005102040816326481
2022-03-02,1960,1985,1930,1975,145702,0.002538071065989911
2022-03-03,1970,2145,1970,2075,217115,0.05063291139240511
2022-03-04,2110,2115,1985,2000,151236,-0.03614457831325302
2022-03-07,1975,1985,1930,1930,124660,-0.03500000000000003
2022-03-08,1920,1930,1800,1830,259041,-0.051813471502590636
2022-03-10,1910,2135,1855,1875,299388,0.024590163934426146
2022-03-11,1735,1825,1720,1810,347000,-0.03466666666666662
2022-03-14,1810,1815,1740,1775,146105,-0.01933701657458564
2022-03-15,1820,1820,1700,1705,160248,-0.03943661971830981
2022-03-16,1705,1875,1675,1825,189576,0.07038123167155419
2022-03-17,1835,1865,1805,1815,90816,-0.005479452054794498
2022-03-18,1820,1950,1805,1890,139745,0.04132231404958686
2022-03-21,1890,2010,1890,1955,105108,0.03439153439153442
2022-03-22,2020,2020,1920,1965,99385,0.005115089514066584
2022-03-23,1965,1990,1935,1940,71046,-0.012722646310432517
2022-03-24,1970,1970,1885,1885,210371,-0.028350515463917536
2022-03-25,1900,1910,1840,1885,109607,0.0
2022-03-28,1870,2000,1840,1985,140852,0.05305039787798416
2022-03-29,1985,1985,1865,1870,178620,-0.057934508816120944
2022-03-30,1870,1885,1845,1865,74390,-0.002673796791443861
2022-03-31,1880,1880,1835,1845,58249,-0.01072386058981234
2022-04-01,1825,1870,1805,1855,88398,0.005420054200542035
2022-04-04,1870,1870,1825,1845,49172,-0.005390835579514808
2022-04-05,1845,1860,1810,1840,98066,-0.0027100271002710175
2022-04-06,1840,1880,1810,1845,88547,0.0027173913043478937
2022-04-07,1835,1835,1790,1820,59497,-0.013550135501354976
2022-04-08,1820,1830,1740,1780,65319,-0.02197802197802201
2022-04-11,1780,1810,1730,1800,63664,0.011235955056179803
2022-04-12,1795,1795,1750,1750,43742,-0.02777777777777779
2022-04-13,1730,1785,1730,1750,57885,0.0
2022-04-14,1765,1775,1740,1775,25375,0.014285714285714235
2022-04-15,1790,1900,1785,1835,51300,0.033802816901408406
2022-04-18,1835,1835,1745,1750,81707,-0.0463215258855586
2022-04-19,1750,1830,1750,1780,46740,0.017142857142857126
2022-04-20,1770,1800,1750,1790,60735,0.00561797752808979
2022-04-21,1780,1830,1700,1780,122932,-0.005586592178770999
2022-04-22,1795,1795,1715,1780,51183,0.0
2022-04-25,1765,1765,1675,1730,52019,-0.028089887640449396
2022-04-26,1720,1750,1695,1695,64172,-0.020231213872832332
2022-04-27,1695,1695,1625,1660,99222,-0.020648967551622377
2022-04-28,1720,1720,1635,1655,39665,-0.003012048192771122
2022-04-29,1655,1675,1585,1605,103080,-0.030211480362537735
2022-05-02,1630,1645,1600,1615,42858,0.006230529595015577
2022-05-03,1615,1655,1520,1550,234579,-0.04024767801857587
2022-05-04,1565,2015,1560,2015,2974632,0.30000000000000004
2022-05-06,2020,2095,1630,1675,2900469,-0.16873449131513651
2022-05-09,1660,2135,1615,1850,5028918,0.10447761194029859
2022-05-10,1925,2075,1785,1830,1164874,-0.010810810810810811
2022-05-11,1900,2000,1760,1785,1229712,-0.024590163934426257
2022-05-12,1785,1890,1710,1750,336874,-0.019607843137254943
2022-05-13,1705,1740,1650,1655,221003,-0.05428571428571427
2022-05-16,1655,1715,1625,1670,225635,0.009063444108761365
2022-05-17,1725,1730,1650,1700,134623,0.017964071856287456
2022-05-18,1695,1735,1685,1695,143964,-0.002941176470588225
2022-05-19,1695,1695,1570,1680,147456,-0.008849557522123908
2022-05-20,1650,1720,1650,1705,88113,0.014880952380952328
2022-05-23,1730,1730,1640,1675,98404,-0.017595307917888547
2022-05-24,1655,1675,1595,1610,186016,-0.03880597014925369
2022-05-25,1625,1625,1580,1590,37833,-0.012422360248447228
2022-05-26,1605,1720,1585,1670,255762,0.05031446540880502
2022-05-27,1690,1690,1615,1635,98095,-0.020958083832335328
2022-05-30,1635,1650,1615,1650,44906,0.00917431192660545
2022-05-31,1615,1690,1615,1660,136474,0.0060606060606061
2022-06-02,1635,1675,1615,1660,63412,0.0
2022-06-03,1650,1720,1640,1710,77455,0.030120481927710774
2022-06-07,1675,1725,1650,1675,53893,-0.020467836257309968
2022-06-08,1670,1715,1650,1660,60352,-0.008955223880596996
2022-06-09,1650,1725,1635,1655,106415,-0.003012048192771122
2022-06-10,1655,2000,1625,1735,2758325,0.048338368580060465
2022-06-13,1760,1820,1725,1770,524878,0.020172910662824117
2022-06-14,1770,1780,1665,1765,213740,-0.0028248587570621764
2022-06-15,1755,2125,1745,1960,3218822,0.11048158640226635
2022-06-16,1980,2005,1880,1920,604674,-0.020408163265306145
2022-06-17,1915,1985,1880,1925,421333,0.0026041666666667407
2022-06-20,1940,2035,1870,1895,480955,-0.01558441558441559
2022-06-21,1900,1940,1840,1915,207377,0.01055408970976246
2022-06-22,1915,1930,1835,1840,153679,-0.03916449086161877
2022-06-23,1840,2015,1780,1980,606180,0.07608695652173902
2022-06-24,2000,2075,1930,2035,1012600,0.02777777777777768
2022-06-27,2015,2130,1965,2100,721695,0.03194103194103204
2022-06-28,2070,2275,1915,1935,1389535,-0.07857142857142863
2022-06-29,1955,1980,1920,1935,192821,0.0
2022-06-30,1980,1980,1615,1690,1355642,-0.12661498708010333
2022-07-01,1695,1740,1580,1660,413843,-0.017751479289940808
2022-07-04,1660,1680,1590,1610,137666,-0.030120481927710885
2022-07-05,1610,1700,1610,1635,98022,0.01552795031055898
2022-07-06,1630,1680,1605,1640,58380,0.003058103975535076
2022-07-07,1640,1655,1625,1655,75608,0.009146341463414531
2022-07-08,1665,1690,1635,1665,112795,0.0060422960725075026
2022-07-11,1660,1665,1600,1665,74620,0.0
2022-07-12,1645,1645,1555,1565,142445,-0.06006006006006004
2022-07-13,1565,1595,1535,1550,60573,-0.009584664536741228
2022-07-14,1550,1595,1505,1540,81118,-0.006451612903225823
2022-07-15,1540,1545,1425,1480,139789,-0.038961038961038974
2022-07-18,1525,1525,1430,1480,66022,0.0
2022-07-19,1475,1480,1400,1470,148184,-0.006756756756756799
2022-07-20,1495,1570,1495,1530,175121,0.04081632653061229
2022-07-21,1545,1545,1500,1520,61941,-0.006535947712418277
2022-07-22,1550,1550,1500,1530,28396,0.006578947368421018
2022-07-25,1505,1530,1485,1495,42006,-0.022875816993464082
2022-07-26,1485,1505,1455,1470,90357,-0.01672240802675584
2022-07-27,1470,1495,1430,1435,163813,-0.023809523809523836
2022-07-28,1450,1475,1430,1440,56926,0.0034843205574912606
2022-07-29,1450,1525,1440,1470,71577,0.02083333333333326
2022-08-01,1500,1500,1440,1460,33873,-0.006802721088435382
2022-08-02,1445,1470,1440,1465,31927,0.003424657534246478
2022-08-03,1465,1480,1450,1455,24808,-0.0068259385665528916
2022-08-04,1455,1485,1450,1460,47003,0.0034364261168384758
2022-08-05,1460,1490,1460,1490,45808,0.020547945205479534
2022-08-08,1490,1490,1430,1460,57002,-0.020134228187919434
2022-08-09,1460,1505,1460,1480,47561,0.013698630136986356
2022-08-10,1475,1480,1445,1460,31840,-0.013513513513513487
2022-08-11,1460,1505,1445,1490,95941,0.020547945205479534
2022-08-12,1485,1500,1465,1475,12379,-0.010067114093959773
2022-08-16,1460,1485,1445,1475,51725,0.0
2022-08-17,1460,1490,1455,1480,59380,0.003389830508474523
2022-08-18,1460,1605,1440,1445,361640,-0.023648648648648685
2022-08-19,1445,1475,1435,1465,68490,0.01384083044982698
2022-08-22,1460,1465,1430,1450,69942,-0.010238907849829393
2022-08-23,1440,1520,1410,1455,121432,0.0034482758620688614
2022-08-24,1410,1480,1405,1445,126320,-0.0068728522336769515
2022-08-25,1445,1460,1280,1280,369144,-0.11418685121107264
2022-08-26,1305,1380,1210,1230,496282,-0.0390625
2022-08-29,1215,1330,1110,1145,489246,-0.06910569105691056
2022-08-30,1160,1190,1135,1170,80453,0.02183406113537112
2022-08-31,1170,1180,1145,1150,67703,-0.017094017094017144
2022-09-01,1150,1180,1110,1170,70217,0.017391304347825987
2022-09-02,1150,1175,1150,1175,31401,0.004273504273504258
2022-09-05,1170,1175,1140,1160,32031,-0.012765957446808529
2022-09-06,1170,1180,1120,1155,59745,-0.004310344827586188
2022-09-07,1165,1195,1150,1195,79344,0.03463203463203457
2022-09-08,1180,1540,1180,1475,4016868,0.2343096234309623
2022-09-13,1475,1500,1335,1420,712494,-0.037288135593220306
2022-09-14,1345,1395,1340,1380,143580,-0.028169014084507005
2022-09-15,1375,1375,1310,1330,141179,-0.036231884057971064
2022-09-16,1305,1720,1295,1490,4545653,0.12030075187969924
2022-09-19,1475,1850,1470,1820,5353668,0.2214765100671141
2022-09-20,1820,1820,1525,1600,2088618,-0.1208791208791209
2022-09-21,1660,1665,1430,1430,1039969,-0.10624999999999996
2022-09-22,1405,1575,1340,1370,1199606,-0.04195804195804198
2022-09-23,1385,1610,1250,1310,2480925,-0.04379562043795615
2022-09-26,1320,1580,1315,1365,2855606,0.041984732824427384
2022-09-27,1390,1395,1220,1220,933597,-0.10622710622710618
2022-09-28,1220,1295,1145,1255,318819,0.028688524590164022
2022-09-29,1230,1285,1225,1240,131147,-0.01195219123505975
2022-09-30,1185,1230,1175,1210,127066,-0.024193548387096753
2022-10-04,1275,1290,1210,1250,405040,0.03305785123966931
2022-10-05,1260,1485,1250,1420,2608906,0.1359999999999999
2022-10-06,1470,1810,1470,1600,5212576,0.12676056338028174
2022-10-07,1610,1800,1520,1640,3331190,0.02499999999999991
2022-10-11,1670,1900,1645,1695,4701241,0.03353658536585358
2022-10-12,1765,1765,1450,1485,2051835,-0.12389380530973448
2022-10-13,1500,1550,1310,1430,1118778,-0.03703703703703709
2022-10-14,1420,1520,1390,1480,497264,0.034965034965035
2022-10-17,1435,1460,1330,1335,426368,-0.09797297297297303
2022-10-18,1335,1495,1335,1395,703880,0.04494382022471921
2022-10-19,1395,1550,1355,1405,1347192,0.007168458781362075
2022-10-20,1400,1490,1325,1355,402794,-0.03558718861209964
2022-10-21,1350,1350,1275,1290,200374,-0.047970479704797064
2022-10-24,1285,1330,1245,1290,182490,0.0
2022-10-25,1280,1355,1240,1335,193384,0.03488372093023262
2022-10-26,1325,1370,1295,1305,121013,-0.022471910112359605
2022-10-27,1295,1340,1280,1305,177919,0.0
2022-10-28,1290,1320,1260,1295,134387,-0.007662835249042099
2022-10-31,1295,1380,1295,1365,345578,0.054054054054053946
2022-11-01,1365,1430,1305,1320,402345,-0.03296703296703296
2022-11-02,1315,1315,1180,1195,639851,-0.09469696969696972
2022-11-03,1195,1255,1170,1225,137440,0.025104602510460206
2022-11-04,1235,1245,1200,1220,88094,-0.004081632653061273
2022-11-07,1225,1230,1160,1205,174815,-0.012295081967213073
2022-11-08,1205,1220,1160,1185,243113,-0.016597510373444035
2022-11-09,1200,1210,1170,1175,140624,-0.008438818565400852
2022-11-10,1170,1200,1140,1160,331223,-0.012765957446808529
2022-11-11,1185,1205,1140,1150,257030,-0.008620689655172376
2022-11-14,1155,1220,1135,1155,533637,0.004347826086956497
2022-11-15,1160,1170,1140,1160,125538,0.0043290043290042934
2022-11-16,1160,1170,1140,1155,137527,-0.004310344827586188
2022-11-17,1155,1155,1030,1090,785933,-0.05627705627705626
2022-11-18,1090,1120,1035,1075,114864,-0.013761467889908285
2022-11-21,1075,1115,1035,1075,186975,0.0
2022-11-22,1080,1110,1045,1065,88138,-0.009302325581395321
2022-11-23,1065,1080,1040,1070,77712,0.0046948356807512415
2022-11-24,1115,1115,1065,1070,56468,0.0
2022-11-25,1060,1120,1055,1115,234508,0.0420560747663552
2022-11-28,1185,1245,1105,1105,786554,-0.008968609865470878
2022-11-29,1100,1125,1075,1115,104288,0.009049773755656076
2022-11-30,1095,1115,1070,1075,142567,-0.0358744394618834
2022-12-01,1100,1330,1090,1215,3955868,0.13023255813953494
2022-12-02,1215,1215,1150,1160,381875,-0.04526748971193417
2022-12-05,1160,1170,1090,1110,384734,-0.0431034482758621
2022-12-06,1100,1150,1075,1135,171391,0.022522522522522515
2022-12-07,1115,1145,1100,1140,116929,0.004405286343612369
2022-12-08,1120,1130,1075,1090,204741,-0.04385964912280704
2022-12-09,1090,1105,1065,1085,93434,-0.004587155963302725
2022-12-12,1080,1085,1045,1065,182695,-0.018433179723502335
2022-12-13,1085,1085,1055,1060,85350,-0.0046948356807511304
2022-12-14,1075,1075,1055,1070,69314,0.009433962264151052
2022-12-15,1065,1085,1055,1075,58709,0.004672897196261738
2022-12-16,1060,1085,1040,1075,41878,0.0
2022-12-19,1065,1090,1065,1080,52843,0.0046511627906977715
2022-12-20,1070,1170,1070,1145,730589,0.06018518518518512
2022-12-21,1145,1150,1095,1125,170869,-0.017467248908296984
2022-12-22,1170,1175,1060,1080,450109,-0.040000000000000036
2022-12-23,1075,1100,1055,1060,92908,-0.01851851851851849
2022-12-26,1075,1095,1055,1060,75725,0.0
2022-12-27,1055,1070,1035,1060,142951,0.0
2022-12-28,1060,1150,1060,1110,389916,0.04716981132075482
2022-12-29,1120,1150,1085,1130,293171,0.018018018018018056
2023-01-02,1125,1190,1115,1135,245247,0.004424778761061843
2023-01-03,1135,1145,1090,1100,108484,-0.03083700440528636
2023-01-04,1100,1120,1080,1115,79172,0.013636363636363669
2023-01-05,1115,1150,1115,1125,154354,0.008968609865470878
2023-01-06,1125,1340,1125,1240,2797855,0.10222222222222221
2023-01-09,1225,1330,1225,1270,1161251,0.024193548387096753
2023-01-10,1270,1350,1235,1310,616906,0.03149606299212593
2023-01-11,1320,1350,1245,1285,310777,-0.01908396946564883
2023-01-12,1310,1310,1230,1230,295391,-0.04280155642023342
2023-01-13,1245,1250,1220,1235,70989,0.004065040650406582
2023-01-16,1240,1245,1170,1175,355827,-0.04858299595141702
2023-01-17,1200,1200,1150,1190,86416,0.012765957446808418
2023-01-18,1195,1195,1160,1160,92336,-0.025210084033613467
2023-01-19,1155,1215,1140,1190,116613,0.02586206896551735
2023-01-20,1190,1195,1160,1180,72549,-0.008403361344537785
2023-01-25,1190,1190,1159,1175,64335,-0.004237288135593209
2023-01-26,1163,1186,1156,1163,68672,-0.010212765957446801
2023-01-27,1176,1176,1140,1154,150348,-0.007738607050730817
2023-01-30,1154,1164,1150,1151,76054,-0.0025996533795493715
2023-01-31,1136,1155,1126,1140,94699,-0.009556907037358786
2023-02-01,1140,1187,1112,1162,175609,0.019298245614035148
2023-02-02,1185,1185,1144,1175,52854,0.01118760757314985
2023-02-03,1169,1199,1169,1181,58513,0.005106382978723456
2023-02-06,1181,1185,1145,1183,63768,0.0016934801016088574
2023-02-07,1183,1183,1148,1160,64581,-0.019442096365173245
2023-02-08,1160,1174,1151,1159,76849,-0.0008620689655172153
2023-02-09,1172,1172,1150,1158,27118,-0.0008628127696289623
2023-02-10,1189,1189,1141,1149,41584,-0.007772020725388629
2023-02-13,1149,1159,1136,1151,58590,0.0017406440382941035
2023-02-14,1148,1175,1140,1155,61534,0.0034752389226759828
2023-02-15,1187,1187,1139,1148,56048,-0.0060606060606061
2023-02-16,1140,1149,1138,1148,43372,0.0
2023-02-17,1148,1177,1122,1127,60336,-0.018292682926829285
2023-02-20,1117,1130,1080,1080,158256,-0.041703637976929886
2023-02-21,1080,1080,1048,1051,83620,-0.026851851851851904
2023-02-22,1050,1077,1030,1041,62875,-0.009514747859181716
2023-02-23,1041,1150,1030,1150,68240,0.1047070124879923
2023-02-24,1116,1116,1046,1057,93704,-0.0808695652173913
2023-02-27,1036,1040,1014,1018,64620,-0.036896877956480556
2023-02-28,1018,1020,987,1014,136322,-0.003929273084479323
2023-03-02,1014,1090,1000,1090,97485,0.07495069033530566
2023-03-03,1069,1069,1015,1044,67233,-0.04220183486238527
2023-03-06,1070,1078,1051,1062,78077,0.01724137931034475
2023-03-07,1070,1074,1054,1063,27148,0.0009416195856872811
2023-03-08,1097,1097,1002,1036,60954,-0.02539981185324558
2023-03-09,1035,1035,1004,1005,57966,-0.02992277992277992
2023-03-10,1006,1055,995,1022,174196,0.01691542288557213
2023-03-13,1022,1045,998,1024,35796,0.001956947162426559
2023-03-14,1018,1039,1000,1009,97138,-0.0146484375
2023-03-15,999,1035,999,1010,36864,0.0009910802775023875
2023-03-16,1010,1020,980,1016,67274,0.005940594059405946
2023-03-17,980,1025,977,1010,126182,-0.0059055118110236116
2023-03-20,1010,1019,995,1014,41824,0.003960396039603964
2023-03-21,1014,1030,979,1010,69412,-0.0039447731755424265
2023-03-22,1010,1014,993,998,19699,-0.011881188118811892
2023-03-23,993,1037,966,1023,195902,0.025050100200400882
2023-03-24,1034,1034,1008,1022,57308,-0.0009775171065493637
2023-03-27,1064,1064,1000,1016,101491,-0.005870841487279899
2023-03-28,1020,1023,1000,1016,58450,0.0
2023-03-29,1010,1016,1001,1014,44673,-0.0019685039370078705
2023-03-30,1010,1050,1006,1039,70116,0.024654832347140054
2023-03-31,1060,1060,1015,1020,49729,-0.018286814244465877
2023-04-03,1030,1030,1000,1015,125329,-0.004901960784313708
2023-04-04,1015,1019,1005,1016,42702,0.0009852216748769127
2023-04-05,1009,1024,1000,1016,53686,0.0
2023-04-06,1017,1027,1003,1013,33380,-0.0029527559055118058
2023-04-07,1027,1027,1013,1018,33197,0.0049358341559724295
2023-04-10,1006,1017,990,995,131596,-0.02259332023575633
2023-04-11,995,999,979,982,184673,-0.013065326633165841
2023-04-12,982,993,964,969,178047,-0.013238289205702691
2023-04-13,969,989,939,969,627863,0.0
2023-04-14,966,966,918,928,1443876,-0.042311661506707954
2023-04-17,945,945,912,919,189385,-0.00969827586206895
2023-04-18,925,925,904,918,143664,-0.0010881392818280489
2023-04-19,918,927,910,912,113927,-0.006535947712418277
2023-04-20,923,923,890,892,144121,-0.021929824561403466
2023-04-21,884,910,877,898,206122,0.006726457399103047
2023-04-24,898,898,825,825,386115,-0.08129175946547884
2023-04-25,827,852,806,823,128099,-0.00242424242424244
2023-04-26,823,840,806,837,38156,0.017010935601458055
2023-04-27,830,831,798,817,38440,-0.02389486260453999
2023-04-28,817,827,812,822,39163,0.006119951040391758
2023-05-02,822,849,806,834,56172,0.014598540145985384
2023-05-03,834,893,834,892,165759,0.0695443645083933
2023-05-04,878,892,805,847,90180,-0.05044843049327352
2023-05-08,859,888,826,826,24633,-0.024793388429752095
2023-05-09,826,826,795,826,63392,0.0
2023-05-10,815,831,800,813,41052,-0.0157384987893463
2023-05-11,813,835,813,826,52213,0.01599015990159902
2023-05-12,828,845,825,839,31648,0.0157384987893463
2023-05-15,842,856,830,835,40505,-0.004767580452920139
2023-05-16,835,837,830,832,24599,-0.003592814371257469
2023-05-17,832,881,830,879,142721,0.05649038461538458
2023-05-18,888,953,879,925,260501,0.05233219567690561
2023-05-19,925,938,911,926,87933,0.00108108108108107
2023-05-22,926,950,925,943,90881,0.018358531317494542
2023-05-23,943,992,943,969,202642,0.0275715800636267
2023-05-24,963,994,962,994,107574,0.02579979360165119
2023-05-25,994,1025,962,982,197001,-0.012072434607645843
2023-05-26,962,982,945,947,83601,-0.035641547861507084
2023-05-30,947,1146,947,1017,1589027,0.07391763463569156
2023-05-31,1020,1322,1017,1322,12327263,0.29990167158308756
2023-06-01,1430,1594,1244,1274,15338751,-0.036308623298033305
2023-06-02,1261,1274,1210,1210,1311780,-0.050235478806907374
2023-06-05,1216,1450,1216,1343,5974244,0.10991735537190084
2023-06-07,1343,1348,1307,1322,545542,-0.015636634400595706
2023-06-08,1305,1320,1211,1283,525537,-0.029500756429651998
2023-06-09,1264,1446,1260,1331,2856970,0.0374123148869836
2023-06-12,1332,1385,1312,1327,421580,-0.003005259203606281
2023-06-13,1327,1374,1317,1350,328447,0.017332328560663246
2023-06-14,1347,1407,1274,1306,373836,-0.03259259259259262
2023-06-15,1306,1321,1267,1270,205932,-0.027565084226646275
2023-06-16,1271,1355,1271,1320,321181,0.03937007874015741
2023-06-19,1373,1373,1291,1339,262004,0.014393939393939403
2023-06-20,1373,1373,1300,1308,186501,-0.023151605675877485
2023-06-21,1309,1523,1276,1352,2208380,0.033639143730886945
2023-06-22,1400,1410,1290,1322,425728,-0.022189349112425982
2023-06-23,1337,1357,1304,1342,219898,0.015128593040847127
2023-06-26,1342,1500,1330,1499,2897170,0.11698956780923986
2023-06-27,1943,1948,1394,1620,16120282,0.0807204803202135
2023-06-28,1654,2105,1627,2045,18546841,0.26234567901234573
2023-06-29,1974,2300,1938,2220,5232134,0.08557457212713926
2023-06-30,2230,2885,2115,2885,11254730,0.2995495495495495
2023-07-03,3500,3750,3500,3750,4887336,0.2998266897746966
2023-07-04,3400,4450,3190,4400,15940041,0.17333333333333334
2023-07-05,0,0,0,4400,0,0.0
2023-07-06,4220,4840,3850,4245,7364449,-0.035227272727272774
2023-07-07,4305,4495,3915,3965,2211213,-0.06595995288574796
2023-07-10,3965,3995,3530,3665,2436951,-0.07566204287515765
2023-07-11,3675,4040,3460,3940,3109003,0.07503410641200547
2023-07-12,3940,4120,3750,3995,976907,0.013959390862944066
2023-07-13,4005,4010,3650,3910,1086557,-0.021276595744680882
2023-07-14,3910,4080,3660,4070,1717628,0.04092071611253201
2023-07-17,4070,4220,3750,3855,2045267,-0.05282555282555279
2023-07-18,3850,3870,2700,2700,10541055,-0.2996108949416343
2023-07-19,2445,3510,2445,3435,9620722,0.27222222222222214
2023-07-20,3300,3510,3020,3165,3024790,-0.0786026200873362
2023-07-21,3150,3410,2835,3300,2622069,0.042654028436019065
2023-07-24,3500,4190,3500,3800,4662728,0.1515151515151516
2023-07-25,3810,4000,3555,3675,1187043,-0.03289473684210531
2023-07-26,3670,3760,3365,3540,1064085,-0.03673469387755102
2023-07-27,3515,3590,3260,3400,751559,-0.039548022598870025
2023-07-28,3040,3395,3040,3265,965301,-0.039705882352941146
2023-07-31,3210,3230,2925,3135,836007,-0.039816232771822335
2023-08-01,3060,3655,3040,3260,1072790,0.03987240829346095
2023-08-02,3345,3345,3025,3160,457904,-0.030674846625766916
2023-08-03,3195,3585,3170,3405,809832,0.07753164556962022
2023-08-04,3455,3460,3215,3395,232513,-0.002936857562408246
2023-08-07,3310,3670,3280,3625,514829,0.06774668630338732
2023-08-08,3625,3625,3210,3350,698391,-0.07586206896551728
2023-08-09,3375,3375,3220,3310,211737,-0.011940298507462699
2023-08-10,3295,3370,3100,3130,263798,-0.05438066465256797
2023-08-11,3165,3385,3105,3190,618047,0.019169329073482455
2023-08-14,3170,3230,2855,3190,575254,0.0
2023-08-16,3100,3390,3085,3250,372493,0.018808777429467183
2023-08-17,3370,3390,2995,3200,291447,-0.01538461538461533
2023-08-18,3150,3295,3055,3235,262287,0.010937500000000044
2023-08-21,3170,3405,3170,3260,280542,0.007727975270479082
2023-08-22,3260,3365,3225,3225,202323,-0.010736196319018454
2023-08-23,3225,3335,3200,3250,192355,0.007751937984496138
2023-08-24,3235,3350,3205,3340,137813,0.027692307692307683
2023-08-25,3300,3450,3260,3280,232896,-0.017964071856287456
2023-08-28,3390,3500,3275,3350,372151,0.021341463414634054
2023-08-29,3350,3375,3255,3375,171703,0.00746268656716409
2023-08-30,3435,3530,3270,3370,256308,-0.001481481481481528
2023-08-31,3500,3585,3290,3320,498903,-0.014836795252225476
2023-09-01,3340,3415,3230,3415,159608,0.028614457831325213
2023-09-04,3475,3570,3370,3425,298639,0.002928257686676483
2023-09-05,3425,3615,3405,3455,279011,0.008759124087591275
2023-09-06,3655,3665,3410,3635,982537,0.05209840810419686
2023-09-07,3680,3680,3320,3350,667136,-0.07840440165061902
2023-09-08,3350,3380,2505,2975,1383546,-0.11194029850746268
2023-09-11,2975,3250,2915,3200,359049,0.07563025210084029
2023-09-12,3355,3355,3130,3185,286683,-0.004687499999999956
2023-09-13,3165,3360,3050,3165,298145,-0.006279434850863463
2023-09-14,3165,3165,2945,3000,337896,-0.05213270142180093
2023-09-15,3000,3150,2955,3065,274012,0.021666666666666723
2023-09-18,3050,3230,2980,2990,253747,-0.024469820554649302
2023-09-19,3000,3050,2865,2995,383210,0.0016722408026756952
2023-09-20,2995,3300,2885,3205,695261,0.07011686143572615
2023-09-21,3235,3390,2915,3040,890053,-0.05148205928237126
2023-09-22,2990,3220,2985,3095,417823,0.018092105263157965
2023-09-25,3095,3130,2865,3010,562131,-0.02746365105008075
2023-09-26,3010,3085,2835,2920,321083,-0.029900332225913595
2023-09-27,2940,3020,2865,3010,177347,0.03082191780821919
2023-10-04,3020,3140,2985,3040,386068,0.009966777408637828
2023-10-05,3040,3140,3015,3100,318860,0.019736842105263053
2023-10-06,3165,3380,3080,3225,750338,0.040322580645161255
2023-10-10,3250,3490,3230,3445,668057,0.06821705426356584
2023-10-11,3445,3575,3350,3540,583511,0.027576197387518153
2023-10-12,3535,3775,3535,3775,661830,0.06638418079096042
2023-10-13,3845,4010,3740,3940,720554,0.04370860927152309
2023-10-16,3905,4095,3700,3900,797054,-0.010152284263959421
2023-10-17,3910,4220,3910,4135,1017245,0.060256410256410264
2023-10-18,4130,4150,3410,3635,1135575,-0.12091898428053205
2023-10-19,3635,3635,3345,3550,483399,-0.023383768913342484
2023-10-20,3410,3730,3360,3600,479870,0.014084507042253502
2023-10-23,3600,3725,3535,3660,201808,0.016666666666666607
2023-10-24,3660,3880,3345,3605,647718,-0.015027322404371546
2023-10-25,3605,3670,3030,3225,1147261,-0.10540915395284323
2023-10-26,3225,3540,3090,3320,402637,0.029457364341085368
2023-10-27,3380,3380,3100,3150,288662,-0.051204819277108404
2023-10-30,3150,3280,2205,2205,1680022,-0.30000000000000004
2023-10-31,2215,2795,2215,2505,3233535,0.1360544217687074
2023-11-01,2510,2655,1755,1901,5335102,-0.24111776447105793
2023-11-02,2075,2470,2060,2220,4621759,0.1678064176749079
2023-11-03,2250,2255,1970,2180,1110184,-0.018018018018018056
2023-11-06,2075,2375,1995,2175,1083794,-0.002293577981651418
2023-11-07,2300,2520,1921,2095,2092907,-0.0367816091954023
2023-11-08,2120,2680,2035,2440,3204102,0.1646778042959427
2023-11-09,2380,2540,2005,2195,1850387,-0.10040983606557374
2023-11-10,2185,2230,2050,2185,530338,-0.004555808656036442
2023-11-13,2185,2365,2140,2350,734724,0.07551487414187652
2023-11-14,2430,2460,2250,2300,484790,-0.021276595744680882
2023-11-15,2305,2405,2230,2320,356916,0.008695652173912993
2023-11-16,2290,2340,2125,2260,802154,-0.025862068965517238
2023-11-17,2190,2260,2170,2180,356022,-0.03539823008849563
2023-11-20,2080,2155,1985,2050,965643,-0.059633027522935755
2023-11-21,2075,2130,1980,2075,523308,0.012195121951219523
2023-11-22,2100,2305,2050,2200,1085605,0.06024096385542177
2023-11-23,2165,2290,2110,2200,730034,0.0
2023-11-24,2240,2825,2215,2690,5156359,0.22272727272727266
2023-11-27,2700,3000,2650,2835,1696440,0.05390334572490696
2023-11-28,2975,2995,2775,2815,452053,-0.007054673721340388
2023-11-29,2835,2915,2750,2910,379398,0.03374777975133214
2023-11-30,2870,2910,2665,2800,637484,-0.037800687285223344
2023-12-01,2825,3185,2700,3130,1168823,0.11785714285714288
2023-12-04,3190,3570,2585,2765,4295811,-0.11661341853035145
2023-12-05,3020,3250,2830,2995,1812296,0.08318264014466537
2023-12-06,3000,3000,2740,2855,742066,-0.046744574290484175
2023-12-07,0,0,0,2855,0,0.0
2023-12-08,0,0,0,2855,0,0.0
2023-12-11,0,0,0,2855,0,0.0
2023-12-12,0,0,0,2855,0,0.0
2023-12-13,0,0,0,2855,0,0.0
2023-12-14,0,0,0,2855,0,0.0
2023-12-15,0,0,0,2855,0,0.0
2023-12-18,0,0,0,2855,0,0.0
2023-12-19,0,0,0,2855,0,0.0
2023-12-20,0,0,0,2855,0,0.0
2023-12-21,0,0,0,2855,0,0.0
2023-12-22,0,0,0,2855,0,0.0
2023-12-26,0,0,0,2855,0,0.0
2023-12-27,0,0,0,2855,0,0.0
2023-12-28,0,0,0,2855,0,0.0
2024-01-02,0,0,0,2855,0,0.0
2024-01-03,0,0,0,2855,0,0.0
2024-01-04,0,0,0,2855,0,0.0
2024-01-05,0,0,0,2855,0,0.0
2024-01-08,0,0,0,2855,0,0.0
2024-01-09,0,0,0,2855,0,0.0
2024-01-10,0,0,0,2855,0,0.0
2024-01-11,0,0,0,2855,0,0.0
2024-01-12,0,0,0,2855,0,0.0
2024-01-15,0,0,0,2855,0,0.0
2024-01-16,0,0,0,2855,0,0.0
2024-01-17,0,0,0,2855,0,0.0
2024-01-18,0,0,0,2855,0,0.0
2024-01-19,0,0,0,2855,0,0.0
2024-01-22,0,0,0,2855,0,0.0
2024-01-23,0,0,0,2855,0,0.0
2024-01-24,0,0,0,2855,0,0.0
2024-01-25,0,0,0,2855,0,0.0
2024-01-26,0,0,0,2855,0,0.0
2024-01-29,0,0,0,2855,0,0.0
2024-01-30,0,0,0,2855,0,0.0
2024-01-31,0,0,0,2855,0,0.0
2024-02-01,0,0,0,2855,0,0.0
2024-02-02,0,0,0,2855,0,0.0
2024-02-05,0,0,0,2855,0,0.0
2024-02-06,0,0,0,2855,0,0.0
2024-02-07,0,0,0,2855,0,0.0
2024-02-08,0,0,0,2855,0,0.0
2024-02-13,0,0,0,2855,0,0.0
2024-02-14,0,0,0,2855,0,0.0
2024-02-15,0,0,0,2855,0,0.0
2024-02-16,0,0,0,2855,0,0.0
2024-02-19,0,0,0,2855,0,0.0
2024-02-20,0,0,0,2855,0,0.0
2024-02-21,0,0,0,2855,0,0.0
2024-02-22,0,0,0,2855,0,0.0
2024-02-23,0,0,0,2855,0,0.0
2024-02-26,0,0,0,2855,0,0.0
2024-02-27,0,0,0,2855,0,0.0
2024-02-28,0,0,0,2855,0,0.0
2024-02-29,0,0,0,2855,0,0.0
2024-03-04,0,0,0,2855,0,0.0
2024-03-05,0,0,0,2855,0,0.0
2024-03-06,0,0,0,2855,0,0.0
2024-03-07,0,0,0,2855,0,0.0
2024-03-08,0,0,0,2855,0,0.0
2024-03-11,0,0,0,2855,0,0.0
2024-03-12,0,0,0,2855,0,0.0
2024-03-13,0,0,0,2855,0,0.0
2024-03-14,0,0,0,2855,0,0.0
2024-03-15,0,0,0,2855,0,0.0
2024-03-18,0,0,0,2855,0,0.0
2024-03-19,0,0,0,2855,0,0.0
2024-03-20,0,0,0,2855,0,0.0
2024-03-21,0,0,0,2855,0,0.0
2024-03-22,0,0,0,2855,0,0.0
2024-03-25,0,0,0,2855,0,0.0
2024-03-26,0,0,0,2855,0,0.0
2024-03-27,0,0,0,2855,0,0.0
2024-03-28,0,0,0,2855,0,0.0
2024-03-29,0,0,0,2855,0,0.0
2024-04-01,0,0,0,2855,0,0.0
2024-04-02,0,0,0,2855,0,0.0
2024-04-03,0,0,0,2855,0,0.0
2024-04-04,0,0,0,2855,0,0.0
2024-04-05,0,0,0,2855,0,0.0
2024-04-08,0,0,0,2855,0,0.0
2024-04-09,0,0,0,2855,0,0.0
2024-04-11,0,0,0,2855,0,0.0
2024-04-12,0,0,0,2855,0,0.0
2024-04-15,0,0,0,2855,0,0.0
2024-04-16,0,0,0,2855,0,0.0
2024-04-17,0,0,0,2855,0,0.0
2024-04-18,0,0,0,2855,0,0.0
2024-04-19,0,0,0,2855,0,0.0
2024-04-22,0,0,0,2855,0,0.0
2024-04-23,0,0,0,2855,0,0.0
2024-04-24,0,0,0,2855,0,0.0
2024-04-25,0,0,0,2855,0,0.0
2024-04-26,0,0,0,2855,0,0.0
2024-04-29,0,0,0,2855,0,0.0
2024-04-30,0,0,0,2855,0,0.0
2024-05-02,0,0,0,2855,0,0.0
2024-05-03,0,0,0,2855,0,0.0
2024-05-07,0,0,0,2855,0,0.0
2024-05-08,0,0,0,2855,0,0.0
2024-05-09,0,0,0,2855,0,0.0
2024-05-10,0,0,0,2855,0,0.0
2024-05-13,0,0,0,2855,0,0.0
2024-05-14,0,0,0,2855,0,0.0
2024-05-16,0,0,0,2855,0,0.0
2024-05-17,0,0,0,2855,0,0.0
2024-05-20,0,0,0,2855,0,0.0
2024-05-21,0,0,0,2855,0,0.0
2024-05-22,0,0,0,2855,0,0.0
2024-05-23,0,0,0,2855,0,0.0
2024-05-24,0,0,0,2855,0,0.0
2024-05-27,0,0,0,2855,0,0.0
2024-05-28,0,0,0,2855,0,0.0
2024-05-29,0,0,0,2855,0,0.0
2024-05-30,0,0,0,2855,0,0.0
2024-05-31,0,0,0,2855,0,0.0
2024-06-03,0,0,0,2855,0,0.0
2024-06-04,0,0,0,2855,0,0.0
2024-06-05,0,0,0,2855,0,0.0
2024-06-07,0,0,0,2855,0,0.0
2024-06-10,0,0,0,2855,0,0.0
2024-06-11,0,0,0,2855,0,0.0
2024-06-12,0,0,0,2855,0,0.0
2024-06-13,0,0,0,2855,0,0.0
2024-06-14,0,0,0,2855,0,0.0
2024-06-17,0,0,0,2855,0,0.0
2024-06-18,0,0,0,2855,0,0.0
2024-06-19,0,0,0,2855,0,0.0
2024-06-20,0,0,0,2855,0,0.0
2024-06-21,0,0,0,2855,0,0.0
2024-06-24,0,0,0,2855,0,0.0
2024-06-25,0,0,0,2855,0,0.0
2024-06-26,0,0,0,2855,0,0.0
2024-06-27,0,0,0,2855,0,0.0
2024-06-28,0,0,0,2855,0,0.0
2024-07-01,0,0,0,2855,0,0.0
2024-07-02,0,0,0,2855,0,0.0
2024-07-03,0,0,0,2855,0,0.0
2024-07-04,0,0,0,2855,0,0.0
2024-07-05,0,0,0,2855,0,0.0
2024-07-08,0,0,0,2855,0,0.0
2024-07-09,0,0,0,2855,0,0.0
2024-07-10,0,0,0,2855,0,0.0
2024-07-11,0,0,0,2855,0,0.0
2024-07-12,0,0,0,2855,0,0.0
2024-07-15,0,0,0,2855,0,0.0
2024-07-16,0,0,0,2855,0,0.0
2024-07-17,0,0,0,2855,0,0.0
2024-07-18,0,0,0,2855,0,0.0
2024-07-19,0,0,0,2855,0,0.0
2024-07-22,0,0,0,2855,0,0.0
2024-07-23,0,0,0,2855,0,0.0
2024-07-24,0,0,0,2855,0,0.0
2024-07-25,0,0,0,2855,0,0.0
2024-07-26,0,0,0,2855,0,0.0
2024-07-29,0,0,0,2855,0,0.0
2024-07-30,0,0,0,2855,0,0.0
2024-07-31,0,0,0,2855,0,0.0
2024-08-01,0,0,0,2855,0,0.0
2024-08-02,0,0,0,2855,0,0.0
2024-08-05,0,0,0,2855,0,0.0
2024-08-06,0,0,0,2855,0,0.0
2024-08-07,0,0,0,2855,0,0.0
2024-08-08,0,0,0,2855,0,0.0
2024-08-09,0,0,0,2855,0,0.0
2024-08-12,0,0,0,2855,0,0.0
2024-08-13,0,0,0,2855,0,0.0
2024-08-14,0,0,0,2855,0,0.0
2024-08-16,0,0,0,2855,0,0.0
2024-08-19,0,0,0,2855,0,0.0
2024-08-20,0,0,0,2855,0,0.0
2024-08-21,0,0,0,2855,0,0.0
2024-08-22,0,0,0,2855,0,0.0
2024-08-23,0,0,0,2855,0,0.0
2024-08-26,0,0,0,2855,0,0.0
2024-08-27,0,0,0,2855,0,0.0
2024-08-28,0,0,0,2855,0,0.0
2024-08-29,0,0,0,2855,0,0.0
2024-08-30,0,0,0,2855,0,0.0
2024-09-02,0,0,0,2855,0,0.0
2024-09-03,0,0,0,2855,0,0.0
2024-09-04,0,0,0,2855,0,0.0
2024-09-05,0,0,0,2855,0,0.0
2024-09-06,0,0,0,2855,0,0.0
2024-09-09,0,0,0,2855,0,0.0
2024-09-10,0,0,0,2855,0,0.0
2024-09-11,0,0,0,2855,0,0.0
2024-09-12,0,0,0,2855,0,0.0
2024-09-13,0,0,0,2855,0,0.0
2024-09-19,0,0,0,2855,0,0.0
2024-09-20,0,0,0,2855,0,0.0
2024-09-23,0,0,0,2855,0,0.0
2024-09-24,0,0,0,2855,0,0.0
2024-09-25,0,0,0,2855,0,0.0
2024-09-26,0,0,0,2855,0,0.0
2024-09-27,0,0,0,2855,0,0.0
2024-09-30,0,0,0,2855,0,0.0
2024-10-02,0,0,0,2855,0,0.0
2024-10-04,0,0,0,2855,0,0.0
2024-10-07,0,0,0,2855,0,0.0
2024-10-08,0,0,0,2855,0,0.0
2024-10-10,0,0,0,2855,0,0.0
2024-10-11,0,0,0,2855,0,0.0
2024-10-14,0,0,0,2855,0,0.0
2024-10-15,0,0,0,2855,0,0.0
2024-10-16,0,0,0,2855,0,0.0
2024-10-17,0,0,0,2855,0,0.0
2024-10-18,0,0,0,2855,0,0.0
2024-10-21,0,0,0,2855,0,0.0
2024-10-22,0,0,0,2855,0,0.0
2024-10-23,0,0,0,2855,0,0.0
2024-10-24,0,0,0,2855,0,0.0
2024-10-25,0,0,0,2855,0,0.0
2024-10-28,0,0,0,2855,0,0.0
2024-10-29,0,0,0,2855,0,0.0
2024-10-30,0,0,0,2855,0,0.0
2024-10-31,0,0,0,2855,0,0.0
2024-11-01,0,0,0,2855,0,0.0
2024-11-04,0,0,0,2855,0,0.0
2024-11-05,0,0,0,2855,0,0.0
2024-11-06,0,0,0,2855,0,0.0
2024-11-07,0,0,0,2855,0,0.0
2024-11-08,0,0,0,2855,0,0.0
2024-11-11,0,0,0,2855,0,0.0
2024-11-12,0,0,0,2855,0,0.0
2024-11-13,0,0,0,2855,0,0.0
2024-11-14,0,0,0,2855,0,0.0
2024-11-15,0,0,0,2855,0,0.0
2024-11-18,0,0,0,2855,0,0.0
2024-11-19,0,0,0,2855,0,0.0
2024-11-20,0,0,0,2855,0,0.0
2024-11-21,0,0,0,2855,0,0.0
2024-11-22,0,0,0,2855,0,0.0
2024-11-25,0,0,0,2855,0,0.0
2024-11-26,0,0,0,2855,0,0.0
2024-11-27,0,0,0,2855,0,0.0
2024-11-28,0,0,0,2855,0,0.0
2024-11-29,0,0,0,2855,0,0.0
2024-12-02,0,0,0,2855,0,0.0
2024-12-03,0,0,0,2855,0,0.0
2024-12-04,0,0,0,2855,0,0.0
2024-12-05,0,0,0,2855,0,0.0
2024-12-06,0,0,0,2855,0,0.0
2024-12-09,0,0,0,2855,0,0.0
2024-12-10,0,0,0,2855,0,0.0
2024-12-11,0,0,0,2855,0,0.0
2024-12-12,0,0,0,2855,0,0.0
2024-12-13,0,0,0,2855,0,0.0
2024-12-16,0,0,0,2855,0,0.0
2024-12-17,0,0,0,2855,0,0.0
2024-12-18,0,0,0,2855,0,0.0
2024-12-19,0,0,0,2855,0,0.0
2024-12-20,0,0,0,2855,0,0.0
2024-12-23,0,0,0,2855,0,0.0
2024-12-24,0,0,0,2855,0,0.0
2024-12-26,0,0,0,2855,0,0.0
2024-12-27,0,0,0,2855,0,0.0
2024-12-30,0,0,0,2855,0,0.0
2025-01-02,0,0,0,2855,0,0.0
2025-01-03,0,0,0,2855,0,0.0
2025-01-06,0,0,0,2855,0,0.0
2025-01-07,0,0,0,2855,0,0.0
2025-01-08,0,0,0,2855,0,0.0
2025-01-09,0,0,0,2855,0,0.0
2025-01-10,0,0,0,2855,0,0.0
2025-01-13,0,0,0,2855,0,0.0
2025-01-14,0,0,0,2855,0,0.0
2025-01-15,0,0,0,2855,0,0.0
2025-01-16,0,0,0,2855,0,0.0
2025-01-17,0,0,0,2855,0,0.0
2025-01-20,0,0,0,2855,0,0.0
2025-01-21,0,0,0,2855,0,0.0
2025-01-22,0,0,0,2855,0,0.0
2025-01-23,0,0,0,2855,0,0.0
2025-01-24,0,0,0,2855,0,0.0
2025-01-31,0,0,0,2855,0,0.0
2025-02-03,0,0,0,2855,0,0.0
2025-02-04,0,0,0,2855,0,0.0
2025-02-05,0,0,0,2855,0,0.0
2025-02-06,0,0,0,2855,0,0.0
2025-02-07,0,0,0,2855,0,0.0
2025-02-10,41,92,41,77,13595613,-0.9730297723292469
2025-02-11,65,65,46,46,9405815,-0.4025974025974026
2025-02-12,57,72,49,70,13198426,0.5217391304347827
2025-02-13,55,66,52,62,9522946,-0.11428571428571432
2025-02-14,75,78,65,68,9397311,0.09677419354838701
2025-02-17,58,75,57,75,9599924,0.10294117647058831
2025-02-18,74,90,54,75,8945301,0.0
