Date,Open,High,Low,Close,Volume,Change
2016-01-04,2983,2983,2801,2843,6385,-0.038552587081501555
2016-01-05,2872,2872,2741,2756,14222,-0.0306014773126978
2016-01-06,2748,2909,2724,2820,9442,0.023222060957909907
2016-01-07,2882,3010,2698,2789,11655,-0.010992907801418483
2016-01-08,2829,2829,2681,2732,7777,-0.020437432771602704
2016-01-11,2705,2758,2695,2732,1288,0.0
2016-01-12,2731,2731,2678,2719,2997,-0.004758418740849146
2016-01-13,2715,2762,2668,2753,13608,0.012504597278411245
2016-01-14,2805,3010,2681,2816,43836,0.02288412640755544
2016-01-15,2845,2889,2728,2839,13150,0.008167613636363535
2016-01-18,2839,2839,2701,2799,2461,-0.014089468122578386
2016-01-19,2842,2842,2678,2796,12664,-0.001071811361200381
2016-01-20,2832,2832,2681,2776,7222,-0.007153075822603716
2016-01-21,2762,2762,2654,2762,4125,-0.005043227665706085
2016-01-22,2899,2899,2691,2863,2623,0.03656770456191172
2016-01-25,2829,2832,2728,2813,8910,-0.017464198393293717
2016-01-26,2782,2782,2681,2782,6255,-0.011020263064344116
2016-01-27,2738,2805,2705,2772,5725,-0.0035945363048166534
2016-01-28,2772,2875,2734,2782,13065,0.003607503607503615
2016-01-29,2875,2875,2695,2749,18334,-0.011861969805895045
2016-02-01,2748,2812,2668,2776,45057,0.009821753364859909
2016-02-02,2829,2829,2738,2789,8542,0.004682997118155674
2016-02-03,2762,2812,2691,2809,37896,0.007171029042667643
2016-02-04,2812,2882,2782,2883,15179,0.026343894624421438
2016-02-05,2882,3010,2869,3010,9252,0.04405133541449868
2016-02-11,2949,2983,2825,2967,34016,-0.014285714285714235
2016-02-12,2966,3000,2812,2950,31254,-0.005729693292888416
2016-02-15,3080,3080,2895,3007,6738,0.019322033898305113
2016-02-16,3080,3633,2943,2943,106501,-0.021283671433322215
2016-02-17,2949,3080,2849,2849,17203,-0.031940197077811705
2016-02-18,2849,2976,2778,2779,6035,-0.02457002457002455
2016-02-19,2866,2866,2755,2839,4858,0.021590500179920813
2016-02-22,2949,2949,2782,2859,6221,0.007044734061289137
2016-02-23,2879,2879,2695,2803,16332,-0.01958726827562085
2016-02-24,2862,2862,2721,2820,6414,0.0060649304316804376
2016-02-25,2795,2852,2701,2722,18034,-0.034751773049645385
2016-02-26,2778,2778,2715,2719,4194,-0.0011021307861865948
2016-02-29,2718,2731,2695,2702,2191,-0.006252298639205622
2016-03-02,2762,2762,2681,2702,9491,0.0
2016-03-03,2698,2792,2695,2698,5069,-0.001480384900074072
2016-03-04,2778,2778,2684,2722,8238,0.008895478131949686
2016-03-07,2721,2782,2684,2698,11835,-0.00881704628949298
2016-03-08,2718,2748,2695,2719,3838,0.007783543365455836
2016-03-09,2731,2731,2557,2662,14558,-0.020963589554983453
2016-03-10,2661,2711,2647,2712,6096,0.018782870022539422
2016-03-11,2715,2728,2681,2729,3704,0.0062684365781711104
2016-03-14,2728,2815,2711,2712,8232,-0.006229388054232343
2016-03-15,2762,2795,2688,2698,3507,-0.005162241887905594
2016-03-16,2698,2748,2668,2749,7261,0.018902891030392777
2016-03-17,2748,2798,2721,2799,4462,0.01818843215714816
2016-03-18,2856,2856,2691,2765,6066,-0.012147195426938207
2016-03-21,2801,2801,2734,2786,3231,0.0075949367088608
2016-03-22,2782,2782,2724,2729,3943,-0.020459440057430056
2016-03-23,2768,2782,2715,2776,8622,0.01722242579699529
2016-03-24,2775,2775,2674,2722,8524,-0.019452449567723296
2016-03-25,2721,2812,2721,2813,16147,0.03343130051432763
2016-03-28,2812,2879,2808,2826,8943,0.004621400639886142
2016-03-29,2825,3485,2825,2990,72573,0.05803255484784153
2016-03-30,2926,3338,2885,2926,32659,-0.021404682274247522
2016-03-31,3077,3090,2909,3024,30407,0.03349282296650724
2016-04-01,3023,3127,2946,3037,10036,0.004298941798941858
2016-04-04,3147,3147,3000,3020,13910,-0.005597629239381008
2016-04-05,3084,3084,2989,3037,2010,0.005629139072847789
2016-04-06,3036,3036,2956,2977,4401,-0.019756338491932812
2016-04-07,3050,3050,2933,2933,3081,-0.014779979845482072
2016-04-08,3017,3017,2906,2964,756,0.010569382884418665
2016-04-11,2943,3010,2859,2964,16861,0.0
2016-04-12,3017,3017,2923,2964,4131,0.0
2016-04-14,3010,3010,2849,3007,13282,0.014507422402159298
2016-04-15,3006,3010,2969,2987,4835,-0.006651147322913165
2016-04-18,3000,3036,2986,3010,1984,0.007700033478406532
2016-04-19,3023,3023,2929,2977,10029,-0.0109634551495017
2016-04-20,3017,3017,2902,2981,5525,0.0013436345314075115
2016-04-21,2912,3151,2912,3081,15877,0.03354579000335467
2016-04-22,3017,3144,3006,3084,6111,0.0009737098344693162
2016-04-25,3144,3245,3050,3245,24767,0.05220492866407267
2016-04-26,3245,3345,3157,3209,8982,-0.011093990755007721
2016-04-27,3221,3345,3197,3218,2526,0.002804612028669329
2016-04-28,3228,3308,3067,3165,10433,-0.01646985705407089
2016-04-29,3161,3278,3013,3027,22043,-0.04360189573459716
2016-05-02,3046,3151,2990,3017,13990,-0.0033036009250082543
2016-05-03,3043,3056,2952,3054,7296,0.01226383824991717
2016-05-04,3050,3103,2990,3010,4845,-0.014407334643091074
2016-05-09,3023,3023,2919,2981,9417,-0.009634551495016574
2016-05-10,2983,3097,2949,3031,6566,0.016772895001677224
2016-05-11,3080,3080,2962,3014,3691,-0.0056087099967007115
2016-05-12,3084,3084,2956,3017,4743,0.0009953550099535136
2016-05-13,3084,3084,2949,3031,2307,0.004640371229698292
2016-05-16,3150,3150,2885,3004,12366,-0.008907951171230666
2016-05-17,2892,2966,2604,2618,163225,-0.12849533954727033
2016-05-18,2617,2741,2557,2642,26963,0.009167303284950412
2016-05-19,2590,2949,2590,2739,16304,0.036714610143830484
2016-05-20,2801,2801,2705,2742,2528,0.0010952902519167917
2016-05-23,2775,2778,2681,2695,2956,-0.017140773158278666
2016-05-24,2691,2691,2647,2682,2867,-0.0048237476808905555
2016-05-25,2570,2701,2570,2618,14118,-0.023862788963460058
2016-05-26,2678,2678,2604,2628,3304,0.0038197097020626902
2016-05-27,2661,2661,2577,2652,5410,0.009132420091324311
2016-05-30,2604,2647,2537,2571,21207,-0.03054298642533937
2016-05-31,2587,2590,2540,2592,1832,0.008168028004667427
2016-06-01,2601,2601,2534,2568,13804,-0.0092592592592593
2016-06-02,2570,2570,2527,2561,7651,-0.002725856697819329
2016-06-03,2570,2601,2540,2541,9055,-0.007809449433814897
2016-06-07,2547,2614,2534,2551,4339,0.003935458480913034
2016-06-08,2587,2587,2527,2528,1564,-0.009016072128577024
2016-06-09,2587,2587,2496,2558,2959,0.011867088607594889
2016-06-10,2557,2570,2510,2565,3530,0.002736512900703758
2016-06-13,2493,2587,2493,2548,2114,-0.006627680311890871
2016-06-14,2561,2789,2534,2534,8826,-0.005494505494505475
2016-06-15,2587,2590,2450,2581,8240,0.018547750591949574
2016-06-16,2580,2631,2537,2595,2036,0.005424254165052211
2016-06-17,2573,2614,2540,2571,3439,-0.009248554913294793
2016-06-20,2570,2617,2561,2618,2186,0.018280824581874855
2016-06-21,2617,2661,2590,2625,1938,0.002673796791443861
2016-06-22,2664,2664,2584,2588,1668,-0.01409523809523805
2016-06-23,2628,2654,2507,2525,9350,-0.024343122102009285
2016-06-24,2587,2587,2366,2568,18444,0.017029702970297045
2016-06-27,2557,2561,2460,2460,3665,-0.04205607476635509
2016-06-28,2359,2547,2359,2548,5234,0.03577235772357734
2016-06-29,2490,2587,2490,2571,3219,0.009026687598116201
2016-06-30,2587,2647,2520,2525,5515,-0.017891870867366766
2016-07-01,2534,2567,2534,2561,1378,0.01425742574257427
2016-07-04,2601,2601,2534,2588,594,0.010542756735650194
2016-07-05,2597,2661,2534,2544,4246,-0.01700154559505407
2016-07-06,2567,2570,2530,2531,1885,-0.0051100628930818015
2016-07-07,2573,2573,2480,2537,5272,0.002370604504148499
2016-07-08,2537,2547,2517,2541,4097,0.0015766653527788943
2016-07-11,2567,2567,2473,2534,17484,-0.0027548209366391463
2016-07-12,2520,2547,2477,2477,13515,-0.022494080505130243
2016-07-13,2503,2503,2443,2494,18711,0.006863140896245401
2016-07-14,2490,2580,2440,2491,15306,-0.001202886928628688
2016-07-15,2500,2540,2473,2498,2578,0.002810116419108777
2016-07-18,2510,2544,2456,2481,3167,-0.006805444355484358
2016-07-19,2490,2490,2433,2477,9245,-0.0016122531237404703
2016-07-20,2507,2507,2429,2477,13629,0.0
2016-07-21,2477,2500,2446,2494,7406,0.006863140896245401
2016-07-22,2493,2493,2440,2491,5677,-0.001202886928628688
2016-07-25,2490,2490,2446,2487,934,-0.0016057808109193328
2016-07-26,2487,2490,2443,2444,4953,-0.017289907519099312
2016-07-27,2473,2473,2440,2464,512,0.008183306055646433
2016-07-28,2423,2470,2410,2457,11012,-0.0028409090909090606
2016-07-29,2450,2463,2346,2457,36794,0.0
2016-08-01,2477,2496,2446,2498,7080,0.016687016687016776
2016-08-02,2496,2510,2467,2501,13035,0.0012009607686149781
2016-08-03,2513,2577,2493,2544,9206,0.01719312275089968
2016-08-04,2547,2587,2480,2565,13338,0.008254716981132004
2016-08-05,2564,2570,2507,2561,6143,-0.001559454191033094
2016-08-08,2607,2607,2503,2554,9892,-0.002733307301835186
2016-08-09,2604,2631,2513,2528,14322,-0.01018010963194993
2016-08-10,2573,2573,2530,2531,545,0.0011867088607595555
2016-08-11,2510,2580,2510,2544,1587,0.005136309758988489
2016-08-12,2547,2899,2527,2595,178598,0.02004716981132071
2016-08-16,2748,2748,2547,2595,32583,0.0
2016-08-17,2624,3073,2624,2893,312100,0.11483622350674372
2016-08-18,2892,2892,2715,2722,58447,-0.05910819218804009
2016-08-19,2782,2976,2731,2799,87970,0.02828802351212345
2016-08-22,2772,2976,2772,2779,34606,-0.00714540907466954
2016-08-23,2775,2835,2634,2715,40137,-0.023029866858582215
2016-08-24,2645,2835,2641,2702,19671,-0.0047882136279926435
2016-08-25,2657,2835,2657,2772,10529,0.02590673575129543
2016-08-26,2772,2815,2728,2776,11855,0.0014430014430013571
2016-08-29,2835,2835,2671,2702,28439,-0.026657060518731956
2016-08-30,2711,3023,2711,2953,132703,0.09289415247964472
2016-08-31,3017,3187,2936,3084,140967,0.04436166610226877
2016-09-01,3084,3217,2976,2977,30695,-0.03469520103761348
2016-09-02,2936,3063,2815,2816,33438,-0.054081289889150175
2016-09-05,2866,2869,2789,2803,15769,-0.004616477272727293
2016-09-06,2801,2983,2798,2843,25753,0.014270424545130167
2016-09-07,2869,3006,2801,2849,18205,0.002110446711220515
2016-09-08,2849,2849,2778,2826,7413,-0.008073008073008037
2016-09-09,2825,2845,2705,2742,18818,-0.02972399150743099
2016-09-12,2634,2748,2617,2736,17247,-0.002188183807439792
2016-09-13,2718,2875,2711,2876,19944,0.051169590643274754
2016-09-19,2875,2986,2835,2977,13348,0.035118219749652235
2016-09-20,2976,3017,2866,2953,13760,-0.008061807188444736
2016-09-21,2983,3017,2936,2960,5329,0.002370470707754757
2016-09-22,2899,2952,2822,2890,5567,-0.023648648648648685
2016-09-23,2825,2882,2775,2846,8215,-0.0152249134948097
2016-09-26,2849,2852,2741,2746,14919,-0.035137034434293724
2016-09-27,2751,2856,2711,2849,26365,0.037509104151493
2016-09-28,2856,2976,2775,2930,39524,0.028431028431028516
2016-09-29,2929,3774,2929,3084,866018,0.052559726962457365
2016-09-30,3117,4008,3084,3775,1554825,0.22405966277561618
2016-10-04,3687,3989,3512,3775,503879,0.0
2016-10-05,3526,3700,3331,3607,713159,-0.04450331125827811
2016-10-06,3673,3720,3338,3386,310963,-0.06126975325755479
2016-10-07,3358,3358,3174,3252,511917,-0.039574719432959204
2016-10-10,3284,3318,3161,3185,178409,-0.02060270602706027
2016-10-11,3204,3234,3110,3151,89548,-0.010675039246467843
2016-10-12,3127,3194,3094,3128,105921,-0.007299270072992692
2016-10-13,3154,3251,3134,3252,102519,0.03964194373401542
2016-10-14,3180,3278,3127,3195,98332,-0.017527675276752808
2016-10-17,3241,3241,2949,3158,85183,-0.011580594679186262
2016-10-18,3113,3177,3070,3074,33406,-0.026599113362887894
2016-10-19,3120,3147,3006,3118,51084,0.014313597918022225
2016-10-20,3084,3137,3033,3081,20935,-0.011866581141757537
2016-10-21,3056,3130,3056,3081,7015,0.0
2016-10-24,3110,3130,3070,3094,13326,0.00421940928270037
2016-10-25,3134,3134,2946,2993,43522,-0.032643826761473815
2016-10-26,2993,3056,2728,2940,50458,-0.01770798529903106
2016-10-27,2969,2979,2895,2943,10601,0.0010204081632652073
2016-10-28,3026,3110,2902,2923,24877,-0.006795786612300403
2016-10-31,2842,2923,2808,2809,13540,-0.03900102634279845
2016-11-01,2822,2845,2775,2813,5608,0.0014239943040228464
2016-11-02,2768,2829,2681,2682,41298,-0.04656949875577676
2016-11-03,2641,2869,2641,2830,34087,0.055182699478001584
2016-11-04,2866,2979,2832,2916,18144,0.030388692579505383
2016-11-07,2962,2979,2801,2913,28272,-0.0010288065843621075
2016-11-08,2912,3017,2889,2993,27442,0.027463096464126258
2016-11-09,3010,3010,2651,2796,36799,-0.06582024724356828
2016-11-10,2849,2943,2818,2853,14898,0.020386266094420513
2016-11-11,2869,2943,2775,2846,8196,-0.002453557658604999
2016-11-14,2825,2979,2772,2964,35456,0.04146170063246668
2016-11-15,2936,2939,2889,2923,5911,-0.013832658569500667
2016-11-16,2979,2979,2885,2910,7510,-0.00444748546014373
2016-11-17,2909,2912,2829,2870,9665,-0.013745704467353903
2016-11-18,2832,2866,2798,2809,8170,-0.021254355400696867
2016-11-21,2741,2782,2728,2749,9731,-0.02135991456034181
2016-11-22,2705,2758,2698,2736,6231,-0.004728992360858442
2016-11-23,2798,2798,2621,2675,18748,-0.022295321637426868
2016-11-24,2590,2671,2480,2615,43107,-0.02242990654205612
2016-11-25,2611,2715,2554,2692,20174,0.029445506692160617
2016-11-28,2748,2748,2601,2621,16342,-0.026374442793462127
2016-11-29,2621,2728,2587,2615,26874,-0.0022892025944296623
2016-11-30,2614,2715,2584,2669,3118,0.02065009560229436
2016-12-01,2664,2664,2564,2645,4913,-0.008992131884601018
2016-12-02,2645,2661,2614,2655,2522,0.003780718336483968
2016-12-05,2678,2678,2547,2554,8440,-0.03804143126177029
2016-12-06,2564,2580,2513,2561,7578,0.0027407987470633444
2016-12-07,2614,2614,2480,2487,12296,-0.028894962905115174
2016-12-08,2534,2728,2473,2621,26181,0.053880176919983924
2016-12-09,2621,2681,2580,2615,5816,-0.0022892025944296623
2016-12-12,2624,2708,2624,2679,9383,0.024474187380497225
2016-12-13,2671,2789,2671,2749,6975,0.026129152668906253
2016-12-14,2748,2775,2715,2746,1605,-0.001091305929428854
2016-12-15,2762,2785,2698,2776,7015,0.010924981791696986
2016-12-16,2775,2789,2715,2772,4221,-0.0014409221902017544
2016-12-19,2711,2765,2647,2695,2703,-0.02777777777777779
2016-12-20,2748,2748,2671,2749,11428,0.020037105751391504
2016-12-21,2789,2789,2654,2672,7656,-0.028010185522007958
2016-12-22,2671,2741,2634,2705,12846,0.012350299401197695
2016-12-23,2705,2724,2661,2679,5448,-0.009611829944547123
2016-12-26,2678,2711,2645,2662,4063,-0.00634565136244869
2016-12-27,2661,2701,2590,2645,3528,-0.00638617580766343
2016-12-28,2719,2719,2638,2692,3749,0.01776937618147456
2016-12-29,2719,2719,2648,2703,910,0.004086181277860312
2017-01-02,2790,2790,2645,2703,8120,0.0
2017-01-03,2729,2729,2675,2706,4320,0.0011098779134295356
2017-01-04,2705,2729,2678,2730,14327,0.008869179600886845
2017-01-05,2746,2773,2722,2723,3780,-0.002564102564102555
2017-01-06,2787,2787,2716,2763,1289,0.014689680499449187
2017-01-09,2763,2766,2695,2736,5363,-0.009771986970684043
2017-01-10,2736,2753,2638,2740,9878,0.0014619883040936088
2017-01-11,2739,2749,2688,2699,18467,-0.014963503649635057
2017-01-12,2699,2719,2651,2682,12210,-0.006298629121897048
2017-01-13,2682,2699,2651,2689,2023,0.0026099925428784143
2017-01-16,2688,2722,2661,2679,2130,-0.0037188545927854255
2017-01-17,2648,2675,2648,2662,4574,-0.00634565136244869
2017-01-18,2661,2692,2641,2692,6858,0.011269722013523609
2017-01-19,2692,2719,2658,2679,3289,-0.004829123328380369
2017-01-20,2787,2787,2655,2655,137595,-0.00895856662933936
2017-01-23,2692,2692,2638,2645,3151,-0.0037664783427495685
2017-01-24,2631,2695,2611,2692,5130,0.01776937618147456
2017-01-25,2692,2692,2628,2686,3287,-0.0022288261515601704
2017-01-26,2705,2705,2648,2682,2649,-0.0014892032762472418
2017-01-31,2722,2722,2607,2618,9623,-0.023862788963460058
2017-02-01,2661,2665,2597,2638,2607,0.0076394194041253805
2017-02-02,2665,2665,2577,2659,2611,0.00796057619408641
2017-02-03,2692,2760,2607,2679,2102,0.0075216246709288725
2017-02-06,2726,2726,2617,2682,3217,0.0011198208286673506
2017-02-07,2682,2682,2624,2648,5482,-0.012677106636838187
2017-02-08,2617,2638,2590,2638,2785,-0.003776435045317217
2017-02-09,2638,2702,2590,2608,2420,-0.011372251705837777
2017-02-10,2624,2661,2587,2615,4837,0.0026840490797546135
2017-02-13,2573,2638,2573,2604,13101,-0.004206500956022929
2017-02-14,2604,2614,2570,2577,12641,-0.010368663594470084
2017-02-15,2621,2621,2502,2520,31498,-0.02211874272409775
2017-02-16,2519,2546,2486,2496,6358,-0.00952380952380949
2017-02-17,2496,2557,2475,2506,4807,0.004006410256410353
2017-02-20,2496,2631,2496,2604,6265,0.03910614525139655
2017-02-21,2550,2617,2550,2601,3480,-0.0011520737327188613
2017-02-22,2597,2597,2550,2554,3144,-0.018069973087274094
2017-02-23,2530,2557,2526,2527,4412,-0.01057165231010182
2017-02-24,2526,2580,2499,2500,7235,-0.01068460625247325
2017-02-27,2499,2546,2499,2537,4457,0.014799999999999924
2017-02-28,2580,2580,2479,2500,9730,-0.014584154513204606
2017-03-02,2536,2584,2452,2459,12654,-0.01639999999999997
2017-03-03,2458,2499,2431,2496,1434,0.015046766978446424
2017-03-06,2472,2526,2438,2527,1605,0.012419871794871806
2017-03-07,2526,2529,2431,2520,8511,-0.0027700831024930483
2017-03-08,2509,2519,2462,2510,2827,-0.003968253968253954
2017-03-09,2509,2536,2475,2483,2619,-0.010756972111553798
2017-03-10,2465,2563,2452,2547,5545,0.025775271848570203
2017-03-13,2570,2570,2502,2537,3247,-0.0039261876717706645
2017-03-14,2550,2550,2502,2523,3338,-0.005518328734726019
2017-03-15,2502,2557,2502,2530,17858,0.002774474831549689
2017-03-16,2567,2604,2536,2601,10431,0.028063241106719428
2017-03-17,2638,2638,2553,2598,3654,-0.0011534025374856371
2017-03-20,2601,2601,2546,2547,3829,-0.019630484988452657
2017-03-21,2587,2587,2513,2550,8066,0.0011778563015312216
2017-03-22,2570,2570,2516,2516,652,-0.013333333333333308
2017-03-23,2516,2570,2516,2550,1034,0.013513513513513598
2017-03-24,2506,2560,2506,2560,6884,0.0039215686274509665
2017-03-27,2570,2570,2502,2506,6305,-0.021093750000000022
2017-03-28,2506,2516,2475,2496,3161,-0.003990422984836428
2017-03-29,2475,2543,2472,2476,6319,-0.008012820512820484
2017-03-30,2563,2563,2482,2537,6852,0.02463651050080773
2017-03-31,2604,2604,2536,2564,2122,0.010642491131257481
2017-04-03,2584,2597,2563,2584,5462,0.007800312012480548
2017-04-04,2584,2604,2563,2598,7245,0.005417956656346812
2017-04-05,2611,2611,2573,2591,1144,-0.002694380292532772
2017-04-06,2604,2658,2590,2652,16526,0.0235430335777691
2017-04-07,2617,2668,2617,2618,8599,-0.012820512820512775
2017-04-10,2614,2668,2584,2662,8757,0.01680672268907557
2017-04-11,2668,2668,2611,2665,8801,0.001126972201352272
2017-04-12,2685,2685,2611,2672,8805,0.00262664165103188
2017-04-13,2682,2685,2638,2679,5205,0.0026197604790418882
2017-04-14,2678,2695,2611,2659,2816,-0.0074654721911160404
2017-04-17,2688,2688,2621,2645,4294,-0.005265137269650277
2017-04-18,2638,2651,2590,2618,3031,-0.010207939508506625
2017-04-19,2638,2651,2543,2574,6513,-0.01680672268907568
2017-04-20,2563,2668,2563,2669,11070,0.0369075369075369
2017-04-21,2661,2688,2604,2669,8205,0.0
2017-04-24,2702,2702,2584,2584,5045,-0.031847133757961776
2017-04-25,2550,2628,2506,2584,11172,0.0
2017-04-26,2550,2584,2502,2537,15354,-0.018188854489164075
2017-04-27,2536,2584,2435,2571,47465,0.01340165549862049
2017-04-28,2570,2594,2530,2584,2066,0.005056398288603603
2017-05-02,2584,2584,2506,2520,4106,-0.024767801857585092
2017-05-04,2519,2523,2475,2510,8099,-0.003968253968253954
2017-05-08,2587,2587,2492,2513,3273,0.0011952191235060639
2017-05-10,2516,2563,2435,2456,39819,-0.022682053322721885
2017-05-11,2455,2523,2455,2523,8979,0.027280130293159566
2017-05-12,2516,2516,2455,2473,3615,-0.019817677368212494
2017-05-15,2472,2516,2435,2459,6020,-0.005661140315406432
2017-05-16,2435,2452,2415,2432,20278,-0.010980073200487994
2017-05-17,2431,2438,2330,2435,29553,0.0012335526315789824
2017-05-18,2435,2475,2387,2476,6404,0.016837782340862528
2017-05-19,2502,2533,2438,2530,21881,0.021809369951534707
2017-05-22,2597,2597,2489,2516,3680,-0.005533596837944632
2017-05-23,2567,2645,2479,2642,21453,0.050079491255961894
2017-05-24,2617,2641,2601,2631,3020,-0.00416351249053748
2017-05-25,2631,2658,2577,2631,8406,0.0
2017-05-26,2631,2672,2590,2659,8351,0.010642341315089343
2017-05-29,2672,2692,2634,2672,18509,0.0048890560361039
2017-05-30,2672,2692,2621,2628,1420,-0.01646706586826352
2017-05-31,2628,2628,2601,2618,775,-0.003805175038051778
2017-06-01,2617,2617,2570,2571,5487,-0.0179526355996944
2017-06-02,2658,2658,2570,2584,849,0.005056398288603603
2017-06-05,2570,2655,2550,2574,7224,-0.0038699690402477227
2017-06-07,2628,2631,2482,2513,16253,-0.023698523698523655
2017-06-08,2523,2573,2489,2540,7775,0.010744130521289197
2017-06-09,2509,2573,2509,2537,4961,-0.0011811023622047
2017-06-12,2533,2536,2486,2500,10650,-0.014584154513204606
2017-06-13,2499,2499,2472,2483,3051,-0.006800000000000028
2017-06-14,2530,2530,2465,2483,6872,0.0
2017-06-15,2482,2496,2455,2489,8177,0.002416431735803526
2017-06-16,2462,2492,2445,2466,7204,-0.009240658899156262
2017-06-19,2482,2533,2469,2503,2462,0.015004055150040552
2017-06-20,2502,2526,2482,2489,3537,-0.0055932880543347885
2017-06-21,2496,2496,2384,2435,6681,-0.02169546002410605
2017-06-22,2458,2458,2398,2415,3326,-0.008213552361396315
2017-06-23,2398,2543,2387,2442,3809,0.011180124223602483
2017-06-26,2442,2442,2394,2442,923,0.0
2017-06-27,2462,2469,2414,2462,1809,0.008190008190008147
2017-06-28,2418,2458,2415,2439,2108,-0.009341998375304583
2017-06-29,2492,2516,2411,2439,2578,0.0
2017-06-30,2394,2458,2394,2456,1565,0.0069700697006969126
2017-07-03,2455,2469,2401,2432,3921,-0.009771986970684043
2017-07-04,2408,2455,2394,2449,523,0.006990131578947345
2017-07-05,2428,2455,2371,2449,3069,0.0
2017-07-06,2421,2452,2371,2371,1206,-0.031849734585545075
2017-07-07,2354,2421,2354,2405,3094,0.01433994095318436
2017-07-10,2401,2431,2276,2300,42098,-0.043659043659043606
2017-07-11,2300,2337,2300,2320,2371,0.008695652173912993
2017-07-12,2330,2337,2266,2273,4753,-0.020258620689655227
2017-07-13,2272,2350,2242,2280,2833,0.0030796304443467815
2017-07-14,2283,2289,2252,2290,458,0.004385964912280604
2017-07-17,2256,2303,2239,2253,5106,-0.01615720524017472
2017-07-18,2262,2367,2249,2266,6601,0.005770084332001879
2017-07-19,2330,2330,2249,2310,2832,0.01941747572815533
2017-07-20,2303,2330,2293,2330,384,0.008658008658008587
2017-07-21,2337,2337,2276,2330,5676,0.0
2017-07-24,2330,2330,2283,2300,1264,-0.012875536480686733
2017-07-25,2323,2323,2188,2222,12006,-0.03391304347826085
2017-07-26,2222,2269,2168,2209,9496,-0.005850585058505886
2017-07-27,2256,2256,2185,2202,1495,-0.0031688546853779753
2017-07-28,2201,2634,2198,2249,130146,0.021344232515894568
2017-07-31,2286,2313,2228,2236,12874,-0.005780346820809301
2017-08-01,2245,2327,2232,2297,7566,0.027280858676207442
2017-08-02,2269,2337,2228,2243,10992,-0.023508924684370935
2017-08-03,2256,2262,2178,2185,9391,-0.025858225590726702
2017-08-04,2168,2232,2164,2222,1486,0.016933638443936028
2017-08-07,2222,2252,2222,2249,1668,0.012151215121512182
2017-08-08,2252,2306,2212,2243,4724,-0.002667852378835045
2017-08-09,2198,2912,2198,2760,2117384,0.2304948729380294
2017-08-10,2675,2675,2431,2557,561352,-0.0735507246376812
2017-08-11,2536,2543,2360,2469,204278,-0.03441533046538914
2017-08-14,2442,2442,2327,2378,137670,-0.036857027136492526
2017-08-16,2360,2398,2316,2358,72282,-0.008410428931875491
2017-08-17,2357,2367,2245,2314,124475,-0.018659881255301047
2017-08-18,2313,2672,2313,2466,782748,0.06568712186689707
2017-08-21,2431,2773,2384,2544,533980,0.031630170316301776
2017-08-22,2543,2567,2462,2483,107832,-0.023977987421383684
2017-08-23,2546,2563,2367,2425,106621,-0.023358840112766788
2017-08-24,2428,2469,2377,2442,55937,0.007010309278350446
2017-08-25,2442,2472,2387,2462,43161,0.008190008190008147
2017-08-28,2458,2489,2391,2412,55989,-0.020308692120227456
2017-08-29,2411,2414,2347,2405,47295,-0.0029021558872305286
2017-08-30,2408,2475,2401,2445,47249,0.016632016632016633
2017-08-31,2418,2475,2404,2473,44679,0.01145194274028638
2017-09-01,2455,2499,2435,2456,27342,-0.0068742418115649295
2017-09-04,2425,2469,2381,2432,51069,-0.009771986970684043
2017-09-05,2411,2499,2394,2418,17324,-0.005756578947368474
2017-09-06,2442,2442,2374,2405,20446,-0.005376344086021501
2017-09-07,2428,2435,2340,2388,41161,-0.0070686070686070135
2017-09-08,2415,2415,2266,2266,34734,-0.0510887772194305
2017-09-11,2266,2340,2256,2327,14141,0.026919682259488154
2017-09-12,2327,2360,2279,2347,5289,0.008594757198109093
2017-09-13,2316,2475,2313,2368,49222,0.008947592671495475
2017-09-14,2428,2428,2337,2368,3552,0.0
2017-09-15,2286,2462,2286,2405,25745,0.015625
2017-09-18,2404,2462,2374,2381,7955,-0.00997920997920998
2017-09-19,2415,2415,2293,2327,29973,-0.02267954640907177
2017-09-20,2333,2354,2262,2270,12599,-0.02449505801461105
2017-09-21,2269,2279,2218,2229,7542,-0.018061674008810535
2017-09-22,2191,2316,2012,2199,71497,-0.013458950201884257
2017-09-25,2137,2242,2056,2158,21695,-0.018644838562983157
2017-09-26,2049,2245,2049,2185,5116,0.012511584800741327
2017-09-27,2144,2225,2141,2141,22232,-0.020137299771167072
2017-09-28,2141,2147,2022,2094,47838,-0.021952358710882747
2017-09-29,2137,2198,2093,2175,5029,0.0386819484240688
2017-10-10,2137,2205,2110,2141,16077,-0.015632183908045993
2017-10-11,2181,2208,2110,2134,5695,-0.0032695002335357826
2017-10-12,2137,2154,2107,2131,3239,-0.001405810684161235
2017-10-13,2090,2134,2086,2124,11448,-0.003284842796808962
2017-10-16,2124,2130,2080,2114,942,-0.004708097928436961
2017-10-17,2124,2134,2049,2100,2390,-0.0066225165562914245
2017-10-18,2103,2120,2029,2117,6598,0.008095238095238155
2017-10-19,2134,2137,2083,2111,1619,-0.0028341993386867825
2017-10-20,2117,2117,2009,2023,20813,-0.04168640454760775
2017-10-23,2022,2036,1900,1925,34376,-0.04844290657439443
2017-10-24,1951,1961,1904,1958,5569,0.017142857142857126
2017-10-25,1951,1988,1897,1979,9651,0.010725229826353377
2017-10-26,1975,1988,1897,1925,47743,-0.027286508337544202
2017-10-27,1938,1944,1880,1921,54334,-0.002077922077922123
2017-10-30,1931,2063,1921,2029,54487,0.05622071837584586
2017-10-31,2042,2340,2009,2013,138485,-0.007885657959585957
2017-11-01,2005,2086,1975,2067,37930,0.02682563338301036
2017-11-02,2161,2198,2066,2124,42125,0.027576197387518153
2017-11-03,2080,2154,2056,2104,32848,-0.00941619585687381
2017-11-06,2076,2178,2063,2128,12235,0.011406844106463865
2017-11-07,2127,2205,2097,2134,19175,0.0028195488721804995
2017-11-08,2191,2195,2086,2107,3833,-0.012652296157450782
2017-11-09,2090,2130,2042,2043,5115,-0.030374940673943973
2017-11-10,2042,2124,2029,2094,8637,0.02496328928046987
2017-11-13,2036,2171,2029,2090,16665,-0.0019102196752626144
2017-11-14,2120,2120,2046,2080,5686,-0.004784688995215336
2017-11-15,2110,2110,2009,2023,9193,-0.027403846153846168
2017-11-16,2032,2083,1995,1996,8785,-0.013346515076618881
2017-11-17,2039,2039,1975,1996,14088,0.0
2017-11-20,2022,2178,1995,2151,20391,0.07765531062124253
2017-11-21,2164,2198,2100,2155,13104,0.0018596001859600975
2017-11-22,2164,2164,2049,2090,22268,-0.030162412993039456
2017-11-23,2130,2144,2019,2144,10512,0.02583732057416266
2017-11-24,2195,2195,2103,2128,4494,-0.007462686567164201
2017-11-27,2103,2191,2090,2104,7791,-0.011278195488721776
2017-11-28,2066,2093,1998,2002,36788,-0.048479087452471537
2017-11-29,2002,2239,2002,2090,47618,0.04395604395604402
2017-11-30,2046,2117,2046,2084,6134,-0.002870813397129135
2017-12-01,2157,2157,2063,2104,8033,0.009596928982725572
2017-12-04,2154,2154,2053,2084,4459,-0.009505703422053258
2017-12-05,2117,2117,2046,2050,9412,-0.016314779270633406
2017-12-06,2076,2181,2042,2148,51265,0.04780487804878053
2017-12-07,2144,2205,2063,2161,72448,0.006052141527001842
2017-12-08,2191,2191,2063,2144,30262,-0.007866728366497044
2017-12-11,2144,2208,2097,2144,10411,0.0
2017-12-12,2144,2218,2063,2084,20637,-0.027985074626865725
2017-12-13,2097,2151,2066,2080,11756,-0.0019193857965451588
2017-12-14,2080,2208,2063,2073,13243,-0.0033653846153846034
2017-12-15,2103,2103,2063,2073,8617,0.0
2017-12-18,2120,2120,2002,2009,13694,-0.030873130728412912
2017-12-19,1985,2032,1968,1975,6866,-0.016923842707814885
2017-12-20,1951,2059,1941,1999,28091,0.012151898734177324
2017-12-21,2022,2046,1971,2026,4351,0.013506753376688385
2017-12-22,2015,2042,1988,2006,6288,-0.009871668311944748
2017-12-26,1978,2053,1955,1962,14027,-0.02193419740777669
2017-12-27,1968,1992,1911,1945,6173,-0.008664627930683011
2017-12-28,1944,2022,1894,1901,10738,-0.02262210796915165
2018-01-02,1897,1921,1897,1904,3969,0.0015781167806416807
2018-01-03,1904,1931,1873,1898,8166,-0.0031512605042016695
2018-01-04,1907,1938,1860,1894,20053,-0.0021074815595363283
2018-01-05,1985,1985,1880,1884,8707,-0.0052798310454065245
2018-01-08,1883,1917,1867,1881,6846,-0.0015923566878981443
2018-01-09,1894,1955,1880,1881,5879,0.0
2018-01-10,1894,1958,1877,1904,6368,0.01222753854332792
2018-01-11,1877,1934,1863,1935,12817,0.01628151260504196
2018-01-12,1907,1938,1843,1843,13968,-0.047545219638242875
2018-01-15,1843,1887,1812,1833,16930,-0.005425935973955465
2018-01-16,1829,1887,1816,1881,6288,0.026186579378068675
2018-01-17,1860,2015,1850,2009,25206,0.06804891015417325
2018-01-18,2002,2046,1941,2009,26583,0.0
2018-01-19,2042,2042,2002,2026,1127,0.008461921353907442
2018-01-22,2032,2083,1975,2063,14270,0.018262586377097767
2018-01-23,2056,2127,2015,2070,44088,0.0033931168201648543
2018-01-24,2100,2100,1975,1975,16662,-0.04589371980676327
2018-01-25,1975,2042,1961,2036,10798,0.030886075949366987
2018-01-26,2015,2130,2015,2073,5367,0.018172888015717037
2018-01-29,2073,2141,2059,2060,7260,-0.006271104679208883
2018-01-30,2100,2100,2019,2056,16819,-0.001941747572815511
2018-01-31,2070,2127,2019,2121,19304,0.03161478599221801
2018-02-01,2130,2191,2103,2158,24570,0.017444601603017418
2018-02-02,2157,2198,2097,2185,9084,0.012511584800741327
2018-02-05,2184,2201,2059,2175,19332,-0.004576659038901587
2018-02-06,2097,2164,2056,2165,37228,-0.0045977011494252595
2018-02-07,2201,2205,2097,2182,7263,0.007852193995381063
2018-02-08,2178,2178,2066,2080,2601,-0.04674610449129235
2018-02-09,2080,2198,2029,2155,4896,0.03605769230769229
2018-02-12,2178,2235,2130,2195,4802,0.018561484918793614
2018-02-13,2232,2232,2151,2192,937,-0.0013667425968109104
2018-02-14,2171,2181,2080,2182,2683,-0.0045620437956204185
2018-02-19,2164,2198,2100,2124,3261,-0.02658111824014664
2018-02-20,2124,2161,2103,2104,15895,-0.00941619585687381
2018-02-21,2134,2137,2076,2124,5927,0.009505703422053147
2018-02-22,2161,2161,2056,2155,36842,0.014595103578154411
2018-02-23,2164,2164,2056,2151,46227,-0.001856148491879317
2018-02-26,2144,2157,2120,2144,5096,-0.0032543003254300595
2018-02-27,2130,2137,2100,2100,576,-0.020522388059701524
2018-02-28,2059,2174,2029,2053,13589,-0.02238095238095239
2018-03-02,2032,2188,2032,2087,27739,0.016561130053580175
2018-03-05,2090,2242,2032,2087,30007,0.0
2018-03-06,2086,2239,2039,2226,36386,0.06660277910876866
2018-03-07,2198,2249,2164,2212,13431,-0.0062893081761006275
2018-03-08,2212,2262,2124,2232,20610,0.009041591320072317
2018-03-09,2232,2323,2164,2280,38414,0.021505376344086002
2018-03-12,2272,2502,2225,2503,44749,0.09780701754385968
2018-03-13,2377,2435,2141,2259,47821,-0.09748302037554935
2018-03-14,2256,2256,2171,2219,16393,-0.01770694997786626
2018-03-15,2208,2249,2154,2249,21160,0.013519603424966276
2018-03-16,2228,2259,2157,2226,40401,-0.010226767452200969
2018-03-19,2178,2218,2083,2155,37285,-0.03189577717879599
2018-03-20,2144,2185,2046,2148,34862,-0.0032482598607889157
2018-03-21,2191,2191,2032,2144,26169,-0.0018621973929237035
2018-03-22,2157,2157,2049,2050,62563,-0.043843283582089554
2018-03-23,2005,2086,1927,2073,35576,0.011219512195121961
2018-03-26,1988,2076,1988,2013,2392,-0.02894356005788712
2018-03-27,2012,2073,1907,2013,36434,0.0
2018-03-28,1978,2066,1975,2023,7769,0.004967709885742577
2018-03-29,2022,2056,1978,1992,8966,-0.015323776569451275
2018-03-30,1982,2066,1951,1982,18782,-0.005020080321285092
2018-04-02,1992,2056,1968,2016,18747,0.017154389505549927
2018-04-03,1998,2042,1924,1999,23523,-0.008432539682539653
2018-04-04,1985,2002,1971,1985,6006,-0.007003501750875385
2018-04-05,1985,2009,1955,2002,3215,0.008564231738035222
2018-04-06,1998,2015,1941,1979,21185,-0.011488511488511488
2018-04-09,1961,1961,1870,1901,31129,-0.03941384537645276
2018-04-10,1900,1958,1900,1941,13422,0.021041557075223594
2018-04-11,1951,1951,1846,1904,30124,-0.019062339000515238
2018-04-12,1904,1941,1873,1911,13251,0.003676470588235281
2018-04-13,1911,1992,1911,1914,7956,0.0015698587127157548
2018-04-16,1907,1992,1897,1948,11113,0.017763845350052154
2018-04-17,1975,2009,1938,1962,13020,0.007186858316221789
2018-04-18,1975,2009,1961,1965,5246,0.001529051987767538
2018-04-19,1985,2076,1941,1948,14831,-0.00865139949109417
2018-04-20,1948,2029,1941,1979,10426,0.01591375770020531
2018-04-23,1978,2046,1934,2033,42315,0.027286508337544202
2018-04-24,2032,2083,2005,2080,33221,0.023118544023610355
2018-04-25,2090,2093,2015,2063,36527,-0.008173076923076894
2018-04-26,2063,2130,1985,2013,55905,-0.02423654871546288
2018-04-27,2012,2110,2012,2023,16858,0.004967709885742577
2018-04-30,2059,2107,1955,2097,54039,0.036579337617399954
2018-05-02,2032,2151,2032,2144,8799,0.022412970910824948
2018-05-03,2134,2222,2110,2158,11671,0.006529850746268551
2018-05-04,2157,2157,2076,2124,12140,-0.01575532900834109
2018-05-08,2076,2124,2076,2077,10550,-0.022128060263653437
2018-05-09,2076,2191,2063,2124,11928,0.022628791526239755
2018-05-10,2151,2195,2059,2121,39729,-0.0014124293785310327
2018-05-11,2120,2215,2097,2158,23520,0.017444601603017418
2018-05-14,2147,2232,2124,2131,24445,-0.012511584800741438
2018-05-15,2130,2198,2130,2178,5402,0.022055373064289174
2018-05-16,2151,2195,2080,2161,21873,-0.007805325987144118
2018-05-17,2157,2205,2107,2205,13039,0.02036094400740396
2018-05-18,2205,2225,2161,2199,12180,-0.0027210884353741083
2018-05-21,2198,2198,2130,2182,15677,-0.0077307867212369485
2018-05-23,2181,2232,2157,2222,8192,0.01833180568285986
2018-05-24,2228,2228,2185,2212,2744,-0.004500450045004545
2018-05-25,2212,2232,2137,2158,3948,-0.0244122965641953
2018-05-28,2130,2191,2130,2144,2436,-0.006487488415199305
2018-05-29,2144,2232,2080,2117,11483,-0.012593283582089554
2018-05-30,2110,2198,2100,2188,5919,0.033538025507793945
2018-05-31,2181,2222,2154,2222,9536,0.015539305301645268
2018-06-01,2222,2222,2147,2212,5297,-0.004500450045004545
2018-06-04,2171,2222,2117,2209,11347,-0.0013562386980108254
2018-06-05,2208,2272,2201,2273,16306,0.028972385694884473
2018-06-07,2269,2269,2178,2236,21797,-0.01627804663440391
2018-06-08,2215,2235,2198,2232,11184,-0.0017889087656529634
2018-06-11,2215,2333,2174,2232,33110,0.0
2018-06-12,2232,2316,2195,2297,14667,0.029121863799283165
2018-06-14,2276,2360,2232,2266,19928,-0.013495864170657401
2018-06-15,2266,2330,2228,2246,22545,-0.008826125330979706
2018-06-18,2245,2357,2208,2212,16884,-0.015138023152270752
2018-06-19,2212,2340,2188,2209,8500,-0.0013562386980108254
2018-06-20,2208,2256,2144,2215,11409,0.0027161611588955026
2018-06-21,2171,2262,2171,2253,6794,0.017155756207674955
2018-06-22,2252,2327,2188,2219,6283,-0.015090989791389231
2018-06-25,2154,2293,2154,2215,16141,-0.0018026137899954664
2018-06-26,2215,2327,2191,2314,42506,0.04469525959367937
2018-06-27,2354,2394,2269,2327,42677,0.00561797752808979
2018-06-28,2327,2398,2276,2327,16782,0.0
2018-06-29,2327,2475,2306,2418,93424,0.03910614525139655
2018-07-02,2415,2452,2293,2293,55131,-0.05169561621174523
2018-07-03,2259,2283,2042,2111,83012,-0.07937200174443959
2018-07-04,2100,2171,2100,2168,6131,0.02700142112742765
2018-07-05,2137,2313,2110,2314,5749,0.06734317343173424
2018-07-06,2239,2259,2157,2199,20279,-0.04969749351771824
2018-07-09,2113,2228,2113,2229,17759,0.013642564802182733
2018-07-10,2225,2262,2161,2259,9079,0.013458950201884257
2018-07-11,2256,2256,2198,2253,7175,-0.0026560424966799445
2018-07-12,2222,2252,2208,2253,5740,0.0
2018-07-13,2232,2300,2171,2243,6636,-0.004438526409232146
2018-07-16,2242,2320,2212,2273,8613,0.013374944271065559
2018-07-17,2232,2272,2212,2259,6285,-0.006159260888693341
2018-07-18,2239,2259,2212,2229,3902,-0.013280212483399723
2018-07-19,2191,2262,2191,2263,2950,0.015253476895468854
2018-07-20,2262,2306,2201,2286,7594,0.010163499779054286
2018-07-23,2249,2276,2191,2192,8358,-0.04111986001749779
2018-07-24,2185,2252,2178,2192,4831,0.0
2018-07-25,2191,2218,2151,2151,6574,-0.01870437956204385
2018-07-26,2127,2232,2127,2226,4221,0.03486750348675027
2018-07-27,2181,2256,2181,2188,9573,-0.017070979335130243
2018-07-30,2188,2266,2188,2253,2138,0.02970749542961615
2018-07-31,2252,2272,2198,2256,2425,0.0013315579227697327
2018-08-01,2245,2252,2208,2229,4653,-0.01196808510638303
2018-08-02,2228,2228,2141,2185,10662,-0.019739793629430236
2018-08-03,2185,2195,2117,2192,4372,0.0032036613272310444
2018-08-06,2137,2225,2134,2192,2248,0.0
2018-08-07,2191,2232,2144,2199,2617,0.0031934306569343374
2018-08-08,2215,2215,2178,2205,1136,0.0027285129604366354
2018-08-09,2225,2272,2154,2215,5934,0.0045351473922903285
2018-08-10,2215,2215,2127,2212,13617,-0.0013544018058690988
2018-08-13,2208,2212,2130,2199,1022,-0.005877034358046984
2018-08-14,2195,2195,2144,2178,1265,-0.009549795361528002
2018-08-16,2076,2212,2073,2182,6938,0.0018365472910928382
2018-08-17,2134,2222,2134,2222,1474,0.01833180568285986
2018-08-20,2151,2218,2137,2185,4112,-0.016651665166516616
2018-08-21,2181,2181,2137,2165,2168,-0.009153318077803174
2018-08-22,2120,2161,2076,2084,10778,-0.03741339491916862
2018-08-23,2083,2185,2063,2161,3524,0.036948176583493364
2018-08-24,2137,2164,2117,2148,3001,-0.006015733456733008
2018-08-27,2103,2188,2053,2053,6382,-0.04422718808193671
2018-08-28,2063,2097,1958,1982,35128,-0.03458353628835853
2018-08-29,1982,2093,1982,2009,17855,0.013622603430877955
2018-08-30,2002,2059,1985,2050,4014,0.020408163265306145
2018-08-31,2039,2053,2012,2053,5396,0.0014634146341463428
2018-09-03,2049,2063,1992,2043,4939,-0.004870920603994189
2018-09-04,2042,2100,2032,2063,7740,0.009789525208027339
2018-09-05,2012,2097,2005,2097,17247,0.016480853126514816
2018-09-06,2097,2097,2032,2036,8544,-0.029089175011921764
2018-09-07,2036,2093,2036,2036,5913,0.0
2018-09-10,2022,2070,2019,2043,3631,0.0034381139489194634
2018-09-11,2029,2049,1995,2002,4358,-0.0200685266764562
2018-09-12,2002,2029,2002,2029,2729,0.013486513486513418
2018-09-13,2019,2063,2009,2063,25055,0.01675702316412031
2018-09-14,2042,2066,2002,2043,14128,-0.009694619486185219
2018-09-17,2042,2042,2022,2033,6156,-0.004894762604013669
2018-09-18,2029,2039,1992,2009,6614,-0.011805213969503181
2018-09-19,2009,2026,1995,2019,4134,0.004977600796416182
2018-09-20,2019,2019,1965,1965,12034,-0.026745913818722156
2018-09-21,1958,1988,1958,1965,3236,0.0
2018-09-27,1965,1978,1961,1979,11448,0.007124681933842192
2018-09-28,1992,1992,1958,1992,6287,0.0065689742294088305
2018-10-01,1961,1985,1948,1958,5903,-0.017068273092369468
2018-10-02,1958,1961,1934,1938,6094,-0.010214504596527063
2018-10-04,1938,1948,1921,1945,3962,0.00361197110423106
2018-10-05,1944,1958,1917,1958,5613,0.006683804627249268
2018-10-08,1938,1971,1938,1962,3257,0.0020429009193054792
2018-10-10,1941,1958,1927,1938,3792,-0.012232415902140636
2018-10-11,1917,1931,1819,1820,5470,-0.0608875128998968
2018-10-12,1711,1887,1691,1887,4022,0.036813186813186904
2018-10-15,1921,1961,1867,1955,1309,0.03603603603603611
2018-10-16,1894,1995,1894,1969,3054,0.00716112531969304
2018-10-17,1968,2005,1968,1996,3342,0.013712544438801322
2018-10-18,1988,1992,1887,1911,13182,-0.04258517034068132
2018-10-19,1911,1934,1829,1881,3650,-0.015698587127158548
2018-10-22,1883,1927,1863,1867,2297,-0.0074428495481126955
2018-10-23,1887,1887,1735,1735,14308,-0.07070166041778259
2018-10-24,1735,1758,1650,1728,6243,-0.004034582132564801
2018-10-25,1593,1728,1593,1718,2390,-0.0057870370370370905
2018-10-26,1718,1718,1606,1637,7406,-0.04714784633294533
2018-10-29,1559,1623,1515,1569,6639,-0.041539401343921756
2018-10-30,1582,1582,1454,1553,12028,-0.010197578075207159
2018-10-31,1562,1697,1478,1549,39602,-0.0025756600128783447
2018-11-01,1549,1603,1538,1603,4585,0.034861200774693346
2018-11-02,1603,1691,1603,1651,9466,0.029943855271366226
2018-11-05,1691,1856,1637,1654,29092,0.001817080557237949
2018-11-06,1684,1765,1650,1766,22806,0.06771463119709797
2018-11-07,1765,1894,1691,1823,30160,0.03227633069082669
2018-11-08,1823,1914,1718,1820,18779,-0.001645639056500281
2018-11-09,1823,1890,1725,1735,13574,-0.04670329670329665
2018-11-12,1718,1779,1677,1759,17609,0.01383285302593662
2018-11-13,1741,1883,1684,1718,11552,-0.023308698123934102
2018-11-14,1674,1741,1670,1742,3625,0.01396973224679865
2018-11-15,1738,1802,1711,1799,5180,0.03272101033295072
2018-11-16,1799,1809,1745,1783,804,-0.008893829905503026
2018-11-19,1775,1846,1762,1806,4329,0.012899607403253022
2018-11-20,1846,1846,1826,1840,1178,0.01882613510520481
2018-11-21,1836,1846,1796,1830,554,-0.005434782608695676
2018-11-22,1809,1846,1779,1823,3118,-0.0038251366120218844
2018-11-23,1819,1860,1806,1857,2471,0.018650575973669703
2018-11-26,1823,1856,1802,1857,4630,0.0
2018-11-27,1863,1887,1826,1857,1881,0.0
2018-11-28,1863,1863,1758,1854,24803,-0.001615508885298822
2018-11-29,1802,1894,1802,1860,1973,0.003236245954692629
2018-11-30,1823,1934,1809,1840,5666,-0.010752688172043001
2018-12-03,1839,1856,1823,1837,2639,-0.001630434782608714
2018-12-04,1836,1924,1836,1854,14373,0.00925421883505706
2018-12-05,1779,1924,1779,1837,13840,-0.00916936353829556
2018-12-06,1819,1856,1802,1850,6300,0.007076755579749516
2018-12-07,1823,1897,1792,1793,3965,-0.03081081081081083
2018-12-10,1775,1806,1772,1806,1245,0.007250418293363037
2018-12-11,1772,1802,1772,1803,75,-0.0016611295681062677
2018-12-12,1812,1850,1812,1837,228,0.01885745978924014
2018-12-13,1809,1836,1809,1810,377,-0.01469787697332603
2018-12-14,1772,1823,1752,1823,4046,0.007182320441988965
2018-12-17,1833,1833,1772,1776,533,-0.02578167855183766
2018-12-18,1704,1826,1704,1826,6279,0.028153153153153143
2018-12-19,1809,1833,1809,1810,331,-0.008762322015334112
2018-12-20,1772,1843,1762,1830,8569,0.011049723756906049
2018-12-21,1796,1829,1796,1826,1559,-0.002185792349726823
2018-12-24,1809,1823,1809,1823,243,-0.0016429353778751876
2018-12-26,1816,1816,1796,1813,247,-0.005485463521667566
2018-12-27,1812,1812,1741,1742,531,-0.03916161059018197
2018-12-28,1741,1840,1741,1816,1878,0.042479908151549894
2019-01-02,1812,1812,1633,1722,77820,-0.05176211453744495
2019-01-03,1721,1725,1653,1725,5259,0.0017421602787457413
2019-01-04,1725,1792,1701,1776,3769,0.029565217391304355
2019-01-07,1752,1789,1752,1776,878,0.0
2019-01-08,1772,1782,1752,1772,1142,-0.0022522522522522292
2019-01-09,1741,1768,1731,1749,1276,-0.012979683972911937
2019-01-10,1748,1748,1735,1749,1815,0.0
2019-01-11,1738,1765,1718,1742,1517,-0.004002287021154904
2019-01-14,1741,1745,1623,1735,3743,-0.0040183696900114585
2019-01-15,1741,1748,1704,1708,4053,-0.015561959654178725
2019-01-16,1697,1714,1657,1715,8529,0.004098360655737654
2019-01-17,1714,1741,1714,1728,2145,0.007580174927113603
2019-01-18,1704,1738,1691,1735,5576,0.004050925925925819
2019-01-21,1718,1782,1708,1735,10096,0.0
2019-01-22,1735,1789,1714,1715,9796,-0.011527377521613813
2019-01-23,1711,1731,1708,1728,3709,0.007580174927113603
2019-01-24,1789,1789,1738,1783,1106,0.03182870370370372
2019-01-25,1782,1789,1772,1786,1488,0.0016825574873808868
2019-01-28,1775,1792,1765,1783,1252,-0.0016797312430011369
2019-01-29,1762,1789,1748,1755,1084,-0.015703869882220944
2019-01-30,1755,1785,1752,1752,1606,-0.0017094017094017033
2019-01-31,1752,1772,1725,1752,7792,0.0
2019-02-01,1735,1752,1721,1732,3975,-0.011415525114155223
2019-02-07,1735,1745,1718,1745,8356,0.007505773672055405
2019-02-08,1745,1745,1681,1681,8996,-0.03667621776504293
2019-02-11,1681,1725,1681,1705,20389,0.01427721594289122
2019-02-12,1704,1728,1687,1725,4468,0.011730205278592365
2019-02-13,1701,1725,1701,1705,1651,-0.011594202898550732
2019-02-14,1704,1725,1701,1725,2760,0.011730205278592365
2019-02-15,1721,1721,1697,1715,11162,-0.005797101449275366
2019-02-18,1714,1728,1711,1722,2902,0.004081632653061273
2019-02-19,1711,1731,1704,1728,1779,0.0034843205574912606
2019-02-20,1728,1738,1718,1735,925,0.004050925925925819
2019-02-21,1735,1796,1718,1786,16780,0.029394812680115345
2019-02-22,1802,1802,1765,1799,1815,0.007278835386338223
2019-02-25,1799,1806,1779,1793,742,-0.0033351862145636346
2019-02-26,1792,1816,1779,1810,5555,0.009481316229782433
2019-02-27,1809,1961,1799,1914,11300,0.0574585635359115
2019-02-28,1911,1924,1850,1908,12029,-0.0031347962382445305
2019-03-04,1904,1914,1873,1884,9565,-0.012578616352201255
2019-03-05,1883,1985,1812,1925,14731,0.02176220806794049
2019-03-06,1897,1938,1897,1928,4032,0.0015584415584415368
2019-03-07,1924,1927,1873,1928,5503,0.0
2019-03-08,1924,1924,1846,1921,2706,-0.0036307053941908585
2019-03-11,1856,1995,1856,1921,14895,0.0
2019-03-12,2009,2053,1900,1941,6682,0.010411244143675225
2019-03-13,1880,2009,1880,2009,11781,0.035033487892838666
2019-03-14,2002,2127,1982,2128,20232,0.059233449477351874
2019-03-15,2127,2222,2066,2171,27990,0.020206766917293173
2019-03-18,2168,2249,2141,2246,7220,0.03454629203132198
2019-03-19,2242,2323,2198,2317,14412,0.03161175422974183
2019-03-20,2316,2347,2283,2310,11141,-0.0030211480362537513
2019-03-21,2310,2360,2259,2361,4557,0.02207792207792214
2019-03-22,2360,2360,2306,2361,4411,0.0
2019-03-25,2198,2377,2198,2374,35113,0.005506141465480674
2019-03-26,2310,2367,2306,2368,10633,-0.002527379949452402
2019-03-27,2425,2425,2235,2293,13262,-0.03167229729729726
2019-03-28,2374,2374,2181,2290,3708,-0.0013083296990841209
2019-03-29,2289,2289,2232,2280,1292,-0.004366812227074246
2019-04-01,2228,2367,2222,2270,10474,-0.004385964912280715
2019-04-02,2293,2327,2232,2327,15719,0.02511013215859026
2019-04-03,2323,2327,2259,2297,6868,-0.01289213579716375
2019-04-04,2296,2367,2289,2290,11047,-0.0030474531998259113
2019-04-05,2272,2316,2269,2300,4680,0.004366812227074135
2019-04-08,2300,2320,2256,2293,2962,-0.003043478260869592
2019-04-09,2289,2289,2235,2259,1195,-0.014827736589620555
2019-04-10,2259,2286,2212,2270,4137,0.004869411243913158
2019-04-11,2269,2269,2225,2266,495,-0.0017621145374449032
2019-04-12,2266,2269,2232,2266,1545,0.0
2019-04-15,2266,2276,2242,2243,5519,-0.0101500441306267
2019-04-16,2242,2337,2208,2317,15019,0.03299152920196158
2019-04-17,2394,2394,2300,2361,21893,0.018990073370737992
2019-04-18,2360,2401,2327,2341,8125,-0.008470986869970387
2019-04-19,2367,2421,2303,2391,19893,0.021358393848782464
2019-04-22,2391,2462,2320,2334,6471,-0.023839397741530766
2019-04-23,2333,2333,2296,2330,2435,-0.001713796058269046
2019-04-24,2330,2330,2259,2259,10377,-0.030472103004291817
2019-04-25,2252,2438,2239,2439,19128,0.07968127490039834
2019-04-26,2438,2462,2384,2415,9803,-0.009840098400983988
2019-04-29,2415,2469,2303,2412,4486,-0.001242236024844745
2019-04-30,2381,2435,2323,2324,4157,-0.036484245439469265
2019-05-02,2320,2431,2303,2381,10541,0.02452667814113596
2019-05-03,2381,2381,2245,2368,4855,-0.005459890802184009
2019-05-07,2367,2428,2354,2425,8789,0.024070945945946054
2019-05-08,2408,2421,2323,2368,7195,-0.02350515463917524
2019-05-09,2367,2387,2256,2388,4593,0.008445945945946054
2019-05-10,2354,2401,2354,2401,839,0.005443886097152406
2019-05-13,2371,2401,2371,2401,810,0.0
2019-05-14,2377,2394,2300,2300,8409,-0.04206580591420239
2019-05-15,2300,2367,2300,2303,4561,0.0013043478260870156
2019-05-16,2303,2469,2303,2432,5277,0.056013894919670015
2019-05-17,2431,2462,2374,2401,6161,-0.012746710526315819
2019-05-20,2401,2469,2330,2381,5549,-0.008329862557267753
2019-05-21,2401,2516,2391,2496,3665,0.048299034019319675
2019-05-22,2496,2543,2472,2544,8140,0.019230769230769162
2019-05-23,2570,3108,2313,2314,251271,-0.09040880503144655
2019-05-24,2313,2469,2296,2439,23554,0.05401901469317205
2019-05-27,2469,2536,2438,2496,15644,0.02337023370233693
2019-05-28,2543,2661,2513,2567,7540,0.028445512820512775
2019-05-29,2570,2624,2502,2523,6570,-0.017140631086871805
2019-05-30,2435,2513,2401,2408,4907,-0.04558065794688859
2019-05-31,2408,2435,2381,2395,2580,-0.005398671096345509
2019-06-03,2394,2530,2242,2530,18472,0.056367432150313146
2019-06-04,2530,2672,2469,2588,29253,0.02292490118577084
2019-06-05,2587,2668,2519,2520,9357,-0.026275115919629055
2019-06-07,2519,2546,2482,2483,6424,-0.01468253968253963
2019-06-10,2482,2482,2445,2459,4010,-0.009665726943213881
2019-06-11,2458,2577,2458,2530,3218,0.028873525823505553
2019-06-12,2530,2530,2438,2527,9340,-0.0011857707509881354
2019-06-13,2526,2611,2499,2571,1994,0.0174119509299564
2019-06-14,2570,2570,2455,2513,2081,-0.022559315441462502
2019-06-17,2486,2502,2401,2500,5141,-0.005173099880620757
2019-06-18,2499,2499,2421,2422,2450,-0.031200000000000006
2019-06-19,2421,2445,2421,2445,2489,0.009496284062758154
2019-06-20,2431,2472,2418,2469,1763,0.009815950920245342
2019-06-21,2469,2469,2431,2456,3427,-0.0052652895909275355
2019-06-24,2455,2469,2350,2361,8260,-0.038680781758957616
2019-06-25,2360,2371,2316,2324,4732,-0.015671325709445183
2019-06-26,2347,2553,2323,2361,8300,0.015920826161790025
2019-06-27,2360,2465,2360,2364,5133,0.0012706480304955914
2019-06-28,2553,2570,2408,2435,11308,0.030033840947546464
2019-07-01,2435,2611,2435,2469,13245,0.01396303901437368
2019-07-02,2563,2563,2442,2483,7417,0.005670311867152611
2019-07-03,2482,2482,2455,2469,2019,-0.005638340716874746
2019-07-04,2469,2536,2455,2523,2063,0.021871202916160293
2019-07-05,2624,3044,2401,2476,140946,-0.018628616726119707
2019-07-08,2469,2519,2415,2486,20693,0.0040387722132471104
2019-07-09,2448,2486,2350,2351,11918,-0.05430410297666932
2019-07-10,2354,2499,2350,2469,9424,0.0501914079115271
2019-07-11,2469,2486,2442,2486,4103,0.0068853786958282814
2019-07-12,2486,2489,2431,2489,4494,0.0012067578439258764
2019-07-15,2489,2513,2418,2513,2725,0.009642426677380467
2019-07-16,2513,2912,2296,2489,335792,-0.009550338241146039
2019-07-17,2489,2540,2438,2510,25106,0.008437123342707853
2019-07-18,2506,2509,2404,2415,9916,-0.03784860557768921
2019-07-19,2415,2587,2411,2571,23340,0.06459627329192541
2019-07-22,2570,2668,2448,2648,26678,0.029949436017113973
2019-07-23,2648,2648,2465,2466,11677,-0.06873111782477337
2019-07-24,2462,2465,2401,2401,6578,-0.026358475263584702
2019-07-25,2387,2624,2256,2500,10936,0.041232819658475695
2019-07-26,2499,2499,2320,2368,11304,-0.05279999999999996
2019-07-29,2367,2475,2249,2280,68280,-0.03716216216216217
2019-07-30,2279,2502,2269,2273,37460,-0.0030701754385964453
2019-07-31,2272,2347,2269,2344,4479,0.031236251649801927
2019-08-01,2320,2458,2313,2354,13910,0.00426621160409546
2019-08-02,2354,2384,2313,2351,6473,-0.0012744265080714134
2019-08-05,2350,2371,2276,2303,10475,-0.020416843896214343
2019-08-06,2303,2340,2215,2222,13488,-0.03517151541467656
2019-08-07,2222,2300,2185,2229,14020,0.0031503150315030926
2019-08-08,2228,2293,2222,2232,5834,0.0013458950201883368
2019-08-09,2256,2327,2154,2226,14957,-0.0026881720430107503
2019-08-12,2225,2225,2147,2165,7826,-0.027403414195867004
2019-08-13,2164,2164,2117,2165,5831,0.0
2019-08-14,2164,2327,2151,2280,11958,0.053117782909930744
2019-08-16,2256,2299,2218,2232,6287,-0.021052631578947323
2019-08-19,2232,2428,2232,2310,11549,0.034946236559139754
2019-08-20,2306,2425,2306,2344,11147,0.014718614718614687
2019-08-21,2435,2435,2333,2344,4736,0.0
2019-08-22,2343,2462,2343,2361,6840,0.007252559726962371
2019-08-23,2398,2431,2377,2378,15157,0.007200338839474796
2019-08-26,2377,2377,2316,2327,15653,-0.021446593776282552
2019-08-27,2327,2502,2303,2358,10462,0.013321873657069272
2019-08-28,2310,2381,2310,2371,6078,0.005513146734520857
2019-08-29,2570,2736,2408,2442,102808,0.02994517081400261
2019-08-30,2445,2570,2445,2483,24462,0.01678951678951668
2019-09-02,2580,2580,2458,2496,13724,0.005235602094240788
2019-09-03,2496,2536,2455,2456,13143,-0.01602564102564108
2019-09-04,2455,2496,2438,2496,6938,0.016286644951140072
2019-09-05,2557,2563,2442,2452,9492,-0.017628205128205177
2019-09-06,2455,2536,2452,2506,14749,0.022022838499184294
2019-09-09,2482,2536,2448,2469,13263,-0.014764565043894673
2019-09-10,2465,2489,2458,2483,3811,0.005670311867152611
2019-09-11,2482,2509,2472,2510,3146,0.010873942811115533
2019-09-16,2509,2509,2438,2510,12745,0.0
2019-09-17,2482,2506,2462,2496,6828,-0.005577689243027928
2019-09-18,2455,2465,2367,2429,23067,-0.026842948717948678
2019-09-19,2425,2428,2401,2405,20973,-0.009880609304240395
2019-09-20,2408,2475,2381,2445,16148,0.016632016632016633
2019-09-23,2442,2448,2371,2412,23371,-0.013496932515337456
2019-09-24,2411,2415,2354,2412,23133,0.0
2019-09-25,2398,2415,2276,2276,35530,-0.056384742951907096
2019-09-26,2279,2428,2279,2415,25791,0.061072056239015904
2019-09-27,2480,3135,2395,2445,678502,0.012422360248447228
2019-09-30,2440,2445,2270,2290,76875,-0.06339468302658491
2019-10-01,2290,2375,2290,2300,30621,0.004366812227074135
2019-10-02,2300,2365,2275,2330,35535,0.01304347826086949
2019-10-04,2330,2330,2270,2300,11675,-0.012875536480686733
2019-10-07,2300,2320,2255,2290,12510,-0.004347826086956497
2019-10-08,2290,2290,2205,2230,11574,-0.026200873362445365
2019-10-10,2230,2305,2185,2290,11740,0.026905829596412634
2019-10-11,2290,2290,2265,2280,4125,-0.004366812227074246
2019-10-14,2280,2465,2280,2350,20645,0.030701754385964897
2019-10-15,2350,2490,2320,2340,8746,-0.004255319148936176
2019-10-16,2340,2360,2320,2340,11199,0.0
2019-10-17,2340,2430,2305,2310,14195,-0.012820512820512775
2019-10-18,2275,2275,2180,2250,32466,-0.025974025974025983
2019-10-21,2260,2395,2220,2335,23849,0.03777777777777769
2019-10-22,2335,2385,2285,2360,9219,0.010706638115631772
2019-10-23,2360,2360,2285,2335,20616,-0.010593220338983023
2019-10-24,2335,2335,2260,2315,5957,-0.008565310492505307
2019-10-25,2315,2350,2215,2295,6860,-0.008639308855291628
2019-10-28,2295,2295,2260,2265,5134,-0.013071895424836555
2019-10-29,2265,2265,2235,2235,3200,-0.013245033112582738
2019-10-30,2205,2250,2205,2225,3809,-0.004474272930648726
2019-10-31,2225,2250,2210,2220,5290,-0.0022471910112359383
2019-11-01,2220,2255,2190,2215,25164,-0.0022522522522522292
2019-11-04,2215,2240,2190,2240,17913,0.011286681715575675
2019-11-05,2240,2245,2215,2245,13712,0.0022321428571427937
2019-11-06,2245,2345,2240,2250,9394,0.00222717149220486
2019-11-07,2250,2335,2240,2290,8945,0.01777777777777767
2019-11-08,2290,2410,2290,2405,26139,0.05021834061135366
2019-11-11,2405,2405,2355,2355,15468,-0.02079002079002079
2019-11-12,2355,2380,2310,2335,7661,-0.00849256900212314
2019-11-13,2265,2335,2265,2280,15755,-0.023554603854389677
2019-11-14,2270,2350,2255,2345,12407,0.028508771929824483
2019-11-15,2270,2345,2205,2250,42677,-0.04051172707889128
2019-11-18,2250,2275,2225,2235,18780,-0.00666666666666671
2019-11-19,2235,2275,2215,2235,4545,0.0
2019-11-20,2235,2450,2235,2290,28108,0.02460850111856816
2019-11-21,2290,2345,2245,2305,8496,0.0065502183406114245
2019-11-22,2270,2300,2205,2205,12756,-0.04338394793926248
2019-11-25,2180,2275,2180,2220,9126,0.006802721088435382
2019-11-26,2220,2330,2220,2265,4716,0.020270270270270174
2019-11-27,2270,2305,2250,2255,16901,-0.004415011037527616
2019-11-28,2260,2330,2260,2275,8659,0.008869179600886845
2019-11-29,2275,2330,2230,2300,14223,0.01098901098901095
2019-12-02,2295,2300,2240,2275,5292,-0.010869565217391353
2019-12-03,2275,2285,2240,2285,11861,0.00439560439560438
2019-12-04,2285,2300,2245,2280,6975,-0.002188183807439792
2019-12-05,2255,2290,2245,2245,6275,-0.015350877192982448
2019-12-06,2245,2280,2215,2280,6559,0.015590200445434244
2019-12-09,2280,2280,2230,2275,9040,-0.002192982456140302
2019-12-10,2315,2330,2230,2240,11899,-0.01538461538461533
2019-12-11,2245,2310,2245,2280,9152,0.017857142857142794
2019-12-12,2280,2310,2240,2240,12964,-0.01754385964912286
2019-12-13,2240,2285,2240,2250,9615,0.0044642857142858094
2019-12-16,2260,2330,2250,2260,11060,0.004444444444444473
2019-12-17,2260,2305,2250,2300,18040,0.017699115044247815
2019-12-18,2310,2330,2265,2295,17434,-0.0021739130434782483
2019-12-19,2295,2330,2290,2310,12388,0.006535947712418277
2019-12-20,2335,2335,2290,2330,11338,0.008658008658008587
2019-12-23,2360,2440,2295,2300,33261,-0.012875536480686733
2019-12-24,2375,2375,2290,2300,19364,0.0
2019-12-26,2300,2365,2300,2315,15946,0.006521739130434856
2019-12-27,2315,2355,2290,2330,7570,0.00647948164146861
2019-12-30,2330,2465,2330,2370,34429,0.01716738197424883
2020-01-02,2370,2420,2345,2380,27913,0.00421940928270037
2020-01-03,2380,2475,2380,2460,23560,0.03361344537815136
2020-01-06,2455,2455,2380,2380,20340,-0.03252032520325199
2020-01-07,2380,2420,2325,2350,14891,-0.012605042016806678
2020-01-08,2335,2520,2250,2480,49231,0.05531914893617018
2020-01-09,2450,2455,2380,2425,44352,-0.022177419354838745
2020-01-10,2425,2550,2410,2420,45225,-0.0020618556701030855
2020-01-13,2420,2490,2420,2485,14979,0.026859504132231482
2020-01-14,2460,2520,2460,2490,24633,0.002012072434607548
2020-01-15,2490,2490,2435,2450,8305,-0.016064257028112428
2020-01-16,2450,2560,2440,2490,12186,0.01632653061224487
2020-01-17,2490,2670,2465,2535,49998,0.01807228915662651
2020-01-20,2560,2575,2510,2550,11376,0.00591715976331364
2020-01-21,2550,2575,2465,2510,4120,-0.015686274509803977
2020-01-22,2500,2700,2450,2535,23452,0.009960159362549792
2020-01-23,2535,2560,2495,2500,5682,-0.013806706114398382
2020-01-28,2450,2500,2425,2490,5902,-0.0040000000000000036
2020-01-29,2485,2630,2455,2485,12242,-0.002008032128514081
2020-01-30,2485,2575,2445,2495,18961,0.004024144869215318
2020-01-31,2495,2535,2430,2455,9183,-0.01603206412825653
2020-02-03,2455,2455,2350,2430,9522,-0.010183299389002087
2020-02-04,2430,2545,2400,2510,15191,0.03292181069958855
2020-02-05,2510,2545,2450,2500,7682,-0.003984063745019917
2020-02-06,2500,2515,2470,2470,9352,-0.01200000000000001
2020-02-07,2480,2480,2440,2470,8073,0.0
2020-02-10,2470,2500,2450,2480,5048,0.004048582995951344
2020-02-11,2480,2500,2460,2485,3583,0.002016129032258007
2020-02-12,2485,2500,2415,2465,15026,-0.008048289738430636
2020-02-13,2465,2640,2455,2465,62841,0.0
2020-02-14,2465,2535,2400,2430,25512,-0.014198782961460488
2020-02-17,2440,2500,2395,2425,53944,-0.002057613168724326
2020-02-18,2430,2500,2415,2445,12311,0.008247422680412342
2020-02-19,2445,2550,2390,2450,30028,0.002044989775051187
2020-02-20,2410,2490,2400,2450,19034,0.0
2020-02-21,2450,2450,2350,2370,15314,-0.03265306122448974
2020-02-24,2350,2355,2250,2250,63443,-0.05063291139240511
2020-02-25,2250,2315,2240,2290,29934,0.01777777777777767
2020-02-26,2240,2345,2240,2340,26302,0.02183406113537112
2020-02-27,2340,2395,2270,2340,47264,0.0
2020-02-28,2330,2335,2150,2160,85942,-0.07692307692307687
2020-03-02,2125,2290,2125,2290,39488,0.06018518518518512
2020-03-03,2370,2370,2250,2270,50759,-0.008733624454148492
2020-03-04,2285,2380,2265,2365,4867,0.04185022026431717
2020-03-05,2365,2480,2330,2440,17091,0.031712473572938604
2020-03-06,2425,2455,2265,2280,113045,-0.06557377049180324
2020-03-09,2220,2350,2175,2260,30396,-0.00877192982456143
2020-03-10,2225,2310,2150,2215,24326,-0.019911504424778736
2020-03-11,2300,2300,2175,2210,30584,-0.0022573363431150906
2020-03-12,2210,2315,2155,2175,24463,-0.015837104072398245
2020-03-13,2095,2460,1990,2255,108760,0.0367816091954023
2020-03-16,2230,2350,2125,2205,74160,-0.022172949002217335
2020-03-17,2035,2415,2035,2300,65872,0.04308390022675734
2020-03-18,2310,2395,2185,2185,36215,-0.050000000000000044
2020-03-19,2120,2200,1770,1950,116734,-0.10755148741418763
2020-03-20,1950,1965,1805,1930,24711,-0.01025641025641022
2020-03-23,1800,1895,1700,1815,24451,-0.059585492227979264
2020-03-24,1745,1800,1680,1750,78833,-0.03581267217630857
2020-03-25,1765,1810,1690,1725,124464,-0.014285714285714235
2020-03-26,1745,1795,1715,1720,57521,-0.0028985507246376274
2020-03-27,1745,1800,1710,1720,79749,0.0
2020-03-30,1720,1765,1660,1715,42265,-0.0029069767441860517
2020-03-31,1730,1810,1725,1790,85939,0.0437317784256559
2020-04-01,1790,1875,1735,1790,91468,0.0
2020-04-02,1740,1850,1740,1845,66661,0.030726256983240274
2020-04-03,1835,1920,1810,1845,58572,0.0
2020-04-06,1840,1930,1825,1920,69740,0.04065040650406515
2020-04-07,1950,2055,1920,2050,97628,0.06770833333333326
2020-04-08,2040,2145,2040,2110,94743,0.029268292682926855
2020-04-09,2110,2200,2030,2085,74612,-0.011848341232227444
2020-04-10,2085,2120,1980,2110,55754,0.011990407673860837
2020-04-13,2100,2160,2040,2070,42497,-0.018957345971563955
2020-04-14,2080,2135,2050,2125,60087,0.02657004830917864
2020-04-16,2165,2200,2125,2195,49073,0.03294117647058825
2020-04-17,2250,2370,2160,2275,103210,0.036446469248291535
2020-04-20,2275,2355,2230,2260,89642,-0.00659340659340657
2020-04-21,2260,2375,2080,2080,100972,-0.07964601769911506
2020-04-22,2070,2110,2005,2105,38040,0.012019230769230838
2020-04-23,2105,2210,2020,2150,36255,0.0213776722090262
2020-04-24,2110,2195,2090,2155,28485,0.0023255813953488857
2020-04-27,2130,2155,2090,2115,40217,-0.018561484918793503
2020-04-28,2130,2150,2090,2150,32448,0.016548463356973908
2020-04-29,2150,2170,2090,2125,45892,-0.011627906976744207
2020-05-04,2105,2145,2060,2105,51670,-0.009411764705882342
2020-05-06,2105,2165,2105,2140,37950,0.016627078384798155
2020-05-07,2165,2255,2135,2240,121963,0.04672897196261672
2020-05-08,2240,2255,2165,2225,44719,-0.006696428571428603
2020-05-11,2235,2290,2200,2250,31443,0.011235955056179803
2020-05-12,2250,2280,2155,2175,58542,-0.033333333333333326
2020-05-13,2175,2195,2110,2175,24293,0.0
2020-05-14,2175,2175,2125,2125,8996,-0.02298850574712641
2020-05-15,2125,2170,1955,2035,101297,-0.04235294117647059
2020-05-18,2035,2055,2015,2020,25717,-0.0073710073710073765
2020-05-19,2020,2105,2020,2030,34217,0.004950495049504955
2020-05-20,2050,2115,2020,2085,48524,0.027093596059113212
2020-05-21,2095,2095,2040,2075,17799,-0.004796163069544335
2020-05-22,2090,2090,2005,2030,35967,-0.02168674698795181
2020-05-25,2030,2135,2030,2100,31654,0.034482758620689724
2020-05-26,2100,2140,2090,2090,7743,-0.004761904761904745
2020-05-27,2080,2260,2075,2175,116136,0.04066985645933019
2020-05-28,2175,2225,2040,2135,56521,-0.01839080459770115
2020-05-29,2135,2200,2075,2075,62739,-0.02810304449648715
2020-06-01,2075,2125,2040,2085,26924,0.004819277108433662
2020-06-02,2085,2185,2080,2105,42245,0.00959232613908867
2020-06-03,2105,2155,2095,2120,35337,0.0071258907363420665
2020-06-04,2120,2160,2100,2100,40079,-0.009433962264150941
2020-06-05,2100,2150,2100,2100,13623,0.0
2020-06-08,2100,2130,2095,2100,17943,0.0
2020-06-09,2100,2130,2100,2125,27127,0.011904761904761862
2020-06-10,2140,2140,2080,2080,23505,-0.02117647058823524
2020-06-11,2080,2100,2045,2045,14134,-0.016826923076923128
2020-06-12,1925,2025,1925,1990,29916,-0.02689486552567233
2020-06-15,1980,1980,1840,1840,74860,-0.07537688442211055
2020-06-16,1840,1940,1840,1935,25987,0.05163043478260865
2020-06-17,1935,1935,1830,1890,24929,-0.023255813953488413
2020-06-18,1890,1930,1875,1930,8682,0.021164021164021163
2020-06-19,1930,2080,1910,1985,40136,0.02849740932642497
2020-06-22,1985,1985,1900,1900,29576,-0.04282115869017633
2020-06-23,1900,1935,1895,1920,12066,0.010526315789473717
2020-06-24,1920,1920,1865,1870,21905,-0.02604166666666663
2020-06-25,1860,1905,1810,1880,31017,0.005347593582887722
2020-06-26,1870,1915,1860,1885,11600,0.0026595744680850686
2020-06-29,1855,1880,1795,1810,44346,-0.03978779840848812
2020-06-30,1810,1875,1810,1875,32955,0.035911602209944826
2020-07-01,1875,1915,1850,1880,15402,0.002666666666666595
2020-07-02,1880,1930,1845,1925,9450,0.02393617021276606
2020-07-03,1925,1960,1925,1935,11989,0.0051948051948051965
2020-07-06,1990,1995,1920,1970,12708,0.01808785529715773
2020-07-07,1970,1970,1910,1930,37174,-0.02030456852791873
2020-07-08,1930,1960,1910,1950,2422,0.010362694300518172
2020-07-09,1950,1990,1935,1945,8821,-0.002564102564102555
2020-07-10,1945,1970,1880,1880,17513,-0.033419023136246784
2020-07-13,1880,2030,1825,1865,91667,-0.007978723404255317
2020-07-14,1865,1950,1840,1940,30559,0.04021447721179627
2020-07-15,1940,1950,1875,1950,26439,0.005154639175257714
2020-07-16,1940,1945,1875,1880,30057,-0.03589743589743588
2020-07-17,1860,1905,1860,1905,18631,0.013297872340425565
2020-07-20,1895,1905,1875,1900,20518,-0.002624671916010457
2020-07-21,1900,1900,1860,1885,16344,-0.007894736842105288
2020-07-22,1885,1920,1860,1885,32316,0.0
2020-07-23,1885,1910,1845,1880,17140,-0.0026525198938992522
2020-07-24,1880,1895,1855,1860,7556,-0.010638297872340385
2020-07-27,1860,1990,1835,1845,77290,-0.008064516129032251
2020-07-28,1845,1870,1815,1820,25924,-0.013550135501354976
2020-07-29,1820,1850,1810,1830,5339,0.005494505494505475
2020-07-30,1830,1840,1815,1835,8278,0.002732240437158362
2020-07-31,1830,1850,1815,1845,9951,0.005449591280654031
2020-08-03,1845,1870,1830,1870,14514,0.013550135501354976
2020-08-04,1870,1870,1830,1850,10342,-0.010695187165775444
2020-08-05,1835,1870,1835,1870,3387,0.0108108108108107
2020-08-06,1860,1880,1860,1880,6244,0.005347593582887722
2020-08-07,1880,1910,1825,1855,9973,-0.013297872340425565
2020-08-10,1860,1885,1825,1830,15104,-0.013477088948787075
2020-08-11,1845,2025,1830,1890,96951,0.032786885245901676
2020-08-12,1915,1915,1835,1850,33709,-0.021164021164021163
2020-08-13,1845,1885,1830,1865,27743,0.008108108108108025
2020-08-14,1870,1890,1840,1840,23457,-0.013404825737265424
2020-08-18,1840,1905,1840,1875,33967,0.01902173913043481
2020-08-19,1850,1950,1850,1920,46227,0.02400000000000002
2020-08-20,1920,1935,1860,1910,55373,-0.00520833333333337
2020-08-21,1900,1940,1850,1895,19444,-0.007853403141361293
2020-08-24,1895,1895,1855,1885,8845,-0.00527704485488123
2020-08-25,1885,1950,1885,1950,23150,0.034482758620689724
2020-08-26,1950,1980,1920,1980,46857,0.01538461538461533
2020-08-27,1980,1985,1940,1980,54071,0.0
2020-08-28,1980,2065,1955,2000,36516,0.010101010101010166
2020-08-31,2000,2125,2000,2045,68698,0.022499999999999964
2020-09-01,2095,2095,2030,2075,18780,0.014669926650366705
2020-09-02,2080,2120,2060,2090,14445,0.0072289156626506035
2020-09-03,2095,2125,2040,2060,16136,-0.014354066985645897
2020-09-04,2040,2075,1970,2065,28358,0.0024271844660195274
2020-09-07,2065,2135,2020,2095,41368,0.014527845036319542
2020-09-08,2095,2150,2070,2150,23271,0.026252983293556076
2020-09-09,2140,2225,2085,2220,62935,0.032558139534883734
2020-09-10,2220,2280,2125,2125,41790,-0.0427927927927928
2020-09-11,2130,2215,2105,2210,30906,0.040000000000000036
2020-09-14,2220,2245,2165,2235,33496,0.011312217194570096
2020-09-15,2235,2260,2185,2240,25340,0.0022371364653244186
2020-09-16,2240,2295,2225,2285,45773,0.02008928571428581
2020-09-17,2280,2325,2205,2250,59320,-0.015317286652078765
2020-09-18,2250,2250,2190,2235,20131,-0.00666666666666671
2020-09-21,2235,2235,2160,2160,38120,-0.03355704697986572
2020-09-22,2160,2160,2075,2075,21851,-0.03935185185185186
2020-09-23,2065,2095,2055,2090,29877,0.0072289156626506035
2020-09-24,2085,2115,2030,2085,28363,-0.0023923444976076125
2020-09-25,2085,2085,2035,2070,17154,-0.007194244604316502
2020-09-28,2060,2070,2010,2025,27215,-0.021739130434782594
2020-09-29,2025,2070,2025,2035,15533,0.004938271604938205
2020-10-05,2035,2060,2015,2045,38529,0.004914004914004844
2020-10-06,2060,2150,2040,2135,45666,0.044009779951100336
2020-10-07,2135,2200,2120,2195,91081,0.02810304449648715
2020-10-08,2210,2250,2185,2230,49547,0.015945330296127658
2020-10-12,2240,2350,2230,2290,76044,0.026905829596412634
2020-10-13,2290,2330,2240,2290,42381,0.0
2020-10-14,2290,2350,2275,2310,42709,0.008733624454148492
2020-10-15,2305,2305,2165,2165,42739,-0.06277056277056281
2020-10-16,2150,2175,2065,2065,27076,-0.04618937644341803
2020-10-19,2065,2090,2015,2020,58706,-0.021791767554479424
2020-10-20,2010,2030,1990,2030,13359,0.004950495049504955
2020-10-21,2010,2095,2005,2090,38279,0.029556650246305383
2020-10-22,2160,2160,2085,2100,52908,0.004784688995215225
2020-10-23,2090,2150,2055,2055,22984,-0.021428571428571463
2020-10-26,2060,2115,2035,2070,31311,0.007299270072992803
2020-10-27,2030,2110,2010,2095,31472,0.012077294685990392
2020-10-28,2075,2095,2070,2075,7135,-0.009546539379474916
2020-10-29,2075,2100,2045,2060,35745,-0.0072289156626506035
2020-10-30,2060,2065,2035,2035,27937,-0.012135922330097082
2020-11-02,2035,2090,2020,2090,35336,0.027027027027026973
2020-11-03,2090,2135,2070,2105,49893,0.0071770334928229484
2020-11-04,2105,2120,2080,2105,36726,0.0
2020-11-05,2105,2110,2075,2110,17925,0.002375296912114022
2020-11-06,2110,2115,2080,2105,11267,-0.0023696682464454666
2020-11-09,2080,2110,2075,2090,12674,-0.0071258907363420665
2020-11-10,2090,2110,2045,2080,50309,-0.004784688995215336
2020-11-11,2080,2095,2050,2095,10871,0.007211538461538547
2020-11-12,2090,2140,2060,2120,62068,0.01193317422434359
2020-11-13,2120,2145,2115,2140,20704,0.009433962264151052
2020-11-16,2140,2220,2140,2210,26819,0.032710280373831724
2020-11-17,2210,2210,2080,2125,63694,-0.038461538461538436
2020-11-18,2120,2190,2070,2160,51773,0.016470588235294015
2020-11-19,2165,2185,2125,2125,43385,-0.01620370370370372
2020-11-20,2110,2150,2100,2140,13294,0.007058823529411784
2020-11-23,2140,2200,2115,2195,25315,0.025700934579439227
2020-11-24,2295,2295,2155,2160,33964,-0.015945330296127547
2020-11-25,2170,2195,2080,2085,27970,-0.03472222222222221
2020-11-26,2085,2180,2050,2145,63687,0.02877697841726623
2020-11-27,2145,2165,2120,2120,6276,-0.011655011655011704
2020-11-30,2120,2285,2080,2175,120794,0.02594339622641506
2020-12-01,2175,2175,2105,2135,44237,-0.01839080459770115
2020-12-02,2135,2140,2105,2105,25978,-0.014051522248243575
2020-12-03,2100,2115,2075,2105,30364,0.0
2020-12-04,2100,2145,2080,2080,33180,-0.01187648456057011
2020-12-07,2075,2080,1950,2030,138687,-0.024038461538461564
2020-12-08,2025,2070,2005,2050,44865,0.009852216748768461
2020-12-09,2050,2090,2050,2090,13520,0.019512195121951237
2020-12-10,2090,2120,2070,2075,13463,-0.0071770334928229484
2020-12-11,2075,2120,2055,2095,22461,0.009638554216867545
2020-12-14,2195,2415,2150,2165,774311,0.03341288782816232
2020-12-15,2165,2170,2115,2120,93023,-0.020785219399538146
2020-12-16,2120,2130,2100,2130,40330,0.004716981132075526
2020-12-17,2120,2185,2115,2120,50867,-0.0046948356807511304
2020-12-18,2125,2190,2110,2115,36821,-0.002358490566037763
2020-12-21,2115,2140,2110,2110,27982,-0.0023640661938534313
2020-12-22,2110,2165,2095,2105,35321,-0.0023696682464454666
2020-12-23,2095,2125,2065,2075,65188,-0.014251781472684133
2020-12-24,2075,2110,2075,2110,23421,0.01686746987951815
2020-12-28,2110,2170,2090,2120,64407,0.004739336492890933
2020-12-29,2120,2135,2105,2115,15923,-0.002358490566037763
2020-12-30,2115,2185,2065,2155,131708,0.01891252955082745
2021-01-04,2150,2155,2085,2120,73343,-0.016241299303944357
2021-01-05,2120,2180,2075,2080,112397,-0.018867924528301883
2021-01-06,2080,2145,2045,2085,97787,0.0024038461538462563
2021-01-07,2080,2105,2065,2090,82765,0.0023980815347721673
2021-01-08,2040,2150,2040,2085,201875,-0.0023923444976076125
2021-01-11,2085,2110,2020,2075,85179,-0.004796163069544335
2021-01-12,2070,2690,2055,2495,3586315,0.2024096385542169
2021-01-13,2665,3155,2495,2545,3137975,0.02004008016032066
2021-01-14,2520,2525,2320,2365,611867,-0.07072691552062871
2021-01-15,2415,2475,2270,2330,326008,-0.014799154334038
2021-01-18,2300,2375,2280,2345,158269,0.006437768240343367
2021-01-19,2300,2330,2270,2330,113197,-0.006396588486140775
2021-01-20,2330,2430,2320,2360,192007,0.012875536480686733
2021-01-21,2410,2445,2350,2375,106576,0.006355932203389925
2021-01-22,2395,2450,2365,2450,135813,0.03157894736842115
2021-01-25,2465,2485,2400,2420,112008,-0.01224489795918371
2021-01-26,2420,2420,2320,2345,102388,-0.030991735537190035
2021-01-27,2355,2365,2300,2310,29890,-0.014925373134328401
2021-01-28,2285,2310,2240,2240,77670,-0.030303030303030276
2021-01-29,2235,2235,2170,2200,84634,-0.017857142857142905
2021-02-01,2145,2230,2145,2210,87103,0.00454545454545463
2021-02-02,2220,2295,2220,2270,63130,0.02714932126696823
2021-02-03,2270,2375,2270,2370,92588,0.044052863436123246
2021-02-04,2370,2415,2345,2365,34511,-0.002109704641350185
2021-02-05,2365,2405,2315,2365,51571,0.0
2021-02-08,2365,2390,2290,2320,46689,-0.019027484143763207
2021-02-09,2295,2355,2275,2325,30883,0.0021551724137931494
2021-02-10,2305,2330,2225,2290,103154,-0.01505376344086018
2021-02-15,2325,2325,2235,2265,110278,-0.01091703056768556
2021-02-16,2275,2440,2265,2415,176162,0.0662251655629138
2021-02-17,2415,2535,2370,2535,201206,0.049689440993788914
2021-02-18,2535,2565,2410,2440,156248,-0.03747534516765283
2021-02-19,2415,2430,2350,2365,99366,-0.030737704918032738
2021-02-22,2365,2460,2355,2430,138694,0.02748414376321362
2021-02-23,3125,3155,2485,2485,5382419,0.02263374485596703
2021-02-24,2595,2950,2500,2550,1674032,0.026156941649899457
2021-02-25,2555,2555,2370,2385,490041,-0.06470588235294117
2021-02-26,2350,2350,2180,2195,315398,-0.07966457023060791
2021-03-02,2240,2320,2215,2300,151311,0.04783599088838275
2021-03-03,2300,2900,2290,2655,2645751,0.15434782608695663
2021-03-04,2655,2695,2510,2535,355710,-0.04519774011299438
2021-03-05,2535,2720,2450,2715,345071,0.07100591715976323
2021-03-08,2635,2690,2430,2435,311974,-0.10313075506445668
2021-03-09,2440,2610,2440,2485,372198,0.02053388090349073
2021-03-10,2485,2570,2350,2360,207986,-0.05030181086519114
2021-03-11,2360,2550,2355,2530,130671,0.07203389830508478
2021-03-12,2530,2750,2475,2620,424979,0.035573122529644285
2021-03-15,2625,2700,2540,2585,254210,-0.013358778625954248
2021-03-16,2585,2625,2535,2590,137035,0.0019342359767891004
2021-03-17,2580,2685,2550,2615,127150,0.009652509652509744
2021-03-18,2620,2720,2575,2650,160419,0.013384321223709472
2021-03-19,2800,3435,2735,2970,8444080,0.12075471698113205
2021-03-22,2940,2945,2805,2875,922543,-0.03198653198653201
2021-03-23,3065,3065,2705,2705,1048557,-0.05913043478260871
2021-03-24,2695,2730,2615,2670,197275,-0.012939001848428888
2021-03-25,2670,2690,2610,2640,179022,-0.011235955056179803
2021-03-26,2650,2770,2650,2750,165726,0.04166666666666674
2021-03-29,2750,2760,2685,2710,127373,-0.014545454545454528
2021-03-30,2715,2835,2715,2815,173773,0.03874538745387457
2021-03-31,2815,2815,2730,2765,96400,-0.017761989342806372
2021-04-01,2770,2790,2670,2790,132593,0.009041591320072317
2021-04-02,2820,2820,2710,2730,89593,-0.021505376344086002
2021-04-05,2730,2835,2705,2790,94847,0.0219780219780219
2021-04-06,2780,2805,2740,2760,58530,-0.010752688172043001
2021-04-07,2760,2845,2760,2770,107478,0.0036231884057971175
2021-04-08,2775,2930,2770,2900,310899,0.04693140794223827
2021-04-09,2900,2945,2860,2920,135696,0.006896551724137945
2021-04-12,2935,2945,2855,2885,123843,-0.011986301369863006
2021-04-13,2885,2920,2805,2870,110433,-0.005199306759098743
2021-04-14,2880,2940,2850,2905,62514,0.012195121951219523
2021-04-15,2915,2925,2810,2895,63043,-0.0034423407917383297
2021-04-16,2880,2920,2840,2920,43932,0.008635578583765069
2021-04-19,2920,2920,2825,2890,53937,-0.010273972602739767
2021-04-20,2885,2885,2800,2800,65822,-0.03114186851211076
2021-04-21,2800,2830,2750,2750,71635,-0.017857142857142905
2021-04-22,2760,2915,2760,2910,103124,0.05818181818181811
2021-04-23,2910,2920,2810,2825,61427,-0.029209621993127155
2021-04-26,2825,2910,2770,2905,74929,0.02831858407079646
2021-04-27,2905,3070,2855,2980,205649,0.025817555938037806
2021-04-28,2960,3045,2855,2880,148450,-0.03355704697986572
2021-04-29,2845,2855,2715,2800,82036,-0.02777777777777779
2021-04-30,2785,2785,2675,2700,69717,-0.0357142857142857
2021-05-03,2695,2990,2670,2950,370437,0.09259259259259256
2021-05-04,2950,3010,2845,2950,137497,0.0
2021-05-06,2970,3145,2875,2960,141237,0.003389830508474523
2021-05-07,2990,3745,2990,3470,4429674,0.17229729729729737
2021-05-10,3470,3605,3335,3530,693560,0.01729106628242083
2021-05-11,3495,3600,3435,3505,213914,-0.007082152974504208
2021-05-12,3470,3490,3365,3470,159619,-0.0099857346647646
2021-05-13,3410,3460,3340,3410,84826,-0.01729106628242072
2021-05-14,3400,3620,3275,3570,223015,0.04692082111436946
2021-05-17,3600,3850,3465,3580,337807,0.0028011204481792618
2021-05-18,3560,3765,3550,3760,115011,0.05027932960893855
2021-05-20,3800,3835,3570,3650,134514,-0.0292553191489362
2021-05-21,3650,3680,3565,3645,77390,-0.00136986301369868
2021-05-24,3605,3605,3495,3550,47622,-0.026063100137174167
2021-05-25,3515,3530,3415,3505,44649,-0.012676056338028152
2021-05-26,3505,3650,3475,3575,103306,0.0199714693295292
2021-05-27,3660,4280,3605,3800,1364193,0.06293706293706292
2021-05-28,3795,4675,3665,4285,6047554,0.12763157894736832
2021-05-31,4245,4275,4035,4035,570295,-0.058343057176196034
2021-06-01,4035,4035,3635,3685,445233,-0.08674101610904583
2021-06-02,3625,3715,3610,3705,200315,0.005427408412483015
2021-06-03,3650,3680,3620,3640,161198,-0.01754385964912286
2021-06-04,3620,3625,3445,3500,267955,-0.038461538461538436
2021-06-07,3495,3500,3395,3420,114610,-0.02285714285714291
2021-06-08,3415,3450,3340,3435,174620,0.004385964912280604
2021-06-09,3405,3440,3375,3430,68730,-0.0014556040756914523
2021-06-10,3400,3400,3340,3380,61579,-0.014577259475218707
2021-06-11,3380,3490,3340,3465,73913,0.025147928994082802
2021-06-14,3465,3600,3465,3560,144335,0.02741702741702734
2021-06-15,3560,3610,3455,3505,64437,-0.015449438202247201
2021-06-16,3515,3570,3445,3550,49764,0.012838801711840153
2021-06-17,3550,3570,3515,3540,37088,-0.0028169014084507005
2021-06-18,3540,3565,3500,3565,47486,0.007062146892655274
2021-06-21,3565,3565,3425,3550,61698,-0.0042075736325385416
2021-06-22,3540,3645,3540,3645,67359,0.026760563380281654
2021-06-23,3645,3670,3540,3630,53292,-0.004115226337448541
2021-06-24,3630,3650,3500,3525,44499,-0.02892561983471076
2021-06-25,3525,3525,3450,3490,12639,-0.009929078014184411
2021-06-28,3490,3495,3340,3400,64844,-0.025787965616045794
2021-06-29,3410,3500,3400,3460,56534,0.01764705882352935
2021-06-30,3460,3570,3460,3570,30933,0.03179190751445082
2021-07-01,3585,3630,3535,3620,54483,0.014005602240896309
2021-07-02,3635,3695,3550,3645,83981,0.006906077348066253
2021-07-05,3760,3850,3700,3725,183335,0.021947873799725626
2021-07-06,3725,3755,3680,3730,43374,0.0013422818791946067
2021-07-07,3730,3750,3665,3720,42264,-0.002680965147453085
2021-07-08,3720,3720,3490,3495,79472,-0.06048387096774188
2021-07-09,3425,3470,3350,3465,49868,-0.008583690987124415
2021-07-12,3410,3545,3410,3470,45825,0.0014430014430013571
2021-07-13,3485,3595,3475,3525,29338,0.015850144092218965
2021-07-14,3535,3560,3500,3550,30480,0.007092198581560183
2021-07-15,3565,3595,3530,3530,21347,-0.005633802816901401
2021-07-16,3530,3635,3525,3575,21205,0.012747875354107707
2021-07-19,3540,3570,3450,3480,32835,-0.02657342657342654
2021-07-20,3475,3475,3320,3345,42060,-0.03879310344827591
2021-07-21,3345,3380,3275,3310,35122,-0.010463378176382654
2021-07-22,3295,3325,3255,3320,35262,0.0030211480362538623
2021-07-23,3330,3410,3320,3410,22461,0.027108433734939652
2021-07-26,3410,3420,3300,3300,26096,-0.032258064516129004
2021-07-27,3300,3300,3200,3275,22853,-0.007575757575757569
2021-07-28,3250,3250,3105,3105,53152,-0.051908396946564905
2021-07-29,3105,3105,3000,3035,52406,-0.02254428341384862
2021-07-30,3060,3690,3060,3155,658551,0.03953871499176276
2021-08-02,3155,3195,3095,3120,89689,-0.011093502377179099
2021-08-03,3135,3195,3115,3190,66812,0.022435897435897356
2021-08-04,3190,3225,3155,3175,33445,-0.00470219435736674
2021-08-05,3205,3220,3145,3195,71131,0.006299212598425141
2021-08-06,3195,3295,3195,3290,40596,0.029733959311424085
2021-08-09,3290,3325,3260,3275,32807,-0.00455927051671734
2021-08-10,3275,3275,3160,3250,43997,-0.007633587786259555
2021-08-11,3220,3220,3065,3080,41008,-0.05230769230769228
2021-08-12,3065,3095,3020,3030,39894,-0.016233766233766267
2021-08-13,3040,3050,2740,2800,175952,-0.07590759075907594
2021-08-17,2790,2790,2600,2680,83031,-0.042857142857142816
2021-08-18,2625,2690,2605,2670,102993,-0.003731343283582045
2021-08-19,2670,2700,2600,2690,61126,0.0074906367041198685
2021-08-20,2660,2690,2470,2650,111257,-0.014869888475836479
2021-08-23,2650,2785,2610,2685,25078,0.013207547169811429
2021-08-24,2760,2780,2705,2755,19150,0.026070763500931182
2021-08-25,2770,2840,2755,2760,49645,0.001814882032667775
2021-08-26,2765,2850,2760,2770,35730,0.0036231884057971175
2021-08-27,2785,2830,2725,2725,38249,-0.016245487364620947
2021-08-30,2730,2885,2730,2805,16129,0.029357798165137616
2021-08-31,2805,2975,2805,2945,50449,0.04991087344028511
2021-09-01,2945,3030,2895,2940,88245,-0.001697792869269965
2021-09-02,2940,2940,2900,2920,10933,-0.006802721088435382
2021-09-03,2920,2935,2865,2885,26064,-0.011986301369863006
2021-09-06,2890,3015,2880,2945,83178,0.020797227036395194
2021-09-07,3165,3400,2945,2945,991840,0.0
2021-09-08,2960,2960,2835,2835,102136,-0.0373514431239389
2021-09-09,2810,2880,2775,2800,61819,-0.012345679012345734
2021-09-10,2800,2800,2680,2720,56054,-0.02857142857142858
2021-09-13,2735,2810,2720,2725,38238,0.0018382352941177516
2021-09-14,2725,2725,2670,2710,55317,-0.0055045871559632475
2021-09-15,2710,2790,2710,2770,38202,0.022140221402213944
2021-09-16,2775,2840,2770,2795,28381,0.00902527075812265
2021-09-17,2795,2885,2765,2880,72626,0.030411449016100267
2021-09-23,2865,2865,2775,2775,30847,-0.03645833333333337
2021-09-24,2745,2775,2700,2725,47618,-0.018018018018018056
2021-09-27,2660,2700,2635,2645,41350,-0.029357798165137616
2021-09-28,2640,2645,2550,2590,23601,-0.020793950850661602
2021-09-29,2575,2580,2435,2575,35410,-0.00579150579150578
2021-09-30,2530,2530,2430,2470,53372,-0.04077669902912617
2021-10-01,2445,3140,2445,2670,1686732,0.08097165991902844
2021-10-05,2640,2665,2400,2435,120323,-0.08801498127340823
2021-10-06,2435,2480,2230,2260,103341,-0.07186858316221767
2021-10-07,2260,2395,2260,2375,42995,0.05088495575221241
2021-10-08,2395,2425,2370,2370,38492,-0.002105263157894721
2021-10-12,2400,2450,2345,2360,36970,-0.00421940928270037
2021-10-13,2355,2380,2345,2380,38849,0.008474576271186418
2021-10-14,2390,2500,2380,2435,103481,0.02310924369747891
2021-10-15,2455,2560,2445,2540,48150,0.04312114989733051
2021-10-18,2600,2920,2585,2745,553475,0.08070866141732291
2021-10-19,2760,2820,2730,2740,59727,-0.0018214936247723523
2021-10-20,2750,2790,2710,2775,29663,0.012773722627737127
2021-10-21,2780,2785,2725,2770,22686,-0.0018018018018017834
2021-10-22,2770,2935,2740,2915,45323,0.05234657039711199
2021-10-25,2915,3140,2825,2920,212419,0.0017152658662091813
2021-10-26,2920,3180,2910,3125,207845,0.0702054794520548
2021-10-27,3090,3190,2890,2890,167455,-0.07520000000000004
2021-10-28,2890,3015,2860,2860,54230,-0.01038062283737029
2021-10-29,2835,2885,2710,2710,61682,-0.05244755244755239
2021-11-01,2680,2770,2660,2715,39927,0.0018450184501845879
2021-11-02,2715,2785,2715,2740,23434,0.009208103130755152
2021-11-03,2750,2775,2655,2655,31545,-0.031021897810219023
2021-11-04,2660,2685,2470,2590,95764,-0.024482109227871973
2021-11-05,2590,2600,2420,2455,54448,-0.05212355212355213
2021-11-08,2430,2455,2355,2445,86605,-0.004073319755600768
2021-11-09,2445,2625,2445,2580,51293,0.05521472392638027
2021-11-10,2580,2720,2445,2460,46390,-0.046511627906976716
2021-11-11,2365,2440,2365,2365,30395,-0.03861788617886175
2021-11-12,2365,2415,2340,2380,39294,0.00634249471458781
2021-11-15,2400,2540,2395,2420,44796,0.01680672268907557
2021-11-16,2460,2565,2460,2565,49991,0.05991735537190079
2021-11-17,2565,2570,2450,2515,54784,-0.01949317738791423
2021-11-18,2515,2545,2425,2495,15822,-0.007952286282306154
2021-11-19,2495,2495,2410,2445,23850,-0.02004008016032066
2021-11-22,2460,2485,2420,2430,21329,-0.006134969325153339
2021-11-23,2430,2490,2415,2485,20227,0.02263374485596703
2021-11-24,2485,2485,2370,2410,45481,-0.030181086519114664
2021-11-25,2400,2400,2320,2320,57168,-0.03734439834024894
2021-11-26,2320,2320,2235,2235,39725,-0.03663793103448276
2021-11-29,2265,2620,2265,2305,303737,0.031319910514541416
2021-11-30,2305,2305,2110,2140,111698,-0.07158351409978303
2021-12-01,2140,2205,2035,2200,92554,0.028037383177569986
2021-12-02,2200,2350,2170,2280,68235,0.036363636363636376
2021-12-03,2350,2400,2280,2385,43896,0.046052631578947345
2021-12-06,2440,2440,2345,2380,33779,-0.002096436058700246
2021-12-07,2385,2420,2335,2335,19795,-0.018907563025210128
2021-12-08,2350,2460,2350,2385,36797,0.021413276231263323
2021-12-09,2390,2465,2370,2450,31489,0.027253668763102645
2021-12-10,2450,2480,2400,2450,23038,0.0
2021-12-13,2435,2495,2415,2450,34297,0.0
2021-12-14,2450,2470,2415,2470,21066,0.008163265306122547
2021-12-15,2470,2470,2385,2420,23354,-0.020242914979757054
2021-12-16,2420,2425,2385,2420,8975,0.0
2021-12-17,2410,2455,2385,2455,21894,0.01446280991735538
2021-12-20,2450,2550,2430,2440,39656,-0.006109979633401208
2021-12-21,2440,2440,2360,2425,17392,-0.006147540983606592
2021-12-22,2425,2440,2400,2435,19221,0.004123711340206171
2021-12-23,2435,2540,2435,2540,80667,0.04312114989733051
2021-12-24,2540,2555,2485,2505,26498,-0.013779527559055094
2021-12-27,2525,2605,2495,2595,41284,0.03592814371257491
2021-12-28,2595,2610,2500,2500,32763,-0.036608863198458574
2021-12-29,2480,2480,2410,2470,32635,-0.01200000000000001
2021-12-30,2470,2515,2445,2505,17289,0.014170040485830038
2022-01-03,2505,2560,2420,2465,33945,-0.015968063872255467
2022-01-04,2495,2690,2465,2635,118380,0.06896551724137923
2022-01-05,2625,2820,2560,2605,184780,-0.011385199240986688
2022-01-06,2605,2695,2550,2580,65030,-0.009596928982725572
2022-01-07,2560,2780,2555,2745,112661,0.06395348837209291
2022-01-10,2800,2845,2680,2800,146651,0.020036429872495543
2022-01-11,2760,2775,2665,2770,44383,-0.010714285714285676
2022-01-12,2740,2740,2630,2700,19793,-0.02527075812274371
2022-01-13,2705,2770,2680,2720,33723,0.007407407407407307
2022-01-14,2720,2720,2595,2600,41718,-0.044117647058823484
2022-01-17,2600,2600,2500,2500,85455,-0.038461538461538436
2022-01-18,2480,2485,2390,2390,30689,-0.04400000000000004
2022-01-19,2320,2380,2290,2305,23440,-0.03556485355648531
2022-01-20,2280,2950,2255,2530,312302,0.0976138828633406
2022-01-21,2580,2600,2530,2555,53710,0.009881422924901129
2022-01-24,2545,2550,2470,2470,11802,-0.0332681017612525
2022-01-25,2470,2470,2400,2400,22284,-0.028340080971659964
2022-01-26,2400,2440,2360,2390,24708,-0.004166666666666652
2022-01-27,2390,2405,2235,2290,25197,-0.04184100418410042
2022-01-28,2285,2350,2220,2255,23720,-0.015283842794759805
2022-02-03,2265,2325,2265,2300,16856,0.019955654101995624
2022-02-04,2305,2355,2305,2335,13535,0.01521739130434785
2022-02-07,2335,2990,2335,2590,1108741,0.10920770877944319
2022-02-08,2590,2675,2550,2550,110643,-0.015444015444015413
2022-02-09,2580,2630,2530,2590,90110,0.015686274509803866
2022-02-10,2590,2650,2575,2600,37385,0.0038610038610038533
2022-02-11,2600,2635,2565,2565,56021,-0.013461538461538414
2022-02-14,2555,2555,2385,2400,66461,-0.06432748538011701
2022-02-15,2390,2400,2270,2345,36129,-0.022916666666666696
2022-02-16,2340,2475,2340,2470,38875,0.05330490405117261
2022-02-17,2470,2570,2385,2520,98867,0.020242914979757165
2022-02-18,2515,2565,2415,2525,18617,0.001984126984126977
2022-02-21,2520,2525,2475,2500,10236,-0.00990099009900991
2022-02-22,2485,2485,2365,2365,62899,-0.05400000000000005
2022-02-23,2365,2495,2365,2470,71223,0.044397463002114224
2022-02-24,2480,2495,2365,2375,41801,-0.038461538461538436
2022-02-25,2375,2420,2350,2420,37419,0.0189473684210526
2022-02-28,2425,2460,2380,2390,24450,-0.012396694214875992
2022-03-02,2390,2500,2375,2485,71579,0.03974895397489542
2022-03-03,2530,2545,2460,2520,32953,0.014084507042253502
2022-03-04,2495,2520,2420,2445,25706,-0.029761904761904767
2022-03-07,2445,2445,2335,2370,23702,-0.030674846625766916
2022-03-08,2320,2395,2305,2370,29738,0.0
2022-03-10,2390,2465,2390,2440,30889,0.029535864978903037
2022-03-11,2440,2495,2400,2450,34797,0.004098360655737654
2022-03-14,2450,2580,2430,2565,54735,0.04693877551020398
2022-03-15,2540,2555,2500,2535,28005,-0.011695906432748537
2022-03-16,2540,2665,2540,2610,69173,0.029585798816567976
2022-03-17,2620,2655,2615,2630,26758,0.00766283524904221
2022-03-18,2640,2690,2605,2605,33165,-0.009505703422053258
2022-03-21,2605,2625,2575,2590,28988,-0.0057581573896353655
2022-03-22,2590,2685,2575,2680,31177,0.03474903474903468
2022-03-23,2670,2680,2645,2675,15176,-0.001865671641791078
2022-03-24,2635,2670,2600,2655,27124,-0.00747663551401867
2022-03-25,2655,2715,2625,2700,46792,0.016949152542372836
2022-03-28,2685,2725,2600,2645,52317,-0.020370370370370372
2022-03-29,2620,2645,2560,2590,45670,-0.020793950850661602
2022-03-30,2590,2690,2575,2605,17317,0.005791505791505891
2022-03-31,2630,2695,2615,2680,23969,0.028790786948176494
2022-04-01,2675,2830,2650,2790,109318,0.04104477611940305
2022-04-04,2875,3250,2835,3200,1189501,0.1469534050179211
2022-04-05,3205,3235,3130,3185,169502,-0.004687499999999956
2022-04-06,3200,3230,2955,3110,81329,-0.023547880690737877
2022-04-07,3110,3180,3055,3070,48551,-0.012861736334405127
2022-04-08,3055,3055,2930,2995,39370,-0.02442996742671011
2022-04-11,2995,3110,2965,3040,50227,0.015025041736226985
2022-04-12,3010,3315,3000,3220,238146,0.05921052631578938
2022-04-13,3220,3285,3110,3280,83647,0.01863354037267073
2022-04-14,3365,3400,3300,3395,121486,0.035060975609756184
2022-04-15,3400,3490,3370,3485,108607,0.026509572901325384
2022-04-18,3485,3495,3180,3200,100972,-0.0817790530846485
2022-04-19,3200,3325,3200,3325,46101,0.0390625
2022-04-20,3360,3485,3350,3430,45116,0.03157894736842115
2022-04-21,3485,3500,3430,3460,42523,0.008746355685131268
2022-04-22,3465,3465,3375,3400,51044,-0.017341040462427793
2022-04-25,3375,3375,3145,3145,45087,-0.07499999999999996
2022-04-26,3145,3145,3085,3100,38801,-0.014308426073131986
2022-04-27,3080,3080,2875,3075,44035,-0.008064516129032251
2022-04-28,3010,3040,2950,3020,29754,-0.01788617886178867
2022-04-29,3020,3190,3005,3145,71839,0.041390728476821126
2022-05-02,3160,3400,3145,3295,88783,0.04769475357710662
2022-05-03,3295,3450,3295,3390,42170,0.028831562974203306
2022-05-04,3390,3400,3355,3365,50951,-0.007374631268436627
2022-05-06,3360,3360,3025,3025,41111,-0.10104011887072806
2022-05-09,3025,3250,3010,3100,55401,0.024793388429751984
2022-05-10,3085,3085,2900,3050,38360,-0.016129032258064502
2022-05-11,3015,3070,2955,3070,20554,0.006557377049180246
2022-05-12,3100,3180,3070,3070,28602,0.0
2022-05-13,3040,3145,2960,3135,23276,0.021172638436482094
2022-05-16,3165,3370,2600,2800,166018,-0.10685805422647532
2022-05-17,2800,2900,2730,2900,81572,0.03571428571428581
2022-05-18,2895,2895,2685,2830,116173,-0.024137931034482807
2022-05-19,2830,2830,2705,2820,43359,-0.0035335689045936647
2022-05-20,2820,2870,2705,2860,71712,0.014184397163120588
2022-05-23,2855,2855,2750,2755,41272,-0.036713286713286664
2022-05-24,2755,2755,2600,2700,42817,-0.019963702359346636
2022-05-25,2685,2685,2575,2630,58525,-0.025925925925925908
2022-05-26,2625,2625,2460,2545,91633,-0.03231939163498099
2022-05-27,2545,2840,2545,2605,239422,0.023575638506876162
2022-05-30,2625,3385,2620,3100,3664688,0.1900191938579654
2022-05-31,3085,3180,2900,2900,656353,-0.06451612903225812
2022-06-02,3185,3750,3040,3330,4752082,0.14827586206896548
2022-06-03,3330,3330,3105,3110,457916,-0.06606606606606602
2022-06-07,3110,3130,2995,3010,226033,-0.032154340836012874
2022-06-08,3010,3010,2925,2985,113192,-0.00830564784053156
2022-06-09,2970,2970,2890,2915,90162,-0.02345058626465657
2022-06-10,2915,2915,2830,2850,90916,-0.022298456260720356
2022-06-13,2755,2785,2660,2670,121047,-0.06315789473684208
2022-06-14,2570,2640,2560,2580,106036,-0.0337078651685393
2022-06-15,2580,2595,2400,2495,189084,-0.032945736434108475
2022-06-16,2495,2600,2455,2500,98398,0.002004008016031955
2022-06-17,2440,2485,2365,2455,67945,-0.018000000000000016
2022-06-20,2440,2455,2255,2305,87055,-0.06109979633401219
2022-06-21,2305,2415,2250,2395,56099,0.0390455531453362
2022-06-22,2415,2445,2225,2315,108217,-0.03340292275574108
2022-06-23,2315,2315,2130,2130,99746,-0.07991360691144711
2022-06-24,2120,2265,2075,2265,64381,0.06338028169014076
2022-06-27,2285,2390,2280,2345,61727,0.03532008830022071
2022-06-28,2355,2410,2280,2380,55826,0.014925373134328401
2022-06-29,2375,2375,2290,2340,19882,-0.01680672268907568
2022-06-30,2340,2415,2250,2325,57330,-0.0064102564102563875
2022-07-01,2295,2390,2275,2300,55887,-0.010752688172043001
2022-07-04,2280,2300,2120,2150,70727,-0.06521739130434778
2022-07-05,2150,2270,2125,2270,48004,0.05581395348837215
2022-07-06,2290,2300,2235,2260,34246,-0.004405286343612369
2022-07-07,2275,2355,2270,2355,19970,0.042035398230088505
2022-07-08,2360,2395,2350,2370,39894,0.006369426751592355
2022-07-11,2370,2390,2290,2320,87888,-0.021097046413502074
2022-07-12,2335,2335,2175,2200,123190,-0.051724137931034475
2022-07-13,2190,2270,2135,2260,137222,0.027272727272727337
2022-07-14,2255,2255,2160,2185,102555,-0.0331858407079646
2022-07-15,2185,2195,2130,2130,26638,-0.02517162471395884
2022-07-18,2170,2265,2155,2235,34402,0.04929577464788726
2022-07-19,2255,2255,2185,2230,30537,-0.0022371364653244186
2022-07-20,2245,2305,2235,2295,23990,0.029147982062780242
2022-07-21,2295,2310,2255,2285,13627,-0.004357298474945481
2022-07-22,2285,2305,2235,2235,18718,-0.021881838074398252
2022-07-25,2225,2255,2210,2210,12808,-0.01118568232662187
2022-07-26,2210,2235,2200,2200,17464,-0.004524886877828038
2022-07-27,2200,2250,2175,2175,26332,-0.011363636363636354
2022-07-28,2200,2225,2190,2225,47716,0.02298850574712641
2022-07-29,2230,2355,2230,2275,51061,0.022471910112359605
2022-08-01,2280,2340,2275,2330,43878,0.02417582417582409
2022-08-02,2320,2345,2290,2335,28479,0.0021459227467810482
2022-08-03,2335,2345,2295,2330,16621,-0.0021413276231263545
2022-08-04,2330,2360,2310,2330,12429,0.0
2022-08-05,2335,2360,2305,2310,8988,-0.008583690987124415
2022-08-08,2310,2330,2275,2295,12360,-0.00649350649350644
2022-08-09,2295,2295,2270,2285,6599,-0.004357298474945481
2022-08-10,2285,2285,2235,2235,12432,-0.021881838074398252
2022-08-11,2240,2335,2240,2295,25858,0.02684563758389258
2022-08-12,2295,2355,2295,2325,24189,0.013071895424836555
2022-08-16,2325,2435,2310,2325,75953,0.0
2022-08-17,2395,2630,2345,2490,476404,0.07096774193548394
2022-08-18,2580,2790,2540,2770,579336,0.11244979919678721
2022-08-19,2770,2910,2535,2680,291025,-0.032490974729241895
2022-08-22,2680,2980,2680,2890,210779,0.07835820895522394
2022-08-23,2890,2890,2715,2785,49159,-0.03633217993079585
2022-08-24,2790,2870,2785,2855,45680,0.025134649910233398
2022-08-25,2895,2915,2855,2895,58703,0.014010507880910739
2022-08-26,2910,2970,2895,2935,38592,0.013816925734024155
2022-08-29,2930,2930,2755,2755,48667,-0.061328790459965976
2022-08-30,2755,2910,2730,2910,41286,0.056261343012704135
2022-08-31,3150,3150,2910,2995,95062,0.029209621993127044
2022-09-01,3150,3150,2885,2970,79229,-0.008347245409014992
2022-09-02,2970,3100,2955,3020,90519,0.01683501683501687
2022-09-05,3000,3125,2925,3125,94491,0.0347682119205297
2022-09-06,3125,3145,3010,3140,36498,0.0047999999999999154
2022-09-07,3155,3180,3000,3010,47298,-0.04140127388535031
2022-09-08,3010,3060,3005,3055,16851,0.014950166112956742
2022-09-13,3055,3175,3055,3175,56161,0.03927986906710301
2022-09-14,3175,3340,3010,3185,129153,0.0031496062992126816
2022-09-15,3185,3240,3130,3130,35168,-0.017268445839874413
2022-09-16,3130,3130,3035,3035,34100,-0.030351437699680517
2022-09-19,3035,3035,2980,3015,23622,-0.00658978583196046
2022-09-20,2980,3010,2940,2945,23172,-0.023217247097844118
2022-09-21,2945,2945,2885,2915,20950,-0.01018675721561968
2022-09-22,2915,2915,2655,2860,71008,-0.018867924528301883
2022-09-23,2860,2960,2830,2875,24476,0.005244755244755206
2022-09-26,2875,2875,2660,2745,44514,-0.045217391304347876
2022-09-27,2745,2775,2580,2670,34311,-0.02732240437158473
2022-09-28,2670,2695,2475,2620,43924,-0.01872659176029967
2022-09-29,2645,2700,2400,2425,66612,-0.07442748091603058
2022-09-30,2425,2600,2385,2590,56272,0.06804123711340204
2022-10-04,2595,3030,2595,2835,141954,0.09459459459459452
2022-10-05,2880,3030,2880,2990,62613,0.05467372134038806
2022-10-06,3020,3265,3000,3260,109129,0.09030100334448155
2022-10-07,3260,3300,3225,3290,49864,0.009202453987730008
2022-10-11,3270,3270,2940,2940,46006,-0.1063829787234043
2022-10-12,2900,3300,2895,3300,121649,0.12244897959183665
2022-10-13,3265,3355,2965,3025,53972,-0.08333333333333337
2022-10-14,3025,3090,2970,3035,22664,0.0033057851239668423
2022-10-17,3035,3270,3035,3270,25282,0.07742998352553543
2022-10-18,3305,3350,2975,3025,80573,-0.07492354740061158
2022-10-19,3025,3300,3025,3290,74139,0.08760330578512399
2022-10-20,3255,3330,3050,3050,55122,-0.07294832826747721
2022-10-21,3020,3110,2945,2945,43110,-0.03442622950819674
2022-10-24,2945,3155,2945,3155,64321,0.07130730050933787
2022-10-25,3160,3280,3155,3180,56879,0.007923930269413626
2022-10-26,3205,3300,3180,3220,49287,0.012578616352201255
2022-10-27,3220,3285,3020,3180,59174,-0.012422360248447228
2022-10-28,3180,3350,3075,3300,60213,0.037735849056603765
2022-10-31,3455,3600,3330,3600,190707,0.09090909090909083
2022-11-01,3600,3675,3440,3675,147701,0.02083333333333326
2022-11-02,3590,3700,3325,3700,116772,0.006802721088435382
2022-11-03,3640,3720,3460,3540,103080,-0.043243243243243246
2022-11-04,3470,3490,3150,3160,129992,-0.10734463276836159
2022-11-07,3195,3350,3195,3325,47010,0.05221518987341778
2022-11-08,3355,3540,3325,3355,58873,0.009022556390977376
2022-11-09,3355,3455,3335,3410,27580,0.016393442622950838
2022-11-10,3390,3390,3225,3275,39823,-0.03958944281524923
2022-11-11,3350,3600,3295,3400,43365,0.03816793893129766
2022-11-14,3400,3505,3380,3380,48390,-0.00588235294117645
2022-11-15,3330,3330,2800,2840,304325,-0.1597633136094675
2022-11-16,2840,2840,2680,2770,280888,-0.02464788732394363
2022-11-17,2760,2850,2730,2845,135027,0.02707581227436817
2022-11-18,2845,2885,2740,2765,124884,-0.02811950790861162
2022-11-21,2750,2765,2540,2670,200717,-0.03435804701627487
2022-11-22,2660,2750,2565,2710,112827,0.014981273408239737
2022-11-23,2715,2790,2710,2780,74862,0.02583025830258312
2022-11-24,2785,2825,2730,2730,94287,-0.017985611510791366
2022-11-25,2750,2835,2720,2830,75274,0.03663003663003672
2022-11-28,2830,2830,2715,2770,75734,-0.021201413427561877
2022-11-29,2745,2745,2665,2720,67365,-0.018050541516245522
2022-11-30,2820,2850,2695,2770,218344,0.018382352941176405
2022-12-01,2790,2840,2715,2785,138430,0.005415162454873723
2022-12-02,2760,2760,2705,2760,97363,-0.008976660682226245
2022-12-05,2750,2750,2690,2735,80631,-0.009057971014492794
2022-12-06,2735,2735,2675,2700,121704,-0.012797074954296161
2022-12-07,2665,2665,2590,2615,93139,-0.031481481481481444
2022-12-08,2590,2610,2555,2570,50546,-0.017208413001912004
2022-12-09,2555,2585,2505,2585,89634,0.005836575875486361
2022-12-12,2600,2665,2565,2610,85917,0.009671179883945946
2022-12-13,2590,2610,2570,2570,24507,-0.01532567049808431
2022-12-14,2570,2605,2560,2585,36745,0.005836575875486361
2022-12-15,2595,2650,2590,2620,28449,0.013539651837524147
2022-12-16,2605,2620,2555,2605,38371,-0.005725190839694694
2022-12-19,2565,2580,2520,2520,32229,-0.03262955854126681
2022-12-20,2520,2520,2415,2440,74624,-0.031746031746031744
2022-12-21,2440,2495,2415,2465,40925,0.010245901639344357
2022-12-22,2465,2530,2465,2500,19120,0.014198782961460488
2022-12-23,2500,2550,2440,2550,45170,0.020000000000000018
2022-12-26,2550,2550,2440,2460,66871,-0.03529411764705881
2022-12-27,2415,2515,2415,2515,43791,0.022357723577235866
2022-12-28,2510,2515,2455,2470,29772,-0.017892644135188873
2022-12-29,2465,2465,2315,2420,97606,-0.020242914979757054
2023-01-02,2395,2400,2310,2310,65141,-0.045454545454545414
2023-01-03,2250,2340,2165,2330,97834,0.008658008658008587
2023-01-04,2350,2380,2310,2345,15812,0.006437768240343367
2023-01-05,2355,2445,2355,2380,49122,0.014925373134328401
2023-01-06,2380,2535,2380,2420,26747,0.01680672268907557
2023-01-09,2445,2490,2375,2380,49431,-0.016528925619834656
2023-01-10,2390,2450,2335,2450,58112,0.02941176470588225
2023-01-11,2455,2535,2440,2500,60564,0.020408163265306145
2023-01-12,2505,2525,2440,2505,75776,0.0020000000000000018
2023-01-13,2505,2520,2435,2470,50546,-0.013972055888223589
2023-01-16,2470,2495,2440,2475,24718,0.002024291497975783
2023-01-17,2475,2485,2405,2410,40050,-0.02626262626262621
2023-01-18,2410,2470,2410,2450,27335,0.016597510373443924
2023-01-19,2450,2515,2420,2500,31747,0.020408163265306145
2023-01-20,2540,2540,2475,2490,14548,-0.0040000000000000036
2023-01-25,2490,2495,2415,2475,23443,-0.0060240963855421326
2023-01-26,2475,2555,2475,2555,69614,0.03232323232323231
2023-01-27,2555,2580,2515,2560,45481,0.001956947162426559
2023-01-30,2560,2560,2495,2495,21236,-0.025390625
2023-01-31,2495,2555,2490,2545,28945,0.02004008016032066
2023-02-01,2610,2625,2550,2580,110425,0.013752455795677854
2023-02-02,2590,2615,2580,2605,29557,0.009689922480620172
2023-02-03,2605,2605,2575,2590,17299,-0.0057581573896353655
2023-02-06,2590,2595,2535,2540,16080,-0.019305019305019266
2023-02-07,2540,2585,2535,2575,33160,0.013779527559055094
2023-02-08,2575,2630,2530,2585,34487,0.003883495145631022
2023-02-09,2585,2615,2585,2600,19612,0.005802707930367523
2023-02-10,2600,2620,2515,2520,79819,-0.03076923076923077
2023-02-13,2925,3130,2660,2700,2008730,0.0714285714285714
2023-02-14,2780,2785,2700,2700,198905,0.0
2023-02-15,2735,2735,2605,2675,137096,-0.0092592592592593
2023-02-16,2675,2685,2615,2655,62452,-0.00747663551401867
2023-02-17,2655,2710,2620,2710,49953,0.020715630885122405
2023-02-20,2710,2710,2605,2665,53551,-0.016605166051660514
2023-02-21,2665,2680,2615,2630,46628,-0.013133208255159512
2023-02-22,2630,2645,2575,2585,49437,-0.017110266159695797
2023-02-23,2580,2715,2575,2690,86000,0.04061895551257244
2023-02-24,2705,2735,2645,2655,73383,-0.013011152416356864
2023-02-27,2585,2680,2550,2680,47367,0.009416195856873921
2023-02-28,2655,2720,2650,2680,25013,0.0
2023-03-02,2715,2715,2655,2670,30984,-0.003731343283582045
2023-03-03,2680,2725,2665,2695,40273,0.009363295880149725
2023-03-06,2695,2710,2645,2660,24729,-0.012987012987012991
2023-03-07,2665,2675,2570,2640,38785,-0.007518796992481258
2023-03-08,2625,2635,2585,2595,12858,-0.017045454545454586
2023-03-09,2575,2600,2560,2595,20677,0.0
2023-03-10,2615,2615,2540,2585,24522,-0.003853564547206201
2023-03-13,2510,2555,2440,2525,32792,-0.023210831721469982
2023-03-14,2510,2510,2390,2425,60078,-0.03960396039603964
2023-03-15,2425,2510,2420,2470,32564,0.01855670103092777
2023-03-16,2490,2490,2420,2440,34821,-0.012145748987854255
2023-03-17,2440,2560,2435,2510,25473,0.028688524590164022
2023-03-20,2565,2570,2485,2560,18632,0.019920318725099584
2023-03-21,2560,2580,2505,2510,17481,-0.01953125
2023-03-22,2500,2525,2460,2480,22309,-0.01195219123505975
2023-03-23,2490,2490,2300,2430,27605,-0.020161290322580627
2023-03-24,2405,2480,2405,2475,24166,0.0185185185185186
2023-03-27,2475,2505,2430,2505,21959,0.0121212121212122
2023-03-28,2465,2560,2465,2545,23560,0.015968063872255467
2023-03-29,2570,2585,2530,2585,28412,0.015717092337917515
2023-03-30,2585,2670,2535,2650,24740,0.025145067698259194
2023-03-31,2670,2710,2645,2670,82137,0.007547169811320753
2023-04-03,2720,2805,2715,2795,185158,0.04681647940074907
2023-04-04,2805,2900,2790,2900,108073,0.0375670840787119
2023-04-05,2900,2985,2690,2945,100597,0.01551724137931032
2023-04-06,2945,2960,2855,2895,54883,-0.01697792869269954
2023-04-07,2895,2935,2810,2840,39590,-0.01899827288428324
2023-04-10,2855,2855,2700,2845,53968,0.0017605633802817433
2023-04-11,2845,2975,2845,2895,47313,0.017574692442882345
2023-04-12,2895,2945,2865,2940,35493,0.015544041450777257
2023-04-13,2940,2945,2735,2735,35287,-0.0697278911564626
2023-04-14,2805,2900,2800,2900,42443,0.06032906764168189
2023-04-17,2925,2990,2900,2985,66787,0.02931034482758621
2023-04-18,2995,3015,2770,2845,73397,-0.04690117252931325
2023-04-19,2870,2900,2845,2850,30506,0.0017574692442883233
2023-04-20,2850,2935,2670,2685,72391,-0.05789473684210522
2023-04-21,2670,2675,2485,2485,163419,-0.07448789571694603
2023-04-24,2485,2500,2425,2500,60993,0.006036217303822866
2023-04-25,2475,2510,2435,2485,71258,-0.006000000000000005
2023-04-26,2480,2695,2445,2655,105244,0.06841046277665996
2023-04-27,2615,2645,2530,2575,59942,-0.030131826741996215
2023-04-28,2610,2680,2600,2630,61188,0.021359223300970953
2023-05-02,2630,2800,2630,2675,153536,0.017110266159695797
2023-05-03,2695,2810,2695,2810,64494,0.05046728971962611
2023-05-04,2785,2785,2605,2780,38818,-0.010676156583629859
2023-05-08,2780,2820,2750,2810,45736,0.010791366906474753
2023-05-09,2810,2850,2740,2750,34715,-0.02135231316725983
2023-05-10,2750,2750,2635,2635,41898,-0.041818181818181865
2023-05-11,2640,2755,2640,2730,39163,0.036053130929791344
2023-05-12,2755,2755,2645,2645,24106,-0.031135531135531136
2023-05-15,2645,2645,2530,2540,54755,-0.03969754253308133
2023-05-16,2530,2655,2490,2615,108633,0.029527559055118058
2023-05-17,2615,2735,2615,2725,97632,0.042065009560229516
2023-05-18,2745,2805,2710,2805,72588,0.029357798165137616
2023-05-19,2805,2830,2750,2770,47306,-0.012477718360071277
2023-05-22,2795,2850,2745,2795,66837,0.00902527075812265
2023-05-23,2795,2880,2770,2770,29703,-0.008944543828264706
2023-05-24,2770,2770,2715,2725,27440,-0.016245487364620947
2023-05-25,2730,2870,2700,2735,39724,0.003669724770642091
2023-05-26,2735,2735,2615,2630,40303,-0.038391224862888484
2023-05-30,2650,2715,2645,2705,44981,0.028517110266159662
2023-05-31,2730,2735,2675,2705,39432,0.0
2023-06-01,2705,2705,2605,2645,61983,-0.02218114602587795
2023-06-02,2645,2650,2610,2630,44511,-0.005671077504725952
2023-06-05,2630,2685,2590,2670,103403,0.015209125475285079
2023-06-07,2670,2695,2630,2630,45311,-0.014981273408239737
2023-06-08,2630,2690,2620,2685,35414,0.02091254752851701
2023-06-09,2685,2715,2675,2710,34937,0.009310986964618184
2023-06-12,2705,2710,2650,2705,35275,-0.0018450184501844769
2023-06-13,2695,2695,2650,2655,33595,-0.01848428835489835
2023-06-14,2655,2655,2585,2585,38320,-0.026365348399246757
2023-06-15,2570,2595,2555,2565,43228,-0.007736943907156624
2023-06-16,2565,2600,2555,2595,25157,0.011695906432748648
2023-06-19,2595,2595,2545,2580,46351,-0.005780346820809301
2023-06-20,2555,2605,2545,2580,54202,0.0
2023-06-21,2570,2570,2525,2530,45723,-0.019379844961240345
2023-06-22,2505,2545,2500,2520,37912,-0.0039525691699604515
2023-06-23,2515,2535,2510,2535,17667,0.005952380952380931
2023-06-26,2510,2550,2505,2550,28434,0.00591715976331364
2023-06-27,2550,2620,2550,2575,31992,0.009803921568627416
2023-06-28,2575,2600,2550,2565,15728,-0.003883495145631022
2023-06-29,2565,2570,2520,2530,33029,-0.013645224171540016
2023-06-30,2510,2595,2505,2595,35900,0.025691699604743157
2023-07-03,2590,2635,2570,2635,104839,0.015414258188824581
2023-07-04,2635,2635,2560,2570,53414,-0.024667931688804545
2023-07-05,2570,2580,2525,2545,33360,-0.009727626459143934
2023-07-06,2540,2540,2470,2525,64797,-0.007858546168958758
2023-07-07,2490,2495,2465,2480,30787,-0.017821782178217838
2023-07-10,2475,2530,2465,2520,37142,0.016129032258064502
2023-07-11,2520,2535,2505,2530,12634,0.003968253968253954
2023-07-12,2535,2550,2520,2545,28141,0.005928853754940677
2023-07-13,2545,2590,2545,2575,21202,0.011787819253438192
2023-07-14,2575,2600,2550,2590,21250,0.005825242718446644
2023-07-17,2585,2585,2535,2575,18851,-0.00579150579150578
2023-07-18,2565,2575,2525,2535,39611,-0.01553398058252431
2023-07-19,2505,2560,2505,2550,30109,0.00591715976331364
2023-07-20,2530,2565,2510,2510,42646,-0.015686274509803977
2023-07-21,2535,2565,2495,2520,27596,0.003984063745019917
2023-07-24,2520,2520,2450,2520,24420,0.0
2023-07-25,2490,2490,2380,2420,65396,-0.03968253968253965
2023-07-26,2400,2400,2255,2290,55885,-0.05371900826446285
2023-07-27,2265,2465,2255,2450,55223,0.06986899563318771
2023-07-28,2435,2450,2370,2450,16477,0.0
2023-07-31,2450,2520,2440,2465,40247,0.00612244897959191
2023-08-01,2465,2545,2465,2515,29450,0.020283975659229236
2023-08-02,2515,2515,2435,2490,21866,-0.00994035785288272
2023-08-03,2450,2515,2400,2515,12323,0.010040160642570184
2023-08-04,2490,2505,2435,2490,13914,-0.00994035785288272
2023-08-07,2440,2470,2425,2440,12432,-0.02008032128514059
2023-08-08,2425,2505,2410,2500,19217,0.024590163934426146
2023-08-09,2500,2500,2440,2500,21258,0.0
2023-08-10,2505,2530,2475,2475,9478,-0.010000000000000009
2023-08-11,2475,2595,2470,2590,52572,0.04646464646464654
2023-08-14,2595,2610,2570,2595,39741,0.0019305019305020377
2023-08-16,2585,2585,2510,2520,54454,-0.028901734104046284
2023-08-17,2520,2560,2440,2535,118102,0.005952380952380931
2023-08-18,2510,2565,2460,2565,27568,0.01183431952662728
2023-08-21,2555,2585,2520,2580,55880,0.005847953216374213
2023-08-22,2590,2620,2565,2570,26018,-0.003875968992248069
2023-08-23,2570,2570,2485,2495,27843,-0.029182879377431914
2023-08-24,2495,2610,2495,2595,46754,0.04008016032064132
2023-08-25,2595,2620,2555,2570,32975,-0.009633911368015391
2023-08-28,2545,2645,2545,2620,67150,0.01945525291828787
2023-08-29,2620,2655,2580,2600,52386,-0.007633587786259555
2023-08-30,2600,2655,2580,2595,47750,-0.0019230769230769162
2023-08-31,2595,2635,2520,2540,59090,-0.021194605009633882
2023-09-01,2540,2675,2540,2650,98928,0.04330708661417315
2023-09-04,2650,2735,2650,2695,83190,0.016981132075471805
2023-09-05,2695,2765,2655,2730,88040,0.01298701298701288
2023-09-06,2730,2730,2645,2730,48116,0.0
2023-09-07,2730,2735,2665,2725,36015,-0.001831501831501825
2023-09-08,2700,2725,2665,2720,27466,-0.0018348623853210455
2023-09-11,2720,2740,2675,2720,17555,0.0
2023-09-12,2720,2750,2720,2720,21027,0.0
2023-09-13,2690,2715,2590,2590,25080,-0.047794117647058876
2023-09-14,2590,2695,2580,2695,31128,0.04054054054054057
2023-09-15,2700,2730,2700,2730,19809,0.01298701298701288
2023-09-18,2730,2775,2720,2775,25441,0.016483516483516425
2023-09-19,2760,2770,2670,2670,19372,-0.037837837837837784
2023-09-20,2670,2670,2615,2620,11636,-0.01872659176029967
2023-09-21,2620,2620,2580,2580,17624,-0.01526717557251911
2023-09-22,2545,2575,2470,2575,18405,-0.0019379844961240345
2023-09-25,2575,2575,2505,2540,23211,-0.013592233009708687
2023-09-26,2540,2540,2490,2515,32800,-0.009842519685039353
2023-09-27,2515,2565,2465,2565,28516,0.01988071570576544
2023-10-04,2565,2620,2470,2615,65544,0.01949317738791434
2023-10-05,2590,2615,2560,2580,30691,-0.013384321223709361
2023-10-06,2575,2580,2550,2550,24345,-0.011627906976744207
2023-10-10,2555,2555,2415,2475,39524,-0.02941176470588236
2023-10-11,2475,2550,2475,2535,36399,0.024242424242424176
2023-10-12,2545,2615,2540,2595,41432,0.023668639053254337
2023-10-13,2600,2600,2560,2600,36542,0.0019267822736031004
2023-10-16,2600,2600,2495,2530,20083,-0.02692307692307694
2023-10-17,2520,2530,2505,2505,14997,-0.00988142292490124
2023-10-18,2505,2535,2505,2520,14416,0.0059880239520957446
2023-10-19,2520,2600,2495,2600,18352,0.031746031746031855
2023-10-20,2560,2595,2490,2595,21233,-0.0019230769230769162
2023-10-23,2595,2600,2540,2600,24885,0.0019267822736031004
2023-10-24,2575,2700,2570,2700,31742,0.03846153846153855
2023-10-25,2680,2710,2660,2670,37286,-0.011111111111111072
2023-10-26,2645,2645,2585,2635,32011,-0.01310861423220977
2023-10-27,2625,2635,2535,2635,52879,0.0
2023-10-30,2630,2660,2600,2660,27695,0.009487666034155628
2023-10-31,2660,2790,2660,2760,59625,0.03759398496240607
2023-11-01,2760,2795,2650,2650,61266,-0.03985507246376807
2023-11-02,2650,2800,2650,2725,36096,0.028301886792452935
2023-11-03,2760,2805,2750,2805,39062,0.029357798165137616
2023-11-06,2805,2855,2805,2850,39815,0.016042780748663166
2023-11-07,2850,2850,2720,2745,36259,-0.0368421052631579
2023-11-08,2745,2745,2680,2680,25954,-0.023679417122040025
2023-11-09,2680,2720,2650,2720,34636,0.014925373134328401
2023-11-10,2695,2695,2550,2565,27410,-0.05698529411764708
2023-11-13,2565,2590,2520,2580,39143,0.005847953216374213
2023-11-14,2565,2730,2555,2675,45143,0.036821705426356655
2023-11-15,2675,2675,2450,2450,208471,-0.08411214953271029
2023-11-16,2445,2450,2315,2350,217816,-0.04081632653061229
2023-11-17,2355,2375,2280,2305,111091,-0.019148936170212738
2023-11-20,2305,2350,2305,2350,62954,0.01952277657266821
2023-11-21,2350,2350,2310,2330,77130,-0.008510638297872353
2023-11-22,2325,2355,2315,2345,39379,0.006437768240343367
2023-11-23,2345,2400,2345,2380,34180,0.014925373134328401
2023-11-24,2390,2415,2360,2380,46142,0.0
2023-11-27,2380,2420,2360,2420,50214,0.01680672268907557
2023-11-28,2420,2420,2375,2385,38367,-0.01446280991735538
2023-11-29,2385,2400,2330,2390,50660,0.002096436058700135
2023-11-30,2390,2405,2355,2385,59799,-0.0020920502092049986
2023-12-01,2365,2370,2330,2330,78644,-0.023060796645702264
2023-12-04,2325,2325,2255,2255,109593,-0.03218884120171672
2023-12-05,2255,2255,2215,2215,57399,-0.0177383592017738
2023-12-06,2215,2245,2200,2245,54577,0.013544018058690765
2023-12-07,2240,2270,2230,2250,52206,0.00222717149220486
2023-12-08,2250,2280,2220,2270,33307,0.008888888888888946
2023-12-11,2270,2290,2250,2260,34341,-0.004405286343612369
2023-12-12,2260,2290,2235,2290,36970,0.01327433628318575
2023-12-13,2275,2290,2260,2270,25438,-0.008733624454148492
2023-12-14,2265,2305,2260,2295,49547,0.011013215859030812
2023-12-15,2290,2290,2225,2245,88511,-0.02178649237472763
2023-12-18,2245,2280,2240,2260,20180,0.006681514476614803
2023-12-19,2260,2395,2255,2295,39959,0.015486725663716783
2023-12-20,2295,2365,2280,2360,59141,0.028322440087146017
2023-12-21,2350,2355,2285,2300,95597,-0.025423728813559365
2023-12-22,2300,2340,2275,2305,51198,0.0021739130434783593
2023-12-26,2305,2305,2280,2305,55274,0.0
2023-12-27,2250,2275,2140,2180,118450,-0.05422993492407813
2023-12-28,2175,2220,2155,2210,49386,0.013761467889908285
2024-01-02,2185,2200,2140,2180,91188,-0.013574660633484115
2024-01-03,2180,2205,2140,2170,54902,-0.004587155963302725
2024-01-04,2170,2190,2145,2170,47655,0.0
2024-01-05,2170,2220,2135,2165,97372,-0.0023041474654378336
2024-01-08,2165,2190,2140,2165,41568,0.0
2024-01-09,2165,2190,2165,2175,16203,0.004618937644341736
2024-01-10,2175,2175,2150,2150,27785,-0.011494252873563204
2024-01-11,2150,2165,2145,2165,17982,0.006976744186046435
2024-01-12,2165,2165,2135,2145,28243,-0.009237875288683584
2024-01-15,2130,2155,2100,2150,43546,0.002331002331002363
2024-01-16,2150,2150,2115,2150,24256,0.0
2024-01-17,2150,2150,2090,2090,24939,-0.027906976744186074
2024-01-18,2075,2120,2065,2065,24213,-0.011961722488038284
2024-01-19,2065,2150,2050,2150,43984,0.041162227602905554
2024-01-22,2140,2175,2090,2090,21900,-0.027906976744186074
2024-01-23,2090,2145,2075,2120,41796,0.014354066985645897
2024-01-24,2120,2160,2100,2160,27967,0.018867924528301883
2024-01-25,2160,2195,2115,2130,22783,-0.01388888888888884
2024-01-26,2130,2150,2095,2150,55141,0.009389671361502261
2024-01-29,2150,2150,2090,2100,39101,-0.023255813953488413
2024-01-30,2090,2090,2035,2070,50992,-0.014285714285714235
2024-01-31,2055,2070,2030,2040,50646,-0.01449275362318836
2024-02-01,2020,2075,1910,2075,91128,0.017156862745097978
2024-02-02,2070,2105,2010,2100,32773,0.012048192771084265
2024-02-05,2090,2115,2055,2115,20624,0.0071428571428571175
2024-02-06,2080,2105,2050,2090,13289,-0.011820330969267157
2024-02-07,2090,2120,2070,2110,16824,0.009569377990430672
2024-02-08,2110,2130,2100,2130,13509,0.009478672985782088
2024-02-13,2130,2150,2095,2130,17021,0.0
2024-02-14,2125,2135,2100,2110,8848,-0.009389671361502372
2024-02-15,2110,2140,2080,2120,20673,0.004739336492890933
2024-02-16,2120,2175,2095,2160,14361,0.018867924528301883
2024-02-19,2145,2150,2125,2140,4832,-0.0092592592592593
2024-02-20,2140,2160,2120,2160,9575,0.009345794392523255
2024-02-21,2160,2160,2105,2145,10081,-0.00694444444444442
2024-02-22,2145,2185,2135,2155,15918,0.004662004662004726
2024-02-23,2155,2155,2070,2100,26706,-0.025522041763341052
2024-02-26,2105,2125,2050,2125,16819,0.011904761904761862
2024-02-27,2125,2125,2090,2125,7259,0.0
2024-02-28,2105,2125,2095,2125,6463,0.0
2024-02-29,2125,2135,2100,2125,9036,0.0
2024-03-04,2105,2140,2100,2140,14505,0.007058823529411784
2024-03-05,2140,2140,2085,2110,17246,-0.014018691588784993
2024-03-06,2110,2135,2055,2075,20894,-0.016587677725118488
2024-03-07,2020,2075,2020,2070,9572,-0.002409638554216831
2024-03-08,2070,2085,2040,2075,14871,0.0024154589371980784
2024-03-11,2075,2170,2060,2090,8614,0.0072289156626506035
2024-03-12,2090,2090,2005,2045,34518,-0.021531100478468845
2024-03-13,2045,2045,1999,2015,19091,-0.014669926650366705
2024-03-14,1999,2015,1994,1996,8125,-0.009429280397022288
2024-03-15,1996,2055,1988,2025,13423,0.014529058116232507
2024-03-18,2005,2025,1995,1995,5876,-0.014814814814814836
2024-03-19,1995,2110,1995,2075,11218,0.040100250626566414
2024-03-20,2070,2070,1991,2035,18913,-0.01927710843373498
2024-03-21,2055,2120,2040,2050,26661,0.0073710073710073765
2024-03-22,2050,2150,2050,2145,49910,0.04634146341463419
2024-03-25,2175,2175,2115,2125,26825,-0.009324009324009341
2024-03-26,2105,2150,2085,2085,22430,-0.018823529411764683
2024-03-27,2085,2150,2085,2090,15145,0.0023980815347721673
2024-03-28,2090,2120,2090,2100,9867,0.004784688995215225
2024-03-29,2120,2150,2105,2130,16181,0.014285714285714235
2024-04-01,2125,2170,2100,2145,62574,0.007042253521126751
2024-04-02,2145,2225,2145,2190,81407,0.020979020979021046
2024-04-03,2180,2190,2135,2160,25716,-0.013698630136986356
2024-04-04,2145,2185,2145,2165,16914,0.0023148148148148806
2024-04-05,2165,2170,2115,2160,17511,-0.002309468822170868
2024-04-08,2145,2220,2145,2215,28064,0.02546296296296302
2024-04-09,2245,2245,2175,2200,33048,-0.006772009029345383
2024-04-11,2200,2210,2040,2145,36009,-0.025000000000000022
2024-04-12,2135,2175,2110,2140,15896,-0.002331002331002363
2024-04-15,2140,2165,2080,2080,42674,-0.028037383177570097
2024-04-16,2080,2240,2080,2160,40449,0.03846153846153855
2024-04-17,2160,2175,2120,2120,20482,-0.01851851851851849
2024-04-18,2120,2160,2075,2160,23552,0.018867924528301883
2024-04-19,2160,2195,2080,2100,31922,-0.02777777777777779
2024-04-22,2100,2145,2075,2145,25858,0.021428571428571352
2024-04-23,2135,2145,2115,2125,22103,-0.009324009324009341
2024-04-24,2125,2145,2075,2140,14254,0.007058823529411784
2024-04-25,2140,2155,2125,2140,14178,0.0
2024-04-26,2140,2140,2080,2130,23310,-0.004672897196261627
2024-04-29,2130,2145,2090,2100,37550,-0.014084507042253502
2024-04-30,2120,2140,2100,2130,22628,0.014285714285714235
2024-05-02,2130,2195,2130,2150,40532,0.009389671361502261
2024-05-03,2150,2165,2140,2150,14564,0.0
2024-05-07,2150,2190,2150,2155,40717,0.0023255813953488857
2024-05-08,2155,2180,2155,2175,7755,0.009280742459396807
2024-05-09,2175,2205,2175,2190,13579,0.006896551724137945
2024-05-10,2170,2230,2170,2230,19260,0.0182648401826484
2024-05-13,2210,2250,2180,2180,18907,-0.022421524663677084
2024-05-14,2180,2225,2160,2220,16764,0.0183486238532109
2024-05-16,2205,2205,2160,2160,21439,-0.027027027027026973
2024-05-17,2160,2160,2100,2140,53205,-0.0092592592592593
2024-05-20,2135,2135,2080,2115,30905,-0.011682242990654235
2024-05-21,2110,2115,2050,2115,35078,0.0
2024-05-22,2075,2150,2045,2150,21617,0.016548463356973908
2024-05-23,2120,2150,2090,2090,35187,-0.027906976744186074
2024-05-24,2080,2080,2040,2060,27667,-0.014354066985645897
2024-05-27,2025,2060,2010,2055,29547,-0.0024271844660194164
2024-05-28,2055,2105,2030,2105,22104,0.024330900243308973
2024-05-29,2105,2115,2025,2050,29830,-0.026128266033254133
2024-05-30,2045,2045,1994,2030,35735,-0.009756097560975618
2024-05-31,2010,2025,1936,1970,28820,-0.029556650246305383
2024-06-03,1970,1970,1935,1965,65315,-0.0025380710659898
2024-06-04,1965,1976,1950,1967,30972,0.0010178117048345037
2024-06-05,1967,2010,1949,2010,27217,0.02186070157600417
2024-06-07,1990,2005,1967,2005,12261,-0.0024875621890547706
2024-06-10,1999,2005,1941,1973,54662,-0.015960099750623402
2024-06-11,1972,2050,1934,1946,42895,-0.013684744044602182
2024-06-12,1946,1995,1922,1961,39445,0.00770811921891057
2024-06-13,1961,1978,1956,1962,5370,0.0005099439061704292
2024-06-14,1962,2015,1950,1986,16021,0.012232415902140747
2024-06-17,1966,1986,1940,1944,40436,-0.02114803625377648
2024-06-18,1944,1955,1919,1925,30888,-0.009773662551440299
2024-06-19,1924,1933,1892,1905,13387,-0.010389610389610393
2024-06-20,1906,1933,1868,1897,53459,-0.004199475065616798
2024-06-21,1889,1893,1873,1879,9359,-0.009488666315234595
2024-06-24,1864,1897,1864,1887,20715,0.004257583821181576
2024-06-25,1879,1887,1850,1865,46434,-0.011658717541070507
2024-06-26,1858,1883,1852,1883,12136,0.00965147453083115
2024-06-27,1883,1975,1839,1975,71715,0.04885820499203408
2024-06-28,1932,2025,1920,2025,37669,0.025316455696202445
2024-07-01,2015,2055,1968,2040,37537,0.007407407407407307
2024-07-02,2040,2040,1951,1996,34973,-0.021568627450980427
2024-07-03,1977,1996,1931,1996,48332,0.0
2024-07-04,1993,1996,1977,1996,2438,0.0
2024-07-05,1995,2005,1961,1992,65155,-0.002004008016032066
2024-07-08,1992,1992,1946,1985,24581,-0.003514056224899642
2024-07-09,1985,1985,1919,1963,52181,-0.011083123425692731
2024-07-10,1959,1973,1925,1961,60086,-0.0010188487009679115
2024-07-11,1961,1999,1956,1994,16343,0.01682814890362061
2024-07-12,1980,2000,1942,1991,22832,-0.0015045135406218657
2024-07-15,2030,2030,1965,1983,3004,-0.004018081366147674
2024-07-16,1983,1994,1958,1981,28877,-0.0010085728693898233
2024-07-17,1970,2000,1967,1988,14909,0.0035335689045936647
2024-07-18,1988,1991,1967,1975,7031,-0.006539235412474809
2024-07-19,1975,1976,1931,1933,27901,-0.02126582278481015
2024-07-22,1914,1933,1880,1929,60521,-0.0020693222969477842
2024-07-23,1929,1934,1908,1927,8006,-0.0010368066355624928
2024-07-24,1907,1928,1907,1908,1244,-0.009859885832900872
2024-07-25,1863,1907,1863,1902,17104,-0.0031446540880503138
2024-07-26,1902,2000,1888,2000,14076,0.05152471083070442
2024-07-29,1986,2000,1950,1997,5840,-0.0014999999999999458
2024-07-30,1996,2000,1974,2000,14561,0.001502253380070151
2024-07-31,1982,1997,1949,1966,14906,-0.017000000000000015
2024-08-01,1966,1989,1924,1925,14450,-0.02085452695829093
2024-08-02,1925,2385,1920,2140,1507564,0.11168831168831161
2024-08-05,2120,2120,1839,1875,192892,-0.12383177570093462
2024-08-06,1874,1999,1760,1912,98616,0.01973333333333338
2024-08-07,1907,1979,1820,1972,51469,0.03138075313807542
2024-08-08,1952,2025,1913,1996,40830,0.012170385395537497
2024-08-09,2000,2125,2000,2090,53467,0.0470941883767535
2024-08-12,2090,2250,2090,2230,135040,0.06698564593301426
2024-08-13,2230,2285,2190,2205,70196,-0.011210762331838597
2024-08-14,2270,2270,2130,2130,23203,-0.03401360544217691
2024-08-16,2130,2360,2130,2355,204607,0.10563380281690149
2024-08-19,2335,2480,2250,2460,136124,0.04458598726114649
2024-08-20,2400,2485,2370,2390,57559,-0.028455284552845517
2024-08-21,2385,2985,2375,2905,827833,0.21548117154811708
2024-08-22,2930,3275,2925,3150,1418025,0.0843373493975903
2024-08-23,3090,3395,3010,3310,467706,0.050793650793650835
2024-08-26,3270,3275,2995,3250,295794,-0.01812688821752262
2024-08-27,3260,3540,3255,3460,272918,0.06461538461538452
2024-08-28,3360,3510,3025,3305,273325,-0.044797687861271696
2024-08-29,3305,3305,3055,3115,91632,-0.05748865355521937
2024-08-30,3080,3215,2945,2950,134570,-0.052969502407704705
2024-09-02,2905,3195,2905,3160,148163,0.07118644067796609
2024-09-03,3110,3110,2940,2975,93458,-0.05854430379746833
2024-09-04,2930,3090,2930,3090,60133,0.038655462184874034
2024-09-05,3060,3075,2920,2930,55588,-0.05177993527508096
2024-09-06,2900,3095,2780,3000,54559,0.023890784982935065
2024-09-09,2995,3120,2880,3050,79972,0.016666666666666607
2024-09-10,3020,3150,2775,2820,130045,-0.07540983606557372
2024-09-11,2795,2890,2795,2880,29380,0.02127659574468077
2024-09-12,2880,2880,2720,2760,67132,-0.04166666666666663
2024-09-13,2750,2940,2750,2890,40100,0.047101449275362306
2024-09-19,2880,3095,2880,2915,51719,0.00865051903114189
2024-09-20,2915,3130,2895,3050,40017,0.046312178387650116
2024-09-23,2965,3100,2870,3010,66937,-0.013114754098360604
2024-09-24,3010,3135,2940,3030,36697,0.006644518272425293
2024-09-25,3000,3100,2850,3030,100827,0.0
2024-09-26,3030,3150,2950,3025,81100,-0.0016501650165016146
2024-09-27,3025,3125,2970,3000,93211,-0.008264462809917328
2024-09-30,2940,3055,2875,2980,41966,-0.00666666666666671
2024-10-02,2980,3215,2975,3130,369880,0.05033557046979875
2024-10-04,3115,3400,3115,3330,212509,0.0638977635782747
2024-10-07,3360,3650,3260,3325,141584,-0.0015015015015015232
2024-10-08,3335,3390,2990,3135,163254,-0.05714285714285716
2024-10-10,3175,3330,3100,3225,82752,0.028708133971291794
2024-10-11,3195,3240,3015,3140,101737,-0.02635658914728678
2024-10-14,3145,3235,3055,3150,64838,0.0031847133757962887
2024-10-15,3150,3275,3030,3160,148196,0.0031746031746031633
2024-10-16,3160,3230,3115,3170,83700,0.0031645569620253333
2024-10-17,3170,3435,3170,3415,109095,0.07728706624605675
2024-10-18,3415,3605,3340,3455,122038,0.01171303074670571
2024-10-21,3460,3475,3170,3230,76022,-0.06512301013024602
2024-10-22,3200,3230,3025,3065,37907,-0.051083591331269385
2024-10-23,3065,3105,2840,2950,67409,-0.037520391517128826
2024-10-24,2950,2960,2870,2945,28048,-0.0016949152542372614
2024-10-25,2870,2935,2790,2835,54868,-0.0373514431239389
2024-10-28,2890,3035,2820,2980,50179,0.051146384479717755
2024-10-29,3000,3225,3000,3100,88369,0.04026845637583887
2024-10-30,3100,3185,3000,3115,67573,0.004838709677419395
2024-10-31,3115,3165,3020,3100,77690,-0.0048154093097912964
2024-11-01,3050,3050,2770,2785,72394,-0.1016129032258064
2024-11-04,2800,3065,2785,3000,63305,0.07719928186714542
2024-11-05,2760,3200,2760,3055,197785,0.018333333333333313
2024-11-06,3070,3115,3020,3055,56674,0.0
2024-11-07,3055,3200,3055,3120,25647,0.02127659574468077
2024-11-08,3080,3270,3080,3220,57024,0.03205128205128216
2024-11-11,3190,3280,3025,3025,66683,-0.060559006211180155
2024-11-12,3025,3080,2830,2845,41698,-0.05950413223140494
2024-11-13,2845,2910,2790,2795,19578,-0.017574692442882234
2024-11-14,2795,2795,2675,2715,15374,-0.028622540250447193
2024-11-15,2715,2815,2455,2815,91166,0.036832412523020164
2024-11-18,2795,2990,2665,2665,52691,-0.05328596802841923
2024-11-19,2770,2770,2550,2590,20974,-0.02814258911819889
2024-11-20,2590,2680,2440,2650,61190,0.02316602316602312
2024-11-21,2640,2755,2590,2650,50350,0.0
2024-11-22,2585,2720,2545,2715,39609,0.02452830188679256
2024-11-25,2690,2770,2600,2745,29657,0.011049723756906049
2024-11-26,2740,2770,2685,2705,7523,-0.014571948998178486
2024-11-27,2660,2770,2655,2750,33387,0.01663585951940849
2024-11-28,2750,2755,2700,2735,19141,-0.00545454545454549
2024-11-29,2755,2785,2710,2735,22216,0.0
2024-12-02,2705,2705,2595,2665,15548,-0.025594149908592323
2024-12-03,2610,2675,2490,2675,29787,0.0037523452157599557
2024-12-04,2625,2730,2550,2685,12734,0.0037383177570093906
2024-12-05,2670,2690,2455,2685,45978,0.0
2024-12-06,2595,2650,2590,2645,5150,-0.014897579143389184
2024-12-09,2625,2660,2405,2645,52796,0.0
2024-12-10,2680,2775,2570,2760,24602,0.04347826086956519
2024-12-11,2735,2810,2690,2810,35970,0.018115942028985588
2024-12-12,2785,2890,2750,2790,39158,-0.007117437722419906
2024-12-13,2785,2910,2675,2745,62062,-0.016129032258064502
2024-12-16,2815,2815,2425,2735,133293,-0.0036429872495445936
2024-12-17,2730,2795,2595,2780,8715,0.01645338208409508
2024-12-18,2770,2815,2685,2800,45476,0.007194244604316502
2024-12-19,2745,2800,2710,2800,9280,0.0
2024-12-20,2770,2805,2735,2785,2515,-0.005357142857142838
2024-12-23,2800,2810,2745,2780,21713,-0.0017953321364452268
2024-12-24,2800,2835,2740,2815,8195,0.012589928057553879
2024-12-26,2815,2930,2815,2900,44804,0.030195381882770933
2024-12-27,2900,2930,2860,2880,9608,-0.006896551724137945
2024-12-30,2890,2970,2650,2900,54194,0.00694444444444442
2025-01-02,2890,2980,2740,2900,44224,0.0
2025-01-03,2900,2900,2785,2880,9367,-0.006896551724137945
2025-01-06,2880,2880,2770,2810,13286,-0.02430555555555558
2025-01-07,2810,2875,2760,2875,8316,0.02313167259786475
2025-01-08,2875,2890,2835,2890,7080,0.00521739130434784
2025-01-09,2890,2890,2695,2795,52809,-0.03287197231833905
2025-01-10,2780,2800,2685,2685,21639,-0.03935599284436497
2025-01-13,2685,2705,2645,2650,9160,-0.013035381750465591
2025-01-14,2650,2770,2610,2760,19384,0.04150943396226414
2025-01-15,2765,2765,2650,2650,2643,-0.03985507246376807
2025-01-16,2650,2655,2575,2650,7303,0.0
2025-01-17,2655,2700,2630,2690,6680,0.015094339622641506
2025-01-20,2690,2690,2660,2690,3816,0.0
2025-01-21,2690,2700,2625,2700,11387,0.0037174721189590088
2025-01-22,2700,2705,2640,2700,10650,0.0
2025-01-23,2685,2725,2630,2725,8496,0.0092592592592593
2025-01-24,2720,2720,2600,2615,7322,-0.04036697247706422
2025-01-31,2645,2660,2415,2650,42961,0.013384321223709472
2025-02-03,2625,2875,2525,2785,65240,0.050943396226415194
2025-02-04,2785,2830,2670,2810,37618,0.008976660682226134
2025-02-05,2800,2890,2725,2890,40121,0.028469750889679624
2025-02-06,2860,2900,2765,2900,30129,0.0034602076124568004
2025-02-07,2900,2985,2845,2985,51706,0.02931034482758621
2025-02-10,2980,3005,2915,2970,48402,-0.005025125628140725
2025-02-11,2970,2970,2900,2900,1519,-0.023569023569023573
2025-02-12,2875,2900,2715,2885,23821,-0.005172413793103403
2025-02-13,2860,2990,2810,2955,18862,0.024263431542461023
2025-02-14,2950,2970,2850,2960,19936,0.0016920473773265332
2025-02-17,2955,2975,2885,2965,8444,0.0016891891891892552
2025-02-18,2960,2965,2800,2845,46702,-0.0404721753794266
2025-02-19,2810,2870,2720,2845,50179,0.0
2025-02-20,2845,2845,2705,2730,32376,-0.040421792618629215
2025-02-21,2730,2750,2600,2750,60678,0.0073260073260073
2025-02-24,2700,2755,2660,2745,30874,-0.0018181818181818299
2025-02-25,2745,2750,2575,2640,48979,-0.03825136612021862
2025-02-26,2640,2650,2590,2615,19980,-0.009469696969697017
2025-02-27,2615,2620,2565,2615,9253,0.0
2025-02-28,2610,2620,2590,2610,8183,-0.0019120458891013214
2025-03-04,2605,2620,2580,2580,22432,-0.011494252873563204
2025-03-05,2575,2595,2560,2580,10561,0.0
2025-03-06,2580,2580,2500,2575,13238,-0.0019379844961240345
2025-03-07,2565,2580,2450,2570,59007,-0.001941747572815511
2025-03-10,2570,2570,2480,2560,21503,-0.0038910505836575737
2025-03-11,2535,2550,2340,2525,75694,-0.013671875
2025-03-12,2520,2555,2470,2530,27892,0.001980198019801982
2025-03-13,2530,2530,2335,2405,59874,-0.04940711462450598
2025-03-14,2400,2500,2285,2420,61232,0.006237006237006293
2025-03-17,2420,2450,2330,2445,8541,0.010330578512396604
2025-03-18,2415,2480,2310,2480,30512,0.014314928425357865
2025-03-19,2480,2510,2430,2490,14517,0.0040322580645162365
2025-03-20,2485,2500,2450,2500,6052,0.004016064257028162
2025-03-21,2510,2510,2355,2355,27667,-0.05800000000000005
2025-03-24,2355,2400,2300,2300,55631,-0.023354564755838636
2025-03-25,2300,2385,2260,2330,17812,0.01304347826086949
2025-03-26,2365,2365,2230,2335,41809,0.0021459227467810482
2025-03-27,2400,2400,2200,2270,50777,-0.027837259100642386
2025-03-28,2305,2305,2135,2255,84782,-0.0066079295154185536
2025-03-31,2255,2255,2095,2150,72181,-0.04656319290465627
2025-04-01,2130,2240,2110,2215,24017,0.03023255813953485
2025-04-02,2245,2305,2185,2210,6190,-0.0022573363431150906
2025-04-03,2235,2235,2165,2180,7744,-0.013574660633484115
2025-04-04,2270,2270,2070,2090,13832,-0.041284403669724745
2025-04-07,2060,2175,2060,2125,32478,0.01674641148325362
2025-04-08,2125,2215,2125,2150,12127,0.0117647058823529
2025-04-09,2150,2205,2115,2200,5230,0.023255813953488413
2025-04-10,2290,2290,2175,2180,10094,-0.009090909090909038
2025-04-11,2190,2220,2105,2185,11621,0.002293577981651307
2025-04-14,2185,2235,2180,2210,10525,0.011441647597254079
2025-04-15,2210,2255,2120,2225,31654,0.006787330316742057
2025-04-16,2225,2225,2125,2155,41271,-0.03146067415730336
2025-04-17,2165,2205,2165,2195,2841,0.018561484918793614
2025-04-18,2210,2260,2170,2250,26018,0.02505694760820054
2025-04-21,2260,2280,2210,2230,34392,-0.008888888888888835
2025-04-22,2230,2305,2180,2280,20896,0.022421524663677195
2025-04-23,2300,2305,2235,2305,22621,0.010964912280701844
2025-04-24,2305,2305,2245,2280,85218,-0.010845986984815648
2025-04-25,2300,2370,2255,2275,56399,-0.002192982456140302
2025-04-28,2295,2300,2185,2185,29917,-0.03956043956043953
2025-04-29,2205,2295,2140,2260,154558,0.034324942791762014
2025-04-30,2265,2265,2200,2245,17559,-0.006637168141592875
2025-05-02,2235,2245,2195,2220,3851,-0.011135857461024523
2025-05-07,2235,2235,2165,2185,7815,-0.015765765765765716
2025-05-08,2185,2205,2150,2150,12328,-0.016018306636155555
2025-05-09,2180,2180,2100,2170,28412,0.009302325581395321
2025-05-12,2175,2220,2150,2155,11720,-0.00691244239631339
2025-05-13,2180,2220,2140,2140,27237,-0.00696055684454755
2025-05-14,2160,2165,2100,2160,58373,0.009345794392523255
2025-05-15,2170,2175,2135,2175,4384,0.00694444444444442
2025-05-16,2175,2215,2120,2215,36349,0.01839080459770126
2025-05-19,2310,2540,2125,2145,75134,-0.03160270880361171
2025-05-20,2165,2225,2165,2205,7283,0.027972027972027913
2025-05-21,2205,2300,2185,2250,15755,0.020408163265306145
2025-05-22,2250,2340,2245,2300,33952,0.022222222222222143
2025-05-23,2300,2305,2250,2285,5743,-0.006521739130434745
2025-05-26,2285,2285,2225,2280,11297,-0.002188183807439792
2025-05-27,2280,2285,2220,2255,9890,-0.010964912280701733
2025-05-28,2290,2300,2250,2295,8128,0.017738359201773912
2025-05-29,2285,2325,2285,2320,5048,0.01089324618736387
2025-05-30,2320,2320,2250,2305,5361,-0.006465517241379337
2025-06-02,2305,2340,2250,2335,13119,0.013015184381778733
2025-06-04,2335,2335,2240,2290,14977,-0.01927194860813708
2025-06-05,2285,2285,2200,2205,60285,-0.037117903930131035
2025-06-09,2220,2280,2215,2265,30631,0.027210884353741527
2025-06-10,2290,2305,2230,2295,21517,0.013245033112582849
2025-06-11,2290,2300,2235,2280,60436,-0.006535947712418277
2025-06-12,2275,2290,2185,2275,55046,-0.002192982456140302
2025-06-13,2275,2295,2215,2295,20556,0.00879120879120876
2025-06-16,2295,2315,2265,2295,7896,0.0
2025-06-17,2295,2295,2265,2290,9183,-0.002178649237472796
2025-06-18,2290,2290,2270,2285,6519,-0.0021834061135370675
2025-06-19,2265,2280,2232,2280,11243,-0.002188183807439792
2025-06-20,2270,2305,2200,2295,10646,0.006578947368421018
2025-06-23,2270,2280,2205,2270,25801,-0.01089324618736387
2025-06-24,2270,2300,2260,2290,8129,0.008810572687224738
2025-06-25,2280,2280,2220,2255,25729,-0.015283842794759805
2025-06-26,2255,2255,2195,2225,14454,-0.013303769401330379
2025-06-27,2220,2590,2190,2400,413062,0.0786516853932584
2025-06-30,2395,2530,2350,2500,74208,0.04166666666666674
