종목코드,날짜,기간수익률,표준편차,Y1,그룹,성과
000040,2017-12-31,0.12410547309639058,0.030065129347298443,-0.7561189462377097,G1,3.4296048662096443
000050,2017-12-31,-0.20079579441420098,0.020651653872779112,0.0701667125262876,G4,-10.739563763956692
000070,2017-12-31,-0.33967039415121425,0.028721944533428512,0.02803750798108743,G3,-12.557100822861159
000080,2017-12-31,-0.33992906551685065,0.016357115987437162,0.006738926371096817,G2,-22.065199328397846
000100,2017-12-31,0.07174436912164694,0.029062902221549575,0.07497815452519574,G4,1.7462264969650225
000120,2017-12-31,0.2328062373942515,0.021587141752651775,0.005469156801434579,G2,9.81196494828033
000140,2017-12-31,-0.3472442802153395,0.012051743987749924,-0.004048151726230328,G2,-30.55476782225968
000150,2017-12-31,0.040863207217664455,0.021168623815644192,-0.002406821457060387,G2,0.9386178434191399
000180,2017-12-31,-0.23069796703739676,0.024283446159854224,0.02311628128207453,G3,-10.364753197063573
000210,2017-12-31,0.27207745277631773,0.0210040769961145,0.041181735992735224,G3,11.954036049243758
000220,2017-12-31,0.0399988010050982,0.03775883817147847,0.06823205889185718,G4,0.5033216788905397
000230,2017-12-31,-0.07446019579576117,0.013846451838218688,0.0005635339730118101,G2,-6.893762827814419
000240,2017-12-31,-0.10664028935190724,0.013757256642678413,0.21696284923827325,G5,-9.27759449799226
000250,2017-12-31,1.1490249972369975,0.04552317426498858,0.1429320389738838,G5,24.779270256663132
000270,2017-12-31,0.04607279903840433,0.01814162335777144,0.018081735395907926,G3,1.382392267778379
000300,2017-12-31,0.2815742897370823,0.03238331311717311,-0.008190831588632576,G2,8.046747088864764
000320,2017-12-31,-0.24639023235347732,0.014797433421036834,0.0803554741385251,G4,-18.069633018724915
000390,2017-12-31,0.008075682341518925,0.02446808262075105,0.0040408868490739306,G2,-0.5279644115309108
000430,2017-12-31,0.14009743169296282,0.029642465810153985,0.025512760897586834,G3,4.0180015141820835
000480,2017-12-31,-0.03373903756412042,0.008356654433562627,0.032681243428079994,G3,-6.549630259685153
000490,2017-12-31,-0.4875365974717086,0.03285236127823921,0.01615269629335275,G3,-15.47926958273843
000500,2017-12-31,-0.22076601607235719,0.025671296272080275,0.0017379025005599977,G2,-9.417521136981511
000520,2017-12-31,1.4906204283815832,0.07093437276522144,-0.013761355027742226,G2,20.71811467286923
000590,2017-12-31,-0.16025489153859823,0.023814894477931843,0.11793002802375291,G5,-7.610734991508218
000640,2017-12-31,-0.12211970058539535,0.017820147506189765,0.04714625019368856,G4,-8.031003094635372
000660,2017-12-31,-0.1726832479183777,0.02256981207973892,0.3534513136314685,G5,-8.581250318690804
000670,2017-12-31,-0.33956032948924464,0.014569073348052916,0.07310116898282386,G4,-24.74792185194842
000680,2017-12-31,-0.12953656245211687,0.014384889782786566,0.046466168081834555,G4,-10.464489051276578
000720,2017-12-31,0.6184734407787781,0.042828575307233996,0.022002843592353685,G3,13.950486965981026
000760,2017-12-31,0.1356322881102066,0.026607394825457306,-0.045167905060235006,G2,4.308513842807715
000850,2017-12-31,-0.2711153573430409,0.015989975703126463,0.04180995493177664,G4,-18.26827769785787
000860,2017-12-31,-0.38210720557414996,0.013338210213641928,0.07728186589860994,G4,-30.221533346771174
000880,2017-12-31,-0.23428258529500645,0.019472980974375723,0.026008365612899625,G3,-13.10926893086351
000890,2017-12-31,0.8903952159028319,0.04481449476141799,0.10778640031910704,G5,19.400001301981643
000910,2017-12-31,0.1902363484985153,0.04306374953311255,0.010317230255011843,G2,3.930043044317544
000950,2017-12-31,-0.005662575000739245,0.031285729482784484,-0.07145629002795706,G1,-0.8520349253508992
000990,2017-12-31,0.007702571893737686,0.030018375865383792,0.1620847004074968,G5,-0.4427750305193215
001020,2017-12-31,-0.15105004644826073,0.03198579401205032,-0.18502215807288105,G1,-5.378763008575569
001040,2017-12-31,-0.29883089043646455,0.01895862179971172,0.0422969380363761,G4,-16.869625492766634
001060,2017-12-31,-0.024680569994773027,0.022584846653684803,-0.0014763311592813806,G2,-2.0223528580387558
001070,2017-12-31,0.04774261229567717,0.02352783234552948,-0.046035484591004976,G2,1.1368940716328344
001080,2017-12-31,0.06508497572078628,0.031041898409954822,0.019514309528662052,G3,1.4203711369332128
001120,2017-12-31,-0.5063204112022227,0.02300552355793835,0.006874820975245976,G2,-22.92120712044997
001130,2017-12-31,0.07712631083349819,0.013348846062626265,0.06295702437271049,G4,4.205034007170295
001140,2017-12-31,0.5099016318798029,0.05288291515272304,-0.036927671350338226,G2,9.245096857542556
001210,2017-12-31,-0.014237148548098724,0.023344452334254064,-0.05959576087164125,G1,-1.5091854470313038
001230,2017-12-31,-0.3084542310075225,0.030467788262275836,0.0007885328479588493,G2,-10.812999859235184
001250,2017-12-31,-0.020031969356077817,0.029641738289636867,0.006640991126553363,G2,-1.3840594684048764
001260,2017-12-31,1.2626508932554061,0.0716291208381025,0.014706679272535866,G3,17.334527068650605
001360,2017-12-31,-0.27574157580109226,0.028461179785431407,-0.17986599155623875,G1,-10.42597451060892
001380,2017-12-31,-0.08397762078882512,0.0444971486521229,0.0024419081461011594,G2,-2.3590630670104864
001390,2017-12-31,-0.20936068764143861,0.03310027511263239,0.009284082040538754,G2,-6.959297046361996
001430,2017-12-31,-0.4495610039321606,0.019316123842929935,0.0448885599990564,G4,-24.360734427992707
001440,2017-12-31,0.06938495496781241,0.038350925339497126,-0.030719270520530306,G2,1.2617947378260959
001460,2017-12-31,-0.2049600367408303,0.010466756782486118,0.03161367253089241,G3,-21.587775527811015
001470,2017-12-31,-0.25331998278835716,0.043740888259011845,-0.1441650896401369,G1,-6.271339080900221
001520,2017-12-31,0.11668976840444946,0.024981900645399468,0.03266501542444716,G3,3.8306056284151793
001530,2017-12-31,0.17029614098997625,0.02068170270744911,-0.004842137014100201,G2,7.219046899486052
001540,2017-12-31,-0.12321888591033843,0.02730450275723423,0.04462137312500819,G4,-5.281650663123803
001560,2017-12-31,0.0961983406758116,0.019396558248512705,0.04871676748091699,G4,3.877202363873224
001570,2017-12-31,-0.011511067126630137,0.020043052559679947,0.10337116576123476,G5,-1.621760268976845
001620,2017-12-31,-0.1674934677773817,0.024715847701610966,-0.06828051511699498,G1,-7.626176906275791
001630,2017-12-31,-0.11861805578981224,0.015641024552333866,0.149574096787082,G5,-8.926014693369531
001680,2017-12-31,-0.045806673426450374,0.020287701226770528,0.017438620530736113,G3,-3.292666422057587
001780,2017-12-31,-0.02538005455960235,0.039681739187962875,0.02802246530656664,G3,-1.168648720854024
001790,2017-12-31,-0.22512401929105477,0.015434564509586891,0.00848149369210357,G2,-15.945897166185455
001800,2017-12-31,-0.3871897047087698,0.021506072127690533,13.183407241743312,G5,-18.979926295647402
001810,2017-12-31,-0.013965515924914976,0.020846070099199275,0.05213143348326205,G4,-1.6770295284544434
001820,2017-12-31,0.41305002467762775,0.0410410705313456,0.07801266073357863,G4,9.552773853560103
001940,2017-12-31,-0.026125544163755038,0.02078642550492851,-0.005929879189793412,G2,-2.266840122956992
002000,2017-12-31,0.6903149017989714,0.04662843466259993,0.40368669005168595,G5,14.354351533746676
002020,2017-12-31,-0.6331529889763754,0.020907736839176228,0.024946456890594573,G3,-31.287314987355774
002030,2017-12-31,0.05348811080638119,0.02345941504350351,0.061354839211846125,G4,1.3851219888667328
002070,2017-12-31,-0.21165827330124243,0.012909951432941567,-0.007743356338345838,G2,-18.021154742013266
002100,2017-12-31,1.0039653183954327,0.06051438388112456,0.048802732074190454,G4,16.243598565635637
002140,2017-12-31,-0.06530750021177972,0.03521386273683274,0.0290519434405221,G3,-2.4507808200542627
002150,2017-12-31,0.8456739755983851,0.050022539038132294,0.02936134871850017,G3,16.48616868060328
002170,2017-12-31,0.056570657273965486,0.012676886917725214,0.14614118511258176,G5,2.8064222960408043
002200,2017-12-31,0.29660064480757253,0.0254725573068017,-0.021574547494487093,G2,10.81974936023822
002220,2017-12-31,-0.24311825671508733,0.025313208587564445,0.060131077236618015,G4,-10.433770771695473
002240,2017-12-31,-0.2997492102992304,0.019090466008638403,0.014480168670661367,G3,-16.801222627973992
002300,2017-12-31,-0.2847229851612066,0.0164258725854754,0.011794732702113161,G3,-18.61191499897611
002310,2017-12-31,0.6664931312819331,0.031595924546860665,0.006872357150658803,G2,20.429823825566633
002320,2017-12-31,0.828553911050483,0.029241465814074358,-0.025933626446937152,G2,27.61694495759918
002350,2017-12-31,-0.21326584631509266,0.017849880937091316,0.06382453643889116,G4,-13.123886166208758
002360,2017-12-31,-0.16634771482899474,0.025513885504780138,0.05251610201386888,G4,-7.342733978231929
002380,2017-12-31,-0.17648486695784013,0.01646672159090122,0.01094713834073052,G2,-11.992601262575036
002390,2017-12-31,0.03586510010354291,0.02988871323807817,0.00826158799253207,G2,0.4975503897211487
002410,2017-12-31,0.08530554017276282,0.04574037285113986,0.008058061220487158,G2,1.4060134839387672
002450,2017-12-31,-0.17193941794965567,0.028312887081045273,-0.021035779840541103,G2,-6.8143307526731505
002630,2017-12-31,-0.45367800160958716,0.035733934935251295,-0.22785800261552183,G1,-13.283506606628979
002680,2017-12-31,0.4291842955160075,0.04215007767147245,0.007224451590805501,G2,9.684213146980769
002710,2017-12-31,0.12222951221560344,0.023158623415419605,0.003842164400836688,G2,4.3713976956214395
002720,2017-12-31,-0.02956317400532983,0.03742532620678784,0.008423107357174432,G2,-1.3508802277275471
002780,2017-12-31,0.19756088997303456,0.03260519962987353,0.038080400777379085,G3,5.415299792478098
002790,2017-12-31,-0.5733238275250157,0.02661665019224675,0.0811980041577404,G4,-22.328797291020862
002800,2017-12-31,0.1828051321265622,0.04235410509525264,0.057220689834000936,G4,3.8204365923676593
002810,2017-12-31,-0.12643455903407413,0.017548162965032896,0.11014402092933884,G5,-8.401364775989316
002820,2017-12-31,-0.23398871388719555,0.035010509526648366,-0.006648861176108129,G2,-7.283032338526468
002840,2017-12-31,0.1438729814249993,0.009460740079993814,0.09378167059489591,G5,12.98830970963597
002880,2017-12-31,0.36484291464777074,0.036019163450059885,0.0016502532396954065,G2,9.546278217728169
002900,2017-12-31,0.3537840444727143,0.04488657123250255,-0.04278493132417554,G2,7.414023306998912
002920,2017-12-31,-0.18064909348148628,0.013059339953318459,0.026731767536424655,G3,-15.440524052972602
002990,2017-12-31,0.33748541010606836,0.03193297826245766,0.07340678310878068,G4,9.911115972996523
003000,2017-12-31,0.38600807585611135,0.024938631225806994,0.07357285752351536,G4,14.636493613759924
003010,2017-12-31,0.8509886643127289,0.060057999851407994,0.005367450366685082,G2,13.819885896676213
003030,2017-12-31,-0.4195999964997642,0.02710958560387309,0.012704312985123556,G3,-16.252330895847074
003060,2017-12-31,-0.4667319328974603,0.024749590606943324,-0.366389657542206,G1,-19.706422616312114
003070,2017-12-31,-0.2529830878880129,0.022759663225982822,0.004173713843951778,G2,-12.03783396754788
003100,2017-12-31,-0.024911735138914926,0.023899168458359293,0.04295973030833255,G4,-1.92080717798078
003160,2017-12-31,-0.31465001013680666,0.023934147613496187,0.12100910739058089,G5,-14.023644156486041
003200,2017-12-31,-0.11346332932084607,0.01368953447024328,0.034606267698331625,G3,-9.821903644480182
003220,2017-12-31,-0.17216133168054332,0.0218227785388225,0.038705300353843924,G3,-8.85108605765281
003230,2017-12-31,-0.5171209468991524,0.029309665683443637,0.06347829531972196,G4,-18.359639850371774
003240,2017-12-31,0.05905955243754411,0.02164899860357801,0.06145240834543773,G4,1.7583073448755
003280,2017-12-31,-0.5343350999369848,0.027421642365264818,-0.0878742167675973,G1,-20.251487920508268
003300,2017-12-31,-0.3156807278210598,0.04473791050704823,0.04169557664354001,G4,-7.525489751062288
003310,2017-12-31,-0.3135230385053035,0.03095161256122094,0.031473431400108345,G3,-10.807740534594664
003380,2017-12-31,-0.3345349904902707,0.019736788676503594,0.04812624831935657,G4,-18.013515547095917
003410,2017-12-31,0.7239914006362488,0.04171029915937764,0.19854649546916378,G5,16.854289123326076
003480,2017-12-31,-0.265531516842604,0.020922293045068548,-0.1760504586295925,G1,-13.694745380397608
003490,2017-12-31,0.030649062661458393,0.02123296864504967,0.06631516699659024,G4,0.4547222594818817
003550,2017-12-31,-0.23120336931313165,0.016327827421947935,0.2056876167653262,G5,-15.445859512074483
003560,2017-12-31,-0.1728558498309918,0.03359064986501962,0.020799713414045122,G3,-5.770945480174682
003570,2017-12-31,0.023503496493292683,0.017760316826529732,-0.07088302492364175,G1,0.14130025574040253
003610,2017-12-31,0.24180222058241685,0.015881014055475318,0.047293773398271496,G4,13.903914487287732
003620,2017-12-31,-0.22576262721673657,0.016009999726365454,-0.018834913715174192,G2,-15.41265400486225
003670,2017-12-31,0.622393615892201,0.035369348628583264,0.08683856993765127,G4,17.003413408142737
003720,2017-12-31,-0.20277561628430202,0.03164721828633356,-0.3169203478531658,G1,-7.070750213917142
003780,2017-12-31,0.7159212183521613,0.033767641416459805,0.037131030751928765,G3,20.5796801321679
003800,2017-12-31,-0.46578647603364004,0.019745467442480052,0.12824479836083164,G5,-24.65276837002413
003850,2017-12-31,0.104228652278571,0.02360737710188414,0.13360635539569493,G5,3.5257916512993077
003920,2017-12-31,-0.09338773803746456,0.011905107218794043,0.004302391944880396,G2,-9.607783879557918
003960,2017-12-31,0.05370752343664789,0.024091287950420218,0.04286718605904285,G4,1.3579001803597561
004020,2017-12-31,-0.1852426846218039,0.024740831786005245,0.037960008106495455,G3,-8.335881573801249
004060,2017-12-31,-0.15023506595580768,0.026231245030029455,-0.02285127625198435,G2,-6.527674341933013
004080,2017-12-31,-0.03845593475073826,0.01729200774633777,0.026235098017081675,G3,-3.43799834041842
004090,2017-12-31,0.7331667855947264,0.05928601029709576,0.023251021471682006,G3,12.012493720562272
004100,2017-12-31,-0.12631255102357983,0.030088239363232534,-0.008882317857295803,G2,-4.895816881437737
004130,2017-12-31,-0.5461885068927798,0.03051374769386378,0.06977400260702088,G4,-18.587768102654653
004150,2017-12-31,0.14089378715675094,0.020353069090603776,-0.09812386933060395,G1,5.890994986521743
004170,2017-12-31,-0.041420874852899026,0.031048914151012,0.0551763108726945,G4,-2.0102098815116904
004250,2017-12-31,-0.2993023308766444,0.014955972537343406,0.030460357084109747,G3,-21.415945319541976
004270,2017-12-31,0.0035306097841608097,0.03301689744814879,0.014747657661613659,G3,-0.5289215749886212
004360,2017-12-31,-0.01735289274268756,0.016144840914840888,0.047157692313382474,G4,-2.3751768214149007
004430,2017-12-31,-0.23870699873162454,0.030241426770290236,0.047880052921075035,G4,-8.587589464212492
004490,2017-12-31,0.03927049667567986,0.016711255494380146,0.059988016361803106,G4,1.0936663315423936
004540,2017-12-31,-0.17384865823503692,0.03523802826269884,-0.03362644847292992,G2,-5.529328030676471
004590,2017-12-31,0.19718111097965657,0.02260587181841157,0.10012691233242273,G5,7.793866709112531
004650,2017-12-31,-0.17501733412315904,0.027239126846054857,0.055725332378150576,G4,-7.1959462729702555
004690,2017-12-31,-0.1858226396582337,0.0159144454646964,0.0015563675670537242,G2,-12.99552656740042
004710,2017-12-31,-0.9131947820375623,0.024340049514152806,0.01997619720874554,G3,-38.380724767139064
004720,2017-12-31,-0.3111905920031955,0.032243857256972513,0.055490460837576694,G4,-10.302258459323639
004770,2017-12-31,-0.023635268491483008,0.03870186446528588,0.055389494293387145,G4,-1.1531544614649563
004800,2017-12-31,-0.3695264132612447,0.03158590805012524,0.02716627375132283,G3,-12.36375322264543
004830,2017-12-31,0.04888397101109912,0.028619067729489422,0.005194618700827591,G2,0.9745255188269976
004840,2017-12-31,-0.11379313895348861,0.019155893182084358,0.03498274049696117,G3,-7.036325419856817
004870,2017-12-31,-0.19511644640242926,0.0399531797086795,0.060567040658538344,G4,-5.409091520671995
004890,2017-12-31,-0.11851467238134714,0.01573991933649537,0.06159077574207509,G4,-8.863363819250893
004910,2017-12-31,-0.3968139473418868,0.01788237067301463,0.021367755426162142,G3,-23.364234763126387
004920,2017-12-31,-0.2276150366444259,0.03172304359452982,-0.5149877557208578,G1,-7.8368582474529145
004970,2017-12-31,-0.21638823661356882,0.014780473105886854,0.06418034502252773,G4,-16.060527568816205
004980,2017-12-31,1.1886788419146335,0.06162955437074291,0.01872516815282503,G3,18.946833133119153
005010,2017-12-31,-0.14806061341255394,0.0351470477368617,0.005336718018563135,G2,-4.8099224111766725
005090,2017-12-31,-0.28247477476347105,0.03144798600643801,0.012785068938936706,G3,-9.649862280052485
005110,2017-12-31,0.29837654994395796,0.04485824758971543,0.03949156083337254,G3,6.1835360421854615
005160,2017-12-31,-0.43795115961645786,0.017492621472877407,0.02906790437408957,G3,-26.23649745761281
005180,2017-12-31,0.17978245026745993,0.018361886924687685,0.0345383167370616,G3,8.647721867314967
005190,2017-12-31,-0.14002876023878602,0.018733320569511287,0.0248082009510161,G3,-8.595524686879378
005250,2017-12-31,-0.3844066496066456,0.02256842724178978,0.04826248559688294,G4,-17.96317503417526
005290,2017-12-31,-0.9570883189639825,0.03476734075398179,0.057309283930780684,G4,-28.132214225663475
005300,2017-12-31,0.08368041295639361,0.016253315354771432,0.05332186631227124,G4,3.8568410446990744
005320,2017-12-31,0.019784806755977685,0.03703973612494765,-0.04680375044490634,G2,-0.03264473655041411
005360,2017-12-31,-0.0453644721854361,0.017898235947460202,0.02093413372231807,G3,-3.707540316481634
005380,2017-12-31,-0.22919855545495968,0.019376499056792368,0.047173531515014216,G4,-12.912163023119957
005390,2017-12-31,-0.059205346733808964,0.025821954432912686,0.008966423735718836,G2,-3.105857309362312
005420,2017-12-31,-0.5377260239251366,0.04430225336963104,0.0633314802731074,G4,-12.611547734314787
005430,2017-12-31,-0.17697091868196899,0.017130162746730272,0.046092338465676466,G4,-11.556508878085765
005440,2017-12-31,-0.008821083123045966,0.017169643175492216,0.047939435832030405,G4,-1.736497491647184
005450,2017-12-31,-0.26370610050894894,0.0352644997947091,-0.0905094850406968,G1,-8.0732765628321
005610,2017-12-31,-0.14031147511211878,0.023237086445336053,0.018493444083123502,G3,-6.941723725788698
005670,2017-12-31,0.2712138180533026,0.024054170635490278,0.02508389845380412,G3,10.402348210686045
005680,2017-12-31,-0.015062397442238529,0.026389977402657375,0.04612352125777209,G4,-1.3662897878147195
005710,2017-12-31,-0.3455902544379825,0.015319725752944966,0.0426104824342712,G4,-23.928901831104007
005720,2017-12-31,-0.29928078743238795,0.013586071841726685,0.2606196988122433,G5,-23.573756295944698
005740,2017-12-31,-0.18219156706161274,0.029904197746509636,0.17497895812902575,G5,-6.7945486438940375
005750,2017-12-31,-0.2777871429524996,0.021600141256646808,0.028923301939798862,G3,-13.832367973252582
005800,2017-12-31,-0.09637932217851335,0.017911253242034776,0.05003158754977267,G4,-6.553046834641975
005820,2017-12-31,-0.17143588415013933,0.019234739097224292,0.07442544890241008,G4,-10.004286637897874
005850,2017-12-31,-0.10560972728686721,0.02876413594487873,0.06715443273351467,G4,-4.401442362571006
005860,2017-12-31,0.024106907357102386,0.03760895892081764,0.006286280877835674,G2,0.08277145293978935
005880,2017-12-31,0.0665474970404077,0.031083050498652082,0.06994875974740011,G4,1.4655427033685022
005930,2017-12-31,-0.24041556142586848,0.016883058013030288,0.17608966206944407,G5,-15.483540979826458
005950,2017-12-31,-0.384876730033519,0.017422836998723,-0.0006147008786478766,G2,-23.295327233270942
005960,2017-12-31,-0.24259471421141748,0.027663800665991094,0.13725145793426397,G5,-9.528288487096338
005990,2017-12-31,-0.3430009495353045,0.020436874205684047,0.011957862276438263,G3,-17.810693800607783
006040,2017-12-31,-0.4592089081879608,0.019055292833283076,0.07049092932732287,G4,-25.200497917979206
006060,2017-12-31,-0.31355244264860443,0.027270451568035838,0.04208185169122366,G4,-12.267725050230025
006120,2017-12-31,-0.6396509877205253,0.019872880675363417,0.11892446321399311,G5,-33.2435421767115
006200,2017-12-31,0.045334445866963904,0.01859601865446508,0.01939071042050003,G3,1.3089084892612788
006260,2017-12-31,-0.31326054411733145,0.025132256733167227,0.0383422626360546,G3,-13.299820499600688
006280,2017-12-31,-0.43146056613674766,0.024815843025212433,0.04403317521406732,G4,-18.23248659579027
006360,2017-12-31,0.5429458826850911,0.02987968215464707,-0.014014015877157511,G2,17.468456351040555
006370,2017-12-31,-0.3011984168630228,0.010289296688624643,-0.16475244779308276,G1,-31.313352680645007
006400,2017-12-31,0.150033157011361,0.025925563398531293,0.10174605147420805,G5,4.977295800445274
006490,2017-12-31,1.2538856619607301,0.06372106135317204,-0.007498721709339492,G2,19.348260631501287
006570,2017-12-31,-0.2433750892419249,0.015921382769206027,-0.021834732695193836,G2,-16.604653770206546
006580,2017-12-31,0.7959262965340058,0.03150885727785217,-0.009910371269860408,G2,24.59411112617653
006620,2017-12-31,-0.6628231174569166,0.031423215494847716,0.10821677180722544,G5,-21.76152458849132
006650,2017-12-31,-0.44336936290422513,0.028207807705116533,0.12051997280953207,G5,-16.462226591386933
006660,2017-12-31,-0.21199603673006012,0.012028214311959851,0.11975430597368175,G5,-19.370289709759145
006840,2017-12-31,-0.1867252720487896,0.020477269994509044,0.05465482626321692,G4,-10.143892779074687
006880,2017-12-31,-0.17625331624726012,0.025927402620531836,-0.02824524256010938,G2,-7.607675875513038
006890,2017-12-31,0.0630535928811082,0.020131518274254107,0.03352477437544378,G3,2.089243003158096
006920,2017-12-31,0.07628539493480058,0.03890124995782629,0.020834377107354363,G3,1.4213279987421945
006980,2017-12-31,-0.06428142145704169,0.03443302050111096,0.0038005393196616625,G2,-2.4765582397270025
007070,2017-12-31,0.08170256419414612,0.02518425810581875,0.013923779414927905,G3,2.41057746292896
007120,2017-12-31,-0.16811636774499292,0.0299646196325974,-0.3498988193947276,G1,-6.31112055642249
007160,2017-12-31,-0.2834032540134056,0.0159990178848199,0.06633062909118526,G4,-19.025993682143177
007210,2017-12-31,-0.3717798500118284,0.03156784683173247,0.03220831808187458,G3,-12.442210939793327
007310,2017-12-31,-0.07271761095541099,0.016932011660149394,0.06226390989481022,G4,-5.5345798254817415
007340,2017-12-31,0.0434320122562092,0.0185796673633358,0.06091860956084514,G4,1.2076671037078892
007460,2017-12-31,-0.3544683669234388,0.03599878265382783,0.05213656109122339,G4,-10.429861746094032
007530,2017-12-31,-0.1647005060100284,0.050363481667900944,-0.1386534383206479,G1,-3.6870855438108805
007540,2017-12-31,0.33070522383693207,0.04549258115819453,0.04669123017846201,G4,6.80795102780117
007570,2017-12-31,-0.2791829210414821,0.021817331853331522,0.047964558987905526,G4,-13.758643001954356
007590,2017-12-31,0.03695850094534081,0.028323649570381984,0.04915841114093106,G4,0.5636470583353588
007630,2017-12-31,-0.06662676541643342,0.05603295416328515,-0.10061999243374364,G1,-1.5637355893243121
007660,2017-12-31,0.5539534769966616,0.031878762344256344,-0.0280030092016093,G2,16.71832526174005
007680,2017-12-31,0.15452022359373604,0.026239325357509433,0.08141261648700414,G4,5.088784204272566
007690,2017-12-31,-0.2830216616300461,0.018292095155907608,0.039064818040019385,G3,-16.62005463138731
007720,2017-12-31,-0.42054922805663675,0.03337715216469784,0.0748436249952773,G4,-13.228905362013455
007770,2017-12-31,-0.08773176146446951,0.02032272887992124,0.021993568881871886,G3,-5.3499567548511395
007810,2017-12-31,-0.8518314289796376,0.02808432534831929,0.050084086991364594,G4,-31.07873795570971
007820,2017-12-31,-0.5656722758040649,0.02903795376035495,-0.025307107964465923,G2,-20.20342892716856
007860,2017-12-31,-0.6667200182055398,0.017850127797329775,-0.007610919463045045,G2,-38.52711785582226
007980,2017-12-31,-0.2556803726113544,0.021914025778027552,0.010753854923279271,G2,-12.625445210183143
008040,2017-12-31,-0.12172839297180185,0.020654205177619248,0.07393326952063857,G4,-6.91008687713281
008110,2017-12-31,-0.11889653731819314,0.02366667525628125,0.05277130095990486,G4,-5.910863904077061
008250,2017-12-31,0.3886308819202389,0.05211237063432765,0.01823074452035425,G3,7.054695809489702
008370,2017-12-31,-0.09143589457733584,0.024185651193782326,0.0312631267461429,G3,-4.6486180115717906
008490,2017-12-31,-0.2975392995938406,0.017440102117590266,0.07540820176613222,G4,-18.26441477405331
008500,2017-12-31,-0.20853840553105746,0.019859325750658016,-0.11618007363366632,G1,-11.557913274428547
008600,2017-12-31,-0.08634447162648384,0.03202477407989721,0.002241838841299226,G2,-3.3517310861386043
008700,2017-12-31,0.40563628515404415,0.04559068012398557,-0.009811345334790694,G2,8.43686308088235
008800,2017-12-31,0.17415952700425819,0.060843032349856996,-1.2151212005686303,G1,2.517388793836879
008870,2017-12-31,-0.05589198478715701,0.016064771941663454,0.03582304279852639,G3,-4.7859966048711415
008930,2017-12-31,-0.25471128071942695,0.023408130304505854,0.047243758443846366,G4,-11.778182892720382
008970,2017-12-31,1.2142503262078468,0.06528873592908216,-0.2080215653992217,G1,18.276603920166423
009070,2017-12-31,0.23779628698252953,0.03193786566603411,0.02467349418521504,G3,6.788253481491254
009140,2017-12-31,0.3140088056237589,0.04422093368459923,-0.1353236480612657,G1,6.626156935762153
009150,2017-12-31,0.13517660170322587,0.02889600638329887,0.02592040138154278,G3,3.9515025365424536
009160,2017-12-31,-0.44912472030275086,0.025093294944847258,0.05591393086631404,G4,-18.734832572593664
009180,2017-12-31,-0.08907342603105514,0.0397659454722531,0.008081791511027095,G2,-2.767880504476593
009200,2017-12-31,0.21398053950292475,0.02429526013324646,0.03950483246813987,G3,7.9433839876923935
009240,2017-12-31,-0.870158638420013,0.029424490640126127,0.04651484521142642,G4,-30.286084082231252
009270,2017-12-31,0.21150251788431243,0.05311496521030632,-0.01534715441396139,G2,3.58672095418549
009290,2017-12-31,-0.1959339585045446,0.02006844546453076,0.020220547146885665,G3,-10.809403153404153
009310,2017-12-31,-0.4233621280951119,0.025507741973057645,0.052888256233864915,G4,-17.420439949099887
009320,2017-12-31,-0.02484019389440062,0.04230139145848124,0.05013545901051633,G4,-1.0835140759627313
009410,2017-12-31,0.218228715363543,0.03169179661226819,0.03774016934833667,G3,6.223527135205648
009420,2017-12-31,0.586187625908212,0.04036025887491933,0.06901580769703275,G4,14.00371757961546
009450,2017-12-31,-0.10108130464498274,0.030128013890923143,0.039463508918323446,G3,-4.051885539837546
009470,2017-12-31,0.5083667198611317,0.054189180647011746,0.04874943046369178,G4,8.993912712063388
009580,2017-12-31,0.38348203195614006,0.027742281517683463,0.06000479724498852,G4,13.06626755054049
009620,2017-12-31,-0.3000984756798014,0.023035432000498526,-0.0304285491205506,G2,-13.939067209875894
009680,2017-12-31,0.13372281987960288,0.020702374432368695,0.060023976616534705,G4,5.445214077457461
009730,2017-12-31,0.5859384723233769,0.04305603339680474,0.075684974197714,G4,13.121146296342964
009770,2017-12-31,-0.19812332831442903,0.012329472442823815,0.0727320646793325,G4,-17.77182993953942
009780,2017-12-31,0.5748850826215024,0.03935650078615081,0.07912792354790704,G4,14.073688269378314
009810,2017-12-31,0.5587193325911858,0.054793327436842225,-0.2762493376860106,G1,9.813701750953598
009830,2017-12-31,-0.37472292805891094,0.024414890141524533,0.08933321175454624,G5,-16.208014246582835
009970,2017-12-31,0.16822852049585407,0.020279192400609648,0.04930454234289534,G4,7.26037597570968
010060,2017-12-31,-0.10801416184037492,0.032996794416735434,0.0640595318669999,G4,-3.9097167862650797
010100,2017-12-31,-0.2916314707457611,0.02617393262582085,-0.02396196687124455,G2,-11.944152007980124
010120,2017-12-31,-0.18224228740469728,0.028781370723228603,0.04522869146895334,G4,-7.061381771659149
010130,2017-12-31,-0.09343869585266304,0.017602467760082764,0.0961137986719541,G5,-6.500943878780236
010140,2017-12-31,0.21402301334932503,0.02544373097997339,-0.04312595317068117,G2,7.5865074315391725
010170,2017-12-31,-0.04891641523713765,0.037084389033370954,0.09457506850230994,G5,-1.8851699122749788
010240,2017-12-31,0.8626005782240609,0.04811905327501636,0.0758808206111256,G4,17.490090967299924
010280,2017-12-31,0.18974758602008807,0.03379318257007174,-0.03505416922114007,G2,4.993718081642535
010470,2017-12-31,0.0977175465095319,0.027574968409899602,0.024450807071727077,G3,2.7823635619583937
010600,2017-12-31,0.7803847060909564,0.061147318742272874,-0.12351441625671271,G1,12.419035904223461
010620,2017-12-31,0.5148649210123839,0.028127172551304046,0.18144238467180723,G5,17.55850009196226
010690,2017-12-31,-0.5387345312599691,0.022238624081259685,-0.029000061618797004,G2,-25.169205091034446
010770,2017-12-31,0.8928308289161431,0.05152103619290874,-0.00997471583286895,G2,16.921959148260836
010780,2017-12-31,-0.07585169929854851,0.020527408682246555,0.10636805188450192,G5,-4.717870627576116
010820,2017-12-31,0.12464285396950042,0.05076485371373873,0.023298770622440356,G3,2.0417451682279935
010950,2017-12-31,-0.12915779942546757,0.020525364652300395,0.05966524748444023,G4,-7.315424653968945
010960,2017-12-31,0.2727085799265325,0.038407385833663286,0.0806640486510428,G4,6.553807692952545
011040,2017-12-31,0.06006949333085551,0.01818311547381984,0.11377615567675586,G5,2.149001044592344
011070,2017-12-31,-0.4214290374740416,0.027111699391108957,0.0228726841348703,G3,-16.318526930953055
011080,2017-12-31,-0.4530429891777245,0.026853616556573444,-0.22841776438195907,G1,-17.652629669554116
011090,2017-12-31,-0.181847756464095,0.03308428198420923,0.004730554934272639,G2,-6.131059931860775
011160,2017-12-31,-0.6302164916466451,0.02906360259975936,-0.11981770950889366,G1,-22.406391244687274
011170,2017-12-31,-0.21371811949569647,0.024059498966684884,0.14391479416200842,G5,-9.755484892032667
011200,2017-12-31,-0.17907978859492601,0.03295858660426571,-0.2368210443244413,G1,-6.070458972676476
011210,2017-12-31,-0.5038063476687946,0.025548316610577507,-0.008414629830270887,G2,-20.54148282455488
011230,2017-12-31,-0.504252082896431,0.05190026308784106,-0.07139574503100415,G1,-10.12029633050466
011300,2017-12-31,0.0909267459540978,0.027228023659326767,-0.04292390682691118,G2,2.56841214938747
011320,2017-12-31,0.2379429798719988,0.043179574794407996,0.013847433498431143,G3,5.024343609711077
011330,2017-12-31,0.22665800385191615,0.028611350714693687,0.08888573439841123,G5,7.188197674380383
011390,2017-12-31,2.4422863360889346,0.08061802947123901,0.04056274946203428,G3,30.03412999283333
011420,2017-12-31,-0.46797231678697115,0.028899217422626862,-0.1582493352530766,G1,-16.91970646886115
011560,2017-12-31,-0.16716068094261158,0.033655636787571885,0.0358433955572701,G3,-5.590583274768565
011690,2017-12-31,0.6438572566493825,0.03947966935902957,0.03664785434049822,G3,15.776811396300392
011700,2017-12-31,-0.4928608333160341,0.029404750435727108,0.0834048076544233,G4,-17.475230528580447
011760,2017-12-31,0.7285009313159043,0.055556296386224585,0.005839134832032614,G2,12.734955678356922
011780,2017-12-31,-0.03355072060550651,0.028200402762252743,0.04297273743417621,G4,-1.9341808785153236
011790,2017-12-31,-0.21918634846867405,0.020918099400087417,0.051382831207413715,G4,-11.481937391087442
011810,2017-12-31,-0.809637105782316,0.02714185675549493,0.18537062927758974,G5,-30.603325057996493
011930,2017-12-31,-0.5610457907401324,0.026269431276007064,-0.03956215660245865,G2,-22.156541716051777
012030,2017-12-31,0.35806556838001585,0.032581199006568355,-0.003890443882286412,G2,10.345586395650722
012160,2017-12-31,0.0041158053105696535,0.035559104391955414,-0.02362438511150944,G2,-0.4746507023085253
012170,2017-12-31,-0.4599529254208692,0.0295090665387293,-1.0873508184422602,G1,-16.29827510718856
012200,2017-12-31,-0.22991128776939518,0.023675885018508248,0.02278931719547959,G3,-10.597502342866061
012320,2017-12-31,-0.04035571446339714,0.029132549272565894,0.26621672749514896,G5,-2.1058807134617483
012330,2017-12-31,-0.26782173811299104,0.02165334786119166,0.04432327829782003,G4,-13.338154411415342
012340,2017-12-31,-0.133436347161994,0.03152261110265986,-0.0710186835050516,G1,-4.899032819417574
012450,2017-12-31,0.011094926800497451,0.028880644800363425,-0.011326865649623253,G2,-0.3427566265089566
012510,2017-12-31,0.5725659384745083,0.03276328814041516,0.19736992360851113,G5,16.835061759580938
012600,2017-12-31,-0.008638389376168593,0.031579806801308334,-0.12557680415167705,G1,-0.9383321673334113
012610,2017-12-31,0.09467683371892532,0.027868966136296226,0.015931480158805023,G3,2.6439041252875226
012620,2017-12-31,-0.029764636400208752,0.01966003687074748,0.030749588340819096,G3,-2.581815889643973
012630,2017-12-31,-0.4068780150030813,0.028809916228330165,0.0771955057914356,G4,-14.851552180703942
012700,2017-12-31,-0.09516272936065973,0.015969915635891133,0.0818552498234814,G4,-7.273469139892019
012750,2017-12-31,-0.028422073421630112,0.01670625969225618,0.07379324480772129,G4,-2.957935140216292
012800,2017-12-31,-0.06451172480782387,0.02354878592896482,0.01451387736710937,G3,-3.6310017955671343
012860,2017-12-31,-0.3187772753232702,0.030527278017762508,-0.06133230526820483,G1,-11.130086158000902
013000,2017-12-31,0.12659883542300948,0.037938190491229914,0.01226768868200597,G3,2.783603405221671
013030,2017-12-31,-0.20745333985990666,0.029414642331849032,0.12930081166873153,G5,-7.766448303749261
013310,2017-12-31,-0.48769004809405825,0.03237047390324323,0.02501098099451924,G3,-15.714444243176995
013360,2017-12-31,0.7517049100087664,0.06172235720855886,-0.028570857978907255,G2,11.838675382342128
013520,2017-12-31,-0.19270881132934364,0.019811549748225347,-0.028963569655075887,G2,-10.78677706836942
013570,2017-12-31,-0.10242572203131843,0.022217295385129777,0.04971008822364478,G4,-5.5551172667757625
013580,2017-12-31,0.37400862975978805,0.035548711498928104,0.025192952966987394,G3,9.93044911309258
013810,2017-12-31,0.27805093618314963,0.05196152806065019,-0.005080842445140869,G2,4.947063463942704
013870,2017-12-31,0.16883568957006112,0.0387360098818603,0.02533913057043383,G3,3.8166484064126722
013890,2017-12-31,,,0.07490889011504515,G4,
013990,2017-12-31,-0.3496482676064281,0.024955905975651303,-0.03475928292380434,G2,-14.851884245425735
014100,2017-12-31,-0.11681268161189737,0.03312955809417531,0.049582098244246156,G4,-4.159628100194894
014130,2017-12-31,0.053386188220330616,0.02495692401824853,0.012670007180338193,G3,1.2979255381381105
014190,2017-12-31,0.49716373911567746,0.0447288997774349,0.006591968397538458,G2,10.645685056000975
014200,2017-12-31,-0.2960381117183998,0.03389081998071642,-0.17458228211135318,G1,-9.354511666653735
014280,2017-12-31,-0.25459496853017183,0.025273395565873668,0.04342729597748491,G4,-10.904309513754827
014440,2017-12-31,-0.24662749806861017,0.012754330698304122,0.17965234339680486,G5,-20.982791146215764
014470,2017-12-31,-0.3570507619040962,0.022839826927802225,-0.004725063913198265,G2,-16.55199587469673
014580,2017-12-31,0.04067228033339104,0.02962880966781756,0.031430128597526405,G3,0.6641617186225314
014680,2017-12-31,0.11224115365016948,0.019429308016965068,0.11133885123268598,G5,4.696368722283975
014790,2017-12-31,0.3494341550036657,0.05053191045286414,0.024268887922305107,G3,6.499659183207792
014820,2017-12-31,-0.4630277528285152,0.025369987524580542,0.06598292986747813,G4,-19.07851596470942
014830,2017-12-31,-0.060110266821646274,0.01883587923486949,0.053891775464090824,G4,-4.3058370142434015
014910,2017-12-31,0.35805044363611027,0.03913183746245091,-0.05784561661067622,G1,8.613356957128849
014940,2017-12-31,-0.22337197619472932,0.029105196546516787,-0.010680369052562283,G2,-8.39595551220037
014970,2017-12-31,0.238914926116001,0.05101150253151046,0.04422614790068428,G4,4.271996630519067
014990,2017-12-31,1.1832990457114745,0.05913350787781887,0.0037992083035453686,G2,19.655608609070608
015020,2017-12-31,-0.1171542730627777,0.037448228627635236,-0.055350478484124735,G1,-3.68904584566928
015230,2017-12-31,-0.2723602485369683,0.01976709157711983,0.0493317811538139,G4,-14.840534662175374
015260,2017-12-31,-0.5410803060417518,0.02653770437156792,-0.1253012277910071,G1,-21.18021428513699
015360,2017-12-31,0.0728048936994018,0.013135408389037814,0.02427765653420815,G3,3.944371806434833
015540,2017-12-31,0.2721739897083091,0.04189750000672307,-0.10975560433068887,G1,5.99510783422233
015750,2017-12-31,-0.46357619497125235,0.023985470701368052,0.008698406394605469,G2,-20.20265352254636
015760,2017-12-31,-0.10101676513522098,0.018393744007869636,0.02409758965923887,G3,-6.633272935988073
015890,2017-12-31,0.15526111521461136,0.026647954786965973,0.013750649834909272,G3,5.038553881688908
016100,2017-12-31,-0.3546927584529863,0.034234099692499784,-0.056585172291681154,G1,-10.974049880416967
016250,2017-12-31,-0.3833150382875187,0.025225032703365048,0.044489535082173806,G4,-16.02808615654468
016380,2017-12-31,0.04742604372597198,0.041879467153012336,-0.04795838190042884,G2,0.6311466295816348
016450,2017-12-31,-0.15750358202815712,0.033650053962443305,0.024530914787979308,G3,-5.3045246646870465
016590,2017-12-31,0.7043120997735912,0.03807875731969353,0.05297091700055247,G4,17.94486450419221
016670,2017-12-31,-1.4394233378456356e-05,0.03772471763065918,0.015259796397050161,G3,-0.556885637229482
016710,2017-12-31,-0.20725891324452025,0.010919718386307922,0.035635756025021975,G3,-20.902816753442718
016740,2017-12-31,-0.27257905771331986,0.025680555637551273,0.04117907250322401,G3,-11.431723715031989
016880,2017-12-31,0.06429018704942469,0.03187249599062197,0.02456182491588308,G3,1.3584197446754886
016920,2017-12-31,-0.11172736333644456,0.02604611935205182,0.013489665617230308,G3,-5.0956275184872295
017000,2017-12-31,-0.22358833673387543,0.031782636425681764,0.07008458851379579,G4,-7.695469080718416
017040,2017-12-31,0.28684459066727397,0.048476274393878145,-0.02011851534777415,G2,5.48413909294097
017180,2017-12-31,0.04278750428186695,0.03775078283872393,0.058023062264715285,G4,0.5773004811926218
017250,2017-12-31,0.16693199748956233,0.030816650246884392,0.019856713308877234,G3,4.735687919897893
017370,2017-12-31,-0.1353601201350027,0.02643596336170476,-0.003231526925612217,G2,-5.914446058930892
017550,2017-12-31,0.4174793805698737,0.04747403586118459,0.0283911835504282,G3,8.351626614293648
017650,2017-12-31,0.5034974755036669,0.03322121587438986,0.027577102267595934,G3,14.523957164733215
017670,2017-12-31,0.036340745832509014,0.014914360352388233,0.1516890997740698,G5,1.0289939552371135
017680,2017-12-31,-0.5240684230589188,0.06147850099614223,-0.4545190252180203,G1,-8.865902281462503
017800,2017-12-31,1.006929792510592,0.05269494458955398,0.039625406151511035,G3,18.71025467445631
017810,2017-12-31,-0.7092204505607504,0.022176221806273426,0.013585904669539236,G3,-32.92780962074674
017890,2017-12-31,0.0934167443635325,0.025274559358281223,0.09477955303168538,G5,2.865442049977013
017900,2017-12-31,-0.24197919187919673,0.024809087002925844,0.01648610404508953,G3,-10.599872177152532
017940,2017-12-31,0.00275374374895046,0.013601802170916423,0.019681999419481074,G3,-1.3410146100878089
017960,2017-12-31,0.35350217625526026,0.025883774634499077,0.0031127854257413066,G2,12.84620275701229
018000,2017-12-31,-0.76188022976332,0.03243120285604874,0.005973718598728328,G2,-24.13953600246991
018120,2017-12-31,-0.1545115657026832,0.006281166116536351,0.1752110930724167,G5,-27.941551239077306
018250,2017-12-31,0.4690423744511215,0.037829438413664616,0.060517935372952664,G4,11.843908713844549
018260,2017-12-31,0.0967958324015409,0.0251073631511164,0.058260056794510566,G4,3.019109285257496
018290,2017-12-31,0.9297185460460586,0.040888005207438384,-0.18619291937849156,G1,22.224722929184846
018500,2017-12-31,-1.3143728147167153,0.034712340704276985,-0.004229080644843694,G2,-38.469511038644974
018670,2017-12-31,-0.24722073053596802,0.01606877459683805,0.022407502082951062,G3,-16.691670425971356
018700,2017-12-31,-0.3726703611807727,0.040487506260492655,-0.2790157521883876,G1,-9.72310613134947
018880,2017-12-31,-0.17507743933385408,0.025186325547453727,0.0534229576225794,G4,-7.784835392050661
019010,2017-12-31,0.42148144379168373,0.01642721667428509,-0.05622136933715097,G1,24.379509478007137
019170,2017-12-31,-0.039988160945793536,0.034360350134768666,0.00678323321531313,G2,-1.774781685584752
019180,2017-12-31,0.484225024325887,0.03556513276642084,0.010044172537570438,G2,13.024865341697177
019210,2017-12-31,-0.3721447790373288,0.030534855273503175,0.09198221969439635,G5,-12.875081106480666
019440,2017-12-31,-0.27297143445127375,0.014622835001279054,0.03247114125250525,G3,-20.103173810634818
019490,2017-12-31,-0.08158231384325118,0.02162742279846302,-0.30263969247751454,G1,-4.742880091760833
019540,2017-12-31,-0.6887543718765358,0.022175590963472325,0.03128154207766319,G3,-32.005836156939765
019680,2017-12-31,-0.1928412058338057,0.008663062553702932,0.05124191599937453,G4,-24.68355315362206
019770,2017-12-31,0.055637060378436826,0.03976984655839025,0.020352819878112768,G3,0.8710896368156771
020120,2017-12-31,-0.01158794713485084,0.036814773560544356,-0.15854867247821014,G1,-0.8850225919477999
020150,2017-12-31,0.18174415681163997,0.03065479747759129,0.09292235180107261,G5,5.243883856857158
020560,2017-12-31,-0.038746131154162,0.02102815583154282,0.03981215220408669,G3,-2.8409571821901594
020710,2017-12-31,-0.010015975263963514,0.027856774274588214,0.1081170264544819,G5,-1.1131918628469903
021050,2017-12-31,-0.005976004735747845,0.020782381301309442,0.007622957275497275,G2,-1.297732128402533
021240,2017-12-31,-0.18576504593700058,0.026335055641414324,0.12937498688277596,G5,-7.851094295602181
021320,2017-12-31,0.05051314695397588,0.040491347618818264,0.016950352747735757,G3,0.7290245819475626
021650,2017-12-31,0.03057492865612696,0.025309414264680072,0.004068993557850716,G2,0.37855358374784626
021820,2017-12-31,-0.7367016591298664,0.017609958479701565,-0.00941555322694685,G2,-43.026542009563016
022220,2017-12-31,-0.16091104776587567,0.02539987418730909,0.12179724456180999,G5,-7.161649920314841
023150,2017-12-31,-0.034028770217203325,0.017959208466878002,0.08288390420093902,G4,-3.0637613847155167
023410,2017-12-31,0.43505793533763587,0.04089799385135657,0.06519457735502635,G4,10.124310196213404
023460,2017-12-31,0.09653546539637611,0.018457895150128422,0.05187761245533307,G4,4.092639252649405
023530,2017-12-31,0.11387671417684635,0.021344900943585796,-0.0011351396897865673,G2,4.351519608297101
023590,2017-12-31,0.05807050307327963,0.025697704426287583,0.17994385145365274,G5,1.4427959507417538
023600,2017-12-31,0.34441308846750873,0.021078162371742912,0.028269340618309165,G3,15.343801019267524
023800,2017-12-31,0.3381441024483457,0.03805403657653922,-0.001720910134261276,G2,8.334205035693879
023810,2017-12-31,-0.34201486143032395,0.01660128211458128,-0.008537055565159267,G2,-21.866312379280547
023890,2017-12-31,0.06856332455464573,0.009603969228790624,0.06750931441918853,G4,4.953094313168934
023900,2017-12-31,0.508279059058833,0.04096429920490177,0.13545152795422122,G5,11.895360334074779
023960,2017-12-31,-0.005193464303875517,0.040924253143211804,-0.05736682492472722,G1,-0.6398998509736454
024070,2017-12-31,-0.3432847413204158,0.013679023087576963,0.0005566655759542517,G2,-26.630461705625784
024090,2017-12-31,-0.11623721336542012,0.008385769058583981,0.10520097012195656,G5,-16.364768882899142
024120,2017-12-31,-0.23726809717448677,0.013774269607219183,0.07474192625521839,G4,-18.749600793555214
024660,2017-12-31,-0.033963111160094595,0.021655003241753675,0.06835199803957895,G4,-2.5378463226365926
024720,2017-12-31,-0.19803122806586354,0.032152865127323134,0.1053152383265422,G5,-6.811995956883231
024740,2017-12-31,-0.23089905135829544,0.03285505253313332,-0.01597913041577244,G2,-7.666796767040395
024800,2017-12-31,-0.30283177452107246,0.030662018778105163,0.027741976511284204,G3,-10.561135457133705
024840,2017-12-31,-0.048543291268562244,0.029464904319219973,0.012991369345771768,G3,-2.3600025881257154
024850,2017-12-31,0.3524696560866357,0.04304815753849709,-0.16884137723688497,G1,7.70011345100032
024880,2017-12-31,-0.08560541577121594,0.023624802503352027,0.03510723388396219,G3,-4.512180575467856
024890,2017-12-31,-0.24226029165944937,0.030560205978632096,0.013396071002687356,G3,-8.614282607492632
024900,2017-12-31,0.009788290113148884,0.03351254446230545,0.0012738738080392705,G2,-0.33437237459329866
024910,2017-12-31,-0.1894104867173776,0.04549298647204974,-0.044224216873988524,G2,-4.62498644775323
024950,2017-12-31,-0.3002360539013738,0.019504540522273284,0.030079123818367456,G3,-16.469499126022345
025000,2017-12-31,-0.24698404750550446,0.018349489193185714,0.03853520424525311,G3,-14.604112619586955
025320,2017-12-31,-0.38930497537024017,0.037991308007560114,-0.07611026326058697,G1,-10.799810695442911
025440,2017-12-31,-0.5714672062956178,0.030889575406231162,-0.011660615316213641,G2,-19.179971161396335
025530,2017-12-31,-0.3214287262019382,0.011306099501813518,0.11374736409926349,G5,-30.28654447368754
025540,2017-12-31,-0.4655401137409899,0.016558950327254705,0.06691964381240455,G4,-29.381939272072536
025550,2017-12-31,0.08824776503719935,0.029132849087135492,0.023561385011996422,G3,2.3085214100540505
025560,2017-12-31,-0.14212294227216477,0.023077310601106824,-0.3961016561120132,G1,-7.0682803674711945
025750,2017-12-31,0.16505085349305498,0.04162411084030496,0.013981724181772834,G3,3.4609002186754236
025770,2017-12-31,-0.1636234637184231,0.028761265596852985,0.0661658021567262,G4,-6.418960329836706
025860,2017-12-31,0.32578789517655127,0.04657829198558759,0.02379230142544341,G3,6.543690697958357
025870,2017-12-31,-0.06139451078305902,0.030852182891155353,0.002895784400215632,G2,-2.6704259551874836
025880,2017-12-31,0.25239775068559966,0.044102878129383724,0.08473940829127863,G4,5.246909075254942
025900,2017-12-31,-0.04759180418138431,0.019964544062556863,0.07989451628444161,G4,-3.435378396328575
025980,2017-12-31,1.6088377246605097,0.06059488567755683,0.017440938579692623,G3,26.204253836309203
026040,2017-12-31,0.1955009231417297,0.04426997986781127,-0.025928995477591216,G2,3.941880355020003
026180,2017-12-31,0.07582203073124902,0.029578692182891803,0.006320270872776588,G2,1.8536340690305402
026260,2017-12-31,-2.270837515379017,0.08629902088970418,-1.0704657456268738,G1,-26.556865314750233
026890,2017-12-31,0.6611080022138984,0.048165408916452386,0.04697138965567489,G4,13.289911939511724
027040,2017-12-31,0.08760198024643104,0.030194097151930627,-0.017248481764568585,G2,2.2059947918826452
027050,2017-12-31,-0.3515201886446811,0.02928127685449017,0.01583702271921698,G3,-12.721922943439912
027410,2017-12-31,-0.5787780776505762,0.02156808079958445,28.24452001835578,G5,-27.80831741161714
027580,2017-12-31,0.08114747694963755,0.033833743393006516,-0.05509679922854478,G2,1.7779149373816527
027710,2017-12-31,-0.19616634888155615,0.02226975767099282,0.015280327269975144,G3,-9.751354786769365
027740,2017-12-31,0.38884319894332775,0.04388370104652732,-0.04055734421165688,G2,8.38236591233828
028040,2017-12-31,-0.13536651067701122,0.05413311250154319,-0.34878770610489535,G1,-2.8884441081459573
028080,2017-12-31,-0.4258752569073857,0.01900871628780331,-7.132115527032443,G1,-23.508647786899047
028100,2017-12-31,0.6443733556726304,0.04764270236520177,0.050348723037901694,G4,13.08446762130507
028260,2017-12-31,-0.14100558541214064,0.01729628838185372,0.01643169949807609,G3,-9.366144979738822
028300,2017-12-31,1.06721068763161,0.05322929117442144,-0.9270211287019949,G1,19.65490626241292
028670,2017-12-31,-0.10002638003995154,0.024028793389549958,0.060471098859706196,G4,-5.036471755433893
029460,2017-12-31,-0.619642916784084,0.031824848918667686,0.14842280960957582,G5,-20.13008380982369
029530,2017-12-31,-0.2851589210855724,0.01759039359378571,0.05672734756607985,G4,-17.40454974113841
029960,2017-12-31,0.43973836141176265,0.02529386928789264,0.262168276392685,G5,16.555173803658764
030000,2017-12-31,0.10766863451278466,0.019993636949873,0.03803655837695372,G3,4.335112993519759
030190,2017-12-31,0.3150613443965059,0.026179438447964765,0.08509872448250737,G4,11.232761382461728
030200,2017-12-31,-0.002458117720100822,0.010148396528650532,0.024009902482406344,G3,-2.3109145210837347
030270,2017-12-31,-1.5171782372151479,0.05927888499560275,-4.946856921235537,G1,-25.948062223385637
030520,2017-12-31,-0.2583586954457564,0.023010428793068746,0.1517749227705477,G5,-12.14026288434821
030530,2017-12-31,-0.7479380961533417,0.022333549607041234,0.16733293910184177,G5,-34.42946011119474
031310,2017-12-31,0.6571304488892745,0.03896495535393131,0.033581793446220025,G3,16.325862147854842
031330,2017-12-31,-0.14270364224433618,0.01620559875326623,0.024308649557931966,G3,-10.101299181865558
031440,2017-12-31,-0.3857846285304457,0.0209063076481016,0.01707187294543963,G3,-19.457218106663458
031510,2017-12-31,-0.3163041977052051,0.0351047345116893,0.0030038185607724616,G2,-9.608338065526855
031820,2017-12-31,0.5859390840950238,0.04875243693790631,0.006029581039136786,G2,11.588038678577124
031860,2017-12-31,-0.4042692831366771,0.037946536071942316,-2.507202894268763,G1,-11.20690546072769
031980,2017-12-31,-0.6251638472949643,0.030414453232245335,0.14322721510563527,G5,-21.245090337299988
032040,2017-12-31,-1.3021149111998145,0.06418164997657282,-0.15708161385240693,G1,-20.615064755524994
032190,2017-12-31,-0.023022495033392154,0.022914914912028073,0.14608548121204967,G5,-1.920864833495904
032350,2017-12-31,0.5900538670956031,0.04063207872838245,0.048075028921849276,G4,14.005188159729279
032500,2017-12-31,-0.005864851949858585,0.033668793416520154,-0.04264367485616788,G2,-0.7977360756965327
032540,2017-12-31,-0.26292851533093703,0.016066247076120324,0.020016463381570596,G3,-17.671984824421862
032560,2017-12-31,0.045408378544478156,0.03937681516198125,0.1008061629873791,G5,0.6200201631435416
032620,2017-12-31,0.2661747160368655,0.025740450238569162,0.043132890480683334,G4,9.525115317750592
032640,2017-12-31,0.28307476996216685,0.02058322461686288,0.04455582536645574,G4,12.732738220413857
032750,2017-12-31,-0.19242613971703051,0.02744839645525835,0.025464045750559605,G3,-7.775321201316247
032790,2017-12-31,0.07274968018880962,0.04587796963293652,-0.042238556165575813,G2,1.128117077090088
032800,2017-12-31,-0.753966552516333,0.040427937210051605,-0.6641973845723235,G1,-19.168935275464115
032820,2017-12-31,1.1605506986073213,0.06733129754704634,0.10819470750373052,G5,16.924621698065547
032850,2017-12-31,-0.010964903488157318,0.02647765167876236,0.11229588903778893,G5,-1.207012731324088
032940,2017-12-31,-0.1469916064550647,0.03403839427563872,0.2198026622013323,G5,-4.935178912330934
032960,2017-12-31,0.008187843411086138,0.017756310681432245,0.2112173660025007,G5,-0.7212148966270714
032980,2017-12-31,0.21660457341004608,0.0489031865998872,-0.3512035798585989,G1,3.999956400117775
033050,2017-12-31,0.059670318833299485,0.029483403063258928,0.004325957729864047,G2,1.3118010687790314
033130,2017-12-31,0.0015162998855073571,0.023952370651611914,0.13414170341746323,G5,-0.8131829446641984
033160,2017-12-31,-0.2506214631337989,0.01809726988207233,0.21574990916646403,G5,-15.008640755617085
033170,2017-12-31,-0.34878883081019707,0.02348084537344052,0.006083062083553766,G2,-15.748274140595319
033180,2017-12-31,1.9908819750798123,0.07598579071524157,0.0332676930491871,G3,25.92442609801006
033200,2017-12-31,-0.09875633720502372,0.014014858084297954,-0.31327701574802597,G1,-8.544524366098555
033230,2017-12-31,-0.43300141787336294,0.019003120660898338,-0.014608940088183744,G2,-23.89056961529468
033240,2017-12-31,-0.6990514146025474,0.030790853093465912,0.055874647902559756,G4,-23.385041382274032
033250,2017-12-31,0.06432074226749881,0.0398215716386682,-0.07482248406546055,G1,1.088022930811537
033290,2017-12-31,-0.03898886324029982,0.026853064613627797,0.15078423961353202,G5,-2.233742155207577
033310,2017-12-31,0.19313541458768452,0.027971107387868503,0.08574508118321064,G4,6.154259572814461
033320,2017-12-31,-0.4624135769529806,0.032855358971393404,0.04683979559811221,G4,-14.713202085466444
033340,2017-12-31,1.412168085394058,0.06977846000277083,-0.08307644753420641,G1,19.93701388874364
033430,2017-12-31,-0.23351500839240902,0.03948382411241963,0.09732935435376383,G5,-6.4459047039475275
033500,2017-12-31,0.5627063213649232,0.03400219728410506,-0.13939636299205835,G1,15.931686933493648
033530,2017-12-31,0.1174763156038991,0.027584206364830634,-0.007310151356637006,G2,3.497739073734559
033540,2017-12-31,0.3182168446682613,0.029372394639111225,0.04674787936519226,G4,10.119123385630141
033560,2017-12-31,-0.41374956435969046,0.024793004910503076,0.02693721149884458,G3,-17.5349266905196
033640,2017-12-31,0.20933813163480275,0.03807431871485304,0.013829325621111575,G3,4.946750954670529
033780,2017-12-31,-0.10805678092036519,0.01318504405690886,0.25956639265730064,G5,-9.787660894194516
033790,2017-12-31,-0.4550068568410962,0.03621949989206071,-0.3535377939512814,G1,-13.142114536184105
033830,2017-12-31,-0.04531425023478454,0.025081485442600332,0.07266342312409549,G4,-2.6437114169416382
033920,2017-12-31,-0.3185932814836522,0.020100629738447142,0.20561527456146925,G5,-16.894358290565687
034020,2017-12-31,-0.3794057786833793,0.024931650683881618,-0.0136340200710684,G2,-16.05989683330163
034120,2017-12-31,-0.20726167705408816,0.020116638424450186,0.020544481374815238,G3,-11.346609280422067
034220,2017-12-31,-0.4474281618330224,0.0216800328335841,0.06970266082134806,G4,-21.606153672012557
034230,2017-12-31,-0.049517556481602096,0.031508880932448496,-0.05965572779664945,G1,-2.237829893624097
034730,2017-12-31,-0.05476745981477711,0.0156975760454934,0.0543052436939453,G4,-4.826313233258764
034940,2017-12-31,0.05454556263880524,0.030735874542929583,0.023396602526882165,G3,1.0916105025178118
034950,2017-12-31,-0.03298989559184689,0.009284558405446869,0.24614397325202134,G5,-5.814369668227865
035000,2017-12-31,-0.2956389418156241,0.011922024703956731,0.02809217472823269,G3,-26.558651643643394
035080,2017-12-31,-0.43997370715878936,0.0252210903465252,-0.01796842255111462,G2,-18.277071292675974
035150,2017-12-31,-0.04324717116295032,0.019934851651389602,0.041246974290232566,G3,-3.2225537199894694
035200,2017-12-31,-0.11153694612369869,0.03464651532972709,0.0890399465476447,G5,-3.825230446585755
035250,2017-12-31,-0.04929488672278756,0.01687649903787804,0.2727009491004861,G5,-4.164894967179091
035420,2017-12-31,-0.3107179257988406,0.01937205171896543,0.16460548996975888,G5,-17.12321904745716
035460,2017-12-31,0.09968814268132381,0.03581873240265899,-0.08726526394844489,G1,2.197011960473747
035480,2017-12-31,,,-2.473554338807808,G1,
035600,2017-12-31,-0.05011856698666883,0.035151630828224735,0.00399087570188002,G2,-2.0230221043753973
035610,2017-12-31,-0.1431787050251126,0.022677262791791216,-0.08309321174021463,G1,-7.239527350197387
035620,2017-12-31,-0.2965200195809695,0.029677032431022772,-0.9989588861122844,G1,-10.698980078369662
035760,2017-12-31,-0.05200317878825625,0.026113773513334982,0.06346970537645788,G4,-2.795350045241595
035810,2017-12-31,0.0391770550242502,0.02827079093472854,0.036391110480761504,G3,0.6431760569613274
035890,2017-12-31,0.1474077459612321,0.0431739857663951,0.030106410595441883,G3,2.928008256211408
035900,2017-12-31,0.9324946237680949,0.03401624413376886,0.16010328318800085,G5,26.79604076805028
036010,2017-12-31,-0.28440255147800747,0.03248757056349104,0.09114661134831861,G5,-9.40041084527509
036090,2017-12-31,-0.12548600761590578,0.04529277163003147,0.11421427959004088,G5,-3.234069400655874
036120,2017-12-31,-0.48967104710333603,0.06463989301505603,-0.006711421220612299,G2,-7.900152405389417
036170,2017-12-31,0.19202998143720118,0.06242220951190773,-0.051571612604258146,G2,2.739986674468815
036190,2017-12-31,-0.34048066675434097,0.015355838415122726,0.09793830573138218,G5,-23.539882106471453
036200,2017-12-31,-0.5322272315830896,0.032840237455322566,0.10634585025677433,G5,-16.84583406314865
036260,2017-12-31,0.34760747736681497,0.03783014496512365,-0.49944055656440556,G1,8.633684023263799
036420,2017-12-31,-0.01782599739594215,0.03334097098419536,0.02589818697733973,G3,-1.1643319145689384
036460,2017-12-31,0.19374545320604064,0.023865723203612497,-0.053748827778719,G2,7.238477231488974
036490,2017-12-31,-0.11505620375544041,0.022395235062469945,0.2031320870623018,G5,-6.074960256483642
036530,2017-12-31,-0.15738091240259738,0.016850789549868638,0.017148844277792306,G3,-10.585549778447112
036540,2017-12-31,-0.47868832100820097,0.02360655756683729,0.02194545814403534,G3,-21.167096421285613
036570,2017-12-31,0.09711319592057321,0.021381107399679983,0.25248059793193484,G5,3.5601166634633272
036580,2017-12-31,-0.3542366747543104,0.019246263519928912,0.03846906991725006,G3,-19.496284748956292
036630,2017-12-31,-0.17346498869703844,0.029085442231570884,0.017822017203568855,G3,-6.685782747687976
036640,2017-12-31,-0.3688859373649476,0.018005527466622248,0.0928507219566833,G5,-21.653344911520147
036690,2017-12-31,-0.3894728426636159,0.030484679422757798,0.05220995963617252,G4,-13.464691432538492
036710,2017-12-31,-0.24006133357752216,0.013417291490321214,0.012025769948116726,G3,-19.456631239584546
036800,2017-12-31,-0.11718272841930691,0.016686342565968595,0.09981954468578709,G5,-8.280825295100225
036810,2017-12-31,-0.25289239182243106,0.029678363464029557,0.05088853679029454,G4,-9.228485638638979
036830,2017-12-31,-0.2763437085071076,0.02459779649459492,0.0555523917280791,G4,-12.087979821937203
036890,2017-12-31,-0.1857726156231954,0.035903700905985755,0.041000277542364884,G3,-5.758920935429176
036930,2017-12-31,-0.6779279008437907,0.023454157406236263,0.15409551116433703,G5,-29.799487055613717
037270,2017-12-31,0.08748474934827541,0.025828281191474987,-0.13778699903565958,G1,2.574340494114964
037330,2017-12-31,-0.03108000414081872,0.017277486909116298,0.002766323183940236,G2,-3.013977877593752
037350,2017-12-31,-0.2539160057479658,0.02421088325183962,0.05426355834234349,G4,-11.354809408316433
037370,2017-12-31,0.2268600582691739,0.04057431828286911,-0.006108673906245038,G2,5.073803031027615
037400,2017-12-31,-0.3940264501077292,0.02522607940027185,-0.015559792930984208,G2,-16.452037699006457
037440,2017-12-31,0.10874862333503942,0.030851469823157597,0.023216026781286425,G3,2.8444240956551097
037460,2017-12-31,0.40653457167562645,0.04306410375186172,0.033469498859193265,G3,8.952714184265023
037760,2017-12-31,0.46090031148141186,0.04243114949947203,0.05344628277037488,G4,10.367533227050853
037950,2017-12-31,0.0020225729078471935,0.037993264905098044,0.1079953861338691,G5,-0.49933550915442987
038010,2017-12-31,0.17485873927977014,0.03267186837697786,0.023252783592659452,G3,4.709396423882421
038060,2017-12-31,-0.24135075106611625,0.0352909580840388,0.0032239475597245827,G2,-7.433765601519374
038070,2017-12-31,0.028993291481031906,0.02897416977505462,0.05322627992734061,G4,0.27608495288950413
038110,2017-12-31,-0.1935057810941083,0.042290384685685155,-0.008651866177993434,G2,-5.072068789915444
038290,2017-12-31,-0.060341029221170045,0.03577987002858349,0.09111885824337977,G5,-2.2732052503228033
038340,2017-12-31,,,-0.6703258293426316,G1,
038390,2017-12-31,-0.00618816099610886,0.011747507780581862,0.0328502687966025,G3,-2.3138627092218846
038460,2017-12-31,-0.07591565068479444,0.03419560814031273,0.05105098373312868,G4,-2.8339782544829935
038500,2017-12-31,0.6116776116958508,0.04899776435765745,0.05405126872841883,G4,12.055318446786734
038540,2017-12-31,0.5230596361932521,0.035055535196206855,0.25194922089424426,G5,14.322008612891015
038620,2017-12-31,-0.10604001921889433,0.03128556484883329,0.0332494415002987,G3,-4.060466193158893
038680,2017-12-31,-0.21019747725539073,0.023714963547666487,0.008343602098397521,G2,-9.7487578243321
038870,2017-12-31,-0.17354764759089195,0.03695144801563292,-0.6907129948153092,G1,-5.264789804509456
038880,2017-12-31,-0.20330642471562102,0.022029724444492867,-0.14534983026938686,G1,-10.18171536663803
038950,2017-12-31,-0.27833578812511467,0.02253580481067397,-0.05983215926354397,G1,-13.282407698482201
039010,2017-12-31,0.24368720979147257,0.03016983489111406,0.13023375181949853,G5,7.381321489213356
039020,2017-12-31,-0.03350321415479755,0.030141326490424336,0.013825821205928245,G3,-1.8080549094541123
039030,2017-12-31,-0.7191217480414551,0.027813041472613733,0.10637407392352673,G5,-26.610383763814095
039130,2017-12-31,-0.3094751555157944,0.027668854219967474,0.018634137377317703,G3,-11.943722427833022
039200,2017-12-31,0.6563755817073917,0.053210256838018895,-1.63232596854175,G1,11.940961391295826
039230,2017-12-31,0.20204181283223427,0.046375510277268085,-0.09898991244853374,G1,3.9039538878627744
039290,2017-12-31,-0.09650809821301365,0.03341343843704631,0.015529157988618763,G3,-3.5166107677924474
039310,2017-12-31,0.3462932734724845,0.03256781325746481,-0.008038447944763305,G2,9.988368322956095
039440,2017-12-31,-0.9036879719852486,0.037374639073383197,0.08794066070860869,G5,-24.740892597072477
039560,2017-12-31,0.11129607743839806,0.028091813519039163,-0.008125095984848861,G2,3.2145350172399
039570,2017-12-31,-0.31328784185330777,0.03127077641449076,0.08999376473265154,G5,-10.689910496820165
039670,2017-12-31,0.30721952648974704,0.04609454377813424,-0.031491430988764474,G2,6.209532492256702
039740,2017-12-31,-0.13588925346972608,0.02456984247209079,-0.008126937821086025,G2,-6.385194078130752
039830,2017-12-31,-0.15833984093352083,0.02418771116724113,0.09085618299120553,G5,-7.414252587904094
039840,2017-12-31,-0.1459703523447795,0.022902195670187593,0.11716450861245649,G5,-7.290318969101942
039860,2017-12-31,-0.2591506040939228,0.02573453180299953,-0.08703145710092268,G1,-10.885939772370119
039980,2017-12-31,0.10465521400070295,0.03760647146101837,0.049021207154587056,G4,2.2246504808022203
040160,2017-12-31,-0.5324964866552068,0.020852043090137152,-0.04968090486066889,G2,-26.543703341025452
040300,2017-12-31,0.10847190575640223,0.03041135457639094,0.03462384836935613,G3,2.876489646424365
040350,2017-12-31,-0.6219352741819895,0.033747578188604015,-2.1411059160135473,G1,-19.051122121194734
040420,2017-12-31,-0.07039004417713449,0.0057964006993327,0.09761309192772527,G5,-15.765646321057195
040610,2017-12-31,-0.058095860159059126,0.036797855316282775,-0.0011660799942011303,G2,-2.1493051337624
040910,2017-12-31,-0.6328744603997145,0.025766174682838476,0.07982110460643814,G4,-25.377007942855254
041140,2017-12-31,-0.597798982165112,0.029813516962870334,-0.26873464050205426,G1,-20.755449352702275
041440,2017-12-31,-0.33416694446279194,0.035968330836329644,0.0517156025995923,G4,-9.87426703959631
041510,2017-12-31,0.512431595511307,0.028853556829560745,-0.01288841376063086,G2,17.032133654459923
041520,2017-12-31,-0.1431173434808465,0.03694412535097507,-0.0455218851320537,G2,-4.442148815418864
041590,2017-12-31,-0.6417265489002965,0.02897346751970066,-0.31140306020496533,G1,-22.873358448841156
041830,2017-12-31,-0.5203674785449659,0.027760672234881798,0.20729235917119734,G5,-19.50102047775373
041910,2017-12-31,-0.21991239826864614,0.03817255732700007,0.03963060263669856,G3,-6.310982923900742
041920,2017-12-31,-0.35037650029927897,0.031999493028843036,0.0764763280164857,G4,-11.605510723192216
041930,2017-12-31,-0.10758286894323325,0.02141370806499818,0.0358349961956474,G3,-6.004416784642368
041960,2017-12-31,-0.4554567958847921,0.03267754789536951,-0.14181282134565937,G1,-14.580370491507407
042000,2017-12-31,0.4497886426895175,0.0418897031140185,0.03570771589662289,G3,10.236278885498875
042040,2017-12-31,-0.13431449183907945,0.05002950480086125,-0.19304646048649446,G1,-3.104337163458778
042110,2017-12-31,-0.3507176259711326,0.023752268081097542,0.023675084493352,G3,-15.649519611586923
042420,2017-12-31,-0.09174361344053028,0.023818408769351467,-0.03677678839250944,G2,-4.733211765568057
042500,2017-12-31,-0.04157862220884892,0.02218179602724229,0.0316897489847966,G3,-2.8208978802110822
042510,2017-12-31,-0.22423961227243983,0.030000140235271325,0.16171841618382352,G5,-8.174414170497473
042520,2017-12-31,-0.11464162618129105,0.026669375340603863,0.20840871951638062,G5,-5.0858178578506354
042600,2017-12-31,-0.5632765623898797,0.020872572367288383,0.010130742843582344,G2,-27.99226234755929
042660,2017-12-31,1.0452471332517832,0.034788206970804654,0.058166902105699865,G4,29.4425399655606
042670,2017-12-31,-0.0504714513843961,0.026437730741229088,0.04516556040468608,G4,-2.703159785821585
042700,2017-12-31,-0.3254016728690749,0.028145044874752976,0.04815126620274549,G4,-12.307517489996137
042940,2017-12-31,0.6789473119337944,0.0413124792367213,-0.5884876466647695,G1,15.926261626179238
043100,2017-12-31,-0.35187577824778,0.037786111243159885,-0.3671427714762772,G1,-9.86790450681667
043150,2017-12-31,-0.3785191461049042,0.025066365611850584,0.382486838536481,G5,-15.938214237954805
043200,2017-12-31,-0.2768882906593927,0.025023016375925227,-0.9671360120667534,G1,-11.90433021215061
043220,2017-12-31,-0.20196225495799885,0.045712681771749274,-0.35480484502495824,G1,-4.877338311826209
043260,2017-12-31,0.08416834952910679,0.036505137173469634,0.005312855170939236,G2,1.7305616479465187
043290,2017-12-31,-0.3277850950001393,0.02237391930961526,-0.07958186378432236,G1,-15.588643605857822
043370,2017-12-31,-0.39701441588702013,0.021554482722162104,0.0707143379075629,G4,-19.393106318478317
043580,2017-12-31,-1.8165434744799,0.09137595567369931,-0.9063627341100859,G1,-20.109638472350017
043590,2017-12-31,-0.4020919456232417,0.052141663668077834,-0.015354657159183554,G2,-8.114161978033255
043650,2017-12-31,-0.3011200362454617,0.01687644409843226,0.15436049177290673,G5,-19.08660340711572
043710,2017-12-31,-0.24853269745327902,0.03972132181342028,-0.09784499792879262,G1,-6.7854402706681824
043910,2017-12-31,0.3094259563792694,0.04774292845396975,-0.5110294227522081,G1,6.041355370014243
044060,2017-12-31,0.29778726225797786,0.049305063197977124,0.16339984213274353,G5,5.613892065463585
044180,2017-12-31,-0.3072271216082103,0.035806129316787796,-0.7459402531087004,G1,-9.166617198078333
044340,2017-12-31,0.19518292373776006,0.03390897013971723,0.04341413108293329,G4,5.136958269046953
044380,2017-12-31,-0.18028797978831124,0.027410623396061685,-0.10155161531561009,G1,-7.343209093190656
044450,2017-12-31,-0.3111272324612378,0.014305194768002912,0.14466462838163266,G5,-23.216824169900995
044480,2017-12-31,0.29058433886029555,0.03889583501741154,-0.09518345009767393,G1,6.9310860547393105
044780,2017-12-31,-0.11923899425098058,0.02257127476073843,0.005815603328602278,G2,-6.212894704493254
044820,2017-12-31,-0.3961013558009836,0.03193386143035241,0.019608958249670346,G3,-13.061223926656657
045060,2017-12-31,-0.24485093487693593,0.03044257813669268,0.042749521865148826,G4,-8.732666887374577
045100,2017-12-31,-0.005319551774545406,0.024969242211637568,0.048291351824906736,G4,-1.053836986128268
045300,2017-12-31,0.10152936241180407,0.030276250895071126,0.1535530820618204,G5,2.6600190197671245
045390,2017-12-31,2.0557850167455416,0.06713360313978184,0.07790345341370068,G4,30.30957616449008
045510,2017-12-31,-0.10424255003060606,0.031148787355988278,-0.017314580502787464,G2,-4.0205902009280985
045520,2017-12-31,0.09975858382581253,0.03181469815154818,0.06111882529199406,G4,2.475730691108449
045890,2017-12-31,0.15893394238463013,0.04744244382924681,-0.07401321447545199,G1,2.9075227173672897
045970,2017-12-31,0.03242131864964448,0.025825187650797027,0.004768245523087784,G2,0.44248892284886643
046070,2017-12-31,-0.19240296289414785,0.021079567983952024,-0.008920985472494466,G2,-10.123401117151992
046110,2017-12-31,-0.17413281987586587,0.026313005551985364,0.14367718329696297,G5,-7.415602093574471
046310,2017-12-31,-0.5045492610875999,0.03286386096381053,0.031016746269907088,G3,-15.991523967618962
046390,2017-12-31,0.17854046067750237,0.029862052411807748,0.033757465752558315,G3,5.275809556597439
046440,2017-12-31,-0.02207381710792547,0.024924649153834265,0.0741789755553173,G4,-1.7279190581895765
046890,2017-12-31,-0.26700183126116117,0.028299403185677096,0.041767440448299546,G4,-10.17674431348415
046940,2017-12-31,0.40252028074642976,0.05266673726991916,-0.002086698212300694,G2,7.244160951293003
046970,2017-12-31,-0.2165320892904427,0.029181546292175755,-0.25867108052474547,G1,-8.139597747697229
047040,2017-12-31,0.0004956016512709591,0.028011957994646883,0.021916981681043293,G3,-0.7317716789493887
047050,2017-12-31,0.09591299790923585,0.027776501490614874,0.00739062989667613,G2,2.697209321011001
047080,2017-12-31,-0.2046399949251711,0.03316342321789576,0.028135851593459396,G3,-6.803699142466306
047310,2017-12-31,0.17379245450278907,0.0324207625421912,0.01299398400250824,G3,4.712982772082217
047400,2017-12-31,-0.16444759804783055,0.03272243322017437,-0.007681454595923838,G2,-5.6671078212232
047440,2017-12-31,-1.542699971250729,0.08862708799501931,-0.34491775718915624,G1,-17.64352147643934
047560,2017-12-31,0.04783358835700657,0.0340074820369112,-0.05018390632322905,G2,0.7892271807775063
047770,2017-12-31,0.11553922118672803,0.03530592252497802,0.10048754218319747,G5,2.6778867465130323
047810,2017-12-31,-0.26763942811926655,0.03115200360314069,-0.11349303902406449,G1,-9.265323379515804
047820,2017-12-31,0.3652742182323749,0.033217884994849824,-0.22669825663868112,G1,10.364304021826777
048260,2017-12-31,-0.04096964946004976,0.022213674352761503,0.01422935507869055,G3,-2.7894353567859964
048410,2017-12-31,0.2396489688654057,0.04327081841333916,0.0381040628265427,G3,5.053174811556769
048430,2017-12-31,-0.09932585815897876,0.041151138850700326,0.018054615941215813,G3,-2.923851458380831
048530,2017-12-31,0.12613633469839292,0.03677096897312537,-0.7967698350057867,G1,2.859385500326749
048550,2017-12-31,-0.19787356198927075,0.02770228254147859,-0.15829902391362594,G1,-7.900703519474765
048770,2017-12-31,-0.4386477645516158,0.021538152967417238,0.04016269129511323,G3,-21.340814341444784
048830,2017-12-31,0.11574878917162788,0.039728766851103874,0.02499381864500484,G3,2.3850433199469325
048870,2017-12-31,0.158152146856665,0.033898515313459374,-0.3573708899878823,G1,4.046141443207485
048910,2017-12-31,0.30325033386729905,0.030697080265149387,0.06458018445406577,G4,9.194893203054013
049070,2017-12-31,0.1200702387391111,0.020035830423752836,0.042899127866191836,G4,4.944954986142274
049080,2017-12-31,-0.41434931002137665,0.024381512328321676,-0.009195940402436884,G2,-17.855466196793436
049120,2017-12-31,-0.3084906039993417,0.03709862240155432,-0.12470204125236801,G1,-8.881315311837852
049180,2017-12-31,0.26590504822162786,0.05488125295630265,-0.36487534777475183,G1,4.462563732518217
049430,2017-12-31,-0.23079606050240378,0.012248591214630535,0.13879652663525474,G5,-20.556651395576203
049470,2017-12-31,-0.4575520018235968,0.02102003264703292,-0.18116003173361095,G1,-22.766185430964082
049480,2017-12-31,-0.3288796344314714,0.032108343061362676,0.012491091363977316,G3,-10.896656764458285
049520,2017-12-31,-0.34912687990848057,0.015420105661927414,0.03187311483447287,G3,-24.002483978173423
049550,2017-12-31,-0.2768933197389739,0.018491737964366387,-0.3825174328273559,G1,-16.10920939376692
049630,2017-12-31,-0.01691023476810738,0.06475090655206042,-0.2738530616333721,G1,-0.5853847609269448
049770,2017-12-31,0.29415913698974805,0.02710288128338389,0.020123454655091827,G3,10.078824275172005
049800,2017-12-31,-0.34267681170937936,0.036591451307084,0.0032390785178422828,G2,-9.9386812466399
049950,2017-12-31,-0.38725577111573584,0.037794754074583034,0.1552373707766503,G5,-10.801756494929998
049960,2017-12-31,-0.2555127523155093,0.02880918835326331,0.2980497650143726,G5,-9.597865379218916
050120,2017-12-31,-0.154833987936915,0.04898924668744263,0.04861900280702638,G4,-3.589113101542308
050320,2017-12-31,,,-0.383922370306954,G1,
050540,2017-12-31,0.2659035234726335,0.0360050708944658,0.002564395420134476,G2,6.8020853231149765
050760,2017-12-31,0.08125526672643782,0.030874537335303084,-0.024953825334521205,G2,1.951812488340007
050860,2017-12-31,0.06745082374121017,0.031799382624403794,0.04067365175081174,G3,1.4609360535787361
050890,2017-12-31,-0.15048451529965512,0.03568937544835721,-0.09973207239887859,G1,-4.804748537319159
051160,2017-12-31,0.53904855854428,0.0418311862861558,-0.013906108036227034,G2,12.384410899005722
051360,2017-12-31,-0.1221088815912027,0.017942420283277003,0.02479939166748318,G3,-7.975670980589686
051370,2017-12-31,-1.220868804554954,0.03950223000398615,0.051703554754512035,G4,-31.437788793526636
051390,2017-12-31,0.10647230398606253,0.028003606419175146,0.10799823941375002,G5,3.05240487681825
051490,2017-12-31,0.24617537416193835,0.02930540689078007,0.013368384239260527,G3,7.68395456229309
051600,2017-12-31,-0.12976060471290277,0.02399132182263193,0.10992971744499888,G5,-6.283712294433218
051780,2017-12-31,-0.4850892480269601,0.028620053669642743,-2.5832549127361766,G1,-17.68281824528636
051900,2017-12-31,-0.00854354563442894,0.02375377913685709,0.09864494290162959,G5,-1.243486547884547
051910,2017-12-31,-0.09300143684794135,0.022540071572814395,0.07868207247454997,G4,-5.057454927033363
051980,2017-12-31,0.6544943790402149,0.052439593566562054,0.04593703379500461,G4,12.080574557703878
052020,2017-12-31,1.926529943775917,0.0687241146801294,-1.944694573121895,G1,27.727326768215207
052190,2017-12-31,-0.9893333806893867,0.0414291174998261,-1.9967226863605012,G1,-24.38689020776996
052220,2017-12-31,-0.33034825867164447,0.019723278188088077,-0.003057448393694043,G2,-17.813581216306726
052260,2017-12-31,-0.1238090326499542,0.031106195312344636,0.1168028073599728,G5,-4.655117425311154
052290,2017-12-31,-2.4013143235570134,0.09247832498153903,-10.455935192894703,G1,-26.19325429201102
052300,2017-12-31,0.07899581845087261,0.02977560855069273,0.09653759679394783,G5,1.9479655359000123
052400,2017-12-31,0.014222665862853482,0.03879335146377947,-0.3723058395704589,G1,-0.17454777855793638
052420,2017-12-31,-0.8162873908951321,0.04417776931253166,0.023742394624983166,G3,-18.95254928232193
052460,2017-12-31,-0.06067946936569645,0.03689318485673114,0.023704260389861367,G3,-2.213780915541333
052710,2017-12-31,-0.8369474083095568,0.03738354979973804,0.08030250002834662,G4,-22.949703066968834
052790,2017-12-31,-0.4444812728547541,0.03481353920247121,-0.13497781204525042,G1,-13.370523155697603
052860,2017-12-31,-0.5397035344190912,0.021642256396096696,0.14592339935174334,G5,-25.907534008509835
052900,2017-12-31,-0.12980252877323104,0.03136523353082474,-0.008369418459200346,G2,-4.8077591326940565
053030,2017-12-31,0.023877437325643243,0.039988528233036905,-0.14762378380199978,G1,0.07210763359846717
053110,2017-12-31,-0.46919795964307953,0.03747795300643452,-0.111390171287848,G1,-13.079474184264889
053160,2017-12-31,-0.18969394358151503,0.03208256594724621,0.03971249911881502,G3,-6.567052744834232
053260,2017-12-31,0.11102178803102612,0.02487325791190138,0.015090825424376043,G3,3.61946268422988
053270,2017-12-31,-0.08733426261261351,0.03699354332976001,0.009058705029271297,G2,-2.9283007802375263
053280,2017-12-31,-0.08805593517510676,0.0191357023259715,-0.0006097617155752352,G2,-5.698766238162825
053290,2017-12-31,-0.36938952502786054,0.017745448532498962,0.012639568256113076,G3,-21.999076748980837
053350,2017-12-31,-0.11261421496597732,0.032723737367755766,0.06390322240121993,G4,-4.0829130440736625
053610,2017-12-31,-0.39894032851974726,0.02268315164768897,0.1694897151789164,G5,-18.513048549239183
053690,2017-12-31,0.16291644865109484,0.029661228928793016,0.0483359093490818,G4,4.784781163590059
053700,2017-12-31,0.39150937110586376,0.04193958770360681,0.007081976050570423,G2,8.834502965090568
053800,2017-12-31,-0.02872727798185165,0.031767575948560625,0.10833932172678815,G5,-1.5651567889862228
053980,2017-12-31,0.2623507983033494,0.04074866069715146,0.04541116361555506,G4,5.923061886952962
054040,2017-12-31,-0.7885915409341979,0.02047383564707854,-0.00014287074949169792,G2,-39.5424440282343
054050,2017-12-31,-0.3139691819452866,0.026421084734975293,0.08835305795256763,G5,-12.677872407166833
054090,2017-12-31,-0.015975676783918702,0.02829538991079264,-0.05765693749151926,G1,-1.3065604002682756
054210,2017-12-31,-0.10909139283265107,0.03760302407255153,-0.0024814816687968467,G2,-3.459438575082072
054340,2017-12-31,-0.921297611532941,0.05695835101422672,-1.2235761298356829,G1,-16.543519149303574
054410,2017-12-31,-0.1968873564067581,0.030681437447660113,0.16033938824094615,G5,-7.10140507471719
054450,2017-12-31,0.05086563567899294,0.032154042944474825,0.012564710792041118,G3,0.9290177458213684
054540,2017-12-31,-0.055273548064285485,0.02867954136980561,0.02675359166690323,G3,-2.65930010053281
054620,2017-12-31,-0.5111749899435506,0.02301780522186853,7.620727412490014,G5,-23.11988236922025
054780,2017-12-31,0.40258712333535923,0.04602880031160511,0.0015300101728813395,G2,8.290313055486605
054800,2017-12-31,-0.07163499303325127,0.020819209568579466,0.07043751420423645,G4,-4.449206004281794
054940,2017-12-31,-0.016145720104064565,0.0268041669753952,-0.020117967606152694,G2,-1.3855934908117187
054950,2017-12-31,-0.4558715503592118,0.025469596555211967,0.10793430152150629,G5,-18.722931417824203
056000,2017-12-31,0.0005520700472778362,0.032396913710971795,0.005915667867064998,G2,-0.6309826089845284
056080,2017-12-31,-0.36493078001626955,0.033701946702481354,-0.06258564184114379,G1,-11.451111195648789
056090,2017-12-31,-0.12231718206475428,0.03416484096950865,-0.4923248201548633,G1,-4.194696570557133
056190,2017-12-31,-0.06395534403193455,0.020162660647319988,0.10588287354707633,G5,-4.213199076328224
056360,2017-12-31,-0.03079454192730499,0.027204758193092603,0.11984472088098906,G5,-1.9036559980940304
056700,2017-12-31,-0.3603197501223923,0.030412958549818066,-0.013581959187164991,G2,-12.537869628219608
056730,2017-12-31,0.2565021998813619,0.049438757422115044,-1.2444383133363555,G1,4.7636359200310405
057030,2017-12-31,0.22625999359791132,0.03835709947437684,-0.04435597372762667,G2,5.351448290592432
057050,2017-12-31,-0.17082741847195893,0.0144902867480538,0.1174008891087381,G5,-13.237928344060967
057540,2017-12-31,-0.1458832982654935,0.03211811272650388,0.05422892672468078,G4,-5.195736713118258
057880,2017-12-31,0.4259895312085312,0.05958612821163581,-1.2014539325755296,G1,6.796809663256009
058110,2017-12-31,-0.3273437850371257,0.029279698769861896,-0.2277254141460557,G1,-11.896903276182242
058220,2017-12-31,0.2538683801377838,0.04602699342663295,-0.414326417429654,G1,5.059518417715297
058400,2017-12-31,-0.15965024601097433,0.01869286461066978,0.14689753282818796,G5,-9.66380535873229
058420,2017-12-31,-0.523661021437691,0.0420076598082268,-0.5944078702343308,G1,-12.965611107779418
058430,2017-12-31,-0.26739541293744634,0.02081043630369251,0.01921802530858388,G3,-13.857920512216714
058530,2017-12-31,0.42918271241227596,0.0474917842369501,-0.24581379002782708,G1,8.594934045687397
058610,2017-12-31,0.13876582077109462,0.04108784042565322,-0.013949604749121755,G2,2.8663434331751887
058650,2017-12-31,-0.41688494149051036,0.015368438211943811,0.04403472488049629,G4,-28.49208843705925
058730,2017-12-31,0.4676184952459995,0.04624681009722014,0.08355696848690444,G4,9.657412805843927
058820,2017-12-31,-0.2124980511284776,0.03783600260555476,-0.004500098420841452,G2,-6.171159589619855
058850,2017-12-31,0.14825080695394727,0.02211237225278753,0.007631031859943735,G2,5.755006578013426
059090,2017-12-31,0.2813093386545562,0.03268952030890376,0.10369056639130775,G5,7.963267035153761
059210,2017-12-31,0.003523366295660496,0.03916574573503949,-0.06079587249600172,G1,-0.4460681792248618
060150,2017-12-31,-0.06411797022808399,0.022395362139110187,0.019660521775562524,G3,-3.8004265741754653
060230,2017-12-31,0.4173902200333618,0.03249131352543774,-0.21436862159605125,G1,12.20006881344905
060240,2017-12-31,-0.7077508543409644,0.026022127711596323,-0.6988082307638293,G1,-28.004812734812802
060250,2017-12-31,-0.23027611246566596,0.027343885618330715,0.028986210243317007,G3,-9.189259900973756
060300,2017-12-31,-0.5642269581610562,0.049949460388597385,-0.2975055795716418,G1,-11.7162610525083
060310,2017-12-31,0.333989031425333,0.03565999252506171,-0.3323912399599401,G1,8.7772052117422
060380,2017-12-31,0.15845153471288634,0.041926229076148666,0.017539159997236566,G3,3.2785580424978136
060540,2017-12-31,0.05257921367901455,0.034437091963789045,0.07089718943390605,G4,0.9171870414770595
060560,2017-12-31,-0.24506715913603666,0.03178888681355003,-0.24549626905661648,G1,-8.369626778069543
060570,2017-12-31,0.3847680533738037,0.0409950892503151,-0.20290305058153912,G1,8.87360171285233
060590,2017-12-31,-0.3162306982644466,0.034808827118979875,-0.15856588750297748,G1,-9.687906354771856
060720,2017-12-31,-0.38782068743514775,0.03545760194509306,-0.10737884667092933,G1,-11.52967556158706
060980,2017-12-31,-0.3164038861162853,0.018769801802209964,0.047191735317864886,G4,-17.97556782193797
061040,2017-12-31,0.37943709200410136,0.024549536198797496,0.013005565543935966,G3,14.600810781834054
062860,2017-12-31,-0.17717590814659506,0.022167371600661605,-0.05347472067689928,G2,-8.939709718420291
063080,2017-12-31,-0.42635209494282644,0.029086284501051236,0.08070378359824555,G4,-15.37996556797524
063170,2017-12-31,0.1413349810102833,0.03486598209652228,0.05641172813557654,G4,3.4515311082722464
063570,2017-12-31,-0.23014144630184122,0.02748018214768005,0.06816639222814562,G4,-9.138782419122945
063760,2017-12-31,-0.7528869604980837,0.026404145475078692,0.3523574284606719,G5,-29.309068926778085
064090,2017-12-31,-0.3912373826206724,0.03089057162161349,0.10609132024195932,G5,-13.344891990147447
064260,2017-12-31,-0.2603123884766456,0.020955874312842345,0.06181263043503745,G4,-13.423746652647496
064290,2017-12-31,-0.14777814220337196,0.03266753573940698,-0.0109969201883203,G2,-5.166355452500659
064350,2017-12-31,0.7305395162067106,0.053494574833355825,-0.016971828856671405,G2,13.263878799549026
064510,2017-12-31,1.1810424154981058,0.07841496043713307,-0.10485372295809788,G1,14.793713468037362
064520,2017-12-31,-1.038816787927479,0.03839675326477928,-0.14102726102667107,G1,-27.60157192986678
064550,2017-12-31,0.01352913750840068,0.04119590478544856,-0.42725627313877035,G1,-0.18120300340895884
064800,2017-12-31,-0.5008259618327731,0.03116383476292851,0.028759421979178915,G3,-16.74440661703118
064820,2017-12-31,-0.34504688483938517,0.027274066602354062,0.013602959686094531,G3,-13.420838533534459
064960,2017-12-31,-0.4802304723045849,0.02351648701639949,0.05191882687846876,G4,-21.313746017367468
065130,2017-12-31,0.18092838743218906,0.03416531310617689,0.07751350310539,G4,4.681193108094197
065150,2017-12-31,,,-0.07667789889771906,G1,
065160,2017-12-31,-1.429616421712178,0.07253274096909945,-0.12380834477109927,G1,-19.999387332044208
065170,2017-12-31,0.1586044825574588,0.041755258555794914,-0.031661914138573895,G2,3.2956453422484517
065350,2017-12-31,-0.4224644829222899,0.026935624715584264,0.02663726203165397,G3,-16.463640505408055
065420,2017-12-31,-0.2124852652714786,0.04303077511603885,-0.02024260675965503,G2,-5.425866111533915
065440,2017-12-31,-0.25810817231939853,0.03866257931464068,-0.04829619225875682,G2,-7.218921666650991
065500,2017-12-31,0.01074982123479401,0.04471456851956204,-0.024931133398283387,G2,-0.22910067765492964
065510,2017-12-31,-0.4417438626677638,0.022949139482267313,0.049173146206860474,G4,-20.163624096188553
065560,2017-12-31,0.17879631528375123,0.03090439090180123,0.019353956700105725,G3,5.106146780290707
065570,2017-12-31,-0.4749124276952101,0.014909471819681335,0.08274411107289538,G4,-33.261163968549134
065620,2017-12-31,-0.5634450964491107,0.05848113991306779,-0.7327835353621683,G1,-9.993633101228067
065680,2017-12-31,-0.47235055681213955,0.012892123177776986,0.05079450793897272,G4,-38.267127081613985
065690,2017-12-31,0.07498321019874182,0.02928177886069194,-0.04009213459643225,G2,1.8437831687727109
065710,2017-12-31,-0.07097179945368767,0.03231398516921107,0.13846409406526536,G5,-2.8460048538051126
065770,2017-12-31,0.1503354440873606,0.030585990514305335,0.0230912031088909,G3,4.228781959609678
065940,2017-12-31,-0.21200212555826203,0.05303100670986134,-0.5001371481275502,G1,-4.3935821549962935
065950,2017-12-31,0.2072506988177554,0.04928641380955367,-0.016937470660892105,G2,3.7790686162274194
066110,2017-12-31,-0.2634517571206755,0.0405149965956153,-0.9155318785095701,G1,-7.020751331745956
066310,2017-12-31,-0.22759152900510338,0.030239826519280172,0.03320824444881773,G3,-8.22046674210531
066360,2017-12-31,-0.2830938940535105,0.02365600214981521,0.05850984424455337,G4,-12.854574974730435
066570,2017-12-31,-0.4693340962365757,0.02246013212523447,0.03045001876660809,G3,-21.831040560502956
066590,2017-12-31,0.7093123192352833,0.04961714137559451,0.021775966349856363,G3,13.872592031071287
066620,2017-12-31,-0.23813608304143252,0.024644117574669246,0.04929067179085455,G4,-10.51488418848707
066700,2017-12-31,0.2969746526840465,0.053174792405989706,0.010701744321889944,G2,5.190066213954529
066790,2017-12-31,-0.1951166961922442,0.034029380092168805,-0.33463426473818486,G1,-6.350707970306262
066910,2017-12-31,-0.4091735871966566,0.026030884200588376,-0.11811248320660195,G1,-16.525276016963225
066970,2017-12-31,-0.04201067135203346,0.031381618577350834,0.051211325873547126,G4,-2.007692190267696
066980,2017-12-31,-0.0002609344875298403,0.029232057930522325,-0.0700220668665712,G1,-0.7271090431512262
067080,2017-12-31,-0.09732477091495678,0.032130201460602276,0.09912576279059804,G5,-3.682477068925679
067160,2017-12-31,0.9232855409744514,0.041218189774736104,0.1550377042694749,G5,21.89061641770159
067170,2017-12-31,0.014404667769134488,0.02477181760180601,0.030942750783654178,G3,-0.2659995128519989
067290,2017-12-31,-0.09348728245108202,0.035888677370595534,-0.0791702486599333,G1,-3.189898598173271
067390,2017-12-31,-0.5260574997725437,0.029201128465092936,0.015082097396412631,G3,-18.733915013255842
067570,2017-12-31,-0.34729828443759914,0.023992447891873186,0.011640354647747805,G2,-15.350340460508907
067630,2017-12-31,1.1351247717426476,0.05392974998597262,0.07291022363078298,G4,20.658927824600795
067770,2017-12-31,0.09121229857118318,0.031216339630925977,-0.10764726172259914,G1,2.2494097712194456
067830,2017-12-31,-0.33481446632640155,0.014064916048659228,0.16171820800082928,G5,-25.29758615544622
067900,2017-12-31,0.17995691906914946,0.030982268453796022,0.15394719458553846,G5,5.130772142218639
067990,2017-12-31,-0.026114106871779175,0.026169796091188743,0.004476023727379793,G2,-1.800092973262169
068270,2017-12-31,0.20347166313083187,0.03841915245654988,0.39799078522095865,G5,4.749654593591867
068290,2017-12-31,0.08220422065406788,0.03661011686633812,0.03319156671948482,G3,1.671949360169221
068330,2017-12-31,-0.14817911767103908,0.03126992951742381,0.1409841532732861,G5,-5.410088205042107
068400,2017-12-31,0.3541674646534251,0.03383689731795313,0.01927146700428668,G3,9.84645555232326
068760,2017-12-31,0.25916614895179213,0.04397601149126229,0.11566859398634127,G5,5.415957056847725
068790,2017-12-31,-0.29808634069429596,0.02603889946582794,0.014354851437776433,G3,-12.25398563010366
068930,2017-12-31,0.15622504364435447,0.01567746132439139,0.09194789995332807,G5,8.625827974474737
068940,2017-12-31,-0.4063858342131593,0.04748008246802608,-0.35808448630143863,G1,-9.001243704339347
069080,2017-12-31,-0.4506438633627247,0.03580625324954761,0.18020663315820643,G5,-13.17194008709518
069110,2017-12-31,0.026338965531512465,0.030382188283240942,0.015898716191958668,G3,0.17592565413687977
069140,2017-12-31,0.5862796453129986,0.04534626477644053,-0.000386746395010268,G2,12.465981242693601
069260,2017-12-31,0.03526683970264852,0.02092390625689716,0.15376077829096382,G5,0.6821326928030124
069410,2017-12-31,-0.2535008228952724,0.024918252772041533,-0.07526020509462188,G1,-11.015811766181741
069510,2017-12-31,-0.13764092517178209,0.012258862368526795,0.032979573091583655,G3,-12.940424615805474
069540,2017-12-31,0.7283457745855746,0.04499586236386514,-0.036949675451270286,G2,15.720374679827334
069640,2017-12-31,-0.40293527697001125,0.01613702049354294,0.022716415939977145,G3,-26.270601584927995
069960,2017-12-31,-0.09925650897339398,0.019425619128052112,0.16354251697412783,G5,-6.190302989283691
070960,2017-12-31,-0.41675559304852033,0.032076652982805674,0.08085394944056891,G4,-13.64698344515073
071090,2017-12-31,0.5742997107576304,0.05740768762926167,0.039534094970538745,G3,9.638182174262106
071200,2017-12-31,-0.2082565317950561,0.03247790602990529,0.02055466973782677,G3,-7.058659839942831
071280,2017-12-31,-0.3733895383432838,0.03267995454364914,0.009843421908152553,G2,-12.068055266117248
071460,2017-12-31,0.07921095676758036,0.03726970264321274,0.004505933834667416,G2,1.562046205230696
071670,2017-12-31,-0.3270053017124941,0.03152832082056329,-0.0021965620930133258,G2,-11.0376719038331
071850,2017-12-31,-0.0638758129750967,0.042274705069932396,0.013796237074970276,G3,-2.0075781018075802
071950,2017-12-31,0.5200179444724644,0.05238360579570077,-0.004882623931799324,G2,9.526338970154416
071970,2017-12-31,-1.6008155768968508,0.04233656580557576,2.913534950622079,G5,-38.30753641021423
072130,2017-12-31,0.11938619233967568,0.03230256885886677,-0.2075364202738685,G1,3.0459569202030945
072520,2017-12-31,0.5335621457324236,0.05194090287278575,-0.7302756540475689,G1,9.868295662940977
072710,2017-12-31,-0.4672074506335758,0.014532070325928173,0.08194998423167957,G4,-33.59475965005472
072770,2017-12-31,0.5737746865609081,0.04698636715815301,-0.13751862213077548,G1,11.764704547525694
072870,2017-12-31,0.01432273614254198,0.02758846259616086,-0.02666242775822074,G2,-0.24181206248367848
072950,2017-12-31,0.12266125877177053,0.0325088107848234,0.06555601355301253,G4,3.1273767675180544
072990,2017-12-31,-0.022050091269322225,0.026969491866629246,0.003162551994930994,G2,-1.5960274915767443
073070,2017-12-31,1.2703230744996512,0.05888648505290922,0.09605827819866351,G5,21.21588874244169
073110,2017-12-31,-0.29226221646133455,0.026732475285497617,0.06599811911842172,G4,-11.718188169987748
073190,2017-12-31,0.11540411895840359,0.02079548953774786,0.034233170458143954,G3,4.5399344700858
073240,2017-12-31,0.4369402401793884,0.047493887779165515,-0.039055243267282366,G2,8.757890761222985
073490,2017-12-31,0.27696024198784996,0.035722795663875956,-0.00351383674600143,G2,7.1653485693735295
073540,2017-12-31,0.08559774538332256,0.02701720917963845,-0.11744604677612676,G1,2.3912087207119015
073560,2017-12-31,-0.36102967597979757,0.017870950852776034,0.13113889868807455,G5,-21.376794011166357
073570,2017-12-31,0.31535396989593917,0.04498167106009729,-0.8982239298596654,G1,6.543999006150507
073640,2017-12-31,1.039449505934735,0.04667966633349919,-0.09693086180350635,G1,21.817969723150686
074430,2017-12-31,-0.08188406090494049,0.03206808135571818,0.032201684422014314,G3,-3.2081127320162977
074600,2017-12-31,-0.4039455283397104,0.02816084341167329,0.14896425413482348,G5,-15.089728716975753
074610,2017-12-31,0.45071468128469283,0.06945257386879049,-0.2634200289670863,G1,6.1872540953319595
075130,2017-12-31,-0.14678704770755188,0.014377062401940364,-0.03376680604737063,G2,-11.67004789995077
075580,2017-12-31,0.40404244829663055,0.02637935378424803,0.007417418608306622,G2,14.520768486060785
075970,2017-12-31,0.03879867646369971,0.021790051047660994,0.02718441479095404,G3,0.8171030550172785
076080,2017-12-31,-0.40949271956977173,0.033877519187519675,-0.019809152325335866,G2,-12.707148843178416
076610,2017-12-31,-0.43624259219299755,0.0438264553015201,-0.03799175951486743,G2,-10.432889181453193
077280,2017-12-31,-0.07875237658580034,0.030913879964927383,0.09068737466215818,G5,-3.226587406130795
077360,2017-12-31,-0.5363471549760841,0.01655545078040971,0.176721373399528,G5,-33.665112569406254
077500,2017-12-31,-0.319451197242835,0.02792937118971254,0.035585759203901585,G3,-12.189503090277503
077970,2017-12-31,-0.04231983308054338,0.04876669770740528,-0.012795943413683748,G2,-1.2982997668632905
078000,2017-12-31,0.10967174228379148,0.02101429466023338,0.12802491067007588,G5,4.219879112475202
078070,2017-12-31,0.17915416717533,0.017373159835318622,12.43969013914258,G5,9.103709946311898
078140,2017-12-31,-0.2837837981479648,0.03562251867380921,0.11829179900475395,G5,-8.555761037630402
078160,2017-12-31,-0.285370794488805,0.03892181440606041,-0.04374000622135796,G2,-7.871286535521203
078340,2017-12-31,0.06522338290379473,0.03126209862830839,0.280273596004991,G5,1.4147938129806406
078350,2017-12-31,0.05086982092113718,0.03142659373685868,-0.02836018683070131,G2,0.9506554222077149
078520,2017-12-31,-0.25217712546393306,0.03803429284188015,0.022876906165296102,G3,-7.182231198125855
078600,2017-12-31,0.4039257035851063,0.042600735336467924,-0.08477474372527079,G1,8.988852924180115
078860,2017-12-31,-0.16374115471310197,0.023117644871140958,-0.23800986091133974,G1,-7.991087107986098
078890,2017-12-31,-0.3166039775588897,0.029289321032467924,0.011692067724738303,G2,-11.526314876617578
078930,2017-12-31,-0.15551190047226593,0.015992173206443538,0.06736014231266219,G4,-11.037015255989221
079160,2017-12-31,-0.5240042980554387,0.023725390268485264,0.005854201989974697,G2,-22.97109767517882
079190,2017-12-31,0.10941196774129669,0.04173470373458253,-0.046475094235327225,G2,2.1185728098114573
079370,2017-12-31,-0.33479416889070074,0.021313246684067706,0.05254868605522854,G4,-16.693286262216283
079430,2017-12-31,-0.3946911872622475,0.024486279358878784,0.041595501343439985,G4,-16.976247814276142
079550,2017-12-31,-0.38013316134013675,0.02905190662761502,-0.004898729308196548,G2,-13.80725629010946
079650,2017-12-31,0.0810385314441926,0.04233112413311458,0.06076773528945862,G4,1.41844974566947
079660,2017-12-31,0.04789479887303944,0.032350862879571465,0.021559674960717676,G3,0.8315339157878537
079810,2017-12-31,-0.5984582800122736,0.03926525043682672,0.01705823410790221,G3,-15.776092914333363
079940,2017-12-31,0.1885326415911584,0.03000744649519021,0.08320241057817993,G4,5.583236895359928
079950,2017-12-31,-0.31396621814866,0.02253685735417942,0.0060933107240097985,G2,-14.862772216562648
079960,2017-12-31,-0.27108186567561304,0.01060196411998973,0.02056451113744455,G3,-27.54921838573148
079970,2017-12-31,-0.13741794974690413,0.04777355110964093,-0.6500582187427598,G1,-3.3158914347191852
079980,2017-12-31,-0.2123054616438097,0.026161485949065828,0.01808309118494471,G3,-8.917667034727964
080010,2017-12-31,-0.07234621602347568,0.02649708050608493,0.1575316848412141,G5,-3.5226588523861717
080220,2017-12-31,-0.11040932598477851,0.02711201790090617,0.03367443783758759,G3,-4.846680378005358
080420,2017-12-31,-0.21115946874300034,0.022666059111631245,0.12483956127781255,G5,-10.242337531341859
080470,2017-12-31,0.26838551003810834,0.04753939638553009,-0.009015073675472478,G2,5.2039270513273745
080520,2017-12-31,-0.2931910372378784,0.023919568172115404,0.08092718481293162,G4,-13.135061392446783
080530,2017-12-31,0.7021042287242759,0.033063413300538254,-1.5658893459203544,G1,20.600119635243903
080580,2017-12-31,-0.45239499864764415,0.020220358868080494,-0.026255077300869054,G2,-23.411501295291114
081000,2017-12-31,0.5439504384358145,0.04409565170515743,0.059513747023653064,G4,11.859592931041226
081580,2017-12-31,-0.3839535938723534,0.015821640075910023,0.03973554542250403,G3,-25.594537046295137
081660,2017-12-31,1.301002622995655,0.030385705746114697,0.042725583472753396,G4,42.125355734929784
081970,2017-12-31,-0.47699175193459487,0.07803101386291553,0.09662049852850473,G5,-6.381894665538077
082210,2017-12-31,-0.3196776967700953,0.024054363080615662,0.04485410084159465,G4,-14.162572287282918
082270,2017-12-31,-0.01161519260960487,0.03642817491249199,-0.2606995982020394,G1,-0.8951629301114385
082660,2017-12-31,0.3565334171909953,0.04315301445518554,-0.1605331077914303,G1,7.775574018259604
082740,2017-12-31,0.878095712775454,0.036438457885154624,-0.013452515594409365,G2,23.521899754736108
082850,2017-12-31,-0.45411450167713074,0.02356572045801588,-0.0158327799753845,G2,-20.160998756954875
082920,2017-12-31,-0.2837180809057776,0.020692400442587404,0.04893357113492377,G4,-14.725794667220807
083310,2017-12-31,-0.7652591505727353,0.024756253935379433,0.12125429337805525,G5,-31.759777218667395
083450,2017-12-31,-0.9468329965606543,0.024621376533164378,0.09676234976482795,G5,-39.3084015607612
083470,2017-12-31,-0.7988736659290775,0.05279379119999725,-0.3486275051155097,G1,-15.529622072543894
083550,2017-12-31,0.19600453426159442,0.029043202756721117,0.03706841193526018,G3,6.025870374692762
083640,2017-12-31,0.3646889378981966,0.04231592809749759,0.021625898683982195,G3,8.122118411833865
083650,2017-12-31,0.1540951746153948,0.05102748043016762,0.025047155255050888,G3,2.608422252277842
083660,2017-12-31,0.3413944329549542,0.04759342045158025,-0.304431937496394,G1,6.732032930838499
083790,2017-12-31,0.18165770220983352,0.043483504727130924,-0.7043425346476528,G1,3.694820462020306
083930,2017-12-31,-0.17136995009879963,0.021879067062098176,-0.009762408119546028,G2,-8.79214404967529
084010,2017-12-31,-0.4494512824075445,0.02523384758949352,0.024115512952626227,G3,-18.643420902133638
084110,2017-12-31,-0.06603511287856492,0.03109962710684019,0.1499894120516254,G5,-2.7983959988734664
084180,2017-12-31,0.3230431637396709,0.024618083120500088,-0.8299277566797952,G1,12.269403879966331
084370,2017-12-31,-0.5858413713097793,0.027552818908535483,0.21035419943692715,G5,-22.024437227563077
084690,2017-12-31,-0.21250136209654358,0.013808317531705612,0.01754914964765518,G3,-16.909758972741088
084870,2017-12-31,-0.8991450207977809,0.023063334114184143,0.0014303865587432475,G2,-39.89618220097506
085310,2017-12-31,0.505105633161542,0.04287084230064115,-0.05521541484835736,G1,11.292329424808816
085370,2017-12-31,-0.19412317491911124,0.03646285300535958,-0.08165189042855027,G1,-5.899624312753728
085660,2017-12-31,0.22498513369280781,0.052475119949167065,-0.10966945318537427,G1,3.8873884367818827
085670,2017-12-31,0.047922186046270604,0.04299584265616511,0.028248400648865135,G3,0.6262983860542142
085910,2017-12-31,-0.12666627802236471,0.014517231120895587,-0.16675405113832528,G1,-10.171377446316278
086040,2017-12-31,0.5217784031955338,0.05520943011675457,0.04599522160121991,G4,9.070632371187724
086060,2017-12-31,-0.008977791269935587,0.033321579033437215,0.03325426388000151,G3,-0.8994696927037366
086250,2017-12-31,1.7151037788952737,0.05786357666774272,-0.0846951858243122,G1,29.277654740205815
086280,2017-12-31,0.020801906527528363,0.024759768567689057,0.04159688292425642,G4,-0.0077566418127073735
086390,2017-12-31,-0.08161718310656008,0.03093367708047617,0.1426590793346787,G5,-3.3171336864764998
086450,2017-12-31,-0.03082774238515111,0.02225780880431277,0.11519563166946752,G5,-2.3282481229142094
086520,2017-12-31,-0.05114912820453579,0.032195717161935186,-0.009989547079900175,G2,-2.2407665909521537
086670,2017-12-31,0.3444849766880795,0.03536174997136815,0.048104017523610446,G4,9.148048888031038
086900,2017-12-31,0.3272791658888268,0.032135682750381846,0.40370244857896387,G5,9.531000448450529
086960,2017-12-31,-0.27308823431060325,0.020118862095674137,0.061449798035320566,G4,-14.617237898236247
086980,2017-12-31,-0.5113215829913635,0.02428408772149339,0.1542831799311597,G5,-21.920343406760736
087220,2017-12-31,-0.3428626670886733,0.17519813150197275,-0.8902592491650956,G1,-2.0768293768489747
087260,2017-12-31,-0.43471206362323844,0.03300633574258555,0.027818863882121143,G3,-13.8066226545393
088130,2017-12-31,-0.3669393847720708,0.024185829473912363,0.0600644799744042,G4,-16.039695656259465
088290,2017-12-31,-0.3990806939649786,0.027644513229610125,-0.09218089560599685,G1,-15.195588710844392
088390,2017-12-31,-0.3824443056617912,0.0342303160798908,3.635164641197585,G5,-11.785992974878534
088790,2017-12-31,-0.06381853663361711,0.01547308080640931,0.07406725242895157,G4,-5.48129340746151
088800,2017-12-31,0.1779464724765727,0.03504327428348291,-0.15804454611973703,G1,4.47881987348643
089010,2017-12-31,0.2071341634561581,0.032292849942318354,-0.05513824788987815,G2,5.76413059252959
089030,2017-12-31,-0.7282721912727357,0.025277273717310707,0.17680289748434358,G5,-29.641889344391085
089230,2017-12-31,0.2190678527087621,0.042721903430164514,-1.3546490569508232,G1,4.636354600840075
089470,2017-12-31,-0.4134835532535849,0.01936540604715877,0.033949874163948894,G3,-22.435755355669574
089590,2017-12-31,0.030663809472471493,0.026215412369105063,0.07808113757328959,G4,0.3688612695711009
089850,2017-12-31,-0.5778848764198253,0.025625545743988787,-0.10363104113883116,G1,-23.370383662716065
089980,2017-12-31,0.04524052620830073,0.03210459157648438,0.04873169676474164,G4,0.7552367382361321
090080,2017-12-31,0.9230620827630561,0.05812998560038318,-0.024420424512344427,G2,15.518120540759886
090150,2017-12-31,0.057348936087323305,0.03531595807969164,-0.030739569440662765,G2,1.0294206608132683
090350,2017-12-31,0.02105454530962589,0.024844675994707185,0.05339854094266401,G4,0.0024385959376301562
090360,2017-12-31,0.433446113211738,0.037380913750903084,0.03620957773383841,G3,11.033763293656783
090370,2017-12-31,-0.3382971188169673,0.046243859651959866,-1.4139373603473522,G1,-7.769487250950378
090410,2017-12-31,0.11191001988726591,0.030611853081493934,0.06922112299152881,G4,2.969962663206259
090430,2017-12-31,-0.28234218666786787,0.027226033451530764,0.07767691986374989,G4,-11.141400615391019
090460,2017-12-31,-0.3182844199013555,0.03708073516913736,0.06708829158388986,G4,-9.149720941008027
090470,2017-12-31,-1.119616780440365,0.02818075309084773,0.1298991361359974,G5,-40.474813996169416
090710,2017-12-31,-0.6843180216845142,0.04107045385990974,0.024369933281891572,G3,-17.173221003936032
090740,2017-12-31,0.51857642210652,0.03955533310833864,-0.06744278923819023,G1,12.579402670178787
091090,2017-12-31,0.36609506151449206,0.04682838327529084,-0.048918385171889955,G2,7.369485730525153
091120,2017-12-31,0.07297278978068061,0.029311278356301804,0.030533019571813685,G3,1.7733389163435078
091340,2017-12-31,-0.34722965784451737,0.026394751133902373,0.0238512815285949,G3,-13.95063795677282
091440,2017-12-31,0.21523116668140607,0.05263432133036495,0.016983059674380446,G3,3.690314657589712
091580,2017-12-31,0.7024470201285079,0.041184157803799575,0.024444722494718102,G3,16.546485281822733
091590,2017-12-31,1.0502275600317665,0.058477771379322085,0.12286496696280685,G5,17.600424512963453
091700,2017-12-31,-0.08439506603365907,0.022024292928259068,0.005642286311597191,G2,-4.785126385697009
091970,2017-12-31,0.4294475750103277,0.04358632238956106,-0.12562602729953448,G1,9.371141987525862
091990,2017-12-31,-0.12608490914433954,0.042755242112299564,0.17979800960806805,G5,-3.440019540567687
092040,2017-12-31,0.5576590676140897,0.04063283742173642,-0.048535415614928794,G2,13.207670014777968
092130,2017-12-31,0.08730653505033655,0.009605561036562335,0.32021007936118656,G5,6.903560928326079
092200,2017-12-31,-0.15152330776003403,0.01996838259968061,0.007080052920802161,G2,-8.63952130737253
092220,2017-12-31,-0.09337910802816227,0.03306948642194305,0.005754384747767266,G2,-3.4585679908214173
092230,2017-12-31,-0.05408356314402398,0.010653490061202593,0.07749070578367677,G4,-7.047223200696588
092440,2017-12-31,-0.3367866081336748,0.011443869025439488,0.008134933959867207,G2,-31.26395159906229
092460,2017-12-31,0.13234126513363986,0.02310719051715692,0.05402674792795566,G4,4.818729731219026
092600,2017-12-31,0.5067587802141591,0.05292391194410403,-0.16781507825683098,G1,9.178550926914278
092730,2017-12-31,0.0643895607201563,0.03022009544977035,0.2155221999033973,G5,1.4359849262756916
092780,2017-12-31,0.22577486390039359,0.020521688725145978,0.031977180153929356,G3,9.978755036167884
092870,2017-12-31,-0.945894081171655,0.027900882573086008,0.12220267809409913,G5,-34.65438907972095
093050,2017-12-31,-0.1725002223002931,0.021931127455435174,0.04366490052382375,G4,-8.822810495135446
093190,2017-12-31,-0.03814683944359182,0.012078699819858435,0.2305581484195389,G5,-4.896288467243192
093230,2017-12-31,-0.5222922362190257,0.027540886760536468,0.008406750651958037,G2,-19.72653241438753
093240,2017-12-31,-0.6709659660631417,0.03650582081538924,-0.057064110480024834,G1,-18.954783368550242
093320,2017-12-31,0.6646140327418841,0.030448032877720622,0.14227788474077252,G5,21.138313799876354
093370,2017-12-31,-0.24235861305174763,0.0241758831677989,0.11341951087572237,G5,-10.893193452646805
093380,2017-12-31,0.12279025449980846,0.030988356505638977,0.03177412793208381,G3,3.284985291091867
093520,2017-12-31,0.06820098023321139,0.02472448296680879,0.10378848078312475,G5,1.9093228810046572
093920,2017-12-31,-0.5151680272625465,0.018008725949613866,0.011066085005689324,G2,-29.77234413729951
094280,2017-12-31,-0.14459078851487267,0.019767626991956957,0.024107248739677917,G3,-8.376561727207783
094360,2017-12-31,-0.1221529887846951,0.03257075347764071,-0.2565506387527052,G1,-4.394953529909482
094480,2017-12-31,-0.621716826184563,0.024965134331203318,0.04445120072884776,G4,-25.74433515324321
094820,2017-12-31,0.2500083855813769,0.035234242228398306,0.10372899540343683,G5,6.499768745221402
094840,2017-12-31,0.1551816304550468,0.020237816633159576,0.1625234038277034,G5,6.63054091771478
094860,2017-12-31,-0.19045621269239188,0.034910408392930026,0.017942351731554874,G3,-6.05693779047534
094970,2017-12-31,-0.6775762128520626,0.03843848127404349,0.05271454274753934,G4,-18.173719379164503
095190,2017-12-31,1.0138847257382324,0.04495418584198782,-0.023255082447743467,G2,22.08672558423215
095270,2017-12-31,0.14454386309801304,0.03282520444464729,-0.12840752857155466,G1,3.763873097048951
095500,2017-12-31,-0.335477046430569,0.026561074266039965,0.03669733022684312,G3,-13.420805274808238
095570,2017-12-31,-0.38925106683668464,0.019660525311718722,0.014428338171203918,G3,-20.86643258589994
095610,2017-12-31,-1.005492866206486,0.03371770501142529,0.1967983790601218,G5,-30.44355554573874
095660,2017-12-31,0.22967773496117705,0.044979439728959604,-0.012316979205032096,G2,4.639537020358758
095720,2017-12-31,-0.6698962928295646,0.024877584654254586,0.03994423803312512,G3,-27.771596865818783
095910,2017-12-31,-0.13150634338115214,0.02759445241842512,-0.012022434221182566,G2,-5.526484100949199
096240,2017-12-31,0.22549634403360735,0.02725896000654897,0.046301433877096156,G4,7.502207890572573
096350,2017-12-31,1.5317750231021938,0.05409518618575826,-0.2647897788156753,G1,27.928197875696867
096530,2017-12-31,-0.6731608105367424,0.02306668187145122,0.04620742158166507,G4,-30.093395035700627
096610,2017-12-31,0.14407885466856413,0.04823724071157388,-0.022104307262554343,G2,2.5516570531232334
096690,2017-12-31,-0.8444191190129584,0.0516292303500713,-0.2362784881712893,G1,-16.7620759079442
096760,2017-12-31,-0.06542038491635742,0.024935934636110237,0.083153664997707,G4,-3.465454387857293
096770,2017-12-31,-0.08905005533721702,0.018442608211552868,0.046369617578857235,G4,-5.966835778247266
097230,2017-12-31,-0.6162498904361392,0.025017929690346528,-0.11335334708361164,G1,-25.47148615041879
097520,2017-12-31,0.0745826863461855,0.03443757085375042,-0.0013351161903107703,G2,1.5561122876550386
097780,2017-12-31,0.1731888181198571,0.0538566805696037,0.046631740180312554,G4,2.825923494105599
097870,2017-12-31,0.5131976706126427,0.0540102610792089,0.1534792563607024,G5,9.113151863997222
097950,2017-12-31,-0.0712449438122604,0.01594737396839562,0.025052702752534375,G3,-5.783955601639002
098120,2017-12-31,-0.5320906729181241,0.03471898022326897,-0.14278017884342592,G1,-15.930324812107104
098460,2017-12-31,0.08290510330716275,0.026169770501165663,0.1314563884738758,G5,2.365750365320614
098660,2017-12-31,0.024355671512076627,0.0239755333660185,-0.0014956811051317904,G2,0.1402142875022693
099190,2017-12-31,-0.04788698011898018,0.024229723950460472,0.09648226724099399,G5,-2.842828067025691
099220,2017-12-31,0.19858824381671392,0.044432409509719155,0.051982640663301424,G4,3.9969537234795567
099320,2017-12-31,-0.41595823023793455,0.02926829910183614,0.12620470837698564,G5,-14.929196531075354
099440,2017-12-31,-0.23541526907180432,0.01737370981312677,0.0020745393033295713,G2,-14.75846154986121
099660,2017-12-31,-1.1428764149373638,0.10745005863604692,-0.3591831444340275,G1,-10.83173326189872
099830,2017-12-31,-0.7485411910017203,0.12933138296723753,-0.31354805441247663,G1,-5.950103776284012
100030,2017-12-31,-0.1097757897620139,0.01719184314927147,0.07321245732847743,G4,-7.606499652786149
100090,2017-12-31,0.061695064450649414,0.03654787445988704,0.7821168928659799,G5,1.1136380943752906
100120,2017-12-31,-0.13076243047260827,0.026523904438255128,0.15888580190211918,G5,-5.721495114324315
100130,2017-12-31,-0.5931130685949184,0.024531136751176078,0.01677792281578633,G3,-25.03377784762258
100220,2017-12-31,-0.5939389821601595,0.021149676012251893,0.12400227666842051,G5,-29.075288954195116
100250,2017-12-31,-0.08795347224205537,0.012590446840685525,0.0657401912378868,G4,-8.653182274172316
100700,2017-12-31,0.11868046099464899,0.026812587352873115,0.15198513610069614,G5,3.643307545271564
101000,2017-12-31,-0.40199553469732746,0.037083312907948605,-0.22084938709602062,G1,-11.406464544604791
101160,2017-12-31,-0.16924154790663937,0.027417044400275474,0.07780214603321466,G4,-6.938585513192715
101330,2017-12-31,-0.4063332354584803,0.020448146819277226,0.047982967532346564,G4,-20.89808912362154
101390,2017-12-31,-0.5881303004783158,0.03869252870009484,-0.014759840238411577,G2,-15.742684185448345
101400,2017-12-31,0.1966577464983656,0.045552340578180736,-0.3326363257753539,G1,3.856306505550538
101530,2017-12-31,-0.4695001913070453,0.01757376775561722,0.00676570621617145,G2,-27.910585670163922
101670,2017-12-31,0.33743893645892725,0.0506373203350867,0.23542321870686175,G5,6.249244138141892
101730,2017-12-31,-0.4996418574417719,0.03763262745171239,-0.3715181498393136,G1,-13.83469217751244
101930,2017-12-31,0.40658736294244385,0.024979584000122436,0.10069974155563244,G5,15.436342084675246
102120,2017-12-31,-0.5256864804903489,0.023851346965960814,-0.04680182801008317,G2,-22.9203172656962
102210,2017-12-31,0.6934946454387023,0.07179726966375805,-0.04816321214965565,G2,9.366661008203979
102260,2017-12-31,-0.060458770696036584,0.015483238526085425,-0.007170021673022032,G2,-5.260703679174247
102280,2017-12-31,-0.060846065563284965,0.02440708572435712,1.3077702100561053,G5,-3.353125632089944
102460,2017-12-31,-0.32753853930359267,0.030299444318792612,0.1020719328330246,G5,-11.502933678262078
102710,2017-12-31,-0.6169356749012431,0.02918269362157543,0.0672031170899622,G4,-21.859861271109008
103140,2017-12-31,-0.47568799445943855,0.024999683137911368,0.05117036466405886,G4,-19.867529956406
103590,2017-12-31,-0.29397297227690766,0.028539182379427066,-0.002740207880018097,G2,-11.036298351967861
104040,2017-12-31,0.014943395097477497,0.03609243271832527,0.049445066403768737,G4,-0.16764079421900255
104200,2017-12-31,-0.28217374667525486,0.02190989618697713,-0.057679723293498665,G1,-13.837021557369408
104460,2017-12-31,0.3752206887492098,0.022930470185906795,-0.029807046975707716,G2,15.447861587384553
104540,2017-12-31,-0.5614495570061983,0.028100218686337892,-0.19495432866440948,G1,-20.72736595722834
104830,2017-12-31,-0.3962131450276047,0.024384642523471684,0.08744175638899923,G5,-17.109420562950277
105330,2017-12-31,-0.30065721013041646,0.023519599962223338,-0.020469996950545133,G2,-13.675877558747553
105630,2017-12-31,-0.20374225684236702,0.028906394816497455,0.02693649849045203,G3,-7.774619334327332
105840,2017-12-31,0.15801882108030443,0.03735517177573023,-0.15729205298282245,G1,3.6681630784430355
106080,2017-12-31,-0.9406224693228739,0.04383173837015816,-0.2108514347963814,G1,-21.938815667900634
106240,2017-12-31,-0.506117370037661,0.028946667524241618,-0.24229199776765936,G1,-18.209741372816087
106520,2017-12-31,-0.2480515990191029,0.05501561024468854,-0.43250416289001536,G1,-4.890349430028385
107590,2017-12-31,-0.3194185009397317,0.012695364953314562,0.10829190832378617,G5,-26.813916840927742
108230,2017-12-31,-1.0678252142782774,0.04288380499057203,0.131290447453063,G5,-25.38998518674653
108320,2017-12-31,-0.34699256614702806,0.02967324135715816,0.06793733330285685,G4,-12.40129182051529
108380,2017-12-31,0.0725774996755282,0.027363271742197926,0.08270887211273358,G4,1.8851378949800743
108670,2017-12-31,-0.5021788852531708,0.017401986638383743,0.020837101494848225,G3,-30.063972310085354
108790,2017-12-31,-0.5388429868386083,0.020428350869321835,0.018294012121587287,G3,-27.404901629284907
108860,2017-12-31,0.08167232277425585,0.039300211278187044,-0.09137073560403464,G1,1.5439704168781643
109070,2017-12-31,0.8668693301163684,0.06821508357265925,-0.20125165372632808,G1,12.40012218165373
109610,2017-12-31,0.1562810431945983,0.04732956138662957,0.0012446557362972052,G2,2.8584056147442545
109740,2017-12-31,-0.29931693604160703,0.03281163380740311,-0.4095789939569954,G1,-9.762113557204534
109820,2017-12-31,0.7632051146049575,0.03990953145370645,-0.3342568428524333,G1,18.597340745085443
109860,2017-12-31,0.4535596635826178,0.02891216106766722,0.05341077357327934,G4,14.961375712681926
109960,2017-12-31,-0.6651689126172654,0.032884737606288655,-0.3534338520890629,G1,-20.8656939889866
111110,2017-12-31,-0.2960421946612095,0.020624023217900078,0.013482687594778433,G3,-15.372177896392193
111770,2017-12-31,0.25286737262668535,0.021545568716370596,0.047117052405749385,G4,10.762000135407497
111820,2017-12-31,-0.6013558444173563,0.031018763227319612,0.03147776975593431,G3,-20.063656279270944
111870,2017-12-31,0.8492329967904921,0.06707878167982403,0.07338994125608223,G4,12.347258206926208
112040,2017-12-31,-0.4828346915070831,0.038267294905211614,-0.008077351738524832,G2,-13.166037786019212
112240,2017-12-31,0.7178473308883201,0.06702484485341863,-0.35674274490222035,G1,10.396941212301865
112610,2017-12-31,0.15731632442611784,0.02944432885072318,0.12475474916520918,G5,4.6298343539624
113810,2017-12-31,-0.6901036352711163,0.051554358099812216,-0.060453446971848644,G1,-13.793161638790336
114120,2017-12-31,-0.9217779422067431,0.03951274178001976,-0.3690377084490348,G1,-23.859946410176576
114190,2017-12-31,0.2589619739908958,0.03773586309832297,-0.07864731860278898,G1,6.3061500458379065
115160,2017-12-31,-0.4312706178602526,0.02420957563760316,-0.019650483492031978,G2,-18.681226958041055
115310,2017-12-31,-0.20451034412982166,0.010121221051096547,0.46759328042522486,G5,-22.280345639626525
115390,2017-12-31,-0.20883649725395975,0.023331295180624365,0.08369180034229246,G4,-9.850737160468379
115450,2017-12-31,-0.038384961216426455,0.03868349368794131,-0.3040472574652535,G1,-1.534993733479919
115480,2017-12-31,-0.09432848140060449,0.032759284848389504,-0.05399511296834212,G2,-3.520297867245639
115530,2017-12-31,0.23942412968229568,0.027711140597299917,-0.022833436352918655,G2,7.882395520013541
115570,2017-12-31,-0.03235670661058367,0.01409608706951091,-0.0994847068326397,G1,-3.784785489134201
115960,2017-12-31,-0.16338349970722243,0.030190435707780586,0.03396831940217491,G3,-6.107147994667024
117670,2017-12-31,0.4590669212777251,0.06443271882470333,-0.14761639805626578,G1,6.79892095327965
118000,2017-12-31,-0.33645748969049044,0.03611591918666124,-0.07873742884999231,G1,-9.897337709355106
118990,2017-12-31,-0.37034612542969814,0.03027070072585578,0.0788767987729283,G4,-12.928015382184652
119610,2017-12-31,-0.33796003375128814,0.026903090797985165,0.2390826618695456,G5,-13.342481562075555
119650,2017-12-31,-0.02415540930984454,0.027871096954504293,0.04087968757558223,G3,-1.6199351093793721
119850,2017-12-31,0.22045790663529727,0.03410558705084289,0.06030823623841006,G4,5.848424399036821
119860,2017-12-31,0.21953661913291173,0.02907621483147452,0.12558624169398638,G5,6.828353040448687
120110,2017-12-31,-0.3816114750774341,0.021842049792165072,0.02664092599437903,G3,-18.43258476617545
121440,2017-12-31,-0.32869693727899807,0.017807275746033645,-0.10097977319785961,G1,-19.637529145386594
121600,2017-12-31,0.05283395552898146,0.03686635270917682,0.14983670754880818,G5,0.8636600587120826
121800,2017-12-31,-0.6431093365959012,0.06164217814770576,2.7488400176648273,G5,-10.773520919203463
121850,2017-12-31,-0.774984775424954,0.03765691638521947,-0.3596166531185037,G1,-21.137650424320274
122350,2017-12-31,-0.29924082021994436,0.01839665962933088,0.037248121399192674,G3,-17.407224238309475
122640,2017-12-31,-0.8726330537044228,0.03920821830852897,0.09774934983621911,G5,-22.791829148066782
122690,2017-12-31,-0.5290108472601879,0.04037617028492432,-0.014333652878491969,G2,-13.622015227363512
122800,2017-12-31,,,-0.8483525377653753,G1,
122900,2017-12-31,-0.18522516181957033,0.02537838413802447,0.00508330110707343,G2,-8.125778216677924
122990,2017-12-31,0.16376040036592027,0.025245780388564475,0.0998366802952462,G5,5.65506151859403
123040,2017-12-31,-0.09444764644570255,0.031967138167595284,-0.01595498878219383,G2,-3.611258693979614
123100,2017-12-31,-0.5628699257482941,0.0309949045189565,0.11958902510104825,G5,-18.837415181417192
123260,2017-12-31,0.320151603002532,0.06053340803573275,-0.7312762777629426,G1,4.942025462076518
123330,2017-12-31,-0.4103094490661925,0.039775079625206836,-0.11543058854343861,G1,-10.843558638070812
123410,2017-12-31,0.04244747566393392,0.052692566973580886,0.006580142177861472,G2,0.4071450246676514
123570,2017-12-31,0.1347419762772794,0.028312755553058174,0.13359735718525512,G5,4.017553744652013
123690,2017-12-31,-0.3446533939969308,0.03319622152092311,0.026633758427512408,G3,-11.01472807530646
123700,2017-12-31,-0.45861625881592916,0.01424637931572131,0.03481005213815964,G3,-33.66541121577033
123750,2017-12-31,0.25979048849588676,0.03070074415615269,-0.4906248462723208,G1,7.77820003637783
123840,2017-12-31,-0.5605672421168502,0.03939408821357049,0.9597768074567823,G5,-14.762651648329994
124500,2017-12-31,0.3198604954403783,0.03883409159675438,-0.0004058745926537143,G2,7.69598370833742
126560,2017-12-31,0.07674032980802449,0.020193269147303957,0.15004064684914198,G5,2.7606411927507954
126600,2017-12-31,-0.4430773227846666,0.02168350458623652,0.04145609161042826,G3,-21.402042281620226
126700,2017-12-31,-0.2515121084225096,0.03372811807182759,0.12104121026351976,G5,-8.0794922214709
126870,2017-12-31,0.4438895917185612,0.04413616430314319,-0.12358041404140821,G1,9.581612702687236
126880,2017-12-31,0.5784018761456862,0.039244028843149634,-0.13776449013905595,G1,14.203636410264052
127120,2017-12-31,-0.1600682681872217,0.040850315916350105,0.02331640693242953,G3,-4.432333589332807
127160,2017-12-31,1.5624060932187345,0.06635920411664589,-0.059149670086391354,G1,23.22830953978252
127710,2017-12-31,-0.20383655342520673,0.028271536229556145,0.18384623288355878,G5,-7.9525396421095005
128820,2017-12-31,0.2046957319855689,0.03251041406814617,0.24785012904627512,G5,5.650551617608806
128940,2017-12-31,-0.12630122403729277,0.026364070184551072,0.07525050961680457,G4,-5.586966738818609
129260,2017-12-31,-0.19479358270526986,0.024615022405071355,0.01177921589714908,G3,-8.766497886448615
130500,2017-12-31,-0.2580687796799216,0.027045149416060392,0.042186610793916925,G4,-10.31840255605604
130580,2017-12-31,-0.05819271410397436,0.02165909151227484,0.1516945250897485,G5,-3.6560477729534697
130660,2017-12-31,-0.0735793681725981,0.023329305383344885,0.041263089890734,G3,-4.05384240131679
130740,2017-12-31,0.15110186068417877,0.03232731565702691,0.029287831015114788,G3,4.024704769207279
130960,2017-12-31,0.030475055717961788,0.01668986254832518,0.24109690606628914,G5,0.5680751717898213
131090,2017-12-31,0.021220822066210898,0.04329935846851545,0.2036103791216535,G5,0.005239405168148173
131100,2017-12-31,0.8904001005145079,0.06730923634929495,-0.39861507324940215,G1,12.916594935338935
131180,2017-12-31,-0.17999740063481123,0.023513750104307934,0.04992290838352422,G4,-8.547822398676477
131220,2017-12-31,-0.04397099209865596,0.024897179925337992,0.03254352014178795,G3,-2.6093297103184865
131290,2017-12-31,-0.8312348449610808,0.029447124874668093,0.09091449067834771,G5,-28.940985164833005
131370,2017-12-31,-0.20070958642191938,0.0272187403903663,0.11651491073690633,G5,-8.145253690139967
131390,2017-12-31,0.32033358990406013,0.03644727884721855,0.10244787191444357,G5,8.212948680618185
131400,2017-12-31,0.46825359442420605,0.04099588894609528,0.013416302943442121,G3,10.909865519165248
133750,2017-12-31,0.03683677726690662,0.03551616830460806,-0.046956952106580234,G2,0.4460734037341982
134780,2017-12-31,-0.3510204544057314,0.030284945638270645,-0.07456809844497453,G1,-12.28380654972336
136480,2017-12-31,-0.05566711980611269,0.02076394833550909,0.025634858923327866,G3,-3.6920280165928556
136490,2017-12-31,-0.25136214830837356,0.0209358218966096,0.06813275463869711,G4,-13.009095551015987
136510,2017-12-31,-0.4799825671315055,0.04047182326303117,0.12070229025697045,G5,-12.378402699064809
136540,2017-12-31,-0.07259885482924874,0.01786765893771334,0.10724783551463965,G5,-5.238112857380296
136660,2017-12-31,-0.8284170958571646,0.0753839101605287,0.0589428992529729,G4,-11.267803079357813
137400,2017-12-31,-0.09627251502559842,0.034880350818098003,0.014916248482672484,G3,-3.36196372624862
137940,2017-12-31,-0.2819002081421156,0.02995952613867734,-0.04540442536715465,G2,-10.11011208667806
137950,2017-12-31,0.06616145554268613,0.02787523522007605,-0.012438886177606034,G2,1.6203449406763228
138070,2017-12-31,-0.20805969511502367,0.02016279355483781,0.082040322908414,G4,-11.360214232007477
138080,2017-12-31,0.4772691512400341,0.028041028019951876,-0.023317081895698137,G2,16.27169987247649
138250,2017-12-31,-0.19732377743724897,0.01908094401629528,0.11573723462007278,G5,-11.441663286390721
138360,2017-12-31,0.1984644350397884,0.05082288369861629,-0.20907352959726744,G1,3.4919403020995197
138490,2017-12-31,-0.29929505877369833,0.017050121240645887,0.0668151588797483,G4,-18.785146066517868
138690,2017-12-31,-0.03788763331383327,0.023657296149434643,-0.34947336893571623,G1,-2.4889400769036687
139050,2017-12-31,-0.3662574983806178,0.06315483824078783,-0.1895134073449742,G1,-6.1317781559004825
139670,2017-12-31,-0.19482873728081399,0.02555203237046161,-0.42478843226589413,G1,-8.446400401166542
140070,2017-12-31,-0.138537358205704,0.02259878064176202,0.17781261559757602,G5,-7.059288725276058
140520,2017-12-31,-0.24031707158441637,0.03335572297152986,0.005938596726607808,G2,-7.8340688640185325
140670,2017-12-31,-0.6324229450165558,0.03918352255067026,0.03342186855846038,G3,-16.67580813734298
140860,2017-12-31,0.3733748259818157,0.026131477615572763,0.13820882168304532,G5,13.484919298560628
141000,2017-12-31,-0.6431901292907671,0.02607540058107609,0.12077046910909388,G5,-25.471673442150845
141020,2017-12-31,0.6342086717024843,0.035672277103754285,0.05277068236975365,G4,17.19023180760933
141080,2017-12-31,0.5895186380762344,0.04515228042989332,-0.5863863935104415,G1,12.591272765841657
142210,2017-12-31,-0.38665094328433536,0.02081709296288441,0.017008948308191926,G3,-19.58222039911214
142280,2017-12-31,0.31993013512455115,0.04973509991393927,-0.023826585730978542,G2,6.010567515862068
142760,2017-12-31,0.5398449272250971,0.052737215863226605,-0.8737745971546527,G1,9.838421682840787
143160,2017-12-31,1.3008837316527273,0.044081181796408145,0.10000971957335511,G5,29.03483346658693
143210,2017-12-31,-0.31405904806295254,0.022534966214953937,0.03790219508935877,G3,-14.868138875854573
143240,2017-12-31,-0.09612040490730771,0.02342456622067184,0.041917957105781355,G4,-4.999638541337403
143540,2017-12-31,-1.3941093418684176,0.03163288721798613,-0.017737241046602056,G2,-44.73519256400592
144960,2017-12-31,-0.6813766052647827,0.028374735024149222,0.17773508936354868,G5,-24.75337880162339
145020,2017-12-31,-0.2598814635118113,0.03144090647465827,0.44677137495563024,G5,-8.933439082676372
145210,2017-12-31,0.6001722042678832,0.04183916600811259,-0.20400949214293093,G1,13.842968212413878
145720,2017-12-31,-0.0004789934345892921,0.025515052145057105,0.20109145813407456,G5,-0.8415798053707914
145990,2017-12-31,-0.48872177192459176,0.016683926679484765,0.024096415055054075,G3,-30.551304911632844
148140,2017-12-31,0.27931911024877265,0.0334539114627771,0.037909739551251945,G3,7.721822046206101
149940,2017-12-31,-1.5430232277610108,0.06975482884438539,-0.3660428690802361,G1,-22.421633209563428
149950,2017-12-31,-0.2963992727602745,0.02631172807920431,0.15095388928529951,G5,-12.062804502559539
149980,2017-12-31,0.2035833887439636,0.04875931599201978,0.042056835986133224,G4,3.7447085925112997
150900,2017-12-31,-0.34944140969940996,0.03644119116842258,0.018960471623934796,G3,-10.165292544116317
151910,2017-12-31,1.2650681367041585,0.06689498042713522,-0.5633290028915443,G1,18.597421952691683
153360,2017-12-31,0.09047964678982404,0.010910722600131527,-1.0826135114011757,G1,6.368568806369702
153490,2017-12-31,-0.3257969341848266,0.0235308148887132,-0.18320174400358313,G1,-14.737734116247793
154040,2017-12-31,-0.42045582783951,0.02191852925162476,5.771374662815399e-05,G2,-20.140483969309212
155650,2017-12-31,-0.685865240506105,0.041041844726994826,0.10723257742050235,G5,-17.22289054967477
155660,2017-12-31,-0.16820842604167463,0.02740988108397222,0.04872717126707273,G4,-6.902707262600391
155900,2017-12-31,0.006701645545364135,0.005158620147732187,-0.7277372399627494,G1,-2.7705691113140896
155960,2017-12-31,-1.470598034871868,0.08661273090841523,-1.969960199950766,G1,-17.221394342510212
156100,2017-12-31,-0.33933885635702526,0.034794125781878286,-0.4754280838327178,G1,-10.356139360982874
158310,2017-12-31,-0.3370000950931342,0.0707319074310269,-0.47564728488164326,G1,-5.061280930758158
159580,2017-12-31,0.5607117829793924,0.04387331925751877,-0.10770614496600202,G1,12.301732190076434
159650,2017-12-31,0.27174677069899134,0.03883950635277081,-4.732366920857155,G1,6.456127666448293
159910,2017-12-31,0.017950111376876188,0.05173484734483236,-0.6250540331405254,G1,-0.05883554244412613
160550,2017-12-31,-0.6002576608225505,0.033114357228462496,-0.07892363140508653,G1,-18.76079356516227
160600,2017-12-31,-0.10472381469019021,0.021922472330890338,0.011298489125510361,G2,-5.734653098260195
160980,2017-12-31,-0.743503647092415,0.020236728800805254,0.10706166423764518,G5,-37.77772651900478
161000,2017-12-31,-0.7274883735931317,0.023948850131723036,0.06744115644194038,G4,-31.25337244418901
161390,2017-12-31,-0.2604232796246527,0.019593975261933565,0.08901651010061756,G5,-14.362437180118983
161570,2017-12-31,-0.3732609472081051,0.04638684126216878,-0.12722047488614263,G1,-8.499283323982588
161580,2017-12-31,-0.3977883082320432,0.027359812780483776,0.06116084890730517,G4,-15.306474162514784
161890,2017-12-31,-0.0797167145169095,0.02431779800903653,0.05915307657362637,G4,-4.141438861493903
166480,2017-12-31,0.25217654625553154,0.05422805511150222,-0.26276804014706984,G1,4.263154682507179
168330,2017-12-31,-0.36015586280182005,0.03945420021312508,-0.9590873836816891,G1,-9.660563892477482
170030,2017-12-31,-0.38688968279322944,0.017993004574203827,0.035262207151297985,G3,-22.669012298350477
170790,2017-12-31,-0.22477773132502962,0.027599400355070785,-0.10083297711454019,G1,-8.904964866874288
170900,2017-12-31,0.13115804696390376,0.026364042435046076,-0.00972121914716664,G2,4.178573451004149
170920,2017-12-31,-0.21566562391839156,0.03727635039426816,-0.031016703863729782,G2,-6.3487863108630735
171010,2017-12-31,-0.19182320847006606,0.028983325707607775,0.03787518215904639,G3,-7.34274492170778
171090,2017-12-31,-0.7064620367337038,0.027454401711672252,0.07901209024087495,G4,-26.496880302006325
173940,2017-12-31,0.22790241041897302,0.03782010400915241,-0.055687459079212284,G1,5.470858863456008
174880,2017-12-31,0.8777860539331438,0.045609432289539766,-0.03537559467703745,G2,18.785414589472325
175140,2017-12-31,-0.7395318710833875,0.027538259430460746,-0.13107925789738178,G1,-27.61706244316315
176440,2017-12-31,0.04557319271891347,0.03967585062322173,-0.009946394857109507,G2,0.6195011108559352
177350,2017-12-31,-0.3794471641259168,0.030463162712453605,0.06216004711733753,G4,-13.145093537706984
177830,2017-12-31,-0.05525071156076139,0.03919538231937814,0.006786902459837828,G2,-1.9452462568974507
178320,2017-12-31,0.18290538270161913,0.02903944686800867,0.026519080541427344,G3,5.575568441570956
178780,2017-12-31,-0.01222651238832384,0.04667135495228001,-0.580032667991346,G1,-0.7117957386487747
179900,2017-12-31,0.03917479526351768,0.03853631022679244,0.21173312166658115,G5,0.4717845578065738
180640,2017-12-31,0.6081120384540754,0.03170590101491909,0.1995664323473546,G5,18.517627964401196
181340,2017-12-31,0.008349989077938644,0.022761832636153206,0.006186145334581149,G2,-0.5554899865862325
181710,2017-12-31,-0.12838163779918016,0.02002693349025872,0.009608982650249792,G2,-7.4587353603341855
182360,2017-12-31,0.6991350509164014,0.03815836976313552,-0.04009651091353018,G2,17.771752198592992
183190,2017-12-31,0.15343253322281994,0.043061163434050906,0.12009098661898912,G5,3.075592099177232
183300,2017-12-31,-0.09519599434725382,0.026971896474061802,0.15046658616384864,G5,-4.307815493903599
184230,2017-12-31,-0.49095902735850977,0.03645840381920833,0.040132537621587784,G3,-14.04211191145065
185750,2017-12-31,-0.16033690332688494,0.02067927576639451,0.06075363325110245,G4,-8.768724038451852
187270,2017-12-31,-0.39386725869523276,0.025044716453352458,0.11131893077437034,G5,-16.56481991527492
187420,2017-12-31,-0.24070701256638652,0.0348246046610964,0.11668373369349895,G5,-7.514829652679844
187790,2017-12-31,-0.02994997847622302,0.03192360570623061,0.0012216665423217768,G2,-1.5958077583308086
189690,2017-12-31,0.07477153988772389,0.0251112278350117,0.161234094396513,G5,2.1415751176081583
189980,2017-12-31,-0.2443494285610141,0.020677275847479113,0.0583443440007692,G4,-12.83260859418467
190510,2017-12-31,0.12986837631823261,0.03342617640758727,-0.15886790925567287,G1,3.2571603705725134
191410,2017-12-31,-0.42874321151893574,0.028813098957581676,0.09199369357917135,G5,-15.608774723076726
191420,2017-12-31,-0.10956583195578251,0.04463989538210613,-0.725896143774091,G1,-2.924733358398299
192250,2017-12-31,-0.23706633510755049,0.03755078945367182,-0.18614169089661917,G1,-6.8723001046251
192400,2017-12-31,0.03735834436910124,0.030027060441065928,1.004015952865113,G5,0.5449879190654089
192440,2017-12-31,0.1969084314352123,0.021462928671869535,0.1807001469586913,G5,8.196200758105382
192820,2017-12-31,0.20669311604774812,0.029048593411877096,0.01755772416504215,G3,6.392707358702879
193250,2017-12-31,-0.19320090716062466,0.04181907298313892,-0.2970664352876399,G1,-5.121942000738744
194370,2017-12-31,-0.06343144602994974,0.027069760215392386,0.024380398835699806,G3,-3.1188087571465553
194610,2017-12-31,-1.4182511043024315,0.0934687207279053,-0.7462028318092107,G1,-15.398146591476939
194700,2017-12-31,-0.2183541684416775,0.035050996793233376,0.09835744478799141,G5,-6.828568358191665
195870,2017-12-31,-0.17563456608743444,0.023424019971426825,0.0735009931427085,G4,-8.394311715536448
195990,2017-12-31,-0.148759087789532,0.04553864654568363,-0.2509171625520706,G1,-3.7276700088772285
196170,2017-12-31,0.5137984676205258,0.04758923798965615,-0.61539484055302,G1,10.355377166240125
196450,2017-12-31,0.7783573654438347,0.06521227952491476,-1.321733993797837,G1,11.613815860720003
196490,2017-12-31,0.6636531935767742,0.049005195547570476,0.011129816584208812,G2,13.114104070235912
196700,2017-12-31,0.07284862956051656,0.041042074218395994,-0.02530475830020229,G2,1.263451503472031
197210,2017-12-31,1.042857568822337,0.054256299425241836,-0.6022849725876427,G1,18.83400859372393
200130,2017-12-31,-0.4188012167277012,0.024115015546680784,0.11299711106942431,G5,-18.2373996425604
200230,2017-12-31,-0.33002059594058536,0.04669832400002961,-0.47496781201626603,G1,-7.51664139218436
200670,2017-12-31,-0.2954694293556394,0.02696456386523185,0.24441991895339835,G5,-11.73626950248438
200710,2017-12-31,0.1450096524334923,0.0369339149008537,0.005286848284277268,G2,3.3577727566311224
200780,2017-12-31,0.09840526554994003,0.02902733824465173,0.1606375581410373,G5,2.666841365674635
200880,2017-12-31,-0.763248147125412,0.020240499658310995,0.015144893308930705,G3,-38.74618312532942
201490,2017-12-31,-0.24848991971371812,0.0293884177283648,0.11235950481962494,G5,-9.169730789463156
203450,2017-12-31,-0.0030892782559559934,0.03270216957212598,0.04822154997557406,G4,-0.7364415803212346
203650,2017-12-31,0.19403727962932243,0.04824839917150362,-0.06443554407475562,G1,3.5865090535035096
203690,2017-12-31,0.023706958453014376,0.05085472442444354,-0.481009240692199,G1,0.05334802813397812
204320,2017-12-31,-0.6273994511238689,0.032230867287209156,0.0032105219577519273,G2,-20.117156777995163
204620,2017-12-31,-0.10272574809998727,0.03234481003838427,-0.071865171470367,G1,-3.825025008242124
204630,2017-12-31,-0.13496661936741444,0.03444184641761016,-0.05298896150075879,G2,-4.528229313261936
204990,2017-12-31,-0.6834227584468686,0.04408850678147346,0.1214493837428821,G5,-15.977332167814463
205100,2017-12-31,-0.2896816139636284,0.0248949101410074,-0.0009273005157453505,G2,-12.47948160437626
205500,2017-12-31,-1.0578614074158035,0.04395860510301781,-1.3038532613443996,G1,-24.54252959281031
206400,2017-12-31,-0.4704282611633406,0.04325979558400504,-0.648044591004497,G1,-11.35979062574936
206560,2017-12-31,-0.6005300014432574,0.0339265578384021,-1.3491966128681558,G1,-18.319688180196586
206640,2017-12-31,-0.43455322214197967,0.025516451563191413,-0.059681647358095224,G1,-17.8530772665428
208140,2017-12-31,-0.03282588854601448,0.027647519725159234,0.12265664903027436,G5,-1.946642891105776
208350,2017-12-31,-0.5080886171883088,0.030890009824509502,0.18593554448113855,G5,-17.12795105530153
208370,2017-12-31,-0.514138111552108,0.043629834770342525,-0.037737167539739436,G2,-12.265278416766744
208640,2017-12-31,0.026274384852427835,0.05850606916504229,-2.4490449791342557,G1,0.0902543230832787
208710,2017-12-31,-0.08605039834073289,0.041053714553849846,0.049106202976526056,G4,-2.607421976006509
210540,2017-12-31,-0.09565633347444663,0.04022575242892422,0.09410052519356459,G5,-2.8998908812018396
210980,2017-12-31,-0.1822483767678975,0.01971063455194917,0.19651580101308222,G5,-10.311303546108945
213500,2017-12-31,0.21278049535238291,0.018702867470084705,0.023883900301654264,G3,10.254392085891247
214150,2017-12-31,0.21146970190431605,0.04470970950083755,-0.1470746649612432,G1,4.260276902874406
214180,2017-12-31,-0.28571397921769504,0.024777571550375636,0.22771662397778303,G5,-12.378450316561338
214270,2017-12-31,-0.012547384598982525,0.04776668244787682,0.011692296934564519,G2,-0.7021911940243374
214310,2017-12-31,0.0716878120122495,0.06164129545835645,-0.3022567419180672,G1,0.8224008345642854
214320,2017-12-31,-0.09152907672735763,0.020985618919070765,0.06644640231640439,G4,-5.361911714158468
214330,2017-12-31,0.5379394100521271,0.04060744498273942,0.02745248258104938,G3,12.730312165372293
214370,2017-12-31,-0.10620054711099611,0.026141257026695803,0.39176710260745906,G5,-4.865661439493014
214420,2017-12-31,-0.27332056596427545,0.03950448782599009,-0.026760777646477156,G2,-7.450154181073037
214430,2017-12-31,-0.20369742896569085,0.024363463832953333,0.13445247974075994,G5,-9.222473031336909
214450,2017-12-31,-0.4788989697492556,0.025707761513982248,0.22979153648979453,G5,-19.44521418798137
214680,2017-12-31,-0.19228821365251214,0.033033257198925185,-0.04676765927804756,G2,-6.456589235260919
214870,2017-12-31,-0.1471539057331115,0.028404546518325337,-0.2978570924700601,G1,-5.919751783690809
215000,2017-12-31,-0.2746410838644606,0.012358210175187982,0.3967510893090516,G5,-23.922156918943738
215100,2017-12-31,-0.31651795820659245,0.036685202469804654,-0.07755559701975852,G1,-9.200219561772073
215200,2017-12-31,1.0031773831890676,0.03872524949616624,0.042952790800945224,G4,25.36286884614208
215360,2017-12-31,0.17352463407338442,0.03412815517574737,0.04207394416887523,G4,4.469350133467057
215600,2017-12-31,0.026210183425623507,0.04680187421234442,-8.30620274765014,G1,0.11145331954621215
215790,2017-12-31,-0.6292989543670446,0.029392707600246933,0.061407399563592015,G4,-22.12429431119353
216050,2017-12-31,-0.25548428784587324,0.03120238297595174,0.2256465888055802,G5,-8.860805510996826
217270,2017-12-31,-0.26462392018343817,0.03061048825730487,1.563234500662199,G5,-9.330719489551166
217480,2017-12-31,-0.33723601489443,0.03909986998146012,0.10564878328681522,G5,-9.1619223861349
217620,2017-12-31,0.4839963530581828,0.044652868087718366,0.0337047483985133,G3,10.368928440721072
217730,2017-12-31,0.8608594797653351,0.0451866549322936,-1.262676663028873,G1,18.586583181253232
217820,2017-12-31,-0.3889704826935067,0.03966304815946699,0.023593431927307625,G3,-10.336180926612109
218150,2017-12-31,0.2462445230014701,0.05067273029422953,-0.04888078174475038,G2,4.4452028242782005
218410,2017-12-31,0.5036512843895435,0.031824448431334,0.09873153805858988,G5,15.166243218551777
219420,2017-12-31,0.6385274002080978,0.059974587110653316,0.2301004953350848,G5,10.296585116710736
220100,2017-12-31,-0.13050190092238895,0.04707807169918196,-1.497696273757987,G1,-3.2179708012275032
220180,2017-12-31,0.3681854689238474,0.03942938400098329,-0.11529166758802802,G1,8.805400300738041
220630,2017-12-31,0.06843772954204003,0.0297553851934068,0.04698401176325395,G4,1.5944599624567846
221610,2017-12-31,-0.32198840414613217,0.024911918610748086,-0.00767104730988255,G2,-13.767802018341056
221840,2017-12-31,-0.255044516133099,0.017452688625744707,0.015940441810193762,G3,-15.816386875176596
222040,2017-12-31,-0.1176501571131022,0.03751242806440331,0.046740083699827614,G4,-3.695951540613264
222800,2017-12-31,-0.383689258323487,0.021646506470354182,0.01983782771606916,G3,-18.69508218618979
222980,2017-12-31,-0.034277367320741825,0.03291470562388968,0.03833952082369574,G3,-1.6792289481786842
223310,2017-12-31,0.0017331376430176348,0.04300480399799172,-1.8201396866678796,G1,-0.44787604523334845
224060,2017-12-31,0.15848351680341716,0.0525037796723552,-0.055073577987490574,G2,2.6186601893755856
224110,2017-12-31,-0.17934416589538377,0.03548576212623462,0.28123703891324026,G5,-5.6455917267998394
225190,2017-12-31,-0.31857990828016003,0.01359110400095037,0.2691931229063842,G5,-24.98500985939689
226320,2017-12-31,-0.37935192258128103,0.034774638231291816,0.17096190170803344,G5,-11.512582218747712
226350,2017-12-31,-0.4065682638232103,0.055305915756174245,-0.3038085951944158,G1,-7.730858754637863
227840,2017-12-31,0.38987022865478255,0.04877283498569193,0.08280614420657793,G4,7.563150052264199
228850,2017-12-31,-0.06685435816254486,0.021503755880299315,0.1351585546911343,G5,-4.08525458693012
229640,2017-12-31,-0.07360970397741694,0.017527758210758953,0.035523008427354834,G3,-5.397362402170771
230360,2017-12-31,0.39486494748799744,0.03422583923667217,0.31621131471026487,G5,10.923647064400692
230980,2017-12-31,0.3835465125157548,0.042936311434342185,-0.009497568065156711,G2,8.443961328315158
233990,2017-12-31,-0.3484410666748734,0.03179059871076151,-0.08467662511301817,G1,-11.6208892201042
234080,2017-12-31,0.1600417374309415,0.031475877612507495,0.116871393035107,G5,4.417598135278521
234300,2017-12-31,0.27915826287485984,0.05647581182622313,0.03786525143850232,G3,4.571236700156902
234920,2017-12-31,0.28549092996851805,0.021305697856734637,0.06249369757141586,G4,12.414377250789665
236200,2017-12-31,0.20155984712356073,0.02835892023849917,0.1931329744309368,G5,6.36716371502596
237690,2017-12-31,-0.38038751499147483,0.03306195525245404,0.2218778591608061,G5,-12.140282421601656
237880,2017-12-31,-0.7925077509123077,0.03389161887342733,0.040957627887489585,G3,-24.00303488405524
238120,2017-12-31,0.27473090346879875,0.04451742257924483,-0.31127263474337247,G1,5.699722256683926
240810,2017-12-31,-0.38437379089331347,0.031904666673874336,0.15116576369668006,G5,-12.705594269973334
241560,2017-12-31,-0.09095033702638128,0.017424256886920172,0.08077351998111232,G4,-6.424623841151453
241590,2017-12-31,0.035332585387422094,0.03584508674940294,0.0541690404768064,G4,0.4000165016754345
241690,2017-12-31,0.25392655339044223,0.028950280193664073,0.09378706631813115,G5,8.045953014912351
241710,2017-12-31,0.1362332986363185,0.03379608941364744,0.054484757837990075,G4,3.409842424138854
241790,2017-12-31,-0.26030742461850115,0.016572463874741167,0.1604192078497331,G5,-16.97402304982053
243070,2017-12-31,0.17088324335814953,0.031446343326664614,0.11967164669791924,G5,4.766509180969825
243840,2017-12-31,0.5435574256093085,0.03147700746975408,0.04319067385475979,G4,16.601434139752985
246720,2017-12-31,-0.6072942626181188,0.04110530584293201,-4.172562514037998,G1,-15.28484483736849
248170,2017-12-31,-0.11310967383882062,0.03138122266680759,0.04186874698602251,G4,-4.273371832778765
249420,2017-12-31,-0.007479805867944889,0.02578224523895862,0.043071762165855086,G4,-1.1043943142931814
250000,2017-12-31,-0.6836656394752565,0.030057408096418953,0.18129146092524212,G5,-23.443791174491963
251270,2017-12-31,-0.41304537245308653,0.0302170227305364,0.14883301216823702,G5,-14.364066754933242
251370,2017-12-31,-0.7811127824803732,0.034240749791042385,0.13024534455587575,G5,-23.425501677357637
251630,2017-12-31,-0.7521053274745144,0.036906686835988675,0.2840276181040053,G5,-20.947404195174695
253450,2017-12-31,0.484570410227813,0.03327617877731168,0.08315174018680543,G4,13.931180444318764
255220,2017-12-31,1.169953346836039,0.06145576881077151,0.09541935305772757,G5,18.695712540675018
255440,2017-12-31,-0.48124167696169906,0.025126521428757684,0.18765381268694556,G5,-19.98826767841235
260930,2017-12-31,-0.5416212689526225,0.026211734797737554,0.13538971890972534,G5,-21.46424998107556
262760,2017-12-31,-0.5075784742700729,0.03919736026244992,-42.440289747901616,G1,-13.4848987256957
263600,2017-12-31,-0.7017943714724059,0.026756911924735175,0.1262351142922841,G5,-27.01314459191774
263810,2017-12-31,-0.24970792607382236,0.041220515949921696,0.054546750870797474,G4,-6.567163923575539
265520,2017-12-31,-0.3485020110933835,0.03299988679101386,0.019833349090652007,G3,-11.196885995914199
265560,2017-12-31,-0.3568724713096087,0.027468417482596676,0.09808882476828465,G5,-13.756396076792162
267250,2017-12-31,-0.02952262464723164,0.023467432818205586,0.07084390497607196,G4,-2.152625053717648
267260,2017-12-31,-0.7713108788993608,0.037872450216363276,0.009851888920951958,G2,-20.920347998522388
267270,2017-12-31,-0.5336385052000135,0.035290219837920606,0.0247032152565114,G3,-15.716322168889254
267290,2017-12-31,-0.0499202725791732,0.01772189542992927,0.020421767125484585,G3,-4.001503791918587
269620,2017-12-31,-0.27314127272392175,0.03580021719013085,0.17664408299763112,G5,-8.216018085741679
271560,2017-12-31,0.2387491638019138,0.02878282288309377,0.06863485597699935,G4,7.5654568526057835
280360,2017-12-31,0.07747533923913957,0.019135781053478143,0.00481238286365646,G2,2.9516109061668008
282330,2017-12-31,0.06824862264419147,0.02837305344344055,0.029810253116458213,G3,1.6654768424807174
284740,2017-12-31,-0.0159899641187517,0.03046809796533565,0.08007325371433904,G4,-1.2138573055824728
285130,2017-12-31,-0.3610290685677916,0.023948429348197808,-0.11253383285080162,G1,-15.95190324163006
900040,2017-12-31,-0.8028841231298546,0.048403709850981066,-0.031846678296198444,G2,-17.02096977380401
900070,2017-12-31,-0.275173532766943,0.03210815698396152,0.006354794108452906,G2,-9.224057677884044
900080,2017-12-31,-0.46765909117980387,0.02513624445102352,0.12713358840631178,G5,-19.440177362835122
900090,2017-12-31,-1.3191568397833244,0.07056177013758977,-0.2756507610653258,G1,-18.992590411972543
900100,2017-12-31,0.23620248480692624,0.06184615365107363,-0.5796450774415215,G1,3.479739853143103
900120,2017-12-31,-0.9081758062183445,0.03512046099193955,0.005369441023329748,G2,-26.456650600778573
900140,2017-12-31,-0.5599199581189206,0.0261827524354491,0.04075414642378822,G3,-22.186892639907814
900180,2017-12-31,-2.004786655546157,0.12293783200210054,0.10981838998706488,G5,-16.4780896306616
900250,2017-12-31,-0.643660799127789,0.028813224457716613,0.39708316186549814,G5,-23.06769793456622
900260,2017-12-31,-0.5722872902624493,0.024283580272367638,0.15556646535722532,G5,-24.43137473106547
900270,2017-12-31,-0.42780686798096057,0.04258154354875673,0.15980565216300774,G5,-10.539797051996201
900280,2017-12-31,-0.5806455988825654,0.0400751263866144,0.1803215307568071,G5,-15.012792530261216
900290,2017-12-31,-0.5437537575787892,0.019760178926139738,0.20135143223284885,G5,-28.580091246814902
900310,2017-12-31,-0.5098806261261426,0.03164783964190735,0.4963688998728548,G5,-16.77443362063943
950110,2017-12-31,0.941005096718123,0.032190269872518815,0.045334220831544224,G4,28.580410825318157
950130,2017-12-31,0.007901200862564989,0.024868069065088774,-0.31249911967219374,G1,-0.5264887389061034
950140,2017-12-31,0.1489310316261953,0.03021029277001213,-0.15926840679395876,G1,4.234883568209474
