종목코드,날짜,기간수익률,표준편차,Y4,그룹,성과
000020,2018-12-31,-0.10135172876164174,0.017056065809948125,0.02716711586651458,G3,-6.831987147155299
000040,2018-12-31,-0.6305839782249081,0.025027896092858153,-0.15779155488831434,G1,-25.801572351985982
000050,2018-12-31,-0.14968856178371637,0.012069838375918447,0.015508797132882625,G3,-13.659143584358889
000070,2018-12-31,-0.3085867777793977,0.015654333017687812,0.03093490639287802,G3,-20.68193330540102
000080,2018-12-31,0.6361701674691365,0.01828743824624606,0.006496913699227322,G2,33.9574666213105
000100,2018-12-31,0.1417980798380019,0.016114756277183964,0.026835322157016315,G3,7.857579973723955
000120,2018-12-31,-0.09066762950335144,0.018140794101376794,0.0084640660637868,G3,-5.834514329682916
000140,2018-12-31,0.81419263194958,0.029999645277922083,0.002166046625902213,G2,26.63423286890161
000150,2018-12-31,-0.2875793855525651,0.019261000214304696,-0.012081391886068946,G2,-15.718523223974382
000180,2018-12-31,-0.2076302391193682,0.013408204182797175,-0.012230899133794984,G2,-16.61708978434173
000210,2018-12-31,-0.18905871719139572,0.01866204592681971,0.05283650778080233,G4,-10.94380603419504
000220,2018-12-31,0.14460184550519917,0.02089348119605708,0.0318880973069945,G4,6.194599677178985
000230,2018-12-31,-0.24451513097704802,0.016284736030799267,-0.014434427552350316,G2,-15.946848884676763
000240,2018-12-31,-0.19499320836926015,0.015102288635374415,0.06241244794680607,G4,-13.916321365354998
000250,2018-12-31,-0.17605205330005433,0.027176839839427223,0.05587771535101854,G4,-7.036401143873519
000270,2018-12-31,0.22982108820058444,0.01653709126239995,0.022321274005121596,G3,12.979670436702609
000300,2018-12-31,-0.14372981668470292,0.020351878384705292,0.02067496670076333,G3,-7.807874404216216
000320,2018-12-31,-0.10349249938792147,0.011575720260867582,0.0026987759802788737,G2,-10.251421971731917
000360,2018-12-31,,,-0.049750278263565074,G1,
000390,2018-12-31,-0.27013045113372525,0.02619089162279815,0.0014351041966614237,G2,-10.893311647257425
000430,2018-12-31,-0.08899412155771205,0.02043408041917878,0.02197274214815385,G3,-5.0978176190840925
000480,2018-12-31,0.013530247723178575,0.02081505111185888,0.056233257086816195,G4,-0.07902194911465282
000490,2018-12-31,0.1081084358460393,0.028226558126548527,0.0018949531340650017,G2,3.29240787333798
000500,2018-12-31,0.19339981001262074,0.016398535547830037,0.00018785041862038834,G2,10.868331251887051
000520,2018-12-31,0.1427585053053206,0.03572791837470191,-0.05787649826471349,G1,3.570972434898435
000590,2018-12-31,-0.14295298904243187,0.011668064717145122,0.04152560435211657,G4,-13.552211657091373
000640,2018-12-31,-0.11349688491708983,0.01635119085975216,-0.13196326498501168,G1,-7.869272620795457
000660,2018-12-31,0.4987105811380857,0.021865430817545706,0.24411546422004282,G5,22.11415322844307
000670,2018-12-31,-0.1370953234907682,0.016730708771660257,0.00979272900967198,G3,-9.101253222556487
000680,2018-12-31,0.024393624464916108,0.02061763521375272,0.012797507484606011,G3,0.44711872803958747
000700,2018-12-31,0.0180865256449802,0.019765846667924605,0.04662457089534839,G4,0.1472960941635754
000720,2018-12-31,-0.3007282308849313,0.02058054345940979,0.029649105112162774,G3,-15.349610428943917
000760,2018-12-31,-0.23982453314961705,0.015254176637888077,-0.005752946593901814,G2,-16.716708665167275
000850,2018-12-31,-0.034869958436883744,0.014551448925679345,0.032819923684243156,G4,-3.439179996813007
000860,2018-12-31,-0.24240517307435022,0.011905416542486667,0.05904290863415324,G4,-21.635552673699948
000880,2018-12-31,-0.3295920953783982,0.016416586476391763,0.004714519072607728,G2,-21.001149630415377
000890,2018-12-31,-0.41853936120147456,0.0380444222411911,-0.1390486052382969,G1,-11.400211365671524
000910,2018-12-31,0.12388257261329272,0.04349255932476941,-0.19690525361730232,G1,2.4994500362369805
000950,2018-12-31,-0.15463798184492228,0.015178202057169502,-0.06387802917787892,G1,-11.187957232238123
000970,2018-12-31,0.04414310701480095,0.02361646118881021,0.03294515873161146,G4,1.2266026289987764
000990,2018-12-31,1.0372172412423228,0.029055623038946484,0.08141210753810567,G5,35.17536506580524
001020,2018-12-31,-0.49723947809950286,0.027548549257584976,-0.06468461993627565,G1,-18.600419460976802
001040,2018-12-31,-0.35024219036637383,0.015764583809581626,0.027735259891743545,G3,-23.179634071737055
001060,2018-12-31,-0.23912912628434935,0.02176573715003522,0.013568555803494637,G3,-11.68369433869124
001070,2018-12-31,0.3698885250662957,0.022526656853186344,0.04648859348855323,G4,15.746385881629992
001080,2018-12-31,-0.14756037091698482,0.016926298051087953,0.010606735816797226,G3,-9.614356550898833
001120,2018-12-31,-0.19768476086891007,0.017373549338826882,-0.007143883770942764,G2,-12.25194980890657
001130,2018-12-31,-0.22919323988939055,0.01571114588148483,0.055967385390077756,G4,-15.553819903762143
001140,2018-12-31,1.1769676873720067,0.07348809772804299,-0.08299913897825281,G1,15.809262039119416
001210,2018-12-31,-0.3685374782520533,0.045403566287535196,-0.12290729979078109,G1,-8.451154903890314
001230,2018-12-31,-0.32939033070274437,0.020435072277694862,-0.05313609906470574,G1,-16.861473238428456
001250,2018-12-31,-0.179618118352603,0.016625291077268827,0.01576232980924559,G3,-11.716679791062164
001260,2018-12-31,-0.02162880156480268,0.03397997225690382,0.03838428111553824,G4,-1.0831055104903418
001360,2018-12-31,0.6287561628563552,0.0399053533935581,-0.012920939502464644,G2,15.37590866999931
001380,2018-12-31,-0.4774482965606694,0.028521175555282566,0.016283112340917325,G3,-17.272197958277587
001390,2018-12-31,-0.3057839057407822,0.022249140461176237,0.018404901758710446,G3,-14.425680845235355
001430,2018-12-31,-0.2725129772760017,0.018128119814392957,0.006671297207181254,G2,-15.869713674362874
001440,2018-12-31,-0.47230666775387475,0.02007004560246675,-0.005007218331650491,G2,-24.289021113480604
001460,2018-12-31,-0.07423312186987668,0.01356458204998501,0.012313192305217444,G3,-6.5912989558667805
001470,2018-12-31,-0.21089885351994467,0.030121667816241107,-0.19144381238894484,G1,-7.505359548218911
001520,2018-12-31,-0.5841445544465628,0.01972869326709449,0.003208023930345979,G2,-30.378071165976685
001530,2018-12-31,0.2808838956190247,0.023644824442093936,0.014588829082212297,G3,11.23750369290267
001540,2018-12-31,0.20526533976970954,0.034841903184704516,0.06189097611026523,G4,5.45579399406057
001560,2018-12-31,0.11125059361331407,0.01976333856380668,0.054391396426977164,G4,4.861299100360596
001570,2018-12-31,0.10253047488574035,0.02086826791858003,0.09890409701523915,G5,4.1860388985616215
001620,2018-12-31,-0.22361366727564896,0.01583865588057678,-0.017730800350298517,G2,-15.076327354358305
001630,2018-12-31,0.686098426365896,0.027220374825412667,0.06060241674060554,G4,24.647835933051518
001680,2018-12-31,-0.14202602671664916,0.016692097649228417,0.029740166771715287,G3,-9.417697143466835
001740,2018-12-31,0.002849091277272467,0.01892925986990464,0.00098686556206029,G2,-0.6511613470573804
001780,2018-12-31,-0.0739541279588323,0.021230566531607074,0.004388823118803801,G2,-4.198155591331003
001790,2018-12-31,0.04915929171836798,0.019369374716099775,0.008589809053034355,G3,1.754532533110716
001800,2018-12-31,-0.04703720714797943,0.019168294539681194,0.027243487755193013,G3,-3.2455835156408717
001810,2018-12-31,-0.14179390960228883,0.015402548393130903,0.03526356315519306,G4,-10.191105992905129
001820,2018-12-31,0.13442222604809528,0.02918993049343485,0.28142854164556297,G5,4.085214675038591
001940,2018-12-31,-0.11077569772059266,0.013822376017705338,0.023505515539018758,G3,-9.1120941285506
002000,2018-12-31,,,0.04492932513501045,G4,
002020,2018-12-31,-0.5731639973788047,0.030428242073446608,0.00047095289839393397,G2,-19.335296780919894
002030,2018-12-31,-0.08706386230046156,0.012356394013851866,0.03527423852105256,G4,-8.274174149740418
002070,2018-12-31,1.528971049828147,0.06736962194366793,-0.04081772361638186,G2,22.47000818055607
002100,2018-12-31,0.19339224647524,0.04295863780392457,0.013655093561414504,G3,4.148575512466548
002140,2018-12-31,0.571837758516099,0.047656008188273404,0.017381392698226597,G3,11.680849614679158
002170,2018-12-31,0.42968400765782794,0.02154465459946968,0.07722711430307665,G5,19.239524686326245
002200,2018-12-31,0.04806442607295611,0.014451225911043088,0.05786824210434783,G4,2.275885287687913
002220,2018-12-31,0.0268753021611102,0.012820810556609686,-0.026295752975520947,G2,0.9125950716212281
002230,2018-12-31,-0.1523504136988142,0.012647230103727935,-0.0019093946582539123,G2,-13.246023513274475
002240,2018-12-31,-0.2116567854455738,0.018324116696200803,0.0007857814243490005,G2,-12.378871125916938
002300,2018-12-31,0.025836525506643365,0.015541141382668919,-0.043485627253630435,G2,0.6860134407871699
002310,2018-12-31,0.19053093969932364,0.02569740889672855,0.09685429875700677,G5,6.823872662456984
002320,2018-12-31,-0.3307699083432868,0.03437141368898631,0.017148960304307292,G3,-10.06490466486391
002350,2018-12-31,-0.08182073298040796,0.017661040494893376,0.031935287205170096,G4,-5.492078829750304
002360,2018-12-31,0.11089151103179873,0.036472374868362155,0.01660942335750788,G3,2.6243538498467465
002380,2018-12-31,-0.22504620402272896,0.023218475864863468,-0.002576963202756686,G2,-10.346126897123975
002390,2018-12-31,-0.19284093800693963,0.02465999249765129,0.01082212745861798,G3,-8.435364757702608
002410,2018-12-31,0.8056519576499068,0.034997549468686974,0.045851167816855096,G4,22.586634664927153
002450,2018-12-31,0.0708281325249519,0.02462032451806795,0.023000988354108316,G3,2.26045106964985
002620,2018-12-31,-0.40400905288156863,0.022852087586344588,0.007935812847400367,G3,-18.343363376788982
002630,2018-12-31,-0.4199795584691006,0.03794984040478264,-0.0853057010378953,G1,-11.466573968706834
002680,2018-12-31,-0.05187908796451779,0.026210043599100428,-0.02568993885973768,G2,-2.55833918566156
002710,2018-12-31,0.29314733558279316,0.02130919757275824,0.03200695605964045,G4,13.044707150549637
002720,2018-12-31,0.7586770767688374,0.039155207907730714,0.01729215489137749,G3,18.988584734065054
002790,2018-12-31,0.10125946179240904,0.028439989880475282,0.050934363112725346,G4,3.0268775945855446
002800,2018-12-31,-0.010072799211178096,0.023334057400885986,0.02603151550498526,G3,-1.0820189738274246
002810,2018-12-31,0.2039628146977411,0.014514996246913462,0.07486639653518476,G5,13.00639131098136
002820,2018-12-31,-0.244216127897733,0.01505532230003217,-0.01470115727956358,G2,-17.229204155273216
002840,2018-12-31,0.5206278845340775,0.02502376314611759,0.09861465494765907,G5,20.198912048108127
002870,2018-12-31,0.1592349306142049,0.01949081236190602,0.051776432125919356,G4,7.39116637656443
002880,2018-12-31,-0.3767514548542963,0.022312802904081507,-0.045274070540548474,G2,-17.5650970508758
002900,2018-12-31,-0.16216790235796338,0.036924139359677116,-0.0391380016592701,G2,-4.802901274513903
002920,2018-12-31,-0.12753059961445168,0.01296435225708729,0.01799846084153214,G3,-11.007545183709182
002990,2018-12-31,-0.04936718797032677,0.0359255873953773,-0.0003980440625128915,G2,-1.7965546643112225
003000,2018-12-31,-0.4838937993767468,0.021297899686057428,0.2950828484784411,G5,-23.432775079526678
003010,2018-12-31,-0.1507634100162668,0.030969700403201236,-0.003279551042834159,G2,-5.358091989552249
003030,2018-12-31,-0.1645886357790809,0.015523295257921848,0.1319904678706122,G5,-11.58025576562442
003060,2018-12-31,-0.10938310143143914,0.04856386418987254,-0.005599378405996851,G2,-2.5648328678584265
003070,2018-12-31,0.30980742305624115,0.02701070662534111,0.007106862839168017,G2,10.9079830272512
003100,2018-12-31,-0.0650572523236044,0.01442806899764816,0.019106550377857426,G3,-5.560851280212301
003160,2018-12-31,0.029316854168156936,0.02509128665716728,0.06922863329855536,G5,0.5636124096951634
003200,2018-12-31,-0.338411685506791,0.00954030916726691,0.023832423201630107,G3,-37.06240258469995
003220,2018-12-31,0.034772409897062366,0.013573394811072623,0.0845425410479574,G5,1.4438035979117685
003230,2018-12-31,0.7511403072085995,0.025062183234578907,0.08566184830719493,G5,29.3655667061045
003240,2018-12-31,-0.30154188603421767,0.01853887965546512,0.05532853595162148,G4,-17.083933093756865
003280,2018-12-31,-0.35269839505492623,0.05067009285259584,-0.10767739420414113,G1,-7.260170013069923
003300,2018-12-31,-0.26265343762730653,0.020284274137082538,0.15992218195249092,G5,-13.696745044100702
003310,2018-12-31,0.016814298814197957,0.024766661790404765,0.018768705098042623,G3,0.06618595574613298
003380,2018-12-31,-0.3409766098942792,0.019359462059119936,0.023952637540173998,G3,-18.396776854626523
003410,2018-12-31,-0.20559954640761272,0.015278058543554244,0.04286485925508977,G4,-14.450438150318224
003480,2018-12-31,-0.03866956162259794,0.03730898895195968,-0.00014410736959750812,G2,-1.4432086413515233
003490,2018-12-31,-0.2850319660281767,0.019343112881825827,-0.007767383910262737,G2,-15.52010069398915
003550,2018-12-31,0.029104651104828322,0.013289822693513352,0.08245333413674628,G5,1.04813719438623
003570,2018-12-31,-0.06388866953052105,0.015324431332305566,0.023435159298627706,G3,-5.159327706784449
003580,2018-12-31,0.5174585872128846,0.054051469842611735,-0.07447242404655428,G1,9.29268889527863
003610,2018-12-31,-0.19705335189829068,0.014081832756996215,0.01215121676384676,G3,-15.071081243015684
003670,2018-12-31,-0.02520363136194609,0.02442332316021978,0.14008859886272954,G5,-1.6532854571024524
003780,2018-12-31,-0.19417191140957565,0.02423036410347861,0.0475660356563116,G4,-8.639862122933586
003850,2018-12-31,0.3736021809899568,0.022177058618587115,0.04512468698984229,G4,16.16206610269731
003920,2018-12-31,-0.4006901978968007,0.01114903333112434,0.001914506535225366,G2,-37.300569401725966
003960,2018-12-31,-0.47776308290559555,0.017535598564156128,0.01994254694260002,G3,-28.110712886992697
004000,2018-12-31,0.007691822351461208,0.0209143159698093,0.12642323870745678,G5,-0.3578061693387436
004020,2018-12-31,-0.43674443640927446,0.01559881849187559,0.012249225242789711,G3,-28.971394870554377
004060,2018-12-31,0.2808670740055902,0.02849211447409611,0.0199756153509158,G3,9.3251057451067
004080,2018-12-31,-0.06045917412181444,0.009142364573025726,0.023016969130916866,G3,-8.272943739077073
004090,2018-12-31,-0.09551946356625021,0.03834941385851868,0.013992508011075705,G3,-2.886473248524503
004100,2018-12-31,0.030679444522451027,0.03201022502687575,-0.013727094054977315,G2,0.484356197948462
004150,2018-12-31,-0.30528283810432894,0.01604489422023207,-0.030788126569752838,G2,-19.972579896051986
004170,2018-12-31,0.11627971889508432,0.023610857658589626,0.02566191351055557,G3,4.28212421268584
004250,2018-12-31,0.05054880883183062,0.017242349103056883,0.030161709161901477,G3,2.051560085429453
004270,2018-12-31,0.8154916546124197,0.05283759458982695,-0.017438610372365514,G2,15.146725871838784
004360,2018-12-31,-0.1458626291942305,0.015367545369959087,0.04402078758757514,G4,-10.479079055916788
004370,2018-12-31,-0.06456186360985575,0.015639022003340667,0.03329072185749415,G4,-5.098589747222163
004430,2018-12-31,-0.28976391705231364,0.0245147912759508,0.043327327905526826,G4,-12.438980501719382
004490,2018-12-31,-0.034443068083837514,0.0165387172320805,0.07616017847139901,G5,-3.0001215342475835
004540,2018-12-31,0.6334446387872344,0.04283250499178942,-0.05613637617654495,G1,14.43458759352954
004560,2018-12-31,-0.03778569242303692,0.017758856738000133,0.0321009658223385,G4,-2.982218215808398
004590,2018-12-31,0.03228466027792684,0.018080097071970058,0.055025973823394414,G4,0.9463205079519936
004650,2018-12-31,-0.03595710732203181,0.016033397128118927,-0.03981881816403218,G2,-3.1891058735965796
004690,2018-12-31,-0.13642082016536977,0.009245102707498658,0.0071913528081449,G2,-16.397428843637382
004710,2018-12-31,0.5712640999449852,0.033594535653392946,-0.038829580803719004,G2,16.55296004235329
004720,2018-12-31,-0.07091046518660568,0.02459854988409059,0.0457838930473362,G4,-3.499619255005001
004740,2018-12-31,,,-0.1615534321532545,G1,
004770,2018-12-31,0.8571995816165072,0.0405808151220803,0.06940584109288722,G5,20.749324168340745
004800,2018-12-31,0.3995126726833705,0.018722512639101293,0.5346484993264249,G5,20.528098255772388
004830,2018-12-31,-0.010544058045493604,0.028345838581821572,-0.020108071218620304,G2,-0.9073343025013307
004840,2018-12-31,-0.2156384676644552,0.014678596585146954,0.015382057176169885,G3,-15.724497908129086
004870,2018-12-31,-0.38340089588081766,0.03249494190286213,0.06799398340103145,G5,-12.265785570728168
004890,2018-12-31,-0.0775594451950137,0.008926524453857308,0.038209242369857475,G4,-10.388650062780064
004910,2018-12-31,-0.20408749883042812,0.013867008955202294,-0.012850205242126994,G2,-15.811815884140552
004920,2018-12-31,-0.19535436113089444,0.02373465659543189,-0.07045441710080351,G1,-8.870128536191796
004960,2018-12-31,-0.19119672194029802,0.01340475288958184,0.09109691617243759,G5,-15.395421107214053
004970,2018-12-31,-0.12466936009217887,0.011192515678414542,0.06953705266539507,G5,-12.494461276014679
004980,2018-12-31,-0.48294353704525184,0.032630143657865845,0.015647685537554825,G3,-15.265597231231736
005010,2018-12-31,-0.20923217626942303,0.015711147629162175,0.028476697587043635,G3,-14.283314955671939
005090,2018-12-31,0.00258750055156981,0.016124479428979623,-0.015167764991853749,G2,-0.7806511296585488
005110,2018-12-31,0.8584389682064811,0.05711942466152863,0.014523013287376634,G3,14.763171715584205
005160,2018-12-31,0.024829618911226828,0.016237539783821385,0.002608629911240463,G2,0.5945805464869458
005180,2018-12-31,-0.28937915924472235,0.013916393477459753,0.052301023246753925,G4,-21.884567533317068
005190,2018-12-31,0.23058338508310308,0.012717954188384879,0.029151452878422548,G3,16.93733821174427
005250,2018-12-31,-0.15496314232473418,0.019421047278086974,0.007372340616466947,G3,-8.760507789384882
005290,2018-12-31,1.0868674320872207,0.04102884590491443,0.06306562374132763,G4,26.120460247357205
005300,2018-12-31,-0.0786898399100999,0.018427310959333604,-0.015103958979703725,G2,-5.09379440929851
005320,2018-12-31,-0.5634925644652067,0.03476159691290503,0.017150008679508184,G3,-16.646751285564175
005360,2018-12-31,0.4615512275946141,0.04838001603036044,0.004442889312020142,G2,9.226456925552402
005390,2018-12-31,0.5588665595081423,0.04249764920947413,0.004295319958841112,G2,12.793448013919244
005420,2018-12-31,0.04807463686418734,0.047180119851735765,-0.01792976448857009,G2,0.6973179240454637
005430,2018-12-31,-0.0771868655640342,0.017640039751721872,0.044381400717610896,G4,-5.235926930832306
005440,2018-12-31,-0.29658268944452776,0.01534615464368136,0.04484115693831018,G4,-20.31504245305191
005450,2018-12-31,0.37901653001869606,0.008806220368305705,-0.009899782450895445,G2,41.316412850084
005490,2018-12-31,-0.06331533911317852,0.015458198627979897,0.02418027289216395,G3,-5.077592456605312
005610,2018-12-31,-0.4733660731463103,0.017613155452668058,0.05605621178701522,G4,-27.737288079477228
005670,2018-12-31,0.307635494898554,0.02657974341502663,0.0413831604943012,G4,11.003131094947111
005680,2018-12-31,-0.3297917322774888,0.012664728150669819,0.029782286785518575,G3,-27.238391681719815
005710,2018-12-31,0.029800994405977888,0.014467256029242152,0.061680630559436726,G4,1.0109657797896359
005720,2018-12-31,0.06956048193995998,0.013734656956507203,0.0231476650423759,G3,3.9597194512553515
005740,2018-12-31,-0.012082506342879926,0.027626809546642497,0.008410058932974281,G3,-0.9866358230696002
005750,2018-12-31,-0.10781385235548141,0.015568107931303855,0.013001841403565063,G3,-7.900057382126568
005800,2018-12-31,-0.2804023851181464,0.012260116233906283,0.00807038704884192,G3,-24.108864313509788
005820,2018-12-31,0.03677340604674373,0.01605329016110382,0.003068042235564994,G2,1.345413444660484
005850,2018-12-31,-0.10490504515313542,0.023081276342004017,0.01472212480460123,G3,-5.202491275041349
005860,2018-12-31,0.14519353656658351,0.03529077118561043,0.0022869757949047762,G2,3.684205206222267
005880,2018-12-31,-0.003936356286965148,0.01953333562719391,0.026690019938580754,G3,-0.9784017581368623
005930,2018-12-31,0.4060418564943711,0.014840156018438494,0.13067308208101786,G5,26.338453745079963
005950,2018-12-31,-0.06386725750525862,0.012769505311597793,-0.0017216283783919695,G2,-6.189930557954181
005990,2018-12-31,0.026401427892368212,0.017606292885548595,0.07424116357660084,G5,0.6376319156103614
006040,2018-12-31,0.031210471111205063,0.016558613246307734,0.02738639995271639,G3,0.9684009910565351
006060,2018-12-31,0.5924371129892478,0.0260958655617028,0.02614635012045253,G3,22.120822855688473
006110,2018-12-31,0.0840899500330895,0.023344829984366582,0.014069813606771977,G3,2.9520393357450527
006120,2018-12-31,-0.015519548512124295,0.028115072776513227,0.02032751468677637,G3,-1.0917504069462973
006200,2018-12-31,-0.11180767565387044,0.01309123837622968,0.002712791723299105,G2,-9.699828666888937
006260,2018-12-31,-0.1621461314224115,0.018767066917946315,0.04648670784951683,G4,-9.4485316128864
006280,2018-12-31,-0.048945003774005444,0.01899528387644607,0.019873333792993598,G3,-3.3755798451884362
006340,2018-12-31,-0.29304323977731894,0.02823328255942544,0.006466841169881005,G2,-10.916843720227696
006360,2018-12-31,-0.39948747040738725,0.018694311960911668,0.04881749813716135,G4,-22.1812155968817
006370,2018-12-31,-0.2927111049362992,0.02411117300850009,-0.042303957254246474,G2,-12.769440892017846
006400,2018-12-31,0.28293067068257316,0.019744672247443498,0.03850438868678914,G4,13.560902591547594
006490,2018-12-31,-0.30096905420496467,0.045359449149662175,-0.14109902216020348,G1,-6.969752802658936
006570,2018-12-31,-0.00675609833618554,0.017575839318465698,-0.006119994921380625,G2,-1.2478033948627854
006580,2018-12-31,0.1672087586871981,0.024654394254362704,0.13817914326106318,G5,6.166595029092481
006650,2018-12-31,-0.42846043417158824,0.022455148775883074,0.1297503636683136,G5,-19.756516967770594
006660,2018-12-31,-0.20718164299135622,0.010418609645710711,0.02433950093847665,G3,-21.34226582870951
006840,2018-12-31,-0.5118695813768881,0.02197511353641133,0.06080770456255083,G4,-23.983706575011237
006880,2018-12-31,-0.10350791609000137,0.024305088813426343,-0.06778084012146345,G1,-4.883051884072879
006890,2018-12-31,0.18554921068545682,0.031017207674639856,0.023590813314001948,G3,5.492890231759918
006910,2018-12-31,-0.16296306246271727,0.026863461165534397,-0.049232766458272216,G1,-6.631243643474575
006980,2018-12-31,0.43814176055935816,0.043724424024116824,-0.014945137552750643,G2,9.673464576528353
007120,2018-12-31,0.007867903432905152,0.026090697228239982,-0.18836317328833932,G1,-0.28006879755380765
007160,2018-12-31,-0.37751683330733665,0.015466006872105267,0.03503137713516667,G4,-25.39064738478558
007210,2018-12-31,-0.2796345014807401,0.026890165757885238,0.01776270227463984,G3,-10.963472585781636
007310,2018-12-31,-0.3391192374894456,0.011321021259673077,0.07794077839766497,G5,-31.29526241457085
007340,2018-12-31,-0.0795758695815453,0.012478148620001775,0.06715113342061359,G5,-7.593351073141058
007460,2018-12-31,-0.6525353654262717,0.05759567614767567,-0.08125465645322266,G1,-11.593065725059233
007530,2018-12-31,-0.052582993257935015,0.016127938870479457,0.019129036591266982,G3,-4.201286192553597
007540,2018-12-31,0.2663534145597525,0.03118057038396905,0.06618895915662638,G5,8.05560378895226
007570,2018-12-31,-0.06417214971513761,0.022971671870158174,0.0075214144672709465,G3,-3.4541344572823225
007590,2018-12-31,0.013164411815829669,0.012554222707306814,0.033134726563416254,G4,-0.16015980152708764
007610,2018-12-31,-0.35977880744646273,0.028625613669263663,-0.005501261432686415,G2,-13.09854542898491
007630,2018-12-31,-1.3307275446190796,0.043278932765624126,-0.14820735744581648,G1,-31.098332427482383
007660,2018-12-31,-0.40791815821980093,0.031297269176600404,-0.014580612612635472,G2,-13.518535737587227
007680,2018-12-31,0.08360283733895485,0.02816248849945347,0.06908568932456917,G5,2.429747772726973
007690,2018-12-31,-0.06531739683730879,0.0154332188970426,0.054575616674063396,G4,-5.21553481533862
007700,2018-12-31,1.0980259645640216,0.03564175117925014,0.2204343655453975,G5,30.38152826681185
007720,2018-12-31,-0.08705164579266544,0.040392168390583835,-0.019289819676351443,G2,-2.5308554479450818
007770,2018-12-31,0.2979750473861871,0.041676058250951664,0.024090804826684905,G3,6.785669413608007
007810,2018-12-31,0.7969776440456446,0.031876101196669344,-0.05567724482966185,G1,24.526291518185246
007820,2018-12-31,0.13739780600689994,0.028421890433386953,0.009099612637816924,G3,4.30030200349964
007860,2018-12-31,0.17846148576611268,0.03214727979409432,-0.016017238930925035,G2,5.0793222063893175
007980,2018-12-31,-0.03125230772665202,0.02068744540572064,0.018654630021797725,G3,-2.2442307616566506
008060,2018-12-31,0.06314202954984985,0.02193990018415257,0.23283362849925868,G5,2.1862877913883176
008110,2018-12-31,0.13555945865284835,0.021370287107623107,0.004143927555121078,G2,5.633259132814675
008250,2018-12-31,-0.36824624021743235,0.02550970062703394,0.01499452139316158,G3,-15.030412918451104
008350,2018-12-31,0.6453742043214943,0.04759445963342552,0.08322969830000856,G5,13.24101829377526
008370,2018-12-31,0.20092550424531802,0.021040826823904082,0.02402809541497395,G3,8.828094645089314
008490,2018-12-31,0.4794564195262846,0.01929431158346037,0.04597739542253156,G4,24.06311953059372
008500,2018-12-31,-0.11809268218263191,0.017163663059771954,-0.10060960500127249,G1,-7.764529946287665
008600,2018-12-31,0.2828556781677848,0.03034315481020436,-0.021721010708834372,G2,8.821778295933996
008700,2018-12-31,-0.1992680623201979,0.027722949056205808,-0.09996075473993891,G1,-7.735221657637949
008730,2018-12-31,0.044668352079148224,0.023606271714837843,0.023973236304895,G3,1.2493823168040255
008800,2018-12-31,-0.5798313710452898,0.014295349062734128,-0.10313772360116245,G1,-41.62238096230493
008870,2018-12-31,-0.0446697808283108,0.010314505358597844,0.04020424793726325,G4,-5.80201108833443
008930,2018-12-31,-0.7849745368157491,0.025201696166619592,0.01966254342361945,G3,-31.749832438204308
008970,2018-12-31,-0.3187625353283083,0.02940499022132295,-0.040197362993383695,G2,-11.356495154319523
009070,2018-12-31,0.002620121466183317,0.029975593148406535,0.019338113896799927,G3,-0.4188398242735982
009140,2018-12-31,0.10443997273531166,0.04203519438804674,-0.011856005446009907,G2,2.1235747901700326
009150,2018-12-31,0.25333423986802894,0.02215751641081207,0.0792394809123858,G5,10.748458528450286
009160,2018-12-31,0.13365572587670618,0.02559282246886122,0.10150124672159822,G5,4.629447665958015
009180,2018-12-31,0.24091929886885552,0.024350958530627534,0.011470273030299228,G3,9.270444321605076
009200,2018-12-31,-0.061823166118862655,0.016227495017746577,0.030545538808185082,G3,-4.744925798320397
009240,2018-12-31,0.15621536286145818,0.027327584751705446,0.09568371804956566,G5,5.161095300223977
009270,2018-12-31,0.09455343743681607,0.040253949668063664,-0.01538078057322107,G2,1.9719392620703207
009290,2018-12-31,-0.010679615888007407,0.02067005233071876,0.03001737051576604,G3,-1.2508294177147419
009310,2018-12-31,0.0055991381324033695,0.02924142937570997,0.018610913534077334,G3,-0.3274790495881125
009410,2018-12-31,0.2675023025512901,0.02379905730441454,0.049235988204383546,G4,10.6024035192153
009420,2018-12-31,-0.204039601613568,0.03268907594309693,0.02033280392224151,G3,-6.706053595033454
009440,2018-12-31,0.32478218906692474,0.02114647743387034,0.027979471256056362,G3,14.641071847648153
009450,2018-12-31,0.06923692832771358,0.02473946821698858,0.042406982356807454,G4,2.18524643377866
009470,2018-12-31,-0.17351095174098788,0.03471715153869236,0.05488254793878888,G4,-5.434951803682844
009540,2018-12-31,-0.06149405696921095,0.020936572999403744,-0.018342583801707293,G2,-3.6619723105760054
009580,2018-12-31,-0.376457598756781,0.022024990015145202,0.05145799590341175,G4,-17.781288078697813
009620,2018-12-31,0.40593719854460886,0.06072231533969458,-0.026030747548368406,G2,6.435230651625142
009730,2018-12-31,0.004046662320907807,0.04751911175289606,-0.20219361831300148,G1,-0.23418853807537246
009770,2018-12-31,-0.07538721182785141,0.012850518507153462,-0.0008629217753749667,G2,-7.047365863906357
009780,2018-12-31,-0.4403336436867285,0.023694443411932196,0.07237442149274285,G5,-19.224285179465298
009810,2018-12-31,0.9647906342824406,0.06790328630503883,-0.3122882343340931,G1,13.984824480858958
009830,2018-12-31,-0.11948081725010848,0.021662720312043637,0.010533778596723801,G3,-6.216020377099352
009970,2018-12-31,-0.37153230754296157,0.017118280023937293,0.046627533508219236,G4,-22.590318690614318
010060,2018-12-31,-0.5850793761819095,0.021987467879050714,0.018343873994164275,G3,-27.299845217137555
010100,2018-12-31,0.5475753383770109,0.03964529490872203,-0.0016060898795922248,G2,13.429090285993134
010120,2018-12-31,0.10631808215628048,0.015936022155729635,0.05496425529550151,G4,5.719306087344523
010130,2018-12-31,-0.10661001753947023,0.013099572396743916,0.07401366922478848,G5,-9.296876835666822
010140,2018-12-31,-0.061034648055267704,0.018950105109796556,-0.02717859023724198,G2,-4.021599946104186
010170,2018-12-31,-0.5089612585385391,0.03155380742332476,0.06712956191627126,G5,-16.610875040837488
010240,2018-12-31,-0.2581785964183855,0.03783148815818794,0.09414711844738763,G5,-7.225560065423485
010280,2018-12-31,0.408011288004476,0.04132649326321162,0.22472648082663302,G5,9.505674528673731
010400,2018-12-31,-0.08343517910045978,0.023543050531410183,0.11819701345034017,G5,-4.1885087321992
010470,2018-12-31,-0.02810184160327956,0.020035084831097314,0.043625463055225314,G4,-2.160057499185946
010600,2018-12-31,-0.3257276888390982,0.0520898009899276,-0.1467053630214083,G1,-6.5445207313803335
010620,2018-12-31,-0.3087824187226126,0.02143640658943636,0.0348339208655172,G4,-15.112491499168256
010690,2018-12-31,0.46023094013751986,0.030524458638889314,-0.06896641920537502,G1,14.580302693314374
010770,2018-12-31,-0.3884102849236728,0.03353032764952468,-0.12837509501417607,G1,-12.036428118898883
010780,2018-12-31,-0.0345744320929382,0.015764001841885825,0.11171556926754947,G5,-3.155894437522187
010950,2018-12-31,-0.20684394364409467,0.017710298734669738,0.016172628543048833,G3,-12.536154279680686
010960,2018-12-31,-0.16943485564213415,0.019034256508214765,0.07451117795034581,G5,-9.698826386805251
011040,2018-12-31,-0.33054555225376714,0.013294890238440741,0.020630588656553654,G3,-26.004024078898517
011070,2018-12-31,0.6504450318556851,0.025349387452972348,0.028335323819491456,G3,25.06056366850149
011090,2018-12-31,0.02807150870967476,0.034255719033042295,0.007411135515299222,G3,0.3764748030621217
011160,2018-12-31,0.14252760650029678,0.03143997091060753,-0.22999598930225446,G1,4.050656192699291
011170,2018-12-31,-0.32603142921664025,0.020049655660396855,0.07894240963585908,G5,-17.01807395742802
011200,2018-12-31,-0.007173786679709884,0.020268730830878604,-0.19181718040296594,G1,-1.1026285019593354
011210,2018-12-31,0.26101015160432234,0.026653405452867006,-0.007817328138350546,G2,9.223401430113315
011230,2018-12-31,0.32166814713065434,0.030548650592820463,-0.06642760590426773,G1,10.032949002655046
011280,2018-12-31,0.08964216495271238,0.0371064258341104,0.04725554664648099,G4,2.0068510950817338
011300,2018-12-31,0.15181736623251127,0.039814284958970984,-0.04248898699609303,G2,3.4319911243003283
011320,2018-12-31,0.11282750471961608,0.04157844917804322,0.011799066039099993,G3,2.3486304327633665
011330,2018-12-31,0.30276657701685017,0.028911741067568355,0.09873832618073872,G5,9.947221189888705
011390,2018-12-31,-0.03929924640692706,0.04139210048005392,0.027281947180875097,G3,-1.3160564312539782
011420,2018-12-31,0.31364977063391797,0.04336708879064042,-0.48125269572583756,G1,6.8825158737742305
011560,2018-12-31,-0.19062228643762064,0.0210990633109634,0.08586047376170786,G5,-9.753863336845098
011690,2018-12-31,-0.37109181838363975,0.038766373219598686,-0.15434854995768307,G1,-9.963968252292371
011700,2018-12-31,-0.2882089910239449,0.02092090411117746,0.036895166181504055,G4,-14.501480578691337
011760,2018-12-31,-0.4733842445372505,0.026738318055390817,-0.007877692683812611,G2,-18.27187997233464
011780,2018-12-31,-0.22465234355895009,0.022034559527098912,0.1089696834108963,G5,-10.884149369855125
011790,2018-12-31,0.4347088149822578,0.02120374190850884,0.03679545515982588,G4,19.78583417773749
011810,2018-12-31,-0.3951303916822809,0.028450738731132217,0.016436818328667783,G3,-14.421610953330466
012030,2018-12-31,-0.01016869036243312,0.017532014710132084,-0.013783620846583963,G2,-1.4455716821150766
012160,2018-12-31,0.10777834076298082,0.027990651398202282,-0.017780837025224618,G2,3.3083634179363735
012170,2018-12-31,-0.7378986430721833,0.044734828023035335,-0.21816211148005962,G1,-16.834170823622287
012200,2018-12-31,-0.12181194853835176,0.01646103588086927,0.02817092866471981,G3,-8.32189682123921
012320,2018-12-31,0.06308425120492406,0.017789565446268973,0.05038487396603452,G4,2.693104433420172
012330,2018-12-31,0.2282285504110615,0.017252359619753424,0.0438392471319305,G4,12.349235784197484
012340,2018-12-31,-0.1844500951128114,0.04410696268950958,-0.09280936593039395,G1,-4.525933697838803
012450,2018-12-31,0.05728419466552211,0.021036249952796685,0.006658530232063292,G2,2.0017399074004203
012510,2018-12-31,0.6332224671915045,0.02438257331892971,0.1525453010501102,G5,25.347914080861887
012600,2018-12-31,0.3998764071324366,0.0492490412629406,0.02168688348091268,G3,7.811346244195045
012610,2018-12-31,0.4856694044625255,0.03196597357540911,0.03341887647294804,G4,14.718597877823127
012620,2018-12-31,-0.027954745528664393,0.00957655617915376,0.033118880477144154,G4,-4.503689881286154
012630,2018-12-31,-0.4796267982822288,0.021313642072886916,0.27313009176733943,G5,-23.215267021145348
012700,2018-12-31,0.2442393752653815,0.029934549988340966,0.02804744115375561,G3,7.652170542788839
012750,2018-12-31,-0.07634704888350995,0.012837606569664059,0.06118698151901205,G4,-7.129221636433413
012800,2018-12-31,0.6276975008952728,0.04782222959783962,0.021800859946817047,G3,12.808319737772846
012860,2018-12-31,0.45510340462151994,0.044411650181062926,-0.026606921184426154,G2,9.90569612241398
013000,2018-12-31,0.1519521917070957,0.034263025750716165,0.012169799324971493,G3,3.9919737115242366
013030,2018-12-31,0.026853454716374667,0.02364800810802058,0.032868278489214954,G4,0.4938412161426395
013310,2018-12-31,0.39922325300489625,0.043043156794778915,-0.01997287431255422,G2,8.922397611378775
013360,2018-12-31,0.053492285347607776,0.04158297133348958,0.007866725008048388,G3,0.921463533891085
013520,2018-12-31,0.06006070223246406,0.021391009489934654,-0.027399872639029807,G2,2.0983398946471317
013580,2018-12-31,-0.15911930628878077,0.01704958059894302,0.0547611145786038,G4,-10.222796913405887
013810,2018-12-31,0.0012998446796270713,0.03717343848474286,-0.07590694259809799,G1,-0.37325707599060415
013870,2018-12-31,-0.3412936462047097,0.028815239119398026,-0.001486649099270211,G2,-12.370840941510654
013990,2018-12-31,0.28170199586911615,0.03515483344102435,-0.08173990907908761,G1,7.581515147363225
014100,2018-12-31,0.46012751829828696,0.03317953085799277,0.02661094006579379,G3,13.410449550046652
014130,2018-12-31,0.27249445613405776,0.04181382677732603,0.026377572063303493,G3,6.1539299875952285
014190,2018-12-31,-0.15613220743932488,0.030158562895602127,-0.024526087702366254,G2,-5.680220959642098
014200,2018-12-31,-0.16557556860410588,0.03210931532648749,-0.1514577460552251,G1,-5.629228166318469
014280,2018-12-31,-0.12006822181615814,0.021418818600969603,0.01743855067351865,G3,-6.314228528131549
014440,2018-12-31,-0.11414147982664999,0.01041423186885178,0.032129432578734796,G4,-12.417293477628952
014470,2018-12-31,0.3970834707556047,0.04250289338398047,0.0069908865358477255,G2,8.985467734452847
014530,2018-12-31,0.18084506881385204,0.034590171665993256,0.058156927410553436,G4,4.789510060274401
014580,2018-12-31,0.7940042649081942,0.05319411080233555,0.018958083021095855,G3,14.641266853191576
014620,2018-12-31,-0.1366740010237129,0.018778380394838073,-0.016675844171337953,G2,-8.086378668653076
014680,2018-12-31,0.3792303935687264,0.016976227311721645,0.08557958509989028,G5,21.44500619901554
014790,2018-12-31,-0.39663527155948597,0.02370865483022627,-0.006730085309812645,G2,-17.369621690532433
014820,2018-12-31,-0.01085292171939356,0.022845467130843903,0.05659153815968445,G4,-1.1393076448505466
014830,2018-12-31,0.0705602847097464,0.013502534377693207,0.03235458759614443,G4,4.1018367017295985
014910,2018-12-31,-0.1492123758995741,0.03288312221521167,0.004470196328522339,G2,-4.999144194905178
014940,2018-12-31,0.20218843659559582,0.0333785822528545,-0.02318188588296055,G2,5.6027946767165
014970,2018-12-31,0.9866887831782372,0.05867861365890146,-0.0005513311391982917,G2,16.556520833854112
014990,2018-12-31,0.19326343626032633,0.05080521368319094,0.0016368922051361388,G2,3.5053162798976394
015020,2018-12-31,0.21468263719061098,0.02100189386204402,-0.06502678003380669,G1,9.499502514781065
015230,2018-12-31,-0.039164761703721504,0.01240231907184657,0.05455860880954154,G4,-4.381426975220504
015260,2018-12-31,-0.10870505786921202,0.027532416564218985,-0.05064823728720286,G1,-4.4994289263792755
015360,2018-12-31,-0.08173260899051119,0.010300649761186685,0.007029130716675304,G2,-9.407921332169023
015540,2018-12-31,-0.18326519118344906,0.03546100021979166,-0.5349489421280822,G1,-5.596014877934928
015710,2018-12-31,-0.046651503432693725,0.021541899718257207,0.093990800810942,G5,-2.8700624306245928
015750,2018-12-31,0.06608445115557483,0.02284838479033264,0.005590069904159214,G2,2.228138137106141
015760,2018-12-31,-0.23462175558571832,0.015562966674257862,-0.006340102312313475,G2,-16.050721848030236
015860,2018-12-31,0.5838748374216586,0.03667927742726434,0.0007995186583372761,G2,15.50466049710062
015890,2018-12-31,0.0021826142653992645,0.017975500715959478,0.026610413924763664,G3,-0.7227881755763387
016100,2018-12-31,-0.6890853531748992,0.027871495011604033,-0.08373997157413966,G1,-25.268125965781376
016250,2018-12-31,-0.17285862010514963,0.020879121917730066,0.03718156028590394,G4,-9.005824788945485
016450,2018-12-31,-0.20838502789287294,0.01655580522517743,-0.027053745724875945,G2,-13.503427860207617
016590,2018-12-31,0.15498943924997302,0.024017793961840398,0.13181737006986313,G5,5.82128174798868
016670,2018-12-31,0.2448695829521858,0.04489988493244378,0.021258908303165236,G3,5.115703295561326
016710,2018-12-31,0.2735243031856785,0.012816091894197692,0.021281957891606657,G3,20.158189539018814
016740,2018-12-31,0.18538593410230975,0.02290799070657746,0.04291682714337107,G4,7.430195107442537
016880,2018-12-31,-0.30493525712008507,0.0420960230436333,-0.13589289857306444,G1,-7.604289612376057
016920,2018-12-31,0.599909474844573,0.032063176841047425,0.02091289884080261,G3,18.23694464557968
017000,2018-12-31,-0.010730330910434557,0.022799214381745897,0.058704117524850996,G4,-1.1362419822734953
017040,2018-12-31,-0.11662445822502157,0.025105382083124163,0.017977772704425184,G3,-5.249852458791138
017180,2018-12-31,-0.033057088898472226,0.023916532499217463,0.0013488141169847195,G2,-2.016687934716671
017250,2018-12-31,-0.20827965675290808,0.027913765812928606,-0.04784210112767771,G1,-8.00518109535658
017370,2018-12-31,-0.2932377029374748,0.017964786910880777,-0.01044527808321361,G2,-17.167628990001347
017390,2018-12-31,-0.141281491483629,0.012975453807531158,0.03053433468873432,G3,-12.057889260549635
017550,2018-12-31,0.3205465848103305,0.03454590469446209,0.03245492537983145,G4,8.839585875032087
017650,2018-12-31,0.16302387852811248,0.026161176623744155,0.04975452636695731,G4,5.651457769715319
017670,2018-12-31,-0.1468064713175176,0.010200324509609435,0.07392149436413711,G5,-15.880040365174478
017680,2018-12-31,-2.148187926389826,0.07963637089136456,-0.15897978510959707,G1,-27.165514899893193
017800,2018-12-31,-0.4450897720820648,0.02971659899229179,0.000614052809966493,G2,-15.48847719196978
017810,2018-12-31,0.37020489446942584,0.02582334315602163,0.010405902566394534,G3,13.748405800574247
017890,2018-12-31,0.2392601833731749,0.020452123279454466,0.0761592744392763,G5,10.956568502856848
017900,2018-12-31,0.08988677802620154,0.024698076145528915,0.024178858630050228,G3,3.025000164102571
017940,2018-12-31,-0.19227919260404483,0.016021659022174523,0.02222539463507101,G3,-12.948364832248634
017960,2018-12-31,0.13832729195793314,0.021681647300358292,-0.00827143575927908,G2,5.680020370174514
018000,2018-12-31,-0.43841671839548535,0.02922038872961853,-0.06290918869127393,G1,-15.523127232344857
018120,2018-12-31,0.0062535784797430015,0.00691631763451773,0.12307664828006523,G5,-1.2899227052110187
018250,2018-12-31,-0.3628204462293076,0.025882923962061113,0.14820406321258156,G5,-14.604050933979785
018260,2018-12-31,-0.02303239023113144,0.014323295747152957,0.07971103863683746,G5,-2.6675064551176866
018290,2018-12-31,0.26456887576208243,0.02779667985343844,0.08638735599019651,G5,8.972070889188362
018500,2018-12-31,0.290748306093926,0.01836473172710345,-0.01822084885229524,G2,15.005567005058102
018620,2018-12-31,0.7577496313679482,0.05579363486510224,-0.11044680628164498,G1,13.309305613989569
018670,2018-12-31,0.10440929958383592,0.015050055928024901,0.014761512557593936,G3,5.929161086020484
018700,2018-12-31,0.15531230065717033,0.03763810968992103,-0.136814862367749,G1,3.7232796274500033
018880,2018-12-31,0.014469932041347201,0.017981375876903686,0.05297031909247052,G4,-0.03921621996219621
019010,2018-12-31,0.04361525867778129,0.022655605753537214,0.003341978701392278,G2,1.2553257394312731
019170,2018-12-31,0.13197716409443006,0.02730326611960202,0.007275717117537064,G3,4.277952313463874
019180,2018-12-31,0.62588821896098,0.03350902734545832,0.022470840860630652,G3,18.225331312423037
019210,2018-12-31,-0.27349609095221494,0.01985313997521101,0.026305560320462485,G3,-14.540328882263147
019300,2018-12-31,,,0.23775976838624188,G5,
019440,2018-12-31,-0.21117778295573847,0.011532551994588915,0.022132881165359577,G3,-19.627301632362226
019490,2018-12-31,-0.14566091395078204,0.020531430130344988,0.011182946080155926,G3,-7.8336485360573525
019540,2018-12-31,0.4101714159766536,0.04410493036333477,-0.009999925671475342,G2,8.955831447634761
019680,2018-12-31,-0.1455463008721578,0.012218996880224767,0.023152908661290484,G3,-13.153403350583403
019770,2018-12-31,0.06386044717764036,0.03831893149339869,-0.06345133602863648,G1,1.2705300395202497
019990,2018-12-31,-0.10601257312161687,0.03115137384771406,0.03062223240112005,G3,-3.890283213414955
020150,2018-12-31,0.23626886562917854,0.024406631642321992,0.05968021080429814,G4,9.058758096419789
020560,2018-12-31,0.32015589226756225,0.042235479615230165,-0.023911429845070796,G2,7.220962125043018
020710,2018-12-31,-0.19972976489308558,0.018421862728034664,0.011766713641513655,G3,-11.665750727748012
021050,2018-12-31,1.4781744372094427,0.04956475466043613,0.03199157942280196,G4,29.516928987127375
021240,2018-12-31,0.21944386734447896,0.019315794949575738,0.1470473902372964,G5,10.575219619216698
021320,2018-12-31,-0.11244862319729088,0.01880480161662648,0.024912628504694476,G3,-6.786762202128722
021650,2018-12-31,0.20982143784483917,0.02435665106563962,0.00576860177463069,G2,7.991506865509585
021820,2018-12-31,0.194535375027105,0.015889215647391906,-0.02171315784353389,G2,11.288177174660401
022100,2018-12-31,-0.013493650324259504,0.01726605587090967,-0.055979385912058824,G1,-1.6604107024534875
022220,2018-12-31,-0.008783746216124641,0.021262216678046005,0.09040888949843963,G5,-1.1268270007718328
023150,2018-12-31,0.12228340779854094,0.01102987073485792,-0.0273376710760442,G2,9.710749721398422
023160,2018-12-31,-0.07745198305940601,0.022981214829866464,0.021754554926130862,G3,-4.030556146752796
023410,2018-12-31,-0.33227545967982597,0.0238410836392631,0.006427938062806882,G2,-14.573605737474944
023460,2018-12-31,0.3926272988397416,0.030163677800980854,0.002279001877445639,G2,12.513467611516159
023530,2018-12-31,-0.5639398155269023,0.016915395656248083,-0.017707876216616004,G2,-34.23596591699893
023590,2018-12-31,0.009764242065398082,0.021261555440299326,0.011651377952945454,G3,-0.2544899211515321
023600,2018-12-31,0.10719461942049188,0.022955818216787712,0.11913483589995358,G5,4.008549158149315
023800,2018-12-31,-0.23934878216493766,0.03129878862981646,0.00216180496660779,G2,-8.132067947045943
023810,2018-12-31,0.2564293340112287,0.02748293121752127,0.008017933660019063,G3,8.77833002851102
023890,2018-12-31,-0.019837519758053784,0.012106049837978656,0.10269459492134732,G5,-2.892158372020928
023900,2018-12-31,-0.02601367969041299,0.03626118789796263,0.06561010514885482,G5,-1.1358914506407003
024070,2018-12-31,-0.023681218006546437,0.01199267809436501,0.008220150252379299,G3,-3.2400028862412813
024090,2018-12-31,0.0888859159026294,0.011671692912638029,0.03825939817030781,G4,6.31534969446095
024120,2018-12-31,0.10136074513212581,0.013198305308842414,0.0875913734657191,G5,6.530054388227069
024720,2018-12-31,-0.24943361959731175,0.024281955448885836,0.10234089144748737,G5,-10.89733954035452
024740,2018-12-31,0.2592407091699347,0.03636633793903676,-0.0038761862167622455,G2,6.7113058220522195
024800,2018-12-31,0.09529025816771929,0.023794055437512063,0.015182051240495995,G3,3.3670243706525316
024840,2018-12-31,-0.22686594728271434,0.026122373431150207,0.021850277100683598,G3,-9.26566039466559
024850,2018-12-31,0.3073902144005819,0.0362808646214097,0.01647056223155898,G3,8.05424908741519
024880,2018-12-31,0.14782612162247832,0.03277378910303084,0.02286482348159824,G3,4.04747304538102
024890,2018-12-31,-0.22045310980703123,0.020760323431402057,0.008673184409538522,G3,-11.349929311967216
024900,2018-12-31,0.09466141076047763,0.03228635749216595,-0.004245390935166549,G2,2.4619165276481136
024910,2018-12-31,-0.08084768864954747,0.03226784198091793,-0.04199586057174369,G2,-2.9758042802890494
025000,2018-12-31,0.05377076868618211,0.014406829838468433,0.022449001540930224,G3,2.678984584809004
025320,2018-12-31,0.01496066627172185,0.03402496956990795,0.0037502326819422857,G2,-0.006302058868748439
025440,2018-12-31,0.30312844073640255,0.04135815402887053,-0.025493842536319478,G2,6.962432290919819
025530,2018-12-31,-0.0857572872822489,0.008972017034565564,0.021252187520205065,G3,-11.249686723326084
025540,2018-12-31,0.03812450334210399,0.026887077762238983,0.04602313759627978,G4,0.8535479352604114
025550,2018-12-31,0.061084634789223824,0.01872291265182728,0.02904367768190416,G3,2.452051238501316
025560,2018-12-31,-0.0692303849453119,0.04311790249360336,-0.19375416705492052,G1,-1.9575506621824297
025750,2018-12-31,-0.22203227584287902,0.01910720728007204,0.03785918500599028,G4,-12.41454944193935
025770,2018-12-31,-0.12120736640096724,0.027165203656317978,0.08649930490341734,G5,-5.020483621598277
025870,2018-12-31,0.6275521673397286,0.045234286780768934,-0.03765218511658312,G2,13.537896080349343
025880,2018-12-31,0.1756138331754372,0.031913381839748546,0.009593423808913112,G3,5.027318644827851
025900,2018-12-31,-0.12534673349619713,0.02078501426778363,0.04143641630255193,G4,-6.760727960959932
025980,2018-12-31,-0.4671652552140255,0.043596131473634864,-0.026167104749655955,G2,-11.063833705948973
026040,2018-12-31,-0.2483210641528193,0.034801857157926795,0.0021132929654950183,G2,-7.571324616099165
026150,2018-12-31,0.18767226472353377,0.038658414356289125,0.0047993808660775385,G2,4.462086041625563
026180,2018-12-31,0.06478929856513332,0.01645366520070556,-0.03492319138826075,G2,3.0153892355878864
026890,2018-12-31,0.19474876949399972,0.03489775372878149,0.05991263171031618,G4,5.145708725457013
026960,2018-12-31,-0.06138895299814166,0.015707501558094753,0.08406420061275315,G5,-4.874361867667216
027040,2018-12-31,-0.033043198623617,0.022377164499417356,-0.051648914097244515,G1,-2.154799025490082
027050,2018-12-31,0.2458577486651326,0.034407888542064315,0.013493094947775222,G3,6.704353705115028
027410,2018-12-31,-0.4239131517375935,0.014714498785154793,0.02905136014982552,G3,-29.840516607574898
027580,2018-12-31,-0.13758442470874502,0.048526592689226454,-0.24828782479235242,G1,-3.147954757920155
027710,2018-12-31,0.12412447357046179,0.035664378612184196,-0.013614790993387619,G2,3.054851484228078
027740,2018-12-31,0.2548389094500282,0.044280500632222636,-0.0580786381962935,G1,5.412400772241215
028040,2018-12-31,-1.0751631006756912,0.06194535956373517,-0.322593360281836,G1,-17.601612162518943
028050,2018-12-31,0.020431815958747074,0.01742966807952439,0.013606145243901854,G3,0.30159623819593306
028100,2018-12-31,0.1123505195539819,0.037337661335370594,0.06575773155387843,G5,2.6026114771405675
028150,2018-12-31,-0.29017694743083455,0.013982500793737265,0.09614095959965875,G5,-21.83815653352653
028260,2018-12-31,0.05598399762253267,0.01453080400564245,0.0412256915117073,G4,2.8084408800591767
028300,2018-12-31,0.701036997047723,0.06478694589430248,0.04446871961406659,G4,10.586421291315734
028670,2018-12-31,-0.06989817551200796,0.01751409415595164,0.03608329756844041,G4,-4.85741759679059
029460,2018-12-31,0.4215053867808668,0.02760352640864705,0.3681723857976456,G5,14.720231289746424
029480,2018-12-31,0.8039438234270886,0.05674257950006698,-0.18010711079094474,G1,13.900826094682543
029530,2018-12-31,-0.2816925055381534,0.01172475242916318,0.036869841758609176,G4,-25.319732844226905
029960,2018-12-31,0.20184658675346223,0.025673998543310237,0.12472637153879187,G5,7.270838346648719
030000,2018-12-31,-0.024063551350580303,0.016896854280442627,0.06071097965701768,G4,-2.322245569043944
030190,2018-12-31,0.5314486510060437,0.028000138207372745,0.14290015829898917,G5,18.438250323962485
030200,2018-12-31,-0.15509831242813893,0.007047359669668523,0.023682283574768016,G3,-24.161304948567587
030270,2018-12-31,-0.4849768814261004,0.011171584156885694,-0.5594520826642714,G1,-44.770013637751326
030520,2018-12-31,-0.09124706544348038,0.021773235085081992,0.01667965444498808,G3,-4.887751345198797
030530,2018-12-31,0.49981129552790515,0.027081086108773696,0.07970640521281877,G5,17.89574465176028
030720,2018-12-31,0.2522709475110438,0.02976498270344933,0.014377063302825547,G3,7.965596897545283
030790,2018-12-31,-1.3585797364603822,0.05682828259035244,-0.08696422653541286,G1,-24.173787548641478
031310,2018-12-31,0.16665407009265454,0.03992546532091685,0.07233239453528251,G5,3.7940441079928076
031330,2018-12-31,0.47030663198102085,0.025504505888973242,0.0990599500477995,G5,17.845142357564203
031390,2018-12-31,-0.21718010555449135,0.024133457898886372,0.11090955130150204,G5,-9.627928171792243
031430,2018-12-31,0.1889227543630942,0.032093645924893464,0.058706977946145225,G4,5.413771347036887
031440,2018-12-31,-0.2032800796444933,0.01592465327989385,0.01362092399995906,G3,-13.718048954526955
031510,2018-12-31,-0.5214757944292346,0.027527996524623177,-0.017095256070574234,G2,-19.49473103072253
031820,2018-12-31,0.25922021812979257,0.0341427363028843,0.05772196131853151,G4,7.147790450416166
031860,2018-12-31,0.51505872849315,0.058010684939905174,-0.14627906989467124,G1,8.617095891524711
031980,2018-12-31,-0.08650017089735332,0.030971531469788514,0.16734189022085735,G5,-3.2828620253890977
032040,2018-12-31,,,0.06567457992386214,G5,
032190,2018-12-31,-0.1510417619950248,0.014523687513410035,0.01178064032530217,G3,-11.444535382251372
032350,2018-12-31,-0.05405849244753465,0.023116206184803815,-0.22272337334977688,G1,-2.995023730408079
032500,2018-12-31,1.7074350946962287,0.039232920073287665,-0.11441381656794891,G1,43.133674421942175
032540,2018-12-31,0.021173228345869655,0.016799434086813867,-0.015923876688647646,G2,0.35704385528194055
032560,2018-12-31,-0.08930097621787236,0.024581835125720534,0.042560159260097014,G4,-4.250133048102477
032620,2018-12-31,0.2511833878956761,0.024637515643387006,0.04685112354335242,G4,9.579224532164414
032640,2018-12-31,-0.251413492797899,0.016245577246457928,0.034548837628375656,G4,-16.40991775093636
032750,2018-12-31,0.5931058872572497,0.032866990375017266,0.020407541790499757,G3,17.58392803934934
032790,2018-12-31,-0.18223286480791373,0.04169518195127128,-0.1106048101651913,G1,-4.734550833033445
032800,2018-12-31,0.4604556494170162,0.04036800823963613,-0.19769007052099752,G1,11.030530739608052
032820,2018-12-31,0.008829821289660575,0.04164525642849039,-0.0910354061642677,G1,-0.15236482825345932
032850,2018-12-31,0.1646342851576701,0.02280470735757234,-0.0041686162127987855,G2,6.55387456551084
032860,2018-12-31,-0.5074112979776656,0.033801098695672924,-0.2285969634908333,G1,-15.460633286382603
032940,2018-12-31,-0.027613564586507794,0.025644741552174843,-0.5056330439533477,G1,-1.668515868347202
032980,2018-12-31,-0.13237559094358692,0.04084218810235723,-0.1530327525509253,G1,-3.612702732937801
033050,2018-12-31,0.2677880635174295,0.039787170176453966,-0.03650312765219544,G2,6.349106226055931
033110,2018-12-31,0.9652706771447125,0.06483434093006885,-0.12750828416033325,G1,14.65420284809464
033130,2018-12-31,0.22917918910507912,0.02938417619860796,0.06374008856014655,G4,7.282970739954196
033160,2018-12-31,-0.05225814549995684,0.015237508925724204,0.07472551515150958,G5,-4.4254765960513245
033170,2018-12-31,0.3790014289322118,0.039145955228446674,-0.031089674009192193,G2,9.294097772708502
033180,2018-12-31,-0.31005485087220297,0.053479416878241544,-0.036307021546854015,G2,-6.081404089457895
033200,2018-12-31,0.07032502698940499,0.014500566620813914,0.013597483366859054,G3,3.8032950572624347
033230,2018-12-31,-0.07898149884703637,0.023289479673575024,-0.0021975247709176988,G2,-4.04288089728463
033240,2018-12-31,-0.05165642249254156,0.029522143991394918,-0.0036432744904771343,G2,-2.263775833658298
033250,2018-12-31,1.5758232368197471,0.060642329592117926,-0.020111276732569558,G2,25.735293378136248
033290,2018-12-31,0.18448242770271345,0.02806833318939105,0.16576704712996115,G5,6.031969655175232
033310,2018-12-31,0.7967425064450764,0.044776611593552486,0.04549160273483726,G4,17.454813685023407
033320,2018-12-31,0.08336799982613552,0.02967195905532746,0.07433048428760469,G5,2.298227294868588
033340,2018-12-31,-0.07560005786271656,0.049712773316025666,0.035166692884386105,G4,-1.8259925053590322
033430,2018-12-31,0.318166883320841,0.05356667184908277,-0.02954358719002017,G2,5.656348980230146
033500,2018-12-31,0.30030343227864487,0.023552816881041917,-0.04894731876995621,G1,12.105912430168427
033530,2018-12-31,-0.4335092442916979,0.027632681006296365,-0.02222102120935901,G2,-16.237452233549824
033540,2018-12-31,-0.1697965935556865,0.012317524381314681,0.0016419302035006263,G2,-15.016953201183986
033560,2018-12-31,-0.03167305947883925,0.02341000793606825,0.011146567666805971,G3,-2.001201932085558
033640,2018-12-31,1.0996980319734189,0.04076828642324738,0.08138250072211571,G5,26.60212222513307
033780,2018-12-31,-0.05172148767827668,0.010049307522594805,0.08858311857544537,G5,-6.6568349272649465
033790,2018-12-31,-0.561765172239731,0.061282525439868264,-0.1433801862096226,G1,-9.414433588230564
033830,2018-12-31,0.952012553940241,0.04837975689790869,0.028967707833111946,G3,19.364244890361963
033920,2018-12-31,-0.447558041367531,0.020328017444373344,-0.03273653828678081,G2,-22.763318472484446
034020,2018-12-31,-0.35232766850202357,0.023789449025147954,-0.017334450307057905,G2,-15.448140969826296
034120,2018-12-31,0.17890822329162992,0.025973700507233962,0.0060960973185009235,G2,6.303804481501188
034220,2018-12-31,-0.0965217854195359,0.021690980967668555,-0.005408866908952363,G2,-5.149461853246021
034230,2018-12-31,-0.03132780911997486,0.023113139942770755,-0.014011569857404413,G2,-2.0119682080443013
034590,2018-12-31,-0.06312324246795019,0.003500730985471333,0.04635955507569391,G4,-22.366281906796388
034730,2018-12-31,-0.06401123653599497,0.01630194157219432,0.05149251582940006,G4,-4.857478467719406
034940,2018-12-31,0.1419180285853715,0.024552621206047776,0.007337664067300775,G3,5.162093850948733
034950,2018-12-31,0.1304340894882495,0.00889822152653494,0.15477911087232757,G5,12.953037358261158
035080,2018-12-31,-0.11645880278520648,0.016788934592795735,-0.0023179233171851913,G2,-7.840515173288628
035150,2018-12-31,0.25682538305541275,0.028422458232887284,0.050715358068700055,G4,8.502089701123857
035200,2018-12-31,-0.036815687868295165,0.021669348458233567,0.04109277714110937,G4,-2.399277560258132
035250,2018-12-31,-0.12184766316852733,0.014460853271832753,0.0702481509629788,G5,-9.475426810974067
035290,2018-12-31,-0.7184447818183677,0.043626551731559965,-0.10313463489984075,G1,-16.815903305064953
035420,2018-12-31,0.44092952795802315,0.020473666013376718,0.06354516162009428,G4,20.795222216035594
035460,2018-12-31,-0.19389057499214973,0.03205762263033031,-0.059230072429910983,G1,-6.521558726794283
035600,2018-12-31,0.24207017547415988,0.027337304885020477,0.042769682430699195,G4,8.299833608159693
035610,2018-12-31,-0.0890545111984606,0.018843659380195957,0.05101567368525147,G4,-5.531282577786412
035620,2018-12-31,0.5784436395695748,0.039067328049922696,0.7094576269805212,G5,14.417892752144091
035760,2018-12-31,-0.3299601250631925,0.019158103579207175,0.02727170767539812,G3,-18.015103492327714
035810,2018-12-31,-0.19289763978187763,0.024868621391174208,0.024468704077743084,G3,-8.366878490847135
035890,2018-12-31,-0.029227440190255444,0.021789565992697987,0.043331367575487494,G4,-2.037788813145438
035900,2018-12-31,-0.10565995534158862,0.026998037942296528,0.15234749378211668,G5,-4.475697427820891
036010,2018-12-31,-0.011811375433272653,0.022277680671543582,0.2084633133044915,G5,-1.2113679814390477
036090,2018-12-31,-0.24022392766486372,0.022744238754473508,0.06252331687739371,G4,-11.229174300132982
036120,2018-12-31,0.5475453083766162,0.044716632594723735,0.03510807906777057,G4,11.905418271734387
036170,2018-12-31,-0.09885445849352878,0.039423617356368595,-0.020975125248633916,G2,-2.8924172811368596
036190,2018-12-31,-0.0468180673817451,0.012080245006838736,0.15103703972284058,G5,-5.131780107076387
036200,2018-12-31,0.7815008647285961,0.034886185533329464,0.14555013923322327,G5,21.966453465183438
036260,2018-12-31,0.17267985421748536,0.02886341168946418,-0.3633166697285207,G1,5.456900323464516
036420,2018-12-31,-0.0391365106087683,0.02598932185629782,0.031118597781104942,G3,-2.089766117870679
036460,2018-12-31,-0.3611121204906011,0.015694164428412708,0.013271572107700571,G3,-23.976250270599284
036490,2018-12-31,0.0908369203246881,0.020691050944937027,0.08827048301582334,G5,3.6567415977603255
036530,2018-12-31,0.19692384896797063,0.01953627848246714,0.03488083573814818,G4,9.303141102238204
036540,2018-12-31,1.6007600022608068,0.0372003550785969,0.02116114787669779,G3,42.622843391624215
036570,2018-12-31,0.3472864724998322,0.016800717332428626,0.14329401994363158,G5,19.767690408422883
036580,2018-12-31,-0.537553697091416,0.030089716869990547,0.003910363547789591,G2,-18.369358313092974
036620,2018-12-31,0.5136031150781857,0.031052902859624015,-0.41236967802967645,G1,16.050931653584602
036630,2018-12-31,-0.3139650047089075,0.018521500267655422,-0.0016674261945376296,G2,-17.7707039702746
036640,2018-12-31,0.2433384819556767,0.02775089521557012,-0.07211191784812701,G1,8.221838847011425
036690,2018-12-31,0.026205965430008984,0.020833999869871736,0.02863748234873552,G3,0.5294649066885163
036710,2018-12-31,-0.07232693896639246,0.03205501307763244,0.0018396999468889147,G2,-2.7297456528073916
036800,2018-12-31,0.42742616147094514,0.020257867494317724,0.0550955794309166,G4,20.350171011515485
036810,2018-12-31,1.0195802625419739,0.04100303589686241,0.11945825372520719,G5,24.495873218643133
036830,2018-12-31,0.8497987092720165,0.03148525274877896,0.10233032673210929,G5,26.508398147492258
036890,2018-12-31,-0.1280729949855391,0.02174612721995369,0.08678166100557726,G5,-6.587291942588154
036930,2018-12-31,0.1905973589662605,0.03117389265991694,0.12052579371635139,G5,5.6272172117554575
037030,2018-12-31,0.4495682721693159,0.04569820553162401,0.05491002140269756,G4,9.505694446486503
037270,2018-12-31,-0.27731177524954354,0.027127301725544454,-0.009748884863117233,G2,-10.782011120814191
037330,2018-12-31,0.27515885718567235,0.027897586220862833,0.04499505145118783,G4,9.319220720188625
037340,2018-12-31,,,-0.25891350422108644,G1,
037350,2018-12-31,-0.29577094868601733,0.024286245712506295,0.03415907569813656,G4,-12.803380398924864
037370,2018-12-31,-0.15768123931102918,0.029522728521370518,-0.2338680199753047,G1,-5.855025656550106
037400,2018-12-31,0.31699301152188863,0.026026366797623175,-0.05211417541332305,G1,11.596621235526928
037440,2018-12-31,-0.0005432256418567011,0.01759692955008261,0.029415965628331434,G3,-0.8932421551202775
037460,2018-12-31,0.09029878435057764,0.034100333470013,0.05237654062906084,G4,2.2030192397878103
037760,2018-12-31,-0.05420592716087534,0.020999493181859438,0.021931792631015006,G3,-3.3039378709277334
037950,2018-12-31,0.1546672337618209,0.03142873805157861,0.02923320725345053,G3,4.438362746220912
038010,2018-12-31,0.08102022883608426,0.014769574981845784,0.033153212088379284,G4,4.458160460545404
038060,2018-12-31,-0.033052600234319995,0.03267757016795936,-0.09458585961825587,G1,-1.4758653602270113
038070,2018-12-31,0.20717864860715218,0.02981390318709857,0.04027029328967436,G4,6.440067701611088
038110,2018-12-31,0.2537763060038057,0.028010340856793613,-0.01954801744730296,G2,8.518325913659014
038160,2018-12-31,-0.29221794281158153,0.0593242761254529,-0.03138381439179745,G2,-5.181572477926187
038290,2018-12-31,-0.1903766370813657,0.02130110623918799,0.014539523673745941,G3,-9.649814822113214
038340,2018-12-31,0.355598032765185,0.06331094689078785,-0.05061517388183748,G1,5.376999647777499
038390,2018-12-31,0.002193536801438467,0.011908551155775736,0.036158712435744866,G4,-1.090103796986602
038460,2018-12-31,0.17667209810389328,0.02544963214845408,0.03388004880224501,G4,6.345750049701387
038500,2018-12-31,-0.2155221985896103,0.025753393729998787,-0.0033261877426613933,G2,-8.957937530145468
038530,2018-12-31,0.22045564321734112,0.047236227196580494,-0.1182263179547224,G1,4.345828652446716
038540,2018-12-31,-0.39857369996960873,0.03859966189785971,0.04805276141044663,G4,-10.718974552093401
038620,2018-12-31,0.10164919330466932,0.02953567759474523,0.0014537619574129543,G2,2.927784520748404
038680,2018-12-31,0.6864813989972918,0.03831880070015481,0.024909052369540736,G3,17.518980059352977
038870,2018-12-31,-0.17828760751811037,0.03952096705001296,-0.023097686472582764,G2,-4.895191479151968
038880,2018-12-31,-0.11396156442240452,0.032852961345191826,-0.03594028298335334,G2,-3.9307463549024333
038950,2018-12-31,0.05765307232393391,0.018044513853780395,0.020641071224612527,G3,2.354066118665526
039010,2018-12-31,-0.33663124810013023,0.01405199834932444,0.15328486202917563,G5,-25.036036369161852
039020,2018-12-31,-0.09847502887979674,0.0134314981533105,0.019922432157223873,G3,-8.46146284022262
039030,2018-12-31,0.9217376659574823,0.03323443027520218,0.0510740311186021,G4,27.277812943312398
039200,2018-12-31,-0.02080779652655122,0.033311396414856885,0.06089343734532084,G4,-1.0801975909800536
039230,2018-12-31,-1.0162023292390374,0.04371780575545667,-0.12472117605843885,G1,-23.591701482942433
039290,2018-12-31,-0.12453832906229971,0.022228967182448454,0.042044898388798393,G4,-6.2851963183234805
039310,2018-12-31,-0.26746013367272214,0.02949116114728613,-0.008981883222690563,G2,-9.583726659460131
039420,2018-12-31,-0.08770137943672317,0.023934377744044534,0.04026151013607841,G4,-4.298272308135529
039440,2018-12-31,0.8518228165323369,0.038394496926209255,0.07752248786951677,G5,21.79082394300775
039560,2018-12-31,0.23205592057511853,0.03153076749145642,-0.06768104727815356,G1,6.878387181692479
039670,2018-12-31,-0.40068538004936605,0.04155314774573067,-0.22436150668125104,G1,-10.00791748021188
039740,2018-12-31,0.005659074868473224,0.022200338754028447,-0.1513008980245263,G1,-0.42864295315128
039790,2018-12-31,,,-0.3120024859700923,G1,
039830,2018-12-31,0.46213504985373366,0.035884695800773955,0.025973543848985356,G3,12.455447823836225
039840,2018-12-31,0.3535859809470192,0.023876497257942327,0.03189287803162449,G4,14.17338915579381
039860,2018-12-31,0.3867813311747709,0.029963986892954028,0.0784652709094947,G5,12.401762117617086
039980,2018-12-31,-0.3145494739634883,0.02378531612267361,0.023094853778116885,G3,-13.862526186151191
040160,2018-12-31,0.06876309271263392,0.01968595832856403,0.0913727453979515,G5,2.722143275185123
040300,2018-12-31,-0.01888086109834646,0.014984134274400478,0.002415728576223509,G2,-2.272800957842981
040350,2018-12-31,0.9871315693596755,0.04149125249740728,-0.3085752127424132,G1,23.42557568700662
040420,2018-12-31,0.0745285469181986,0.008403399050613247,0.041311316523889946,G4,7.063029248969015
040610,2018-12-31,-0.18184175903153396,0.023745918087701785,-0.004849552577884468,G2,-8.296872411369492
040910,2018-12-31,1.025628278419456,0.036830818084724146,0.15601388715686476,G5,27.434991600297632
041140,2018-12-31,0.3702918174878167,0.054976072210996624,-0.14800505848964687,G1,6.459477906896111
041440,2018-12-31,-0.26630120645501754,0.01907836833451996,0.037636001274332996,G4,-14.75368832137912
041510,2018-12-31,-0.36981162850505717,0.026737581454638767,0.02336265608978093,G3,-14.398711521128387
041520,2018-12-31,-0.037253284236722105,0.02618637803105222,0.026284994596199665,G3,-2.0021240741087025
041590,2018-12-31,-0.40837717861958084,0.051221684986071464,-0.08023037639743028,G1,-8.26900310615933
041650,2018-12-31,-0.20482866957535587,0.014782671698407976,0.02310274347947176,G3,-14.88254408247516
041830,2018-12-31,0.04823296831144391,0.02443452602720133,0.14846968850967224,G5,1.3529165510181782
041910,2018-12-31,0.4620561598907392,0.04712658046295665,0.06700587769847542,G5,9.482569324312562
041920,2018-12-31,0.390477526615084,0.028055186744230798,0.05707058951423383,G4,13.377292277667749
041930,2018-12-31,0.42049680096742603,0.043729040138916334,0.0313407168954594,G3,9.268936753399126
041960,2018-12-31,-0.07247215473513915,0.04291381249089084,-0.1108627354734027,G1,-2.042401811461112
042000,2018-12-31,-0.6676866466519539,0.03112957892584352,-0.19010315650751766,G1,-21.93610591108916
042040,2018-12-31,0.2764957337578051,0.05218682803850456,0.16454065359943035,G5,5.007406082087196
042110,2018-12-31,0.3148747760422883,0.04162493041255932,0.06059076202001202,G4,7.200004406947967
042370,2018-12-31,0.2398413985278595,0.019015010364602507,0.04578978639322808,G4,11.815208121744147
042420,2018-12-31,0.23876231282739596,0.01968503002526974,0.07376689776436968,G5,11.358236127017205
042500,2018-12-31,0.29361064730847664,0.028369351589405435,0.037666031367565786,G4,9.814660472518517
042510,2018-12-31,0.34615727084447995,0.03470471959558496,0.1381059429199798,G5,9.537094120582603
042520,2018-12-31,-0.002121803802654948,0.02537250727440284,0.05388669022280723,G4,-0.6817180993801026
042600,2018-12-31,-0.1903404925274009,0.01989885044864073,0.05780780184222004,G4,-10.328013002097729
042660,2018-12-31,-0.2656521824443909,0.02095571077209953,0.026853306133456586,G3,-13.40099026615903
042670,2018-12-31,-0.3866697765647399,0.018655575214501098,0.03573884958120529,G4,-21.540202624539933
042700,2018-12-31,0.21174783421245164,0.02752297291677013,0.20027302394889843,G5,7.142133270774624
043100,2018-12-31,-0.6710607053004611,0.04148872097112005,-0.2045396983946874,G1,-16.540297769389007
043150,2018-12-31,0.4259873018149186,0.02152508127205612,0.0833830718047102,G5,19.085280236097258
043200,2018-12-31,0.6594139967477799,0.03419455780308084,-0.5351443520313862,G1,18.840392872598485
043220,2018-12-31,0.9624876872322243,0.05762776458778857,-0.3866473492402403,G1,16.438475453201995
043260,2018-12-31,-0.0504705495897505,0.020298089558865178,-0.016910029273553298,G2,-3.234079888766605
043290,2018-12-31,0.19798752065276168,0.02605260352263364,0.0899100127661407,G5,7.0170502100099705
043370,2018-12-31,0.27421052752779596,0.02649784253486157,0.04938186100688053,G4,9.775717911903216
043590,2018-12-31,-0.21993645968282427,0.020182391841291423,-0.1885947678826827,G1,-11.649340433216901
043610,2018-12-31,-0.3995310337043796,0.020205603104152613,0.026746628982164802,G3,-20.524313241217175
043650,2018-12-31,-0.13908381650669932,0.018130603315080006,-0.012477476666525631,G2,-8.508206123033663
043710,2018-12-31,-0.5384920823989283,0.031134746077016048,-0.06162395662867449,G1,-17.78293533091022
043910,2018-12-31,-0.2607275051644297,0.03579936956450943,0.012320538308833926,G3,-7.706912220904337
044060,2018-12-31,0.5321741277826393,0.04238998287741309,0.07483752377562253,G5,12.196254847395943
044180,2018-12-31,-0.0713868292302706,0.011092797481539686,-0.11468126582947333,G1,-7.803434887122318
044340,2018-12-31,0.6759109104747745,0.032056636644663426,0.08559832931155649,G5,20.611514057629954
044380,2018-12-31,0.8503334080156296,0.04098923751212165,-0.08343499736673397,G1,20.375063433070487
044450,2018-12-31,0.09658650552534456,0.01301775385184734,0.023061337712353823,G3,6.253875501020689
044480,2018-12-31,-0.05003187933911206,0.04300104801986663,-0.14016221227872847,G1,-1.5164042732620144
044780,2018-12-31,0.15246995620608628,0.03101218986141973,0.01683683241508316,G3,4.427125694336316
044820,2018-12-31,-0.41475099075374544,0.025380816224172455,0.014275051745577881,G3,-16.939017271526776
045060,2018-12-31,1.2691180125909303,0.037079508176440665,0.051857138278324895,G4,33.81767937673708
045100,2018-12-31,0.02466807033461807,0.02360074856411485,0.15931102945473752,G5,0.40223201716971985
045300,2018-12-31,0.06141793790154562,0.017659188516872235,0.07735826228415495,G5,2.6186279298397395
045390,2018-12-31,-0.362437400499639,0.03807338140430945,0.050494044026221006,G4,-9.918018316331015
045510,2018-12-31,0.08141764414498576,0.027970881028066004,0.054105762941559915,G4,2.368268287493667
045520,2018-12-31,1.0283354935320985,0.03680591356257991,0.08424503298227141,G5,27.52710914718896
045890,2018-12-31,1.076007565245637,0.06280658105376487,-0.06475466280802755,G1,16.890466792079707
045970,2018-12-31,0.6950450325612312,0.04140072288996945,-0.05504595535621396,G1,16.421692460181436
046110,2018-12-31,-0.14777145933436164,0.02201774280759137,0.06139013679624103,G4,-7.400692904412484
046120,2018-12-31,-0.170019919060523,0.03697198747999893,0.02667987950845399,G3,-5.009062950528922
046140,2018-12-31,0.1431603238218086,0.020950430035430317,0.03884077594728052,G4,6.108954802951901
046310,2018-12-31,0.0536256439021194,0.023697248698039065,0.07823596632596874,G5,1.622574449849209
046440,2018-12-31,-0.22636743394346795,0.01740919166359843,0.025451343007986543,G3,-13.87442520272079
046890,2018-12-31,-0.22320494814067346,0.023202606072357336,0.048386989163255935,G4,-10.273847732028205
046940,2018-12-31,0.7735010095347823,0.04600879713346006,-0.007729475429700678,G2,16.482193909614914
046970,2018-12-31,0.12672457867225576,0.03458960376435104,-0.019392546629267263,G2,3.224942552081583
047040,2018-12-31,-0.1703177258298162,0.018321955079099967,0.034043470848031825,G4,-10.124073476982185
047050,2018-12-31,-0.04306789546126699,0.016040091991193516,0.011713478476858833,G3,-3.631088221077716
047080,2018-12-31,0.033273691705807296,0.025792981284584036,-0.19894558503037596,G1,0.7016869385186463
047310,2018-12-31,0.5089830727124958,0.0350588974126838,0.06929678889990883,G5,14.085097236996518
047400,2018-12-31,0.4138489295310851,0.04192641761554529,-0.06156745991639333,G1,9.508893403530566
047560,2018-12-31,0.26971666204153244,0.038554763013629575,0.021329680579749467,G3,6.602078407759636
047770,2018-12-31,0.011309489504269868,0.026601399926470353,0.054760738284592235,G4,-0.1453158156854127
047810,2018-12-31,-0.023976199867078912,0.016032566237191157,0.014787402136689274,G3,-2.4419854514131014
047820,2018-12-31,-0.25121434873425297,0.024850516083093556,-0.09140744474435972,G1,-10.719674451688483
047920,2018-12-31,0.387763709002098,0.04117739541909633,-0.19382254167974342,G1,9.048377430796616
048260,2018-12-31,-0.13042712917210686,0.02703095932475652,0.009806418500959334,G3,-5.386498535096928
048410,2018-12-31,1.1816577858007185,0.05767752475789461,0.04847239872880733,G4,20.224215533938935
048430,2018-12-31,0.1330061625715899,0.024814624170311356,0.03459867283740742,G4,4.748452691844765
048530,2018-12-31,-0.4274305379730622,0.03750318390725863,0.15893326468693753,G5,-11.80181481925741
048550,2018-12-31,-0.20008403437267505,0.03178062227703312,-0.00557960337523486,G2,-6.773282352032327
048770,2018-12-31,0.19830122475378062,0.03485491918354996,0.03677109311367988,G4,5.25395368603378
048830,2018-12-31,0.04812338276097558,0.02517905058638693,-0.003484338557534787,G2,1.3085596303551776
048870,2018-12-31,-0.08223476139227551,0.02757601630815799,-0.017848420477601497,G2,-3.532412148901178
048910,2018-12-31,-0.39729067694071235,0.0217814865170551,0.03307725531980731,G4,-18.93652989435348
049070,2018-12-31,0.12739202138593314,0.03545338475530645,0.05909306841264616,G4,3.165196455217958
049080,2018-12-31,-0.025354620440212305,0.03596502835840971,-0.12079456916431647,G1,-1.1269201199918981
049120,2018-12-31,0.05380412224691289,0.030886355504823614,0.017316723113488426,G3,1.2506826390676393
049180,2018-12-31,-0.25217735514112594,0.03639965188700758,-0.1985984828983354,G1,-7.34491773723564
049430,2018-12-31,0.05537101735213012,0.009867414453240363,0.08588105405585653,G5,4.073602452765261
049470,2018-12-31,-0.33196922933092937,0.018633815041639464,-0.1078667106740968,G1,-18.6298040518355
049480,2018-12-31,0.5678820694151155,0.03951000174739699,-0.021260250329670494,G2,13.989039517533568
049520,2018-12-31,0.09445301355321056,0.015511267533557376,0.04269529933211042,G4,5.1109891405547865
049550,2018-12-31,0.38229632894718496,0.0335876501936473,-0.03881005852092553,G2,10.930244694035272
049630,2018-12-31,0.1417458406196668,0.0337946368728171,0.01585027191811349,G3,3.7452909307191247
049770,2018-12-31,-0.27410960583082966,0.01734544056920869,0.040422308731085224,G4,-16.677852505938727
049800,2018-12-31,-0.37002441184919127,0.03166119251214748,-0.047255178364244955,G1,-12.166298074033698
049950,2018-12-31,-0.35921238616962947,0.03259840570247758,0.13922262023716964,G5,-11.484840185731342
049960,2018-12-31,-0.4333361361393215,0.024733957903992233,0.17300020056571938,G5,-18.13341930609041
050090,2018-12-31,0.18909769382605462,0.03475777831673459,-0.0853061981649851,G1,5.003846868698121
050120,2018-12-31,0.3601479866356656,0.041477206923489225,-0.054446439963505094,G1,8.317167875818152
050320,2018-12-31,,,-0.2556870504140047,G1,
050540,2018-12-31,-0.48268898413355077,0.0294266172426555,-0.2335206833321339,G1,-16.918834865083582
050760,2018-12-31,1.1752220373982234,0.03926802876642772,0.01451441483032208,G3,29.5417666790814
050890,2018-12-31,0.6601780079040405,0.03312670744893151,0.041655371484216344,G4,19.47078245749069
051160,2018-12-31,1.0285884795401818,0.04742066763215292,0.03429195445873156,G4,21.37071105300281
051360,2018-12-31,0.30517729720820563,0.019307424523601964,0.06717073197582782,G5,15.020242768306028
051370,2018-12-31,0.3844353220674098,0.03717771224784059,-0.21569692778351257,G1,9.932300997243287
051390,2018-12-31,-0.00722619603627335,0.019119900234236698,0.019956786342545402,G3,-1.1716216818495566
051490,2018-12-31,-0.11056708465527562,0.02215689930392049,0.0195513366523829,G3,-5.675080098684446
051500,2018-12-31,0.02946837944253619,0.02138567854623138,0.018208805846065646,G3,0.668357834832236
051600,2018-12-31,0.16691069826168045,0.01819409425270308,0.12594916491889344,G5,8.339827337443765
051780,2018-12-31,0.8698159889871715,0.042617233777761804,-0.237993334995292,G1,20.0538800760967
051900,2018-12-31,0.17311349908568457,0.017351816450599553,0.13121592158190806,G5,9.102125181094141
051910,2018-12-31,0.00923994326404326,0.01670182002996376,0.052491183274871865,G4,-0.3553594972444691
051980,2018-12-31,-0.3362396926708056,0.05252892420436222,-0.12296896657049844,G1,-6.689929246153902
052020,2018-12-31,-0.5979124999210693,0.04393002048568335,-0.18266149686827632,G1,-13.956005182238222
052190,2018-12-31,0.2536156807712549,0.06448432023608106,-0.19966181372905628,G1,3.697652177542548
052220,2018-12-31,0.2975295219301591,0.026932252198849496,-0.02568563139477451,G2,10.483877330885162
052260,2018-12-31,0.49077880609953306,0.04205549914448534,0.07789994585683623,G5,11.30895417107276
052300,2018-12-31,-0.41048647440736336,0.038953186702369774,-0.02892070147910294,G2,-10.927515925530846
052400,2018-12-31,0.5294264972214443,0.03254456547276671,-0.32624736641820296,G1,15.801452442768396
052420,2018-12-31,0.2932811023031463,0.042834845312199867,0.03723510177977754,G4,6.492518103969426
052460,2018-12-31,0.5034418814555327,0.03596316127504573,-0.017440492338232937,G2,13.57685950042925
052710,2018-12-31,0.5118779174669694,0.03195395636413949,0.01798250259095787,G3,15.544329414915214
052770,2018-12-31,-0.020648646478030296,0.0031899863040272492,-1.1470543828100537,G1,-11.230060789214933
052790,2018-12-31,0.3122338009248798,0.034235788920785576,-0.11707697414288658,G1,8.676847143182606
052860,2018-12-31,0.6623332502938686,0.03282615701614047,0.020547194814284648,G3,19.714709715873994
052900,2018-12-31,0.4067075153535982,0.033970901765911395,0.060123757842181526,G4,11.525523355801184
053030,2018-12-31,-0.10719212309627946,0.031170960497588295,0.032511425244697884,G4,-3.925680016780549
053060,2018-12-31,0.49663286255216527,0.032481868921279994,-0.033602122605952495,G2,14.822354282816125
053110,2018-12-31,0.13435414999826165,0.036123439002115065,-0.16612660685356734,G1,3.2992167871482225
053160,2018-12-31,-0.07081236251598952,0.017723966909329432,0.047506229480128795,G4,-4.851479163148672
053260,2018-12-31,-0.08083963831486779,0.015821624076462044,0.03940267568876441,G4,-6.068576239949251
053270,2018-12-31,0.23826399379047844,0.028632122421966978,0.029228506643818843,G3,7.791560013251502
053280,2018-12-31,0.4239029480479257,0.028423858272832142,-0.02657424588788022,G2,14.37974572247406
053350,2018-12-31,0.01604604538376453,0.01686378336668522,-0.03024874326319304,G2,0.05164628434010416
053450,2018-12-31,-0.021592811710253068,0.02675832410023282,-0.00485963713262234,G2,-1.3740735483091013
053580,2018-12-31,0.531625714405149,0.03617920163805105,0.14811643822322165,G5,14.274793179212098
053610,2018-12-31,0.3877994397759657,0.023295764400416537,0.12789648642995707,G5,15.995368932231486
053660,2018-12-31,-0.558379378315997,0.05023691649626483,-0.09833039997896093,G1,-11.416991964297814
053690,2018-12-31,-0.01785414885285963,0.026696865979174245,0.03407683698010866,G4,-1.237195501209166
053700,2018-12-31,-0.25089786112951074,0.02389294633235005,0.0059704484040853135,G2,-11.136046223073706
053800,2018-12-31,0.45031715252517707,0.028044939646004387,0.09333397697339338,G5,15.51588501828756
053950,2018-12-31,-0.4815456042609277,0.02595341970624201,0.06998523700710077,G5,-19.138930573161463
053980,2018-12-31,-0.016679041845269416,0.0268571620921704,-0.015320124654180728,G2,-1.1860573864397443
054040,2018-12-31,0.17926460297806654,0.016760793357468554,-0.04464537062660434,G2,9.79008009021184
054050,2018-12-31,0.016675595277570385,0.017217762267856446,0.108414862328071,G5,0.08714847035685126
054090,2018-12-31,0.24950644015851992,0.024961852890408993,0.010167746301717306,G3,9.387578220028589
054210,2018-12-31,0.5192268643613966,0.03654249903729355,-0.025954994173950086,G2,13.79357690381346
054340,2018-12-31,,,-0.7591752564023838,G1,
054410,2018-12-31,0.0654591885158676,0.01628815745304843,0.034470565013012266,G4,3.087156728921345
054450,2018-12-31,0.324357090805637,0.029657392269392777,0.0668295282815592,G5,10.425124176941287
054540,2018-12-31,0.09065839918528051,0.01743714446627692,0.011411090458430827,G3,4.328879977929006
054780,2018-12-31,0.30958317739547186,0.03552103776337599,-0.08221011995629345,G1,8.288273718907584
054800,2018-12-31,-0.10284247192974313,0.019520973783158296,0.06723095794181624,G5,-6.045680244933348
054920,2018-12-31,-0.024683246819354715,0.02479458136358186,0.0017589986017387679,G2,-1.6075423846783397
054940,2018-12-31,0.5585853016992358,0.05459935952743824,-0.04331084862313132,G2,9.95268466094722
054950,2018-12-31,-0.16041634295750712,0.021388671944618527,0.046161841690935485,G4,-8.209553030927916
056000,2018-12-31,1.6676908787687201,0.06687693379586995,-0.04498142367414858,G2,24.70980189043616
056080,2018-12-31,-0.1812793408118939,0.023222413533781995,-0.022879446710036163,G2,-8.459690641503196
056090,2018-12-31,-0.5436166912312079,0.019461457944765836,-0.1966229738725957,G1,-28.712740147736664
056190,2018-12-31,0.23773483973397597,0.023542927653831328,0.10217957101999123,G5,9.453358960851169
056360,2018-12-31,0.3013065421535514,0.029828604689728498,0.047910573134620556,G4,9.59251870802801
056700,2018-12-31,0.9461314887579131,0.045587440026309954,-0.02557333413595509,G2,20.421335231538993
056730,2018-12-31,-0.3951220702908077,0.0260353188408629,-0.2703925007803873,G1,-15.759252515079543
057030,2018-12-31,0.45299628423383714,0.05439867353788706,0.0047820303103568535,G2,8.048379898380222
057050,2018-12-31,-0.2553442760423073,0.012549532953572197,0.06538373130376636,G5,-21.556130469242948
057540,2018-12-31,0.14655967274232523,0.031749936413940305,0.02544156851281526,G3,4.138105267249606
057880,2018-12-31,0.06584849614618793,0.04016934727613724,-0.4775271332290952,G1,1.2614942972531666
058110,2018-12-31,0.6218214509262343,0.035484182812402634,-0.11279232083483906,G1,17.096247094106307
058220,2018-12-31,-0.5127615538003145,0.034529765685021224,-0.1447292614425443,G1,-15.289320299740366
058400,2018-12-31,0.4672376047730312,0.04087716157547048,0.03789553950537525,G4,11.059048469044034
058420,2018-12-31,0.35566597775213915,0.04450646567629624,-0.14042737069858305,G1,7.650368973255112
058430,2018-12-31,-0.2699892094849554,0.014005623254163305,0.023787687551065428,G3,-20.360700694497574
058610,2018-12-31,0.10035507530705909,0.02761075014274385,0.029161430226210115,G3,3.0850296074438868
058630,2018-12-31,0.32698693495031184,0.03261147744166633,0.06134038889057925,G4,9.561414133263526
058650,2018-12-31,-0.2976064884390834,0.008813566764659284,0.011828219191638062,G3,-35.48864953587649
058730,2018-12-31,-0.2835296465637258,0.026939988211250092,0.0854935833840636,G5,-11.087782884476022
058820,2018-12-31,0.03253686542817763,0.034455638392355124,0.05302528477054228,G4,0.5038876829828527
058850,2018-12-31,-0.1563236331095925,0.014734343755860094,0.03254930129103868,G4,-11.639386835558481
059090,2018-12-31,0.5327889207028463,0.04139386694979878,0.0973345437492938,G5,12.504601894228287
059210,2018-12-31,0.0305957504350593,0.02656487069533839,-0.011373229982080934,G2,0.5804905651133674
060150,2018-12-31,0.25433998487162157,0.027852435945515102,0.04903105760187861,G4,8.586857239579217
060230,2018-12-31,0.12188483103644332,0.036697637654377016,-0.03197545566591484,G2,2.907809445624002
060240,2018-12-31,0.693985382612578,0.045880654051588095,0.27796513289360736,G5,14.795131041862799
060250,2018-12-31,0.8440863333255586,0.02920044216965247,0.05999181246672638,G4,28.386941364678147
060300,2018-12-31,-0.8875924736189018,0.036413282794191856,-0.4385260440728908,G1,-24.79225980130134
060310,2018-12-31,0.26754549299564956,0.03020927318607384,-0.028921867515104244,G2,8.354070546756184
060380,2018-12-31,0.006384304731805453,0.012741718060173704,-0.004361462656195309,G2,-0.6899217875986725
060540,2018-12-31,0.26834095767410326,0.023726535099276944,0.0552215229821516,G4,10.670157398956226
060560,2018-12-31,0.07873339421442367,0.02805023081440168,-0.10946984677306307,G1,2.2658744237082176
060570,2018-12-31,-0.075876727793687,0.030406788551365492,-0.10423712651008564,G1,-2.994457019781422
060590,2018-12-31,-0.06098104665653384,0.039108881026693736,-0.04727939994780881,G1,-1.947285074137312
060720,2018-12-31,1.0958984555659665,0.039418647092413946,-0.13092279129289083,G1,27.416551344325338
060900,2018-12-31,0.09987085223179232,0.026546910150534304,-0.34949773450173977,G1,3.1904187010302167
060980,2018-12-31,-0.01609430478193913,0.014937389912434021,0.0076005198440768276,G3,-2.093364275700467
061040,2018-12-31,0.3416069438175841,0.03187250495460697,0.03731525067588216,G4,10.241800908009322
061970,2018-12-31,0.8810731896615848,0.04266150279648419,0.0495000111196761,G4,20.29694312831348
062860,2018-12-31,0.16163553937444233,0.015079028730669622,-0.2645938229595076,G1,9.712856733510554
063080,2018-12-31,-0.6011648204378535,0.0212869445368062,-0.015329615446252805,G2,-28.953892983801854
063170,2018-12-31,-0.3818763998800201,0.023579366143760813,0.0345087386146708,G4,-16.83893837909804
063440,2018-12-31,0.36277607337870466,0.04601016713897597,-0.035776664537665065,G2,7.55487322390723
063570,2018-12-31,-0.10767760503980112,0.022162321241001124,0.0298998917678547,G3,-5.5433136870824615
063760,2018-12-31,-0.11308013710484324,0.031998048565959655,0.19246366946586047,G5,-4.008220391109827
064090,2018-12-31,-0.6576768845956663,0.03406187879727776,0.024447266075346363,G3,-19.75381282498133
064240,2018-12-31,0.035369560664442634,0.03868848351258317,-0.17324293119155626,G1,0.5219761851072745
064260,2018-12-31,-0.054870599763143506,0.027967106370471617,-0.006392557119836402,G2,-2.5045742118697816
064290,2018-12-31,0.31256495514100663,0.025797279300803055,-0.21484132586530902,G1,11.527954480796364
064350,2018-12-31,-0.5688557421210304,0.027478256767658582,-0.07696725932915595,G1,-21.254289917014788
064510,2018-12-31,-0.7819642547124508,0.04770023351267254,-0.5219385572961786,G1,-16.711434926909387
064520,2018-12-31,,,-0.3695380729778938,G1,
064550,2018-12-31,0.13233140962521897,0.029622768459779236,-0.12394351421673197,G1,3.9549414887177394
064800,2018-12-31,-0.18033681087699052,0.03629975732070454,-0.06445659755389867,G1,-5.3860388867788345
064820,2018-12-31,0.47493137282728165,0.03033467414644952,0.0018820126873473834,G2,15.156130472169071
064960,2018-12-31,0.45215581061908555,0.025749100230614223,0.047826327828813214,G4,16.97071793081847
065060,2018-12-31,-0.038653122319673605,0.03245659828910777,-0.16489928189352665,G1,-1.658467577937667
065130,2018-12-31,0.3483706959918481,0.03128542257716408,0.05826398276550083,G4,10.650187049162511
065150,2018-12-31,,,-0.3198774935408774,G1,
065160,2018-12-31,1.8930255987544078,0.2081607694667197,-0.11677693104241836,G1,9.021154706202582
065170,2018-12-31,0.2570736262712897,0.04479421364942356,0.01151416678533947,G3,5.40021830791629
065350,2018-12-31,0.01832527997778264,0.02399425120059417,0.012199384748629076,G3,0.13128921250711278
065420,2018-12-31,0.15631896145183488,0.012060172883427575,-0.06691455010776803,G1,11.703303856682536
065440,2018-12-31,0.0820788915192967,0.027368565602500474,0.015337985333937843,G3,2.4445489346444007
065500,2018-12-31,0.0037858759035205303,0.04093721589667208,-0.11811202962686744,G1,-0.2782118295046078
065510,2018-12-31,0.33387739446976084,0.022061038478365737,0.05329512467093848,G4,14.44638706148575
065560,2018-12-31,-0.4352857398607568,0.02070898750891364,0.04959923492173506,G4,-21.75194867927882
065570,2018-12-31,0.18134220338462093,0.025231790392843467,0.006409740375398335,G2,6.585625005778122
065620,2018-12-31,0.3916718540068195,0.07427810610695623,-0.32786926626808094,G1,5.068744750057666
065680,2018-12-31,0.23851692928713525,0.01605733387225752,0.0020338868269044086,G2,13.909023592020295
065690,2018-12-31,-0.13111837916987362,0.016724649084038045,0.03765713897719975,G4,-8.747177418655347
065710,2018-12-31,0.7922755119264991,0.02593768260220854,0.0685271575784207,G5,29.960287131718232
065770,2018-12-31,0.5013150769449835,0.0374018720585931,0.12604872799118833,G5,12.997744673059321
065940,2018-12-31,-0.1869266740745364,0.010577391900230652,-0.38504144530219714,G1,-19.10695657434118
065950,2018-12-31,1.3125140614002067,0.04222480131740338,0.01872790364324251,G3,30.724572461932137
066110,2018-12-31,-0.6042035844915856,0.04734688583202234,-0.4386632299442638,G1,-13.081719467717075
066310,2018-12-31,1.58357292757658,0.040622888164651406,-0.006542115401481331,G2,38.60872293438715
066360,2018-12-31,0.19934853543823242,0.04452303924994727,-0.0363295491284018,G2,4.1365873693245625
066570,2018-12-31,0.097314904921698,0.017676660466082943,0.03322503341703204,G4,4.646794650287299
066590,2018-12-31,0.023049198303119023,0.03635838626060994,0.008891243073168863,G3,0.21656914621348058
066620,2018-12-31,0.23139859559177278,0.018412876327097663,0.07925691824040293,G5,11.743059482814454
066700,2018-12-31,-0.15995230129356203,0.03349473815783295,-0.0569918746853127,G1,-5.228504671429002
066790,2018-12-31,,,-0.21087981480899542,G1,
066910,2018-12-31,-0.1990467871109412,0.028373198170249563,0.02389781394519295,G3,-7.550149245019557
066970,2018-12-31,-0.33034171289371667,0.0310765338803278,0.060074849624222174,G4,-11.118254302658764
066980,2018-12-31,-0.22263611021484764,0.024227658031115925,-0.034063100382006564,G2,-9.815690957102916
067080,2018-12-31,-0.47934045516882146,0.0272631467388765,0.03920302158772272,G4,-18.138608633045816
067160,2018-12-31,0.4084144331217401,0.026527189753790117,0.13542090911573815,G5,14.824010501624906
067170,2018-12-31,0.1454206755981896,0.02492539222733549,0.036067953967662,G4,5.225417549192725
067290,2018-12-31,-0.28944468162023307,0.026530222655540156,-0.06889238386373665,G1,-11.481990905552381
067310,2018-12-31,0.5863159515629037,0.02851718262164493,0.03578550266058281,G4,20.027955268499817
067390,2018-12-31,-0.05137805363512743,0.03255062365894666,0.011240162512447652,G3,-2.0446043665831217
067570,2018-12-31,0.3077883184698384,0.016140424125501936,-0.02215791689617322,G2,18.129215351568707
067630,2018-12-31,0.8466753986696272,0.06704355403281906,-0.0496427203385557,G1,12.402390013954713
067770,2018-12-31,0.17239232635771579,0.026824357584502044,-0.05706835552761945,G1,5.860987806678745
067830,2018-12-31,-0.15604010150563172,0.012352295989715871,0.04415240931832627,G4,-13.861001653549984
067900,2018-12-31,0.9792191888769988,0.02931263381050052,0.04319378439343068,G4,32.888347784657114
067990,2018-12-31,0.5487536083402138,0.02815189822435863,0.05819692838207487,G4,18.953553698399364
068050,2018-12-31,0.2769134495735011,0.02887649546792203,-0.015682329276674848,G2,9.064062369732472
068060,2018-12-31,,,-0.3035207285043491,G1,
068240,2018-12-31,0.09481664761476305,0.019172176591715932,0.016881839895812868,G3,4.15401733865817
068270,2018-12-31,-0.18562984219075712,0.022511048830202874,0.06779018707552179,G5,-8.920283427856
068290,2018-12-31,1.0432260928056545,0.05904895692164705,0.0024017797429879747,G2,17.410146643857434
068330,2018-12-31,0.2814102696738194,0.030846745818525992,0.06865747227420835,G5,8.63089992076132
068400,2018-12-31,-0.06263716302340784,0.01933266102052631,0.002808848419441536,G2,-4.024911861525427
068420,2018-12-31,,,0.03735219090995304,G4,
068760,2018-12-31,-0.26244492718761325,0.028293599432349086,-0.020751227470904757,G2,-9.812113919417376
068790,2018-12-31,0.22316586322491208,0.026415136175633454,0.047851954576880136,G4,7.873923806753402
068930,2018-12-31,0.6387401219396457,0.0291717714494422,0.08780843517956355,G5,21.375631212091175
068940,2018-12-31,0.5516655239902473,0.04293331002206073,-0.0987810098082734,G1,12.495901901847768
069080,2018-12-31,-0.280823884215385,0.026671005437153016,0.12632777497564282,G5,-11.098155956131066
069140,2018-12-31,-0.15140376770306035,0.03280308285507834,0.007785313195127681,G3,-5.078146528847688
069260,2018-12-31,-0.1809219911756656,0.015263050135561692,0.12151864817065668,G5,-12.847830745948595
069410,2018-12-31,0.03948409383700635,0.03440348404542632,0.04162288514257347,G4,0.7065854194287413
069510,2018-12-31,0.13872558515487143,0.017672616464287243,0.10224463571555788,G5,6.991069589021129
069540,2018-12-31,-0.3697090574565718,0.02966749326834652,-0.4592736766606624,G1,-12.973261596731511
069620,2018-12-31,-0.40479200284088623,0.021811893304305077,-0.012764243147629972,G2,-19.254041389930826
069640,2018-12-31,-0.6290889853663946,0.019435240142561084,0.01946964475082993,G3,-33.1492728813
069960,2018-12-31,-0.10858081397187756,0.01709884288385491,0.04112705308183461,G4,-7.237677335563409
070960,2018-12-31,0.09834911868977025,0.042125605589091356,0.012532288421821428,G3,1.974429183715992
071090,2018-12-31,-0.2918183243072524,0.028649062754256154,-0.030735138582640625,G2,-10.715653093908061
071200,2018-12-31,0.03288331040436557,0.01939668548058521,0.05221853217092312,G4,0.9129506579426433
071280,2018-12-31,0.8185407419881873,0.034833215034738935,-0.014376253443179384,G2,23.063206986608535
071320,2018-12-31,-0.2925874456671132,0.012215280233882884,-0.04003601514776136,G2,-25.19488160790587
071460,2018-12-31,0.29122052796905407,0.03519675171543403,-0.03855875466738164,G2,7.842923590447336
071670,2018-12-31,-0.031080742040249493,0.026314533559008653,0.0036939515321770945,G2,-1.7578056464304235
071850,2018-12-31,-0.1699491777711647,0.018249204445350185,0.0036830641933302765,G2,-10.144237901356425
071950,2018-12-31,0.11998532828263309,0.04211844949294129,-0.001584295816325223,G2,2.4884637471576356
071970,2018-12-31,-0.5501750776714053,0.03966784941924092,-0.18462375982201087,G1,-14.252100367965513
072130,2018-12-31,0.21820293889085837,0.03594752477108242,0.03594625411412682,G4,5.647894995574855
072470,2018-12-31,-0.07849950096552552,0.03481159061828544,0.016857237752775155,G3,-2.6909024533133503
072520,2018-12-31,0.3880132568699036,0.04344686731575567,-0.07007665330667681,G1,8.581474022679144
072710,2018-12-31,0.12641403117964414,0.013601704124450945,0.03914386116132273,G4,8.17830887430627
072870,2018-12-31,0.2374510208660694,0.026357425801326075,0.0649938600854127,G5,8.433142481688314
072950,2018-12-31,0.028303081527750254,0.022476063407288364,0.02603275543052791,G3,0.5840875093159964
072990,2018-12-31,0.8270822066659662,0.030070258998024058,0.051136440617844774,G4,27.00033654802769
073070,2018-12-31,-1.3217808207438797,0.04648667103296812,-0.008563296367769063,G2,-28.759983983982764
073110,2018-12-31,1.133076109473334,0.04786172035115996,0.03383630558442106,G4,23.356891637792582
073190,2018-12-31,0.2778897830119129,0.03672925841222064,-0.09396783132525738,G1,7.152736013083867
073240,2018-12-31,-0.2947015376602673,0.016139541827969714,-0.045466034507310966,G2,-19.19984065199497
073490,2018-12-31,0.313534523266221,0.03180374789688817,0.0022312134331430784,G2,9.381266340073559
073540,2018-12-31,0.710972669585353,0.04751641548463984,-0.02842503691702122,G2,14.643309451179409
073560,2018-12-31,0.24245236633977446,0.03463753954562896,0.07699260939892004,G5,6.561588256215982
073570,2018-12-31,0.13696905504015994,0.0318265753501997,-0.1812154314095423,G1,3.826800718175195
073640,2018-12-31,0.039843677473005046,0.027294518277131082,-0.041763868969648225,G2,0.9037926073498437
074430,2018-12-31,0.08944951876650628,0.026287447446588477,0.1406333059051678,G5,2.8254711791420686
074600,2018-12-31,0.5771093601811883,0.03506216944233304,0.11456881484372226,G5,16.026796843602224
074610,2018-12-31,0.5633287494459437,0.06282826978757196,-0.09131833692328273,G1,8.724633953256102
075130,2018-12-31,0.12981833527964232,0.032796559475494244,0.018355686306784257,G3,3.4955874482000326
075180,2018-12-31,-0.22304644691876158,0.016230034668066294,0.027680594015821583,G3,-14.677820807150683
075580,2018-12-31,0.10293970245348613,0.021905947746718172,0.004801249481718295,G2,4.006428292228341
076610,2018-12-31,0.06942568818184153,0.03796579907866789,-0.04786495965654477,G1,1.4289332995855446
077280,2018-12-31,-0.03759486348874187,0.016788024427927664,0.022948931400355862,G3,-3.143309526874131
077360,2018-12-31,0.68948906396926,0.03324560355938559,0.06161323208963976,G4,20.282801277221367
077500,2018-12-31,0.11729337277447137,0.02352792481529097,0.03283081821339326,G4,4.3403011503651685
077970,2018-12-31,0.0027861433764995724,0.01687549853018562,0.032283821752755314,G4,-0.7341383268943902
078000,2018-12-31,0.016231933331182447,0.02002344598551977,0.05041628729141932,G4,0.052780110825475776
078070,2018-12-31,1.536690936453986,0.050357600233892866,0.05975308025230804,G4,30.214224580880256
078140,2018-12-31,0.23091482232843802,0.03052879891405772,0.0759274891710072,G5,7.066761103272119
078150,2018-12-31,-0.05864005583521138,0.032231723783404095,0.032982887989030166,G4,-2.2901396761837822
078160,2018-12-31,-0.030909568851228808,0.026602398182543993,-0.01142221925900553,G2,-1.7323499245427993
078340,2018-12-31,-0.17850269073365382,0.02099020872892129,0.14262309667084042,G5,-9.227053759582406
078350,2018-12-31,0.6955156626786556,0.025865968089551893,0.01425104725602065,G3,26.30253647148465
078520,2018-12-31,0.04388894673080912,0.03312664046725596,-0.030137703966207505,G2,0.866790374539566
078590,2018-12-31,0.6159085395982964,0.06187907733351177,-0.09454547225936487,G1,9.708183635763412
078600,2018-12-31,0.20617688974341397,0.03365216689280882,0.002717010943642549,G2,5.675765151137137
078650,2018-12-31,0.4006215050650255,0.034525345276568156,0.08358805005304906,G5,11.164158050974324
078860,2018-12-31,-0.08123083795530442,0.030401178924270585,-0.09710495382880366,G1,-3.1711247721152733
078930,2018-12-31,-0.10197392115284236,0.012089589282412851,0.04553316255267448,G4,-9.690074000795207
078940,2018-12-31,0.1667425447693896,0.010685494811678424,-0.400451704157686,G1,14.184411092575631
079160,2018-12-31,-0.3832977527083803,0.02165355191536831,-0.08438916351835182,G1,-18.402193224407146
079190,2018-12-31,,,-0.17444326455792197,G1,
079370,2018-12-31,0.24251528844771825,0.022316460553921245,0.07714755469442813,G5,10.187108043654947
079430,2018-12-31,-0.5228362252899774,0.021885124579093203,0.05727105694889168,G4,-24.583425009921893
079650,2018-12-31,-0.042779627381118734,0.025241636557222225,-0.012658590047620936,G2,-2.295996968449152
079660,2018-12-31,-0.1647657534794298,0.02130042390962834,0.019699590661312175,G3,-8.447758968357935
079810,2018-12-31,0.8184510641148004,0.04368826370571287,-0.18872030718215643,G1,18.386539137667807
079940,2018-12-31,0.4433050238980852,0.02599821873531044,0.10129817804796445,G5,16.467663982057584
079950,2018-12-31,-0.14274526397377252,0.023063091010947646,0.036858841340029334,G4,-6.847319708003115
079960,2018-12-31,0.5974064662374893,0.02405220864219408,0.019338151593278185,G3,24.20698162343142
079970,2018-12-31,-0.48492219220893784,0.04703210493671181,-0.23806380733678414,G1,-10.633104482881354
079980,2018-12-31,-0.24141513174076099,0.016476264597401796,0.019822678716584,G3,-15.573325122138574
080000,2018-12-31,0.026294587563812977,0.02702023654270389,0.07199450667549052,G5,0.4115246701589932
080010,2018-12-31,0.006383275375885844,0.01657351028025738,0.04631377784416944,G4,-0.5304741185424001
080220,2018-12-31,0.10486365323283699,0.024435939432414684,0.06721375086997056,G5,3.6703544730883078
080440,2018-12-31,-0.5341086373446501,0.06219653227676941,-0.18237389314893152,G1,-8.831420512856598
080470,2018-12-31,0.12409039914741746,0.03449530440085545,-0.027935612599183954,G2,3.157395112354993
080520,2018-12-31,-0.1428934234637962,0.025464507569465413,0.027633819511448814,G3,-6.207405215496707
080530,2018-12-31,,,-0.14437541050295352,G1,
080580,2018-12-31,0.5461775654622034,0.029313129037616587,0.0023735946567876847,G2,18.114834180541642
081580,2018-12-31,0.03312333184317984,0.014499911048210195,0.06384737081746464,G4,1.237817125259986
081660,2018-12-31,-0.1012149168190587,0.026010533715135516,0.06356791320292814,G4,-4.474725960132459
082270,2018-12-31,1.2653346524030789,0.04700980242066473,-0.07940445608034845,G1,26.593593131558677
082660,2018-12-31,-0.22553508080597157,0.056941435767300215,-0.6230259864526025,G1,-4.227328854555562
082740,2018-12-31,-0.1457033286976315,0.029410977976583635,-0.025127862225097476,G2,-5.4700126754941
082850,2018-12-31,0.4549046748183164,0.037388321155776116,-0.05373095196746437,G1,11.761148069560322
082920,2018-12-31,0.5787518684758063,0.01816953489906992,0.10582824374162576,G5,31.017677556055464
083310,2018-12-31,0.434838296322074,0.027063841816424912,0.09599026100701018,G5,15.506416477590543
083450,2018-12-31,1.3226133841008432,0.03162903043172303,0.09810265693739764,G5,41.336654099790564
083470,2018-12-31,-0.07155379584024878,0.014042950695616787,-1.5099288086214906,G1,-6.1759733657883
083550,2018-12-31,1.1761847512522507,0.03679790591551654,0.03942412672012785,G4,31.550970870049696
083640,2018-12-31,-0.4849330146394846,0.039553002800879776,-0.012418490337176933,G2,-12.643998504743603
083650,2018-12-31,-0.17717889337006112,0.03685573631234344,-0.08109024007525426,G1,-5.219105795984279
083660,2018-12-31,0.032495927871528094,0.009044464404105333,-0.01240546778030024,G2,1.915075726397606
083790,2018-12-31,-0.24204876427869848,0.02514382437882078,0.026886188568363317,G3,-10.230100800748625
083930,2018-12-31,0.039342294250982804,0.020636042356468765,0.1199413758307157,G5,1.171116059976895
084010,2018-12-31,0.03248164088117439,0.01962441197985534,-0.02707032910098198,G2,0.881888704027461
084110,2018-12-31,-0.2645120094774079,0.020981664677028406,0.09030230006370353,G5,-13.330072108938985
084180,2018-12-31,-0.602737862077557,0.028983761491739916,-0.2500448116710556,G1,-21.319281001074163
084370,2018-12-31,0.5813797434025653,0.029260192202366756,0.07565703255126993,G5,19.35068115252531
084670,2018-12-31,-0.07367932246654488,0.010693570088725499,0.006965884502120905,G2,-8.309144220524175
084690,2018-12-31,-0.2558229948608979,0.01392428877326944,0.017355748283031307,G3,-19.462257132593635
084730,2018-12-31,-0.0448376228182282,0.021422846420177815,0.009658155363126556,G3,-2.8013418606531215
084870,2018-12-31,-0.01896563567079612,0.04097174913627455,-0.21652489236775693,G1,-0.8332748789952986
084990,2018-12-31,-0.5703766310320538,0.05227591782465622,-0.10738230932382573,G1,-11.201175398375003
085310,2018-12-31,-0.32762091124433024,0.030395575545592537,-0.14281191105359792,G1,-11.277825759973004
085370,2018-12-31,0.07605860720031499,0.03477752096642785,-0.07139269705153066,G1,1.7506570875517415
085660,2018-12-31,-0.28787288534659977,0.03029032981745322,0.038095716446356155,G4,-10.004776468460339
085670,2018-12-31,-0.27276485729395594,0.029617936399774794,0.05083242201303377,G4,-9.721810022156173
085910,2018-12-31,-0.08586883012214983,0.013328133239313948,0.036685400596703506,G4,-7.581251022990954
086040,2018-12-31,-0.1149546720723495,0.03158550224182276,0.055229864126287824,G4,-4.1199207379707845
086060,2018-12-31,0.775335192367541,0.05844078240645133,0.03514563678447734,G4,13.007356634066342
086280,2018-12-31,0.1741745084241395,0.01816070915001827,0.05034315105441447,G4,8.755132493877353
086390,2018-12-31,0.5455111194855226,0.032654588418166416,0.27642727786710086,G5,16.240781205422483
086450,2018-12-31,0.4693746762548516,0.019626764948292404,0.1029332908702648,G5,23.141846545699305
086670,2018-12-31,0.20330632743184238,0.03540096935431856,0.06300807449248083,G4,5.314296111949078
086900,2018-12-31,-0.4210955866211054,0.030540950597602437,0.17661521769297214,G5,-14.284777379794878
086960,2018-12-31,-0.2211413500000052,0.018127334402897783,0.03027001988442904,G3,-13.036469586790826
086980,2018-12-31,0.1593640369587355,0.024299167462202096,0.0242157291225444,G3,5.933904671839719
087260,2018-12-31,-0.05839626448292953,0.03288661954325208,0.03584633052339361,G4,-2.2371213319486416
088130,2018-12-31,-0.0727857491101664,0.019092826964100154,0.07215580159091596,G5,-4.607009894790129
088260,2018-12-31,0.2551373692934774,0.012048343739713708,0.006956363868982297,G2,19.91661931669129
088290,2018-12-31,3.021159091396739,0.06847645844567918,-0.051596520167074,G1,43.8980646195124
088390,2018-12-31,-0.25453599676139693,0.019501323934191975,-0.1485646031249303,G1,-13.830398966988444
088790,2018-12-31,-0.32236787311700577,0.014374201645611963,0.03482704807284869,G4,-23.482554027827128
089010,2018-12-31,1.1258998644119194,0.03967653853155982,0.004945403812662883,G2,27.99449780366952
089030,2018-12-31,0.7602822639870771,0.03284500478410504,0.055253580017965126,G4,22.685555238972114
089230,2018-12-31,0.15299708719449515,0.03841297011034526,0.2661622786190171,G5,3.5879025538933416
089470,2018-12-31,0.03692211459692876,0.020076898510563337,0.014151834660832311,G3,1.0831862776278876
089590,2018-12-31,-0.3555882276463224,0.022779088750401015,0.06870687122894377,G5,-16.276477313990625
089850,2018-12-31,0.3160894524118531,0.031240576295345532,-0.002114489202961794,G2,9.632164142366571
089980,2018-12-31,0.29459943520311127,0.03198926763485008,0.05046428134550211,G4,8.734940254328897
090080,2018-12-31,-0.3873783579980176,0.039192749757227835,-0.247113336639816,G1,-10.271120401720179
090120,2018-12-31,,,-0.07402309985277387,G1,
090150,2018-12-31,0.4688717050678335,0.036898584583999215,-0.025116778147173693,G2,12.295772766081026
090360,2018-12-31,-0.2961867464907612,0.02701070376029181,-0.006962089869860807,G2,-11.52735015299565
090370,2018-12-31,-0.3448300615387208,0.03799073328840653,-0.13085745669587595,G1,-9.47613073005729
090410,2018-12-31,0.20594303124772714,0.035320193313485605,0.07275930569700996,G5,5.401101175228598
090430,2018-12-31,-0.011827440168144576,0.027100601975204943,0.06234146520311386,G4,-0.9963813285700698
090460,2018-12-31,0.36910203865573277,0.03207072612599785,0.1737809064732353,G5,11.035825744396421
090470,2018-12-31,0.9968092719981299,0.04236911221372362,0.055935680015705126,G4,23.16862749952107
090710,2018-12-31,0.12268921262985528,0.037251493230733373,-0.4174304645356229,G1,2.8861693766464853
090740,2018-12-31,0.8326188198352925,0.043491878731084926,0.008588304961913582,G3,18.795318805533288
090850,2018-12-31,0.48307972790035364,0.024167835624885056,0.020413415429736292,G3,19.36063458597858
091090,2018-12-31,-0.25299791176611197,0.025630257903912445,-0.05132998836736397,G1,-10.463141120329276
091120,2018-12-31,-0.5096163996158141,0.02988548027322236,0.08204002349236282,G5,-17.56008230254176
091580,2018-12-31,-0.23938503126759997,0.027506831247742163,0.05883396682462989,G4,-9.254432930054557
091590,2018-12-31,0.42376684417969684,0.03772210008925687,0.0028653837542569035,G2,10.83162786748195
091700,2018-12-31,0.4226206627080424,0.029171041595315323,0.024147525321014034,G3,13.967467282365286
091810,2018-12-31,-0.3956972669819165,0.024830538293977165,0.08791467249728682,G5,-16.547058132627573
091970,2018-12-31,-0.2462877320671999,0.04765484201205853,0.010328700739023944,G3,-5.486595163488285
091990,2018-12-31,-0.1263265685044554,0.027551753189410402,0.005010930752573421,G2,-5.135849655905047
092040,2018-12-31,-0.2268910546843561,0.03280244108954449,0.1792598254106127,G5,-7.379516288331099
092130,2018-12-31,0.17199971724410448,0.007713935619741261,0.22125272001193375,G5,20.330040506146442
092200,2018-12-31,-0.9667067972654158,0.02915219537611255,-0.008601543687054507,G2,-33.68123320492471
092220,2018-12-31,0.05786236531922177,0.026926968852283923,0.004990890080543166,G2,1.5852980675410218
092230,2018-12-31,-0.1837390015665618,0.006930078474311216,0.0104085723649351,G3,-28.703007611943494
092300,2018-12-31,0.09733767020375128,0.019330410212237196,0.03983789750351689,G4,4.250431091150831
092440,2018-12-31,0.10212607747451369,0.012184579578299182,0.0402378999813796,G4,7.1361496950141134
092460,2018-12-31,0.02503551817392269,0.017890689818406528,0.02364117564449237,G3,0.5511483705239345
092600,2018-12-31,-0.9479512841186999,0.03782441030273339,-0.289034954339906,G1,-25.463090370560465
092730,2018-12-31,-0.02407885956635855,0.024348444356859136,0.21075009938216258,G5,-1.6121749966444656
092780,2018-12-31,0.1238853938165156,0.028523042274204335,0.036969325850974455,G4,3.8113150462169396
092870,2018-12-31,0.48365316404762004,0.030096348333927977,0.034430687887293726,G4,15.565943921726221
093050,2018-12-31,-0.4621965916854509,0.017076542623714625,0.04924189579271995,G4,-27.9548205885348
093190,2018-12-31,-0.1375658941062081,0.012594105412407429,0.08874500152742203,G5,-12.127974376702445
093230,2018-12-31,0.3647784819875093,0.049712101925325984,-0.08382970014942968,G1,7.032560982428385
093240,2018-12-31,-0.20314384716573106,0.029661790618764988,-0.04471701938578592,G2,-7.360275163582821
093320,2018-12-31,0.7796228408151675,0.03173737096854998,0.1615334316264711,G5,24.086675230274594
093370,2018-12-31,0.3008174811173508,0.03758488079232795,0.06353840577072394,G4,7.599927988668759
093380,2018-12-31,0.20952305724601028,0.046977922238602726,0.009155712043769694,G3,4.137006371332271
093920,2018-12-31,0.3467360676146358,0.019667978165403922,0.02580109644528929,G3,16.85790838251461
094190,2018-12-31,-0.07495118065244105,0.036285880813566075,-0.24032533118458288,G1,-2.483783561668555
094280,2018-12-31,0.4443403564697349,0.01986363238274141,0.06197322168856421,G4,21.605578202789232
094360,2018-12-31,0.6432793234655114,0.03694900227856015,0.08294034858800435,G5,16.999220306335943
094480,2018-12-31,0.2848119622350679,0.02382833843986827,0.02098130010417468,G3,11.315806567148949
094820,2018-12-31,-0.13231773794854598,0.019011442863340697,0.11693661255800611,G5,-7.758108242584345
094840,2018-12-31,0.17697749744731367,0.025117090190446865,0.05110435791269626,G4,6.441924704952306
094940,2018-12-31,-0.11936369928308754,0.04432886173791808,0.03862909919450976,G4,-3.035015735605148
094970,2018-12-31,0.23983065617641805,0.0351142397703823,0.12080718608879386,G5,6.397847825056683
095190,2018-12-31,-0.2849597253929125,0.03656202108446646,-0.014977765431758664,G2,-8.208923088045175
095270,2018-12-31,-0.053111261866616494,0.03168149441008441,-0.15330159200475596,G1,-2.155401971121644
095340,2018-12-31,0.466055615963071,0.03322674544686565,0.056055112059242185,G4,13.56980698128064
095500,2018-12-31,0.1114770920482922,0.027400918473898743,0.02274367257223144,G3,3.5145536638513666
095570,2018-12-31,0.12701208345573106,0.01788323359059898,0.01447255303925629,G3,6.253734217371279
095610,2018-12-31,0.8608916696048662,0.03815392409126795,0.17547111639252772,G5,22.16591336578827
095660,2018-12-31,0.422158944402961,0.025589073137513425,0.09141852928808901,G5,15.904595238088806
095720,2018-12-31,0.02147590366468373,0.04094536039652754,0.0341871314463207,G4,0.1538833697079706
096240,2018-12-31,0.00383757784012681,0.021519275026764245,0.061128811393117585,G4,-0.5268539845664468
096350,2018-12-31,-0.6148575520483035,0.04453649985118638,-0.07343548163922346,G1,-14.146433774240101
096530,2018-12-31,0.744078155257595,0.029217378480865842,0.06539046648392331,G5,24.94758597531217
096610,2018-12-31,0.025086993013873626,0.031456567959363475,0.0020855642525928297,G2,0.3150979278387689
096630,2018-12-31,0.3509984738930626,0.032707277951099026,0.08327578908156734,G5,10.267542923082646
096690,2018-12-31,0.024105256066660363,0.04299343197941353,-0.09644434546617289,G1,0.20770992271511596
096760,2018-12-31,-0.14122840375840867,0.027699097503643362,0.028565655545013374,G3,-5.646519615694885
097230,2018-12-31,-1.2146220540129256,0.0421318397194724,-0.46957770282628897,G1,-29.18925819129373
097520,2018-12-31,1.1453009608908802,0.032508355627137546,0.07625042917765587,G5,34.764165872312134
097780,2018-12-31,0.1968307876156458,0.034313297628669616,0.024757548969711017,G3,5.294031950776691
097870,2018-12-31,-0.14681474390318816,0.03361093219268462,0.05947776324733099,G4,-4.819558011884117
097950,2018-12-31,-0.29550348775108704,0.016176043533802517,0.04746307323460184,G4,-19.20609206663122
098120,2018-12-31,0.8549611687894785,0.040561106636628014,-0.12556536438362745,G1,20.70421999773954
098660,2018-12-31,0.37363866381704713,0.023306788925476562,-0.004303424532584262,G2,15.380221244988974
099190,2018-12-31,0.06245344344341609,0.017080748813201593,0.08892808458339248,G5,2.767931917242188
099220,2018-12-31,0.6625452843706964,0.04212392505869456,0.016599545026170465,G3,15.368230520676931
099320,2018-12-31,0.5409238776377961,0.03057112857344236,0.06521508523868796,G5,17.197558890958444
099440,2018-12-31,-0.2660738908097723,0.023536936152975797,-0.007589706980508599,G2,-11.949260626565131
099660,2018-12-31,,,-0.8876758307348004,G1,
100030,2018-12-31,1.0785859413347425,0.0450298053982955,0.1214311878904515,G5,23.615710489880033
100120,2018-12-31,0.14810278999921378,0.022359006592982067,0.13302162745955962,G5,5.9451521610972495
100130,2018-12-31,-0.19634089811667554,0.022488532931293333,-0.028667032416459463,G2,-9.405504236130263
100220,2018-12-31,0.2182689620373497,0.024325570982202824,0.00915484572788884,G3,8.34898669194566
100250,2018-12-31,-0.06961528939928974,0.01007956864476699,0.009359895578281806,G3,-8.412104329114237
100700,2018-12-31,-0.06195599577292804,0.017375553351771558,0.10400338287653599,G5,-4.439058016993903
101060,2018-12-31,0.04444745149243358,0.018242834191388994,0.01700352153331075,G3,1.604594853649
101160,2018-12-31,0.5875083917659096,0.031110213053432166,0.13296486008972974,G5,18.396958489161147
101330,2018-12-31,0.32738837295398765,0.02843512562745847,0.07015790947360903,G5,10.979845259397734
101390,2018-12-31,0.006950472536809596,0.03163590522665385,-0.15273421899774292,G1,-0.2599774224010442
101400,2018-12-31,-0.43189290706733474,0.0372766358157137,-0.5617054444231986,G1,-11.993249683541324
101530,2018-12-31,-0.25366539037495006,0.016945219964886574,0.006206475732026626,G2,-15.865269649198583
101670,2018-12-31,-0.0837455667343201,0.030110833912788185,-0.06956428061074071,G1,-3.2852182258979847
101730,2018-12-31,-0.3748983446636412,0.03526186852238095,-1.0075822020684908,G1,-11.062188552175494
101930,2018-12-31,-0.14535794657625284,0.020393540198267647,-0.005784757856026604,G2,-7.87175932420249
102120,2018-12-31,0.6573534177621267,0.030520773977059084,0.08663572879071083,G5,21.040695908034994
102210,2018-12-31,,,-0.03528018078677609,G2,
102260,2018-12-31,-0.09043273846698366,0.013825838343294296,-0.005969686178878593,G2,-7.638439671990202
102280,2018-12-31,0.47858989825559006,0.04022048340972291,-0.2506158505089583,G1,11.521860637572678
102460,2018-12-31,0.13019426055529015,0.03196933914764601,0.004424932112252239,G2,3.597796200638715
102710,2018-12-31,0.9197594186606822,0.030596027714170644,0.09339332243223102,G5,29.5654172325371
103140,2018-12-31,-0.23378779204080016,0.019811207208114776,0.023274873367362243,G3,-12.566770063955639
103160,2018-12-31,,,-0.0028403622908088457,G2,
103590,2018-12-31,0.11483565854235803,0.019770282397692043,-0.018551495371121742,G2,5.04092773712901
104040,2018-12-31,-0.14666539560381375,0.031001913630478606,0.032277130753577146,G4,-5.22033869153367
104200,2018-12-31,0.05025739558609976,0.01609673275946623,0.057715198952101615,G4,2.1794672544656395
104460,2018-12-31,1.0307900530061422,0.026242349506269573,0.07521610867623972,G5,38.70137310420861
104830,2018-12-31,0.3026376765123765,0.030836237640166634,0.1308358719622903,G5,9.322232700171405
105330,2018-12-31,0.14071453615673002,0.02167379422193952,0.008656517073117887,G3,5.792222683220488
105630,2018-12-31,-0.18596389338907382,0.02522043377025285,-0.04253960287319459,G2,-7.975239000816601
105840,2018-12-31,-0.013617566811403942,0.042325736689361945,-0.03414239128194267,G2,-0.680263657445079
106080,2018-12-31,,,-0.9688651205159485,G1,
106240,2018-12-31,1.3117221529703993,0.04144189564599472,-0.13530347183537228,G1,31.28590135964857
106520,2018-12-31,-0.21606372184204573,0.046217449298383166,-0.3745308151476655,G1,-5.003279475293199
107590,2018-12-31,0.18049965534306195,0.01078809077475403,0.0438729854944599,G4,15.324728458625023
107640,2018-12-31,0.9362090530205635,0.062430093084209715,0.012713427313922764,G3,14.753044787955947
108320,2018-12-31,0.18396349053753897,0.025392140352350896,0.08058560444560796,G5,6.647269374003485
108380,2018-12-31,0.13306371995658994,0.014262193146743764,0.04993280670283916,G4,8.265813336748044
108490,2018-12-31,-0.2959035977723203,0.03202369138965398,0.03433798236187686,G4,-9.714017276152632
108670,2018-12-31,-0.10710043487265676,0.017482046335766707,-0.021168547491865607,G2,-6.994348725380662
108790,2018-12-31,-0.05448620907133728,0.01897283634918696,-0.0135343337888835,G2,-3.671633561909748
108860,2018-12-31,-0.07865568907727902,0.01060088833766978,-0.2679181723974429,G1,-8.851218852745985
109070,2018-12-31,-0.5047051231870031,0.04291617550300572,-0.2700637704794083,G1,-12.113852428055967
109610,2018-12-31,-0.21634486001457925,0.019078414990344197,0.004336884083770002,G2,-12.135177569243195
109740,2018-12-31,0.2850477503934425,0.031551615849088124,0.10353662707284185,G5,8.553370390007563
109820,2018-12-31,-0.1704728076490221,0.040927722613797325,-0.1042793032047877,G1,-4.535993928462472
109860,2018-12-31,0.1362549110890367,0.010713219103936493,0.07231040502603997,G5,11.301908070897946
109960,2018-12-31,0.18972397360127374,0.03826799183779444,0.03616279359146693,G4,4.56122392594236
110790,2018-12-31,-0.3143061158903532,0.02424895547748297,0.12136178908277385,G5,-13.587439254002538
110990,2018-12-31,0.4871070807635062,0.029776258695387307,0.025006879904254112,G3,15.849270788463938
111110,2018-12-31,0.4979822326545876,0.020451814709695704,0.016000073314905588,G3,23.60705618913816
111770,2018-12-31,-0.1468800749490539,0.02290608616380816,0.04217030706634223,G4,-7.074764646527063
111820,2018-12-31,,,-1.6368799406991954,G1,
112040,2018-12-31,0.4154281880320539,0.0400873057548388,-0.1383258443772307,G1,9.984534676561095
112240,2018-12-31,-0.3750065943720832,0.02508369105205072,-0.04280435367917735,G2,-15.55519429717831
112610,2018-12-31,0.37151591530768,0.025186322457653242,0.011635975988472894,G3,14.148187861640029
113810,2018-12-31,0.23511647891244813,0.03975118155644989,-0.12475700848087991,G1,5.5329521455143365
114090,2018-12-31,-0.2653493533986289,0.01784457663475689,0.10152097016160054,G5,-15.720431634404504
114120,2018-12-31,0.03491377283786866,0.03110607013219183,-0.35277047924071925,G1,0.6345603646177798
114190,2018-12-31,0.35792600348144815,0.032833481137546965,0.018209563231046087,G3,10.439067012499448
114630,2018-12-31,-0.1513097548839768,0.01898789788571832,-0.02789784833410809,G2,-8.767945220632168
115160,2018-12-31,-0.07493205157038635,0.02580299028066483,-0.04368030820851665,G2,-3.4921202629319237
115310,2018-12-31,-0.1185354945566276,0.010363332659338961,0.11757665202876846,G5,-12.902276959052601
115390,2018-12-31,-0.33120900291383715,0.0219930751747093,0.041160565746453597,G4,-15.749689108738945
115480,2018-12-31,0.19127716056622313,0.03268239153658268,0.01650575650294349,G3,5.388285821621909
115530,2018-12-31,,,-0.18395748190873576,G1,
115570,2018-12-31,0.42546787631954985,0.038124608417532124,0.04684502871645271,G4,10.761888442057082
115960,2018-12-31,-0.030441199361166654,0.026877152952890483,0.02575796443092834,G3,-1.6972144733514145
117580,2018-12-31,-0.04917341188874662,0.014756200730679167,0.019721688803798643,G3,-4.360777323116809
117670,2018-12-31,-0.42842840289720835,0.031006668286684594,-0.06022571137497755,G1,-14.306712750581681
117730,2018-12-31,0.15892820804124094,0.03247710140157832,0.08374886549205568,G5,4.4262913931505
118000,2018-12-31,0.960682866550806,0.040567438297317404,-0.1970993250486678,G1,23.307061342849707
118990,2018-12-31,-0.5073740775777055,0.03229953939584835,-0.00543559641540582,G2,-16.178223621288872
119610,2018-12-31,0.18778691310097093,0.023060943163251645,0.09996040682245391,G5,7.4850286150947465
119650,2018-12-31,0.6146022791683627,0.035812338407499214,0.010017917005264491,G3,16.738007407242698
119830,2018-12-31,-0.3630629447303228,0.04525354735604842,0.01319524036925462,G3,-8.35819643899646
119850,2018-12-31,-0.004443637738616162,0.019124437090270324,0.05839979134628064,G4,-1.0258462133537043
119860,2018-12-31,0.5615150860187796,0.027847541925659764,0.15122386864586845,G5,19.618966508580883
120110,2018-12-31,-0.25348775967699905,0.019547702758016487,0.007702527468098489,G3,-13.743960435441936
121440,2018-12-31,0.00256097622196938,0.01614945565654214,-0.009715978941038995,G2,-0.7810862284933691
121600,2018-12-31,0.13058553739365933,0.02781669679256861,0.07789996136353662,G5,4.148962927601566
121800,2018-12-31,0.3479043155124262,0.04890544347433311,0.2264761323128028,G5,6.803521208310741
121850,2018-12-31,-0.041418074159070645,0.04225031056040906,-0.1717370030090713,G1,-1.3394734154939074
122350,2018-12-31,-0.04397995159893986,0.02355355375969189,0.0014780950295679518,G2,-2.5115125231392033
122450,2018-12-31,-0.289905015371988,0.018237129518243016,0.09363737027387056,G5,-16.728515784228442
122640,2018-12-31,0.5440554063413717,0.04497385917426337,-0.03933127789133456,G2,11.759727148589212
122690,2018-12-31,0.012548173552686517,0.028509874052780958,-0.029146242790334023,G2,-0.09214071150959813
122800,2018-12-31,,,-0.21376029537126526,G1,
122870,2018-12-31,-0.27723104981149205,0.031147301093877134,0.02682869915319686,G3,-9.387848486876809
122900,2018-12-31,0.3666917089977883,0.022827335244328832,0.019217978492490247,G3,15.398933410423341
122990,2018-12-31,-0.07010096009042216,0.022725225073089345,0.12242170931499281,G5,-3.7524844506100297
123040,2018-12-31,1.3426989113013188,0.04526525104721565,0.0071463524113477206,G2,29.327658346214307
123260,2018-12-31,-0.59611894919559,0.041820936249585695,-0.6197511545412516,G1,-14.616938252658192
123330,2018-12-31,-0.24507889297863028,0.0309452244796282,-0.20900444154167774,G1,-8.410150224727532
123410,2018-12-31,0.17612182117379305,0.03853987186852362,0.011924109101978303,G3,4.176109564917446
123420,2018-12-31,0.14437467756008937,0.038045018963675716,0.06505468071965638,G5,3.395965817509162
123570,2018-12-31,0.7316250129552655,0.03400338962727281,0.05228464465370872,G4,21.069955883094366
123690,2018-12-31,0.3742836689726987,0.03937320757526978,-0.08151897856142148,G1,9.120632974929258
123700,2018-12-31,0.1305880084899213,0.01502891978714289,0.018623420607250755,G3,7.679388571605609
123750,2018-12-31,-0.916298391984748,0.03956106367076484,-0.04241096715894928,G2,-23.545208323254837
123840,2018-12-31,-0.13632176731776052,0.030638153860818328,-0.09184408946725128,G1,-4.94471245359406
124500,2018-12-31,0.592252008777192,0.027878940637085414,0.012696653680252063,G3,20.69938462355302
126560,2018-12-31,-0.03999216296756558,0.014084201969574954,0.05115586756940818,G4,-3.9169600606195547
126600,2018-12-31,0.30092255074542473,0.02542215050850289,0.028931963782604618,G3,11.24009776501373
126700,2018-12-31,0.4546281195558733,0.03174478486447104,0.12115212056402579,G5,13.843314037221687
126870,2018-12-31,-0.38771916052823324,0.03779265758204144,-0.0483490795122749,G1,-10.660648918022687
126880,2018-12-31,-0.00293402357132011,0.042195626700077,-0.03552578964601859,G2,-0.42917047619643117
127120,2018-12-31,-0.008775501269336572,0.03185056905257739,-0.10702615242524896,G1,-0.751967566505919
127160,2018-12-31,-1.2390673802492738,0.058865473704587765,-0.029568285706689193,G2,-21.306929086760775
128540,2018-12-31,-0.048661744410102764,0.02915042224684743,0.016738637526435066,G3,-2.189911264491731
128820,2018-12-31,-0.0747029651470778,0.033502333089087274,-0.006248607963134526,G2,-2.682740289789328
128940,2018-12-31,-0.393529989450105,0.024747655959538796,0.02019629296486662,G3,-16.514900795100615
129260,2018-12-31,0.0020826846899527213,0.023638973504425648,-0.030066418475828582,G2,-0.5538484545682546
130500,2018-12-31,0.4148050967051241,0.036639575251258535,0.005600182099871079,G2,10.907058838200872
130580,2018-12-31,0.1797895663763665,0.016265208565790053,0.16412870410701733,G5,10.120649365027791
130660,2018-12-31,-0.050050752804986186,0.013607534928596688,0.0810514206941415,G5,-4.793362411355688
130740,2018-12-31,-0.08019081208649781,0.020374442125720198,0.0168014924879218,G3,-4.68066340815629
131090,2018-12-31,0.15731663676268082,0.028428258082857493,0.07874097347080525,G5,5.00000888958563
131100,2018-12-31,0.029398855906090232,0.05100031598804331,-0.2482038515452001,G1,0.2788955714797162
131180,2018-12-31,-0.026680431740803395,0.02127315262394501,0.04119697540950656,G4,-1.967528091094956
131220,2018-12-31,0.44003853834219786,0.022328987310935574,0.0644802509803144,G5,19.027439032184102
131290,2018-12-31,0.9692982246074445,0.03419002660172723,0.0557779878053458,G4,27.9064752446342
131370,2018-12-31,0.4160161123096896,0.032265298984946233,0.08449521267372179,G5,12.423285426976767
131390,2018-12-31,0.010788804461664359,0.026150241393976464,0.07217015932829698,G5,-0.16773417519215633
131400,2018-12-31,0.4984543201235284,0.02683208595973679,0.03576160509808213,G4,18.011243226328364
131760,2018-12-31,0.679171244065603,0.04856886856157131,-0.1492225737105319,G1,13.671229536485676
133750,2018-12-31,0.7506528501408084,0.042482276769411076,0.011201099794240835,G3,17.312578619548535
134580,2018-12-31,0.00783069280974956,0.03566306250388189,0.037897781593369345,G4,-0.20593859045082835
134780,2018-12-31,,,-0.20536360315379684,G1,
136480,2018-12-31,0.07800065810105161,0.03435726474040158,-0.01465143396309601,G2,1.82859622099703
136490,2018-12-31,-0.21943629656004712,0.01892627368886895,0.020166587127750855,G3,-12.396068769257374
136510,2018-12-31,0.14527363540989557,0.03602293588776374,0.022663472212413962,G3,3.6115474369519283
136540,2018-12-31,0.2749716606678896,0.02362709527056955,0.07488635598955438,G5,10.995704891347323
136660,2018-12-31,-0.1065252926407497,0.06147442974575896,0.056341214249357494,G4,-1.9796911785441074
137400,2018-12-31,0.4191470505719025,0.030498976529020085,0.0025449730577884085,G2,13.245426663893468
137950,2018-12-31,0.4968280450857864,0.04308289125942055,0.013385748665072686,G3,11.179680317938477
138070,2018-12-31,0.03631272814242792,0.013940440193988555,0.027727787291979913,G3,1.5162817110025106
138080,2018-12-31,1.3828711274232615,0.04147791864705734,0.026057811127823013,G3,32.97407580713634
138250,2018-12-31,-0.3343957020297775,0.018129590877092486,0.042466173584052476,G4,-19.281780710475594
138360,2018-12-31,0.12078009102917853,0.025732919576552934,-0.5050697970917944,G1,4.103887127228418
138490,2018-12-31,-0.2811116742221338,0.021072732941921617,0.035974261039577834,G4,-14.060196590147374
138690,2018-12-31,-0.09420308068326337,0.02440442298463532,0.00021690450155997356,G2,-4.4818996288125765
139050,2018-12-31,-0.2131738474528684,0.05809721253925583,-0.01909974484815488,G2,-3.9304629448707824
139480,2018-12-31,-0.450196082495131,0.01880560378726733,0.02842204291711894,G3,-24.74640970810933
139670,2018-12-31,2.5840475829393275,0.05762891835404729,-0.22437246090237714,G1,44.57610107349787
140070,2018-12-31,-0.0896770851822182,0.02398809457268124,0.11176807150020433,G5,-4.3710090644126245
140520,2018-12-31,-0.1407722995657242,0.02610888251433498,-0.07632561707585792,G1,-5.972963152025396
140670,2018-12-31,-0.1566475659255805,0.030002097565029223,0.013921406359521927,G3,-5.727021558613211
140860,2018-12-31,0.1591072341522738,0.017487163965566217,0.12944118443298414,G5,8.23073088367732
141000,2018-12-31,-0.051895820026735984,0.02397962202100597,0.1578861214780975,G5,-2.7969962829664765
141020,2018-12-31,-1.5541679966483843,0.0552237751682082,-0.16779216376570544,G1,-28.417888590579352
141080,2018-12-31,-0.1733905919258577,0.030245051333852302,-0.21426147535418333,G1,-6.2345963138690745
142210,2018-12-31,0.34551353831388687,0.03381629630586188,0.05689946354026683,G4,9.768616932294435
142280,2018-12-31,-0.3084283233458309,0.04502829741655836,-0.17552184137438306,G1,-7.186667841005027
143160,2018-12-31,0.5157546127730995,0.056419906889198145,0.026212170933974478,G3,8.872391798221472
143210,2018-12-31,0.16852459992699798,0.016658132373749766,0.005789572075249157,G2,9.205684217979353
143540,2018-12-31,1.320011812718888,0.0485621377503702,-0.16631200910901853,G1,26.869425019823844
144960,2018-12-31,0.722228106653904,0.03440615956308643,0.09231865016583884,G5,20.550187001385822
145020,2018-12-31,0.22514661407430794,0.026037864631384418,0.08239132317855764,G5,8.064083726292308
145210,2018-12-31,,,-0.25553459372592713,G1,
145720,2018-12-31,-0.08596085313373569,0.024669851329046064,0.07841972007955002,G5,-4.099576662126776
145990,2018-12-31,-0.23334735797117112,0.014855898604612183,0.02747822198874172,G3,-16.72887370993319
148140,2018-12-31,0.058950171167437226,0.022807667729223362,0.002472752936781251,G2,1.9193140681539145
149940,2018-12-31,,,-0.025305048159022528,G2,
149980,2018-12-31,0.29429025748050863,0.0316207488867924,0.0032725936703533226,G2,8.82696247476077
150440,2018-12-31,0.04320756564198619,0.041065650621160826,0.05569342728307078,G4,0.6826257854193715
150840,2018-12-31,0.23516987065926753,0.06410469733085855,-0.15992017102448394,G1,3.4318043167861307
150900,2018-12-31,0.25296558320091256,0.02785586527061212,0.02121737633821124,G3,8.53646035611833
151860,2018-12-31,0.003878704554229062,0.020907224778680438,0.04984560276366658,G4,-0.5403103089152655
151910,2018-12-31,-0.1436118337576626,0.03428565140151762,-0.17016784725392578,G1,-4.6312938765863105
153360,2018-12-31,-0.04918073892126261,0.005275323269876399,0.10608898620621736,G5,-12.199410208984075
153490,2018-12-31,0.562032554972458,0.030157964563134885,0.016387728716956144,G3,18.1331024577162
154030,2018-12-31,-0.0063040403008808865,0.04117741467899302,-0.06520909583123355,G1,-0.5216241500658714
154040,2018-12-31,-0.039075577718655,0.034443316718405635,-0.07746353081117764,G1,-1.5750710593623987
155650,2018-12-31,0.4439383090933126,0.0385463294157906,0.08814096778915613,G5,11.123321518772418
155660,2018-12-31,0.26015104621214086,0.039028792529584744,0.03563566722081099,G4,6.276800707925681
155960,2018-12-31,,,-0.6405461321781349,G1,
156100,2018-12-31,-0.012413038689432998,0.00867717907292345,-0.044075241465211745,G2,-3.1793895332272997
158310,2018-12-31,0.14680399171102237,0.062205326367376614,-0.23306288359145613,G1,2.116039023743406
159580,2018-12-31,0.6486506773765542,0.038025348978889754,-0.047689945696847036,G1,16.659297041436158
159650,2018-12-31,0.653704476888049,0.016880477699629446,0.07671237837365473,G5,37.826499617905185
159910,2018-12-31,-0.3764269387086542,0.04139832468548292,-0.23246421253856403,G1,-9.459369076327269
160550,2018-12-31,0.17660936006575473,0.03255770395097728,-0.05755410497516769,G1,4.958404520044485
160600,2018-12-31,-0.5045257075507447,0.046353991765393544,0.06007147684984823,G4,-11.211565204869713
160980,2018-12-31,0.5179958371497807,0.0280918774130101,0.09714028101704987,G5,17.89915056670268
161000,2018-12-31,0.0436577221434741,0.019458789181685882,0.10577903510200196,G5,1.4637410501020505
161390,2018-12-31,-0.2887780134616602,0.018801167833499628,0.05414013276599387,G4,-16.166714205542068
161570,2018-12-31,-0.31048383282042047,0.046650988144392315,-0.36919293042689166,G1,-6.980750878103856
161580,2018-12-31,0.4828150850401922,0.03056488641011506,-0.14530025112486578,G1,15.299909351289916
161890,2018-12-31,-0.4466667786190498,0.022185513076894793,0.016833638900448138,G3,-20.81727254408175
163560,2018-12-31,-0.030574655972423634,0.015666377151707194,0.036120563536994554,G4,-2.920250748616567
166480,2018-12-31,-0.2042568215616727,0.030262381832135768,-0.03452876780929881,G2,-7.250979662202785
168330,2018-12-31,-1.153971832980469,0.05565736368283173,-0.37991947424841954,G1,-21.006149936887272
170030,2018-12-31,0.5994983996057719,0.03978152803867636,0.007365096870009109,G3,14.688307231555381
170900,2018-12-31,-0.0547646270179841,0.019475720892146744,0.008442069281795573,G3,-3.5911235860411663
170920,2018-12-31,0.3971765471149453,0.036409235361160544,0.007936048829098586,G3,10.491883438164306
171010,2018-12-31,1.0552870990952288,0.04976210991990998,0.031149215061619287,G3,20.901686185257947
171090,2018-12-31,0.034165203976041336,0.03689873293411536,0.04446519072687696,G4,0.5146548087976462
172580,2018-12-31,-0.0012233967945890854,0.004241495149400075,0.06426835641773833,G5,-3.8662051587792816
173940,2018-12-31,0.04479930443366072,0.023647987549805984,-0.017032133279626327,G2,1.2527159335782456
175140,2018-12-31,0.12770912918381974,0.03482602014095351,-0.00978003638626034,G2,3.2313205785615176
176440,2018-12-31,0.7596692529605691,0.07064373386738995,0.0022462103524605844,G2,10.538714739019172
176560,2018-12-31,0.6363101932483914,0.04263917658660971,0.14488854163736709,G5,14.567239551490124
177350,2018-12-31,0.014794588118347468,0.03724454717914998,0.015031458374078733,G3,-0.010216408667315713
177830,2018-12-31,0.17296137774794135,0.03582463584921464,0.03843335416279248,G4,4.404407201209321
178320,2018-12-31,0.5668368700777102,0.030149140404130817,0.07386860287813736,G5,18.2977613640078
178780,2018-12-31,0.7133759330069491,0.06559146094375787,-0.5148285697986578,G1,10.644691082161906
179290,2018-12-31,0.5237582578365193,0.05138550736756392,0.00791987456890873,G3,9.897404740321656
179900,2018-12-31,1.3929491557035685,0.048483499510313735,0.0829705709969987,G5,28.417380675615632
180400,2018-12-31,0.2688716670227891,0.016945814008632036,-0.1854400698119391,G1,14.971046729333846
180640,2018-12-31,0.5119056967934333,0.0391713153217877,-0.0044895909974281304,G2,12.680978391455373
181340,2018-12-31,0.1115305640436195,0.034043356564063355,0.043161516321880714,G4,2.830375149093697
181710,2018-12-31,0.36318250998426105,0.025853684445550962,0.041988787466278876,G4,13.460650727915464
182360,2018-12-31,0.32871073027663766,0.04781521998239909,0.0382148527300071,G4,6.557235055262575
183190,2018-12-31,-0.3703250816726343,0.022098350501507713,0.008920711150331896,G3,-17.44474888654207
183300,2018-12-31,0.31883264843216147,0.024836286461697527,0.13013613424128603,G5,12.22636706447652
183490,2018-12-31,-0.3891131268518925,0.03276532979473045,-0.2150813463833187,G1,-12.338902828619528
184230,2018-12-31,-0.005827937490679835,0.030041357763441325,-0.17218764017224483,G1,-0.6991372124064961
185750,2018-12-31,-0.017038022898282434,0.014621914178790161,0.05861518627268429,G4,-2.203071098445373
187220,2018-12-31,-0.08775937260835509,0.02683000277014815,0.011024380626255631,G3,-3.83654325805146
187270,2018-12-31,-0.1274024888258412,0.021894419226871673,-0.008820576412238525,G2,-6.512051357992191
187420,2018-12-31,-0.18152169494545378,0.025309030231912936,-0.03471883031987748,G2,-7.771802663951601
187790,2018-12-31,0.21746942122801366,0.028557541536409513,-0.004316542591891788,G2,7.083744493101382
189300,2018-12-31,0.9791970575626567,0.03730389240731186,0.07149999548292164,G5,25.842396107188588
189690,2018-12-31,0.26592996151211346,0.015471649197002488,0.12350164013503939,G5,16.20737806850846
189980,2018-12-31,0.29266870689226315,0.020109654110859736,0.033729535560502594,G4,13.799024673897827
190510,2018-12-31,0.9134232547702676,0.033730513866117716,0.03018675471726363,G3,26.630135689678855
191410,2018-12-31,-0.23111664387095188,0.025242196258090772,0.0021991827415816507,G2,-9.757143751901852
191420,2018-12-31,-0.4498268660500079,0.03537566443382212,-0.039110827399768566,G2,-13.144684831371974
192400,2018-12-31,-0.012826027014882835,0.026839905333440734,0.11321077655263523,G5,-1.043264508573139
192440,2018-12-31,0.10836454752903324,0.028386159108482068,0.14388190660089115,G5,3.282918747123788
192650,2018-12-31,-0.08428908498451451,0.03796593492909865,0.13011820286905224,G5,-2.619826926512479
192820,2018-12-31,-0.5508851709907648,0.025728603837003143,0.01984151833947443,G3,-22.001204115460393
193250,2018-12-31,-0.024135545154086085,0.030169888931373845,-0.1473051524153143,G1,-1.302975920012934
194370,2018-12-31,0.0667727141043572,0.027261782165094794,0.030939865937059458,G3,1.892672319033586
194610,2018-12-31,,,-1.0779293926364932,G1,
194700,2018-12-31,0.44392500993208694,0.02901171883422301,0.0860785117526765,G5,14.778507910857153
195870,2018-12-31,0.3926958236250914,0.023311178376091132,0.06768496463461803,G5,16.194836824694065
195990,2018-12-31,0.1271156594019974,0.04754059675301097,-0.06559216288691823,G1,2.354631060914247
196170,2018-12-31,1.0931595716381255,0.0477363175385078,-0.09904517544211776,G1,22.582061909898705
196450,2018-12-31,-0.29638772145990155,0.033848709046643326,-0.1669513989459849,G1,-9.204570096411315
196490,2018-12-31,-0.8800080908363644,0.04934510914390882,-0.10279993935740882,G1,-18.141274788928598
196700,2018-12-31,0.035167889229203345,0.02537230720282872,-0.000374335499610218,G2,0.787977042703298
197210,2018-12-31,-2.053325873363322,0.0683626155915761,-0.13491004659057929,G1,-30.257779768905884
200130,2018-12-31,0.3759918761315967,0.026249212018808584,0.16918064298698002,G5,13.745813864435192
200230,2018-12-31,-0.2907275589683692,0.04198976520147457,-0.08346837476641655,G1,-7.285171782541558
200670,2018-12-31,-0.2613295638474825,0.020806521374976416,0.08645069255307682,G5,-13.289326576858151
200710,2018-12-31,1.2526262016392966,0.040205607643775405,0.11013263931445874,G5,30.778072525858686
200780,2018-12-31,-0.33426185134686814,0.02444541991701654,0.03136192760233222,G3,-14.294577314116117
200880,2018-12-31,0.22056492989876217,0.028821230610118716,-0.0047705641758842765,G2,7.126338186048654
201490,2018-12-31,0.05714714371395416,0.02784981872894264,0.15306952558392367,G5,1.5070852162271473
203450,2018-12-31,0.11930482820895617,0.02163255626559237,0.07372912169748923,G5,4.8135658725465
203650,2018-12-31,0.0627285930179487,0.0437206538531429,0.11624071336141234,G5,1.0876667019830373
203690,2018-12-31,-0.41888915620833267,0.03254545579626361,-0.18908879904323847,G1,-13.337169175277744
204020,2018-12-31,-0.23007482094007886,0.032578237110610385,0.0502385281059877,G4,-7.52802902564554
204320,2018-12-31,0.23339062988149284,0.02548011601063861,0.02544977029715448,G3,8.564150028101261
204620,2018-12-31,0.014047281075537363,0.024946223916488663,0.07458374417806968,G5,-0.0452097504294417
204630,2018-12-31,-0.0426751059118525,0.026650171141363633,-0.006116727221806064,G2,-2.170725254931748
204840,2018-12-31,-0.9733721525524546,0.04358310509625934,-0.169494126207024,G1,-22.681891159477267
204990,2018-12-31,0.0259964511053486,0.06877235485650376,-1.078381551266909,G1,0.1573503989352845
205100,2018-12-31,0.12354110742452143,0.026037658069590557,0.08068822328308935,G5,4.161895570712773
205500,2018-12-31,0.18961553951805477,0.06953887430801409,-0.5307074886980604,G1,2.5085313448192013
206400,2018-12-31,0.013293107350486916,0.03056189445358992,-0.5779111815062251,G1,-0.061579503369131094
206560,2018-12-31,0.7036082040409325,0.039663650953167935,0.034874366758777704,G4,17.35677613795128
206640,2018-12-31,0.4338491149639723,0.037342899702512464,-0.0238904991539489,G2,11.211609828543786
207760,2018-12-31,1.6048151616027901,0.05772856462151834,0.0623296613031492,G4,27.536455797781823
208140,2018-12-31,-0.17047769993829712,0.036557620657030256,0.08221234249456104,G5,-5.078360960987589
208350,2018-12-31,0.03477203435478893,0.033833466826213264,0.03441001399003874,G4,0.5792176374502349
208370,2018-12-31,-0.04509450714028754,0.05979818845946791,-0.48455774911319316,G1,-1.0078833878738307
208640,2018-12-31,-0.339812660020707,0.04614812865034994,-0.7142099304341328,G1,-7.692354252179929
208710,2018-12-31,0.0030863431322477597,0.020591819754131803,0.07635034819234769,G5,-0.5870656719538051
210120,2018-12-31,0.44590430630931355,0.10294058512470013,-0.621014465017506,G1,4.1842506738676315
210540,2018-12-31,-0.23652117927796676,0.026746727145124508,0.09863800575737666,G5,-9.410357818556715
210980,2018-12-31,0.04395255084954962,0.014362530055068243,0.03517374967821091,G4,2.003648180804736
213090,2018-12-31,0.04669190867916691,0.019924885508596814,-0.0074510519091071205,G2,1.5817814879091698
213500,2018-12-31,-0.11045333910588301,0.0170060967303321,0.02113123019446862,G3,-7.387258506813662
214150,2018-12-31,1.325088987250932,0.04187357546548512,0.19639342444705066,G5,31.282590011872475
214180,2018-12-31,-0.08970250777608887,0.02673729035121238,0.08465298936159422,G5,-3.9225216927897137
214270,2018-12-31,0.012269139368191628,0.038841719966430176,0.015621383067492814,G3,-0.07481528282678246
214310,2018-12-31,-0.4252211991944982,0.04661582745526711,-0.2678670660757741,G1,-9.447355477065477
214320,2018-12-31,0.1493187960885754,0.016834284425375656,0.05306422149795285,G4,7.968482595756261
214330,2018-12-31,-0.3397229908200423,0.03897780395105289,0.03269097759736859,G4,-9.105132882772745
214370,2018-12-31,0.08304093340097138,0.007288363503377691,0.07423004498325801,G5,9.311533341683782
214420,2018-12-31,0.08349867307806388,0.03503269384924719,-0.0382203275151877,G2,1.9502804933904132
214450,2018-12-31,0.2410420486547823,0.027431795869016437,0.04363238610955082,G4,8.233764792517098
214680,2018-12-31,0.5187747304893776,0.04347547417968068,0.025016025371250854,G3,11.583534081194411
215000,2018-12-31,0.5967150750848478,0.023653731287300535,0.08037323879934499,G5,24.585549501194865
215100,2018-12-31,1.0055119656144895,0.04806831594612613,0.09585418589590222,G5,20.602695403173218
215200,2018-12-31,0.6208920210644583,0.02559689991576277,0.11655399105701847,G5,23.663683079781638
215600,2018-12-31,-1.2022013788056314,0.06259695023980401,-0.2910877809483601,G1,-19.447855970217663
215790,2018-12-31,-0.7331673603104509,0.03943639080294964,-0.03560793186700716,G2,-18.975936659179204
216050,2018-12-31,0.7265723471142735,0.03146778140164263,0.07112036599982526,G5,22.607162684947962
217270,2018-12-31,-0.29188420592238407,0.03058432504697096,-0.28489615315771044,G1,-10.039760533664406
217480,2018-12-31,-0.11700807365335036,0.03816385971421767,0.055083385497457,G4,-3.4635691535430646
217620,2018-12-31,-0.4155625593712612,0.021207697983462514,0.037454645539491446,G4,-20.310438848200477
217730,2018-12-31,-0.9614649645024522,0.03984724483863784,-0.19528961873573933,G1,-24.509600653453788
217820,2018-12-31,0.33140986334206596,0.035832149012138985,0.044138845277718525,G4,8.825448052305632
218150,2018-12-31,0.1937683036376452,0.03598519458576462,0.05211851748701176,G4,4.962963576007341
218410,2018-12-31,0.31523316558067893,0.03590211493293275,0.1084190083329009,G5,8.357671198709218
219420,2018-12-31,0.1534326201347997,0.036978667599546294,0.060841509425784666,G4,3.738845541950712
219750,2018-12-31,0.26153106690306843,0.0413004192997721,-0.20376898769223029,G1,5.964975112770079
220100,2018-12-31,0.2965823370258302,0.02222832677711995,-0.18860593629869432,G1,12.659848229446103
220180,2018-12-31,-0.7606141394193817,0.05103309614201013,-0.18771684188713383,G1,-15.201688545283373
221610,2018-12-31,1.253754762455074,0.05617198375688277,-0.297982538941854,G1,22.04977616925184
221840,2018-12-31,0.2705472487955313,0.025329442386534607,0.004902688758263404,G2,10.082028307829273
221980,2018-12-31,0.0016115918413575347,0.011647526099462072,0.08543491936242043,G5,-1.164496363929819
222040,2018-12-31,-0.7684328655206353,0.03205976100007545,0.02773560750113466,G3,-24.442102333568545
222080,2018-12-31,0.32420706604062643,0.025430688282172327,-0.05009536395503257,G1,12.15193112269432
222800,2018-12-31,0.5724992270614464,0.026957118895446705,0.0028462839124109743,G2,20.674469537715492
222980,2018-12-31,0.3193128872689459,0.03998721300942909,0.01616563700243858,G3,7.605876247596217
223310,2018-12-31,-1.727480387552708,0.03773195915460403,-0.38000655061613675,G1,-46.18513112571917
224060,2018-12-31,-0.21209044676556427,0.038838202118610526,-0.12932974340600512,G1,-5.851597859871627
224110,2018-12-31,0.19732517371057168,0.027520239238491055,0.05599729681780874,G4,6.618768045549892
225190,2018-12-31,-0.09307351132225014,0.015115093053236248,0.27413013550306176,G5,-7.16162345636583
225330,2018-12-31,-0.24392728463127766,0.014988395143613532,0.05701663433295036,G4,-17.286865990762088
226320,2018-12-31,-0.3252247976094204,0.026552082389726957,0.0346460705434227,G4,-12.820082667944735
226340,2018-12-31,0.7869676285878879,0.040426831860460984,0.009128463843519704,G3,19.091096171445784
226350,2018-12-31,0.208083436229956,0.06790446210284116,-0.8161466261138511,G1,2.840878737907355
226360,2018-12-31,0.23380624612924258,0.047298843482871486,0.06693641163734854,G5,4.622336116430787
226950,2018-12-31,-0.5154144419805412,0.036249908411206594,-0.1391522713821382,G1,-14.636989688213093
227100,2018-12-31,-0.2003925088987692,0.0318465610316705,0.018877192750518034,G3,-6.768944449523204
227840,2018-12-31,-0.34687561078756013,0.025109832955318413,0.019782154846923417,G3,-14.41868231719297
228850,2018-12-31,-0.2291806236314533,0.01970442658545427,0.07739299860924877,G5,-12.401057001313326
230240,2018-12-31,1.018989050238295,0.03832226059700741,-0.006171529119138492,G2,26.194017288315294
230360,2018-12-31,1.4566256548187413,0.03780994489836002,0.13641647167016838,G5,38.12358269922536
230980,2018-12-31,0.5706653081529568,0.04432296455310768,-0.009938816034589034,G2,12.532785659100282
232140,2018-12-31,0.6486082667118079,0.03380205182413052,0.1462605846923975,G5,18.739488844480604
233990,2018-12-31,-1.2028538129614272,0.06488455353960501,-0.22962640969453008,G1,-18.77224763288093
234080,2018-12-31,-0.06630457487612189,0.023679117117144884,0.07876619592833214,G5,-3.4409926732481613
234300,2018-12-31,-0.4347882004822322,0.029947137426942317,-0.08860935304551158,G1,-15.025252253672027
234920,2018-12-31,-0.3504328349121028,0.04086847351093366,-0.06614841144183127,G1,-8.945964875523169
236200,2018-12-31,0.7312979836342824,0.037236459809674945,0.09835643043568056,G5,19.23176622218145
237880,2018-12-31,0.6866085312604819,0.037596372687756785,0.005280866305096461,G2,17.858995153704672
238090,2018-12-31,-0.10386179442641455,0.042453953166585366,-0.10433222419359643,G1,-2.8039058598920965
238120,2018-12-31,0.21884817597747264,0.037731375687404436,-0.0690450927905127,G1,5.397976581397333
240810,2018-12-31,0.6458152504543497,0.0287385572745369,0.1695346227256218,G5,21.944043703966805
241560,2018-12-31,0.010903392852540605,0.015863623022794503,0.04103069534782806,G4,-0.269276493413904
241590,2018-12-31,0.49046425578428604,0.026990294041068515,0.022458217221301615,G3,17.609632611935453
241690,2018-12-31,-0.04026578822099883,0.03043380503326501,0.050591843949023364,G4,-1.821687488414911
241710,2018-12-31,-0.9734662211038542,0.02894632411897797,0.029088675770749587,G3,-34.154295746610316
241770,2018-12-31,0.09814063500232414,0.028669509071758116,0.18709901284004607,G5,2.893859855141134
242040,2018-12-31,1.0716149182124481,0.04197018911606863,-0.2079489582005815,G1,25.17119524188712
243070,2018-12-31,-0.24716371127043585,0.020768645221912827,0.1774076165196982,G5,-12.631483763158663
243840,2018-12-31,0.21400055832150627,0.02704057582669233,0.035289370128182354,G4,7.352856165595505
246720,2018-12-31,-0.3444444149040563,0.038319914881990956,-0.09213836700421507,G1,-9.38466355273727
246960,2018-12-31,-0.3951810406371341,0.039088798325195864,-0.23033683704648378,G1,-10.498049360744494
248170,2018-12-31,0.1457707638478409,0.017494655329659766,0.08754217727181325,G5,7.464889576502558
249420,2018-12-31,-0.21698928228473663,0.018908332662138854,0.022527678970722755,G3,-12.278416085970939
250060,2018-12-31,-0.600880339440155,0.04298839956104494,-0.012817342125740268,G2,-14.330736649041672
251270,2018-12-31,-0.14091541784120176,0.024172237940393217,0.03956014446797247,G4,-6.457429049766394
251370,2018-12-31,0.6409134020750393,0.03296036752321247,0.07700164221905843,G5,18.98456708655939
251630,2018-12-31,0.04650201115307839,0.03258520834356896,0.18653918800145217,G5,0.9613846009458555
253450,2018-12-31,-0.03556955035589404,0.024625948333940235,0.06993618079903276,G5,-2.060616846130348
255220,2018-12-31,-0.6344653485163225,0.02854312158084789,0.0480522423931454,G4,-22.759964789036342
255440,2018-12-31,0.1933982751313693,0.029441230961705464,0.15228362481571006,G5,6.053523432163125
256940,2018-12-31,0.9212125083729882,0.04456257926047731,0.17805865210945085,G5,20.331799231010777
257370,2018-12-31,0.42252028382634255,0.042561997822793796,0.02650844553838172,G3,9.570631338532534
258610,2018-12-31,1.5568682144259358,0.05873534207866068,0.0521432717077628,G4,26.24813385317959
260930,2018-12-31,-0.4057422927340137,0.026291753193668003,0.04056160929300751,G4,-16.009483402131757
262760,2018-12-31,0.1399907085950321,0.01916206913753672,-0.15969031731774896,G1,6.513681485344977
263020,2018-12-31,0.43800993091404083,0.02374619620943104,0.06322615297173398,G4,17.806423965837062
263050,2018-12-31,-0.30509089098296016,0.039994123878954055,-0.1555701309835436,G1,-8.00782598926867
263600,2018-12-31,0.7593741270140293,0.03350295481203339,-0.014078511091813321,G2,22.212937263484996
263690,2018-12-31,0.32063487551699277,0.04328695404109093,0.10053496839429958,G5,7.056624533896996
263700,2018-12-31,-0.07951182680642432,0.03603856048015445,0.03088468662332548,G3,-2.627377985630832
263720,2018-12-31,0.5853736517164994,0.029053268726456496,0.11268203606713183,G5,19.625969230935663
263810,2018-12-31,-0.05740383252994799,0.025263019158420715,0.037392110970001904,G4,-2.8729316044046396
263860,2018-12-31,0.011672552024864943,0.022844894824639802,0.07000324958679577,G5,-0.15331835121062184
263920,2018-12-31,-0.540248513438373,0.05688189304829276,-0.0020358264357923954,G2,-9.76450637111843
265560,2018-12-31,-0.04849731211320704,0.036853586598874805,0.06621480542037267,G5,-1.727712595227023
267250,2018-12-31,-0.20649077181530318,0.014666721364362053,0.012163248984909822,G3,-15.113525370903751
267260,2018-12-31,-0.4966655865899948,0.03548084633715076,-0.07692252498481267,G1,-14.425830639981747
267270,2018-12-31,-0.3833716139582002,0.025447342302993975,0.04511585491936148,G4,-15.661624025243235
267290,2018-12-31,-0.3268490792986243,0.015071468726742542,0.04389840900498708,G4,-22.693486556137792
267790,2018-12-31,0.2884431545321989,0.029688683778180784,0.10616863534883711,G5,9.204451869303618
267850,2018-12-31,0.8576150507939614,0.05992003835700984,0.04468852603809613,G4,14.059402835186077
267980,2018-12-31,0.1835188862918889,0.01789385544665552,0.09474744097392192,G5,9.407910618300802
268600,2018-12-31,1.503214253766559,0.0620123385435753,-0.16747898343228776,G1,23.99585622928852
269620,2018-12-31,0.1622069149012839,0.032919585151302555,0.12507712128480775,G5,4.466393503822978
270870,2018-12-31,0.6054317621020275,0.039353535005682325,0.03628619089007652,G4,14.998822046960726
271560,2018-12-31,-0.1005130509910358,0.020720873244020326,0.06082730327582965,G4,-5.5831693607498
272290,2018-12-31,0.3695639492019658,0.028752480134045452,0.10114943884840989,G5,12.325505623056829
272450,2018-12-31,-0.20396451792184253,0.025967396355529287,0.08559527224487029,G5,-8.43902902526227
277070,2018-12-31,-0.09839590888911745,0.028987912446223816,0.08035811982218852,G5,-3.917874484158339
277410,2018-12-31,0.10645844388223538,0.026334643331332605,-0.026638279574931718,G2,3.466283902188601
278280,2018-12-31,0.48301437491116983,0.02986490115593591,0.16799385790683277,G5,15.665187667471116
280360,2018-12-31,-0.056694806890358065,0.016730554679638365,0.00331088656092012,G2,-4.295727302501505
282330,2018-12-31,-0.16181378173699054,0.019458274156840382,0.10399969999128066,G5,-9.095815689683377
284740,2018-12-31,0.16161735226626495,0.027091821191151354,0.07448601894813801,G5,5.405404738206993
285130,2018-12-31,-0.09811382068153474,0.02732332367773941,-0.008416908860074452,G2,-4.146234757186263
285490,2018-12-31,-0.19787935145009033,0.04521764227634098,0.2065496389533314,G5,-4.711754845177424
286940,2018-12-31,0.2034866826816698,0.022881864625372807,0.03320065471776038,G4,8.229730930227584
290270,2018-12-31,0.5317486698315921,0.054332432123104096,0.039970319644086504,G4,9.50764683289353
290550,2018-12-31,0.11083040636986485,0.04387665859009153,-0.023403846407155822,G2,2.180095654743123
290650,2018-12-31,0.8109795045831739,0.02945163856373185,0.08878538475056075,G5,27.02071768360646
290660,2018-12-31,-0.3231990209580049,0.02851191887632057,-0.26821313848839895,G1,-11.86781275784236
290720,2018-12-31,-0.04752468620223142,0.034539984474827846,0.11689943770447149,G5,-1.8152810659450278
290740,2018-12-31,0.7328253901823856,0.032516993858374116,0.1537516992350962,G5,22.07000744518731
294870,2018-12-31,-0.689365826463416,0.022849876253691153,0.047262216711918215,G4,-30.833467642196258
298000,2018-12-31,-0.13381959118551023,0.01972374985118883,0.012336227629482477,G3,-7.554074957480183
298020,2018-12-31,-0.06526466096918937,0.018079111297159715,0.010035000215036336,G3,-4.4493201728773855
298040,2018-12-31,-0.5321694361135292,0.023671548350483698,0.0005560784336893359,G2,-23.12246421917321
298050,2018-12-31,0.02530389156196655,0.021156217765249435,-0.009367873281516037,G2,0.47876222684968883
299910,2018-12-31,-0.5246688093973789,0.03209763179195907,-0.9500729441017371,G1,-16.818807896150663
302430,2018-12-31,0.33350547864503544,0.03166514590928407,0.08796428472833023,G5,10.053021259527615
900040,2018-12-31,0.6168453391927727,0.03468860064534768,0.05693991049719394,G4,17.344898161537916
900070,2018-12-31,-0.03889389813408299,0.018934458982495284,0.0026083326366612963,G2,-2.8555868333511936
900080,2018-12-31,-0.26340317629002463,0.019934451118250773,0.03870847519012395,G4,-13.974714842684284
900100,2018-12-31,-0.5398029866690561,0.04674112571347444,-0.17834190144532003,G1,-11.873442751551593
900110,2018-12-31,0.054811351013509105,0.023680250182941193,0.016221696265080587,G3,1.6738107526035995
900140,2018-12-31,0.6338893242447126,0.023317024216500067,-0.0762338679334067,G1,26.53487103958689
900250,2018-12-31,0.7009666900405683,0.051477885031819756,0.088125110076143,G5,13.32206239599208
900260,2018-12-31,-0.5915230499526869,0.04559253365136391,0.045129073261842484,G4,-13.306962675619939
900270,2018-12-31,-0.024335215865462362,0.03952934592014552,0.08075173037606045,G5,-0.9995184230530191
900280,2018-12-31,-0.6841603975413497,0.0321085235013636,0.10877730583565902,G5,-21.78036903953583
900290,2018-12-31,0.2630947166766212,0.0286488130251664,0.12840932990445808,G5,8.653748510483792
900300,2018-12-31,-0.5532411229352024,0.034369987754250445,0.1581997594844857,G5,-16.53815592348783
900310,2018-12-31,0.13853744271972443,0.038158496808258245,0.18412443829202496,G5,3.2328933109353413
900340,2018-12-31,0.4934304704743335,0.049283084952081,0.17799915258490745,G5,9.704249993814159
950110,2018-12-31,-0.2361782223935992,0.03185062302054446,0.03189910184904032,G4,-7.891629493854131
950130,2018-12-31,-0.3271578977433167,0.03814764215548995,-0.0684043685016941,G1,-8.973896472576858
950140,2018-12-31,-0.25750963986269493,0.023553754713521828,-0.05721206527711662,G1,-11.577123766985219
