종목코드,날짜,기간수익률,표준편차,Y7,그룹,성과
000020,2018-12-31,-0.10135172876164174,0.017056065809948125,0.039231225256768434,G4,-6.831987147155299
000040,2018-12-31,-0.6305839782249081,0.025027896092858153,-0.15772077696397407,G1,-25.801572351985982
000050,2018-12-31,-0.14968856178371637,0.012069838375918447,0.02085726237179039,G3,-13.659143584358889
000070,2018-12-31,-0.3085867777793977,0.015654333017687812,0.03902170229498065,G3,-20.68193330540102
000080,2018-12-31,0.6361701674691365,0.01828743824624606,0.01225120057984313,G3,33.9574666213105
000100,2018-12-31,0.1417980798380019,0.016114756277183964,0.041121765257055,G4,7.857579973723955
000120,2018-12-31,-0.09066762950335144,0.018140794101376794,0.012685786994783342,G3,-5.834514329682916
000140,2018-12-31,0.81419263194958,0.029999645277922083,0.00734902003862762,G2,26.63423286890161
000150,2018-12-31,-0.2875793855525651,0.019261000214304696,0.000327352501618043,G2,-15.718523223974382
000180,2018-12-31,-0.2076302391193682,0.013408204182797175,-0.014243181275599367,G2,-16.61708978434173
000210,2018-12-31,-0.18905871719139572,0.01866204592681971,0.0696945956479638,G4,-10.94380603419504
000220,2018-12-31,0.14460184550519917,0.02089348119605708,0.034373720852102656,G3,6.194599677178985
000230,2018-12-31,-0.24451513097704802,0.016284736030799267,-0.011089401782056028,G2,-15.946848884676763
000240,2018-12-31,-0.19499320836926015,0.015102288635374415,0.06335380955843184,G4,-13.916321365354998
000250,2018-12-31,-0.17605205330005433,0.027176839839427223,0.05537407760177558,G4,-7.036401143873519
000270,2018-12-31,0.22982108820058444,0.01653709126239995,0.028359534284975816,G3,12.979670436702609
000300,2018-12-31,-0.14372981668470292,0.020351878384705292,0.0238254202149523,G3,-7.807874404216216
000320,2018-12-31,-0.10349249938792147,0.011575720260867582,0.013927666901235895,G3,-10.251421971731917
000360,2018-12-31,,,0.008766526664873094,G2,
000390,2018-12-31,-0.27013045113372525,0.02619089162279815,0.0018067838328074107,G2,-10.893311647257425
000430,2018-12-31,-0.08899412155771205,0.02043408041917878,0.028949032578709073,G3,-5.0978176190840925
000480,2018-12-31,0.013530247723178575,0.02081505111185888,0.06909465783334684,G4,-0.07902194911465282
000490,2018-12-31,0.1081084358460393,0.028226558126548527,0.0023756172942418522,G2,3.29240787333798
000500,2018-12-31,0.19339981001262074,0.016398535547830037,0.0024558687242646655,G2,10.868331251887051
000520,2018-12-31,0.1427585053053206,0.03572791837470191,-0.05498622462659401,G1,3.570972434898435
000590,2018-12-31,-0.14295298904243187,0.011668064717145122,0.052275487801363096,G4,-13.552211657091373
000640,2018-12-31,-0.11349688491708983,0.01635119085975216,-0.13939691656301112,G1,-7.869272620795457
000660,2018-12-31,0.4987105811380857,0.021865430817545706,0.3352432953202436,G5,22.11415322844307
000670,2018-12-31,-0.1370953234907682,0.016730708771660257,0.014126438124289266,G3,-9.101253222556487
000680,2018-12-31,0.024393624464916108,0.02061763521375272,0.015009701480273505,G3,0.44711872803958747
000700,2018-12-31,0.0180865256449802,0.019765846667924605,0.06538856451591356,G4,0.1472960941635754
000720,2018-12-31,-0.3007282308849313,0.02058054345940979,0.04973034863286156,G4,-15.349610428943917
000760,2018-12-31,-0.23982453314961705,0.015254176637888077,-0.00700016347431574,G2,-16.716708665167275
000850,2018-12-31,-0.034869958436883744,0.014551448925679345,0.0399978079511264,G4,-3.439179996813007
000860,2018-12-31,-0.24240517307435022,0.011905416542486667,0.06136616053440504,G4,-21.635552673699948
000880,2018-12-31,-0.3295920953783982,0.016416586476391763,0.007666475431403945,G2,-21.001149630415377
000890,2018-12-31,-0.41853936120147456,0.0380444222411911,-0.1152197166352649,G1,-11.400211365671524
000910,2018-12-31,0.12388257261329272,0.04349255932476941,-0.2658999435583619,G1,2.4994500362369805
000950,2018-12-31,-0.15463798184492228,0.015178202057169502,-0.08002963498591577,G1,-11.187957232238123
000970,2018-12-31,0.04414310701480095,0.02361646118881021,0.04348840438071394,G4,1.2266026289987764
000990,2018-12-31,1.0372172412423228,0.029055623038946484,0.09011809688688281,G5,35.17536506580524
001020,2018-12-31,-0.49723947809950286,0.027548549257584976,-0.0460982114807283,G1,-18.600419460976802
001040,2018-12-31,-0.35024219036637383,0.015764583809581626,0.04159103237301114,G4,-23.179634071737055
001060,2018-12-31,-0.23912912628434935,0.02176573715003522,0.017235390374121654,G3,-11.68369433869124
001070,2018-12-31,0.3698885250662957,0.022526656853186344,0.038458019873459336,G3,15.746385881629992
001080,2018-12-31,-0.14756037091698482,0.016926298051087953,0.013943344441606189,G3,-9.614356550898833
001120,2018-12-31,-0.19768476086891007,0.017373549338826882,0.031082399121973886,G3,-12.25194980890657
001130,2018-12-31,-0.22919323988939055,0.01571114588148483,0.08145611009304202,G5,-15.553819903762143
001140,2018-12-31,1.1769676873720067,0.07348809772804299,-0.018514863164506887,G2,15.809262039119416
001210,2018-12-31,-0.3685374782520533,0.045403566287535196,-0.4211980672074946,G1,-8.451154903890314
001230,2018-12-31,-0.32939033070274437,0.020435072277694862,-0.057065593661922626,G1,-16.861473238428456
001250,2018-12-31,-0.179618118352603,0.016625291077268827,0.02271798220172274,G3,-11.716679791062164
001260,2018-12-31,-0.02162880156480268,0.03397997225690382,0.03853602120545924,G3,-1.0831055104903418
001360,2018-12-31,0.6287561628563552,0.0399053533935581,-0.012550227172697152,G2,15.37590866999931
001380,2018-12-31,-0.4774482965606694,0.028521175555282566,0.01866145815975539,G3,-17.272197958277587
001390,2018-12-31,-0.3057839057407822,0.022249140461176237,0.033058072794774206,G3,-14.425680845235355
001430,2018-12-31,-0.2725129772760017,0.018128119814392957,0.007940465064691354,G2,-15.869713674362874
001440,2018-12-31,-0.47230666775387475,0.02007004560246675,-0.0011849107733716577,G2,-24.289021113480604
001460,2018-12-31,-0.07423312186987668,0.01356458204998501,0.025976556345326543,G3,-6.5912989558667805
001470,2018-12-31,-0.21089885351994467,0.030121667816241107,-0.18844140847702634,G1,-7.505359548218911
001520,2018-12-31,-0.5841445544465628,0.01972869326709449,0.01636788013977877,G3,-30.378071165976685
001530,2018-12-31,0.2808838956190247,0.023644824442093936,0.028041855630777254,G3,11.23750369290267
001540,2018-12-31,0.20526533976970954,0.034841903184704516,0.07686486256583933,G4,5.45579399406057
001560,2018-12-31,0.11125059361331407,0.01976333856380668,0.06968487257232772,G4,4.861299100360596
001570,2018-12-31,0.10253047488574035,0.02086826791858003,0.1329324694604166,G5,4.1860388985616215
001620,2018-12-31,-0.22361366727564896,0.01583865588057678,-0.01926763637599877,G2,-15.076327354358305
001630,2018-12-31,0.686098426365896,0.027220374825412667,0.07733290165180938,G4,24.647835933051518
001680,2018-12-31,-0.14202602671664916,0.016692097649228417,0.054152572507274434,G4,-9.417697143466835
001740,2018-12-31,0.002849091277272467,0.01892925986990464,0.007741108878031551,G2,-0.6511613470573804
001780,2018-12-31,-0.0739541279588323,0.021230566531607074,0.01729619516078913,G3,-4.198155591331003
001790,2018-12-31,0.04915929171836798,0.019369374716099775,0.013115150042497562,G3,1.754532533110716
001800,2018-12-31,-0.04703720714797943,0.019168294539681194,0.05548685810689111,G4,-3.2455835156408717
001810,2018-12-31,-0.14179390960228883,0.015402548393130903,0.039220492942234994,G3,-10.191105992905129
001820,2018-12-31,0.13442222604809528,0.02918993049343485,0.3690276576143148,G5,4.085214675038591
001940,2018-12-31,-0.11077569772059266,0.013822376017705338,0.03752750067474489,G3,-9.1120941285506
002000,2018-12-31,,,0.05874822422034595,G4,
002020,2018-12-31,-0.5731639973788047,0.030428242073446608,0.005256311985532247,G2,-19.335296780919894
002030,2018-12-31,-0.08706386230046156,0.012356394013851866,0.047764065936239455,G4,-8.274174149740418
002070,2018-12-31,1.528971049828147,0.06736962194366793,-0.03581571237792209,G2,22.47000818055607
002100,2018-12-31,0.19339224647524,0.04295863780392457,0.031109415055160624,G3,4.148575512466548
002140,2018-12-31,0.571837758516099,0.047656008188273404,0.022592014683340145,G3,11.680849614679158
002170,2018-12-31,0.42968400765782794,0.02154465459946968,0.10372586089060994,G5,19.239524686326245
002200,2018-12-31,0.04806442607295611,0.014451225911043088,0.07736293398478626,G4,2.275885287687913
002220,2018-12-31,0.0268753021611102,0.012820810556609686,-0.030309235229906105,G2,0.9125950716212281
002230,2018-12-31,-0.1523504136988142,0.012647230103727935,-0.004474087863541127,G2,-13.246023513274475
002240,2018-12-31,-0.2116567854455738,0.018324116696200803,0.003303505969570355,G2,-12.378871125916938
002300,2018-12-31,0.025836525506643365,0.015541141382668919,-0.05883407430228814,G1,0.6860134407871699
002310,2018-12-31,0.19053093969932364,0.02569740889672855,0.12690274239494284,G5,6.823872662456984
002320,2018-12-31,-0.3307699083432868,0.03437141368898631,0.02527469271656976,G3,-10.06490466486391
002350,2018-12-31,-0.08182073298040796,0.017661040494893376,0.045831782172190194,G4,-5.492078829750304
002360,2018-12-31,0.11089151103179873,0.036472374868362155,0.022123437581601582,G3,2.6243538498467465
002380,2018-12-31,-0.22504620402272896,0.023218475864863468,-0.0013713153935409695,G2,-10.346126897123975
002390,2018-12-31,-0.19284093800693963,0.02465999249765129,0.014318228709500705,G3,-8.435364757702608
002410,2018-12-31,0.8056519576499068,0.034997549468686974,0.05274713016423827,G4,22.586634664927153
002450,2018-12-31,0.0708281325249519,0.02462032451806795,0.027630484005325983,G3,2.26045106964985
002620,2018-12-31,-0.40400905288156863,0.022852087586344588,0.010638110654514194,G2,-18.343363376788982
002630,2018-12-31,-0.4199795584691006,0.03794984040478264,-0.0853057010378953,G1,-11.466573968706834
002680,2018-12-31,-0.05187908796451779,0.026210043599100428,-0.030712914175995986,G2,-2.55833918566156
002710,2018-12-31,0.29314733558279316,0.02130919757275824,0.05041061208639933,G4,13.044707150549637
002720,2018-12-31,0.7586770767688374,0.039155207907730714,0.022420382413162996,G3,18.988584734065054
002790,2018-12-31,0.10125946179240904,0.028439989880475282,0.07239869895221145,G4,3.0268775945855446
002800,2018-12-31,-0.010072799211178096,0.023334057400885986,0.031157037323782753,G3,-1.0820189738274246
002810,2018-12-31,0.2039628146977411,0.014514996246913462,0.0941016737816219,G5,13.00639131098136
002820,2018-12-31,-0.244216127897733,0.01505532230003217,-0.015764563585208023,G2,-17.229204155273216
002840,2018-12-31,0.5206278845340775,0.02502376314611759,0.10605345244026948,G5,20.198912048108127
002870,2018-12-31,0.1592349306142049,0.01949081236190602,0.053357538576797335,G4,7.39116637656443
002880,2018-12-31,-0.3767514548542963,0.022312802904081507,-0.0454821300636585,G1,-17.5650970508758
002900,2018-12-31,-0.16216790235796338,0.036924139359677116,-0.02374231879444117,G2,-4.802901274513903
002920,2018-12-31,-0.12753059961445168,0.01296435225708729,0.029336344847608248,G3,-11.007545183709182
002990,2018-12-31,-0.04936718797032677,0.0359255873953773,0.01290467877506955,G3,-1.7965546643112225
003000,2018-12-31,-0.4838937993767468,0.021297899686057428,0.38705367974873417,G5,-23.432775079526678
003010,2018-12-31,-0.1507634100162668,0.030969700403201236,0.002795367311201696,G2,-5.358091989552249
003030,2018-12-31,-0.1645886357790809,0.015523295257921848,0.07868570914872924,G5,-11.58025576562442
003060,2018-12-31,-0.10938310143143914,0.04856386418987254,-0.00438772099415683,G2,-2.5648328678584265
003070,2018-12-31,0.30980742305624115,0.02701070662534111,0.015937021921110465,G3,10.9079830272512
003100,2018-12-31,-0.0650572523236044,0.01442806899764816,0.024580362823371036,G3,-5.560851280212301
003160,2018-12-31,0.029316854168156936,0.02509128665716728,0.0978526248678382,G5,0.5636124096951634
003200,2018-12-31,-0.338411685506791,0.00954030916726691,0.0326004906231043,G3,-37.06240258469995
003220,2018-12-31,0.034772409897062366,0.013573394811072623,0.1133096217369588,G5,1.4438035979117685
003230,2018-12-31,0.7511403072085995,0.025062183234578907,0.13066264790860663,G5,29.3655667061045
003240,2018-12-31,-0.30154188603421767,0.01853887965546512,0.07634769300197819,G4,-17.083933093756865
003280,2018-12-31,-0.35269839505492623,0.05067009285259584,-0.11348662324301442,G1,-7.260170013069923
003300,2018-12-31,-0.26265343762730653,0.020284274137082538,0.04233941475002522,G4,-13.696745044100702
003310,2018-12-31,0.016814298814197957,0.024766661790404765,0.030340382851140536,G3,0.06618595574613298
003380,2018-12-31,-0.3409766098942792,0.019359462059119936,0.02823069063744951,G3,-18.396776854626523
003410,2018-12-31,-0.20559954640761272,0.015278058543554244,0.058370399527599995,G4,-14.450438150318224
003480,2018-12-31,-0.03866956162259794,0.03730898895195968,0.02155312518180212,G3,-1.4432086413515233
003490,2018-12-31,-0.2850319660281767,0.019343112881825827,-0.008799823325328181,G2,-15.52010069398915
003550,2018-12-31,0.029104651104828322,0.013289822693513352,0.08452244361961299,G5,1.04813719438623
003570,2018-12-31,-0.06388866953052105,0.015324431332305566,0.030685550640995606,G3,-5.159327706784449
003580,2018-12-31,0.5174585872128846,0.054051469842611735,-0.08027000591371103,G1,9.29268889527863
003610,2018-12-31,-0.19705335189829068,0.014081832756996215,0.016455439350912527,G3,-15.071081243015684
003670,2018-12-31,-0.02520363136194609,0.02442332316021978,0.1863593218441991,G5,-1.6532854571024524
003780,2018-12-31,-0.19417191140957565,0.02423036410347861,0.05801078937688656,G4,-8.639862122933586
003850,2018-12-31,0.3736021809899568,0.022177058618587115,0.059041306660189176,G4,16.16206610269731
003920,2018-12-31,-0.4006901978968007,0.01114903333112434,0.007357126682152309,G2,-37.300569401725966
003960,2018-12-31,-0.47776308290559555,0.017535598564156128,0.028204665045255272,G3,-28.110712886992697
004000,2018-12-31,0.007691822351461208,0.0209143159698093,0.161885781494021,G5,-0.3578061693387436
004020,2018-12-31,-0.43674443640927446,0.01559881849187559,0.017108893961654246,G3,-28.971394870554377
004060,2018-12-31,0.2808670740055902,0.02849211447409611,0.002117050058835062,G2,9.3251057451067
004080,2018-12-31,-0.06045917412181444,0.009142364573025726,0.03801140840413749,G3,-8.272943739077073
004090,2018-12-31,-0.09551946356625021,0.03834941385851868,0.024949434500664197,G3,-2.886473248524503
004100,2018-12-31,0.030679444522451027,0.03201022502687575,-0.0027690383006734823,G2,0.484356197948462
004150,2018-12-31,-0.30528283810432894,0.01604489422023207,-0.011831710434485547,G2,-19.972579896051986
004170,2018-12-31,0.11627971889508432,0.023610857658589626,0.03196277445832289,G3,4.28212421268584
004250,2018-12-31,0.05054880883183062,0.017242349103056883,0.03960003978569886,G4,2.051560085429453
004270,2018-12-31,0.8154916546124197,0.05283759458982695,-0.013792155274685497,G2,15.146725871838784
004360,2018-12-31,-0.1458626291942305,0.015367545369959087,0.052987448786507026,G4,-10.479079055916788
004370,2018-12-31,-0.06456186360985575,0.015639022003340667,0.044356084908145604,G4,-5.098589747222163
004430,2018-12-31,-0.28976391705231364,0.0245147912759508,0.05310104705321451,G4,-12.438980501719382
004490,2018-12-31,-0.034443068083837514,0.0165387172320805,0.10038886006661055,G5,-3.0001215342475835
004540,2018-12-31,0.6334446387872344,0.04283250499178942,-0.05284785346409871,G1,14.43458759352954
004560,2018-12-31,-0.03778569242303692,0.017758856738000133,0.04539552194956459,G4,-2.982218215808398
004590,2018-12-31,0.03228466027792684,0.018080097071970058,0.07050250264304744,G4,0.9463205079519936
004650,2018-12-31,-0.03595710732203181,0.016033397128118927,-0.00989126263866499,G2,-3.1891058735965796
004690,2018-12-31,-0.13642082016536977,0.009245102707498658,0.012470696109182031,G3,-16.397428843637382
004710,2018-12-31,0.5712640999449852,0.033594535653392946,-0.02705905102603508,G2,16.55296004235329
004720,2018-12-31,-0.07091046518660568,0.02459854988409059,0.03964176714540128,G4,-3.499619255005001
004740,2018-12-31,,,-0.1615534321532545,G1,
004770,2018-12-31,0.8571995816165072,0.0405808151220803,7.65187824693716e-05,G2,20.749324168340745
004800,2018-12-31,0.3995126726833705,0.018722512639101293,0.08852098325062165,G5,20.528098255772388
004830,2018-12-31,-0.010544058045493604,0.028345838581821572,-0.023881364452312002,G2,-0.9073343025013307
004840,2018-12-31,-0.2156384676644552,0.014678596585146954,0.03204463132771629,G3,-15.724497908129086
004870,2018-12-31,-0.38340089588081766,0.03249494190286213,0.08609065826146518,G5,-12.265785570728168
004890,2018-12-31,-0.0775594451950137,0.008926524453857308,0.0512966363122782,G4,-10.388650062780064
004910,2018-12-31,-0.20408749883042812,0.013867008955202294,-0.014889179084358606,G2,-15.811815884140552
004920,2018-12-31,-0.19535436113089444,0.02373465659543189,-0.07124153176617619,G1,-8.870128536191796
004960,2018-12-31,-0.19119672194029802,0.01340475288958184,0.12769868072058624,G5,-15.395421107214053
004970,2018-12-31,-0.12466936009217887,0.011192515678414542,0.08899029860736984,G5,-12.494461276014679
004980,2018-12-31,-0.48294353704525184,0.032630143657865845,0.01880618882090093,G3,-15.265597231231736
005010,2018-12-31,-0.20923217626942303,0.015711147629162175,0.03256493063477806,G3,-14.283314955671939
005090,2018-12-31,0.00258750055156981,0.016124479428979623,-0.02523250307173449,G2,-0.7806511296585488
005110,2018-12-31,0.8584389682064811,0.05711942466152863,0.03642167750805737,G3,14.763171715584205
005160,2018-12-31,0.024829618911226828,0.016237539783821385,0.016667673849327488,G3,0.5945805464869458
005180,2018-12-31,-0.28937915924472235,0.013916393477459753,0.06786036376257598,G4,-21.884567533317068
005190,2018-12-31,0.23058338508310308,0.012717954188384879,0.04605358009126067,G4,16.93733821174427
005250,2018-12-31,-0.15496314232473418,0.019421047278086974,0.01643025624471656,G3,-8.760507789384882
005290,2018-12-31,1.0868674320872207,0.04102884590491443,0.08117712859080742,G5,26.120460247357205
005300,2018-12-31,-0.0786898399100999,0.018427310959333604,-0.020815460302976194,G2,-5.09379440929851
005320,2018-12-31,-0.5634925644652067,0.03476159691290503,0.025905545348598635,G3,-16.646751285564175
005360,2018-12-31,0.4615512275946141,0.04838001603036044,0.013256997744957743,G3,9.226456925552402
005390,2018-12-31,0.5588665595081423,0.04249764920947413,0.009988579097164777,G2,12.793448013919244
005420,2018-12-31,0.04807463686418734,0.047180119851735765,-0.017650762325734693,G2,0.6973179240454637
005430,2018-12-31,-0.0771868655640342,0.017640039751721872,0.05723606604245182,G4,-5.235926930832306
005440,2018-12-31,-0.29658268944452776,0.01534615464368136,0.06424288470347884,G4,-20.31504245305191
005450,2018-12-31,0.37901653001869606,0.008806220368305705,0.08194591931567995,G5,41.316412850084
005490,2018-12-31,-0.06331533911317852,0.015458198627979897,0.04553227039887338,G4,-5.077592456605312
005610,2018-12-31,-0.4733660731463103,0.017613155452668058,0.07055728159797041,G4,-27.737288079477228
005670,2018-12-31,0.307635494898554,0.02657974341502663,0.04554423711829227,G4,11.003131094947111
005680,2018-12-31,-0.3297917322774888,0.012664728150669819,0.03947177326488721,G4,-27.238391681719815
005710,2018-12-31,0.029800994405977888,0.014467256029242152,0.08022623097359934,G5,1.0109657797896359
005720,2018-12-31,0.06956048193995998,0.013734656956507203,0.022909229587066596,G3,3.9597194512553515
005740,2018-12-31,-0.012082506342879926,0.027626809546642497,0.013427635992860785,G3,-0.9866358230696002
005750,2018-12-31,-0.10781385235548141,0.015568107931303855,0.018617108396292714,G3,-7.900057382126568
005800,2018-12-31,-0.2804023851181464,0.012260116233906283,0.011916425927841853,G2,-24.108864313509788
005820,2018-12-31,0.03677340604674373,0.01605329016110382,0.00802825382243464,G2,1.345413444660484
005850,2018-12-31,-0.10490504515313542,0.023081276342004017,0.01761699617296503,G3,-5.202491275041349
005860,2018-12-31,0.14519353656658351,0.03529077118561043,0.007597111282944552,G2,3.684205206222267
005880,2018-12-31,-0.003936356286965148,0.01953333562719391,0.02569664875674048,G3,-0.9784017581368623
005930,2018-12-31,0.4060418564943711,0.014840156018438494,0.180222933446501,G5,26.338453745079963
005950,2018-12-31,-0.06386725750525862,0.012769505311597793,0.010424164048597114,G2,-6.189930557954181
005990,2018-12-31,0.026401427892368212,0.017606292885548595,0.08602761838964172,G5,0.6376319156103614
006040,2018-12-31,0.031210471111205063,0.016558613246307734,0.03482176509062802,G3,0.9684009910565351
006060,2018-12-31,0.5924371129892478,0.0260958655617028,0.034766512767257514,G3,22.120822855688473
006110,2018-12-31,0.0840899500330895,0.023344829984366582,0.018064924438627186,G3,2.9520393357450527
006120,2018-12-31,-0.015519548512124295,0.028115072776513227,0.014581521976261424,G3,-1.0917504069462973
006200,2018-12-31,-0.11180767565387044,0.01309123837622968,0.002588891997425368,G2,-9.699828666888937
006260,2018-12-31,-0.1621461314224115,0.018767066917946315,0.026222537815688396,G3,-9.4485316128864
006280,2018-12-31,-0.048945003774005444,0.01899528387644607,0.029100017458673695,G3,-3.3755798451884362
006340,2018-12-31,-0.29304323977731894,0.02823328255942544,0.013232328931641016,G3,-10.916843720227696
006360,2018-12-31,-0.39948747040738725,0.018694311960911668,0.06939499363276513,G4,-22.1812155968817
006370,2018-12-31,-0.2927111049362992,0.02411117300850009,-0.04308199028084716,G1,-12.769440892017846
006400,2018-12-31,0.28293067068257316,0.019744672247443498,0.053552897614547984,G4,13.560902591547594
006490,2018-12-31,-0.30096905420496467,0.045359449149662175,-0.13170844839969836,G1,-6.969752802658936
006570,2018-12-31,-0.00675609833618554,0.017575839318465698,0.02965242320846281,G3,-1.2478033948627854
006580,2018-12-31,0.1672087586871981,0.024654394254362704,0.17281277015277152,G5,6.166595029092481
006650,2018-12-31,-0.42846043417158824,0.022455148775883074,0.16954605513575252,G5,-19.756516967770594
006660,2018-12-31,-0.20718164299135622,0.010418609645710711,0.03082517458391403,G3,-21.34226582870951
006840,2018-12-31,-0.5118695813768881,0.02197511353641133,0.07940190350568067,G5,-23.983706575011237
006880,2018-12-31,-0.10350791609000137,0.024305088813426343,-0.01209279333157262,G2,-4.883051884072879
006890,2018-12-31,0.18554921068545682,0.031017207674639856,0.03728636919658822,G3,5.492890231759918
006910,2018-12-31,-0.16296306246271727,0.026863461165534397,-0.04233034118768236,G2,-6.631243643474575
006980,2018-12-31,0.43814176055935816,0.043724424024116824,-0.014872442238630462,G2,9.673464576528353
007120,2018-12-31,0.007867903432905152,0.026090697228239982,-0.18836317328833932,G1,-0.28006879755380765
007160,2018-12-31,-0.37751683330733665,0.015466006872105267,0.047838811473136574,G4,-25.39064738478558
007210,2018-12-31,-0.2796345014807401,0.026890165757885238,0.025105462368095795,G3,-10.963472585781636
007310,2018-12-31,-0.3391192374894456,0.011321021259673077,0.09781265956140818,G5,-31.29526241457085
007340,2018-12-31,-0.0795758695815453,0.012478148620001775,0.09054534222709916,G5,-7.593351073141058
007460,2018-12-31,-0.6525353654262717,0.05759567614767567,-0.055687379209280706,G1,-11.593065725059233
007530,2018-12-31,-0.052582993257935015,0.016127938870479457,0.028578034484746908,G3,-4.201286192553597
007540,2018-12-31,0.2663534145597525,0.03118057038396905,0.08454205267509363,G5,8.05560378895226
007570,2018-12-31,-0.06417214971513761,0.022971671870158174,0.01866768848725879,G3,-3.4541344572823225
007590,2018-12-31,0.013164411815829669,0.012554222707306814,0.04062762937028206,G4,-0.16015980152708764
007610,2018-12-31,-0.35977880744646273,0.028625613669263663,-0.011164178401258924,G2,-13.09854542898491
007630,2018-12-31,-1.3307275446190796,0.043278932765624126,-0.14556495416896484,G1,-31.098332427482383
007660,2018-12-31,-0.40791815821980093,0.031297269176600404,-0.0002304080729060016,G2,-13.518535737587227
007680,2018-12-31,0.08360283733895485,0.02816248849945347,0.09790863482532777,G5,2.429747772726973
007690,2018-12-31,-0.06531739683730879,0.0154332188970426,0.07632964735500423,G4,-5.21553481533862
007700,2018-12-31,1.0980259645640216,0.03564175117925014,0.2842821656127023,G5,30.38152826681185
007720,2018-12-31,-0.08705164579266544,0.040392168390583835,-0.03186819215953561,G2,-2.5308554479450818
007770,2018-12-31,0.2979750473861871,0.041676058250951664,0.03749668446025362,G3,6.785669413608007
007810,2018-12-31,0.7969776440456446,0.031876101196669344,-0.05582035726770892,G1,24.526291518185246
007820,2018-12-31,0.13739780600689994,0.028421890433386953,0.010386101934425303,G2,4.30030200349964
007860,2018-12-31,0.17846148576611268,0.03214727979409432,-0.006066418366012922,G2,5.0793222063893175
007980,2018-12-31,-0.03125230772665202,0.02068744540572064,0.029280623750762763,G3,-2.2442307616566506
008060,2018-12-31,0.06314202954984985,0.02193990018415257,0.2455348723685438,G5,2.1862877913883176
008110,2018-12-31,0.13555945865284835,0.021370287107623107,0.006940362763278107,G2,5.633259132814675
008250,2018-12-31,-0.36824624021743235,0.02550970062703394,0.027698836806699264,G3,-15.030412918451104
008350,2018-12-31,0.6453742043214943,0.04759445963342552,0.1033394737392411,G5,13.24101829377526
008370,2018-12-31,0.20092550424531802,0.021040826823904082,0.031445182018881655,G3,8.828094645089314
008490,2018-12-31,0.4794564195262846,0.01929431158346037,0.05488908328195703,G4,24.06311953059372
008500,2018-12-31,-0.11809268218263191,0.017163663059771954,-0.12408148114016557,G1,-7.764529946287665
008600,2018-12-31,0.2828556781677848,0.03034315481020436,-0.013529576065697836,G2,8.821778295933996
008700,2018-12-31,-0.1992680623201979,0.027722949056205808,-0.09690104100713887,G1,-7.735221657637949
008730,2018-12-31,0.044668352079148224,0.023606271714837843,0.028997505907724173,G3,1.2493823168040255
008800,2018-12-31,-0.5798313710452898,0.014295349062734128,-0.10313772360116245,G1,-41.62238096230493
008870,2018-12-31,-0.0446697808283108,0.010314505358597844,0.04989870317745806,G4,-5.80201108833443
008930,2018-12-31,-0.7849745368157491,0.025201696166619592,0.020533519860245045,G3,-31.749832438204308
008970,2018-12-31,-0.3187625353283083,0.02940499022132295,-0.04010497202985101,G2,-11.356495154319523
009070,2018-12-31,0.002620121466183317,0.029975593148406535,0.029602838871018597,G3,-0.4188398242735982
009140,2018-12-31,0.10443997273531166,0.04203519438804674,-0.011409423521682626,G2,2.1235747901700326
009150,2018-12-31,0.25333423986802894,0.02215751641081207,0.10877990773059633,G5,10.748458528450286
009160,2018-12-31,0.13365572587670618,0.02559282246886122,0.10490237350341625,G5,4.629447665958015
009180,2018-12-31,0.24091929886885552,0.024350958530627534,0.018197750626319526,G3,9.270444321605076
009200,2018-12-31,-0.061823166118862655,0.016227495017746577,0.045350425388155355,G4,-4.744925798320397
009240,2018-12-31,0.15621536286145818,0.027327584751705446,0.13264120781584293,G5,5.161095300223977
009270,2018-12-31,0.09455343743681607,0.040253949668063664,-0.02258725224044498,G2,1.9719392620703207
009290,2018-12-31,-0.010679615888007407,0.02067005233071876,0.042887237932065024,G4,-1.2508294177147419
009310,2018-12-31,0.0055991381324033695,0.02924142937570997,0.017706926036111872,G3,-0.3274790495881125
009410,2018-12-31,0.2675023025512901,0.02379905730441454,0.07605120020450688,G4,10.6024035192153
009420,2018-12-31,-0.204039601613568,0.03268907594309693,0.02462292615479266,G3,-6.706053595033454
009440,2018-12-31,0.32478218906692474,0.02114647743387034,0.033432144451083994,G3,14.641071847648153
009450,2018-12-31,0.06923692832771358,0.02473946821698858,0.058941796408508926,G4,2.18524643377866
009470,2018-12-31,-0.17351095174098788,0.03471715153869236,0.051022993032873394,G4,-5.434951803682844
009540,2018-12-31,-0.06149405696921095,0.020936572999403744,-0.034534592607240136,G2,-3.6619723105760054
009580,2018-12-31,-0.376457598756781,0.022024990015145202,0.06904463956475008,G4,-17.781288078697813
009620,2018-12-31,0.40593719854460886,0.06072231533969458,-0.020899333303851332,G2,6.435230651625142
009730,2018-12-31,0.004046662320907807,0.04751911175289606,-0.20219361831300148,G1,-0.23418853807537246
009770,2018-12-31,-0.07538721182785141,0.012850518507153462,-0.0013212245158407136,G2,-7.047365863906357
009780,2018-12-31,-0.4403336436867285,0.023694443411932196,0.08994315381053364,G5,-19.224285179465298
009810,2018-12-31,0.9647906342824406,0.06790328630503883,-0.29293415274677276,G1,13.984824480858958
009830,2018-12-31,-0.11948081725010848,0.021662720312043637,0.018930085166453538,G3,-6.216020377099352
009970,2018-12-31,-0.37153230754296157,0.017118280023937293,0.06921543790400025,G4,-22.590318690614318
010060,2018-12-31,-0.5850793761819095,0.021987467879050714,0.023053590051240254,G3,-27.299845217137555
010100,2018-12-31,0.5475753383770109,0.03964529490872203,0.0020529416346346412,G2,13.429090285993134
010120,2018-12-31,0.10631808215628048,0.015936022155729635,0.0738995875003065,G4,5.719306087344523
010130,2018-12-31,-0.10661001753947023,0.013099572396743916,0.10638552020754989,G5,-9.296876835666822
010140,2018-12-31,-0.061034648055267704,0.018950105109796556,-0.034838776677919896,G2,-4.021599946104186
010170,2018-12-31,-0.5089612585385391,0.03155380742332476,0.04115099805872217,G4,-16.610875040837488
010240,2018-12-31,-0.2581785964183855,0.03783148815818794,0.12318722747693878,G5,-7.225560065423485
010280,2018-12-31,0.408011288004476,0.04132649326321162,0.2452368590840958,G5,9.505674528673731
010400,2018-12-31,-0.08343517910045978,0.023543050531410183,0.15400123816135147,G5,-4.1885087321992
010470,2018-12-31,-0.02810184160327956,0.020035084831097314,0.052294190937722175,G4,-2.160057499185946
010600,2018-12-31,-0.3257276888390982,0.0520898009899276,-0.13014435077116143,G1,-6.5445207313803335
010620,2018-12-31,-0.3087824187226126,0.02143640658943636,0.03392971255929383,G3,-15.112491499168256
010690,2018-12-31,0.46023094013751986,0.030524458638889314,-0.05733301078298689,G1,14.580302693314374
010770,2018-12-31,-0.3884102849236728,0.03353032764952468,-0.12644741612198182,G1,-12.036428118898883
010780,2018-12-31,-0.0345744320929382,0.015764001841885825,0.15470746741464544,G5,-3.155894437522187
010950,2018-12-31,-0.20684394364409467,0.017710298734669738,0.02079524193101567,G3,-12.536154279680686
010960,2018-12-31,-0.16943485564213415,0.019034256508214765,0.10003223381884029,G5,-9.698826386805251
011040,2018-12-31,-0.33054555225376714,0.013294890238440741,0.07848701190405111,G5,-26.004024078898517
011070,2018-12-31,0.6504450318556851,0.025349387452972348,0.03196889466734677,G3,25.06056366850149
011090,2018-12-31,0.02807150870967476,0.034255719033042295,0.011111170166213782,G2,0.3764748030621217
011160,2018-12-31,0.14252760650029678,0.03143997091060753,-0.22054290649000932,G1,4.050656192699291
011170,2018-12-31,-0.32603142921664025,0.020049655660396855,0.10830506562784557,G5,-17.01807395742802
011200,2018-12-31,-0.007173786679709884,0.020268730830878604,-0.18898540316006057,G1,-1.1026285019593354
011210,2018-12-31,0.26101015160432234,0.026653405452867006,-0.009937809272084222,G2,9.223401430113315
011230,2018-12-31,0.32166814713065434,0.030548650592820463,-0.06642760590426773,G1,10.032949002655046
011280,2018-12-31,0.08964216495271238,0.0371064258341104,0.049238128396213894,G4,2.0068510950817338
011300,2018-12-31,0.15181736623251127,0.039814284958970984,-0.039911948452328455,G2,3.4319911243003283
011320,2018-12-31,0.11282750471961608,0.04157844917804322,0.010093176448079595,G2,2.3486304327633665
011330,2018-12-31,0.30276657701685017,0.028911741067568355,0.07896523940233778,G5,9.947221189888705
011390,2018-12-31,-0.03929924640692706,0.04139210048005392,0.0352628302596851,G3,-1.3160564312539782
011420,2018-12-31,0.31364977063391797,0.04336708879064042,-0.4648325165723702,G1,6.8825158737742305
011560,2018-12-31,-0.19062228643762064,0.0210990633109634,0.11929211958830958,G5,-9.753863336845098
011690,2018-12-31,-0.37109181838363975,0.038766373219598686,-0.16284432950289657,G1,-9.963968252292371
011700,2018-12-31,-0.2882089910239449,0.02092090411117746,0.04893691878863698,G4,-14.501480578691337
011760,2018-12-31,-0.4733842445372505,0.026738318055390817,-0.003463818816046445,G2,-18.27187997233464
011780,2018-12-31,-0.22465234355895009,0.022034559527098912,0.133625251871317,G5,-10.884149369855125
011790,2018-12-31,0.4347088149822578,0.02120374190850884,0.04750859551213217,G4,19.78583417773749
011810,2018-12-31,-0.3951303916822809,0.028450738731132217,0.017642461750601468,G3,-14.421610953330466
012030,2018-12-31,-0.01016869036243312,0.017532014710132084,-0.01636098398869958,G2,-1.4455716821150766
012160,2018-12-31,0.10777834076298082,0.027990651398202282,-0.020146782160512095,G2,3.3083634179363735
012170,2018-12-31,-0.7378986430721833,0.044734828023035335,-0.2202133885193577,G1,-16.834170823622287
012200,2018-12-31,-0.12181194853835176,0.01646103588086927,0.029569766141915817,G3,-8.32189682123921
012320,2018-12-31,0.06308425120492406,0.017789565446268973,0.05183946528334424,G4,2.693104433420172
012330,2018-12-31,0.2282285504110615,0.017252359619753424,0.05746036579674758,G4,12.349235784197484
012340,2018-12-31,-0.1844500951128114,0.04410696268950958,-0.09280936593039395,G1,-4.525933697838803
012450,2018-12-31,0.05728419466552211,0.021036249952796685,0.007231569477472985,G2,2.0017399074004203
012510,2018-12-31,0.6332224671915045,0.02438257331892971,0.20118151404661203,G5,25.347914080861887
012600,2018-12-31,0.3998764071324366,0.0492490412629406,0.0657455271970803,G4,7.811346244195045
012610,2018-12-31,0.4856694044625255,0.03196597357540911,0.04277235777754148,G4,14.718597877823127
012620,2018-12-31,-0.027954745528664393,0.00957655617915376,0.044746511928991116,G4,-4.503689881286154
012630,2018-12-31,-0.4796267982822288,0.021313642072886916,0.03347657040775628,G3,-23.215267021145348
012700,2018-12-31,0.2442393752653815,0.029934549988340966,0.03813601298189459,G3,7.652170542788839
012750,2018-12-31,-0.07634704888350995,0.012837606569664059,0.117991153349309,G5,-7.129221636433413
012800,2018-12-31,0.6276975008952728,0.04782222959783962,0.023666730772026374,G3,12.808319737772846
012860,2018-12-31,0.45510340462151994,0.044411650181062926,-0.02850457696380754,G2,9.90569612241398
013000,2018-12-31,0.1519521917070957,0.034263025750716165,0.0024980828198921876,G2,3.9919737115242366
013030,2018-12-31,0.026853454716374667,0.02364800810802058,0.04344806711423837,G4,0.4938412161426395
013310,2018-12-31,0.39922325300489625,0.043043156794778915,-0.02282774245483316,G2,8.922397611378775
013360,2018-12-31,0.053492285347607776,0.04158297133348958,0.009578542414593539,G2,0.921463533891085
013520,2018-12-31,0.06006070223246406,0.021391009489934654,-0.025209104873671045,G2,2.0983398946471317
013580,2018-12-31,-0.15911930628878077,0.01704958059894302,0.07311658225135857,G4,-10.222796913405887
013810,2018-12-31,0.0012998446796270713,0.03717343848474286,-0.06493621342511681,G1,-0.37325707599060415
013870,2018-12-31,-0.3412936462047097,0.028815239119398026,-0.002040791647969848,G2,-12.370840941510654
013990,2018-12-31,0.28170199586911615,0.03515483344102435,-0.09890546938270768,G1,7.581515147363225
014100,2018-12-31,0.46012751829828696,0.03317953085799277,0.035518077649923194,G3,13.410449550046652
014130,2018-12-31,0.27249445613405776,0.04181382677732603,0.036412269867822276,G3,6.1539299875952285
014190,2018-12-31,-0.15613220743932488,0.030158562895602127,-0.026283117725130763,G2,-5.680220959642098
014200,2018-12-31,-0.16557556860410588,0.03210931532648749,-0.17504741284203984,G1,-5.629228166318469
014280,2018-12-31,-0.12006822181615814,0.021418818600969603,0.027290855509016117,G3,-6.314228528131549
014440,2018-12-31,-0.11414147982664999,0.01041423186885178,0.04615921678205958,G4,-12.417293477628952
014470,2018-12-31,0.3970834707556047,0.04250289338398047,0.005904917549232312,G2,8.985467734452847
014530,2018-12-31,0.18084506881385204,0.034590171665993256,0.07293767090142625,G4,4.789510060274401
014580,2018-12-31,0.7940042649081942,0.05319411080233555,0.030155857791443946,G3,14.641266853191576
014620,2018-12-31,-0.1366740010237129,0.018778380394838073,-0.02067946416113691,G2,-8.086378668653076
014680,2018-12-31,0.3792303935687264,0.016976227311721645,0.11680437191569995,G5,21.44500619901554
014790,2018-12-31,-0.39663527155948597,0.02370865483022627,0.005125836271628543,G2,-17.369621690532433
014820,2018-12-31,-0.01085292171939356,0.022845467130843903,0.057966606913793586,G4,-1.1393076448505466
014830,2018-12-31,0.0705602847097464,0.013502534377693207,0.05655687029979938,G4,4.1018367017295985
014910,2018-12-31,-0.1492123758995741,0.03288312221521167,0.005097863573076125,G2,-4.999144194905178
014940,2018-12-31,0.20218843659559582,0.0333785822528545,-0.022403482455423073,G2,5.6027946767165
014970,2018-12-31,0.9866887831782372,0.05867861365890146,-0.002154992505869418,G2,16.556520833854112
014990,2018-12-31,0.19326343626032633,0.05080521368319094,0.0022596164835509175,G2,3.5053162798976394
015020,2018-12-31,0.21468263719061098,0.02100189386204402,-0.0495750934083907,G1,9.499502514781065
015230,2018-12-31,-0.039164761703721504,0.01240231907184657,0.07309534115509352,G4,-4.381426975220504
015260,2018-12-31,-0.10870505786921202,0.027532416564218985,-0.05069871261698181,G1,-4.4994289263792755
015360,2018-12-31,-0.08173260899051119,0.010300649761186685,0.005605164344136365,G2,-9.407921332169023
015540,2018-12-31,-0.18326519118344906,0.03546100021979166,-0.5346982126161113,G1,-5.596014877934928
015710,2018-12-31,-0.046651503432693725,0.021541899718257207,0.11988082277323901,G5,-2.8700624306245928
015750,2018-12-31,0.06608445115557483,0.02284838479033264,0.00855705409926249,G2,2.228138137106141
015760,2018-12-31,-0.23462175558571832,0.015562966674257862,-0.01080069712202212,G2,-16.050721848030236
015860,2018-12-31,0.5838748374216586,0.03667927742726434,0.009287512045309304,G2,15.50466049710062
015890,2018-12-31,0.0021826142653992645,0.017975500715959478,0.0369791440458237,G3,-0.7227881755763387
016100,2018-12-31,-0.6890853531748992,0.027871495011604033,-0.08170167750854201,G1,-25.268125965781376
016250,2018-12-31,-0.17285862010514963,0.020879121917730066,0.040849997364763434,G4,-9.005824788945485
016450,2018-12-31,-0.20838502789287294,0.01655580522517743,-0.021813278297851197,G2,-13.503427860207617
016590,2018-12-31,0.15498943924997302,0.024017793961840398,0.16270811106109276,G5,5.82128174798868
016670,2018-12-31,0.2448695829521858,0.04489988493244378,0.02888611229590107,G3,5.115703295561326
016710,2018-12-31,0.2735243031856785,0.012816091894197692,0.026936914995244178,G3,20.158189539018814
016740,2018-12-31,0.18538593410230975,0.02290799070657746,0.06405714593210937,G4,7.430195107442537
016880,2018-12-31,-0.30493525712008507,0.0420960230436333,-0.13299107540819866,G1,-7.604289612376057
016920,2018-12-31,0.599909474844573,0.032063176841047425,0.03814521193178284,G3,18.23694464557968
017000,2018-12-31,-0.010730330910434557,0.022799214381745897,0.058704117524850996,G4,-1.1362419822734953
017040,2018-12-31,-0.11662445822502157,0.025105382083124163,0.03100717873164657,G3,-5.249852458791138
017180,2018-12-31,-0.033057088898472226,0.023916532499217463,0.007786440197065844,G2,-2.016687934716671
017250,2018-12-31,-0.20827965675290808,0.027913765812928606,-0.05019508537169382,G1,-8.00518109535658
017370,2018-12-31,-0.2932377029374748,0.017964786910880777,-0.00774946843826055,G2,-17.167628990001347
017390,2018-12-31,-0.141281491483629,0.012975453807531158,0.03574415490746901,G3,-12.057889260549635
017550,2018-12-31,0.3205465848103305,0.03454590469446209,0.04291589617669981,G4,8.839585875032087
017650,2018-12-31,0.16302387852811248,0.026161176623744155,0.04099869102542048,G4,5.651457769715319
017670,2018-12-31,-0.1468064713175176,0.010200324509609435,0.09384114762285194,G5,-15.880040365174478
017680,2018-12-31,-2.148187926389826,0.07963637089136456,-0.10140151924928811,G1,-27.165514899893193
017800,2018-12-31,-0.4450897720820648,0.02971659899229179,0.00814890406106373,G2,-15.48847719196978
017810,2018-12-31,0.37020489446942584,0.02582334315602163,0.02271597604359879,G3,13.748405800574247
017890,2018-12-31,0.2392601833731749,0.020452123279454466,0.10181095960388056,G5,10.956568502856848
017900,2018-12-31,0.08988677802620154,0.024698076145528915,0.012231814086729654,G3,3.025000164102571
017940,2018-12-31,-0.19227919260404483,0.016021659022174523,0.029541976185117044,G3,-12.948364832248634
017960,2018-12-31,0.13832729195793314,0.021681647300358292,0.016322728812155286,G3,5.680020370174514
018000,2018-12-31,-0.43841671839548535,0.02922038872961853,-0.06290918869127393,G1,-15.523127232344857
018120,2018-12-31,0.0062535784797430015,0.00691631763451773,0.15848937209792835,G5,-1.2899227052110187
018250,2018-12-31,-0.3628204462293076,0.025882923962061113,0.19356135116884687,G5,-14.604050933979785
018260,2018-12-31,-0.02303239023113144,0.014323295747152957,0.11935971088255967,G5,-2.6675064551176866
018290,2018-12-31,0.26456887576208243,0.02779667985343844,0.10042183305020061,G5,8.972070889188362
018500,2018-12-31,0.290748306093926,0.01836473172710345,-0.01722976240272048,G2,15.005567005058102
018620,2018-12-31,0.7577496313679482,0.05579363486510224,-0.11044680628164498,G1,13.309305613989569
018670,2018-12-31,0.10440929958383592,0.015050055928024901,0.006262697863427562,G2,5.929161086020484
018700,2018-12-31,0.15531230065717033,0.03763810968992103,-0.136814862367749,G1,3.7232796274500033
018880,2018-12-31,0.014469932041347201,0.017981375876903686,0.0708806982241806,G4,-0.03921621996219621
019010,2018-12-31,0.04361525867778129,0.022655605753537214,0.005235353184591713,G2,1.2553257394312731
019170,2018-12-31,0.13197716409443006,0.02730326611960202,0.013400751054068375,G3,4.277952313463874
019180,2018-12-31,0.62588821896098,0.03350902734545832,0.03977351895736722,G4,18.225331312423037
019210,2018-12-31,-0.27349609095221494,0.01985313997521101,0.03552838119416528,G3,-14.540328882263147
019300,2018-12-31,,,0.2757413846470452,G5,
019440,2018-12-31,-0.21117778295573847,0.011532551994588915,0.030592913510049845,G3,-19.627301632362226
019490,2018-12-31,-0.14566091395078204,0.020531430130344988,0.011182946080155926,G2,-7.8336485360573525
019540,2018-12-31,0.4101714159766536,0.04410493036333477,-0.015494145455458823,G2,8.955831447634761
019680,2018-12-31,-0.1455463008721578,0.012218996880224767,0.0338628788991097,G3,-13.153403350583403
019770,2018-12-31,0.06386044717764036,0.03831893149339869,-0.024335024835624493,G2,1.2705300395202497
019990,2018-12-31,-0.10601257312161687,0.03115137384771406,0.04076042984840938,G4,-3.890283213414955
020150,2018-12-31,0.23626886562917854,0.024406631642321992,0.0775823959919446,G4,9.058758096419789
020560,2018-12-31,0.32015589226756225,0.042235479615230165,-0.030473438632694055,G2,7.220962125043018
020710,2018-12-31,-0.19972976489308558,0.018421862728034664,0.024538789427384564,G3,-11.665750727748012
021050,2018-12-31,1.4781744372094427,0.04956475466043613,0.03888000381082922,G3,29.516928987127375
021240,2018-12-31,0.21944386734447896,0.019315794949575738,0.1969676973322856,G5,10.575219619216698
021320,2018-12-31,-0.11244862319729088,0.01880480161662648,0.0344330574699532,G3,-6.786762202128722
021650,2018-12-31,0.20982143784483917,0.02435665106563962,0.009304195805344116,G2,7.991506865509585
021820,2018-12-31,0.194535375027105,0.015889215647391906,-0.01972853205374417,G2,11.288177174660401
022100,2018-12-31,-0.013493650324259504,0.01726605587090967,-0.06576221755383478,G1,-1.6604107024534875
022220,2018-12-31,-0.008783746216124641,0.021262216678046005,0.11815173200540596,G5,-1.1268270007718328
023150,2018-12-31,0.12228340779854094,0.01102987073485792,-0.02250327359732406,G2,9.710749721398422
023160,2018-12-31,-0.07745198305940601,0.022981214829866464,0.028348198096285793,G3,-4.030556146752796
023410,2018-12-31,-0.33227545967982597,0.0238410836392631,0.011976353709428688,G3,-14.573605737474944
023460,2018-12-31,0.3926272988397416,0.030163677800980854,0.007038852029839117,G2,12.513467611516159
023530,2018-12-31,-0.5639398155269023,0.016915395656248083,-0.0035744135544781624,G2,-34.23596591699893
023590,2018-12-31,0.009764242065398082,0.021261555440299326,0.01676730519397828,G3,-0.2544899211515321
023600,2018-12-31,0.10719461942049188,0.022955818216787712,0.14032603512833458,G5,4.008549158149315
023800,2018-12-31,-0.23934878216493766,0.03129878862981646,0.010445108214196457,G2,-8.132067947045943
023810,2018-12-31,0.2564293340112287,0.02748293121752127,0.009308072226531018,G2,8.77833002851102
023890,2018-12-31,-0.019837519758053784,0.012106049837978656,0.13514515993948945,G5,-2.892158372020928
023900,2018-12-31,-0.02601367969041299,0.03626118789796263,0.08351007913441723,G5,-1.1358914506407003
024070,2018-12-31,-0.023681218006546437,0.01199267809436501,0.009663839219914271,G2,-3.2400028862412813
024090,2018-12-31,0.0888859159026294,0.011671692912638029,0.04752948423733664,G4,6.31534969446095
024120,2018-12-31,0.10136074513212581,0.013198305308842414,0.1026817082817049,G5,6.530054388227069
024720,2018-12-31,-0.24943361959731175,0.024281955448885836,0.1262848051442143,G5,-10.89733954035452
024740,2018-12-31,0.2592407091699347,0.03636633793903676,-0.006312255342364191,G2,6.7113058220522195
024800,2018-12-31,0.09529025816771929,0.023794055437512063,0.02412902535862162,G3,3.3670243706525316
024840,2018-12-31,-0.22686594728271434,0.026122373431150207,0.023846434831658662,G3,-9.26566039466559
024850,2018-12-31,0.3073902144005819,0.0362808646214097,0.019963333854395086,G3,8.05424908741519
024880,2018-12-31,0.14782612162247832,0.03277378910303084,0.027628783713767823,G3,4.04747304538102
024890,2018-12-31,-0.22045310980703123,0.020760323431402057,0.01487039966959968,G3,-11.349929311967216
024900,2018-12-31,0.09466141076047763,0.03228635749216595,-0.0015532588203032475,G2,2.4619165276481136
024910,2018-12-31,-0.08084768864954747,0.03226784198091793,-0.049726764620873345,G1,-2.9758042802890494
025000,2018-12-31,0.05377076868618211,0.014406829838468433,0.029373478264938035,G3,2.678984584809004
025320,2018-12-31,0.01496066627172185,0.03402496956990795,0.02285119177620553,G3,-0.006302058868748439
025440,2018-12-31,0.30312844073640255,0.04135815402887053,-0.023080019880249655,G2,6.962432290919819
025530,2018-12-31,-0.0857572872822489,0.008972017034565564,0.03699645984596163,G3,-11.249686723326084
025540,2018-12-31,0.03812450334210399,0.026887077762238983,0.059024600312808664,G4,0.8535479352604114
025550,2018-12-31,0.061084634789223824,0.01872291265182728,0.038516516277654324,G3,2.452051238501316
025560,2018-12-31,-0.0692303849453119,0.04311790249360336,-0.19375416705492052,G1,-1.9575506621824297
025750,2018-12-31,-0.22203227584287902,0.01910720728007204,0.05120291426571883,G4,-12.41454944193935
025770,2018-12-31,-0.12120736640096724,0.027165203656317978,0.12149953888054496,G5,-5.020483621598277
025870,2018-12-31,0.6275521673397286,0.045234286780768934,-0.0322525220414795,G2,13.537896080349343
025880,2018-12-31,0.1756138331754372,0.031913381839748546,0.012125703187303745,G3,5.027318644827851
025900,2018-12-31,-0.12534673349619713,0.02078501426778363,0.05738648196496172,G4,-6.760727960959932
025980,2018-12-31,-0.4671652552140255,0.043596131473634864,-0.027045561157481718,G2,-11.063833705948973
026040,2018-12-31,-0.2483210641528193,0.034801857157926795,0.005288092602695786,G2,-7.571324616099165
026150,2018-12-31,0.18767226472353377,0.038658414356289125,0.0015839355265369582,G2,4.462086041625563
026180,2018-12-31,0.06478929856513332,0.01645366520070556,-0.034801135764974116,G2,3.0153892355878864
026890,2018-12-31,0.19474876949399972,0.03489775372878149,0.07833711442150294,G4,5.145708725457013
026960,2018-12-31,-0.06138895299814166,0.015707501558094753,0.10739474939497481,G5,-4.874361867667216
027040,2018-12-31,-0.033043198623617,0.022377164499417356,-0.05671707115972868,G1,-2.154799025490082
027050,2018-12-31,0.2458577486651326,0.034407888542064315,0.018491481458359285,G3,6.704353705115028
027410,2018-12-31,-0.4239131517375935,0.014714498785154793,0.03215926573761242,G3,-29.840516607574898
027580,2018-12-31,-0.13758442470874502,0.048526592689226454,-0.24520438059082966,G1,-3.147954757920155
027710,2018-12-31,0.12412447357046179,0.035664378612184196,0.017240333199241828,G3,3.054851484228078
027740,2018-12-31,0.2548389094500282,0.044280500632222636,-0.061578031818245865,G1,5.412400772241215
028040,2018-12-31,-1.0751631006756912,0.06194535956373517,-0.32316664462282413,G1,-17.601612162518943
028050,2018-12-31,0.020431815958747074,0.01742966807952439,0.03474121193310141,G3,0.30159623819593306
028100,2018-12-31,0.1123505195539819,0.037337661335370594,0.09731967858421696,G5,2.6026114771405675
028150,2018-12-31,-0.29017694743083455,0.013982500793737265,0.1283580129646853,G5,-21.83815653352653
028260,2018-12-31,0.05598399762253267,0.01453080400564245,0.056187825421148814,G4,2.8084408800591767
028300,2018-12-31,0.701036997047723,0.06478694589430248,0.04441111313083547,G4,10.586421291315734
028670,2018-12-31,-0.06989817551200796,0.01751409415595164,0.03616801667000041,G3,-4.85741759679059
029460,2018-12-31,0.4215053867808668,0.02760352640864705,0.499870070909263,G5,14.720231289746424
029480,2018-12-31,0.8039438234270886,0.05674257950006698,-0.18010711079094474,G1,13.900826094682543
029530,2018-12-31,-0.2816925055381534,0.01172475242916318,0.04587363988754432,G4,-25.319732844226905
029960,2018-12-31,0.20184658675346223,0.025673998543310237,0.15941525588964242,G5,7.270838346648719
030000,2018-12-31,-0.024063551350580303,0.016896854280442627,0.0876835271862461,G5,-2.322245569043944
030190,2018-12-31,0.5314486510060437,0.028000138207372745,0.18885738585331713,G5,18.438250323962485
030200,2018-12-31,-0.15509831242813893,0.007047359669668523,0.03388572992556735,G3,-24.161304948567587
030270,2018-12-31,-0.4849768814261004,0.011171584156885694,-0.507248597208746,G1,-44.770013637751326
030520,2018-12-31,-0.09124706544348038,0.021773235085081992,0.003118870994820875,G2,-4.887751345198797
030530,2018-12-31,0.49981129552790515,0.027081086108773696,0.0947579109596013,G5,17.89574465176028
030720,2018-12-31,0.2522709475110438,0.02976498270344933,0.02602741998871284,G3,7.965596897545283
030790,2018-12-31,-1.3585797364603822,0.05682828259035244,-0.0869568629009838,G1,-24.173787548641478
031310,2018-12-31,0.16665407009265454,0.03992546532091685,0.06825201274867358,G4,3.7940441079928076
031330,2018-12-31,0.47030663198102085,0.025504505888973242,0.11406625981504676,G5,17.845142357564203
031390,2018-12-31,-0.21718010555449135,0.024133457898886372,0.11092687558979193,G5,-9.627928171792243
031430,2018-12-31,0.1889227543630942,0.032093645924893464,0.05994870390128915,G4,5.413771347036887
031440,2018-12-31,-0.2032800796444933,0.01592465327989385,0.021625394421614173,G3,-13.718048954526955
031510,2018-12-31,-0.5214757944292346,0.027527996524623177,-0.0058880386440470864,G2,-19.49473103072253
031820,2018-12-31,0.25922021812979257,0.0341427363028843,0.06304528898033124,G4,7.147790450416166
031860,2018-12-31,0.51505872849315,0.058010684939905174,-0.14627906989467124,G1,8.617095891524711
031980,2018-12-31,-0.08650017089735332,0.030971531469788514,0.21918159432702164,G5,-3.2828620253890977
032040,2018-12-31,,,0.06574282681248049,G4,
032190,2018-12-31,-0.1510417619950248,0.014523687513410035,0.017683458072804508,G3,-11.444535382251372
032350,2018-12-31,-0.05405849244753465,0.023116206184803815,-0.20071440024892725,G1,-2.995023730408079
032500,2018-12-31,1.7074350946962287,0.039232920073287665,-0.10880965033329931,G1,43.133674421942175
032540,2018-12-31,0.021173228345869655,0.016799434086813867,-0.014653804948577157,G2,0.35704385528194055
032560,2018-12-31,-0.08930097621787236,0.024581835125720534,0.05847206192668791,G4,-4.250133048102477
032620,2018-12-31,0.2511833878956761,0.024637515643387006,0.059343706587823085,G4,9.579224532164414
032640,2018-12-31,-0.251413492797899,0.016245577246457928,0.04650426242623,G4,-16.40991775093636
032750,2018-12-31,0.5931058872572497,0.032866990375017266,0.019642296735656997,G3,17.58392803934934
032790,2018-12-31,-0.18223286480791373,0.04169518195127128,-0.1106048101651913,G1,-4.734550833033445
032800,2018-12-31,0.4604556494170162,0.04036800823963613,-0.19769007052099752,G1,11.030530739608052
032820,2018-12-31,0.008829821289660575,0.04164525642849039,-0.0910354061642677,G1,-0.15236482825345932
032850,2018-12-31,0.1646342851576701,0.02280470735757234,-0.010223766050463993,G2,6.55387456551084
032860,2018-12-31,-0.5074112979776656,0.033801098695672924,-0.17772808002305152,G1,-15.460633286382603
032940,2018-12-31,-0.027613564586507794,0.025644741552174843,-0.6677047585916117,G1,-1.668515868347202
032980,2018-12-31,-0.13237559094358692,0.04084218810235723,-0.15090452860900974,G1,-3.612702732937801
033050,2018-12-31,0.2677880635174295,0.039787170176453966,-0.03108497440511662,G2,6.349106226055931
033110,2018-12-31,0.9652706771447125,0.06483434093006885,-0.07614856600594262,G1,14.65420284809464
033130,2018-12-31,0.22917918910507912,0.02938417619860796,0.09028311408360584,G5,7.282970739954196
033160,2018-12-31,-0.05225814549995684,0.015237508925724204,0.11173502299110877,G5,-4.4254765960513245
033170,2018-12-31,0.3790014289322118,0.039145955228446674,-0.03858198614887483,G2,9.294097772708502
033180,2018-12-31,-0.31005485087220297,0.053479416878241544,-0.033441822831158804,G2,-6.081404089457895
033200,2018-12-31,0.07032502698940499,0.014500566620813914,0.018038079603238184,G3,3.8032950572624347
033230,2018-12-31,-0.07898149884703637,0.023289479673575024,0.000860050828079566,G2,-4.04288089728463
033240,2018-12-31,-0.05165642249254156,0.029522143991394918,-0.003972229373836172,G2,-2.263775833658298
033250,2018-12-31,1.5758232368197471,0.060642329592117926,-0.027041978248526177,G2,25.735293378136248
033290,2018-12-31,0.18448242770271345,0.02806833318939105,0.2178589966703792,G5,6.031969655175232
033310,2018-12-31,0.7967425064450764,0.044776611593552486,0.05747946715621819,G4,17.454813685023407
033320,2018-12-31,0.08336799982613552,0.02967195905532746,0.10302522643577841,G5,2.298227294868588
033340,2018-12-31,-0.07560005786271656,0.049712773316025666,0.024390911728978164,G3,-1.8259925053590322
033430,2018-12-31,0.318166883320841,0.05356667184908277,-0.11806241831152071,G1,5.656348980230146
033500,2018-12-31,0.30030343227864487,0.023552816881041917,-0.04463636758040182,G1,12.105912430168427
033530,2018-12-31,-0.4335092442916979,0.027632681006296365,-0.012512328091605348,G2,-16.237452233549824
033540,2018-12-31,-0.1697965935556865,0.012317524381314681,0.00142285070087976,G2,-15.016953201183986
033560,2018-12-31,-0.03167305947883925,0.02341000793606825,0.004711028342870197,G2,-2.001201932085558
033640,2018-12-31,1.0996980319734189,0.04076828642324738,0.12964928944358306,G5,26.60212222513307
033780,2018-12-31,-0.05172148767827668,0.010049307522594805,0.1296823271317552,G5,-6.6568349272649465
033790,2018-12-31,-0.561765172239731,0.061282525439868264,-0.1433801862096226,G1,-9.414433588230564
033830,2018-12-31,0.952012553940241,0.04837975689790869,0.0339446847668082,G3,19.364244890361963
033920,2018-12-31,-0.447558041367531,0.020328017444373344,-0.04238193938917421,G2,-22.763318472484446
034020,2018-12-31,-0.35232766850202357,0.023789449025147954,-0.004285757424976243,G2,-15.448140969826296
034120,2018-12-31,0.17890822329162992,0.025973700507233962,0.008298144844755025,G2,6.303804481501188
034220,2018-12-31,-0.0965217854195359,0.021690980967668555,-0.0027540028532923636,G2,-5.149461853246021
034230,2018-12-31,-0.03132780911997486,0.023113139942770755,-0.013606239207051105,G2,-2.0119682080443013
034590,2018-12-31,-0.06312324246795019,0.003500730985471333,0.059587757241065985,G4,-22.366281906796388
034730,2018-12-31,-0.06401123653599497,0.01630194157219432,0.06302170293239681,G4,-4.857478467719406
034940,2018-12-31,0.1419180285853715,0.024552621206047776,0.004427702188151353,G2,5.162093850948733
034950,2018-12-31,0.1304340894882495,0.00889822152653494,0.21018503092925275,G5,12.953037358261158
035080,2018-12-31,-0.11645880278520648,0.016788934592795735,0.005442048426654307,G2,-7.840515173288628
035150,2018-12-31,0.25682538305541275,0.028422458232887284,0.0742676830713166,G4,8.502089701123857
035200,2018-12-31,-0.036815687868295165,0.021669348458233567,0.056514993121589245,G4,-2.399277560258132
035250,2018-12-31,-0.12184766316852733,0.014460853271832753,0.09706085010343223,G5,-9.475426810974067
035290,2018-12-31,-0.7184447818183677,0.043626551731559965,-0.11888387129911981,G1,-16.815903305064953
035420,2018-12-31,0.44092952795802315,0.020473666013376718,0.1125038758019556,G5,20.795222216035594
035460,2018-12-31,-0.19389057499214973,0.03205762263033031,-0.060397662128408684,G1,-6.521558726794283
035600,2018-12-31,0.24207017547415988,0.027337304885020477,0.05488838670139703,G4,8.299833608159693
035610,2018-12-31,-0.0890545111984606,0.018843659380195957,0.05795468792026345,G4,-5.531282577786412
035620,2018-12-31,0.5784436395695748,0.039067328049922696,0.7843613943685652,G5,14.417892752144091
035760,2018-12-31,-0.3299601250631925,0.019158103579207175,0.03216230716990732,G3,-18.015103492327714
035810,2018-12-31,-0.19289763978187763,0.024868621391174208,0.029701447672225875,G3,-8.366878490847135
035890,2018-12-31,-0.029227440190255444,0.021789565992697987,0.06979793474081962,G4,-2.037788813145438
035900,2018-12-31,-0.10565995534158862,0.026998037942296528,0.18952409791994754,G5,-4.475697427820891
036010,2018-12-31,-0.011811375433272653,0.022277680671543582,0.2162089906278633,G5,-1.2113679814390477
036090,2018-12-31,-0.24022392766486372,0.022744238754473508,0.06897102907727735,G4,-11.229174300132982
036120,2018-12-31,0.5475453083766162,0.044716632594723735,0.0726481331405828,G4,11.905418271734387
036170,2018-12-31,-0.09885445849352878,0.039423617356368595,-0.03260259266253503,G2,-2.8924172811368596
036190,2018-12-31,-0.0468180673817451,0.012080245006838736,0.1975848647117873,G5,-5.131780107076387
036200,2018-12-31,0.7815008647285961,0.034886185533329464,0.1806847125142891,G5,21.966453465183438
036260,2018-12-31,0.17267985421748536,0.02886341168946418,-0.1498020802167998,G1,5.456900323464516
036420,2018-12-31,-0.0391365106087683,0.02598932185629782,0.04086639792272585,G4,-2.089766117870679
036460,2018-12-31,-0.3611121204906011,0.015694164428412708,0.016351315793982742,G3,-23.976250270599284
036490,2018-12-31,0.0908369203246881,0.020691050944937027,0.11412086105689209,G5,3.6567415977603255
036530,2018-12-31,0.19692384896797063,0.01953627848246714,0.04877499862702448,G4,9.303141102238204
036540,2018-12-31,1.6007600022608068,0.0372003550785969,0.030726104273821993,G3,42.622843391624215
036570,2018-12-31,0.3472864724998322,0.016800717332428626,0.21669143954865122,G5,19.767690408422883
036580,2018-12-31,-0.537553697091416,0.030089716869990547,0.008003331275495802,G2,-18.369358313092974
036620,2018-12-31,0.5136031150781857,0.031052902859624015,-0.2795081628221985,G1,16.050931653584602
036630,2018-12-31,-0.3139650047089075,0.018521500267655422,-0.0005014305604269443,G2,-17.7707039702746
036640,2018-12-31,0.2433384819556767,0.02775089521557012,-0.09276880402915239,G1,8.221838847011425
036690,2018-12-31,0.026205965430008984,0.020833999869871736,0.04249109594499908,G4,0.5294649066885163
036710,2018-12-31,-0.07232693896639246,0.03205501307763244,0.011356312342053157,G2,-2.7297456528073916
036800,2018-12-31,0.42742616147094514,0.020257867494317724,0.07078693460422071,G4,20.350171011515485
036810,2018-12-31,1.0195802625419739,0.04100303589686241,0.13572004707902705,G5,24.495873218643133
036830,2018-12-31,0.8497987092720165,0.03148525274877896,0.1457451216477281,G5,26.508398147492258
036890,2018-12-31,-0.1280729949855391,0.02174612721995369,0.11003327551338937,G5,-6.587291942588154
036930,2018-12-31,0.1905973589662605,0.03117389265991694,0.12235287792908014,G5,5.6272172117554575
037030,2018-12-31,0.4495682721693159,0.04569820553162401,0.05162220518963255,G4,9.505694446486503
037270,2018-12-31,-0.27731177524954354,0.027127301725544454,-0.008567089429873087,G2,-10.782011120814191
037330,2018-12-31,0.27515885718567235,0.027897586220862833,0.05197484590138005,G4,9.319220720188625
037340,2018-12-31,,,-0.25891350422108644,G1,
037350,2018-12-31,-0.29577094868601733,0.024286245712506295,0.039720113247115336,G4,-12.803380398924864
037370,2018-12-31,-0.15768123931102918,0.029522728521370518,-0.2587810720507939,G1,-5.855025656550106
037400,2018-12-31,0.31699301152188863,0.026026366797623175,-0.043575344729260834,G1,11.596621235526928
037440,2018-12-31,-0.0005432256418567011,0.01759692955008261,0.04016424427058163,G4,-0.8932421551202775
037460,2018-12-31,0.09029878435057764,0.034100333470013,0.06500817225871963,G4,2.2030192397878103
037760,2018-12-31,-0.05420592716087534,0.020999493181859438,0.029853522825497244,G3,-3.3039378709277334
037950,2018-12-31,0.1546672337618209,0.03142873805157861,0.036343083695900814,G3,4.438362746220912
038010,2018-12-31,0.08102022883608426,0.014769574981845784,0.045743639465776004,G4,4.458160460545404
038060,2018-12-31,-0.033052600234319995,0.03267757016795936,-0.07811600281783099,G1,-1.4758653602270113
038070,2018-12-31,0.20717864860715218,0.02981390318709857,0.04799362863473002,G4,6.440067701611088
038110,2018-12-31,0.2537763060038057,0.028010340856793613,-0.021561141584552888,G2,8.518325913659014
038160,2018-12-31,-0.29221794281158153,0.0593242761254529,-0.03469307782107153,G2,-5.181572477926187
038290,2018-12-31,-0.1903766370813657,0.02130110623918799,0.01771438609305099,G3,-9.649814822113214
038340,2018-12-31,0.355598032765185,0.06331094689078785,-0.05019241924817864,G1,5.376999647777499
038390,2018-12-31,0.002193536801438467,0.011908551155775736,0.04677726043177207,G4,-1.090103796986602
038460,2018-12-31,0.17667209810389328,0.02544963214845408,0.05410885478060891,G4,6.345750049701387
038500,2018-12-31,-0.2155221985896103,0.025753393729998787,-0.007546473769758135,G2,-8.957937530145468
038530,2018-12-31,0.22045564321734112,0.047236227196580494,-0.1182263179547224,G1,4.345828652446716
038540,2018-12-31,-0.39857369996960873,0.03859966189785971,0.06366377982903004,G4,-10.718974552093401
038620,2018-12-31,0.10164919330466932,0.02953567759474523,0.006888227146692889,G2,2.927784520748404
038680,2018-12-31,0.6864813989972918,0.03831880070015481,0.04664273729548381,G4,17.518980059352977
038870,2018-12-31,-0.17828760751811037,0.03952096705001296,-0.054057165124683046,G1,-4.895191479151968
038880,2018-12-31,-0.11396156442240452,0.032852961345191826,-0.035656951017746255,G2,-3.9307463549024333
038950,2018-12-31,0.05765307232393391,0.018044513853780395,0.021234024172075434,G3,2.354066118665526
039010,2018-12-31,-0.33663124810013023,0.01405199834932444,0.18760882966761483,G5,-25.036036369161852
039020,2018-12-31,-0.09847502887979674,0.0134314981533105,0.03499986618793261,G3,-8.46146284022262
039030,2018-12-31,0.9217376659574823,0.03323443027520218,0.047782935117034235,G4,27.277812943312398
039200,2018-12-31,-0.02080779652655122,0.033311396414856885,0.07400174076541366,G4,-1.0801975909800536
039230,2018-12-31,-1.0162023292390374,0.04371780575545667,-0.11630054182042271,G1,-23.591701482942433
039290,2018-12-31,-0.12453832906229971,0.022228967182448454,0.04754789246105165,G4,-6.2851963183234805
039310,2018-12-31,-0.26746013367272214,0.02949116114728613,0.0007686546857367573,G2,-9.583726659460131
039420,2018-12-31,-0.08770137943672317,0.023934377744044534,0.06353238835077987,G4,-4.298272308135529
039440,2018-12-31,0.8518228165323369,0.038394496926209255,0.10026874481308444,G5,21.79082394300775
039560,2018-12-31,0.23205592057511853,0.03153076749145642,-0.06565278654122499,G1,6.878387181692479
039670,2018-12-31,-0.40068538004936605,0.04155314774573067,-0.22392274457181321,G1,-10.00791748021188
039740,2018-12-31,0.005659074868473224,0.022200338754028447,-0.1408505324977267,G1,-0.42864295315128
039790,2018-12-31,,,-0.20688060957237206,G1,
039830,2018-12-31,0.46213504985373366,0.035884695800773955,0.04064471266204805,G4,12.455447823836225
039840,2018-12-31,0.3535859809470192,0.023876497257942327,0.027876501983676832,G3,14.17338915579381
039860,2018-12-31,0.3867813311747709,0.029963986892954028,0.07954005278771584,G5,12.401762117617086
039980,2018-12-31,-0.3145494739634883,0.02378531612267361,0.021677794186937393,G3,-13.862526186151191
040160,2018-12-31,0.06876309271263392,0.01968595832856403,0.1350387614760397,G5,2.722143275185123
040300,2018-12-31,-0.01888086109834646,0.014984134274400478,0.007576277401192505,G2,-2.272800957842981
040350,2018-12-31,0.9871315693596755,0.04149125249740728,-0.3085752127424132,G1,23.42557568700662
040420,2018-12-31,0.0745285469181986,0.008403399050613247,0.05060091510678952,G4,7.063029248969015
040610,2018-12-31,-0.18184175903153396,0.023745918087701785,0.003004671760638475,G2,-8.296872411369492
040910,2018-12-31,1.025628278419456,0.036830818084724146,0.17883901052716042,G5,27.434991600297632
041140,2018-12-31,0.3702918174878167,0.054976072210996624,-0.14628715727956007,G1,6.459477906896111
041440,2018-12-31,-0.26630120645501754,0.01907836833451996,0.050858637767483936,G4,-14.75368832137912
041510,2018-12-31,-0.36981162850505717,0.026737581454638767,0.045861963005661456,G4,-14.398711521128387
041520,2018-12-31,-0.037253284236722105,0.02618637803105222,0.03932699467084925,G4,-2.0021240741087025
041590,2018-12-31,-0.40837717861958084,0.051221684986071464,-0.08248108344257124,G1,-8.26900310615933
041650,2018-12-31,-0.20482866957535587,0.014782671698407976,0.03582000034735499,G3,-14.88254408247516
041830,2018-12-31,0.04823296831144391,0.02443452602720133,0.1867153632921313,G5,1.3529165510181782
041910,2018-12-31,0.4620561598907392,0.04712658046295665,0.08099054886969229,G5,9.482569324312562
041920,2018-12-31,0.390477526615084,0.028055186744230798,0.05263220305914417,G4,13.377292277667749
041930,2018-12-31,0.42049680096742603,0.043729040138916334,0.048579005051257146,G4,9.268936753399126
041960,2018-12-31,-0.07247215473513915,0.04291381249089084,-0.13623151200648514,G1,-2.042401811461112
042000,2018-12-31,-0.6676866466519539,0.03112957892584352,-0.17319279467991266,G1,-21.93610591108916
042040,2018-12-31,0.2764957337578051,0.05218682803850456,0.18994119681966176,G5,5.007406082087196
042110,2018-12-31,0.3148747760422883,0.04162493041255932,0.07665116181174123,G4,7.200004406947967
042370,2018-12-31,0.2398413985278595,0.019015010364602507,0.051187933575118465,G4,11.815208121744147
042420,2018-12-31,0.23876231282739596,0.01968503002526974,0.07649528822250556,G4,11.358236127017205
042500,2018-12-31,0.29361064730847664,0.028369351589405435,0.05165027975705696,G4,9.814660472518517
042510,2018-12-31,0.34615727084447995,0.03470471959558496,0.14553211500650418,G5,9.537094120582603
042520,2018-12-31,-0.002121803802654948,0.02537250727440284,0.057716516833028884,G4,-0.6817180993801026
042600,2018-12-31,-0.1903404925274009,0.01989885044864073,0.07174061096493287,G4,-10.328013002097729
042660,2018-12-31,-0.2656521824443909,0.02095571077209953,0.03085174239006987,G3,-13.40099026615903
042670,2018-12-31,-0.3866697765647399,0.018655575214501098,0.05589056227055352,G4,-21.540202624539933
042700,2018-12-31,0.21174783421245164,0.02752297291677013,0.25203996846317944,G5,7.142133270774624
043100,2018-12-31,-0.6710607053004611,0.04148872097112005,-0.2045396983946874,G1,-16.540297769389007
043150,2018-12-31,0.4259873018149186,0.02152508127205612,0.11602487051160262,G5,19.085280236097258
043200,2018-12-31,0.6594139967477799,0.03419455780308084,-0.5442109251965875,G1,18.840392872598485
043220,2018-12-31,0.9624876872322243,0.05762776458778857,-0.39187585383127294,G1,16.438475453201995
043260,2018-12-31,-0.0504705495897505,0.020298089558865178,-0.017149021576510517,G2,-3.234079888766605
043290,2018-12-31,0.19798752065276168,0.02605260352263364,0.0982019892780262,G5,7.0170502100099705
043370,2018-12-31,0.27421052752779596,0.02649784253486157,0.07840528277025871,G5,9.775717911903216
043590,2018-12-31,-0.21993645968282427,0.020182391841291423,-0.18055023529675512,G1,-11.649340433216901
043610,2018-12-31,-0.3995310337043796,0.020205603104152613,0.035435511051883355,G3,-20.524313241217175
043650,2018-12-31,-0.13908381650669932,0.018130603315080006,0.012157900722038475,G3,-8.508206123033663
043710,2018-12-31,-0.5384920823989283,0.031134746077016048,-0.06275884657918045,G1,-17.78293533091022
043910,2018-12-31,-0.2607275051644297,0.03579936956450943,0.012744398991008096,G3,-7.706912220904337
044060,2018-12-31,0.5321741277826393,0.04238998287741309,0.08984725168485894,G5,12.196254847395943
044180,2018-12-31,-0.0713868292302706,0.011092797481539686,-0.12601344012875923,G1,-7.803434887122318
044340,2018-12-31,0.6759109104747745,0.032056636644663426,0.09382759309680166,G5,20.611514057629954
044380,2018-12-31,0.8503334080156296,0.04098923751212165,-0.0850049509362488,G1,20.375063433070487
044450,2018-12-31,0.09658650552534456,0.01301775385184734,0.023239591963873547,G3,6.253875501020689
044480,2018-12-31,-0.05003187933911206,0.04300104801986663,-0.14015104668620307,G1,-1.5164042732620144
044780,2018-12-31,0.15246995620608628,0.03101218986141973,0.017671994547473126,G3,4.427125694336316
044820,2018-12-31,-0.41475099075374544,0.025380816224172455,0.021495917012959147,G3,-16.939017271526776
045060,2018-12-31,1.2691180125909303,0.037079508176440665,0.06326045364595664,G4,33.81767937673708
045100,2018-12-31,0.02466807033461807,0.02360074856411485,0.20712472032155824,G5,0.40223201716971985
045300,2018-12-31,0.06141793790154562,0.017659188516872235,0.08918851925679236,G5,2.6186279298397395
045390,2018-12-31,-0.362437400499639,0.03807338140430945,0.060238552782163904,G4,-9.918018316331015
045510,2018-12-31,0.08141764414498576,0.027970881028066004,0.06083294046258258,G4,2.368268287493667
045520,2018-12-31,1.0283354935320985,0.03680591356257991,0.0991607065115648,G5,27.52710914718896
045890,2018-12-31,1.076007565245637,0.06280658105376487,-0.08437093008013824,G1,16.890466792079707
045970,2018-12-31,0.6950450325612312,0.04140072288996945,-0.05049860363797129,G1,16.421692460181436
046110,2018-12-31,-0.14777145933436164,0.02201774280759137,0.07742839178694234,G4,-7.400692904412484
046120,2018-12-31,-0.170019919060523,0.03697198747999893,0.024676004910902827,G3,-5.009062950528922
046140,2018-12-31,0.1431603238218086,0.020950430035430317,0.07202513232580894,G4,6.108954802951901
046310,2018-12-31,0.0536256439021194,0.023697248698039065,0.04386240199441772,G4,1.622574449849209
046440,2018-12-31,-0.22636743394346795,0.01740919166359843,0.03484622627851637,G3,-13.87442520272079
046890,2018-12-31,-0.22320494814067346,0.023202606072357336,0.060606924769642356,G4,-10.273847732028205
046940,2018-12-31,0.7735010095347823,0.04600879713346006,-0.011670826394743261,G2,16.482193909614914
046970,2018-12-31,0.12672457867225576,0.03458960376435104,-0.01959473815149484,G2,3.224942552081583
047040,2018-12-31,-0.1703177258298162,0.018321955079099967,0.04943942190416214,G4,-10.124073476982185
047050,2018-12-31,-0.04306789546126699,0.016040091991193516,0.017820543432333812,G3,-3.631088221077716
047080,2018-12-31,0.033273691705807296,0.025792981284584036,-0.154851558846081,G1,0.7016869385186463
047310,2018-12-31,0.5089830727124958,0.0350588974126838,0.07214501387990584,G4,14.085097236996518
047400,2018-12-31,0.4138489295310851,0.04192641761554529,-0.08098785989795686,G1,9.508893403530566
047560,2018-12-31,0.26971666204153244,0.038554763013629575,0.014292213563922048,G3,6.602078407759636
047770,2018-12-31,0.011309489504269868,0.026601399926470353,0.05504946257698687,G4,-0.1453158156854127
047810,2018-12-31,-0.023976199867078912,0.016032566237191157,0.021209635256240648,G3,-2.4419854514131014
047820,2018-12-31,-0.25121434873425297,0.024850516083093556,-0.09107471060076226,G1,-10.719674451688483
047920,2018-12-31,0.387763709002098,0.04117739541909633,-0.15698740310949172,G1,9.048377430796616
048260,2018-12-31,-0.13042712917210686,0.02703095932475652,0.028253425418166354,G3,-5.386498535096928
048410,2018-12-31,1.1816577858007185,0.05767752475789461,0.05126961650914929,G4,20.224215533938935
048430,2018-12-31,0.1330061625715899,0.024814624170311356,0.04257357580418874,G4,4.748452691844765
048530,2018-12-31,-0.4274305379730622,0.03750318390725863,0.13343427967960853,G5,-11.80181481925741
048550,2018-12-31,-0.20008403437267505,0.03178062227703312,-0.007717008576124328,G2,-6.773282352032327
048770,2018-12-31,0.19830122475378062,0.03485491918354996,0.04141998467461411,G4,5.25395368603378
048830,2018-12-31,0.04812338276097558,0.02517905058638693,0.002506771639740935,G2,1.3085596303551776
048870,2018-12-31,-0.08223476139227551,0.02757601630815799,-0.0098666195887713,G2,-3.532412148901178
048910,2018-12-31,-0.39729067694071235,0.0217814865170551,0.053956670183182544,G4,-18.93652989435348
049070,2018-12-31,0.12739202138593314,0.03545338475530645,0.06351494449621879,G4,3.165196455217958
049080,2018-12-31,-0.025354620440212305,0.03596502835840971,-0.0699389429570923,G1,-1.1269201199918981
049120,2018-12-31,0.05380412224691289,0.030886355504823614,0.02160203389506951,G3,1.2506826390676393
049180,2018-12-31,-0.25217735514112594,0.03639965188700758,-0.19506280081883853,G1,-7.34491773723564
049430,2018-12-31,0.05537101735213012,0.009867414453240363,0.1110544669549142,G5,4.073602452765261
049470,2018-12-31,-0.33196922933092937,0.018633815041639464,-0.11408090611217092,G1,-18.6298040518355
049480,2018-12-31,0.5678820694151155,0.03951000174739699,-0.017989782985471447,G2,13.989039517533568
049520,2018-12-31,0.09445301355321056,0.015511267533557376,0.05299222547677707,G4,5.1109891405547865
049550,2018-12-31,0.38229632894718496,0.0335876501936473,-0.03934621888804736,G2,10.930244694035272
049630,2018-12-31,0.1417458406196668,0.0337946368728171,0.0004932738933722559,G2,3.7452909307191247
049770,2018-12-31,-0.27410960583082966,0.01734544056920869,0.05084286753566802,G4,-16.677852505938727
049800,2018-12-31,-0.37002441184919127,0.03166119251214748,-0.050396589858792994,G1,-12.166298074033698
049950,2018-12-31,-0.35921238616962947,0.03259840570247758,0.1772940475434275,G5,-11.484840185731342
049960,2018-12-31,-0.4333361361393215,0.024733957903992233,0.2129580852686121,G5,-18.13341930609041
050090,2018-12-31,0.18909769382605462,0.03475777831673459,-0.09324528596133216,G1,5.003846868698121
050120,2018-12-31,0.3601479866356656,0.041477206923489225,-0.05398483373526849,G1,8.317167875818152
050320,2018-12-31,,,-0.02163387392711417,G2,
050540,2018-12-31,-0.48268898413355077,0.0294266172426555,-0.22597169336429793,G1,-16.918834865083582
050760,2018-12-31,1.1752220373982234,0.03926802876642772,0.025977417950369213,G3,29.5417666790814
050890,2018-12-31,0.6601780079040405,0.03312670744893151,0.036284046844839726,G3,19.47078245749069
051160,2018-12-31,1.0285884795401818,0.04742066763215292,0.03599347288211517,G3,21.37071105300281
051360,2018-12-31,0.30517729720820563,0.019307424523601964,0.07958766135705632,G5,15.020242768306028
051370,2018-12-31,0.3844353220674098,0.03717771224784059,-0.17233449547481236,G1,9.932300997243287
051390,2018-12-31,-0.00722619603627335,0.019119900234236698,0.025096485138930008,G3,-1.1716216818495566
051490,2018-12-31,-0.11056708465527562,0.02215689930392049,0.022817721974778042,G3,-5.675080098684446
051500,2018-12-31,0.02946837944253619,0.02138567854623138,0.029233642976346706,G3,0.668357834832236
051600,2018-12-31,0.16691069826168045,0.01819409425270308,0.1643352374524158,G5,8.339827337443765
051780,2018-12-31,0.8698159889871715,0.042617233777761804,-0.13521776838868524,G1,20.0538800760967
051900,2018-12-31,0.17311349908568457,0.017351816450599553,0.18120316511376175,G5,9.102125181094141
051910,2018-12-31,0.00923994326404326,0.01670182002996376,0.06702728777161329,G4,-0.3553594972444691
051980,2018-12-31,-0.3362396926708056,0.05252892420436222,-0.12296896657049844,G1,-6.689929246153902
052020,2018-12-31,-0.5979124999210693,0.04393002048568335,-0.18266149686827632,G1,-13.956005182238222
052190,2018-12-31,0.2536156807712549,0.06448432023608106,-0.19048105381220892,G1,3.697652177542548
052220,2018-12-31,0.2975295219301591,0.026932252198849496,-0.026187160890778657,G2,10.483877330885162
052260,2018-12-31,0.49077880609953306,0.04205549914448534,0.08300800949425527,G5,11.30895417107276
052300,2018-12-31,-0.41048647440736336,0.038953186702369774,-0.0063672974939970005,G2,-10.927515925530846
052400,2018-12-31,0.5294264972214443,0.03254456547276671,-0.2882470729208876,G1,15.801452442768396
052420,2018-12-31,0.2932811023031463,0.042834845312199867,0.002977729319811618,G2,6.492518103969426
052460,2018-12-31,0.5034418814555327,0.03596316127504573,-0.019688860164062263,G2,13.57685950042925
052710,2018-12-31,0.5118779174669694,0.03195395636413949,0.024407638866533486,G3,15.544329414915214
052770,2018-12-31,-0.020648646478030296,0.0031899863040272492,-1.1470543828100537,G1,-11.230060789214933
052790,2018-12-31,0.3122338009248798,0.034235788920785576,-0.09253147222764266,G1,8.676847143182606
052860,2018-12-31,0.6623332502938686,0.03282615701614047,0.020518930253923946,G3,19.714709715873994
052900,2018-12-31,0.4067075153535982,0.033970901765911395,0.054952605183678366,G4,11.525523355801184
053030,2018-12-31,-0.10719212309627946,0.031170960497588295,0.025191880526439947,G3,-3.925680016780549
053060,2018-12-31,0.49663286255216527,0.032481868921279994,-0.04964431445507303,G1,14.822354282816125
053110,2018-12-31,0.13435414999826165,0.036123439002115065,-0.16242094662443854,G1,3.2992167871482225
053160,2018-12-31,-0.07081236251598952,0.017723966909329432,0.05618354051096675,G4,-4.851479163148672
053260,2018-12-31,-0.08083963831486779,0.015821624076462044,0.05101707937657986,G4,-6.068576239949251
053270,2018-12-31,0.23826399379047844,0.028632122421966978,0.037033026644030735,G3,7.791560013251502
053280,2018-12-31,0.4239029480479257,0.028423858272832142,-0.03175088556620072,G2,14.37974572247406
053350,2018-12-31,0.01604604538376453,0.01686378336668522,-0.014347225509109187,G2,0.05164628434010416
053450,2018-12-31,-0.021592811710253068,0.02675832410023282,-0.004606876234392173,G2,-1.3740735483091013
053580,2018-12-31,0.531625714405149,0.03617920163805105,0.18749480929479784,G5,14.274793179212098
053610,2018-12-31,0.3877994397759657,0.023295764400416537,0.16783200216896202,G5,15.995368932231486
053660,2018-12-31,-0.558379378315997,0.05023691649626483,-0.11089245299047269,G1,-11.416991964297814
053690,2018-12-31,-0.01785414885285963,0.026696865979174245,0.05705720342207403,G4,-1.237195501209166
053700,2018-12-31,-0.25089786112951074,0.02389294633235005,0.01320492286607092,G3,-11.136046223073706
053800,2018-12-31,0.45031715252517707,0.028044939646004387,0.10361536264378719,G5,15.51588501828756
053950,2018-12-31,-0.4815456042609277,0.02595341970624201,0.11880938869939191,G5,-19.138930573161463
053980,2018-12-31,-0.016679041845269416,0.0268571620921704,-0.0124216249838668,G2,-1.1860573864397443
054040,2018-12-31,0.17926460297806654,0.016760793357468554,-0.03684167727591999,G2,9.79008009021184
054050,2018-12-31,0.016675595277570385,0.017217762267856446,0.02861098158915205,G3,0.08714847035685126
054090,2018-12-31,0.24950644015851992,0.024961852890408993,0.007292617038820543,G2,9.387578220028589
054210,2018-12-31,0.5192268643613966,0.03654249903729355,-0.026334842010337364,G2,13.79357690381346
054340,2018-12-31,,,-0.7591752564023838,G1,
054410,2018-12-31,0.0654591885158676,0.01628815745304843,0.04030841217367219,G4,3.087156728921345
054450,2018-12-31,0.324357090805637,0.029657392269392777,0.045221052841275075,G4,10.425124176941287
054540,2018-12-31,0.09065839918528051,0.01743714446627692,0.011516069575301402,G2,4.328879977929006
054780,2018-12-31,0.30958317739547186,0.03552103776337599,-0.08296947357547386,G1,8.288273718907584
054800,2018-12-31,-0.10284247192974313,0.019520973783158296,0.0817951660728317,G5,-6.045680244933348
054920,2018-12-31,-0.024683246819354715,0.02479458136358186,0.0017589986017387679,G2,-1.6075423846783397
054940,2018-12-31,0.5585853016992358,0.05459935952743824,-0.02015688118311672,G2,9.95268466094722
054950,2018-12-31,-0.16041634295750712,0.021388671944618527,0.06114607400145574,G4,-8.209553030927916
056000,2018-12-31,1.6676908787687201,0.06687693379586995,-0.04498142367414858,G1,24.70980189043616
056080,2018-12-31,-0.1812793408118939,0.023222413533781995,-0.021911675003163045,G2,-8.459690641503196
056090,2018-12-31,-0.5436166912312079,0.019461457944765836,-0.21256275270216235,G1,-28.712740147736664
056190,2018-12-31,0.23773483973397597,0.023542927653831328,0.1350395518211951,G5,9.453358960851169
056360,2018-12-31,0.3013065421535514,0.029828604689728498,0.04649444199989435,G4,9.59251870802801
056700,2018-12-31,0.9461314887579131,0.045587440026309954,-0.028581043899657623,G2,20.421335231538993
056730,2018-12-31,-0.3951220702908077,0.0260353188408629,-0.23723866612170594,G1,-15.759252515079543
057030,2018-12-31,0.45299628423383714,0.05439867353788706,0.005536269299579765,G2,8.048379898380222
057050,2018-12-31,-0.2553442760423073,0.012549532953572197,0.07284496414647906,G4,-21.556130469242948
057540,2018-12-31,0.14655967274232523,0.031749936413940305,0.028642032725550735,G3,4.138105267249606
057880,2018-12-31,0.06584849614618793,0.04016934727613724,-0.22101443536364412,G1,1.2614942972531666
058110,2018-12-31,0.6218214509262343,0.035484182812402634,-0.10879370358205473,G1,17.096247094106307
058220,2018-12-31,-0.5127615538003145,0.034529765685021224,-0.1422122282735423,G1,-15.289320299740366
058400,2018-12-31,0.4672376047730312,0.04087716157547048,0.04956921258661609,G4,11.059048469044034
058420,2018-12-31,0.35566597775213915,0.04450646567629624,-0.13843069737866476,G1,7.650368973255112
058430,2018-12-31,-0.2699892094849554,0.014005623254163305,0.03117994724993969,G3,-20.360700694497574
058610,2018-12-31,0.10035507530705909,0.02761075014274385,0.04038741915653411,G4,3.0850296074438868
058630,2018-12-31,0.32698693495031184,0.03261147744166633,0.10143729732899397,G5,9.561414133263526
058650,2018-12-31,-0.2976064884390834,0.008813566764659284,0.014357533117424201,G3,-35.48864953587649
058730,2018-12-31,-0.2835296465637258,0.026939988211250092,0.09970148150306675,G5,-11.087782884476022
058820,2018-12-31,0.03253686542817763,0.034455638392355124,0.031960206362150176,G3,0.5038876829828527
058850,2018-12-31,-0.1563236331095925,0.014734343755860094,0.04596757964150469,G4,-11.639386835558481
059090,2018-12-31,0.5327889207028463,0.04139386694979878,0.11877621004988546,G5,12.504601894228287
059210,2018-12-31,0.0305957504350593,0.02656487069533839,0.006313840518373562,G2,0.5804905651133674
060150,2018-12-31,0.25433998487162157,0.027852435945515102,0.06325569985114843,G4,8.586857239579217
060230,2018-12-31,0.12188483103644332,0.036697637654377016,-0.03832543147823232,G2,2.907809445624002
060240,2018-12-31,0.693985382612578,0.045880654051588095,0.13657733387952298,G5,14.795131041862799
060250,2018-12-31,0.8440863333255586,0.02920044216965247,0.07411217166931097,G4,28.386941364678147
060300,2018-12-31,-0.8875924736189018,0.036413282794191856,-0.4385260440728908,G1,-24.79225980130134
060310,2018-12-31,0.26754549299564956,0.03020927318607384,-0.025865334087342328,G2,8.354070546756184
060380,2018-12-31,0.006384304731805453,0.012741718060173704,-0.003842026953725064,G2,-0.6899217875986725
060540,2018-12-31,0.26834095767410326,0.023726535099276944,0.06910413730471092,G4,10.670157398956226
060560,2018-12-31,0.07873339421442367,0.02805023081440168,-0.10805553755493087,G1,2.2658744237082176
060570,2018-12-31,-0.075876727793687,0.030406788551365492,-0.1006807199754181,G1,-2.994457019781422
060590,2018-12-31,-0.06098104665653384,0.039108881026693736,-0.03572350600375282,G2,-1.947285074137312
060720,2018-12-31,1.0958984555659665,0.039418647092413946,-0.1324730398050506,G1,27.416551344325338
060900,2018-12-31,0.09987085223179232,0.026546910150534304,-0.33389924970841517,G1,3.1904187010302167
060980,2018-12-31,-0.01609430478193913,0.014937389912434021,0.020438183813315202,G3,-2.093364275700467
061040,2018-12-31,0.3416069438175841,0.03187250495460697,0.041039247979761606,G4,10.241800908009322
061970,2018-12-31,0.8810731896615848,0.04266150279648419,0.06508096366384997,G4,20.29694312831348
062860,2018-12-31,0.16163553937444233,0.015079028730669622,-0.26824156576914004,G1,9.712856733510554
063080,2018-12-31,-0.6011648204378535,0.0212869445368062,0.02821346200827412,G3,-28.953892983801854
063170,2018-12-31,-0.3818763998800201,0.023579366143760813,0.04233014302198015,G4,-16.83893837909804
063440,2018-12-31,0.36277607337870466,0.04601016713897597,-0.03190563146864579,G2,7.55487322390723
063570,2018-12-31,-0.10767760503980112,0.022162321241001124,0.046169153843591694,G4,-5.5433136870824615
063760,2018-12-31,-0.11308013710484324,0.031998048565959655,0.20886801287209097,G5,-4.008220391109827
064090,2018-12-31,-0.6576768845956663,0.03406187879727776,0.027185245943370667,G3,-19.75381282498133
064240,2018-12-31,0.035369560664442634,0.03868848351258317,-0.1691877152354769,G1,0.5219761851072745
064260,2018-12-31,-0.054870599763143506,0.027967106370471617,-0.01634026352472856,G2,-2.5045742118697816
064290,2018-12-31,0.31256495514100663,0.025797279300803055,-0.21484132586530902,G1,11.527954480796364
064350,2018-12-31,-0.5688557421210304,0.027478256767658582,-0.08098289320104753,G1,-21.254289917014788
064510,2018-12-31,-0.7819642547124508,0.04770023351267254,-0.49191014054157123,G1,-16.711434926909387
064520,2018-12-31,,,-0.34921553945532074,G1,
064550,2018-12-31,0.13233140962521897,0.029622768459779236,-0.1413647637234972,G1,3.9549414887177394
064800,2018-12-31,-0.18033681087699052,0.03629975732070454,-0.040814163256541504,G2,-5.3860388867788345
064820,2018-12-31,0.47493137282728165,0.03033467414644952,0.003065996303750416,G2,15.156130472169071
064960,2018-12-31,0.45215581061908555,0.025749100230614223,0.06392476132733366,G4,16.97071793081847
065060,2018-12-31,-0.038653122319673605,0.03245659828910777,-0.166752339278648,G1,-1.658467577937667
065130,2018-12-31,0.3483706959918481,0.03128542257716408,0.057491776279364144,G4,10.650187049162511
065150,2018-12-31,,,-0.25383223675119193,G1,
065160,2018-12-31,1.8930255987544078,0.2081607694667197,-0.11643527815181587,G1,9.021154706202582
065170,2018-12-31,0.2570736262712897,0.04479421364942356,0.013564460101376956,G3,5.40021830791629
065350,2018-12-31,0.01832527997778264,0.02399425120059417,0.01695143406852299,G3,0.13128921250711278
065420,2018-12-31,0.15631896145183488,0.012060172883427575,-0.06481602491988278,G1,11.703303856682536
065440,2018-12-31,0.0820788915192967,0.027368565602500474,0.01596355939844844,G3,2.4445489346444007
065500,2018-12-31,0.0037858759035205303,0.04093721589667208,-0.11811202962686744,G1,-0.2782118295046078
065510,2018-12-31,0.33387739446976084,0.022061038478365737,0.04767973340623014,G4,14.44638706148575
065560,2018-12-31,-0.4352857398607568,0.02070898750891364,0.08027229682753582,G5,-21.75194867927882
065570,2018-12-31,0.18134220338462093,0.025231790392843467,0.0053024862081388615,G2,6.585625005778122
065620,2018-12-31,0.3916718540068195,0.07427810610695623,-0.34488016411099515,G1,5.068744750057666
065680,2018-12-31,0.23851692928713525,0.01605733387225752,0.005477057904178003,G2,13.909023592020295
065690,2018-12-31,-0.13111837916987362,0.016724649084038045,0.03894546401675445,G3,-8.747177418655347
065710,2018-12-31,0.7922755119264991,0.02593768260220854,0.07943979883514117,G5,29.960287131718232
065770,2018-12-31,0.5013150769449835,0.0374018720585931,0.13055237782502302,G5,12.997744673059321
065940,2018-12-31,-0.1869266740745364,0.010577391900230652,-0.38826151119935937,G1,-19.10695657434118
065950,2018-12-31,1.3125140614002067,0.04222480131740338,0.03501152504974897,G3,30.724572461932137
066110,2018-12-31,-0.6042035844915856,0.04734688583202234,-0.4351103025118151,G1,-13.081719467717075
066310,2018-12-31,1.58357292757658,0.040622888164651406,-0.012989560076736259,G2,38.60872293438715
066360,2018-12-31,0.19934853543823242,0.04452303924994727,-0.03401131859986895,G2,4.1365873693245625
066570,2018-12-31,0.097314904921698,0.017676660466082943,0.045311201207766306,G4,4.646794650287299
066590,2018-12-31,0.023049198303119023,0.03635838626060994,0.011270172378602006,G2,0.21656914621348058
066620,2018-12-31,0.23139859559177278,0.018412876327097663,0.10476271244846173,G5,11.743059482814454
066700,2018-12-31,-0.15995230129356203,0.03349473815783295,-0.050645736945479,G1,-5.228504671429002
066790,2018-12-31,,,-0.21087981480899542,G1,
066910,2018-12-31,-0.1990467871109412,0.028373198170249563,0.023898092021150504,G3,-7.550149245019557
066970,2018-12-31,-0.33034171289371667,0.0310765338803278,0.07834514071003704,G5,-11.118254302658764
066980,2018-12-31,-0.22263611021484764,0.024227658031115925,0.05693617759007566,G4,-9.815690957102916
067080,2018-12-31,-0.47934045516882146,0.0272631467388765,0.06365306245162954,G4,-18.138608633045816
067160,2018-12-31,0.4084144331217401,0.026527189753790117,0.16879175945512964,G5,14.824010501624906
067170,2018-12-31,0.1454206755981896,0.02492539222733549,0.041355593920325374,G4,5.225417549192725
067290,2018-12-31,-0.28944468162023307,0.026530222655540156,-0.043359088027683956,G1,-11.481990905552381
067310,2018-12-31,0.5863159515629037,0.02851718262164493,0.056511754270758115,G4,20.027955268499817
067390,2018-12-31,-0.05137805363512743,0.03255062365894666,0.01593767082220776,G3,-2.0446043665831217
067570,2018-12-31,0.3077883184698384,0.016140424125501936,-0.015574116574943508,G2,18.129215351568707
067630,2018-12-31,0.8466753986696272,0.06704355403281906,-0.049565932707958754,G1,12.402390013954713
067770,2018-12-31,0.17239232635771579,0.026824357584502044,-0.056029571051037716,G1,5.860987806678745
067830,2018-12-31,-0.15604010150563172,0.012352295989715871,0.0601320898952509,G4,-13.861001653549984
067900,2018-12-31,0.9792191888769988,0.02931263381050052,0.057834923354017936,G4,32.888347784657114
067990,2018-12-31,0.5487536083402138,0.02815189822435863,0.07415924613147364,G4,18.953553698399364
068050,2018-12-31,0.2769134495735011,0.02887649546792203,-0.01583057208417223,G2,9.064062369732472
068060,2018-12-31,,,-0.3146965796463359,G1,
068240,2018-12-31,0.09481664761476305,0.019172176591715932,0.014301136292891682,G3,4.15401733865817
068270,2018-12-31,-0.18562984219075712,0.022511048830202874,0.08610612657824751,G5,-8.920283427856
068290,2018-12-31,1.0432260928056545,0.05904895692164705,0.006338389306628099,G2,17.410146643857434
068330,2018-12-31,0.2814102696738194,0.030846745818525992,0.08943002434720695,G5,8.63089992076132
068400,2018-12-31,-0.06263716302340784,0.01933266102052631,0.0035716811042839267,G2,-4.024911861525427
068420,2018-12-31,,,0.03735219090995304,G3,
068760,2018-12-31,-0.26244492718761325,0.028293599432349086,-0.013836243696436308,G2,-9.812113919417376
068790,2018-12-31,0.22316586322491208,0.026415136175633454,0.06891589446345721,G4,7.873923806753402
068930,2018-12-31,0.6387401219396457,0.0291717714494422,0.11088770933795329,G5,21.375631212091175
068940,2018-12-31,0.5516655239902473,0.04293331002206073,-0.09442963414171406,G1,12.495901901847768
069080,2018-12-31,-0.280823884215385,0.026671005437153016,0.17248192943394228,G5,-11.098155956131066
069140,2018-12-31,-0.15140376770306035,0.03280308285507834,0.024414769594838112,G3,-5.078146528847688
069260,2018-12-31,-0.1809219911756656,0.015263050135561692,0.1627380034298042,G5,-12.847830745948595
069410,2018-12-31,0.03948409383700635,0.03440348404542632,0.06131126757820432,G4,0.7065854194287413
069510,2018-12-31,0.13872558515487143,0.017672616464287243,0.11157015052060226,G5,6.991069589021129
069540,2018-12-31,-0.3697090574565718,0.02966749326834652,-0.3449493612163272,G1,-12.973261596731511
069620,2018-12-31,-0.40479200284088623,0.021811893304305077,-0.0005153986226202652,G2,-19.254041389930826
069640,2018-12-31,-0.6290889853663946,0.019435240142561084,0.005209637542705534,G2,-33.1492728813
069960,2018-12-31,-0.10858081397187756,0.01709884288385491,0.05699103619997902,G4,-7.237677335563409
070960,2018-12-31,0.09834911868977025,0.042125605589091356,0.01611707041266611,G3,1.974429183715992
071090,2018-12-31,-0.2918183243072524,0.028649062754256154,-0.0340385246403556,G2,-10.715653093908061
071200,2018-12-31,0.03288331040436557,0.01939668548058521,0.05744657592683392,G4,0.9129506579426433
071280,2018-12-31,0.8185407419881873,0.034833215034738935,-0.019333117831380527,G2,23.063206986608535
071320,2018-12-31,-0.2925874456671132,0.012215280233882884,-0.050380209350724355,G1,-25.19488160790587
071460,2018-12-31,0.29122052796905407,0.03519675171543403,-0.038173627257035644,G2,7.842923590447336
071670,2018-12-31,-0.031080742040249493,0.026314533559008653,0.005797989837467207,G2,-1.7578056464304235
071850,2018-12-31,-0.1699491777711647,0.018249204445350185,0.0033373975581216142,G2,-10.144237901356425
071950,2018-12-31,0.11998532828263309,0.04211844949294129,-0.0005604040035927127,G2,2.4884637471576356
071970,2018-12-31,-0.5501750776714053,0.03966784941924092,-0.25359062409345623,G1,-14.252100367965513
072130,2018-12-31,0.21820293889085837,0.03594752477108242,0.040720689996284455,G4,5.647894995574855
072470,2018-12-31,-0.07849950096552552,0.03481159061828544,0.026609808215322734,G3,-2.6909024533133503
072520,2018-12-31,0.3880132568699036,0.04344686731575567,-0.07068263785212972,G1,8.581474022679144
072710,2018-12-31,0.12641403117964414,0.013601704124450945,0.03267180525015954,G3,8.17830887430627
072870,2018-12-31,0.2374510208660694,0.026357425801326075,0.08112046200361862,G5,8.433142481688314
072950,2018-12-31,0.028303081527750254,0.022476063407288364,0.03138140094450938,G3,0.5840875093159964
072990,2018-12-31,0.8270822066659662,0.030070258998024058,0.05938766082932477,G4,27.00033654802769
073070,2018-12-31,-1.3217808207438797,0.04648667103296812,0.0022683991560653064,G2,-28.759983983982764
073110,2018-12-31,1.133076109473334,0.04786172035115996,0.043894023868683525,G4,23.356891637792582
073190,2018-12-31,0.2778897830119129,0.03672925841222064,-0.09978523343008504,G1,7.152736013083867
073240,2018-12-31,-0.2947015376602673,0.016139541827969714,-0.04587814771908545,G1,-19.19984065199497
073490,2018-12-31,0.313534523266221,0.03180374789688817,0.007620294524585415,G2,9.381266340073559
073540,2018-12-31,0.710972669585353,0.04751641548463984,-0.04062026025235337,G2,14.643309451179409
073560,2018-12-31,0.24245236633977446,0.03463753954562896,0.05465833691371706,G4,6.561588256215982
073570,2018-12-31,0.13696905504015994,0.0318265753501997,-0.18598391934319325,G1,3.826800718175195
073640,2018-12-31,0.039843677473005046,0.027294518277131082,-0.04118327773480785,G2,0.9037926073498437
074430,2018-12-31,0.08944951876650628,0.026287447446588477,0.14038877069737685,G5,2.8254711791420686
074600,2018-12-31,0.5771093601811883,0.03506216944233304,0.13260418756776068,G5,16.026796843602224
074610,2018-12-31,0.5633287494459437,0.06282826978757196,-0.09134894733758453,G1,8.724633953256102
075130,2018-12-31,0.12981833527964232,0.032796559475494244,0.027546796314851584,G3,3.4955874482000326
075180,2018-12-31,-0.22304644691876158,0.016230034668066294,0.0374860423795447,G3,-14.677820807150683
075580,2018-12-31,0.10293970245348613,0.021905947746718172,0.005718198051750234,G2,4.006428292228341
076610,2018-12-31,0.06942568818184153,0.03796579907866789,-0.051321487606610844,G1,1.4289332995855446
077280,2018-12-31,-0.03759486348874187,0.016788024427927664,0.023079568789985905,G3,-3.143309526874131
077360,2018-12-31,0.68948906396926,0.03324560355938559,0.05418246376273014,G4,20.282801277221367
077500,2018-12-31,0.11729337277447137,0.02352792481529097,0.051336568554084604,G4,4.3403011503651685
077970,2018-12-31,0.0027861433764995724,0.01687549853018562,0.027974374759879093,G3,-0.7341383268943902
078000,2018-12-31,0.016231933331182447,0.02002344598551977,0.0596105643013082,G4,0.052780110825475776
078070,2018-12-31,1.536690936453986,0.050357600233892866,0.06802615137814251,G4,30.214224580880256
078140,2018-12-31,0.23091482232843802,0.03052879891405772,0.09255464989489098,G5,7.066761103272119
078150,2018-12-31,-0.05864005583521138,0.032231723783404095,0.04066276917675463,G4,-2.2901396761837822
078160,2018-12-31,-0.030909568851228808,0.026602398182543993,-0.020973037015524814,G2,-1.7323499245427993
078340,2018-12-31,-0.17850269073365382,0.02099020872892129,0.1879469708459978,G5,-9.227053759582406
078350,2018-12-31,0.6955156626786556,0.025865968089551893,0.021277573914972397,G3,26.30253647148465
078520,2018-12-31,0.04388894673080912,0.03312664046725596,-0.03681089733494729,G2,0.866790374539566
078590,2018-12-31,0.6159085395982964,0.06187907733351177,-0.16023087788214155,G1,9.708183635763412
078600,2018-12-31,0.20617688974341397,0.03365216689280882,0.0031426506700436034,G2,5.675765151137137
078650,2018-12-31,0.4006215050650255,0.034525345276568156,0.08398225424257237,G5,11.164158050974324
078860,2018-12-31,-0.08123083795530442,0.030401178924270585,-0.09710495382880366,G1,-3.1711247721152733
078930,2018-12-31,-0.10197392115284236,0.012089589282412851,0.08571154105668788,G5,-9.690074000795207
078940,2018-12-31,0.1667425447693896,0.010685494811678424,-0.400451704157686,G1,14.184411092575631
079160,2018-12-31,-0.3832977527083803,0.02165355191536831,-0.09420909384760398,G1,-18.402193224407146
079190,2018-12-31,,,-0.06901704224465298,G1,
079370,2018-12-31,0.24251528844771825,0.022316460553921245,0.1046187217986363,G5,10.187108043654947
079430,2018-12-31,-0.5228362252899774,0.021885124579093203,0.07421496680138766,G4,-24.583425009921893
079650,2018-12-31,-0.042779627381118734,0.025241636557222225,-0.014860578523108334,G2,-2.295996968449152
079660,2018-12-31,-0.1647657534794298,0.02130042390962834,0.026690165289463216,G3,-8.447758968357935
079810,2018-12-31,0.8184510641148004,0.04368826370571287,-0.17432677036023206,G1,18.386539137667807
079940,2018-12-31,0.4433050238980852,0.02599821873531044,0.11931922607930462,G5,16.467663982057584
079950,2018-12-31,-0.14274526397377252,0.023063091010947646,0.04146113668529285,G4,-6.847319708003115
079960,2018-12-31,0.5974064662374893,0.02405220864219408,0.026878781281515725,G3,24.20698162343142
079970,2018-12-31,-0.48492219220893784,0.04703210493671181,-0.26362400941200415,G1,-10.633104482881354
079980,2018-12-31,-0.24141513174076099,0.016476264597401796,0.02556215493123586,G3,-15.573325122138574
080000,2018-12-31,0.026294587563812977,0.02702023654270389,0.08307729803973647,G5,0.4115246701589932
080010,2018-12-31,0.006383275375885844,0.01657351028025738,0.06336116302828894,G4,-0.5304741185424001
080220,2018-12-31,0.10486365323283699,0.024435939432414684,0.07069288824924248,G4,3.6703544730883078
080440,2018-12-31,-0.5341086373446501,0.06219653227676941,-0.18265410920409633,G1,-8.831420512856598
080470,2018-12-31,0.12409039914741746,0.03449530440085545,-0.02629661271725634,G2,3.157395112354993
080520,2018-12-31,-0.1428934234637962,0.025464507569465413,0.036553824960399675,G3,-6.207405215496707
080530,2018-12-31,,,-0.14772539719357927,G1,
080580,2018-12-31,0.5461775654622034,0.029313129037616587,0.0023735946567876847,G2,18.114834180541642
081580,2018-12-31,0.03312333184317984,0.014499911048210195,0.07514089235928877,G4,1.237817125259986
081660,2018-12-31,-0.1012149168190587,0.026010533715135516,0.10202746968331744,G5,-4.474725960132459
082270,2018-12-31,1.2653346524030789,0.04700980242066473,-0.0785931138966682,G1,26.593593131558677
082660,2018-12-31,-0.22553508080597157,0.056941435767300215,-0.1959530774082407,G1,-4.227328854555562
082740,2018-12-31,-0.1457033286976315,0.029410977976583635,-0.039802874288879526,G2,-5.4700126754941
082850,2018-12-31,0.4549046748183164,0.037388321155776116,-0.04825218336190834,G1,11.761148069560322
082920,2018-12-31,0.5787518684758063,0.01816953489906992,0.12662308432182298,G5,31.017677556055464
083310,2018-12-31,0.434838296322074,0.027063841816424912,0.11175392739381129,G5,15.506416477590543
083450,2018-12-31,1.3226133841008432,0.03162903043172303,0.10953313315301827,G5,41.336654099790564
083470,2018-12-31,-0.07155379584024878,0.014042950695616787,-0.09203404293319395,G1,-6.1759733657883
083550,2018-12-31,1.1761847512522507,0.03679790591551654,0.055520636142284904,G4,31.550970870049696
083640,2018-12-31,-0.4849330146394846,0.039553002800879776,-0.018315181299510368,G2,-12.643998504743603
083650,2018-12-31,-0.17717889337006112,0.03685573631234344,-0.08330835722697376,G1,-5.219105795984279
083660,2018-12-31,0.032495927871528094,0.009044464404105333,-0.010486007203397811,G2,1.915075726397606
083790,2018-12-31,-0.24204876427869848,0.02514382437882078,0.027820418756896434,G3,-10.230100800748625
083930,2018-12-31,0.039342294250982804,0.020636042356468765,0.1474343094107909,G5,1.171116059976895
084010,2018-12-31,0.03248164088117439,0.01962441197985534,-0.027376546808488465,G2,0.881888704027461
084110,2018-12-31,-0.2645120094774079,0.020981664677028406,0.11487551884494472,G5,-13.330072108938985
084180,2018-12-31,-0.602737862077557,0.028983761491739916,-0.24951934754918068,G1,-21.319281001074163
084370,2018-12-31,0.5813797434025653,0.029260192202366756,0.12342886217195465,G5,19.35068115252531
084670,2018-12-31,-0.07367932246654488,0.010693570088725499,0.01407446341610618,G3,-8.309144220524175
084690,2018-12-31,-0.2558229948608979,0.01392428877326944,0.037130359511096084,G3,-19.462257132593635
084730,2018-12-31,-0.0448376228182282,0.021422846420177815,0.015292094628789507,G3,-2.8013418606531215
084870,2018-12-31,-0.01896563567079612,0.04097174913627455,-0.009197523856384136,G2,-0.8332748789952986
084990,2018-12-31,-0.5703766310320538,0.05227591782465622,-0.10738230932382573,G1,-11.201175398375003
085310,2018-12-31,-0.32762091124433024,0.030395575545592537,-0.14397373805611105,G1,-11.277825759973004
085370,2018-12-31,0.07605860720031499,0.03477752096642785,-0.06435315276809954,G1,1.7506570875517415
085660,2018-12-31,-0.28787288534659977,0.03029032981745322,0.03861637445988949,G3,-10.004776468460339
085670,2018-12-31,-0.27276485729395594,0.029617936399774794,0.06027975118454702,G4,-9.721810022156173
085910,2018-12-31,-0.08586883012214983,0.013328133239313948,0.0383822942568386,G3,-7.581251022990954
086040,2018-12-31,-0.1149546720723495,0.03158550224182276,0.07247297490816035,G4,-4.1199207379707845
086060,2018-12-31,0.775335192367541,0.05844078240645133,0.07492003307306211,G4,13.007356634066342
086280,2018-12-31,0.1741745084241395,0.01816070915001827,0.07209077859935333,G4,8.755132493877353
086390,2018-12-31,0.5455111194855226,0.032654588418166416,0.374640058203872,G5,16.240781205422483
086450,2018-12-31,0.4693746762548516,0.019626764948292404,0.13140523501489199,G5,23.141846545699305
086670,2018-12-31,0.20330632743184238,0.03540096935431856,0.07653212594868694,G4,5.314296111949078
086900,2018-12-31,-0.4210955866211054,0.030540950597602437,0.2154335717816941,G5,-14.284777379794878
086960,2018-12-31,-0.2211413500000052,0.018127334402897783,0.03962731799930243,G4,-13.036469586790826
086980,2018-12-31,0.1593640369587355,0.024299167462202096,0.03533237713008274,G3,5.933904671839719
087260,2018-12-31,-0.05839626448292953,0.03288661954325208,0.03181940446565491,G3,-2.2371213319486416
088130,2018-12-31,-0.0727857491101664,0.019092826964100154,0.10640901840999538,G5,-4.607009894790129
088260,2018-12-31,0.2551373692934774,0.012048343739713708,0.006956363868982297,G2,19.91661931669129
088290,2018-12-31,3.021159091396739,0.06847645844567918,-0.03159382579801489,G2,43.8980646195124
088390,2018-12-31,-0.25453599676139693,0.019501323934191975,-0.14601972757094453,G1,-13.830398966988444
088790,2018-12-31,-0.32236787311700577,0.014374201645611963,0.04811024625069125,G4,-23.482554027827128
089010,2018-12-31,1.1258998644119194,0.03967653853155982,0.007364898348765426,G2,27.99449780366952
089030,2018-12-31,0.7602822639870771,0.03284500478410504,0.06794823829724853,G4,22.685555238972114
089230,2018-12-31,0.15299708719449515,0.03841297011034526,0.08738555427324476,G5,3.5879025538933416
089470,2018-12-31,0.03692211459692876,0.020076898510563337,0.02052677590223171,G3,1.0831862776278876
089590,2018-12-31,-0.3555882276463224,0.022779088750401015,0.09045844193154733,G5,-16.276477313990625
089850,2018-12-31,0.3160894524118531,0.031240576295345532,-1.6208607190287414e-05,G2,9.632164142366571
089980,2018-12-31,0.29459943520311127,0.03198926763485008,0.0655029299647673,G4,8.734940254328897
090080,2018-12-31,-0.3873783579980176,0.039192749757227835,-0.24679286784087257,G1,-10.271120401720179
090120,2018-12-31,,,-0.07402309985277387,G1,
090150,2018-12-31,0.4688717050678335,0.036898584583999215,-0.02490350959732039,G2,12.295772766081026
090360,2018-12-31,-0.2961867464907612,0.02701070376029181,0.016187816912950535,G3,-11.52735015299565
090370,2018-12-31,-0.3448300615387208,0.03799073328840653,-0.12903586948104678,G1,-9.47613073005729
090410,2018-12-31,0.20594303124772714,0.035320193313485605,0.07905509316294858,G5,5.401101175228598
090430,2018-12-31,-0.011827440168144576,0.027100601975204943,0.08433720614974094,G5,-0.9963813285700698
090460,2018-12-31,0.36910203865573277,0.03207072612599785,0.21124740226719882,G5,11.035825744396421
090470,2018-12-31,0.9968092719981299,0.04236911221372362,0.05401805461855794,G4,23.16862749952107
090710,2018-12-31,0.12268921262985528,0.037251493230733373,-0.3977273602339161,G1,2.8861693766464853
090740,2018-12-31,0.8326188198352925,0.043491878731084926,0.031799294402707484,G3,18.795318805533288
090850,2018-12-31,0.48307972790035364,0.024167835624885056,0.029541461855445664,G3,19.36063458597858
091090,2018-12-31,-0.25299791176611197,0.025630257903912445,-0.0606279352197768,G1,-10.463141120329276
091120,2018-12-31,-0.5096163996158141,0.02988548027322236,0.08144812074282702,G5,-17.56008230254176
091580,2018-12-31,-0.23938503126759997,0.027506831247742163,0.09133856608341813,G5,-9.254432930054557
091590,2018-12-31,0.42376684417969684,0.03772210008925687,0.004728024088363453,G2,10.83162786748195
091700,2018-12-31,0.4226206627080424,0.029171041595315323,0.05433213140723777,G4,13.967467282365286
091810,2018-12-31,-0.3956972669819165,0.024830538293977165,0.11462392674766098,G5,-16.547058132627573
091970,2018-12-31,-0.2462877320671999,0.04765484201205853,0.06186842584282271,G4,-5.486595163488285
091990,2018-12-31,-0.1263265685044554,0.027551753189410402,0.009794682068332027,G2,-5.135849655905047
092040,2018-12-31,-0.2268910546843561,0.03280244108954449,0.22979454466609356,G5,-7.379516288331099
092130,2018-12-31,0.17199971724410448,0.007713935619741261,0.28447208838014876,G5,20.330040506146442
092200,2018-12-31,-0.9667067972654158,0.02915219537611255,-0.00399759213634464,G2,-33.68123320492471
092220,2018-12-31,0.05786236531922177,0.026926968852283923,0.004990890080543166,G2,1.5852980675410218
092230,2018-12-31,-0.1837390015665618,0.006930078474311216,0.01899869936489294,G3,-28.703007611943494
092300,2018-12-31,0.09733767020375128,0.019330410212237196,0.05343897935476534,G4,4.250431091150831
092440,2018-12-31,0.10212607747451369,0.012184579578299182,0.0530648496278249,G4,7.1361496950141134
092460,2018-12-31,0.02503551817392269,0.017890689818406528,0.019078080443648258,G3,0.5511483705239345
092600,2018-12-31,-0.9479512841186999,0.03782441030273339,-0.289034954339906,G1,-25.463090370560465
092730,2018-12-31,-0.02407885956635855,0.024348444356859136,0.2712738859974982,G5,-1.6121749966444656
092780,2018-12-31,0.1238853938165156,0.028523042274204335,0.04542458652543474,G4,3.8113150462169396
092870,2018-12-31,0.48365316404762004,0.030096348333927977,0.029228671294647377,G3,15.565943921726221
093050,2018-12-31,-0.4621965916854509,0.017076542623714625,0.07279505163173149,G4,-27.9548205885348
093190,2018-12-31,-0.1375658941062081,0.012594105412407429,0.10538045448480561,G5,-12.127974376702445
093230,2018-12-31,0.3647784819875093,0.049712101925325984,-0.08382970014942968,G1,7.032560982428385
093240,2018-12-31,-0.20314384716573106,0.029661790618764988,-0.035734884346996044,G2,-7.360275163582821
093320,2018-12-31,0.7796228408151675,0.03173737096854998,0.1871348978614533,G5,24.086675230274594
093370,2018-12-31,0.3008174811173508,0.03758488079232795,0.08141044540755119,G5,7.599927988668759
093380,2018-12-31,0.20952305724601028,0.046977922238602726,0.00954392547625128,G2,4.137006371332271
093920,2018-12-31,0.3467360676146358,0.019667978165403922,0.037609682261829085,G3,16.85790838251461
094190,2018-12-31,-0.07495118065244105,0.036285880813566075,-0.24031884677040716,G1,-2.483783561668555
094280,2018-12-31,0.4443403564697349,0.01986363238274141,0.07464489294774587,G4,21.605578202789232
094360,2018-12-31,0.6432793234655114,0.03694900227856015,0.07645533209419698,G4,16.999220306335943
094480,2018-12-31,0.2848119622350679,0.02382833843986827,0.019643463774057526,G3,11.315806567148949
094820,2018-12-31,-0.13231773794854598,0.019011442863340697,0.14973281014496231,G5,-7.758108242584345
094840,2018-12-31,0.17697749744731367,0.025117090190446865,0.06693890143819137,G4,6.441924704952306
094940,2018-12-31,-0.11936369928308754,0.04432886173791808,0.037131976931927095,G3,-3.035015735605148
094970,2018-12-31,0.23983065617641805,0.0351142397703823,0.15689849713835968,G5,6.397847825056683
095190,2018-12-31,-0.2849597253929125,0.03656202108446646,-0.01849235990583123,G2,-8.208923088045175
095270,2018-12-31,-0.053111261866616494,0.03168149441008441,-0.16930595498320278,G1,-2.155401971121644
095340,2018-12-31,0.466055615963071,0.03322674544686565,0.07748248316193566,G4,13.56980698128064
095500,2018-12-31,0.1114770920482922,0.027400918473898743,0.03081531142641539,G3,3.5145536638513666
095570,2018-12-31,0.12701208345573106,0.01788323359059898,-0.01922688074488621,G2,6.253734217371279
095610,2018-12-31,0.8608916696048662,0.03815392409126795,0.2196169724306985,G5,22.16591336578827
095660,2018-12-31,0.422158944402961,0.025589073137513425,0.09989245272597262,G5,15.904595238088806
095720,2018-12-31,0.02147590366468373,0.04094536039652754,0.04704206398422195,G4,0.1538833697079706
096240,2018-12-31,0.00383757784012681,0.021519275026764245,0.06985628160876688,G4,-0.5268539845664468
096350,2018-12-31,-0.6148575520483035,0.04453649985118638,-0.075046538726576,G1,-14.146433774240101
096530,2018-12-31,0.744078155257595,0.029217378480865842,0.06512861707074959,G4,24.94758597531217
096610,2018-12-31,0.025086993013873626,0.031456567959363475,-0.00163353864869654,G2,0.3150979278387689
096630,2018-12-31,0.3509984738930626,0.032707277951099026,0.08642206538774677,G5,10.267542923082646
096690,2018-12-31,0.024105256066660363,0.04299343197941353,-0.10961194597716413,G1,0.20770992271511596
096760,2018-12-31,-0.14122840375840867,0.027699097503643362,0.0003348802856924018,G2,-5.646519615694885
097230,2018-12-31,-1.2146220540129256,0.0421318397194724,-0.003075409164404709,G2,-29.18925819129373
097520,2018-12-31,1.1453009608908802,0.032508355627137546,0.10939882241131765,G5,34.764165872312134
097780,2018-12-31,0.1968307876156458,0.034313297628669616,0.02408025813886873,G3,5.294031950776691
097870,2018-12-31,-0.14681474390318816,0.03361093219268462,0.0703359202549532,G4,-4.819558011884117
097950,2018-12-31,-0.29550348775108704,0.016176043533802517,0.06637864974052313,G4,-19.20609206663122
098120,2018-12-31,0.8549611687894785,0.040561106636628014,-0.1379114797473958,G1,20.70421999773954
098660,2018-12-31,0.37363866381704713,0.023306788925476562,-0.010762215596103205,G2,15.380221244988974
099190,2018-12-31,0.06245344344341609,0.017080748813201593,0.10470456327028113,G5,2.767931917242188
099220,2018-12-31,0.6625452843706964,0.04212392505869456,0.02090546686963641,G3,15.368230520676931
099320,2018-12-31,0.5409238776377961,0.03057112857344236,0.06884954743613979,G4,17.197558890958444
099440,2018-12-31,-0.2660738908097723,0.023536936152975797,-0.009574011664521969,G2,-11.949260626565131
099660,2018-12-31,,,-0.8333256001672533,G1,
100030,2018-12-31,1.0785859413347425,0.0450298053982955,0.11607639202592054,G5,23.615710489880033
100120,2018-12-31,0.14810278999921378,0.022359006592982067,0.16073098676081013,G5,5.9451521610972495
100130,2018-12-31,-0.19634089811667554,0.022488532931293333,-0.022573950711736433,G2,-9.405504236130263
100220,2018-12-31,0.2182689620373497,0.024325570982202824,0.02374548932718295,G3,8.34898669194566
100250,2018-12-31,-0.06961528939928974,0.01007956864476699,0.015586342756351927,G3,-8.412104329114237
100700,2018-12-31,-0.06195599577292804,0.017375553351771558,0.14752172970995564,G5,-4.439058016993903
101060,2018-12-31,0.04444745149243358,0.018242834191388994,0.029745536206939833,G3,1.604594853649
101160,2018-12-31,0.5875083917659096,0.031110213053432166,0.1585151680210948,G5,18.396958489161147
101330,2018-12-31,0.32738837295398765,0.02843512562745847,0.08884662838769795,G5,10.979845259397734
101390,2018-12-31,0.006950472536809596,0.03163590522665385,-0.12024244116087288,G1,-0.2599774224010442
101400,2018-12-31,-0.43189290706733474,0.0372766358157137,-0.5636553295621051,G1,-11.993249683541324
101530,2018-12-31,-0.25366539037495006,0.016945219964886574,0.009323199574062644,G2,-15.865269649198583
101670,2018-12-31,-0.0837455667343201,0.030110833912788185,-0.07066776564578113,G1,-3.2852182258979847
101730,2018-12-31,-0.3748983446636412,0.03526186852238095,-0.9562206172682888,G1,-11.062188552175494
101930,2018-12-31,-0.14535794657625284,0.020393540198267647,-0.006836676316099116,G2,-7.87175932420249
102120,2018-12-31,0.6573534177621267,0.030520773977059084,0.08974366306893361,G5,21.040695908034994
102210,2018-12-31,,,-0.037875160932935525,G2,
102260,2018-12-31,-0.09043273846698366,0.013825838343294296,0.0036258716223441655,G2,-7.638439671990202
102280,2018-12-31,0.47858989825559006,0.04022048340972291,-0.3278715165524296,G1,11.521860637572678
102460,2018-12-31,0.13019426055529015,0.03196933914764601,0.002798833377850704,G2,3.597796200638715
102710,2018-12-31,0.9197594186606822,0.030596027714170644,0.12307461877645688,G5,29.5654172325371
103140,2018-12-31,-0.23378779204080016,0.019811207208114776,0.0327462934336214,G3,-12.566770063955639
103160,2018-12-31,,,0.012856759243330537,G3,
103590,2018-12-31,0.11483565854235803,0.019770282397692043,-0.016818193817039216,G2,5.04092773712901
104040,2018-12-31,-0.14666539560381375,0.031001913630478606,0.03434797145087387,G3,-5.22033869153367
104200,2018-12-31,0.05025739558609976,0.01609673275946623,0.06561622419230179,G4,2.1794672544656395
104460,2018-12-31,1.0307900530061422,0.026242349506269573,0.10316963555385379,G5,38.70137310420861
104830,2018-12-31,0.3026376765123765,0.030836237640166634,0.16061113036949182,G5,9.322232700171405
105330,2018-12-31,0.14071453615673002,0.02167379422193952,0.0040602901077717215,G2,5.792222683220488
105630,2018-12-31,-0.18596389338907382,0.02522043377025285,-0.04086791992385674,G2,-7.975239000816601
105840,2018-12-31,-0.013617566811403942,0.042325736689361945,-0.045410073467296856,G1,-0.680263657445079
106080,2018-12-31,,,-0.8989374182220957,G1,
106240,2018-12-31,1.3117221529703993,0.04144189564599472,-0.13856922790569887,G1,31.28590135964857
106520,2018-12-31,-0.21606372184204573,0.046217449298383166,-0.3746044600207696,G1,-5.003279475293199
107590,2018-12-31,0.18049965534306195,0.01078809077475403,0.05940003381515667,G4,15.324728458625023
107640,2018-12-31,0.9362090530205635,0.062430093084209715,0.016749090091437747,G3,14.753044787955947
108320,2018-12-31,0.18396349053753897,0.025392140352350896,0.09750626759806137,G5,6.647269374003485
108380,2018-12-31,0.13306371995658994,0.014262193146743764,0.049387312449791436,G4,8.265813336748044
108490,2018-12-31,-0.2959035977723203,0.03202369138965398,0.03168307681854058,G3,-9.714017276152632
108670,2018-12-31,-0.10710043487265676,0.017482046335766707,-0.007017134223262093,G2,-6.994348725380662
108790,2018-12-31,-0.05448620907133728,0.01897283634918696,-0.006602423945831656,G2,-3.671633561909748
108860,2018-12-31,-0.07865568907727902,0.01060088833766978,-0.2599194745268469,G1,-8.851218852745985
109070,2018-12-31,-0.5047051231870031,0.04291617550300572,-0.2615653432535255,G1,-12.113852428055967
109610,2018-12-31,-0.21634486001457925,0.019078414990344197,0.009917783850971307,G2,-12.135177569243195
109740,2018-12-31,0.2850477503934425,0.031551615849088124,0.12257187882629536,G5,8.553370390007563
109820,2018-12-31,-0.1704728076490221,0.040927722613797325,-0.1042793032047877,G1,-4.535993928462472
109860,2018-12-31,0.1362549110890367,0.010713219103936493,0.0930026590387526,G5,11.301908070897946
109960,2018-12-31,0.18972397360127374,0.03826799183779444,0.03689366300070879,G3,4.56122392594236
110790,2018-12-31,-0.3143061158903532,0.02424895547748297,0.16028972789793813,G5,-13.587439254002538
110990,2018-12-31,0.4871070807635062,0.029776258695387307,0.027481666189004675,G3,15.849270788463938
111110,2018-12-31,0.4979822326545876,0.020451814709695704,0.020215329180961354,G3,23.60705618913816
111770,2018-12-31,-0.1468800749490539,0.02290608616380816,0.06408474271746152,G4,-7.074764646527063
111820,2018-12-31,,,-1.5834022882409289,G1,
112040,2018-12-31,0.4154281880320539,0.0400873057548388,-0.10085926261333401,G1,9.984534676561095
112240,2018-12-31,-0.3750065943720832,0.02508369105205072,-0.03128615325480451,G2,-15.55519429717831
112610,2018-12-31,0.37151591530768,0.025186322457653242,0.011185826023530715,G2,14.148187861640029
113810,2018-12-31,0.23511647891244813,0.03975118155644989,-0.0734261528456,G1,5.5329521455143365
114090,2018-12-31,-0.2653493533986289,0.01784457663475689,0.13576695591686153,G5,-15.720431634404504
114120,2018-12-31,0.03491377283786866,0.03110607013219183,-0.26768093256238884,G1,0.6345603646177798
114190,2018-12-31,0.35792600348144815,0.032833481137546965,0.026875157969193906,G3,10.439067012499448
114630,2018-12-31,-0.1513097548839768,0.01898789788571832,-0.03989985630357722,G2,-8.767945220632168
115160,2018-12-31,-0.07493205157038635,0.02580299028066483,-0.062431835194790265,G1,-3.4921202629319237
115310,2018-12-31,-0.1185354945566276,0.010363332659338961,0.15151149407099163,G5,-12.902276959052601
115390,2018-12-31,-0.33120900291383715,0.0219930751747093,0.05074270879825627,G4,-15.749689108738945
115480,2018-12-31,0.19127716056622313,0.03268239153658268,0.02814008344037503,G3,5.388285821621909
115530,2018-12-31,,,-0.18395748190873576,G1,
115570,2018-12-31,0.42546787631954985,0.038124608417532124,0.04846862836866123,G4,10.761888442057082
115960,2018-12-31,-0.030441199361166654,0.026877152952890483,0.030178163240957998,G3,-1.6972144733514145
117580,2018-12-31,-0.04917341188874662,0.014756200730679167,0.023605636214109972,G3,-4.360777323116809
117670,2018-12-31,-0.42842840289720835,0.031006668286684594,-0.05704227324545649,G1,-14.306712750581681
117730,2018-12-31,0.15892820804124094,0.03247710140157832,0.09895423798635218,G5,4.4262913931505
118000,2018-12-31,0.960682866550806,0.040567438297317404,-0.19040225385374723,G1,23.307061342849707
118990,2018-12-31,-0.5073740775777055,0.03229953939584835,-0.007307159757447483,G2,-16.178223621288872
119610,2018-12-31,0.18778691310097093,0.023060943163251645,0.12293797814312409,G5,7.4850286150947465
119650,2018-12-31,0.6146022791683627,0.035812338407499214,0.012289046375899355,G3,16.738007407242698
119830,2018-12-31,-0.3630629447303228,0.04525354735604842,0.016914541845379227,G3,-8.35819643899646
119850,2018-12-31,-0.004443637738616162,0.019124437090270324,0.07353868445708264,G4,-1.0258462133537043
119860,2018-12-31,0.5615150860187796,0.027847541925659764,0.19291176875230995,G5,19.618966508580883
120110,2018-12-31,-0.25348775967699905,0.019547702758016487,0.016196762952589247,G3,-13.743960435441936
121440,2018-12-31,0.00256097622196938,0.01614945565654214,0.012480377807313684,G3,-0.7810862284933691
121600,2018-12-31,0.13058553739365933,0.02781669679256861,0.08447710154010862,G5,4.148962927601566
121800,2018-12-31,0.3479043155124262,0.04890544347433311,0.312019067367357,G5,6.803521208310741
121850,2018-12-31,-0.041418074159070645,0.04225031056040906,-0.17175707519742434,G1,-1.3394734154939074
122350,2018-12-31,-0.04397995159893986,0.02355355375969189,0.002097094793967388,G2,-2.5115125231392033
122450,2018-12-31,-0.289905015371988,0.018237129518243016,0.03619764644996221,G3,-16.728515784228442
122640,2018-12-31,0.5440554063413717,0.04497385917426337,-0.060359146761531916,G1,11.759727148589212
122690,2018-12-31,0.012548173552686517,0.028509874052780958,-0.03514079579663889,G2,-0.09214071150959813
122800,2018-12-31,,,-0.20584794588226282,G1,
122870,2018-12-31,-0.27723104981149205,0.031147301093877134,0.04449147645226874,G4,-9.387848486876809
122900,2018-12-31,0.3666917089977883,0.022827335244328832,0.03222029189515232,G3,15.398933410423341
122990,2018-12-31,-0.07010096009042216,0.022725225073089345,0.14959680911573972,G5,-3.7524844506100297
123040,2018-12-31,1.3426989113013188,0.04526525104721565,0.00986613051004477,G2,29.327658346214307
123260,2018-12-31,-0.59611894919559,0.041820936249585695,-0.2321027157847758,G1,-14.616938252658192
123330,2018-12-31,-0.24507889297863028,0.0309452244796282,-0.17881675854193962,G1,-8.410150224727532
123410,2018-12-31,0.17612182117379305,0.03853987186852362,0.010502317913945328,G2,4.176109564917446
123420,2018-12-31,0.14437467756008937,0.038045018963675716,0.07914120468794483,G5,3.395965817509162
123570,2018-12-31,0.7316250129552655,0.03400338962727281,0.0779486558233086,G4,21.069955883094366
123690,2018-12-31,0.3742836689726987,0.03937320757526978,-0.08150134699101859,G1,9.120632974929258
123700,2018-12-31,0.1305880084899213,0.01502891978714289,0.038677865197580215,G3,7.679388571605609
123750,2018-12-31,-0.916298391984748,0.03956106367076484,-0.0326572978253455,G2,-23.545208323254837
123840,2018-12-31,-0.13632176731776052,0.030638153860818328,-0.1096565166695418,G1,-4.94471245359406
124500,2018-12-31,0.592252008777192,0.027878940637085414,0.019821966674499165,G3,20.69938462355302
126560,2018-12-31,-0.03999216296756558,0.014084201969574954,0.06784199133801767,G4,-3.9169600606195547
126600,2018-12-31,0.30092255074542473,0.02542215050850289,0.034390567939062,G3,11.24009776501373
126700,2018-12-31,0.4546281195558733,0.03174478486447104,0.148697016731452,G5,13.843314037221687
126870,2018-12-31,-0.38771916052823324,0.03779265758204144,-0.0593101996260693,G1,-10.660648918022687
126880,2018-12-31,-0.00293402357132011,0.042195626700077,-0.017246809120768345,G2,-0.42917047619643117
127120,2018-12-31,-0.008775501269336572,0.03185056905257739,-0.10702615242524896,G1,-0.751967566505919
127160,2018-12-31,-1.2390673802492738,0.058865473704587765,-0.03063175762810002,G2,-21.306929086760775
128540,2018-12-31,-0.048661744410102764,0.02915042224684743,0.02836814642935683,G3,-2.189911264491731
128820,2018-12-31,-0.0747029651470778,0.033502333089087274,0.0005116810958430719,G2,-2.682740289789328
128940,2018-12-31,-0.393529989450105,0.024747655959538796,0.029774428112614517,G3,-16.514900795100615
129260,2018-12-31,0.0020826846899527213,0.023638973504425648,-0.025987913844428737,G2,-0.5538484545682546
130500,2018-12-31,0.4148050967051241,0.036639575251258535,0.007583311610652914,G2,10.907058838200872
130580,2018-12-31,0.1797895663763665,0.016265208565790053,0.2049082310257448,G5,10.120649365027791
130660,2018-12-31,-0.050050752804986186,0.013607534928596688,0.11109932375991063,G5,-4.793362411355688
130740,2018-12-31,-0.08019081208649781,0.020374442125720198,0.01892626305526263,G3,-4.68066340815629
131090,2018-12-31,0.15731663676268082,0.028428258082857493,0.08136086020962,G5,5.00000888958563
131100,2018-12-31,0.029398855906090232,0.05100031598804331,-0.2482038515452001,G1,0.2788955714797162
131180,2018-12-31,-0.026680431740803395,0.02127315262394501,0.04133313667801519,G4,-1.967528091094956
131220,2018-12-31,0.44003853834219786,0.022328987310935574,0.0771463394377859,G4,19.027439032184102
131290,2018-12-31,0.9692982246074445,0.03419002660172723,0.07200748170998383,G4,27.9064752446342
131370,2018-12-31,0.4160161123096896,0.032265298984946233,0.11716758735014587,G5,12.423285426976767
131390,2018-12-31,0.010788804461664359,0.026150241393976464,0.0793649854292625,G5,-0.16773417519215633
131400,2018-12-31,0.4984543201235284,0.02683208595973679,0.03576160509808213,G3,18.011243226328364
131760,2018-12-31,0.679171244065603,0.04856886856157131,-0.020282904389648963,G2,13.671229536485676
133750,2018-12-31,0.7506528501408084,0.042482276769411076,0.020711586248423508,G3,17.312578619548535
134580,2018-12-31,0.00783069280974956,0.03566306250388189,0.059189565603725236,G4,-0.20593859045082835
134780,2018-12-31,,,-0.19194175956075116,G1,
136480,2018-12-31,0.07800065810105161,0.03435726474040158,-0.02045420808145872,G2,1.82859622099703
136490,2018-12-31,-0.21943629656004712,0.01892627368886895,0.029722914698957586,G3,-12.396068769257374
136510,2018-12-31,0.14527363540989557,0.03602293588776374,0.02818751150306581,G3,3.6115474369519283
136540,2018-12-31,0.2749716606678896,0.02362709527056955,0.08059373961379054,G5,10.995704891347323
136660,2018-12-31,-0.1065252926407497,0.06147442974575896,0.021110268545146183,G3,-1.9796911785441074
137400,2018-12-31,0.4191470505719025,0.030498976529020085,0.013401702567400923,G3,13.245426663893468
137950,2018-12-31,0.4968280450857864,0.04308289125942055,0.018896808330617697,G3,11.179680317938477
138070,2018-12-31,0.03631272814242792,0.013940440193988555,0.034269518715990724,G3,1.5162817110025106
138080,2018-12-31,1.3828711274232615,0.04147791864705734,0.01967398340950886,G3,32.97407580713634
138250,2018-12-31,-0.3343957020297775,0.018129590877092486,0.06430244276480852,G4,-19.281780710475594
138360,2018-12-31,0.12078009102917853,0.025732919576552934,-0.4945080403495154,G1,4.103887127228418
138490,2018-12-31,-0.2811116742221338,0.021072732941921617,0.04747785840647767,G4,-14.060196590147374
138690,2018-12-31,-0.09420308068326337,0.02440442298463532,0.046312156019089945,G4,-4.4818996288125765
139050,2018-12-31,-0.2131738474528684,0.05809721253925583,-0.023223490612887813,G2,-3.9304629448707824
139480,2018-12-31,-0.450196082495131,0.01880560378726733,0.0349153332654411,G3,-24.74640970810933
139670,2018-12-31,2.5840475829393275,0.05762891835404729,-0.20884705674334333,G1,44.57610107349787
140070,2018-12-31,-0.0896770851822182,0.02398809457268124,0.14392795402391564,G5,-4.3710090644126245
140520,2018-12-31,-0.1407722995657242,0.02610888251433498,-0.009736642144827523,G2,-5.972963152025396
140670,2018-12-31,-0.1566475659255805,0.030002097565029223,0.002155677445921293,G2,-5.727021558613211
140860,2018-12-31,0.1591072341522738,0.017487163965566217,0.1432824053296753,G5,8.23073088367732
141000,2018-12-31,-0.051895820026735984,0.02397962202100597,0.2015479975749936,G5,-2.7969962829664765
141020,2018-12-31,-1.5541679966483843,0.0552237751682082,-0.19747419475098482,G1,-28.417888590579352
141080,2018-12-31,-0.1733905919258577,0.030245051333852302,-0.21717133693510066,G1,-6.2345963138690745
142210,2018-12-31,0.34551353831388687,0.03381629630586188,0.07425519904689389,G4,9.768616932294435
142280,2018-12-31,-0.3084283233458309,0.04502829741655836,-0.14737077344177985,G1,-7.186667841005027
143160,2018-12-31,0.5157546127730995,0.056419906889198145,0.026048932459357767,G3,8.872391798221472
143210,2018-12-31,0.16852459992699798,0.016658132373749766,0.005148396244243251,G2,9.205684217979353
143540,2018-12-31,1.320011812718888,0.0485621377503702,-0.16723685646892084,G1,26.869425019823844
144960,2018-12-31,0.722228106653904,0.03440615956308643,0.11018638030413812,G5,20.550187001385822
145020,2018-12-31,0.22514661407430794,0.026037864631384418,0.10837848349559923,G5,8.064083726292308
145210,2018-12-31,,,-0.25339549773265474,G1,
145720,2018-12-31,-0.08596085313373569,0.024669851329046064,0.09616243763989397,G5,-4.099576662126776
145990,2018-12-31,-0.23334735797117112,0.014855898604612183,0.03706160496479315,G3,-16.72887370993319
148140,2018-12-31,0.058950171167437226,0.022807667729223362,0.004721123676692192,G2,1.9193140681539145
149940,2018-12-31,,,-0.01539141319932868,G2,
149980,2018-12-31,0.29429025748050863,0.0316207488867924,0.0024551399261070347,G2,8.82696247476077
150440,2018-12-31,0.04320756564198619,0.041065650621160826,0.04962621101287517,G4,0.6826257854193715
150840,2018-12-31,0.23516987065926753,0.06410469733085855,-0.15992017102448394,G1,3.4318043167861307
150900,2018-12-31,0.25296558320091256,0.02785586527061212,0.015178907977313971,G3,8.53646035611833
151860,2018-12-31,0.003878704554229062,0.020907224778680438,0.0628236738595036,G4,-0.5403103089152655
151910,2018-12-31,-0.1436118337576626,0.03428565140151762,-0.16760064571380132,G1,-4.6312938765863105
153360,2018-12-31,-0.04918073892126261,0.005275323269876399,0.10608898620621736,G5,-12.199410208984075
153490,2018-12-31,0.562032554972458,0.030157964563134885,0.02181752924124929,G3,18.1331024577162
154030,2018-12-31,-0.0063040403008808865,0.04117741467899302,-0.06448078403788848,G1,-0.5216241500658714
154040,2018-12-31,-0.039075577718655,0.034443316718405635,-0.07336480268407877,G1,-1.5750710593623987
155650,2018-12-31,0.4439383090933126,0.0385463294157906,0.1123266097719111,G5,11.123321518772418
155660,2018-12-31,0.26015104621214086,0.039028792529584744,0.043179812608057505,G4,6.276800707925681
155960,2018-12-31,,,-0.6409292873151516,G1,
156100,2018-12-31,-0.012413038689432998,0.00867717907292345,-0.030306701197896087,G2,-3.1793895332272997
158310,2018-12-31,0.14680399171102237,0.062205326367376614,-0.23306288359145613,G1,2.116039023743406
159580,2018-12-31,0.6486506773765542,0.038025348978889754,-0.04247471685188682,G2,16.659297041436158
159650,2018-12-31,0.653704476888049,0.016880477699629446,0.07671237837365473,G4,37.826499617905185
159910,2018-12-31,-0.3764269387086542,0.04139832468548292,-0.22398110242968108,G1,-9.459369076327269
160550,2018-12-31,0.17660936006575473,0.03255770395097728,-0.06057604789699761,G1,4.958404520044485
160600,2018-12-31,-0.5045257075507447,0.046353991765393544,0.07609743752401531,G4,-11.211565204869713
160980,2018-12-31,0.5179958371497807,0.0280918774130101,0.1165841725598674,G5,17.89915056670268
161000,2018-12-31,0.0436577221434741,0.019458789181685882,0.1299985361921302,G5,1.4637410501020505
161390,2018-12-31,-0.2887780134616602,0.018801167833499628,0.07121975834556735,G4,-16.166714205542068
161570,2018-12-31,-0.31048383282042047,0.046650988144392315,-0.3538555235961654,G1,-6.980750878103856
161580,2018-12-31,0.4828150850401922,0.03056488641011506,-0.14726857314598918,G1,15.299909351289916
161890,2018-12-31,-0.4466667786190498,0.022185513076894793,0.025332804085441224,G3,-20.81727254408175
163560,2018-12-31,-0.030574655972423634,0.015666377151707194,0.04710806457315436,G4,-2.920250748616567
166480,2018-12-31,-0.2042568215616727,0.030262381832135768,-0.03348606112439978,G2,-7.250979662202785
168330,2018-12-31,-1.153971832980469,0.05565736368283173,-0.3880754962821537,G1,-21.006149936887272
170030,2018-12-31,0.5994983996057719,0.03978152803867636,0.01313389463295915,G3,14.688307231555381
170900,2018-12-31,-0.0547646270179841,0.019475720892146744,0.01694303639807007,G3,-3.5911235860411663
170920,2018-12-31,0.3971765471149453,0.036409235361160544,0.011565485769002785,G2,10.491883438164306
171010,2018-12-31,1.0552870990952288,0.04976210991990998,0.02036348319691831,G3,20.901686185257947
171090,2018-12-31,0.034165203976041336,0.03689873293411536,0.08466802798510592,G5,0.5146548087976462
172580,2018-12-31,-0.0012233967945890854,0.004241495149400075,0.06426835641773833,G4,-3.8662051587792816
173940,2018-12-31,0.04479930443366072,0.023647987549805984,-0.10702941996482444,G1,1.2527159335782456
175140,2018-12-31,0.12770912918381974,0.03482602014095351,0.010374847550368719,G2,3.2313205785615176
176440,2018-12-31,0.7596692529605691,0.07064373386738995,0.01425578964431476,G3,10.538714739019172
176560,2018-12-31,0.6363101932483914,0.04263917658660971,0.1746853901257447,G5,14.567239551490124
177350,2018-12-31,0.014794588118347468,0.03724454717914998,0.0140338080740995,G3,-0.010216408667315713
177830,2018-12-31,0.17296137774794135,0.03582463584921464,0.04520009231403349,G4,4.404407201209321
178320,2018-12-31,0.5668368700777102,0.030149140404130817,0.08359973539812937,G5,18.2977613640078
178780,2018-12-31,0.7133759330069491,0.06559146094375787,-0.4940043658068375,G1,10.644691082161906
179290,2018-12-31,0.5237582578365193,0.05138550736756392,0.02204517046429691,G3,9.897404740321656
179900,2018-12-31,1.3929491557035685,0.048483499510313735,0.10651378756481841,G5,28.417380675615632
180400,2018-12-31,0.2688716670227891,0.016945814008632036,-0.18397610856943697,G1,14.971046729333846
180640,2018-12-31,0.5119056967934333,0.0391713153217877,0.00284955237660945,G2,12.680978391455373
181340,2018-12-31,0.1115305640436195,0.034043356564063355,0.040195385535675955,G4,2.830375149093697
181710,2018-12-31,0.36318250998426105,0.025853684445550962,0.06166124525379248,G4,13.460650727915464
182360,2018-12-31,0.32871073027663766,0.04781521998239909,0.06624558892424279,G4,6.557235055262575
183190,2018-12-31,-0.3703250816726343,0.022098350501507713,0.013686942269359823,G3,-17.44474888654207
183300,2018-12-31,0.31883264843216147,0.024836286461697527,0.16582683273702314,G5,12.22636706447652
183490,2018-12-31,-0.3891131268518925,0.03276532979473045,-0.2130041996071254,G1,-12.338902828619528
184230,2018-12-31,-0.005827937490679835,0.030041357763441325,-0.18583909681005537,G1,-0.6991372124064961
185750,2018-12-31,-0.017038022898282434,0.014621914178790161,0.09605177772407944,G5,-2.203071098445373
187220,2018-12-31,-0.08775937260835509,0.02683000277014815,0.011816610628702451,G2,-3.83654325805146
187270,2018-12-31,-0.1274024888258412,0.021894419226871673,-0.006126807451833399,G2,-6.512051357992191
187420,2018-12-31,-0.18152169494545378,0.025309030231912936,-0.033993131135098144,G2,-7.771802663951601
187790,2018-12-31,0.21746942122801366,0.028557541536409513,-0.003294598253845903,G2,7.083744493101382
189300,2018-12-31,0.9791970575626567,0.03730389240731186,0.07510356344914254,G4,25.842396107188588
189690,2018-12-31,0.26592996151211346,0.015471649197002488,0.14333351678186287,G5,16.20737806850846
189980,2018-12-31,0.29266870689226315,0.020109654110859736,0.04197200836614396,G4,13.799024673897827
190510,2018-12-31,0.9134232547702676,0.033730513866117716,0.04136469313599982,G4,26.630135689678855
191410,2018-12-31,-0.23111664387095188,0.025242196258090772,0.0008820664519590027,G2,-9.757143751901852
191420,2018-12-31,-0.4498268660500079,0.03537566443382212,-0.011613897734351088,G2,-13.144684831371974
192400,2018-12-31,-0.012826027014882835,0.026839905333440734,0.1399441108533279,G5,-1.043264508573139
192440,2018-12-31,0.10836454752903324,0.028386159108482068,0.1854559052968231,G5,3.282918747123788
192650,2018-12-31,-0.08428908498451451,0.03796593492909865,0.14252952606942718,G5,-2.619826926512479
192820,2018-12-31,-0.5508851709907648,0.025728603837003143,0.03413467007791948,G3,-22.001204115460393
193250,2018-12-31,-0.024135545154086085,0.030169888931373845,-0.13435143269103603,G1,-1.302975920012934
194370,2018-12-31,0.0667727141043572,0.027261782165094794,0.0413608750229593,G4,1.892672319033586
194610,2018-12-31,,,-1.077870685524267,G1,
194700,2018-12-31,0.44392500993208694,0.02901171883422301,0.10804366374406849,G5,14.778507910857153
195870,2018-12-31,0.3926958236250914,0.023311178376091132,0.08005975191885241,G5,16.194836824694065
195990,2018-12-31,0.1271156594019974,0.04754059675301097,-0.07460127432835356,G1,2.354631060914247
196170,2018-12-31,1.0931595716381255,0.0477363175385078,-0.08452282417883902,G1,22.582061909898705
196450,2018-12-31,-0.29638772145990155,0.033848709046643326,-0.1669513989459849,G1,-9.204570096411315
196490,2018-12-31,-0.8800080908363644,0.04934510914390882,-0.10222999471658763,G1,-18.141274788928598
196700,2018-12-31,0.035167889229203345,0.02537230720282872,0.00412989682644378,G2,0.787977042703298
197210,2018-12-31,-2.053325873363322,0.0683626155915761,-0.1775020852146452,G1,-30.257779768905884
200130,2018-12-31,0.3759918761315967,0.026249212018808584,0.22031313541937608,G5,13.745813864435192
200230,2018-12-31,-0.2907275589683692,0.04198976520147457,-0.08346058935069198,G1,-7.285171782541558
200670,2018-12-31,-0.2613295638474825,0.020806521374976416,0.09498280521542289,G5,-13.289326576858151
200710,2018-12-31,1.2526262016392966,0.040205607643775405,0.11253917692206312,G5,30.778072525858686
200780,2018-12-31,-0.33426185134686814,0.02444541991701654,0.03464739890948123,G3,-14.294577314116117
200880,2018-12-31,0.22056492989876217,0.028821230610118716,0.00995932874735058,G2,7.126338186048654
201490,2018-12-31,0.05714714371395416,0.02784981872894264,0.18284182721923692,G5,1.5070852162271473
203450,2018-12-31,0.11930482820895617,0.02163255626559237,0.07844571876651303,G5,4.8135658725465
203650,2018-12-31,0.0627285930179487,0.0437206538531429,0.12487191730581283,G5,1.0876667019830373
203690,2018-12-31,-0.41888915620833267,0.03254545579626361,-0.15433581041345557,G1,-13.337169175277744
204020,2018-12-31,-0.23007482094007886,0.032578237110610385,0.0801341131093922,G5,-7.52802902564554
204320,2018-12-31,0.23339062988149284,0.02548011601063861,0.03187022875715905,G3,8.564150028101261
204620,2018-12-31,0.014047281075537363,0.024946223916488663,0.09733137486417297,G5,-0.0452097504294417
204630,2018-12-31,-0.0426751059118525,0.026650171141363633,0.0006647619135646241,G2,-2.170725254931748
204840,2018-12-31,-0.9733721525524546,0.04358310509625934,-0.17084489500654285,G1,-22.681891159477267
204990,2018-12-31,0.0259964511053486,0.06877235485650376,-1.094952888028186,G1,0.1573503989352845
205100,2018-12-31,0.12354110742452143,0.026037658069590557,0.09288978117285247,G5,4.161895570712773
205500,2018-12-31,0.18961553951805477,0.06953887430801409,-0.5307074886980604,G1,2.5085313448192013
206400,2018-12-31,0.013293107350486916,0.03056189445358992,-0.5869137390901686,G1,-0.061579503369131094
206560,2018-12-31,0.7036082040409325,0.039663650953167935,0.04616934958053055,G4,17.35677613795128
206640,2018-12-31,0.4338491149639723,0.037342899702512464,-0.017309014819173504,G2,11.211609828543786
207760,2018-12-31,1.6048151616027901,0.05772856462151834,0.07661726372854774,G4,27.536455797781823
208140,2018-12-31,-0.17047769993829712,0.036557620657030256,0.1063720778070522,G5,-5.078360960987589
208350,2018-12-31,0.03477203435478893,0.033833466826213264,0.0182762977542344,G3,0.5792176374502349
208370,2018-12-31,-0.04509450714028754,0.05979818845946791,-0.46270314292423925,G1,-1.0078833878738307
208640,2018-12-31,-0.339812660020707,0.04614812865034994,-0.7093479674469981,G1,-7.692354252179929
208710,2018-12-31,0.0030863431322477597,0.020591819754131803,0.0916397629407145,G5,-0.5870656719538051
210120,2018-12-31,0.44590430630931355,0.10294058512470013,-0.6342281192933645,G1,4.1842506738676315
210540,2018-12-31,-0.23652117927796676,0.026746727145124508,0.13187001948370425,G5,-9.410357818556715
210980,2018-12-31,0.04395255084954962,0.014362530055068243,0.0464018296738983,G4,2.003648180804736
213090,2018-12-31,0.04669190867916691,0.019924885508596814,0.005861421036522499,G2,1.5817814879091698
213500,2018-12-31,-0.11045333910588301,0.0170060967303321,0.03752378281150807,G3,-7.387258506813662
214150,2018-12-31,1.325088987250932,0.04187357546548512,0.23502770733713577,G5,31.282590011872475
214180,2018-12-31,-0.08970250777608887,0.02673729035121238,0.11081816471289437,G5,-3.9225216927897137
214270,2018-12-31,0.012269139368191628,0.038841719966430176,0.007301951081992264,G2,-0.07481528282678246
214310,2018-12-31,-0.4252211991944982,0.04661582745526711,-0.22523233061044404,G1,-9.447355477065477
214320,2018-12-31,0.1493187960885754,0.016834284425375656,0.0739415004706318,G4,7.968482595756261
214330,2018-12-31,-0.3397229908200423,0.03897780395105289,0.034971173447784214,G3,-9.105132882772745
214370,2018-12-31,0.08304093340097138,0.007288363503377691,0.1027062186799036,G5,9.311533341683782
214420,2018-12-31,0.08349867307806388,0.03503269384924719,-0.019507124462370226,G2,1.9502804933904132
214450,2018-12-31,0.2410420486547823,0.027431795869016437,0.05563541143853163,G4,8.233764792517098
214680,2018-12-31,0.5187747304893776,0.04347547417968068,0.027704344932324262,G3,11.583534081194411
215000,2018-12-31,0.5967150750848478,0.023653731287300535,0.10373143476315021,G5,24.585549501194865
215100,2018-12-31,1.0055119656144895,0.04806831594612613,0.1050767953371858,G5,20.602695403173218
215200,2018-12-31,0.6208920210644583,0.02559689991576277,0.14409808000136204,G5,23.663683079781638
215600,2018-12-31,-1.2022013788056314,0.06259695023980401,-0.2869279806091966,G1,-19.447855970217663
215790,2018-12-31,-0.7331673603104509,0.03943639080294964,-0.03522297124103372,G2,-18.975936659179204
216050,2018-12-31,0.7265723471142735,0.03146778140164263,0.09158162966935549,G5,22.607162684947962
217270,2018-12-31,-0.29188420592238407,0.03058432504697096,-0.300500563963951,G1,-10.039760533664406
217480,2018-12-31,-0.11700807365335036,0.03816385971421767,0.0721901895750299,G4,-3.4635691535430646
217620,2018-12-31,-0.4155625593712612,0.021207697983462514,0.05275295889125416,G4,-20.310438848200477
217730,2018-12-31,-0.9614649645024522,0.03984724483863784,-0.19213930457258044,G1,-24.509600653453788
217820,2018-12-31,0.33140986334206596,0.035832149012138985,0.052035319641714116,G4,8.825448052305632
218150,2018-12-31,0.1937683036376452,0.03598519458576462,0.05547105701499034,G4,4.962963576007341
218410,2018-12-31,0.31523316558067893,0.03590211493293275,0.11600573522099204,G5,8.357671198709218
219420,2018-12-31,0.1534326201347997,0.036978667599546294,0.05219776847973014,G4,3.738845541950712
219750,2018-12-31,0.26153106690306843,0.0413004192997721,-0.22154037978819496,G1,5.964975112770079
220100,2018-12-31,0.2965823370258302,0.02222832677711995,-0.18860593629869432,G1,12.659848229446103
220180,2018-12-31,-0.7606141394193817,0.05103309614201013,-0.18054909918168485,G1,-15.201688545283373
221610,2018-12-31,1.253754762455074,0.05617198375688277,-0.24311236435690817,G1,22.04977616925184
221840,2018-12-31,0.2705472487955313,0.025329442386534607,0.005142271390961062,G2,10.082028307829273
221980,2018-12-31,0.0016115918413575347,0.011647526099462072,0.10509328769784639,G5,-1.164496363929819
222040,2018-12-31,-0.7684328655206353,0.03205976100007545,0.04481761866527693,G4,-24.442102333568545
222080,2018-12-31,0.32420706604062643,0.025430688282172327,-0.06283268131314745,G1,12.15193112269432
222800,2018-12-31,0.5724992270614464,0.026957118895446705,0.012820608774485584,G3,20.674469537715492
222980,2018-12-31,0.3193128872689459,0.03998721300942909,0.010748508777683043,G2,7.605876247596217
223310,2018-12-31,-1.727480387552708,0.03773195915460403,-0.37995227289256855,G1,-46.18513112571917
224060,2018-12-31,-0.21209044676556427,0.038838202118610526,-0.11072066138689256,G1,-5.851597859871627
224110,2018-12-31,0.19732517371057168,0.027520239238491055,0.06950528018883263,G4,6.618768045549892
225190,2018-12-31,-0.09307351132225014,0.015115093053236248,0.3354607291423889,G5,-7.16162345636583
225330,2018-12-31,-0.24392728463127766,0.014988395143613532,0.07025683160643872,G4,-17.286865990762088
226320,2018-12-31,-0.3252247976094204,0.026552082389726957,0.048589427071050045,G4,-12.820082667944735
226340,2018-12-31,0.7869676285878879,0.040426831860460984,0.017940052825232197,G3,19.091096171445784
226350,2018-12-31,0.208083436229956,0.06790446210284116,-0.3096265305629243,G1,2.840878737907355
226360,2018-12-31,0.23380624612924258,0.047298843482871486,0.0840338256952699,G5,4.622336116430787
226950,2018-12-31,-0.5154144419805412,0.036249908411206594,-0.1391522713821382,G1,-14.636989688213093
227100,2018-12-31,-0.2003925088987692,0.0318465610316705,0.029080290292029125,G3,-6.768944449523204
227840,2018-12-31,-0.34687561078756013,0.025109832955318413,0.03722841984575129,G3,-14.41868231719297
228850,2018-12-31,-0.2291806236314533,0.01970442658545427,0.10864259450820114,G5,-12.401057001313326
230240,2018-12-31,1.018989050238295,0.03832226059700741,0.002999896627725598,G2,26.194017288315294
230360,2018-12-31,1.4566256548187413,0.03780994489836002,0.16691340493525472,G5,38.12358269922536
230980,2018-12-31,0.5706653081529568,0.04432296455310768,-0.016402271237287006,G2,12.532785659100282
232140,2018-12-31,0.6486082667118079,0.03380205182413052,0.13807713570458371,G5,18.739488844480604
233990,2018-12-31,-1.2028538129614272,0.06488455353960501,-0.20118328227401175,G1,-18.77224763288093
234080,2018-12-31,-0.06630457487612189,0.023679117117144884,0.1060973751206974,G5,-3.4409926732481613
234300,2018-12-31,-0.4347882004822322,0.029947137426942317,-0.1198272457663935,G1,-15.025252253672027
234920,2018-12-31,-0.3504328349121028,0.04086847351093366,-0.09063343297533405,G1,-8.945964875523169
236200,2018-12-31,0.7312979836342824,0.037236459809674945,0.10462143426688998,G5,19.23176622218145
237880,2018-12-31,0.6866085312604819,0.037596372687756785,0.012879870348862637,G3,17.858995153704672
238090,2018-12-31,-0.10386179442641455,0.042453953166585366,-0.12591583140962792,G1,-2.8039058598920965
238120,2018-12-31,0.21884817597747264,0.037731375687404436,-0.0690450927905127,G1,5.397976581397333
240810,2018-12-31,0.6458152504543497,0.0287385572745369,0.21433535865979617,G5,21.944043703966805
241560,2018-12-31,0.010903392852540605,0.015863623022794503,0.06262045088019139,G4,-0.269276493413904
241590,2018-12-31,0.49046425578428604,0.026990294041068515,0.03039124176332814,G3,17.609632611935453
241690,2018-12-31,-0.04026578822099883,0.03043380503326501,0.06325609247961167,G4,-1.821687488414911
241710,2018-12-31,-0.9734662211038542,0.02894632411897797,0.03095189527841356,G3,-34.154295746610316
241770,2018-12-31,0.09814063500232414,0.028669509071758116,0.2332746893927606,G5,2.893859855141134
242040,2018-12-31,1.0716149182124481,0.04197018911606863,-0.22799336658266223,G1,25.17119524188712
243070,2018-12-31,-0.24716371127043585,0.020768645221912827,0.22264483799810578,G5,-12.631483763158663
243840,2018-12-31,0.21400055832150627,0.02704057582669233,0.04393853261683333,G4,7.352856165595505
246720,2018-12-31,-0.3444444149040563,0.038319914881990956,-0.09265442448337362,G1,-9.38466355273727
246960,2018-12-31,-0.3951810406371341,0.039088798325195864,-0.23033683704648378,G1,-10.498049360744494
248170,2018-12-31,0.1457707638478409,0.017494655329659766,0.10440568002739542,G5,7.464889576502558
249420,2018-12-31,-0.21698928228473663,0.018908332662138854,0.029111166350318032,G3,-12.278416085970939
250060,2018-12-31,-0.600880339440155,0.04298839956104494,-0.00026110635392601555,G2,-14.330736649041672
251270,2018-12-31,-0.14091541784120176,0.024172237940393217,0.053457903479356514,G4,-6.457429049766394
251370,2018-12-31,0.6409134020750393,0.03296036752321247,0.09334111982280996,G5,18.98456708655939
251630,2018-12-31,0.04650201115307839,0.03258520834356896,0.23498014737896833,G5,0.9613846009458555
253450,2018-12-31,-0.03556955035589404,0.024625948333940235,0.08906716155450169,G5,-2.060616846130348
255220,2018-12-31,-0.6344653485163225,0.02854312158084789,0.06509265105085474,G4,-22.759964789036342
255440,2018-12-31,0.1933982751313693,0.029441230961705464,0.19642860513896362,G5,6.053523432163125
256940,2018-12-31,0.9212125083729882,0.04456257926047731,0.21607860326435965,G5,20.331799231010777
257370,2018-12-31,0.42252028382634255,0.042561997822793796,0.03214443742922153,G3,9.570631338532534
258610,2018-12-31,1.5568682144259358,0.05873534207866068,0.06916081741078287,G4,26.24813385317959
260930,2018-12-31,-0.4057422927340137,0.026291753193668003,0.04854531214497054,G4,-16.009483402131757
262760,2018-12-31,0.1399907085950321,0.01916206913753672,-0.15969031731774896,G1,6.513681485344977
263020,2018-12-31,0.43800993091404083,0.02374619620943104,0.07246391850394131,G4,17.806423965837062
263050,2018-12-31,-0.30509089098296016,0.039994123878954055,-0.1555701309835436,G1,-8.00782598926867
263600,2018-12-31,0.7593741270140293,0.03350295481203339,0.021764844708287545,G3,22.212937263484996
263690,2018-12-31,0.32063487551699277,0.04328695404109093,0.09001121338133679,G5,7.056624533896996
263700,2018-12-31,-0.07951182680642432,0.03603856048015445,0.03423456304970986,G3,-2.627377985630832
263720,2018-12-31,0.5853736517164994,0.029053268726456496,0.14117369232559562,G5,19.625969230935663
263810,2018-12-31,-0.05740383252994799,0.025263019158420715,0.049760473867113145,G4,-2.8729316044046396
263860,2018-12-31,0.011672552024864943,0.022844894824639802,0.07251570644635576,G4,-0.15331835121062184
263920,2018-12-31,-0.540248513438373,0.05688189304829276,-0.023956338866571916,G2,-9.76450637111843
265560,2018-12-31,-0.04849731211320704,0.036853586598874805,0.07345420245588394,G4,-1.727712595227023
267250,2018-12-31,-0.20649077181530318,0.014666721364362053,0.018462708975431584,G3,-15.113525370903751
267260,2018-12-31,-0.4966655865899948,0.03548084633715076,-0.0930185783107349,G1,-14.425830639981747
267270,2018-12-31,-0.3833716139582002,0.025447342302993975,0.05642672957994674,G4,-15.661624025243235
267290,2018-12-31,-0.3268490792986243,0.015071468726742542,0.05684592442759366,G4,-22.693486556137792
267790,2018-12-31,0.2884431545321989,0.029688683778180784,0.13609461231019016,G5,9.204451869303618
267850,2018-12-31,0.8576150507939614,0.05992003835700984,0.06338235475674642,G4,14.059402835186077
267980,2018-12-31,0.1835188862918889,0.01789385544665552,0.12468660159947942,G5,9.407910618300802
268600,2018-12-31,1.503214253766559,0.0620123385435753,-0.16630448243767074,G1,23.99585622928852
269620,2018-12-31,0.1622069149012839,0.032919585151302555,0.1449903647596944,G5,4.466393503822978
270870,2018-12-31,0.6054317621020275,0.039353535005682325,0.06718484042848362,G4,14.998822046960726
271560,2018-12-31,-0.1005130509910358,0.020720873244020326,0.11704281946127616,G5,-5.5831693607498
272290,2018-12-31,0.3695639492019658,0.028752480134045452,0.12576079104663307,G5,12.325505623056829
272450,2018-12-31,-0.20396451792184253,0.025967396355529287,0.11886080714317211,G5,-8.43902902526227
277070,2018-12-31,-0.09839590888911745,0.028987912446223816,0.1043310446170479,G5,-3.917874484158339
277410,2018-12-31,0.10645844388223538,0.026334643331332605,-0.007727202892123612,G2,3.466283902188601
278280,2018-12-31,0.48301437491116983,0.02986490115593591,0.19849999837832183,G5,15.665187667471116
280360,2018-12-31,-0.056694806890358065,0.016730554679638365,0.008177598798895416,G2,-4.295727302501505
282330,2018-12-31,-0.16181378173699054,0.019458274156840382,0.13661388135911234,G5,-9.095815689683377
284740,2018-12-31,0.16161735226626495,0.027091821191151354,0.09275093849910604,G5,5.405404738206993
285130,2018-12-31,-0.09811382068153474,0.02732332367773941,0.0026457237906021593,G2,-4.146234757186263
285490,2018-12-31,-0.19787935145009033,0.04521764227634098,0.21879744116250585,G5,-4.711754845177424
286940,2018-12-31,0.2034866826816698,0.022881864625372807,0.04915925693702092,G4,8.229730930227584
290270,2018-12-31,0.5317486698315921,0.054332432123104096,0.029748543378291234,G3,9.50764683289353
290550,2018-12-31,0.11083040636986485,0.04387665859009153,-0.0029659474484380077,G2,2.180095654743123
290650,2018-12-31,0.8109795045831739,0.02945163856373185,0.10266602250226531,G5,27.02071768360646
290660,2018-12-31,-0.3231990209580049,0.02851191887632057,-0.26821313848839895,G1,-11.86781275784236
290720,2018-12-31,-0.04752468620223142,0.034539984474827846,0.1304358461736612,G5,-1.8152810659450278
290740,2018-12-31,0.7328253901823856,0.032516993858374116,0.20588647199169996,G5,22.07000744518731
294870,2018-12-31,-0.689365826463416,0.022849876253691153,0.06678476207604996,G4,-30.833467642196258
298000,2018-12-31,-0.13381959118551023,0.01972374985118883,0.01658428768385406,G3,-7.554074957480183
298020,2018-12-31,-0.06526466096918937,0.018079111297159715,0.015441238763182374,G3,-4.4493201728773855
298040,2018-12-31,-0.5321694361135292,0.023671548350483698,0.001081884282014792,G2,-23.12246421917321
298050,2018-12-31,0.02530389156196655,0.021156217765249435,-0.002147085711941711,G2,0.47876222684968883
299910,2018-12-31,-0.5246688093973789,0.03209763179195907,-0.9430342978910905,G1,-16.818807896150663
302430,2018-12-31,0.33350547864503544,0.03166514590928407,0.10879381172264103,G5,10.053021259527615
900040,2018-12-31,0.6168453391927727,0.03468860064534768,0.09078527070484509,G5,17.344898161537916
900070,2018-12-31,-0.03889389813408299,0.018934458982495284,0.014059771989311793,G3,-2.8555868333511936
900080,2018-12-31,-0.26340317629002463,0.019934451118250773,0.04892529233927508,G4,-13.974714842684284
900100,2018-12-31,-0.5398029866690561,0.04674112571347444,-0.17834190144532003,G1,-11.873442751551593
900110,2018-12-31,0.054811351013509105,0.023680250182941193,0.02715780153564413,G3,1.6738107526035995
900140,2018-12-31,0.6338893242447126,0.023317024216500067,-0.07564532649576239,G1,26.53487103958689
900250,2018-12-31,0.7009666900405683,0.051477885031819756,0.10629193090892482,G5,13.32206239599208
900260,2018-12-31,-0.5915230499526869,0.04559253365136391,0.05066314709618916,G4,-13.306962675619939
900270,2018-12-31,-0.024335215865462362,0.03952934592014552,0.11291846373156014,G5,-0.9995184230530191
900280,2018-12-31,-0.6841603975413497,0.0321085235013636,0.14715013357003298,G5,-21.78036903953583
900290,2018-12-31,0.2630947166766212,0.0286488130251664,0.1518508366026815,G5,8.653748510483792
900300,2018-12-31,-0.5532411229352024,0.034369987754250445,0.22369159622538526,G5,-16.53815592348783
900310,2018-12-31,0.13853744271972443,0.038158496808258245,0.21462981953345786,G5,3.2328933109353413
900340,2018-12-31,0.4934304704743335,0.049283084952081,0.24664008564130235,G5,9.704249993814159
950110,2018-12-31,-0.2361782223935992,0.03185062302054446,0.043024747095392585,G4,-7.891629493854131
950130,2018-12-31,-0.3271578977433167,0.03814764215548995,-0.06579166525784222,G1,-8.973896472576858
950140,2018-12-31,-0.25750963986269493,0.023553754713521828,-0.046734269692256414,G1,-11.577123766985219
