종목코드,날짜,기간수익률,표준편차,Y6,그룹,성과
000020,2022-12-31,0.13425187638391825,0.01588580892401665,0.060964296074289145,G3,6.201639193630505
000040,2022-12-31,-0.2331704993608784,0.04188141396439296,-0.47490713181672506,G1,-6.420612272730543
000050,2022-12-31,-0.18451089064000897,0.011343779549573763,0.0021831750817782646,G2,-19.415461206357445
000070,2022-12-31,0.02337969229115372,0.012480217006205904,0.05019355968727697,G3,-0.989896957794439
000080,2022-12-31,-0.09682736260614414,0.015797667266231274,0.10454583262101197,G4,-8.391187224693306
000100,2022-12-31,0.29728698016807314,0.023514978730227346,0.04727864944177479,G3,11.122832048053187
000120,2022-12-31,0.3603843597783073,0.021357512827625727,0.07072930138072585,G3,15.200765241735626
000140,2022-12-31,-0.09662490965534153,0.009876723543028905,0.0944525819469667,G4,-13.40107680618165
000150,2022-12-31,0.29002011830645014,0.03777168085134312,-0.027763550174725225,G2,6.732194369877945
000180,2022-12-31,0.08138680701915213,0.018079673870910855,-0.02165815021405939,G2,2.5251000768544705
000210,2022-12-31,-0.09342068693178748,0.019912980974242947,0.027000642139222496,G2,-6.4859454361482936
000220,2022-12-31,-0.08861755405059829,0.025467378719514332,-0.03088475167377781,G2,-4.882770879498707
000230,2022-12-31,-0.45862146332031145,0.04096621530000699,-1.0227690959254943,G1,-12.067389697540316
000240,2022-12-31,0.25989282805442226,0.034958729706065506,0.06412009307437665,G3,6.4121038951057265
000250,2022-12-31,0.8166205890924546,0.04614866786419656,0.03631112066980499,G3,16.921111791399667
000270,2022-12-31,0.5571352173982362,0.01676636218188849,0.19068138054566697,G5,31.098063527654066
000300,2022-12-31,-1.260751833747027,0.0445343895975022,-0.1650148770296511,G1,-29.112011337816885
000320,2022-12-31,0.17621976428267416,0.01752514127694782,0.06354877388877131,G3,8.016251676627274
000390,2022-12-31,0.1579849820641275,0.01731714634458489,0.03560451225527317,G3,7.059544251304682
000430,2022-12-31,0.630550983351092,0.03665797184523168,0.01941823710056453,G2,16.22613396955435
000440,2022-12-31,0.08309741593684065,0.040920299958386336,0.01127250923626371,G2,1.1574596189860638
000480,2022-12-31,0.17812438441432132,0.05364287996329339,0.06500270708089961,G3,2.6544168279843405
000490,2022-12-31,0.4567382360015758,0.040371171623061336,0.12194292492385382,G4,10.428342748984598
000500,2022-12-31,0.232977212183343,0.029211147847947858,0.043873859118604606,G3,6.7523327762345495
000520,2022-12-31,-0.10126421926285722,0.0215877647024003,0.008409639074705448,G2,-6.3460966102635
000590,2022-12-31,0.08685642308795094,0.011026454393502694,0.06904675412658398,G3,4.636359080201104
000640,2022-12-31,0.03208523720673531,0.017472326023309274,0.017632193250949283,G2,-0.20882073323314784
000660,2022-12-31,0.6942189914102304,0.022060193641849475,0.06324452080059609,G3,29.849473715535943
000670,2022-12-31,-0.11836770052572809,0.018271239965099165,0.056100836465180624,G3,-8.434103101830893
000680,2022-12-31,0.9603531928667511,0.05808346298413743,-0.003687301956787836,G2,15.91880587390344
000720,2022-12-31,0.0458911123792259,0.019444433838555073,0.07595666666700254,G3,0.5223752630366802
000760,2022-12-31,0.2531712694118525,0.05121887768881175,-0.004406543421440234,G2,4.245259913634112
000850,2022-12-31,0.06458899252017683,0.016256941397226,0.1300600092722011,G4,1.7749446637538573
000860,2022-12-31,0.05397108913453316,0.021183933937576813,-0.029391550478341813,G2,0.8609009096262279
000880,2022-12-31,0.05622656769412618,0.020906008902878484,0.10901211068993483,G4,0.9802323653030316
000890,2022-12-31,-0.1055011588052969,0.014658947849257042,-0.017853379067985783,G2,-9.634728317194092
000910,2022-12-31,0.43524642109580686,0.04910956929546029,-0.06158352326515886,G2,8.135127342575302
000950,2022-12-31,-0.5880961738210144,0.023215088108171928,0.4966731504131961,G5,-26.871747893114037
000970,2022-12-31,0.03116165246678769,0.009964947446490308,0.045066196863956784,G3,-0.4588251665124446
000990,2022-12-31,0.5762430163889943,0.032111416355933835,0.45604931901546114,G5,16.83230628196513
001020,2022-12-31,-0.1028091197203545,0.026578312293847554,0.02777190599161766,G3,-5.212631235830437
001040,2022-12-31,0.19173483620221538,0.0249593533911869,0.05956134216457874,G3,6.250202584137764
001060,2022-12-31,0.8301863451235726,0.03496194989712216,0.20093083828900415,G5,22.72334713375799
001070,2022-12-31,-1.634150780697357,0.03688323535593641,-0.05393534121566511,G2,-45.27489483285793
001120,2022-12-31,-0.07307487229820744,0.024191011065203497,0.373191806594646,G5,-4.49789771676513
001130,2022-12-31,-0.01698278351982016,0.01255879707188054,0.05996877164623181,G3,-4.197583921159561
001140,2022-12-31,-1.0166814085064546,0.04718553834867584,-0.5679807845012418,G1,-22.303766502945916
001210,2022-12-31,0.012280214751599268,0.031877644864171266,-1.266507340078227,G1,-0.7357383673275272
001230,2022-12-31,0.1484222670950044,0.04492206731722638,0.1666395347890256,G5,2.508532057552483
001250,2022-12-31,0.2121711242240877,0.02692499426913012,0.15028298934143716,G5,6.5529188724160345
001260,2022-12-31,-0.07776424474202384,0.022203333320472106,0.14726970602652567,G5,-5.111757961836601
001340,2022-12-31,0.7604404949795841,0.03706027737980105,0.11805442245166474,G4,19.554809760715916
001380,2022-12-31,-0.007543823545393347,0.02724033015359407,-0.012900426422090364,G2,-1.5887342201649008
001390,2022-12-31,0.7923618535572827,0.04896475188987208,0.1655203861044259,G5,15.452504163011456
001430,2022-12-31,0.5690813408320817,0.03551962905883471,0.058662222531409014,G3,15.015571215860211
001440,2022-12-31,-0.3326053607668243,0.02214936199334611,0.035568238437848565,G3,-16.629787441086947
001460,2022-12-31,0.23024105984740628,0.025606439443719906,0.09329495842843002,G4,7.596028301267738
001470,2022-12-31,0.9439725369306533,0.05395131467330012,-0.4573239809549481,G1,16.83441304984397
001520,2022-12-31,0.020096426764172837,0.013181643991330358,-0.02713139854596074,G2,-1.186300766757419
001530,2022-12-31,0.8182925438381532,0.033477873398341775,0.0733593839252804,G3,23.375401220637375
001540,2022-12-31,0.0630679921999701,0.018127536745628663,0.04768478638773489,G3,1.5078811559077485
001560,2022-12-31,0.05603659987622328,0.020435139044317357,0.028114713089668317,G3,0.993522906498537
001570,2022-12-31,1.9791773397225536,0.06229711081545584,-0.03592659658295516,G2,31.196366784030314
001620,2022-12-31,0.041244567362966,0.02297299964394784,0.055424588651162704,G3,0.23987926305507182
001630,2022-12-31,0.13290525265620295,0.013519891355968847,-0.030941656285615977,G2,7.187293814686738
001680,2022-12-31,-0.03258655562288379,0.013223926487457535,0.08387316676546216,G4,-5.166421397297906
001740,2022-12-31,0.44511571579654907,0.02008287569349836,0.03324992900022524,G3,20.384625235263055
001790,2022-12-31,0.3690143253063238,0.035613749682627524,0.0639428453482686,G3,9.358197525903526
001800,2022-12-31,-0.030480902861283733,0.012684142195665474,0.10210189413024356,G4,-5.220276072127489
001810,2022-12-31,-0.3143290349187634,0.014290468193727984,-0.055763568343373066,G2,-24.496248220237856
001820,2022-12-31,0.3223141959346647,0.026353761179609254,0.14764556021918393,G5,10.87436335342485
001940,2022-12-31,0.4886255818456956,0.02378544192911336,0.12203364869487691,G4,19.040712468459336
002020,2022-12-31,-0.2092141204758494,0.013017821008927075,0.22220169328195027,G5,-18.816355014106104
002030,2022-12-31,0.3871507905590174,0.016996608104345435,0.11282106182084368,G4,20.67571172220892
002070,2022-12-31,0.10079797119653292,0.0317845900423091,-0.14496165123540128,G1,2.0470344267996965
002140,2022-12-31,0.03096526266319749,0.033438202267770376,0.004747955537388133,G2,-0.14260809946741904
002150,2022-12-31,0.023022934942502474,0.02186791222671084,0.01090235664378298,G2,-0.5812574178975813
002170,2022-12-31,-0.07646011161040359,0.00783472330623865,0.04798519178630073,G3,-14.320088708081997
002200,2022-12-31,0.09390649337756968,0.02276108771399759,0.09592828804713058,G4,2.5557949150023855
002220,2022-12-31,-0.10732808849442499,0.021617425015207938,-0.0013082678421496609,G2,-6.617897808457379
002230,2022-12-31,0.11122345211630127,0.02218319489167864,-0.0480611412295576,G2,3.4030098615960673
002240,2022-12-31,0.21739343925971388,0.03856654415928254,0.06488243706469206,G3,4.710290280903457
002310,2022-12-31,0.06845940670100839,0.013836237200224876,0.1510905244049445,G5,2.365208480399942
002320,2022-12-31,0.19599318626665702,0.015867289277745996,0.024955195986372487,G2,10.099983829828497
002350,2022-12-31,0.3480584628135525,0.02454113293685876,-0.025255093715493573,G2,12.726577965202871
002360,2022-12-31,-0.1880793585693185,0.022248366260581912,0.02592394596220934,G2,-10.05975796542267
002380,2022-12-31,0.1715294509668298,0.02238848622448519,0.020167746223832207,G2,6.065422577793822
002390,2022-12-31,-0.13363158670112357,0.014181660592762938,0.019159466656209656,G2,-11.942565310423802
002410,2022-12-31,-0.3539398083703032,0.031998533235800264,-0.07854396916764456,G2,-12.177859111134007
002450,2022-12-31,-0.1551125673234906,0.008776919228645692,0.09025879298993826,G4,-21.74412040147602
002460,2022-12-31,0.05699647706438358,0.014115395792664917,0.08257125619190105,G4,1.5063450036038932
002600,2022-12-31,-0.1298381759688116,0.015264426113365166,0.08255297344421492,G4,-10.84691922757922
002620,2022-12-31,-0.12318224376926422,0.03559818285460059,-0.19976687142478114,G1,-4.464162273579023
002680,2022-12-31,0.22640441961847924,0.039315803431197074,-0.09283987992047807,G2,4.849718989310309
002710,2022-12-31,2.169503792705778,0.052687528885594616,0.17074775556233832,G5,40.4985774945115
002720,2022-12-31,0.2993263538243101,0.03990676977271805,0.0640541812426239,G3,6.605208444265055
002790,2022-12-31,-0.06876456440690751,0.030171307346048327,0.044138400864809954,G3,-3.4635020732306945
002800,2022-12-31,0.2839885358649915,0.03918218664294065,0.06798304629955616,G3,6.335907615087315
002810,2022-12-31,0.001649605056808709,0.007286430817902687,0.1122510422433989,G4,-4.677765689843384
002820,2022-12-31,-0.17059348269790517,0.019512410932393087,-0.11438349484783691,G1,-10.574157368405302
002840,2022-12-31,0.037171601096150496,0.009488833176634204,0.25691324659723414,G5,0.15152336764435853
002870,2022-12-31,-0.24606760554583962,0.02562376616665693,-0.09150833385441899,G2,-10.997658378991403
002880,2022-12-31,-0.35435729928273413,0.05520726798387675,-0.42742181827336645,G1,-7.065937777157736
002900,2022-12-31,-0.49276419370079727,0.02474779250425862,0.3670974948839454,G5,-21.35535986686749
002920,2022-12-31,0.09330468316409135,0.013780555943321018,0.053429494855984375,G3,4.177687914962726
002990,2022-12-31,-0.2333648103595995,0.02442416447143687,0.10417308881779655,G4,-11.01772106933326
003000,2022-12-31,-0.32724689217585967,0.016531646595030338,-0.003799455746528735,G2,-21.9567186624464
003030,2022-12-31,0.5907870781726056,0.028370615566926487,0.26831442582398024,G5,19.56437130259016
003060,2022-12-31,-0.3721538634391488,0.03978635537018492,0.01362286989681664,G2,-10.251948960447452
003070,2022-12-31,-0.3061463167077244,0.03432739817924014,0.28776780781057226,G5,-9.95939558427389
003080,2022-12-31,-0.06098921370713212,0.0207130648530209,0.01841366803639833,G2,-4.669663110297117
003100,2022-12-31,-1.7300425731617124,0.043226798832715164,0.05916942571056086,G3,-40.84911309609951
003160,2022-12-31,0.4205137868760688,0.03383238383986085,0.09297184814291452,G4,11.373126042762465
003200,2022-12-31,-0.10589596548959371,0.01876459998319944,0.17823326088978309,G5,-7.5477114755769295
003220,2022-12-31,-0.14410405529069,0.017233011986409082,0.1556569019791304,G5,-10.43566130927847
003230,2022-12-31,0.6370449974540434,0.030461068185787907,0.22419530672401156,G5,19.74031812175199
003280,2022-12-31,0.8834675957935347,0.0494626279296872,0.14044735354300147,G4,17.138874543026823
003310,2022-12-31,-0.1539594645053715,0.022009851513779016,0.07858249019986134,G4,-8.618562716101358
003380,2022-12-31,0.15705205871210928,0.03267283643721381,0.12175499749559424,G4,3.7131222998355446
003410,2022-12-31,0.020287642002473495,0.013414247476527193,0.10744666532719836,G4,-1.1514756353471363
003480,2022-12-31,-0.16513479960774746,0.01479012805149608,0.04878687165841011,G3,-13.581263126767869
003490,2022-12-31,0.06445577488465998,0.014018927937508108,0.27572192304382404,G5,2.0487981587808917
003550,2022-12-31,0.12949884497847947,0.016852829304161366,0.07797528004108838,G3,5.563755625123153
003570,2022-12-31,0.5243797496928961,0.027584081630002748,0.0445085072834808,G3,17.714779672896295
003580,2022-12-31,0.03506341085789397,0.032265335504278576,-0.22628756728171573,G1,-0.020778035307536073
003610,2022-12-31,-0.5823091209240552,0.03832534220778514,0.03500439989215449,G3,-16.12622109703489
003650,2022-12-31,-0.004923045330284481,0.009793981540606648,0.09887650912082761,G4,-4.151209219654862
003670,2022-12-31,0.9394511019675686,0.04599127339840231,0.05053297060467816,G3,19.64975557429883
003780,2022-12-31,0.14464539076601324,0.019745263668784367,0.1068972143887633,G4,5.5158326297755185
003800,2022-12-31,-0.29488925579964376,0.009219335754621331,0.11600994590576515,G4,-35.86191952843515
003850,2022-12-31,0.32692359285914047,0.021381587095365865,0.11400092695914647,G4,13.618716441495591
003920,2022-12-31,0.30599907908984175,0.02645709609461857,-0.1317431460010864,G1,10.215227589040012
003960,2022-12-31,0.19506496229358739,0.020864332587590295,0.14099275049062504,G4,7.636531889361423
004000,2022-12-31,0.06613773709394347,0.01889179931523005,0.06977536526759699,G3,1.609371105865035
004020,2022-12-31,0.22303310913491142,0.01959810104668553,0.0704997776905337,G3,9.557012056960309
004060,2022-12-31,-0.09817696785248664,0.024920685388533738,0.012447335446288845,G2,-5.3734793767875955
004080,2022-12-31,-0.025630171580268812,0.006994308908177689,0.09697467847514332,G4,-8.77341757764429
004090,2022-12-31,0.29178121636919974,0.042167421554500976,0.08482807798499988,G4,6.072161535892102
004100,2022-12-31,1.1912104087738635,0.053177431330196506,0.008067367510565485,G2,21.72870254790816
004140,2022-12-31,-0.21557565182879065,0.016716855223219505,0.015243432281990031,G2,-15.033298405189049
004150,2022-12-31,-0.12279820770289922,0.007911306443161854,0.09651476449098899,G4,-20.038666177333823
004170,2022-12-31,-0.19443774119726195,0.01656489020799118,0.08347620639727951,G4,-13.895145663231425
004250,2022-12-31,0.01750059153263414,0.022517682681129202,0.08907198642204986,G4,-0.8097293963937712
004270,2022-12-31,0.3562025749668352,0.04325660517482046,0.033306671432835264,G3,7.408550729615919
004360,2022-12-31,-0.6718789427877231,0.03933755901348298,0.0656741393109272,G3,-17.988222494522336
004370,2022-12-31,0.1804447312634507,0.020209279756789506,0.0686035687415291,G3,7.16061689811693
004380,2022-12-31,-0.02343486818267662,0.02326057096400918,0.09346389341518463,G4,-2.543733316453798
004430,2022-12-31,0.023592455735698875,0.024684514451161682,0.2653005616578428,G5,-0.4918616254953762
004440,2022-12-31,-0.21185248000716975,0.01975185684334801,-0.02975324197113458,G2,-12.534836755297905
004450,2022-12-31,-0.10679911487404486,0.017626906055748896,-0.13837817858949195,G1,-8.086100621485418
004490,2022-12-31,0.3951992163252849,0.02522135253737907,0.05652541220933237,G3,14.252423404110907
004540,2022-12-31,-0.053622838571214755,0.02827737489628895,-0.01108620430413611,G2,-3.1600054827279265
004560,2022-12-31,0.5535979944965154,0.04329666915638931,0.06297050027841078,G3,11.960831709426834
004590,2022-12-31,-0.0471065119962573,0.011446017544456252,0.08828313371061405,G4,-7.237480880377599
004650,2022-12-31,-0.08869204109727548,0.010330215667472173,0.02034385511884372,G2,-12.044846520221212
004690,2022-12-31,-1.1384388442478528,0.043787615641100695,0.06083222034689627,G3,-26.815177035671745
004710,2022-12-31,0.38337210701178537,0.02507909469517578,0.08260519401212613,G4,13.861676033323713
004720,2022-12-31,-0.01871134349451324,0.02144772715526406,0.4343482683562964,G5,-2.5385050937372524
004770,2022-12-31,-0.015115027903089887,0.026058115458134756,0.05243856972329752,G3,-1.9513632566021728
004800,2022-12-31,-0.03463750863827335,0.013846665865605276,0.007199313383175354,G2,-5.082185882110805
004830,2022-12-31,1.0501420317608683,0.07131152932105181,0.045564405225115436,G3,14.225023923630738
004840,2022-12-31,0.4405106110070065,0.025711243874189618,0.01899017363840478,G2,15.743181926531864
004890,2022-12-31,-1.173902210352003,0.03603419079841473,0.06890418127877722,G3,-33.569118792128684
004910,2022-12-31,-0.12871890954778975,0.020672698391226988,-0.06012385210309673,G2,-7.955068446980826
004920,2022-12-31,0.8123991005490794,0.049919037693445516,-0.01759291094631541,G2,15.558498626924573
004960,2022-12-31,-0.1193028917384607,0.018747742202178664,0.07277304358304729,G3,-8.269620480414721
004970,2022-12-31,-0.2536197073382836,0.009030495558992718,0.03546498311608722,G3,-32.04182169032262
004980,2022-12-31,-0.03039803163699345,0.02654003908653614,-0.06592650191548391,G2,-2.491776766400986
005010,2022-12-31,0.07017871218149963,0.026971147142308246,0.31575456752573194,G5,1.2771014470221156
005090,2022-12-31,-0.09541763957404645,0.015717460539342806,0.2290024226068688,G5,-8.344316207059594
005160,2022-12-31,0.47399745102800395,0.04144722376422093,-0.0012221296800978532,G2,10.574016546510434
005180,2022-12-31,0.3709326852337217,0.018016005902643337,0.06378257646998862,G3,18.605614691008146
005250,2022-12-31,0.0007670069174099958,0.018114084489500717,0.015062946813177689,G2,-1.93036607735096
005290,2022-12-31,0.3485274951747684,0.02766780464029763,0.30103847894748365,G5,11.305330441034666
005300,2022-12-31,-0.1482299501403166,0.016906061985307058,0.11994824654413881,G4,-10.881527078181163
005320,2022-12-31,-0.2024981766239351,0.03329408977569355,0.07766996386099495,G3,-7.155384014614763
005360,2022-12-31,0.04036486432360947,0.025719461464234893,0.036386217679527,G3,0.18005988157403563
005390,2022-12-31,-0.13588842825032624,0.02192798303646729,0.3243265815978584,G5,-7.826631802073249
005420,2022-12-31,0.9717158250783844,0.0522677389692661,0.0903401879576764,G4,17.9074515637751
005430,2022-12-31,0.25246605776807307,0.019571881612321568,0.02006175642302372,G2,11.073653567034503
005440,2022-12-31,-0.16314739457221408,0.016605200648197482,0.012854185583406228,G2,-11.977043814403668
005450,2022-12-31,,,-0.5235096669523489,G1,
005500,2022-12-31,-0.14059231315330067,0.01606825965303486,0.09144446979850422,G4,-10.973567648205684
005610,2022-12-31,-0.1116190247890456,0.012309522665003859,0.18191020604487226,G5,-11.970638499751345
005670,2022-12-31,-0.06764681376651568,0.01383246557127264,0.02041116405159697,G2,-7.473767736637542
005680,2022-12-31,-0.06695509458507688,0.011033398555164255,0.04686237695831573,G3,-9.307097465016708
005710,2022-12-31,0.12387329738660412,0.015357362090924764,0.12170394459074783,G4,5.739232800955943
005720,2022-12-31,0.03272086535617277,0.012202337568663148,-0.001461393412490434,G2,-0.24691627854782325
005740,2022-12-31,-0.13582935876963287,0.013900651556723471,0.07686146770436651,G3,-12.342096282879812
005750,2022-12-31,0.014232214043047905,0.019833466913263497,-0.010625186913113795,G2,-1.0841073418578375
005800,2022-12-31,-0.14737128704116687,0.012517548463968785,0.06639497071857006,G3,-14.627872918282542
005810,2022-12-31,0.333581263870526,0.02373967800529388,0.09129086347512166,G4,12.546397750883372
005820,2022-12-31,-0.061771917398898424,0.017115791406071734,0.05344245921978117,G3,-5.696829099151101
005850,2022-12-31,0.5368537240228382,0.02806627512161709,0.1264348255100456,G4,17.854877453925347
005860,2022-12-31,0.23551365839296448,0.04039518116150404,-0.3322408327898691,G1,4.94563538299316
005880,2022-12-31,0.053728538086002475,0.022913893547752168,0.10368333659277909,G4,0.7853190428021507
005930,2022-12-31,0.3718636118698317,0.01325306611124508,0.13091057319404364,G4,25.36241711240072
005950,2022-12-31,0.7523302212374645,0.055105235030892145,0.0811610323042246,G4,13.004143793190018
005960,2022-12-31,-0.17267860138321012,0.018149276283616688,0.03972526970408671,G3,-11.483235984982768
005980,2022-12-31,,,-0.13040721415621084,G1,
005990,2022-12-31,-0.0039563343730979125,0.01468338781713402,0.04071516083273676,G3,-2.7030652602524676
006040,2022-12-31,-0.3478146358581601,0.019349037060443747,0.13950761410528142,G4,-19.82261214334432
006060,2022-12-31,-0.07727991644360703,0.01594839704775887,0.03091070302642069,G3,-7.086212943118289
006110,2022-12-31,1.2441982902858513,0.05107877742802841,0.1525822342225552,G5,23.658836996449338
006120,2022-12-31,0.29304591204305674,0.01668724942152403,0.0905463940260657,G4,15.41968268137418
006200,2022-12-31,-0.007241916833249928,0.027912218076522454,0.09236514256627791,G4,-1.5396747708706489
006260,2022-12-31,0.4187996784856891,0.033374406628256775,0.11844462931414561,G4,11.477832748137946
006280,2022-12-31,0.013292129197166491,0.019234333084981,0.05472077456359736,G3,-1.166751758009656
006340,2022-12-31,0.10614129167741745,0.021464829125442685,0.020693899662608334,G2,3.2801318905329993
006360,2022-12-31,-0.2655445704837763,0.024576018633681074,0.12413600577867358,G4,-12.25903984338171
006400,2022-12-31,-0.14947228890017683,0.024913152494427555,0.15404530603099187,G5,-7.434069617637276
006490,2022-12-31,0.014238002778587833,0.02311555961168048,-0.11741252706778509,G1,-0.9299285295590041
006570,2022-12-31,-0.12078805142248523,0.022525546270285045,0.04108040160387814,G3,-6.948638256430437
006620,2022-12-31,-0.045103599249050025,0.017293416561248953,0.07752304539166721,G3,-4.674462105330978
006650,2022-12-31,-0.026875949714105854,0.026876243536077506,-0.10976961957931988,G1,-2.3295581009404303
006660,2022-12-31,-0.06838937326432704,0.018467200002533782,0.17410728728433986,G5,-5.6382772909944245
006730,2022-12-31,0.07324620103805146,0.021349575364322207,0.0373386102933818,G3,1.7570550823473494
006740,2022-12-31,-0.09067993049699385,0.0622880622908732,0.07331436078390226,G3,-2.0295020744886467
006840,2022-12-31,0.03527368795869695,0.018374818100638162,-0.09372190705513236,G2,-0.025041509363210035
006880,2022-12-31,0.2637111829725819,0.04673161977332506,0.012472690092073888,G2,4.878439115532276
006890,2022-12-31,0.29779424680237115,0.019740024503949922,0.08170468826393855,G4,13.27558765753924
006920,2022-12-31,0.2570741167703383,0.03435567627497053,0.10239364236752309,G4,6.442612098815885
006980,2022-12-31,-0.049096863400615434,0.016192123728204295,-0.03513095338849645,G2,-5.239009160426822
007070,2022-12-31,-0.16387471165874318,0.01726694245049258,0.016982721036925254,G2,-11.560155098059079
007120,2022-12-31,0.2346088343333273,0.045603412510339836,-0.09892249419289699,G1,4.360967792706834
007160,2022-12-31,-0.05128633531699741,0.012105529294218171,0.11966528018330487,G4,-7.188463580586372
007210,2022-12-31,0.3579587182835208,0.028531846019411323,0.051407340072531046,G3,11.293517318370753
007310,2022-12-31,-0.15465063291667194,0.012565202903457851,0.14558010176314215,G4,-15.151721426041668
007340,2022-12-31,0.18286296142178377,0.020536282090227682,0.22404723129749068,G5,7.164351348367226
007390,2022-12-31,-0.355990773506462,0.04701078157347605,-0.15579273601708699,G1,-8.33265437275113
007460,2022-12-31,-0.31269510165037484,0.049091545970452795,-0.2507819224317576,G1,-7.097534125291115
007530,2022-12-31,0.07850702433606846,0.027001451916826878,0.07161738172346803,G3,1.5841075261290491
007540,2022-12-31,0.16066803555741754,0.03214686713359856,0.04336420435141145,G3,3.8863573828203677
007570,2022-12-31,-0.18683796524949578,0.014341471062912116,0.10028471053283611,G4,-15.519453019243668
007590,2022-12-31,0.01874747972474608,0.009438024226920366,0.05827529635236128,G3,-1.7997772632342501
007610,2022-12-31,,,-0.3968881993294622,G1,
007660,2022-12-31,1.9727775483641379,0.05164367888794215,0.4850024593122639,G5,37.50785708796959
007680,2022-12-31,-0.2756125916747655,0.012907876503548202,0.0431259138831822,G3,-24.120653209487394
007690,2022-12-31,0.01564891074096303,0.021970682556596385,0.11381791996851423,G4,-0.9141687039312362
007700,2022-12-31,-0.5696195655436858,0.02842715030900097,0.20089979827670243,G5,-21.2949022361282
007720,2022-12-31,-0.19787389437774994,0.015958831969830035,-0.1663929392861546,G1,-14.63814619751581
007770,2022-12-31,0.2852123788028187,0.048919665075016425,0.03701895987501305,G3,5.099760132904458
007810,2022-12-31,0.6419993932597512,0.033463182041524944,0.13242415013405154,G4,18.1173915669232
007820,2022-12-31,0.022166202021433185,0.02437152947645986,0.034284843574342215,G3,-0.5566995345894464
007860,2022-12-31,0.28192946070215297,0.023481706441664488,0.15677880657837023,G5,10.484571901772322
007980,2022-12-31,0.4119384321226442,0.03911238973843246,0.15696542437540492,G5,9.618553443047949
008040,2022-12-31,0.10402327231582886,0.01984439973380443,-0.011652085554524898,G2,3.4412454946313225
008060,2022-12-31,0.042198120225264354,0.010584976171744786,0.1265266998322186,G4,0.610705114699133
008110,2022-12-31,-0.1999338195857554,0.028525965144389574,0.06416884242482582,G3,-8.261513310105036
008250,2022-12-31,-0.06290875135973556,0.016829369775525797,0.05866570827016288,G3,-5.8613349052083
008350,2022-12-31,0.21874877232579823,0.0312726160171266,0.09929195581269773,G4,5.852243096239785
008370,2022-12-31,-0.11307868079998071,0.01286266651586168,0.12552169509924763,G4,-11.569335312758282
008470,2022-12-31,-0.012621550638769928,0.011666798159250426,-0.021820026194998187,G2,-4.144699438263707
008490,2022-12-31,-0.1331317413118132,0.01460678109296278,0.11058809380797872,G4,-11.560764919752252
008500,2022-12-31,-0.12894411414384746,0.03074940508006232,-1.256685654134783,G1,-5.355483621659879
008600,2022-12-31,0.030203631937398168,0.03127008044966289,-0.08358304745764307,G2,-0.17685241359437615
008700,2022-12-31,0.33054791315981025,0.023092091082356447,0.17717249453590556,G5,12.766885899166235
008730,2022-12-31,-0.022373736217497928,0.03107213481766704,-0.016931965347738553,G2,-1.8700857761041385
008800,2022-12-31,,,-0.11410524920889777,G1,
008870,2022-12-31,-0.2858532372510185,0.03424535839920063,-0.14366320783164238,G1,-9.39067580021988
008930,2022-12-31,0.29230618198135344,0.02969592637551273,0.10097264425688439,G4,8.639985080738606
008970,2022-12-31,-0.09234999694401955,0.019144470504952188,0.046295815201012745,G3,-6.690381854598636
009070,2022-12-31,-0.13036391006043388,0.014318186093246336,0.11870749933371698,G4,-11.600473001045218
009140,2022-12-31,-0.06399660756204728,0.023239871340130943,0.06410571051333673,G3,-4.291350293667191
009150,2022-12-31,0.2098268237810497,0.02000030324341627,0.15426404772411906,G5,8.704518152750836
009160,2022-12-31,-0.06526576714955018,0.03069127887010498,0.15944836321717748,G5,-3.2908237129910143
009180,2022-12-31,-0.10001363096602428,0.018347106717826123,0.29705808858145727,G5,-7.398847905121894
009190,2022-12-31,-0.7797829894886916,0.04527516893668841,0.058667978340752394,G3,-18.01245207427718
009200,2022-12-31,-0.03142389481268207,0.017286294388660296,0.0603308657597393,G3,-3.885026740892975
009240,2022-12-31,0.25945188013563314,0.02565127586837654,-0.1873726664397075,G1,8.721517796829216
009270,2022-12-31,-0.05495640956437668,0.014566325359006892,0.11296112183898076,G4,-6.2260198414771075
009290,2022-12-31,0.30879313981821815,0.02774121875205051,0.06633939543321128,G3,9.843090208854772
009300,2022-12-31,0.01700969108919087,0.01625960686379005,0.10187310326725399,G4,-1.1515733563471888
009310,2022-12-31,-0.4034006583874368,0.0348582347340762,0.029148816680897204,G3,-12.597725698839406
009410,2022-12-31,-0.4678850384722482,0.0260811745186824,0.10262002743752874,G4,-19.309669480172705
009420,2022-12-31,1.0951824118501383,0.03960673462873439,0.011467194595806522,G2,26.74920315049918
009450,2022-12-31,0.433221787564141,0.028338803818078948,0.14047453492911813,G4,14.026278913450442
009470,2022-12-31,0.5344735123118187,0.05071603581103438,0.15038886543294291,G5,9.833964409834564
009540,2022-12-31,0.5889365357300873,0.020707429310074306,-0.03501386507879907,G2,26.715180639189196
009580,2022-12-31,-0.297065158394566,0.012584014499627203,0.08294164947416435,G4,-26.4461694273029
009620,2022-12-31,0.4174607031209266,0.03637409080015576,-0.24681253891262075,G1,10.49447212522713
009680,2022-12-31,0.0402347511469408,0.00994447843968037,0.06710694980737034,G3,0.45260593967099
009730,2022-12-31,1.007244985885071,0.04669337798515892,0.08837702782172052,G4,20.806187229710513
009780,2022-12-31,-0.059683173490464134,0.029615640060409266,0.17704094886282457,G5,-3.2218447561506767
009810,2022-12-31,-0.2470829350320263,0.030518848496369655,-0.010713134048810443,G2,-9.26695370580184
009830,2022-12-31,-0.21772998355697762,0.026970763160186303,0.0575168182651019,G3,-9.397724609785872
009900,2022-12-31,0.3718902276977753,0.027464607243725556,0.3206888850582153,G5,12.239621836804556
009970,2022-12-31,0.2852523586127538,0.019391450636662876,0.271756603301508,G5,12.867450824064944
010040,2022-12-31,0.22177063762848792,0.03630523440832351,0.004710773627062604,G2,5.124242262091685
010060,2022-12-31,0.6151100331042608,0.03036725979770388,0.24969593176922877,G5,19.078975706917657
010100,2022-12-31,1.4947372443424007,0.04695227417753723,0.1476756302276784,G5,31.074180085236456
010120,2022-12-31,0.3866449750032947,0.03241319124044876,0.08195148235332349,G4,10.826183428282052
010130,2022-12-31,-0.0739189493329441,0.02052084302414032,0.09548378780607533,G4,-5.343482738119583
010140,2022-12-31,0.474771626581431,0.021924558393828553,-0.15529702895702735,G1,20.02493266029944
010170,2022-12-31,-0.7794883011009837,0.032151950432217476,-0.029257886017848955,G2,-25.355292953621607
010240,2022-12-31,0.09877520225279596,0.018459035960212724,0.11885521660709193,G4,3.4152044153587586
010280,2022-12-31,0.16946524775232424,0.018829067105213385,0.20660508170518305,G5,7.1023925862522095
010400,2022-12-31,0.09882028681496557,0.029401456366354765,-0.05197067190158025,G2,2.1456918626978805
010420,2022-12-31,-0.18814432466433,0.01460819191539933,0.05616503653581841,G3,-15.325520577706719
010470,2022-12-31,-0.14735637649866978,0.04347602472123662,0.1559784258107528,G5,-4.211291138295989
010580,2022-12-31,0.2603603306293086,0.04329024762041091,0.05197879368756575,G3,5.188847877718956
010620,2022-12-31,0.07309508020515122,0.02377560054676483,-0.029075853365158538,G2,1.5714117922469741
010640,2022-12-31,0.5095306329456472,0.03409784606554694,0.10792296497322135,G4,13.895212351438479
010690,2022-12-31,0.8135714125950843,0.03793658545728805,0.2665136889614481,G5,20.503626830955117
010770,2022-12-31,-0.05706052853327229,0.02824370913431179,-0.10295206556498468,G1,-3.285487371017877
010780,2022-12-31,0.13187112192478614,0.0302938787978824,0.1780482050954058,G5,3.173489318683581
010950,2022-12-31,-0.14816643397489554,0.01636616245719116,0.34166942791916843,G5,-11.236614300642152
010960,2022-12-31,-0.10077640877722688,0.011822037788307045,0.036361124085496604,G3,-11.547098085785002
011040,2022-12-31,-0.15159660205034192,0.0136908943574146,0.06966784366193116,G3,-13.682847759839769
011070,2022-12-31,-0.0021556610490501837,0.02042365171199085,0.26608472747183726,G5,-1.8551766707330015
011080,2022-12-31,-0.21815904212737763,0.02114724797019378,-0.017756108327470134,G2,-12.005952908077736
011090,2022-12-31,-0.2577233969212466,0.017326998632503934,-0.514522119457124,G1,-16.936413760024074
011160,2022-12-31,,,-0.6035744845256832,G1,
011170,2022-12-31,-0.09703919908821487,0.02142461877200024,-0.022741759151432776,G2,-6.19721739926345
011200,2022-12-31,0.1088920102712856,0.030057546330993216,0.49225504246151086,G5,2.4339374986719617
011210,2022-12-31,0.33420112720360895,0.022195146057525664,0.023050627924248945,G2,13.447413470126584
011230,2022-12-31,1.0317752622155356,0.07082817914614264,-0.34176053150817565,G1,14.062784799566169
011280,2022-12-31,-0.1505790331929604,0.013547012177429162,0.07107688180820154,G3,-13.753058747639558
011300,2022-12-31,0.8718298419073902,0.04670577975402587,-0.3731719217610532,G1,17.901339516703185
011320,2022-12-31,0.1737317974424745,0.021749699045325588,0.03483241841144265,G3,6.344822336009355
011330,2022-12-31,0.815096917837762,0.046751333696171155,-0.017770466743191056,G2,16.670392801294117
011370,2022-12-31,-0.11146430972036421,0.015938666506244748,0.14371697009420065,G4,-9.235285197849114
011390,2022-12-31,-0.08906767845032298,0.01931355718695364,0.06973782056817676,G3,-6.461859841792277
011560,2022-12-31,0.19851998006736984,0.022324770328659184,0.17251775468881098,G5,7.291728270108271
011690,2022-12-31,0.12070721752202973,0.03956183165205758,-0.024424171021277793,G2,2.1478630496977753
011700,2022-12-31,-0.15632218598090108,0.0313571696547028,-0.06262107956206095,G2,-6.124787703545456
011760,2022-12-31,0.21264081666628326,0.02223426074056353,0.20737248551149615,G5,7.956504495124859
011780,2022-12-31,0.11838893816087048,0.023186843396857656,0.2213840754436166,G5,3.5647421086158184
011790,2022-12-31,0.13091036328183206,0.029879636495767286,0.07105605968087023,G3,3.1853313261392353
011810,2022-12-31,1.5195358956975953,0.07944289313810417,-0.19110998271602528,G1,18.677593626656197
012030,2022-12-31,1.0246747320852978,0.04728623764377617,0.03884370970728719,G3,20.91392676230927
012160,2022-12-31,-0.20323528403949573,0.014834473772687843,-0.011331999573604888,G2,-16.109038233474763
012170,2022-12-31,0.31191704358468536,0.04504797117026425,-0.5242338525057755,G1,6.130869277166914
012200,2022-12-31,-0.15546375524333228,0.01577027191810727,-0.23003446682962372,G1,-12.123923885041734
012320,2022-12-31,-0.020986527047416423,0.05536897220537002,0.0357394115166804,G3,-1.0244067376805435
012330,2022-12-31,0.1994786715480532,0.016249056109761826,0.08894003200200425,G4,10.077191518310412
012340,2022-12-31,-0.595624488580128,0.03541739003987652,-0.5238863401704911,G1,-17.826223474047396
012450,2022-12-31,0.6243545978711733,0.02867800277863147,0.044502048582465155,G3,20.525166319167617
012510,2022-12-31,-0.10718447325707917,0.03287277050174819,0.07127721781212117,G3,-4.347619388748814
012600,2022-12-31,,,-0.21404913464506786,G1,
012610,2022-12-31,-0.0008440420201382137,0.022261547999899448,0.09101419121058023,G4,-1.6430961206522923
012620,2022-12-31,-0.04866332900531284,0.012333729809305636,0.0913522079052272,G4,-6.842792200608097
012630,2022-12-31,0.25333248027386424,0.014666765394299975,0.027624028308217915,G3,14.836172345145675
012700,2022-12-31,-0.15758887813473732,0.01558161750292376,0.10952120837276037,G4,-12.407100818427438
012750,2022-12-31,0.043713262251223656,0.016242434303323897,0.13181988546762197,G4,0.49127125675856087
012800,2022-12-31,0.36232849032906295,0.050913187219625844,0.01834875227751627,G2,6.414736280052743
012860,2022-12-31,0.7604507061914758,0.04328392882651488,0.06450273146353484,G3,16.74332494071835
013000,2022-12-31,-0.15004576604439046,0.019286605886298464,0.05155789720319415,G3,-9.63257030697054
013030,2022-12-31,0.31920041868972876,0.021588998749359736,0.11992328580565273,G4,13.13014099646118
013120,2022-12-31,-0.060933188038157705,0.012197412736454005,0.09115073885079425,G4,-7.9252060469728605
013310,2022-12-31,0.8615477051524016,0.043269518483209736,0.13995645475527113,G4,19.085349524622938
013360,2022-12-31,-0.284545087681612,0.030213787295239207,0.04023176105364145,G3,-10.600422439271286
013570,2022-12-31,0.2065606755764085,0.030040821879543187,0.029488051811663786,G3,5.686490706651559
013580,2022-12-31,-0.20212948521029656,0.015362327751874853,0.12025666369953396,G4,-15.4835458655983
013720,2022-12-31,-0.45196423391993806,0.046818602187677485,-0.7207116816849917,G1,-10.416758131803219
013810,2022-12-31,-0.2418339695586267,0.027900221854890585,-0.01706726993833701,G2,-9.948587224161576
013870,2022-12-31,0.0969651168368502,0.015707415987929803,0.0496223465725222,G3,3.8982411712844036
013890,2022-12-31,-0.6007942025820481,0.02408129596817744,0.06956379584017049,G3,-26.432465452083978
013990,2022-12-31,0.1942739365273426,0.02150043864694766,0.09151157719149296,G4,7.373808413515257
014100,2022-12-31,0.18178346844506404,0.03134721539501345,-0.19056904342927783,G1,4.659094770187641
014130,2022-12-31,0.3637555593388374,0.03572181489928844,0.10606851060957129,G4,9.182672804431334
014190,2022-12-31,0.38675711746489605,0.03459359637530723,0.05484437378789479,G3,10.147059950587957
014200,2022-12-31,0.009824159210881103,0.008476498670319603,-0.09171601896166053,G2,-3.0566467282125287
014280,2022-12-31,0.004276015677445316,0.02789544597485367,0.13461614864678592,G4,-1.1277039803960713
014440,2022-12-31,0.12752297739891516,0.016427561719165974,0.047310306986701176,G3,5.587509444789591
014470,2022-12-31,0.560797850559256,0.040132308359736364,0.19516083099584683,G5,13.083324904077207
014530,2022-12-31,0.3241449460462512,0.03565906951602625,0.12843923367597948,G4,8.08801600328969
014580,2022-12-31,0.4623790135919799,0.0434677938312133,0.11141134043610887,G4,9.81520235672517
014620,2022-12-31,-0.012369004731464794,0.02468270588835636,0.10811310112838962,G4,-1.9488473462857991
014680,2022-12-31,0.27879596756375347,0.025358540909293105,0.2278459080901133,G5,9.585020971631199
014790,2022-12-31,-0.22742485691345835,0.017933988278786558,0.08582716739766659,G4,-14.67373982634695
014820,2022-12-31,-0.06302855637399087,0.029002078015777456,0.10785581391114568,G4,-3.4053552113912113
014830,2022-12-31,-0.11552714173257647,0.023544070156105164,0.15669276665789372,G5,-6.424588521350658
014910,2022-12-31,0.1448985627907874,0.03929978279166689,0.08428177872752843,G4,2.777744147627281
014940,2022-12-31,0.2889947210119417,0.024074880493918458,0.10306671997844737,G4,10.519715765056711
014970,2022-12-31,-0.2602089034836763,0.015432220218908568,-0.0462318862730922,G2,-19.17693762944617
014990,2022-12-31,-0.42951407234711303,0.04274856573546451,-0.27913577569127307,G1,-10.883356797614182
015230,2022-12-31,-0.20442099664797464,0.0254088292738208,0.23514265274643342,G5,-9.451628612957075
015260,2022-12-31,-0.04657847253980124,0.03328277375328862,-1.0101760632920054,G1,-2.4731200076099262
015360,2022-12-31,0.05991103585468815,0.010427635768281459,-0.013200005148413777,G2,2.31857107917199
015540,2022-12-31,-1.4618086611642853,0.08358518197570758,0.8699727171860762,G5,-17.91636324651095
015710,2022-12-31,-0.14377764920818764,0.04075216384424727,-0.026019517175696377,G2,-4.404955551133011
015760,2022-12-31,-0.11040635839618926,0.01615988687408611,-0.8057955408652747,G1,-9.043391248533432
015860,2022-12-31,0.06426684702551017,0.0183861856395186,0.03969441184726881,G3,1.5518730446173103
016100,2022-12-31,-0.23574159031519348,0.035205206038411076,-0.03824570888825586,G2,-7.711229161880441
016250,2022-12-31,-0.365374828625877,0.014355236030016046,0.28787365503456586,G5,-27.941626938448888
016380,2022-12-31,0.3469648452939509,0.03653933241937734,0.22899536231026021,G5,8.517698697491506
016450,2022-12-31,0.08069629228742356,0.013701511628532366,0.12059296111935057,G4,3.281570119283863
016580,2022-12-31,-0.1412431959289075,0.011434628836055165,0.08926520950549759,G4,-15.477285673592025
016590,2022-12-31,-0.367774428100871,0.020490832364160227,0.09388416956704314,G4,-19.692135588637388
016670,2022-12-31,-0.03416517109868694,0.03537301198922753,-0.34403823453952703,G1,-1.9760542941094552
016710,2022-12-31,-2.0909482745153527,0.04469275222206492,0.023019824676626374,G2,-47.58449614126955
016740,2022-12-31,0.5023754436147967,0.03492105901750516,0.06479961823988159,G3,13.362756903869041
016790,2022-12-31,0.7456592961904702,0.06647565942878533,-6.65239812400715,G1,10.679479995422904
016800,2022-12-31,0.013281180796026899,0.009040410953753972,0.022981656108135552,G2,-2.4835862503419883
016880,2022-12-31,0.23776469777176357,0.03927149361379587,0.03927192287431516,G3,5.144466330218207
016920,2022-12-31,-0.04670380112167129,0.019642594628405504,0.07548234069654465,G3,-4.196880494630182
017040,2022-12-31,0.2108354571300416,0.026966382391845792,0.05551400487982929,G3,6.493330601318559
017180,2022-12-31,-0.17444398391992022,0.02103271968884274,0.027839581981401355,G3,-9.992897170099448
017250,2022-12-31,0.18459703889989798,0.02692595986439824,0.02353455178936615,G2,5.5286132234979295
017370,2022-12-31,1.2208189887798506,0.04183692677641285,0.06386529899489274,G3,28.32629590540995
017390,2022-12-31,-1.6529433393970712,0.04279515239863489,0.021373877834459338,G2,-39.45954309977289
017550,2022-12-31,-0.1848834663233037,0.019998637473280557,0.14628527810564587,G4,-11.031615916648008
017650,2022-12-31,-0.0703398458367116,0.009062699125187142,0.1248503369900057,G4,-11.704423319110527
017670,2022-12-31,0.07016110164119466,0.01097489684271601,0.10169741401125905,G4,3.136911535148736
017800,2022-12-31,0.5400786547615655,0.027553590082347763,0.09436955063393232,G4,18.30414229565182
017810,2022-12-31,-0.019873139873733903,0.019430535797614026,-0.03368371453015574,G2,-2.8618336411893246
017890,2022-12-31,0.261167157019438,0.029812267581489173,0.08763878690295464,G4,7.561764138371049
017900,2022-12-31,0.05697998422462225,0.029519910269920117,0.04207211686196662,G3,0.7197231594589253
017940,2022-12-31,0.3519216035483601,0.017261046352404014,0.1283153622261894,G4,18.317996253228994
017960,2022-12-31,0.11189490843761538,0.022261175404512164,0.07150520025807797,G3,3.4212518393780216
018000,2022-12-31,-0.08460090465642317,0.033184684644576,-0.16157555042811608,G1,-3.6262127268490736
018120,2022-12-31,-0.25964455767414674,0.010264479077712028,0.05969240016193853,G3,-28.77675297266021
018250,2022-12-31,-0.023012568909685574,0.02767758192664041,0.06337541199977302,G3,-2.1225261008568084
018260,2022-12-31,0.36624330919266124,0.018785965837058705,0.13370547151877876,G4,17.59342537515214
018290,2022-12-31,1.2929468231127905,0.03594543854257089,0.1342137730464981,G4,34.97559225729398
018310,2022-12-31,0.05347041409381802,0.021349337112097796,0.16726677820532926,G5,0.8307795629661986
018500,2022-12-31,0.839271393525266,0.04123124408867428,0.3588406220325684,G5,19.488559953682714
018620,2022-12-31,-0.11811173482158524,0.03107366867862912,0.010322894726577532,G2,-4.950994282358546
018700,2022-12-31,-0.2760657151856954,0.026902467106162332,-0.4321510825700574,G1,-11.58999786500939
018880,2022-12-31,-0.036511785355431176,0.023444206073357315,0.041001508555493074,G3,-3.081597485860038
019010,2022-12-31,-0.01126104228557108,0.01185388508338305,-0.06873766823382382,G2,-3.9645114739352865
019170,2022-12-31,-0.2972825460443917,0.03572160449479047,-0.10515696378103609,G1,-9.322547850032022
019180,2022-12-31,0.0862257706846718,0.02618990537588411,0.02545575240284796,G2,1.927916455664397
019210,2022-12-31,-0.06585571112448861,0.017697398302302558,0.16477059694760096,G5,-5.740365364861708
019440,2022-12-31,-0.1691041630011089,0.019442010530758017,0.06644789599816442,G3,-10.53584369863696
019540,2022-12-31,0.5524173442552631,0.03267875223353026,-0.02809884033920463,G2,15.810993009301777
019680,2022-12-31,0.02951027648912674,0.017973085657228268,-0.26631973876767534,G1,-0.34627023805351365
019770,2022-12-31,0.16863456488971776,0.02318831168668865,0.03166589976416331,G3,5.731367835106281
019990,2022-12-31,-0.3519018787689151,0.02587560166311438,0.03691324477246389,G3,-14.980741509083455
020120,2022-12-31,-0.39948770054117677,0.031085158691762,-0.008949986651041382,G2,-14.000942571823765
020150,2022-12-31,-0.09930404003252831,0.030519455309515883,0.030413468157382356,G3,-4.424648467714797
020560,2022-12-31,-0.18851661727896832,0.017751075843110007,-0.01075949457122745,G2,-12.633061815474209
020710,2022-12-31,0.15038501332376936,0.029841230306416125,0.03912811916563774,G3,3.8420397218310063
020760,2022-12-31,0.25209192134128583,0.032885382141482365,-0.1253826551022937,G1,6.579157245983633
021040,2022-12-31,-0.24840242025894974,0.018443875462696355,-0.058207189235824915,G2,-15.405452176894201
021240,2022-12-31,0.06064139325536477,0.017606688974995923,0.295552443726124,G5,1.4146653100151771
021650,2022-12-31,0.02229334221407185,0.018384644581360826,0.10804834504002345,G4,-0.7310709143524086
021820,2022-12-31,0.11789461008788443,0.0185107846759076,-0.04412171783193292,G2,4.438536258087863
022100,2022-12-31,2.9132768677869985,0.06091288704093269,0.14683075203390306,G4,47.24029981890556
023150,2022-12-31,-0.08797793389093977,0.012875934401038796,0.1064308046757645,G4,-9.60798270447622
023160,2022-12-31,-0.02329683617722661,0.023285238374035778,0.08924973898107438,G4,-2.535110715519243
023410,2022-12-31,-0.01513769230946618,0.01493074171880097,-0.0084165162865781,G2,-3.4071658599264043
023460,2022-12-31,-0.352299620815083,0.014351727284882619,-0.19507904943895632,G1,-27.03740352995901
023530,2022-12-31,-0.16460250214366345,0.015331645374582687,-0.05141244248114088,G2,-13.066850842636828
023590,2022-12-31,-0.02705347774944761,0.018957662008210616,0.14357492278377015,G4,-3.311974802613615
023600,2022-12-31,-0.0728576506067479,0.009270920159458783,0.13278673744850253,G4,-11.713127702234315
023800,2022-12-31,0.37878876891713,0.043677179008124865,0.06850437836425725,G3,7.85432932184341
023900,2022-12-31,0.08768431429928131,0.024653473545940916,0.03698501617242319,G3,2.107228138228147
023960,2022-12-31,0.46596149561635436,0.056599452962837075,0.19308437370622564,G5,7.601269128177411
024070,2022-12-31,-0.013194728528046304,0.0142141750295395,-0.06243115543441154,G2,-3.4422363284943183
024120,2022-12-31,0.4489271761108722,0.03677621703293878,0.025036036623153683,G2,11.235341432822805
024720,2022-12-31,0.06250454508915909,0.02243069310084804,0.04280193159581111,G3,1.1934862570044973
024740,2022-12-31,0.0015548571205901418,0.028015455564361625,0.07629056566094918,G3,-1.2200038631925791
024800,2022-12-31,-0.0373104256218764,0.014624947391249563,0.11819137629421962,G4,-4.994496377046238
024810,2022-12-31,0.7182798683528896,0.05739173727687302,-0.3798422823829947,G1,11.89275807982418
024840,2022-12-31,0.23686976434848736,0.03427917793417985,0.03447256522006449,G3,5.867583627486086
024850,2022-12-31,1.5170320440429945,0.05412432483018986,-0.056200955847752275,G2,27.368437898342773
024880,2022-12-31,0.0829231530968915,0.03130841510925443,0.12615176008593607,G4,1.5072411616495869
024890,2022-12-31,-0.04110497148338718,0.03203775642051185,-0.14381899452429373,G1,-2.3983824464188537
024900,2022-12-31,1.2626078229858306,0.055934600427488976,0.2004004805426137,G5,21.93408002329581
024910,2022-12-31,0.3137793753688889,0.0336396717883448,0.06774033995039819,G3,8.265406273286306
024940,2022-12-31,0.2710193857151837,0.038429599273605515,0.04281834203859367,G3,6.122508926044743
024950,2022-12-31,-0.08764688788572557,0.016731545775162095,-0.06025813761837124,G2,-7.374136895772957
025000,2022-12-31,-0.15197034036863166,0.007578680854780159,0.06284551039625372,G3,-24.76739225513777
025320,2022-12-31,1.3496017177761672,0.03851372389012041,0.09025098074734095,G4,34.11427833845459
025440,2022-12-31,-0.2585613802364536,0.020108188933512714,-0.04949163850762828,G2,-14.635589627079078
025530,2022-12-31,0.2074075290386734,0.03298900162743042,0.0437806852699917,G3,5.203967972092706
025540,2022-12-31,0.42576683777448276,0.021563888728041897,0.07991748367658912,G4,18.087322818034604
025550,2022-12-31,-0.017307545102921068,0.01597300746976017,0.1591432644160788,G5,-3.3206874999307088
025560,2022-12-31,0.8818205856571738,0.06817456559247621,0.08632021644408183,G4,12.410592677283406
025750,2022-12-31,-0.1464351346483901,0.01382765848242448,-0.04013160168580029,G2,-13.174244650180336
025770,2022-12-31,-0.09123318140904059,0.028206370276748098,0.11889170277672986,G4,-4.501359136305359
025870,2022-12-31,-0.14783378147376783,0.025833321228495486,0.062262396910001974,G3,-7.105846011371339
025880,2022-12-31,0.02353851294000285,0.020094656554601572,0.08930049720480109,G4,-0.6068930894674013
025900,2022-12-31,0.36692184945649886,0.03728763608833382,0.0744574587001572,G3,8.881979740783468
025980,2022-12-31,0.06317740094540059,0.027290313040487586,0.11447222763728883,G4,1.0056161600812072
026150,2022-12-31,0.08846113381609289,0.021319459512762293,0.026451837006772644,G2,2.4732011919119152
026910,2022-12-31,-0.17380078500409873,0.01717003219659495,0.0015948138178999635,G2,-12.203506885902266
026960,2022-12-31,-0.08030188129183227,0.014048160960067863,0.08368308967835475,G4,-8.259850008828707
027040,2022-12-31,-0.31116170080163985,0.014946902219010733,-0.2080185603076706,G1,-23.20852286694163
027050,2022-12-31,-0.03917662111427887,0.034101528647475045,0.01873995331891095,G2,-2.196688688852568
027410,2022-12-31,-0.0840473042576738,0.017731237888514405,0.022398422711560916,G2,-6.755372983488911
027580,2022-12-31,0.44179851542928006,0.04533383680532645,0.03162909367844834,G3,8.95720995411883
027710,2022-12-31,0.07956508088140679,0.029205948195504015,0.03532385342475774,G3,1.5007648253633088
027740,2022-12-31,0.029227300251665755,0.022115793214823428,-0.03489454728836493,G2,-0.29420246533072664
028050,2022-12-31,0.32786251793509097,0.02261600391880501,0.2777275677934288,G5,12.916901581980056
028080,2022-12-31,0.66593648857092,0.054213181926838175,-0.0972210420154264,G1,11.624528297991814
028100,2022-12-31,0.10359115227550635,0.01830163196877491,-0.12727223485006242,G1,3.7077202324398653
028260,2022-12-31,0.1492902718795438,0.011969717670036297,0.10432154494599988,G4,9.486978212159293
028300,2022-12-31,0.7897775522753063,0.037680705200707175,-0.12648565660007174,G1,20.011401780318682
028670,2022-12-31,-0.33208306649800234,0.0280693570729811,0.153133238540499,G5,-13.103858655539552
029460,2022-12-31,0.12043108998057951,0.01902751100945791,0.15926642494015816,G5,4.451305733065564
029480,2022-12-31,-0.1323169609492509,0.05134655750658819,-0.10379907979089138,G1,-3.272873396934156
029530,2022-12-31,0.020316100428819747,0.008874101440540587,0.06353857571492882,G3,-1.7373838706595188
030190,2022-12-31,-0.19314402396620273,0.022461952942511652,0.21866357820104745,G5,-10.189579049078954
030200,2022-12-31,0.03832550646930828,0.013026710672346491,0.10285612224522736,G4,0.19895163071354827
030350,2022-12-31,-0.021294309944191722,0.03398846479156345,-0.26385008730317383,G1,-1.6778672244284036
030520,2022-12-31,0.24731210486798816,0.028637341009738162,-0.030827989901072356,G2,7.388195840452832
030720,2022-12-31,-0.14713110564325174,0.019915597340343455,0.13811913919909743,G4,-9.18199558147471
030790,2022-12-31,,,-1.906374532747778,G1,
031310,2022-12-31,0.23062250145453528,0.029222396542756084,-0.09090653421888964,G2,6.669154599663891
031330,2022-12-31,0.05077507164712308,0.015862149852192465,0.21188908739385176,G5,0.9482479140009333
031430,2022-12-31,-0.2455779505794882,0.02163013295346665,0.1640047144615721,G5,-13.005549818990543
031440,2022-12-31,-0.179073382193969,0.012197856412848054,-0.016637931714323175,G2,-17.610242001694907
031510,2022-12-31,0.399877034693246,0.02791077676100674,-0.18972711212129878,G1,13.046688620424478
031820,2022-12-31,0.3262093235890788,0.028451298301030697,0.20417886789225537,G5,10.209569327117295
031860,2022-12-31,-0.21559869523802117,0.06309575944523116,-0.21957857799507027,G1,-3.983350364367926
031980,2022-12-31,1.6759673040629521,0.05055809519354213,0.1201453503789641,G4,32.44254904473242
032040,2022-12-31,,,-0.035045392997557934,G2,
032190,2022-12-31,-0.5805171540762637,0.04087553971958748,0.14351891147282897,G4,-15.076277388434548
032350,2022-12-31,-0.28381613625104696,0.03566732093771989,-0.9669802977758514,G1,-8.959180252064266
032500,2022-12-31,-0.6193339267287699,0.03483365064156302,-0.15688468465671793,G1,-18.80560135966236
032540,2022-12-31,0.055436314849452425,0.02202357590705038,0.054674836707777105,G3,0.8946092039909707
032560,2022-12-31,0.08305117186149363,0.02208803770174196,0.13979817561825755,G4,2.14221613355679
032620,2022-12-31,0.012408919924078915,0.025335794389997314,0.04932271579624318,G3,-0.920630348316263
032640,2022-12-31,-0.06257285019239152,0.010888515663620974,0.10140186589601696,G4,-9.028473151675756
032680,2022-12-31,0.10865512243773068,0.03830636666725329,0.18962641722625825,G5,1.903633981602778
032750,2022-12-31,0.13237193255841265,0.032005046911945854,0.02299157036527654,G2,3.0194647639816834
032790,2022-12-31,0.13006240285159698,0.05465876481593642,0.0018159507075324627,G2,1.7257722897880596
032800,2022-12-31,-0.41682364738308597,0.0325426738660519,-0.21340499522457795,G1,-13.906585254305103
032820,2022-12-31,0.08631009903083506,0.028435391368041386,0.03001245687451415,G3,1.7786383608374214
032850,2022-12-31,0.03868054254153086,0.026294372714240233,0.1009118924831468,G4,0.11206661726992409
032940,2022-12-31,-0.044621512648813144,0.017025657701885914,0.16913162872467258,G5,-4.719661066492816
032960,2022-12-31,0.1011089080437993,0.03065783799647316,0.018877461330933567,G2,2.132410214742103
032980,2022-12-31,0.2458458127125584,0.0431922858859906,-0.38277236278618193,G1,4.864572162930992
033050,2022-12-31,0.02870557147409067,0.017702566329269767,0.06189145465237047,G3,-0.39701868832995424
033130,2022-12-31,-0.22586953269047128,0.01882022480468124,0.04583288912479132,G3,-13.900118438734744
033160,2022-12-31,0.21883550728350676,0.03373162327049427,0.010510603141385308,G2,5.428190771520271
033170,2022-12-31,0.30604147394313314,0.032589502302297055,0.07472288293976652,G3,8.294316688164619
033180,2022-12-31,-0.3245724760464855,0.02685547631277751,-0.22285968782333265,G1,-13.416492524218143
033200,2022-12-31,-0.3354347303352925,0.015699677491723622,-0.01571921391726011,G2,-23.641794659105084
033230,2022-12-31,0.6568176145420532,0.0481860898571444,0.01725546649563548,G2,12.889275623839724
033240,2022-12-31,0.39430546013834816,0.029846418814249154,-0.12546078127185203,G1,12.013891557031592
033250,2022-12-31,1.1570973401936522,0.05804823847948189,-0.15760825937877462,G1,19.317787213333016
033290,2022-12-31,0.42519003797204524,0.03639030065327151,0.1846252054243945,G5,10.702198383700948
033310,2022-12-31,-0.22892886191638062,0.029903773040022934,0.07797906058860109,G3,-8.850477921310127
033320,2022-12-31,0.1882147137127469,0.046121709237428116,-0.015299777826400395,G2,3.3060546778434685
033340,2022-12-31,,,-0.11876286040201214,G1,
033430,2022-12-31,,,0.21338542066339458,G5,
033500,2022-12-31,0.16422341015485897,0.019342146600201948,0.09365343391150512,G4,6.6429849629671445
033530,2022-12-31,0.17372095487148254,0.027748972403711585,0.051964038546485354,G3,4.972693465031325
033540,2022-12-31,0.8223870074206674,0.04125262372692621,-0.054103586261804705,G2,19.06916736956529
033560,2022-12-31,-0.039632033886075876,0.035384800476206055,0.007543149525790928,G2,-2.1298934573607617
033640,2022-12-31,0.36186358225549964,0.033671831698106926,0.21379805167946817,G5,9.685536683637668
033780,2022-12-31,-0.03688242639139232,0.010960329279158555,0.15274962302367281,G5,-6.625370979290375
033790,2022-12-31,0.9061766590468421,0.05569237831776427,0.07336194734394527,G3,15.629478650420367
033830,2022-12-31,-0.09625857128457053,0.015407693309966082,0.05154299686821549,G3,-8.566654966931742
033920,2022-12-31,0.11190054728846949,0.015555034406114826,-0.03215356303706555,G2,4.896596443420035
034020,2022-12-31,0.09349954066284402,0.022483276442315386,-0.018499402988266505,G2,2.569274975239498
034120,2022-12-31,-0.06675508028818122,0.028898478319335834,0.20332386868023977,G5,-3.5465155048602592
034220,2022-12-31,0.08152544168884052,0.02196761578243284,-0.30332194945820945,G1,2.0845057107766785
034230,2022-12-31,-0.2168445299096981,0.022750122835459574,0.017881488116455537,G2,-11.102285155763079
034590,2022-12-31,-0.07998160651560211,0.008078660852750228,0.07274626426567267,G3,-14.323590228994494
034730,2022-12-31,-0.024288309201347835,0.017148402650010355,0.082283756626452,G4,-3.500158677433607
034810,2022-12-31,-0.18007950596825795,0.014448833367209871,0.10046719380837721,G4,-14.936384247896115
034940,2022-12-31,-0.12048020569648232,0.020731565205543336,-0.00825509801901068,G2,-7.535081181083433
034950,2022-12-31,0.10788254961573251,0.007005064662259068,0.2529090430827973,G5,10.299509277371019
035000,2022-12-31,0.06751990906075542,0.010352615795164758,0.13947013347360115,G4,3.0703436263316086
035080,2022-12-31,0.02383947295663097,0.03551034776187804,0.001904330341593077,G2,-0.3349544268431388
035150,2022-12-31,0.3138357045636617,0.020348030399117267,0.3043194009718379,G5,13.667263021069346
035200,2022-12-31,0.056444286228348683,0.015779706379443394,0.042534702692505144,G3,1.312474680588312
035250,2022-12-31,-0.3457889609403602,0.01447427726139019,0.049145901639078116,G3,-26.358675821160002
035290,2022-12-31,-1.693329851434083,0.056300330869405835,-0.27421224091058743,G1,-30.711430037294598
035420,2022-12-31,0.2900845325693616,0.0217389922724268,0.04621331293228159,G3,11.700207086128938
035460,2022-12-31,-0.022152851053822767,0.03079998293049795,0.0745825839797487,G3,-1.8794384504257342
035510,2022-12-31,-0.09005240353758422,0.01740085677049141,0.294723945714619,G5,-7.228737431429551
035600,2022-12-31,0.0734826929099665,0.019952297908675587,0.1496740965834925,G5,1.89195610172507
035610,2022-12-31,0.21925515308497545,0.03069864019485038,-0.2485622421960759,G1,5.978158341278886
035760,2022-12-31,-0.30261555685723107,0.02391005157684959,-0.07540416733414297,G2,-14.150926312640923
035810,2022-12-31,0.16311486533133043,0.017963193349410378,0.05346626723711472,G3,7.091224912818757
035890,2022-12-31,0.22991371135707742,0.017651332429713368,0.18654104474951783,G5,11.000863022215443
035900,2022-12-31,0.513079569676036,0.030515966873521923,0.30909766832026314,G5,15.64249137234474
036000,2022-12-31,0.019017997445338275,0.017153465581312075,-0.1479696777214969,G1,-0.9744866781371704
036010,2022-12-31,0.5147372033419197,0.03348478551428164,0.09723584843623215,G4,14.30510528429122
036090,2022-12-31,0.44071772529767234,0.03900429583527995,0.06598566626821867,G3,10.383058980727634
036120,2022-12-31,-0.030996176974516752,0.02761644665281757,0.11000588186044125,G4,-2.416313689868569
036170,2022-12-31,0.08145254627472609,0.02923719442702326,0.03716468114537732,G3,1.5637179295923813
036180,2022-12-31,0.0855621202722401,0.04301634210407973,-0.2750929565964037,G1,1.1583574217786163
036190,2022-12-31,-0.0844321230061302,0.010014566263796366,0.10553391825557361,G4,-11.999116185266374
036200,2022-12-31,0.5200557333527445,0.031229954134891536,0.12097894717239037,G4,15.508249231574325
036220,2022-12-31,,,0.2593392173435097,G5,
036420,2022-12-31,-0.5216173015330537,0.029275399116314656,-0.12320799088269017,G1,-19.038207488029197
036460,2022-12-31,-0.3464198657034952,0.01699490735440785,0.18685008076412443,G5,-22.48636481931689
036530,2022-12-31,0.11158981095728368,0.011148851509710364,0.09191010574918301,G4,6.803928615696756
036540,2022-12-31,0.5762512649899489,0.03297541339316281,0.14752287388520702,G5,16.391528967573446
036570,2022-12-31,-0.5555507596490861,0.023193401397364678,0.1904147703475023,G5,-25.493655314156783
036580,2022-12-31,-0.12235610740461927,0.022243867026670545,-0.1352717560849801,G1,-7.107124330193116
036630,2022-12-31,0.2613281762304078,0.03143547225179136,-0.11665284629960974,G1,7.176426467693385
036640,2022-12-31,0.09187368186951657,0.022080254501331966,0.11720877868022568,G4,2.5425368501943053
036690,2022-12-31,0.24827509479956766,0.03729061228022947,-0.1082762601998679,G1,5.699591952638446
036710,2022-12-31,0.23443641832167353,0.026855556800913956,0.4558895050509396,G5,7.398937905346274
036800,2022-12-31,-0.18079414984404663,0.015067989440494405,0.1478067361238892,G5,-14.37006389189196
036810,2022-12-31,0.6441628375330066,0.04009014730087653,0.16747411124689437,G5,15.176522346713668
036830,2022-12-31,0.8413890075669359,0.043618110422162217,0.05467255023482649,G3,18.470657683955377
036890,2022-12-31,-0.10482882220242046,0.030279527707248448,0.3036533421207983,G5,-4.642167628888852
036930,2022-12-31,1.364197827145739,0.04013900082636254,0.27871752248193965,G5,33.096588820293135
037030,2022-12-31,0.1706616661588357,0.02893612488413058,0.03612480845781662,G3,4.662954889810513
037270,2022-12-31,0.12241423909109017,0.03307555059840697,0.07766710472884164,G3,2.6206795165808554
037330,2022-12-31,0.3212442296287914,0.04099051946615802,0.040747986415834214,G3,6.965279098897462
037340,2022-12-31,,,0.2140571807696934,G5,
037350,2022-12-31,-0.030959768568393428,0.020563112391499043,0.0039635981116721754,G2,-3.2433606565403235
037370,2022-12-31,0.889042532800946,0.058854561538100175,-0.20483374555217035,G1,14.498599417996438
037400,2022-12-31,0.016109225046767123,0.0211768745599578,0.10784513989001714,G4,-0.9266993595245316
037440,2022-12-31,0.17400835408309037,0.04572811479502809,0.14276275505110467,G4,3.0238406626794347
037460,2022-12-31,0.04745442350024,0.015005081975538914,0.17248587139179838,G5,0.7811088523965016
037760,2022-12-31,-0.03895151723960258,0.012770257814958297,0.09713796749169294,G4,-5.848381407799936
037950,2022-12-31,0.4837757810937355,0.04641198423491473,0.09323489804792916,G4,9.653583386733805
038010,2022-12-31,0.32984761795354545,0.030716719238635774,0.16190951283981966,G5,9.575039395658994
038060,2022-12-31,0.36131880948162665,0.03252525601721339,0.17538909521110319,G5,10.010220616591162
038070,2022-12-31,-0.1617044903646353,0.020536766697364973,0.15212055696951737,G5,-9.613894651107836
038110,2022-12-31,0.9137541029780838,0.046540873568139456,0.21231859691016858,G5,18.86557373175178
038160,2022-12-31,,,0.09370718146104658,G4,
038290,2022-12-31,0.22609176961901162,0.03447654943386261,-0.1608307989208136,G1,5.521374720111408
038340,2022-12-31,,,-0.7537898156152163,G1,
038390,2022-12-31,-0.18216654646721653,0.011995401974163338,0.14057631382647054,G4,-18.165324353011197
038460,2022-12-31,0.11132459595357694,0.026361202439524088,0.021186690012091634,G2,2.8675010174054205
038500,2022-12-31,-0.034531796931180914,0.01694633717025576,0.0549848414115546,G3,-4.146360205361818
038530,2022-12-31,-0.5011333840016048,0.04639373530830177,-0.1162820469435139,G1,-11.571976293181727
038540,2022-12-31,-0.4258920068047444,0.023034389557994098,0.07443226725634688,G3,-20.040723318528244
038620,2022-12-31,0.0503683586209521,0.01910375009837795,0.06448672321727507,G3,0.766055743368592
038680,2022-12-31,0.10880593094404872,0.026338577328104056,-0.014469752090167244,G2,2.774337766826427
038870,2022-12-31,0.5175275258318965,0.0507544747345377,-0.05676556531141168,G2,9.492635028017173
038880,2022-12-31,-0.24488246610444325,0.020713967175901363,0.0036918569196732593,G2,-13.547201502236797
038950,2022-12-31,0.16477875575013057,0.021851111534421267,-0.023176155384339234,G2,5.905646237201224
039020,2022-12-31,-0.08698212545842168,0.018708555162840253,0.040936742136832176,G3,-6.559349213688976
039030,2022-12-31,0.9770323616136135,0.03523043534994084,0.18691806378823034,G5,26.718334051951558
039200,2022-12-31,0.4863139541763543,0.040557131730296264,-0.229706044004812,G1,11.109763284901101
039290,2022-12-31,0.32987964880187925,0.03507470158647932,0.015174301644988114,G2,8.386267433763596
039310,2022-12-31,-0.024290681812042844,0.022852961798004136,-0.029065544693027117,G2,-2.6265524565615146
039420,2022-12-31,0.11648796091981556,0.01912613220800576,0.16859604458672295,G5,4.222188726051072
039440,2022-12-31,1.1273048864992559,0.0430263824054391,0.1666086413293325,G5,25.36980811157053
039560,2022-12-31,0.15118515061937657,0.04282586114043335,0.33881663977600446,G5,2.6958320605061616
039570,2022-12-31,0.007617693594729205,0.015019536755607722,0.06332801580659883,G3,-1.8719703544108754
039610,2022-12-31,0.21675229485803005,0.020513994584066726,0.04545661041832265,G3,8.824145535283323
039670,2022-12-31,,,-0.27912519616076326,G1,
039740,2022-12-31,0.16861553464820175,0.029500290923388215,0.0852944358914391,G4,4.504420443007904
039830,2022-12-31,-0.09408956832210363,0.012791365579251708,0.07154152336831979,G3,-10.149298654312219
039840,2022-12-31,0.2217545088517992,0.027752960287416525,-0.1260124199488901,G1,6.702733178266807
039860,2022-12-31,-0.373399937177199,0.028203443247596174,0.09554882329904454,G4,-14.506518041916088
039980,2022-12-31,0.3579612550354809,0.03478162661325927,-0.04591103933695526,G2,9.264300300849978
040160,2022-12-31,-0.028220488894100892,0.03110854423859515,0.029992360923249892,G3,-2.055843871760693
040350,2022-12-31,-0.1238334855726264,0.034007094817269615,-0.35599633339686215,G1,-4.6921769580212915
040420,2022-12-31,-0.016320628496689592,0.005331481020724635,0.21409198420906309,G5,-9.76360028902924
040610,2022-12-31,0.034883758635687045,0.016817696568257604,0.08139798008897867,G4,-0.05054571528711973
040910,2022-12-31,0.09772947003917484,0.026041593342120032,-0.0348618384833563,G2,2.3806396208749203
041440,2022-12-31,-0.1860056874967579,0.024352926111245142,0.08766781284744914,G4,-9.105251156351983
041460,2022-12-31,0.06600676424890554,0.02892238263902356,0.10773981526510262,G4,1.0466960308397406
041510,2022-12-31,0.3572981914276717,0.037431003602308235,0.13193560631991988,G4,8.59085622458786
041520,2022-12-31,0.4747395549147587,0.03160051519738352,-0.015471436146351755,G2,13.892360014842302
041590,2022-12-31,0.08784259062804076,0.04004723284129186,-0.36149590263246667,G1,1.3011827732602073
041650,2022-12-31,0.2845043168664596,0.028959423050885388,0.03449683723094399,G3,8.590312565658746
041830,2022-12-31,0.2924187806697741,0.023195227718251023,0.19668052588413942,G5,11.066283230735076
041920,2022-12-31,0.45500050105795464,0.036731201481953524,0.14987490716451035,G5,11.414455912250352
041930,2022-12-31,-0.006229684270013816,0.020166736953019106,0.14967111222223764,G5,-2.0808277266661594
041960,2022-12-31,-0.3547884678930775,0.022437775705241934,-0.11393813124113784,G1,-17.40467924100225
042000,2022-12-31,1.313173677026548,0.048688573204891415,-0.3256545708519752,G1,26.23695400792728
042040,2022-12-31,0.3683703311279397,0.04620788522346164,-0.1238049019837424,G1,7.1986958152509235
042110,2022-12-31,0.009591442972428449,0.020675972489120363,0.09423465940506576,G4,-1.2643844529943615
042370,2022-12-31,0.4646552820088097,0.0519381727567643,0.08757693259152986,G4,8.258308640916455
042420,2022-12-31,0.18296437762532886,0.033934717323693395,-0.10117095143605792,G1,4.3386410171839085
042500,2022-12-31,0.1086644394857635,0.022126337269127352,0.16063000510747877,G5,3.296099912989732
042510,2022-12-31,0.25014290011598456,0.027657658329654135,0.15926656215070412,G5,7.7522498984625505
042520,2022-12-31,0.563758183687426,0.03692355402527357,0.07378363563419016,G3,14.300475035198145
042600,2022-12-31,1.052239495866377,0.05375053307738572,0.5594577087503126,G5,18.911545923920084
042660,2022-12-31,0.5616579507523837,0.0365649241063328,-2.4085825989685214,G1,14.383296081369023
042670,2022-12-31,0.16082045967449393,0.03488409782849175,0.17046031759214297,G5,3.5857782291310247
042700,2022-12-31,1.9226081741074252,0.045359828894906466,0.32772387650189255,G5,41.59791601817736
042940,2022-12-31,-0.005442631849656876,0.04472100046206314,-0.10450289831350595,G1,-0.9207408725750279
043090,2022-12-31,-0.6527896539863842,0.06092586076391901,-0.06047123396522246,G2,-11.30100529547786
043100,2022-12-31,-0.08779654884446422,0.015701716007371965,-0.3078458589014468,G1,-7.867316535637124
043150,2022-12-31,0.09518820874815616,0.02625345056621144,0.268443643565435,G5,2.264631365694208
043200,2022-12-31,-0.12066879364196716,0.025119477961032213,-0.1965957276695973,G1,-6.22634813600846
043260,2022-12-31,0.27339697456866086,0.0307450879234735,-0.0672491782464586,G2,7.730117865397177
043370,2022-12-31,0.3996224066197429,0.020998062505397142,0.06008135191487218,G3,17.329626739990942
043590,2022-12-31,0.23724089885893518,0.045290871552046655,-0.02181596971558518,G2,4.449176419340023
043610,2022-12-31,0.10130704255902577,0.02859023756592937,0.10632901604511573,G4,2.2935528699123924
043650,2022-12-31,-0.09281511799519344,0.0168514661284528,-0.023496312871308163,G2,-7.628353411716314
043710,2022-12-31,-0.055328484842523916,0.02576347380890083,-0.21625456841910376,G1,-3.5345507619114174
043910,2022-12-31,0.19246927984833254,0.03620501290724886,0.0013928393243998376,G2,4.329109317310589
044060,2022-12-31,-0.3783672346029614,0.026178832426071285,-0.1980883013536497,G1,-15.818163659918344
044180,2022-12-31,0.20104134079620822,0.04645038996170951,-0.10497560373958809,G1,3.558797241406691
044340,2022-12-31,-0.006912741761878893,0.02030150797287882,0.007838970660051044,G2,-2.100659860196722
044380,2022-12-31,-0.27360851021847277,0.023173658176201047,-0.1381668740662352,G1,-13.348877807923026
044450,2022-12-31,0.033562441804407525,0.016627748766893966,0.114815410914916,G4,-0.1305876919506434
044480,2022-12-31,-0.17257008159148188,0.02996505161651384,-0.23073748919493434,G1,-6.951561619032762
044780,2022-12-31,-0.042795948268283326,0.015297457970748286,0.08738318639043412,G4,-5.133517578976774
044820,2022-12-31,0.20459770888957102,0.013928246767844151,-0.024498416168485394,G2,12.123843766267276
045060,2022-12-31,0.001434659350539518,0.015567741135512242,0.0842188282940166,G4,-2.203220203182243
045100,2022-12-31,0.2170006600636291,0.035122000498081944,0.18780118219900782,G5,5.161062478070319
045300,2022-12-31,0.176247115607925,0.0318226998724675,0.0733645866939844,G3,4.415505127875198
045390,2022-12-31,0.15710735992010488,0.023327362478742827,0.08292134868022862,G4,5.203054519879637
045510,2022-12-31,0.06587147726664516,0.0234105533774041,0.02075044461342057,G2,1.2873534274299856
045520,2022-12-31,-0.08751824796867899,0.02547083141925122,-0.6800999093961404,G1,-4.838949584257963
045970,2022-12-31,0.6264831912350102,0.04048410829622253,-0.19344276806681812,G1,14.592129972933606
046070,2022-12-31,-0.6033089831205578,0.05834384810881052,-1.7420987987375212,G1,-10.953045179107189
046120,2022-12-31,-0.11245769017024948,0.03507982481886645,-0.3010259343961572,G1,-4.2244085332136905
046140,2022-12-31,0.012202761464980089,0.02476105505360745,0.09062491846701366,G4,-0.9503254050478365
046310,2022-12-31,0.0991478996525067,0.026688810522597507,0.17520303356420291,G5,2.3760548811496274
046390,2022-12-31,-0.43407809148983456,0.026957745876672393,0.20228223425658776,G5,-17.427715016580553
046400,2022-12-31,,,0.7006429638510615,G5,
046440,2022-12-31,0.08605308330536654,0.0322295383335394,0.12120683388787222,G4,1.5612777833305436
046890,2022-12-31,0.046502477450337004,0.018356431596916994,-0.039683976518060673,G2,0.5866421398554532
046940,2022-12-31,0.026720697962955342,0.02482478944530675,0.04479481654175637,G3,-0.3630694711475186
046970,2022-12-31,0.7685089576607977,0.05609603051827917,-0.025293376884870936,G2,13.062869685294542
047040,2022-12-31,0.04624906255666236,0.02127018115872218,0.19156266475436157,G5,0.494365390683993
047050,2022-12-31,1.3159004437995407,0.05053863315811892,0.16874150538130495,G5,25.330455983170438
047310,2022-12-31,0.9773235643769325,0.06856597242293228,-0.29817890712750716,G1,13.732609776621517
047400,2022-12-31,0.45833885824387177,0.0502903957290323,0.015290507127686032,G2,8.403295121849546
047770,2022-12-31,0.1389708596495482,0.03115635712542303,0.12213277002020816,G4,3.313514416841026
047810,2022-12-31,0.04184590023558017,0.022022522833081377,0.08403558765790176,G4,0.27753764378836193
047820,2022-12-31,-0.5932592138083065,0.024690133833629863,-0.15889228619560447,G1,-25.475480983006292
048260,2022-12-31,0.34658814616530303,0.01942385906342197,0.5578295387666202,G5,16.003736642245144
048410,2022-12-31,0.24117485559599688,0.04923048360406312,-0.28526884419894266,G1,4.173045223566115
048430,2022-12-31,0.24966860804513918,0.03610710972269125,0.01582544773171391,G2,5.925004481111432
048530,2022-12-31,0.31718040767131633,0.04569211409108777,0.07834500765619155,G3,6.15963152792707
048550,2022-12-31,-0.30378636922570185,0.03566890773298143,0.058133274517722384,G3,-9.51865958177279
048770,2022-12-31,0.19791538074152426,0.040832115873526906,0.005806338145221251,G2,3.971911720314785
048830,2022-12-31,0.09066226653187552,0.01714463585570053,0.06226252024449595,G3,3.2038268911614503
048870,2022-12-31,0.17559008082790972,0.04116314762580069,-0.051212306456608875,G2,3.397608486141077
048910,2022-12-31,-0.05039805777989806,0.02736015110758616,0.07656195788425464,G3,-3.148077603059275
049070,2022-12-31,0.1126372912181336,0.03450700896950009,0.20131567390439245,G5,2.228633323389325
049080,2022-12-31,0.01295804990091598,0.03703986855226723,-0.12308023361027876,G1,-0.6148988138323528
049120,2022-12-31,-0.34051812733885206,0.020249778739378388,-1.0209738939066795,G1,-18.580546154086687
049180,2022-12-31,-0.5314074104029376,0.038608588714758245,-0.08707404789046057,G2,-14.689509521604387
049430,2022-12-31,-0.062188803743027744,0.013054149269458526,0.10327759785231781,G4,-7.501264376556409
049480,2022-12-31,0.09385070501458166,0.03131723838980034,0.0960075226579275,G4,1.8557474050872342
049520,2022-12-31,0.669364429074922,0.038338860370702534,0.07181959598763225,G3,16.527111181972252
049550,2022-12-31,-0.12216048088045586,0.02118274273243482,0.05660924515656252,G3,-7.4539120836746475
049630,2022-12-31,0.19206524938028405,0.023813903827268234,-0.14826804860663423,G1,6.564712336793121
049720,2022-12-31,-0.0906970827962912,0.017086857137782106,0.2903038354404944,G5,-7.399307135010871
049770,2022-12-31,0.07056110160207613,0.01599972320662972,0.13414959508268703,G4,2.176742685738061
049800,2022-12-31,-0.10075207128045734,0.02066943557359221,0.24409249415510537,G5,-6.603271382651906
049950,2022-12-31,0.9530465635557654,0.048354595915171925,0.23786460741252527,G5,18.970538892038068
049960,2022-12-31,-0.08645135536670828,0.01782872392463167,0.09410620286946995,G4,-6.853276601367526
050110,2022-12-31,-0.13959829066579682,0.024314657895966794,0.056842223722958565,G3,-7.210963549402497
050120,2022-12-31,-0.2958523869168574,0.02297588541192313,0.16962272672153275,G5,-14.431922953576148
050540,2022-12-31,0.5815968172711532,0.23187978388081384,-0.03832212899517741,G2,2.3540775612138543
050760,2022-12-31,0.0034658728881984957,0.026699586078449227,0.0008328637079392704,G2,-1.2085561234995394
050890,2022-12-31,0.13327611832704894,0.0274522063010724,0.15839861169564845,G5,3.5531678626874945
050960,2022-12-31,0.05812450682343225,0.029581473559025247,0.024163182347895676,G2,0.7569158324903505
051160,2022-12-31,0.1891648000434087,0.03597816266040292,-0.0216334918461264,G2,4.264558486586125
051360,2022-12-31,0.644922377311594,0.02822325646888959,-0.012221061047252022,G2,21.584630279815137
051370,2022-12-31,0.22098395591134348,0.023741873843426305,0.10560241735162791,G4,7.802675390949587
051390,2022-12-31,0.17844303707639325,0.016245023704569896,0.05075757056759815,G3,8.784795795529451
051490,2022-12-31,0.14450771697243683,0.02655095825838225,0.1285763832269098,G4,4.096797365115253
051500,2022-12-31,-0.2493789114226609,0.019133647746743088,0.1704611970993551,G5,-14.90111746252901
051600,2022-12-31,0.0617802405645708,0.01735908182450364,0.11071480348940305,G4,1.5004491418199877
051780,2022-12-31,0.01173723264936484,0.03716037666976327,-0.10530216285035576,G1,-0.6457574072001299
051900,2022-12-31,-0.6166784481326619,0.02709843202773009,0.07639091054287779,G3,-24.075646465568685
051910,2022-12-31,-0.11091092635796496,0.024545763943045074,0.07503912569117785,G3,-5.974340331653332
051980,2022-12-31,0.9050074959354755,0.06323917339122738,-0.8719066946231143,G1,13.745810202475717
052020,2022-12-31,0.0892611160734606,0.04800398422547205,-0.3688402805595402,G1,1.1150594226478057
052190,2022-12-31,,,-0.2778737277159878,G1,
052220,2022-12-31,0.06201934576398817,0.026784283232254284,0.04398040232041379,G3,0.9813786838291471
052260,2022-12-31,-0.25893658346774506,0.0180612722825468,0.05293839608652946,G3,-16.31504137671996
052300,2022-12-31,0.10668697886205727,0.037519139428119685,-0.374317233514207,G1,1.8911190076675437
052330,2022-12-31,-0.28957091551011993,0.017860512024895612,0.10408929162774225,G4,-18.21362882513625
052400,2022-12-31,0.16556735830026942,0.024412250298311847,0.3123498025727802,G5,5.31837645344134
052420,2022-12-31,0.018254012671866666,0.027136557732031528,0.004568127757889864,G2,-0.6441424383650485
052460,2022-12-31,0.7093517971770891,0.04663411467953475,0.013908984748248166,G2,14.444746741048203
052690,2022-12-31,0.21750974855902203,0.02710685332430879,0.04735909151023416,G3,6.705902940707555
052710,2022-12-31,-0.5194902523977525,0.03919942118645557,-0.059404627805010414,G2,-14.16408856893551
052770,2022-12-31,0.07110296577320879,0.04838296805575018,-0.055613375747493164,G2,0.7310246984898212
052790,2022-12-31,0.3316723770386962,0.044063286801345344,0.06009446633108027,G3,6.716216092428429
052860,2022-12-31,0.16057342571196143,0.0231529906431961,0.022638194240473412,G2,5.391942945842994
052900,2022-12-31,0.08857229122491203,0.021188653107951854,0.1368003857763443,G4,2.4937153776362977
053030,2022-12-31,-0.19583537246070007,0.022045841035619452,0.07922522150939232,G4,-10.503985455794824
053060,2022-12-31,0.4511433971390499,0.036447689437243073,0.36961145341207596,G5,11.39741866809158
053080,2022-12-31,0.8914156417239729,0.03893653935375238,0.13374431565138342,G4,21.976319282296412
053110,2022-12-31,,,0.705435493880344,G5,
053160,2022-12-31,0.7942560207239394,0.024631994660149203,0.0236225861664551,G2,30.794184963546655
053260,2022-12-31,-0.07884298348275928,0.02742803673118763,0.06274307725944812,G3,-4.177360769343315
053270,2022-12-31,0.3927461745491015,0.030640470766962694,0.06788886843892371,G3,11.651660189106153
053280,2022-12-31,0.01558145217150908,0.01823276854875272,0.017285007663543073,G2,-1.1052829915992588
053300,2022-12-31,0.19006546301616373,0.03125476669556596,0.04106599247569987,G3,4.937859347382267
053450,2022-12-31,0.3830917071321793,0.030979141555830935,-0.006070464340526754,G2,11.212637553818459
053590,2022-12-31,-0.09783534836282445,0.02770883148582319,-0.4619370885346627,G1,-4.820454791439851
053610,2022-12-31,1.0179600328932512,0.04643177090998876,0.18833330803321174,G5,21.154183708804776
053620,2022-12-31,-0.02815708399469998,0.010808722729805958,0.051241300409308625,G3,-5.911050429365425
053660,2022-12-31,,,0.09189185939049488,G4,
053690,2022-12-31,-0.059490013941921605,0.04204251492623531,0.16796296876740588,G5,-2.264941458597462
053700,2022-12-31,0.27153505743770207,0.029413522300537898,0.09830704153066605,G4,8.016762966711353
053800,2022-12-31,0.11198137823368699,0.026507582836395906,0.06378416560557378,G3,2.876443226305224
053950,2022-12-31,-0.23329861671754215,0.04623546542203247,-0.07422646099940021,G2,-5.818746181098292
053980,2022-12-31,0.29385711449481977,0.029689092091630738,0.14519684897313206,G4,8.694213098869822
054040,2022-12-31,0.3125969406602661,0.02216067636190039,0.154552357448211,G5,12.493441761464014
054090,2022-12-31,-0.32257108200826873,0.024713935459479804,-0.018395055925963806,G2,-14.498091723754222
054180,2022-12-31,-0.776148698762539,0.053367329738876514,-0.6739213231778772,G1,-15.213099922241716
054210,2022-12-31,-0.026756298542724766,0.02890157607149497,0.25623764002374344,G5,-2.1621699635463427
054340,2022-12-31,,,6.501935383518043,G5,
054450,2022-12-31,1.2600663885029946,0.03582747235824035,0.2817511326812126,G5,34.17300989371039
054540,2022-12-31,0.18413664775637884,0.018177826222647846,-0.1668715615129007,G1,8.163947922071763
054620,2022-12-31,-0.6419539979380257,0.04227513005987573,0.02894177424065186,G3,-16.030413581611796
054630,2022-12-31,-0.008844013000695095,0.045300427535262026,-0.1987456709812897,G1,-0.9840488614419125
054800,2022-12-31,-0.0860687966861155,0.013743058119870054,0.1474414490272519,G5,-8.862846737744754
054920,2022-12-31,0.20336812426997403,0.0418672338533846,0.02407062632564799,G2,4.003949812371253
054940,2022-12-31,-0.32803909937734305,0.02882109797175856,0.11672746835472722,G4,-12.621757882784724
054950,2022-12-31,0.4042491529579193,0.03506211526659595,0.1345736262427403,G4,10.510356520640281
055490,2022-12-31,-0.5049215251729262,0.02758349879370054,0.16016418589461223,G5,-19.600680477656127
056000,2022-12-31,-2.6631553333166234,0.1503671833841515,-0.22929641516237237,G1,-17.94865803637374
056080,2022-12-31,1.3881644541923572,0.052869606771078374,0.11619697440446713,G4,25.580493513221576
056090,2022-12-31,,,-0.3193795046043749,G1,
056190,2022-12-31,-0.1464869084348847,0.01651342849629912,0.10775969266345374,G4,-11.034700008779774
056360,2022-12-31,-0.03667102186179297,0.032121615837314085,0.027452942013204862,G2,-2.2540847062835243
056700,2022-12-31,-0.3644594399633362,0.023373111663087188,-0.1138327991766516,G1,-17.121950507495626
057030,2022-12-31,0.4670609038029595,0.029839154059886488,0.10607923371283214,G4,14.455070736894374
057050,2022-12-31,-0.1949768834526329,0.015578323352473547,0.04939794363224794,G3,-14.80972626968946
057540,2022-12-31,-0.361511154029468,0.02440555773332538,-0.009551821666462668,G2,-16.276824299952303
057680,2022-12-31,-0.15928916577060287,0.042750739009484756,-0.08797665335176337,G2,-4.5618623543688
057880,2022-12-31,,,5.229848882818971,G5,
058110,2022-12-31,-0.012669781420601378,0.05762772350274897,-0.0402777070304037,G2,-0.8399360518987667
058400,2022-12-31,0.3730275315789945,0.02526652489416326,0.046087829291887025,G3,13.349430198796364
058430,2022-12-31,0.9069679119789101,0.054790931929446,0.09280151788352231,G4,15.901063554870401
058450,2022-12-31,5.257909736267217,0.4032940972065505,-1.7724633067687257,G1,12.948803246317844
058530,2022-12-31,,,0.006294165958343665,G2,
058610,2022-12-31,0.9831227708524157,0.04558592454338686,0.10265694356322566,G4,20.78248843702879
058630,2022-12-31,-0.10487798068421715,0.02347987352155955,0.3082370872869497,G5,-5.98860984891238
058650,2022-12-31,0.02270896016682781,0.013696175178381686,0.06916613351446338,G3,-0.950985278864004
058730,2022-12-31,-0.020652956432119216,0.019854586520715346,0.035010558530808394,G3,-2.839987501703914
058850,2022-12-31,0.7466748126382514,0.046809225323673834,0.12411663490001776,G4,15.188052922988252
058970,2022-12-31,2.0309842900810913,0.056134059528041146,0.15548001982588092,G5,35.54438224704156
059090,2022-12-31,0.42572753906144867,0.04182304144827886,-0.05385546765611671,G2,9.324853105327822
059210,2022-12-31,0.833496049551478,0.0417787950169098,0.06285758634964153,G3,19.094907550358396
060150,2022-12-31,-0.08533169417374459,0.015959174065572644,0.08475365068855957,G4,-7.585951178583871
060230,2022-12-31,-0.18472569723561816,0.04942838645057305,-0.13764551329967692,G1,-4.460180357986855
060240,2022-12-31,-0.4443788302522719,0.03331943150109576,-0.8117768029079272,G1,-14.409389048990649
060250,2022-12-31,-0.18293357050758524,0.026165787559329377,0.23369295708481422,G5,-8.35699636978177
060260,2022-12-31,0.1710171023329743,0.028588356633949038,-0.17112720296346245,G1,4.732111150247521
060310,2022-12-31,0.2624102545581434,0.029908893601188064,0.03215795468472492,G3,7.5788973153767145
060380,2022-12-31,0.12034351710507274,0.022534792695287475,0.09745773222015663,G4,3.7546249974846737
060540,2022-12-31,0.36720466554134673,0.029557440204721813,0.11020867988626967,G4,11.214463840822818
060560,2022-12-31,0.0988072731034087,0.018426814894652976,0.11097400118224261,G4,3.422916674736867
060570,2022-12-31,0.19599507484205855,0.034996349402214126,0.16492948970045962,G5,4.579370604115294
060590,2022-12-31,0.7182704728906252,0.04045862528064382,-0.00039184524486029256,G2,16.869991182793658
060720,2022-12-31,0.15083094967973038,0.028218370370758816,0.14215035393694692,G4,4.07880139885002
060850,2022-12-31,0.05334247794606217,0.018899471781381596,0.16374758976649706,G5,0.9317010026278932
060900,2022-12-31,-1.098001674785135,0.047260944718969494,-0.499159928289872,G1,-23.988845391579535
060980,2022-12-31,0.10535745206796578,0.014537474200252365,0.012849064988807732,G2,4.7892522435944045
061040,2022-12-31,-0.2816800973504577,0.01677189664696738,0.04903852955536184,G3,-18.925344292892625
061970,2022-12-31,0.23374243589777055,0.024775006073545578,0.14126382012531855,G4,7.9922731066851345
062860,2022-12-31,-0.007714112341540916,0.005949164115833519,-0.08812754317335235,G2,-7.303199682139703
063160,2022-12-31,0.06153279034060798,0.022254989981968877,-0.12577759108982,G1,1.159244251437502
063170,2022-12-31,-0.14763017553776642,0.04090693007200587,0.05250749931591088,G3,-4.482467795877466
063440,2022-12-31,-0.0587745804508671,0.02792190783908218,0.049740380284998054,G3,-3.384740116389735
063570,2022-12-31,0.37575212554883425,0.026208667099112563,0.06559967282717553,G3,12.973506173541196
063760,2022-12-31,0.18828136501348938,0.035203660307378475,-0.029831722745019634,G2,4.333286440765507
064090,2022-12-31,0.18912390736873244,0.03559274122533197,-4.045287525864806,G1,4.30958900466342
064240,2022-12-31,-0.06121829998254552,0.048514583130438646,-0.007613774105049471,G2,-1.9984119179193343
064260,2022-12-31,0.08240097547203698,0.03578632294277065,-0.105971935369307,G1,1.3040499972141746
064290,2022-12-31,0.9842738660152099,0.04050141349458698,0.28224718174559965,G5,23.419924467667556
064350,2022-12-31,0.019733869719239683,0.026547072504014745,0.06964980574018585,G3,-0.6027011609868467
064510,2022-12-31,-1.234252782783457,0.23790867324474563,0.1419157488011075,G4,-5.338126544950235
064520,2022-12-31,-0.3247811171810063,0.025682788231887837,-0.1150576266446268,G1,-14.037219598750617
064550,2022-12-31,0.4417937513792226,0.050813949646605586,0.057093238071580295,G3,7.9911113594795395
064800,2022-12-31,0.05515081063824322,0.02263849058397111,-0.12098862859114749,G1,0.8576980619803248
064820,2022-12-31,0.03336608370371663,0.022845639674909317,-0.015800401503899563,G2,-0.10364067140107916
064850,2022-12-31,0.09607103719298066,0.023045934601954875,0.15592761762149912,G5,2.6181284073266085
064960,2022-12-31,0.07038661389394801,0.018595414304771518,0.13527416169576298,G4,1.8635128095449245
065060,2022-12-31,0.4466772580683974,0.0324774871375459,-0.08692010608699258,G2,12.653178344426502
065130,2022-12-31,0.24962528565062783,0.03957520036928456,-0.1350623557635334,G1,5.40468431028902
065150,2022-12-31,-0.2005508880662619,0.047613805217011106,-0.17088466147913306,G1,-4.962525219892638
065170,2022-12-31,0.008753844469432892,0.04397828578018611,-0.321280202540565,G1,-0.6134840453679979
065350,2022-12-31,2.299655352897347,0.07380158688120333,0.1373396107617238,G4,30.675783915098148
065440,2022-12-31,-0.23048117779018978,0.025996987155119857,0.040848279169484684,G3,-10.240225043769069
065500,2022-12-31,0.1370000152775542,0.03819233077060756,-0.13271157785806972,G1,2.651479815347544
065510,2022-12-31,0.7796770358766908,0.03661399416878256,0.16702635229612012,G5,20.318548457430314
065560,2022-12-31,,,-0.5404463120701081,G1,
065680,2022-12-31,0.2069138156095334,0.02520464815773079,0.07792997350636947,G3,6.791604207290534
065690,2022-12-31,-0.33232950108863124,0.022499821275368457,-0.18312835455494877,G1,-16.35849981749756
065710,2022-12-31,0.07827400186105596,0.009678746795536836,0.15537804902672817,G5,4.395215787901504
065770,2022-12-31,-0.07362810626876232,0.018613306899530387,-0.19365258876148922,G1,-5.875470060064011
065950,2022-12-31,0.07592377357865986,0.02434260512975095,0.02311684824005976,G2,1.6510127912040644
066310,2022-12-31,0.10890094347382764,0.021977762460428537,0.10590928858827754,G4,3.329143376963663
066360,2022-12-31,0.3792643100433396,0.03539041604984187,0.1469940339566129,G5,9.706879072043664
066410,2022-12-31,-0.3206888445301812,0.012481812144717448,-1.5588698028940162,G1,-28.555362116969352
066570,2022-12-31,0.206804423571117,0.019087354738774376,0.11292065351066871,G4,8.962509723015202
066590,2022-12-31,0.17202636238463076,0.029707654377479874,-0.29996628122858543,G1,4.587792072528522
066620,2022-12-31,-0.10477627304501798,0.015228234782714511,0.21454929245361368,G5,-9.2269456170141
066670,2022-12-31,0.48740161664352133,0.04267334665065898,0.058628166764581165,G3,10.584306855584646
066700,2022-12-31,0.0956895170670673,0.026642710043280407,0.0785108226723156,G3,2.2503602610792757
066790,2022-12-31,1.8711145980496247,0.06736592672938975,0.008621776856915923,G2,27.24494215427591
066900,2022-12-31,0.1786158379660434,0.027428841691264097,0.06821818700855184,G3,5.209188869004958
066910,2022-12-31,0.6996637965828123,0.03713493631048205,-0.40597386737649316,G1,17.87885052214817
066970,2022-12-31,0.41222429210933054,0.045868264748486175,0.2649404126708834,G5,8.208081841237405
066980,2022-12-31,-0.627023317889374,0.035182819917278445,-0.026756614279475323,G2,-18.83752185259324
067080,2022-12-31,0.2110165725345582,0.04338375145071875,0.029698276758666743,G3,4.040285718385999
067160,2022-12-31,0.3301971708928398,0.035416251434767,0.34237922935873494,G5,8.31435676632799
067170,2022-12-31,-0.16777354820431017,0.022048553990905478,-0.3267672812708347,G1,-9.229964442405777
067290,2022-12-31,-0.2905815042209029,0.018474999239425957,0.054309342809155566,G3,-17.662535252653864
067310,2022-12-31,1.3680281956044582,0.0440137398358759,0.1856970478180873,G5,30.269965229818634
067390,2022-12-31,-0.47212585960377873,0.06160961351206133,-1.753426140306406,G1,-8.243188875751773
067570,2022-12-31,-0.043110133637085074,0.026638397957699154,0.05167673936425524,G3,-2.9597859038106527
067630,2022-12-31,0.16071900669365285,0.026489460000738,-0.25771819306113214,G1,4.718298732852968
067770,2022-12-31,0.05839108429040338,0.0318407301217772,-0.012765976626435426,G2,0.7115811435710694
067900,2022-12-31,-0.08218872866175608,0.02374658553353995,0.15409385212443066,G5,-4.965873920417413
067990,2022-12-31,-0.09245027730647738,0.018072317396154367,0.12896192715496121,G4,-7.092842364088029
068060,2022-12-31,,,1.4845702759342738,G5,
068240,2022-12-31,0.09507753863619987,0.03076411851135147,-0.8272320546394055,G1,1.928991317469136
068270,2022-12-31,0.2816232961593285,0.02108159929960151,0.1465005734639144,G4,11.663701198692502
068400,2022-12-31,0.4801752977041703,0.019349479563633764,0.05887827901467445,G3,22.969169537834038
068420,2022-12-31,,,0.030554059715246152,G3,
068790,2022-12-31,0.17879528952881982,0.020905013948364765,0.13653080535629708,G4,6.843404589155944
068930,2022-12-31,-0.09886679599629436,0.011738712244937055,0.16242985442427096,G5,-11.466386970390165
068940,2022-12-31,-0.4697183473519437,0.023268173314822012,0.41434068899335985,G5,-21.722898555520814
069080,2022-12-31,0.11692033945320784,0.019769834163005935,0.18335823241697963,G5,4.106585702520246
069140,2022-12-31,-0.4674856333748222,0.049728038107051835,-0.24180098622148968,G1,-10.119431082918048
069330,2022-12-31,0.060048352270735614,0.032974702364707696,0.16501139389249428,G5,0.7373692372898476
069410,2022-12-31,0.2865175350841289,0.04511507569479155,0.0035800070450309517,G2,5.558756359902773
069510,2022-12-31,0.11349313797622876,0.01674411586251844,0.09960877285666658,G4,4.643978665489348
069540,2022-12-31,0.1231166369576214,0.05842106764929535,-0.020989175655617764,G2,1.4957415079089884
069620,2022-12-31,-0.23341898514417744,0.02375195210555271,0.05171137038909238,G3,-11.331818331659
069640,2022-12-31,-0.22597494110891966,0.02901891221871168,-0.9747027310480258,G1,-9.018558665282383
070590,2022-12-31,0.16398813441821386,0.03363706957598427,-0.26880950528915265,G1,3.8128860479443114
070960,2022-12-31,-0.12019318751807354,0.014603509541861617,-0.034373863660675665,G2,-10.677365479120832
071090,2022-12-31,0.14032505557313124,0.035452491318429036,0.0957936862958239,G4,2.950180101463022
071200,2022-12-31,0.014034766125912035,0.02472731930435196,-0.02695327650217766,G2,-0.8775336600470208
071280,2022-12-31,-0.17982030993711878,0.02335662801236889,0.24784499795136827,G5,-9.22882065686793
071320,2022-12-31,-0.1298266334738754,0.013839045753258332,-0.1546956638641392,G1,-11.963285443514515
071460,2022-12-31,-0.8810154818276654,0.06253618639899026,-0.6280803720746936,G1,-14.659501254471746
071670,2022-12-31,0.41580801980606075,0.032444511196192044,0.06482546940510946,G3,11.714591610566721
071850,2022-12-31,0.228269913553297,0.02764801868607316,-0.1471324740228678,G1,6.963829654530355
071950,2022-12-31,-0.0368477232671815,0.03716168768264521,-0.09396826191414012,G2,-1.9531283139029498
071970,2022-12-31,0.6777398014168295,0.038741548661772526,0.08154019945756642,G4,16.571510495967996
072020,2022-12-31,0.1289819873296476,0.034124880833377204,0.05043584151623447,G3,2.732556536878252
072130,2022-12-31,0.364291423472334,0.03984445216080532,0.03980550205714666,G3,8.246006269784333
072470,2022-12-31,-0.13123595336431948,0.02284446221366824,-0.1132761828276032,G1,-7.3089824982892315
072520,2022-12-31,-1.2326987291226388,0.051989444142699695,-0.3796117870533427,G1,-24.397886362840875
072710,2022-12-31,-0.012875938724748036,0.010340012370867147,0.045037441408530623,G3,-4.701131693025511
072770,2022-12-31,0.9765678927943431,0.0472701273291337,0.005085456025261601,G2,19.903353868824325
072870,2022-12-31,0.01945180392369233,0.011375977941039296,0.0814629065677341,G4,-1.4312630789992133
072950,2022-12-31,0.05454231202952271,0.016403973952313595,0.03666055665161624,G3,1.1465813677824466
072990,2022-12-31,0.12752612417705905,0.020042089127266297,0.06592537016351825,G3,4.579976790641485
073110,2022-12-31,0.32959300385774715,0.03351706509994753,0.036479890679085476,G3,8.76744971086373
073190,2022-12-31,0.42709361240705135,0.028239370701733102,-0.17819614279116683,G1,13.858658374594073
073240,2022-12-31,0.7422091190090483,0.025734321725961573,-0.06752909087276575,G2,27.45264885524933
073490,2022-12-31,-0.20261044306462042,0.02029402461023662,0.1113672370351209,G4,-11.744553817216092
073540,2022-12-31,-0.110265053278611,0.025327792683561993,-0.09629610999899346,G1,-5.764374189290375
073560,2022-12-31,-0.13123349192547779,0.01561669430731983,0.12165605568434139,G4,-10.69159130466097
073640,2022-12-31,0.6121557554357399,0.08681496306254725,0.37606627079966193,G5,6.639661113283386
074430,2022-12-31,-0.24918681964928796,0.022219694282621223,-0.12218491986712032,G1,-12.82288753227111
074600,2022-12-31,0.27206376692411033,0.023732443953917964,0.16476964841445385,G5,9.958095602997664
074610,2022-12-31,0.14352106860346325,0.054350970103811985,-0.5596371134396635,G1,1.9831706271180627
075130,2022-12-31,0.05260479683414375,0.019470327751343473,-0.028300346452961485,G2,0.8664967488679419
075180,2022-12-31,-0.1882195622720234,0.013419831306032902,-0.025484015345545705,G2,-16.68824132756097
075580,2022-12-31,-0.022235516996440496,0.02178608585043318,0.07949480370733988,G4,-2.6608422702740446
075970,2022-12-31,0.2754752094464905,0.037769636963217376,0.05459750451169643,G3,6.347463401402441
076610,2022-12-31,-0.20083108368570507,0.03836056980781608,-0.47490637411586045,G1,-6.166876717658027
077360,2022-12-31,0.5470617691964145,0.0349216491785477,0.012064602160430742,G2,14.642147781849628
077500,2022-12-31,0.5905942286993311,0.03984900228959034,0.1347573727496014,G4,13.924072766711769
077970,2022-12-31,-0.0844569407876197,0.018643712156162506,-0.10916636246613767,G1,-6.4467183852172445
078000,2022-12-31,0.1491222352843462,0.01203316287183349,0.040974787530465316,G3,9.422993385350718
078070,2022-12-31,-0.229295895783238,0.01305384323543374,0.11023849750851687,G4,-20.302811374511137
078130,2022-12-31,-0.9051709098293237,0.027914105452379212,-0.2862751633709682,G1,-33.70714252594251
078140,2022-12-31,0.343943312502899,0.04302431911021262,0.0721682993115335,G3,7.163611132930826
078150,2022-12-31,0.3756971835683468,0.03631097389903707,0.17776370027596722,G5,9.362551480315732
078160,2022-12-31,-0.3603760890017031,0.02898178342700193,0.0356471835854642,G3,-13.667547793862274
078340,2022-12-31,-0.11361802369751711,0.025304051658829825,0.0013296372449927145,G2,-5.90228975380756
078350,2022-12-31,0.2668484294089616,0.030159581125967193,0.4097391271244676,G5,7.663057630192421
078520,2022-12-31,0.4655071079395641,0.042080103872198564,0.05460342746725761,G3,10.21321829686107
078600,2022-12-31,0.3474534763049282,0.03560025195976165,0.011844359032602654,G2,8.756108117410184
078650,2022-12-31,-2.900316810143223,0.10263709967891953,1.1810577907310869,G5,-28.606134043794157
078860,2022-12-31,18.099143392928845,1.19497347350186,-0.5818620982232792,G1,15.11615945654087
078890,2022-12-31,-0.25257128443530097,0.03566955398681425,0.08445318681802826,G4,-8.082666401718631
078930,2022-12-31,-0.04639811068845148,0.01345289473628549,0.2802691200347408,G5,-6.105149370204653
078940,2022-12-31,1.5088363262778386,0.0695528794685067,-0.7201583297490304,G1,21.17960487612368
079160,2022-12-31,-0.5542330367479397,0.03547287587235552,-0.6045522269437177,G1,-16.631492186003445
079190,2022-12-31,-0.059054606869334586,0.04043841662695253,-0.6627513372557665,G1,-2.3440192745916937
079370,2022-12-31,0.8281920413659861,0.04424116892930576,0.16090820542351605,G5,17.91223512864379
079430,2022-12-31,-0.05510015604245523,0.019630172994425175,-0.15042980644607593,G1,-4.627263203766099
079550,2022-12-31,0.45209381351603406,0.03019815656720218,0.16870774713193556,G5,13.787596320698123
079650,2022-12-31,-0.14051325712755564,0.015350698035676884,0.014958979406506997,G2,-11.481372238327365
079810,2022-12-31,0.9256809026644456,0.05480448007826719,-0.23766091543226345,G1,16.23858268986926
079940,2022-12-31,0.5720867096170258,0.024358424578045105,0.18125395873838765,G5,22.01919449923061
079950,2022-12-31,-0.01770869589684998,0.04448352585464458,0.03360814929179841,G3,-1.2014002039696983
079960,2022-12-31,0.3829620635500912,0.02146980760901356,0.11065505096407663,G4,16.17286231601371
079970,2022-12-31,-0.3308902423472918,0.03384744018584978,-0.41886564665865267,G1,-10.831662940312208
079980,2022-12-31,0.002823915812750169,0.03944345105693634,-0.26806914819990413,G1,-0.8343566408009274
080000,2022-12-31,0.13200889382627085,0.03656944754360964,0.04936399940894263,G3,2.6326641268848796
080010,2022-12-31,0.05055814012476176,0.01740745653788553,0.1092170462319182,G4,0.8516074105534485
080160,2022-12-31,-0.0630050795981051,0.020139881092413464,-0.24830724816023128,G1,-4.902655595792502
080220,2022-12-31,1.5335979387446679,0.04055192288541688,0.23052519137212496,G5,36.93694431799958
080420,2022-12-31,-0.14065712200872346,0.018521700418951858,0.013172379523919638,G2,-9.523474581547992
080470,2022-12-31,-0.2760146512887741,0.017750131719329116,0.10426481659605212,G4,-17.56316388838428
080520,2022-12-31,0.14055212158680183,0.02265002455058738,-0.036570182668244716,G2,4.627734518101096
080530,2022-12-31,0.12031144937970935,0.029726591733378122,-0.5224554792461752,G1,2.8451841704587704
080580,2022-12-31,-0.38199172909110163,0.05164482151807713,0.03461029151812415,G3,-8.088430513465854
081000,2022-12-31,-0.08593103129820201,0.018169210427335766,0.0035254867522571927,G2,-6.696210213591193
081580,2022-12-31,-0.09466850345799985,0.02525965272188585,0.04951403064235154,G3,-5.162474956879596
081660,2022-12-31,0.1896524967078855,0.017530001194579543,0.1760054262195298,G5,8.780300346885737
082210,2022-12-31,0.15505446887063967,0.036568061459138455,-2.1221133183095704,G1,3.2629743817773464
082660,2022-12-31,0.33738180796751477,0.07495255508630543,-0.47804654454686973,G1,4.024519063852667
082740,2022-12-31,0.3676979122338633,0.027359149890186008,-0.17447707569294957,G1,12.133567469314192
082800,2022-12-31,0.22837213013541247,0.049722905992006725,-0.35643859579062503,G1,3.874236735643909
082850,2022-12-31,0.2756522845393563,0.03959922702083855,0.14125139918064913,G4,6.058665318767237
082920,2022-12-31,0.3854748969872806,0.034568503038341705,0.1535499983986505,G5,10.117333558272783
083310,2022-12-31,0.7365270515489463,0.035913400662605316,0.1296509616000963,G4,19.51341887654858
083450,2022-12-31,0.42448935407725097,0.026366026622996825,0.2949685820445499,G5,14.744562709345118
083470,2022-12-31,-0.7166881635387683,0.05868268958786548,-0.007602868525495296,G2,-12.821872854862583
083500,2022-12-31,0.5833491184121541,0.027736856878516125,0.08769393788444677,G4,19.743235496091987
083550,2022-12-31,-0.14889472337390472,0.017179588663205365,0.06888596073091849,G3,-10.746971195389966
083650,2022-12-31,0.4061995553209694,0.03941865283934606,-0.4193726846941608,G1,9.398234274839918
083660,2022-12-31,0.6369863224182254,0.05299395092466763,-4.024553875774897,G1,11.345681738934905
083790,2022-12-31,-0.10615146929419195,0.032985271348615584,-0.12943183027986707,G1,-4.30147410136004
083930,2022-12-31,0.33525797530577917,0.03671802736790599,0.10771693253684358,G4,8.157414099793714
084010,2022-12-31,0.23060087222115916,0.02147426596900189,0.24518972258760774,G5,9.074445262261278
084110,2022-12-31,0.28124327227495255,0.020113979802126317,0.0008338764686527235,G2,12.205911189728228
084370,2022-12-31,0.72083975036414,0.030146873205957127,0.17069991685669708,G5,22.725604892601247
084650,2022-12-31,0.3847238971788821,0.0395337213442932,0.3011416842580548,G5,8.827655585503043
084670,2022-12-31,-0.046785356412963636,0.010786062939760335,-0.20952035462632446,G1,-7.650537365861928
084690,2022-12-31,0.7772885458553352,0.045645004395309094,0.07642333051776312,G3,16.246131083587606
084730,2022-12-31,0.3297347538264642,0.027433434023450602,0.04588758749700407,G3,10.716884092488584
084850,2022-12-31,0.08051301426670468,0.029358795463391946,-0.09543686493641404,G2,1.5252394528355009
084870,2022-12-31,0.166340384296139,0.026964972797049378,0.15809366657120452,G5,4.843563690604546
084990,2022-12-31,-0.3771174447784962,0.036424707161506274,-0.1986673340723472,G1,-11.334374332403964
085310,2022-12-31,0.1713205484526541,0.014958031495200978,0.08195105064005834,G4,9.064476656433259
085370,2022-12-31,0.6761716299590805,0.023860270591702027,0.3698965953321007,G5,26.841179623654252
085660,2022-12-31,0.5066501763138951,0.028787260465961834,-0.10937020373785085,G1,16.358498431363312
085670,2022-12-31,0.02096835035793547,0.03508776192756155,0.25492144587268084,G5,-0.4208154059742856
085910,2022-12-31,-0.22733704907482827,0.01503783326047774,0.11653946287656429,G4,-17.49393450879918
086040,2022-12-31,-0.20007311235318626,0.025447551386104335,-0.014512361888609403,G2,-9.266389913654336
086060,2022-12-31,0.1504388956386516,0.022647305173897275,0.03968628110333637,G3,5.064844299119812
086280,2022-12-31,0.18878049044698947,0.015879593337194187,0.2321963975092185,G5,9.63794639188288
086390,2022-12-31,0.3200272763227509,0.02512467814523943,-0.06251461509027335,G2,11.315307346072684
086450,2022-12-31,0.0079801237445076,0.01694234290165321,0.1292357315902288,G4,-1.6381262942680495
086520,2022-12-31,2.3167285508525706,0.0633781421005265,0.12158742455654588,G4,35.990242915237026
086670,2022-12-31,-0.059333010251695406,0.018659218233661283,0.18720655684016776,G5,-5.094898950182485
086710,2022-12-31,0.28631818848967966,0.027501357390554353,0.3691044678346012,G5,9.11170906195104
086900,2022-12-31,0.8018443185406443,0.03794504376951482,0.11421668388018033,G4,20.190001678636325
086960,2022-12-31,0.20453407120280895,0.05386360303814484,0.006497409266358644,G2,3.1338462439108934
086980,2022-12-31,-0.03326167827496532,0.024152987735863385,-0.021027253895627405,G2,-2.856603090586976
087260,2022-12-31,0.17648445587153339,0.03541440928929228,0.03696327297504618,G3,3.974388887403486
087730,2022-12-31,,,-0.6648072255872098,G1,
088130,2022-12-31,0.08884455903717944,0.027731135706961767,0.003697102088025957,G2,1.9152024085921184
088260,2022-12-31,-0.0613680543135513,0.0077101762046495196,0.03859149441813256,G3,-12.593989148160668
088390,2022-12-31,0.26905690139858135,0.042656545353180454,0.06544282919574243,G3,5.4698072318923385
088790,2022-12-31,-0.2075861911532078,0.02033388004532125,0.049186761882694933,G3,-11.966236239669675
088800,2022-12-31,-0.6177065042973607,0.060223665791349995,-0.4618600930386343,G1,-10.850225021164796
088910,2022-12-31,0.1746993651770829,0.01733457070314505,0.0889424260774272,G4,8.016670641497843
089010,2022-12-31,0.7166917083692976,0.030740491804667966,0.05466975884927684,G3,22.15182149843427
089030,2022-12-31,0.803256263491582,0.02805584028573594,0.17404077715946936,G5,27.356957928777202
089140,2022-12-31,-0.12851975797662576,0.05135626399901521,-0.04108223724296183,G2,-3.1983163556832483
089230,2022-12-31,-0.2553533650889778,0.040387556546400374,-0.3718085862568453,G1,-7.2073482804726146
089470,2022-12-31,0.1680179555063029,0.014560957899210875,0.061200423066934156,G3,9.084851098653381
089530,2022-12-31,-0.3049806258373737,0.041961939969883545,-0.2810493375949817,G1,-8.119606653556028
089590,2022-12-31,-0.18121398108350428,0.021891238495596644,-0.7085082284991219,G1,-9.910257122517487
089600,2022-12-31,-0.0608353282810052,0.020950021681324572,0.14861588158616534,G5,-4.609501168454684
089850,2022-12-31,0.40384665421284627,0.024842821061075538,0.03634652918261928,G3,14.817674376417937
089980,2022-12-31,-0.13127762156543082,0.022892302273875988,0.04785054618965988,G3,-7.295528457800885
090080,2022-12-31,0.21710888605963677,0.029061409326159617,0.12134081893459557,G4,6.241096668294084
090120,2022-12-31,,,0.08951235558206934,G4,
090150,2022-12-31,0.10911196566530473,0.03468699927068823,-0.04315389426519024,G2,2.115436505604581
090350,2022-12-31,0.21991697435067195,0.01862928398958732,0.050414182155086834,G3,9.886754279735507
090360,2022-12-31,0.6632887619785788,0.040724699695035275,0.027118861656618636,G2,15.409688605189944
090370,2022-12-31,0.08959530750440992,0.04037507419124477,-0.17311659241389096,G1,1.3340281707241612
090410,2022-12-31,0.13853405471965202,0.026843636431422395,0.12120449783333287,G4,3.829594170076959
090430,2022-12-31,0.13200303118869278,0.025674253455521195,0.046972347119825605,G3,3.7496400905000384
090460,2022-12-31,0.029080410761315484,0.027066177651179444,0.28453879237100516,G5,-0.24582009556883072
090470,2022-12-31,0.3485219778583227,0.03336913450148519,0.24643076377821357,G5,9.37357715125005
090710,2022-12-31,-0.11418232003619314,0.03364387000440053,-0.15795752540917113,G1,-4.455971954320233
090850,2022-12-31,-0.09315123658650382,0.020251888563481146,0.22081515218639924,G5,-6.36410067736225
091090,2022-12-31,-0.6596791066540663,0.03131876814656897,-0.5541246758393601,G1,-22.204351222813386
091120,2022-12-31,0.8457224425574684,0.0351056804398696,0.1310546321079446,G4,23.072864883124478
091340,2022-12-31,-0.07256017167192264,0.03181559006205162,0.021207361479581098,G2,-3.403802745726938
091440,2022-12-31,2.2935424240844027,0.06764749095907371,-0.8904630599665561,G1,33.37608787755559
091580,2022-12-31,0.20230428884898793,0.03477360592608284,0.2460952442860476,G5,4.790140777026409
091590,2022-12-31,-0.32736694899390895,0.030438972804194806,0.15688047360276863,G5,-11.928811542618195
091700,2022-12-31,0.026338156260829013,0.013242553140813799,0.11348423924228065,G4,-0.709505544548259
091810,2022-12-31,0.05504704602987004,0.027184813022407477,-2.52792646824586,G1,0.7104417041875355
091970,2022-12-31,-0.22754735449334978,0.039386856964440796,-0.6121231907283295,G1,-6.6844931513386925
091990,2022-12-31,0.3473089416961838,0.02546535294238815,0.11134617177324109,G4,12.235256321122593
092040,2022-12-31,-0.0757359307367273,0.028199184697613868,-0.2978655940148064,G1,-3.952942365896518
092070,2022-12-31,0.7298781833001022,0.03328442908748012,0.053218506780395095,G3,20.854927700201777
092130,2022-12-31,-0.13822780249925518,0.006738123203797178,0.43616788464150874,G5,-25.81751897018339
092190,2022-12-31,-0.11718375338578585,0.03138188340790067,-0.48246115146761376,G1,-4.872797866730294
092200,2022-12-31,0.5811775174420644,0.04011528229943177,0.1054477685739035,G4,13.596905344763812
092220,2022-12-31,-0.03996620607421447,0.030931897862901587,0.06821554569240408,G3,-2.4473127238408883
092230,2022-12-31,-0.041994512634474276,0.008729309667986978,0.03443165835320004,G3,-8.90429332089558
092300,2022-12-31,0.012664691973076792,0.02495292768724892,0.06764406776479245,G3,-0.9245059118623191
092440,2022-12-31,-0.10068158109647321,0.009785379205181933,0.04274799278680916,G3,-13.940737438406536
092460,2022-12-31,0.20530018356888477,0.023811745543155537,0.09479871735119746,G4,7.121122730097948
092600,2022-12-31,0.20959729235777294,0.030858477356050216,-0.42367543224924087,G1,5.6342206782757325
092730,2022-12-31,0.36714203067083806,0.024292460718000626,0.16400450937340558,G5,13.642430603461031
092780,2022-12-31,0.05829226552592493,0.01937690134883407,0.03351139035961499,G3,1.1641925600798362
092870,2022-12-31,0.7948414734573592,0.03040930638151737,0.11200707737729601,G4,24.963004509058116
093050,2022-12-31,-0.1536653202871021,0.014926744106417852,0.13505579764554468,G4,-12.688576964609451
093190,2022-12-31,-0.17380069485693633,0.016950428872371043,0.06822605207254578,G3,-12.361605571920718
093230,2022-12-31,0.8274685090238786,0.05414477775970294,-0.5561759109056791,G1,14.622549406323596
093240,2022-12-31,0.13238753052584837,0.02531289181737901,0.12235342725621433,G4,3.8183590434846213
093320,2022-12-31,0.7411271873604133,0.03408128784244394,0.20920030556033795,G5,20.697380025168048
093370,2022-12-31,0.22091762926036923,0.03044701893079834,0.3212691500337242,G5,6.082165500111976
093380,2022-12-31,0.09709620204329263,0.014834332830385696,0.07870672159060628,G4,4.136510998283017
093520,2022-12-31,0.6046532298549152,0.03508514477570568,0.30813699421178464,G5,16.2153929349223
093920,2022-12-31,0.03545184175267253,0.013912916405438881,0.15789514665553933,G5,-0.02026745344553349
094190,2022-12-31,,,-0.5285502434474277,G1,
094280,2022-12-31,-0.07337931961313457,0.010265806502369646,0.29794800521124937,G5,-10.628793824056537
094360,2022-12-31,1.8130662029237408,0.05071607045545428,0.19123390078102578,G5,35.04475732887514
094480,2022-12-31,1.3364621412223863,0.052731730517799134,0.06335935728576902,G3,24.666899935042437
094820,2022-12-31,0.05612714059318677,0.027596002599673312,0.16522267213259215,G5,0.7389954172281759
094840,2022-12-31,0.3781357585209205,0.0371947003521941,0.05516330641653425,G3,9.205664628039166
094860,2022-12-31,-0.027395998186653767,0.03982636319555445,-0.03881833657565888,G2,-1.5851263901473156
094940,2022-12-31,0.5563401507822688,0.04433462908391433,0.003914057286540575,G2,11.742656708792587
094970,2022-12-31,0.3588092633406412,0.025235384915285763,0.21875580600362288,G5,12.802477286832831
095190,2022-12-31,-0.22083475497005592,0.024406476502595295,-0.11748741904766874,G1,-10.512315289795506
095270,2022-12-31,0.25960888639985413,0.02455264291344958,-0.1271494713681495,G1,9.118165651283402
095340,2022-12-31,1.196259226781449,0.046469296674260224,0.23179592786042663,G5,24.974025619072115
095500,2022-12-31,0.4292792324281651,0.04708461615462307,-0.03759688244322567,G2,8.358258884336534
095570,2022-12-31,-0.08709954408574488,0.020351899789967626,0.07638503850772733,G3,-6.0354741567913175
095610,2022-12-31,0.3329203035837059,0.02682766931504981,0.176963938512682,G5,11.07761091563696
095660,2022-12-31,-0.1716368094224715,0.03564375986956174,0.04246956696594802,G3,-5.817866333954533
095700,2022-12-31,-0.24433735059712994,0.03320304974674895,-0.20487490709953862,G1,-8.435103819424425
095720,2022-12-31,0.13003560475373177,0.02325555882146615,0.020048887840901863,G2,4.055021181794811
095910,2022-12-31,-0.34760472482656163,0.023198180668546616,-0.17875154016262537,G1,-16.5245090311985
096040,2022-12-31,0.8497661754350785,0.044684850988861685,-0.6672670955047103,G1,18.217188516523777
096240,2022-12-31,-0.06529546941735866,0.01349162266102831,0.24967948258272454,G5,-7.48829796784946
096350,2022-12-31,0.4752537796315797,0.03096201141633665,-0.27044862688931864,G1,14.19545883448199
096530,2022-12-31,-0.07230806610965998,0.02897354586640799,0.1960910624126879,G5,-3.7289839409381855
096610,2022-12-31,1.2603784319453966,0.08412888712013054,-0.48119558037413757,G1,14.556767036017876
096630,2022-12-31,0.8839599128919371,0.050720754734070644,0.12880377604677123,G4,16.723451695484076
096640,2022-12-31,-0.9852760438563091,0.08642241390391218,-0.5227248943017703,G1,-11.814178971322407
096690,2022-12-31,0.2882815559208972,0.02864830374584365,0.040375623413622205,G3,8.815451589147784
096760,2022-12-31,0.243705315309666,0.017797799157671296,0.21302935394939518,G5,11.685236603078181
096770,2022-12-31,0.03780366203719905,0.031000821456715913,0.12305963163435946,G4,0.06676729201765338
097230,2022-12-31,0.18830168578965123,0.022437899891035555,-0.1340995870022598,G1,6.799560805260307
097520,2022-12-31,0.13423653246419984,0.021035517690051995,0.09431836405078789,G4,4.682685388464286
097780,2022-12-31,-0.11762650623766212,0.03380829067258802,-0.26869759486491074,G1,-4.536175131155597
097870,2022-12-31,0.026941192494330912,0.023502933369603612,0.05599281220872443,G3,-0.37410771266755904
097950,2022-12-31,-0.13062751384001084,0.015706865817125746,0.10803371246497667,G4,-10.591631514215434
098120,2022-12-31,1.1853239618070006,0.041366651175396674,0.16671885424933644,G5,27.79026360617081
098460,2022-12-31,0.41375985420755934,0.03550775191674269,0.16521507486065395,G5,10.646295883663091
098660,2022-12-31,-0.019190821998495436,0.02417135032187916,0.08499860878271628,G4,-2.2723034669267403
099190,2022-12-31,0.7509240312354366,0.041219937320235295,0.0628480908047498,G3,17.350589462107962
099220,2022-12-31,-0.21221633699611986,0.02503097113115703,0.028606876071311724,G3,-9.905734653087348
099320,2022-12-31,0.11603233865939289,0.026832629955474085,0.006098474832812472,G2,2.9925697799443602
099430,2022-12-31,0.06349638558844779,0.02470471681844071,0.23895968272820053,G5,1.123775862490891
099440,2022-12-31,1.164107317852114,0.04897306703260376,0.14015345048377748,G4,23.04069491834541
099520,2022-12-31,,,0.06115411495975111,G3,
099750,2022-12-31,0.12558229491943534,0.037348929751094884,-0.07623337045848504,G2,2.405650560270474
100030,2022-12-31,-0.0038110228156144066,0.021219853397208336,0.103080437766698,G4,-1.8635776229739764
100090,2022-12-31,0.06076581585906475,0.025276981676706885,0.06615787373503079,G3,0.990307903095912
100120,2022-12-31,-0.07140682760369438,0.017896692912832562,0.1579356285052473,G5,-5.986617151210216
100130,2022-12-31,-0.3372628025307194,0.02107306711156556,-0.03994785167031101,G2,-17.70015829656892
100220,2022-12-31,0.021873328673666245,0.029336904351071526,0.0016789086788325815,G2,-0.47245927173085894
100250,2022-12-31,0.07111589226547407,0.00982209897218106,0.08619765884078545,G4,3.6022922623234264
100700,2022-12-31,-0.001594186546803461,0.01252119915130264,0.10900871023785529,G4,-2.981184727912535
100840,2022-12-31,0.282528455600489,0.031971318160490196,0.06654835626796371,G3,7.719251149527634
101000,2022-12-31,3.783997957843959,0.24530135064437283,-1.2593658822719906,G1,15.28024255414646
101160,2022-12-31,0.38820235169592626,0.02382766769812646,0.268077350126243,G5,14.792405829355637
101170,2022-12-31,0.23241027475663378,0.03522683892268183,0.07080042027310475,G3,5.583142275413947
101330,2022-12-31,0.31512611472863644,0.0327317394220214,0.08170782054906076,G4,8.535821759672642
101360,2022-12-31,0.13631943727438323,0.043036979472306724,-0.012252430992898055,G2,2.3371904201803084
101390,2022-12-31,0.38515475068690547,0.044518653352887155,-0.13286687048543233,G1,7.8488656603992535
101400,2022-12-31,-0.0687396618213855,0.021900945291260618,-0.011993611104097234,G2,-4.770272769974276
101490,2022-12-31,0.6962407395270354,0.03582890343688078,0.08688140373380444,G4,18.435030241783114
101530,2022-12-31,-0.17480827605534582,0.01406220282572349,0.020908557397842566,G2,-14.972198865487842
101670,2022-12-31,-0.6350420267972868,0.06487401896471799,-0.07968747678987498,G2,-10.33966846265995
101730,2022-12-31,0.680572130003869,0.05129020312196241,0.3057118594048004,G5,12.572348511319085
101930,2022-12-31,-0.021235228968505947,0.021714069909109852,-0.06080326094471891,G2,-2.623600750351121
102120,2022-12-31,0.6642971271893241,0.03393606186913092,0.08308893110638117,G4,18.521987273451714
102260,2022-12-31,0.011975450181208977,0.02324513848267963,0.11405308057441386,G4,-1.0220791317163016
102280,2022-12-31,-0.09166693023976345,0.024600692143456553,-0.7907636973441462,G1,-5.178746623674232
102370,2022-12-31,0.49360072918884,0.03941627956181981,0.040648859844940086,G3,11.616187857926015
102460,2022-12-31,-0.2242284921798815,0.01920454527348283,0.027824383630026667,G3,-13.5364992826486
102710,2022-12-31,0.2627337415185423,0.022509320301809875,0.1629392828895743,G5,10.084707904844148
102940,2022-12-31,-0.018824128405184604,0.019347769606029536,0.01336274184765075,G2,-2.819857309361051
103140,2022-12-31,0.20588953525594245,0.02095515622853174,0.11928818831826342,G4,8.119992629119775
103160,2022-12-31,,,-0.019445711835304785,G2,
104460,2022-12-31,-0.3747476838441993,0.038702082308715274,-0.13171819555749859,G1,-10.606186553687703
104540,2022-12-31,0.14211224604029898,0.02032823607399846,0.032758122770789204,G3,5.233037658302024
104830,2022-12-31,0.10998471928020531,0.02107270814323897,0.1722058894620177,G5,3.5235574676630654
105330,2022-12-31,0.15512434204794712,0.029375645387778825,0.14351927972915637,G4,4.064268864009568
105550,2022-12-31,0.30054319967943716,0.03481168447031049,-0.07955342435836044,G2,7.6069107993631055
105630,2022-12-31,0.4034712016695171,0.027503588719913222,0.2428560755423843,G5,13.370523544262262
105740,2022-12-31,-0.18671777552875496,0.016725317559543183,0.0634979307430323,G3,-13.300291362183387
105840,2022-12-31,0.19906698810710613,0.02814577300083028,0.08228300140842762,G4,5.803115336859875
106080,2022-12-31,-0.2704849551019701,0.03072931959246915,0.10542013197809069,G4,-9.965036007996307
106240,2022-12-31,-0.016492257036569286,0.031050148765336717,0.24691462372379905,G5,-1.6819912384150633
106520,2022-12-31,-1.6228951984602542,0.052124575207121236,-3.4200019781869306,G1,-31.82048032061208
107590,2022-12-31,-0.32455659788216873,0.008459863837369175,0.09767967082629295,G4,-42.58820543055244
107640,2022-12-31,0.7050641837808693,0.033721528563750214,-0.719713470293833,G1,19.848755117292374
108230,2022-12-31,0.2385411903102323,0.025323918831869862,0.04319909321921678,G3,8.008530216768433
108320,2022-12-31,0.28269467926005476,0.027736999424917,0.31984759948607944,G5,8.903661652023935
108380,2022-12-31,0.012247228931746762,0.017186408444466738,-0.051808503524169054,G2,-1.3665794271301777
108490,2022-12-31,0.5164608179027793,0.042247405797547044,-0.019326478866893395,G2,11.378852445242442
108670,2022-12-31,0.41566881486159013,0.02613826025014893,-0.13583428532597894,G1,14.53558844725383
108860,2022-12-31,1.4512307066715495,0.05379232656606957,0.10681807972047036,G4,26.314104183517266
109070,2022-12-31,,,-0.6059289055747652,G1,
109610,2022-12-31,0.3969339933163091,0.04205229177995211,0.06542868970373865,G3,8.589310044459818
109740,2022-12-31,0.06950480345985707,0.021947364403288816,-0.06387215819872022,G2,1.5387260949011774
109860,2022-12-31,-0.5391187735163714,0.033956812103070444,0.11608332247919893,G4,-16.92893293132789
109960,2022-12-31,4.196570400441059,0.3226985934397597,-0.02637785573257094,G2,12.89387888230625
110790,2022-12-31,-0.6539143823374421,0.036912889131920375,0.12919916672016032,G4,-18.683127213666975
110990,2022-12-31,1.4843825317416623,0.04575013575480439,0.06622684418069678,G3,31.66435873256011
111110,2022-12-31,0.0054511113342675666,0.015445419732203081,0.28631999934483,G5,-1.9606271845630432
111770,2022-12-31,0.03185408744506196,0.022446025008174292,0.2831309380384988,G5,-0.17284724986880742
111870,2022-12-31,-0.15600219918697425,0.023545077106016613,-0.7395910130357338,G1,-8.14335920251415
112040,2022-12-31,0.9206015123395925,0.047492796213734964,-0.3400437583317536,G1,18.63161914533633
112610,2022-12-31,0.12381838341992485,0.029379962491474013,0.0018793668961099744,G2,2.998116907306311
113810,2022-12-31,0.5280673384583188,0.05319388885320508,-0.029307140793951702,G2,9.255452608076105
114090,2022-12-31,-0.259878951419219,0.02542550344817433,-0.06551250157591992,G2,-11.626624155544766
114120,2022-12-31,,,-3.0124375197701676,G1,
114190,2022-12-31,1.056136048341964,0.05465085187774736,0.07818221154476876,G3,18.671295911111645
114630,2022-12-31,-0.08015615807379708,0.0310196089828617,0.05374214583715171,G3,-3.7360232128018613
114810,2022-12-31,0.46973439871325706,0.023690692925910563,0.24361628128395144,G5,18.31945477206276
115160,2022-12-31,-0.010449722603446232,0.026782236123518943,-0.08980640808016636,G2,-1.7244095499965109
115180,2022-12-31,-0.06712617488363712,0.059136329270075116,-0.7718011141853819,G1,-1.739370659144022
115310,2022-12-31,0.07701201356829321,0.025789665130488647,0.07347129236369616,G3,1.600571090055861
115390,2022-12-31,0.008324300496475846,0.014532965327636076,-0.013641986249357535,G2,-1.8860239478871677
115440,2022-12-31,-0.022856863667118185,0.033675265447418695,-0.17177456700132704,G1,-1.7398729906617765
115450,2022-12-31,-0.09183819255935745,0.031986766989973756,-0.09447832778745291,G2,-3.988274705522951
115480,2022-12-31,-0.3704721733379666,0.020959234268533345,0.17165065847536845,G5,-19.380765025658683
115530,2022-12-31,-0.22778403176653067,0.033471766568325394,0.14963877731032327,G5,-7.8728397070655705
115570,2022-12-31,-0.44757111441123815,0.018567867555979944,0.0670254289595138,G3,-26.029102916225668
115960,2022-12-31,-0.11789650776292923,0.02646474750220694,0.0022173640369971383,G2,-5.80509331851094
117580,2022-12-31,0.08586145492188954,0.04304228356683657,-0.00065112629982958,G2,1.164613715390806
117670,2022-12-31,-0.11300626300536104,0.02872142938912415,-1.0353837014179483,G1,-5.178714545450002
117730,2022-12-31,1.4515097007471174,0.0538902247537707,-0.057473882937622886,G2,26.2714784745789
118000,2022-12-31,-0.11779135981303035,0.03547310274176035,-0.3824269258653863,G1,-4.3279321256131835
118990,2022-12-31,0.3700282539208558,0.028493108270196747,0.26739702963696643,G5,11.732466307732038
119610,2022-12-31,0.17995753868432424,0.02342735396087038,0.12052723530753508,G4,6.15621029105562
119650,2022-12-31,0.167375716327737,0.04743010132160918,-0.33907933301081283,G1,2.7754925990332966
119830,2022-12-31,0.1924918498075795,0.03144588750498499,0.1993276182791169,G5,4.985008886917818
119850,2022-12-31,0.3338244769677834,0.03776590518247629,0.029776938494942947,G3,7.893115612859417
120110,2022-12-31,0.1428410843063972,0.023274796384137795,0.06208974105191711,G3,4.601856076437318
121440,2022-12-31,-0.1744886503033644,0.012103004236298289,0.13941531592224568,G4,-17.369445415138717
121600,2022-12-31,0.6410141286216975,0.04095818020971672,0.09898588752144842,G4,14.778007821253064
121800,2022-12-31,0.18038695042398784,0.03095450696050841,-0.36274283031711113,G1,4.673087814654071
121850,2022-12-31,-0.24211532299431815,0.05431211140022867,-0.46881677466237553,G1,-5.115786092075214
122310,2022-12-31,-0.07230312766162789,0.015251276590354763,0.17853001362167933,G5,-7.0837970946093884
122350,2022-12-31,-0.33074958314961345,0.029925940353668575,0.05738225385507028,G3,-12.246345476756195
122450,2022-12-31,0.02478074874881378,0.018688920653485413,0.1481119141005012,G5,-0.5860730318502839
122640,2022-12-31,1.0546489925672624,0.04255468555158974,-0.08922902250782927,G2,23.943665855403946
122690,2022-12-31,0.38981438210892916,0.03342787097841919,0.1584363086260549,G5,10.592375482103236
122870,2022-12-31,0.30697548884163983,0.03661571276289905,0.1064026520241374,G4,7.407794283831739
122900,2022-12-31,-0.1506243393355955,0.009604452897766874,0.09089801246093748,G4,-19.403308283924936
122990,2022-12-31,0.18847936851151215,0.01853994931889342,-0.051109965764084504,G2,8.238725184520494
123010,2022-12-31,-0.12555343412313588,0.041879122974967625,-0.0989910385496175,G1,-3.8512567552513777
123040,2022-12-31,0.28515986076061145,0.021794490150731836,0.3538903928298658,G5,11.444453983431433
123330,2022-12-31,-0.11149748158552267,0.027320238506516117,-0.2094997285092635,G1,-5.389092876645936
123410,2022-12-31,0.5061895165942969,0.02679544651620835,0.07346774404442041,G3,17.557300087218575
123420,2022-12-31,0.28424631739591844,0.050149151626218635,-0.00073151185488695,G2,4.955467604117583
123570,2022-12-31,0.06546769518885592,0.0383770100793383,0.10404868803689442,G4,0.7747834963999163
123690,2022-12-31,-0.06741317776617384,0.03989485170399993,-0.08420978222540967,G2,-2.5854714204650997
123700,2022-12-31,0.013364145007320971,0.03762696545468888,0.05996967698624951,G3,-0.5945118310916778
123750,2022-12-31,-0.05953821008439078,0.02673212870105152,0.033749581112186,G3,-3.5639522870789775
123840,2022-12-31,0.16789609117891036,0.04539114974791553,-1.6190614985429768,G1,2.911630808531529
124500,2022-12-31,0.8833867729096565,0.03661587150757353,0.14978689274697604,G5,23.14987782268459
124560,2022-12-31,-0.17365902958362311,0.020669830801463455,0.5777631564096805,G5,-10.130361140015193
126340,2022-12-31,0.35220910039213404,0.03620658797384448,0.14113660378276766,G4,8.740820302717928
126560,2022-12-31,0.27376392665497334,0.017384771467929643,0.0023706012919398217,G2,13.691874291006084
126600,2022-12-31,0.09082557688543588,0.031085057426801642,0.1856190117654954,G5,1.7722906215294367
126700,2022-12-31,0.13916550562615845,0.025601866182444668,0.11986256673292595,G4,4.040005667980202
126720,2022-12-31,-0.10725093386317117,0.018811554571845385,0.1195112374060126,G4,-7.600900523946222
126870,2022-12-31,,,-0.19406496531020195,G1,
127120,2022-12-31,-0.12998209864180432,0.03231866376678714,-0.28958901456422015,G1,-5.127560996204201
127710,2022-12-31,-0.2801305280766232,0.01740015609657897,0.10297556623812286,G4,-18.15296066665381
128540,2022-12-31,-0.24497446596076788,0.024583966229373932,0.00177322692262559,G2,-11.41834822257352
128820,2022-12-31,0.019574608870758466,0.02823990777262564,-0.012345906512133832,G2,-0.57221193488163
128940,2022-12-31,0.2648173901564336,0.0255432734679337,0.11990619043705365,G4,8.968449925018703
129260,2022-12-31,-0.14207154700243171,0.014188342698569447,0.13831144700164139,G4,-12.531792607361426
129890,2022-12-31,-0.2145024178757614,0.035980547718748694,-0.2999423491382698,G1,-6.954764584741995
129920,2022-12-31,-0.07626188694712863,0.03998266371789224,0.05631240144651373,G3,-2.8011067215419643
130500,2022-12-31,-0.27985697706844337,0.02150127217795993,0.05192693512517001,G3,-14.67777327753443
130580,2022-12-31,-0.19309831971837088,0.010644218986060683,0.20025125041195124,G5,-21.49825564057384
130660,2022-12-31,-0.03441195057757334,0.031840232379767394,0.21997460069485936,G5,-2.2030546410320246
130740,2022-12-31,0.16889180385747365,0.03670159801112582,0.020879588506801754,G2,3.6281249301160248
131090,2022-12-31,0.035913326884385595,0.014913056855260369,0.13690873691429742,G4,0.012036817663637612
131100,2022-12-31,0.12345422766002964,0.042292601061475824,-0.03115427089515794,G2,2.074131274033237
131180,2022-12-31,-0.08148778917340362,0.010616761881574932,0.0523317114928432,G3,-11.041182953820368
131220,2022-12-31,-0.0570647583050746,0.015231617106812154,0.16913103256838316,G5,-6.0924968631060805
131290,2022-12-31,0.4397146070675689,0.03513992024438321,0.19772209307062108,G5,11.496348970624942
131370,2022-12-31,-0.029369237508015726,0.03059943354165586,0.06359850909709065,G3,-2.1275903214875034
131400,2022-12-31,1.5020033664391863,0.07737540393705292,-0.1484440760794171,G1,18.950072900347333
131760,2022-12-31,-0.17243945223642654,0.02344696848071521,0.1930497103875741,G5,-8.878472862956992
133750,2022-12-31,0.05962424275176819,0.03178234473897688,0.04016636369941092,G3,0.7516884550137787
134580,2022-12-31,-0.16356519930827187,0.03999121488875036,-0.08618041674644501,G2,-4.983570041592975
134790,2022-12-31,-0.27367640651334724,0.016207068936415388,0.04892043710848907,G3,-19.09106630356523
136410,2022-12-31,-0.2870710733310875,0.02593601785813294,0.15027600263564328,G5,-12.446201118267457
136480,2022-12-31,0.5947017289318522,0.032589815942240814,0.012498315498066575,G2,17.15161290828718
136490,2022-12-31,-0.30443589660476744,0.016986525523138188,0.09449889822621832,G4,-20.025856216423826
136540,2022-12-31,-0.02309260199756899,0.013730875578060573,0.13239132867908002,G4,-4.284244132965141
137080,2022-12-31,-0.0031296379092241033,0.03241411868620652,0.024644485379918663,G2,-1.198967012605325
137310,2022-12-31,-0.8100568848322515,0.03646227763660906,0.4215068386331292,G5,-23.196321261107048
137400,2022-12-31,0.28206170032610084,0.03318274140024925,0.3107224615980524,G5,7.42337338005591
137940,2022-12-31,0.6161447527431937,0.057057556207766424,-0.03544878259623634,G2,10.172376284247157
137950,2022-12-31,0.15853761667520677,0.023368990903226347,0.20275667555688112,G5,5.254989231051521
138070,2022-12-31,0.1528691775356455,0.027297068529562995,0.06489000844131756,G3,4.291133176830889
138080,2022-12-31,-0.22972960791003594,0.026639293944934892,-0.04370561575136844,G2,-9.96510754365251
138490,2022-12-31,-0.03143464559680792,0.025877837512816644,0.17628807320478612,G5,-2.5955981330260856
138580,2022-12-31,0.7593658190621223,0.03439025672252284,0.09362433400426866,G4,21.04177365590849
138690,2022-12-31,-1.3621869289637893,0.06722029012077996,-35.894634045534,G1,-20.796113012756226
139050,2022-12-31,14.245656094631777,0.9225256096753358,-0.5684395228755496,G1,15.403282168496611
139480,2022-12-31,-0.2075843288206343,0.01780242152575679,0.09289106707429864,G4,-13.667699622032293
139670,2022-12-31,-0.4601363156686639,0.03508483917249765,-1.461586159257228,G1,-14.133459023964365
139990,2022-12-31,-0.23724433949460497,0.016119637231941968,-0.0041642211396901285,G2,-16.934510169490338
140070,2022-12-31,0.17239533294144507,0.03287385042654699,0.18009866085507442,G5,4.157149528577094
140520,2022-12-31,-0.0253593435573691,0.014738882726312507,0.4412234781772005,G5,-4.145033638575212
140670,2022-12-31,0.40573816701893745,0.039410827876293644,0.01565868007814868,G2,9.38839313505745
140860,2022-12-31,0.5034202081189709,0.02611441351008073,0.26687607754028464,G5,17.909128489530215
142210,2022-12-31,0.1763558942926854,0.027650034301511042,0.31265715779428094,G5,5.085782954952399
142280,2022-12-31,-0.10389112825827179,0.028006981324452843,-0.08276535280538184,G2,-4.985362320164682
142760,2022-12-31,-0.29996761184552023,0.04316627639617645,-0.5197547478738117,G1,-7.776937484778444
143160,2022-12-31,0.05630478382460541,0.02647610924754835,0.08235926961611137,G4,0.7769632046029907
143210,2022-12-31,-0.10463546169261018,0.015575681887823347,-0.46756331215497776,G1,-9.012079460903635
143540,2022-12-31,-0.11206726760159384,0.027481794391848693,-0.6197291923948951,G1,-5.3781454963379005
144510,2022-12-31,0.04761176658500124,0.026315468084758886,0.06689556411152929,G3,0.45136743942887414
144960,2022-12-31,0.48458128710842563,0.02732189561187136,0.10850933854646419,G4,16.42812315611037
145020,2022-12-31,0.21374209187140597,0.03013261233885206,0.08603943788842779,G4,5.90749546476182
145210,2022-12-31,1.0697853319720003,0.07372989896336625,-1.322730317638272,G1,14.024860000792515
145270,2022-12-31,0.15316782241618,0.009512880262158503,0.13083273218440447,G4,12.344736614115911
145720,2022-12-31,0.38993104189639904,0.03145659310835745,0.31727300913570594,G5,11.259872279814173
145990,2022-12-31,0.22090936976233755,0.025868557984416292,0.06354123802245606,G3,7.158325127194157
146320,2022-12-31,0.487587145145422,0.033248799349710895,0.15002957667615768,G5,13.590064388630008
148140,2022-12-31,,,0.7514517965446179,G5,
148250,2022-12-31,-0.5918772373017767,0.025451124114290645,-0.011666103960088117,G2,-24.6594631978392
148930,2022-12-31,-0.1716127325378452,0.033240485071669476,0.03960922610805061,G3,-6.2377715977669626
149980,2022-12-31,0.375537860240887,0.04146349621748377,0.06315776185064968,G3,8.195257759267092
150840,2022-12-31,,,-1.4132617856486809,G1,
150900,2022-12-31,0.11572846122440443,0.024559839438805305,0.16351700278825806,G5,3.2571320462217295
151860,2022-12-31,0.42570481316625547,0.04660949603482674,0.16253002525721913,G5,8.366771263449335
151910,2022-12-31,-0.5756886594322275,0.0367713945452945,-0.4148351327589823,G1,-16.627666373036163
153490,2022-12-31,0.1519702386138131,0.03192036507967936,0.09494119606809416,G4,3.6414501270725856
154030,2022-12-31,-0.04706592520966653,0.016874354029503498,-0.03983577500325409,G2,-4.906839467935127
154040,2022-12-31,-0.0885505723933322,0.03953798278039059,0.1110934501837863,G4,-3.143417665536141
155650,2022-12-31,0.09002571867371324,0.02631183064640059,0.2005909932884294,G5,2.0634025152076947
155660,2022-12-31,-0.22113474757789886,0.014492964964328607,0.15978610692382114,G5,-17.723672785267773
155900,2022-12-31,0.053156050950024215,0.004649835927774146,0.23980004506948133,G5,3.7468482936671674
156100,2022-12-31,0.6280477018539541,0.048744341641299094,-1.5145015929840102,G1,12.151438726457213
158310,2022-12-31,,,-0.34338043564944276,G1,
158430,2022-12-31,0.05877152383316407,0.024356017582549266,0.2397956042539307,G5,0.9458731345086105
159010,2022-12-31,0.18047973105729537,0.028596729721726857,0.18641282934645886,G5,5.061624574823702
159580,2022-12-31,0.050406883518275505,0.031939948401061846,0.07696075673179086,G3,0.459395306336072
159910,2022-12-31,7.460508007754975,0.5486111884780581,-0.3676469834800662,G1,13.533763697409027
160550,2022-12-31,-0.44266994585589037,0.0329173378476195,-0.0021515848573283353,G2,-14.533488984094706
160600,2022-12-31,,,0.13685385784154597,G4,
160980,2022-12-31,0.2783347834586721,0.022230448850375714,0.06208258024363501,G3,10.913003329501398
161000,2022-12-31,0.9336759930714897,0.05776406564891413,0.12740888085964866,G4,15.54499604288429
161390,2022-12-31,0.42935753680969546,0.02082836539567493,0.096708195632867,G4,18.898444894442903
161570,2022-12-31,-0.551204659545456,0.06224784278238792,-0.27180489345746967,G1,-9.42905736887211
161580,2022-12-31,0.5419338395203145,0.044430640473293426,0.05536520175888081,G3,11.393038970175823
161890,2022-12-31,0.2958564689413038,0.023270012470088298,0.011550939493030451,G2,11.178449007599752
162300,2022-12-31,-0.8490626346634115,0.04353635779421881,0.13733098463610433,G4,-20.32316207946809
163560,2022-12-31,0.040143755102648754,0.01820043394026102,0.03582946928138418,G3,0.24229828689316096
163730,2022-12-31,0.32671103215498515,0.03573154166482554,0.048828821886231576,G3,8.14342727627715
164060,2022-12-31,0.26030250645198,0.03951007296595636,0.21046148507854323,G5,5.683833727851301
166480,2022-12-31,-0.0639017570298367,0.024703821710664427,0.08937060138190453,G4,-4.033205037463343
168330,2022-12-31,-0.42035889399732873,0.022847563148427327,-0.29230315575745563,G1,-19.962422783233865
168360,2022-12-31,1.5185400795687878,0.05450818451617037,0.22146268308158007,G5,27.20336902783265
169330,2022-12-31,0.14637359101297587,0.017375486955012575,0.25793808850719785,G5,6.367578080615838
170030,2022-12-31,0.254312160823658,0.027028464140280508,0.11456444412787849,G4,8.08696855844278
170900,2022-12-31,0.2347699716003233,0.02764630426120955,0.025381428581768565,G2,7.199376400605523
170920,2022-12-31,0.5343785243773314,0.03199491185152532,0.04948010016077428,G3,15.58512508342315
171010,2022-12-31,0.05581076991512153,0.020007532728148366,0.14482302952052767,G4,1.0034694956996941
171090,2022-12-31,0.5363886395683101,0.04701809234021644,-0.018873333090389938,G2,10.648131251421887
171120,2022-12-31,0.1275418479423216,0.03879139990513025,0.0976247893673446,G4,2.3667108438633178
172670,2022-12-31,0.08778059527522242,0.037642570520568484,0.1554910417819226,G5,1.382657279172045
173130,2022-12-31,0.6666013974335279,0.046322883098362196,0.20528520575079243,G5,13.618918644500814
173940,2022-12-31,-0.00949555146290304,0.023040015872663595,-0.38303342340815916,G1,-1.9630790556345896
174880,2022-12-31,-0.45791226784774064,0.019243665123214185,-0.4116593883683645,G1,-25.652394480220536
175140,2022-12-31,-0.30185226155585854,0.048188503355073964,-0.24783966686298883,G1,-7.005531593429828
175250,2022-12-31,0.03348736970274474,0.04524882124806017,-0.4690888164069959,G1,-0.04964662887351857
177350,2022-12-31,-0.47415782447260735,0.06678560148687233,-0.43890339386399346,G1,-7.6347541125469265
177830,2022-12-31,0.012053364549582335,0.02830644367939348,0.11749533423887702,G4,-0.8365747692235859
178320,2022-12-31,0.11305599189494853,0.025303027216000123,0.028132877163041234,G3,3.055846642248531
178780,2022-12-31,,,-0.6171478423954693,G1,
179530,2022-12-31,0.11847980001244021,0.03530666769026092,0.1665884102653182,G5,2.3436360406522794
179900,2022-12-31,0.47756739485873223,0.0347269861490545,-0.3215079618217526,G1,12.723061305236547
180400,2022-12-31,-0.14146254045215334,0.03794794580683152,-0.08309676504245078,G2,-4.669458591839382
180640,2022-12-31,0.8121486619420596,0.03518858234998876,0.17014517178331798,G5,22.06439671486499
181340,2022-12-31,,,-0.11586308336094191,G1,
181710,2022-12-31,-0.009056944175499952,0.02135269250822899,0.0007636992393945016,G2,-2.0976635755162802
182360,2022-12-31,0.33920082860723105,0.03799794074648985,0.14567912897760388,G4,7.9864066711839685
183190,2022-12-31,0.1578759303446216,0.01657455254189763,0.08471838593413056,G4,7.369255302528132
183300,2022-12-31,0.4723921115929799,0.023910030547618987,0.20599430112942502,G5,18.262556778634142
183490,2022-12-31,0.1790728715924226,0.02663380821536536,-0.1268011512774034,G1,5.381845859035557
184230,2022-12-31,0.07912005691127769,0.02489101042361479,0.0615644815927976,G3,1.7430483951709972
185490,2022-12-31,0.021575992709445102,0.04024165408110506,-0.4010891382251719,G1,-0.3518202407940752
185750,2022-12-31,0.5864905667924158,0.025238798932268682,0.1563927542671052,G5,21.821828650888886
186230,2022-12-31,-0.12870511906716686,0.0258089855402727,-0.030906802846267196,G2,-6.37138332883272
187220,2022-12-31,0.7096418802560466,0.05382135761430202,0.022851315217427233,G2,12.521201415007726
187270,2022-12-31,0.21218322675943135,0.029534706370053933,0.09674906574202405,G4,5.9743070884268885
187420,2022-12-31,-0.1826946942636275,0.036227611435846546,-0.4186917374238576,G1,-6.0293380309834035
187660,2022-12-31,0.1373816151929954,0.04175464053322829,0.0024928938088141462,G2,2.434407116351364
187790,2022-12-31,0.5169681704800614,0.04514967073967568,-1.7202955122268584,G1,10.658645820842299
187870,2022-12-31,0.11655897482346883,0.021051023280788603,0.10073879742449446,G4,3.839488114528827
189300,2022-12-31,0.1988440549059889,0.028793058099043707,0.09402438776272436,G4,5.664915244733759
189330,2022-12-31,0.1098520151253814,0.055795212731068834,-0.21924049782867755,G1,1.328397013995043
189690,2022-12-31,0.3016609447527958,0.039675725190418135,0.11087672161221399,G4,6.702514505741335
189980,2022-12-31,-0.25146479928260707,0.016873130111974388,0.15020938660625166,G5,-17.021063579483787
190510,2022-12-31,-0.0946184628237729,0.029221850185944507,0.2789879730994405,G5,-4.460781337681443
191410,2022-12-31,0.17779807710364562,0.04826328663310886,0.03634813638221287,G3,2.943526350482262
191420,2022-12-31,0.3736299267794552,0.041712330159745604,0.0041583856231389655,G2,8.100628863149193
192390,2022-12-31,0.3096372027304112,0.026082676462752273,0.1373415299896003,G4,10.501352573358464
192400,2022-12-31,0.03857305848854746,0.018988091038513205,0.1480085053020294,G5,0.14952726656815163
192440,2022-12-31,0.01709090569021955,0.012858763369141367,0.09826422734794404,G4,-1.449821799562105
192650,2022-12-31,0.48006200397102633,0.03211535641398518,0.2103900939664538,G5,13.83538071647633
192820,2022-12-31,0.6300642785254722,0.028411645529675414,0.013887965637649012,G2,20.918551048600623
193250,2022-12-31,-0.3399159467759309,0.023336596909666666,0.0774512022468136,G3,-16.097024316280567
194370,2022-12-31,0.3535005731846867,0.029855130459033465,0.3272047134640586,G5,10.643622960633438
194700,2022-12-31,0.25940731887674934,0.02606969448662642,0.1336779813641796,G4,8.579828116255102
195870,2022-12-31,0.5522211336408329,0.031192938305051147,0.4590027749949475,G5,16.557828167761468
195990,2022-12-31,0.6250200217469218,0.0577108801553608,-0.058094884734465085,G2,10.211006989016981
196170,2022-12-31,1.1931507344309327,0.04537743922805438,-0.06857695020906245,G2,25.506439609248684
196450,2022-12-31,0.09202823530702459,0.035286680901061365,-0.07128958229389136,G2,1.5953445529959147
196700,2022-12-31,-0.4858721730394262,0.02750338960883049,-0.24002908249358823,G1,-18.965153080992096
197140,2022-12-31,0.44437395608818064,0.04303924479384884,0.016539319049406302,G2,9.494593525218454
198080,2022-12-31,0.27957228088054625,0.03581151683207004,0.03274724443146236,G3,6.808939729801446
198940,2022-12-31,0.5875832934538827,0.06437194079535845,0.006435305810907283,G2,8.572826382072709
199800,2022-12-31,0.5070259437931967,0.04792136265732536,-0.25794507761556135,G1,9.83469785751058
200130,2022-12-31,-0.4018004439203906,0.02104631462580391,0.13866121752227106,G4,-20.789115474029906
200230,2022-12-31,0.06147703755015174,0.04317378611051101,-0.5005883742904091,G1,0.596269605497327
200350,2022-12-31,-0.4611570870244625,0.038181758578634074,-0.17933134112397925,G1,-13.013829814552503
200710,2022-12-31,1.160150752022313,0.04048112862469661,0.03565553257294353,G3,27.776323662036454
200780,2022-12-31,-0.22965206434813418,0.01843653052641651,-0.019645456946554424,G2,-14.394567627900017
200880,2022-12-31,1.1088007752356126,0.04185128127453808,0.15360073564384977,G5,25.64000244241614
201490,2022-12-31,-0.1900759792945204,0.02022459706935124,0.1320532758590161,G4,-11.165107500456878
203400,2022-12-31,0.3651663433125949,0.034195631436344805,-1.3195387559353673,G1,9.633760464041217
203450,2022-12-31,0.16070433268920986,0.026029800785188,0.054819249655996806,G3,4.801055243654102
203650,2022-12-31,0.33139044588861805,0.03275885698932534,0.1436708378118287,G4,9.025242390073258
203690,2022-12-31,1.0412550796496933,0.05224031539178178,-0.46765996579597324,G1,19.247993641892638
204020,2022-12-31,0.072337793176231,0.020736674982976936,0.04521703444781313,G3,1.7651803902056822
204210,2022-12-31,1.3023783433505327,0.03684757720006029,0.020940318029483665,G2,34.375245768132864
204270,2022-12-31,0.8645579353926243,0.03532385269327565,-0.17870962968345003,G1,23.46358200084416
204320,2022-12-31,0.02537692678956671,0.02009514619816889,0.10114970438458418,G4,-0.5153928339963207
204620,2022-12-31,0.641529820263973,0.036196927574126035,-0.13461567749783637,G1,16.736116563627665
204630,2022-12-31,-0.8475404041489141,0.06746505972309187,-0.5013006585750369,G1,-13.092321105361732
204840,2022-12-31,0.7111998693117325,0.050814535006115234,-0.051735189955589574,G2,13.29277239459601
205100,2022-12-31,0.2880880139667603,0.03676062591286482,0.09808048612651872,G4,6.864795866825395
205470,2022-12-31,-0.3420883568494911,0.054568440965477784,0.6851287958702935,G5,-6.923822108583388
205500,2022-12-31,-0.5249077780219088,0.03180447904784613,-0.6016741268845994,G1,-17.627756087961703
206400,2022-12-31,0.5012236978472596,0.034802991018807676,-0.31438094406702183,G1,13.374996317342255
206640,2022-12-31,0.8088840520703302,0.03132575985096842,0.15423644677868736,G5,24.680972931234972
206650,2022-12-31,0.3977653288162566,0.034750440741782726,-0.02794937557228466,G2,10.418040748552322
207760,2022-12-31,-0.4169734944202532,0.03560330316016889,0.06071754935754595,G3,-12.715317832220968
207940,2022-12-31,-0.05356844762781848,0.014018967386222112,0.11230757964638484,G4,-6.370103182763405
208140,2022-12-31,0.3057760805039753,0.016802958579692523,0.19571046086456237,G5,16.071113791360986
208340,2022-12-31,0.7202348030725964,0.06571771491421126,-1.2322699630531575,G1,10.415775758909776
208350,2022-12-31,0.09554236857047946,0.023441753182257087,0.022601248979221864,G2,2.551368362564998
208370,2022-12-31,1.8799712311690964,0.07598736591972856,0.08175846845998917,G4,24.270316357315217
208640,2022-12-31,-0.24681908351610343,0.03137637300345141,-0.6231276972385639,G1,-9.0052761873794
208710,2022-12-31,-0.012736600924011826,0.03132202051175408,0.11938297304300582,G4,-1.5474870800251823
210540,2022-12-31,0.08111885121869948,0.02476970094159172,0.10125559652775039,G4,1.8322800984762975
210980,2022-12-31,0.45254609410746405,0.023453006610168966,0.16314507383985996,G5,17.77223193159923
211050,2022-12-31,1.00249245793439,0.03462069986830587,0.36154784105797844,G5,27.924295016381652
213420,2022-12-31,0.20509364115664086,0.02493573431039366,0.1398133740680414,G4,6.791852123153129
213500,2022-12-31,-0.20560426311946567,0.01055932906384517,0.12905380574254255,G4,-22.85543738607517
214150,2022-12-31,0.825470450422102,0.029609831325562108,0.4215064728995556,G5,26.671432896752524
214180,2022-12-31,0.2251955381735657,0.015281030946631522,0.13384819668472425,G4,12.398490500872807
214260,2022-12-31,0.3954835465046961,0.04110896414729651,-0.20674447936495102,G1,8.75112600934128
214270,2022-12-31,0.0007416399840999843,0.038019586632390384,-0.08636847553598369,G2,-0.9203724778085873
214310,2022-12-31,,,-0.2424150066945062,G1,
214320,2022-12-31,0.06246183516017814,0.013835728318647114,0.16353215708934354,G5,1.9318111346508644
214330,2022-12-31,-0.2644253804059773,0.02371888277486003,-0.05266350124718631,G2,-12.654862557958738
214370,2022-12-31,0.19762368766304056,0.040380341745042576,0.15953943794529662,G5,4.009125716344491
214420,2022-12-31,0.10998964690066415,0.035901540913840235,-0.03025516036975981,G2,2.0683186256728825
214450,2022-12-31,0.5476240740360326,0.028512238013869685,0.14542480428214744,G4,17.953352263993235
214610,2022-12-31,-0.13653558931784626,0.06444458736640675,-2.2070991283122376,G1,-2.6731400959494245
214680,2022-12-31,1.5589688985062267,0.06158095309491649,0.08735931500174628,G4,24.735490453033574
214870,2022-12-31,-1.8175630491668566,0.04401957783977521,3.4247028095968415,G5,-42.10165024868699
215000,2022-12-31,-0.14457457100810797,0.02162154288436058,0.39696562622211495,G5,-8.339293505124514
215100,2022-12-31,-0.23772168624252635,0.030222464306405936,-0.018104847530022984,G2,-9.048087694251201
215200,2022-12-31,-0.21851577557029533,0.020798703596818676,0.3096790226596034,G5,-12.224300208182022
215360,2022-12-31,0.13727572260912252,0.023919341416771503,-0.25184207516999185,G1,4.245179651966216
215480,2022-12-31,-0.02020878130216975,0.01941016314601836,0.15050365276006678,G5,-2.8821294298011457
215600,2022-12-31,0.02193567131685281,0.038286591889056774,-0.30278197827855347,G1,-0.3603911745746791
215790,2022-12-31,0.07505633590993627,0.03982841078576272,0.0623786632633203,G3,0.9872981119744135
216050,2022-12-31,-0.2727609027207827,0.025411384506137846,0.18535217928037148,G5,-12.140020304068065
217190,2022-12-31,1.1360767715180073,0.03604480299096784,0.20853552477414414,G5,30.527090150985742
217270,2022-12-31,-0.2682704336912079,0.03567660371373276,-0.5177650350502132,G1,-8.521109724141173
217330,2022-12-31,-0.08631394764719606,0.028050968495429804,-3.304621744176558,G1,-4.350928874533941
217480,2022-12-31,-1.0730566834393005,0.04018175917906204,-15.52499571734503,G1,-27.594374343751525
217500,2022-12-31,0.2905585786335393,0.03127446106648385,0.07775193940051318,G3,8.148014347988813
217730,2022-12-31,0.09496697643888398,0.03865460438105651,-0.427742219617141,G1,1.5323699789229004
217820,2022-12-31,0.13550287133860445,0.05023385645014156,-0.00406298672320123,G2,1.9860917964643332
218150,2022-12-31,0.3953106781962304,0.049079367801068204,0.022172128718146857,G2,7.326436202590875
218410,2022-12-31,-0.1323073684129658,0.02671830331674978,0.012861473969922333,G2,-6.289366040912922
219420,2022-12-31,0.19687039553322572,0.027619271209969425,0.04536851097456282,G3,5.8342080487935055
219750,2022-12-31,,,-3.8264101588074926,G1,
220100,2022-12-31,0.3066786409439287,0.0419551935530983,-0.19929284474915804,G1,6.457956616570266
220180,2022-12-31,0.18769977834149162,0.03462954270920009,-0.006032944134333447,G2,4.388332773534062
220630,2022-12-31,,,0.4643022922102264,G5,
221840,2022-12-31,-0.014528657651778576,0.02307559664889908,-0.20142948188981194,G1,-2.1781659453814353
221980,2022-12-31,-0.05355471399812972,0.011833924116207414,0.08553785471683974,G4,-7.545133318376951
222040,2022-12-31,0.4952633472137782,0.02762999899201684,-0.09614161319174504,G2,16.631543352873052
222080,2022-12-31,0.31813861336174565,0.03154491147367404,0.11198926910197546,G4,8.952467419641248
222160,2022-12-31,0.8317540588437868,0.047297993017733464,0.01242517416665396,G2,16.829894608997957
222800,2022-12-31,0.4734393481492611,0.028599492448259503,0.5652393193159829,G5,15.30466066147574
222810,2022-12-31,0.9583199138151407,0.05069249441867891,-1.4672505976174113,G1,18.199658613307054
222980,2022-12-31,-0.1279640556552041,0.01770245995390834,-0.06774450349039246,G2,-9.247182437900351
223250,2022-12-31,0.5360217926661814,0.053038444391506664,0.10220428568594117,G4,9.432553636661408
224060,2022-12-31,-0.07965863535114903,0.053143099593170054,-0.5834284068784864,G1,-2.1713535223336997
224110,2022-12-31,0.5423689177597826,0.030393849513828716,0.07332972596274712,G3,16.669000627612515
225190,2022-12-31,-0.0423295600803382,0.006518217030537616,0.2713192317885742,G5,-11.976186256582956
225530,2022-12-31,-0.014486318275809346,0.016316065997715366,0.17485222460020058,G5,-3.077956378765121
225570,2022-12-31,0.3049620477885933,0.03634803724329094,0.025943068716733273,G2,7.4069536368177795
225590,2022-12-31,-0.2391529880676277,0.019446886687856282,0.17495795529207334,G5,-14.135260497892123
226320,2022-12-31,-0.2720022862061019,0.030173329966941817,0.022891102110095155,G2,-10.198944156361655
226330,2022-12-31,0.8720900091146955,0.055766814681643004,-0.14323950330053048,G1,14.99738137727617
226340,2022-12-31,0.465208137515954,0.03679305338436039,-0.028565769567105753,G2,11.672701145273773
226350,2022-12-31,,,16.004673795073572,G5,
226360,2022-12-31,-0.3244277225952844,0.013996689806361293,-0.6846406732615974,G1,-25.731908666705436
226400,2022-12-31,0.5769751741790781,0.0361746802499331,0.05701334899583212,G3,14.961883541233723
226440,2022-12-31,,,-0.9277609054528148,G1,
227100,2022-12-31,0.3888817657882794,0.06307782647097569,-0.19643397059109277,G1,5.598606743568815
227610,2022-12-31,-0.3502808272791018,0.06308326736337068,-2.0115449648463666,G1,-6.119128963213036
227840,2022-12-31,0.055085980741895774,0.012470375187337158,0.15556995257142872,G5,1.5518506310327573
227950,2022-12-31,0.21051963090145698,0.05663072255847047,0.01064084257244869,G2,3.086413202352867
228670,2022-12-31,0.11697459055358739,0.03602468098862127,0.09858483467069641,G4,2.2551419522920044
228850,2022-12-31,-0.13652437001855128,0.014575504955518398,0.11202367089705337,G4,-11.818334368686441
229000,2022-12-31,0.5610047752714374,0.06491467480660339,-4.486273997114663,G1,8.091713556266532
229640,2022-12-31,1.5555608343899552,0.06560422228018445,-0.03208632244858801,G2,23.166603618297945
230240,2022-12-31,-0.6014034759765392,0.03571169713054427,0.48399937578317415,G5,-17.841137451006382
230360,2022-12-31,-0.2826746335048104,0.021501808887151384,0.26386629726704736,G5,-14.808449666450617
230980,2022-12-31,0.039678083697938904,0.052847508663960444,-0.5491090101001987,G1,0.0746347871345796
232140,2022-12-31,0.690798269519652,0.03157190717291388,0.10880428819973983,G4,20.748333155604627
234080,2022-12-31,0.0792524937374177,0.013329544048281699,0.1480901046982592,G5,3.2648282973202147
234100,2022-12-31,0.15615481865950503,0.038496848153174966,0.026577265007663328,G2,3.128074200832001
234340,2022-12-31,0.37645027071352205,0.020924209087774183,0.10132785390984177,G4,16.283360969394444
236200,2022-12-31,-0.002354448634607889,0.017138255351501156,0.10706300924071624,G4,-2.222412316285337
237690,2022-12-31,-0.18945946136033776,0.023579805712983414,0.056396554408202085,G3,-9.550260304924995
237880,2022-12-31,0.7656514754360113,0.032201145660181715,0.08246836728036676,G4,22.66744363696285
238090,2022-12-31,0.20987208246743183,0.04277379950605914,-0.19812335141585663,G1,4.071143161003334
238120,2022-12-31,0.1819614281368026,0.030928997667469166,0.08465458210197704,G4,4.727848233904847
238170,2022-12-31,0.3036397951378126,0.05701391290610385,-0.010034115442611928,G2,4.698957856844789
238200,2022-12-31,-0.38598707211121114,0.024473751827707783,0.03444983690904862,G3,-17.23155878258005
239610,2022-12-31,-0.013377252713461144,0.03531118955912619,0.009286498740639342,G2,-1.3908076863125596
240810,2022-12-31,0.39684831244156454,0.025920190389276256,0.13491428763416619,G4,13.931783905906572
241560,2022-12-31,0.45822755404427445,0.025870166019048024,0.17639512428967993,G5,16.331311232984895
241590,2022-12-31,-0.0016798735852376553,0.026060954015635077,0.010984648487297763,G2,-1.4356226061794573
241690,2022-12-31,0.2841357338747852,0.032864897651233474,0.05615724284334268,G3,7.558274344032558
241710,2022-12-31,1.4732718323020473,0.042282844562537766,0.030783219676839665,G3,33.99813863132288
241770,2022-12-31,-0.15385600969618105,0.016163398519433617,0.016024445607370666,G2,-11.729577205341085
241790,2022-12-31,0.028900016198094236,0.022648243170066973,0.1906990974569571,G5,-0.3017366463615606
241820,2022-12-31,0.08019282517623605,0.05049784661627829,-0.11922723387575068,G1,0.8804138595425384
241840,2022-12-31,-0.5334294256988892,0.027322590448845704,0.05364677298752591,G3,-20.83123296463077
242040,2022-12-31,0.3249578435875668,0.04473718099437161,0.003310329945653288,G2,6.464958587483255
243070,2022-12-31,0.34429619354776875,0.024277415660255538,0.14001617133665112,G4,12.70985251180189
243840,2022-12-31,0.2001993752892118,0.025344989679473913,0.07750803530971516,G3,6.489075601565377
244460,2022-12-31,-1.479539656651849,0.06754871299326166,-2.682828189911796,G1,-22.43230715500408
244920,2022-12-31,-0.0753304303147724,0.016901340522745504,0.44912542131805794,G5,-6.571327954934438
245620,2022-12-31,-1.1117774057355008,0.050245004905912785,-0.9072171956645754,G1,-22.8383145552977
246720,2022-12-31,0.7799069204776489,0.05349028520496945,-0.38681885336266464,G1,13.912303822793994
246960,2022-12-31,0.12912678996673196,0.028709290147584138,-0.4544296621415973,G1,3.253057402270169
247540,2022-12-31,1.4524435823609094,0.051374221116392685,0.21672524056619485,G5,27.576277176310295
248070,2022-12-31,0.52782311369751,0.025184632298169835,0.17253888938390763,G5,19.53926850046005
248170,2022-12-31,-0.09727954920956651,0.03507499225544265,0.06291448120792721,G3,-3.7922565849501493
249420,2022-12-31,-0.3235490292868405,0.033567010416591096,-0.6044840801395333,G1,-10.703450976601417
250000,2022-12-31,0.23435199016065056,0.0424024499383486,0.29501789625557134,G5,4.684120123040573
250030,2022-12-31,0.13694412271608836,0.03680450285922626,-0.5530674429991554,G1,2.749943450261964
250060,2022-12-31,1.68068601280955,0.07817558262700187,-0.13720043488202704,G1,21.041764402574103
250930,2022-12-31,-0.3244970442936175,0.026947025373605514,-0.3054799729703366,G1,-13.368112451650166
251270,2022-12-31,0.07955023508385933,0.03131404986808119,-0.16746811756098404,G1,1.3992573343351096
251370,2022-12-31,-0.23006574339687522,0.020876977941601756,0.022602877755047213,G2,-12.731706920350057
251630,2022-12-31,0.7153535255661674,0.034660590480081035,-0.04400862373510541,G2,19.607851309357358
251970,2022-12-31,0.458738371476616,0.026347737070602544,0.09748348386615235,G4,16.054682389037936
253450,2022-12-31,-0.4678564394426047,0.019016065088857607,0.0887196967919309,G4,-26.482358901679024
253590,2022-12-31,1.0624825397059885,0.043537062011533886,0.18158521293072516,G5,23.583325817800237
253840,2022-12-31,-0.1098215806051458,0.03744392808462336,0.22992682086657354,G5,-3.88728985416278
254120,2022-12-31,0.7557721769104884,0.05521521803959906,0.025948688492396017,G2,13.040577966311433
254490,2022-12-31,0.6978610557844274,0.05241368151601588,0.3631247214704992,G5,12.632717555699497
255220,2022-12-31,0.4630596869092494,0.0381260064512859,-0.020431183748033075,G2,11.208251415396415
255440,2022-12-31,0.5209176566521471,0.043380754155503146,-0.01070080998158696,G2,11.184310760821266
256630,2022-12-31,-0.14389632171184555,0.017682408476033504,-0.000987317473737107,G2,-10.158692074867808
256840,2022-12-31,-0.11296510170425816,0.03127285181191023,-0.2412073982695623,G1,-4.754888480808063
256940,2022-12-31,0.061190501581699974,0.032300197223583,-0.26550184447131553,G1,0.7881277091677382
257720,2022-12-31,1.4085307996725718,0.04716004042181178,0.14801997885913007,G5,29.109325739666545
257990,2022-12-31,0.28797651408076974,0.052130585599673554,-0.1340328427484906,G1,4.838669852658205
258610,2022-12-31,0.405191983091026,0.05433363311267641,-0.3622914706805838,G1,6.799805954198514
258790,2022-12-31,-0.026788707996489164,0.031307245118634246,0.05115089456436252,G3,-1.9970626255290271
259630,2022-12-31,0.34554036304795044,0.03765712439353,-0.371703338780408,G1,8.227036633816043
260930,2022-12-31,0.1449408441703596,0.02635652427941164,-0.12576087776933448,G1,4.143453130405937
261200,2022-12-31,0.238349208192277,0.03345185724455227,0.04225133714836259,G3,6.056924898753182
262260,2022-12-31,0.37174889123129473,0.031005879098590417,-0.04249353879137469,G2,10.837140563718421
262840,2022-12-31,-0.13466853563267692,0.018678373476193194,0.06653519439800401,G3,-9.122976204971874
263020,2022-12-31,0.18363131475836347,0.025311850243233115,0.1365597723342245,G4,5.843013932167646
263600,2022-12-31,0.45084280017365724,0.034996686536215196,0.13747674810787036,G4,11.861379465335487
263690,2022-12-31,0.030854484924351763,0.02008369578991262,0.23404958800887624,G5,-0.24295011560124963
263720,2022-12-31,0.27177015381742947,0.03747964618754683,0.0909994891919972,G4,6.297720407980924
263810,2022-12-31,0.6525187728426747,0.04679084852913515,0.031280078268653484,G3,13.181743248798135
263860,2022-12-31,0.5837462223745631,0.03482854594888662,0.16299744004073224,G5,15.734575943555013
263920,2022-12-31,0.25915375013137876,0.03362768204777059,0.08280043704249053,G4,6.643928911775215
264450,2022-12-31,0.14476929286628692,0.019196313322568825,0.19592492827943855,G5,5.680021465365652
264660,2022-12-31,0.09684574337314271,0.012298111367827418,0.2234311511651491,G5,4.969211971425444
264850,2022-12-31,0.8552323431549137,0.052334191236788,0.1324118478365479,G4,15.658950728957494
265520,2022-12-31,0.23464373224260576,0.01805242739589007,0.40909951433483177,G5,11.018457891689375
265560,2022-12-31,0.2125365316836662,0.022719232695040142,0.0660533117669164,G3,7.782072260919834
265740,2022-12-31,0.045804408374652286,0.018277094648894515,0.03302312072210413,G3,0.5509949710223795
267250,2022-12-31,0.1356238722533587,0.016374783903787552,0.12450336705965014,G4,6.100236296372887
267260,2022-12-31,0.780064609561281,0.03135668575461474,0.19721055068689805,G5,23.737546571340914
267270,2022-12-31,-0.038275090587325256,0.034696109632121566,0.09166289931374207,G4,-2.1330608102822963
267290,2022-12-31,-0.2393731269852635,0.013872075258682986,0.0785700761878648,G4,-19.83170816142137
267320,2022-12-31,0.34044477962231734,0.041539702304669794,0.03864447051346676,G3,7.3354150746971305
267790,2022-12-31,0.15357618288925468,0.021912214834138716,-0.21770978988518674,G1,5.37793019295556
267980,2022-12-31,-0.21748560672050066,0.015563674264098708,0.04918917613312362,G3,-16.26990025374808
268280,2022-12-31,-0.08858750481193856,0.0144666765408202,0.2240861799533022,G5,-8.593634177093547
268600,2022-12-31,-0.4345111346572649,0.03454637552057965,-7.175772386539249,G1,-13.611991090508068
269620,2022-12-31,,,0.12503895979120702,G4,
270870,2022-12-31,-0.39515061542968605,0.018638809443871956,0.06517105198316,G3,-23.117594386349772
271560,2022-12-31,-0.04994419690508932,0.019778171626207403,0.18442058165265815,G5,-4.331948355113451
271830,2022-12-31,-0.35002621391660266,0.03755721941795824,0.5012649385551826,G5,-10.27126185146604
271980,2022-12-31,-0.1586069822659424,0.019784748476767297,-0.08513420274670623,G2,-9.822758355122026
272110,2022-12-31,0.545087323728245,0.033723515551264224,0.2243361128808601,G5,15.103807959041182
272210,2022-12-31,0.5790322043800396,0.025848432464301917,-0.028242098263946636,G2,21.018620142329816
272290,2022-12-31,0.1731655601259857,0.031477265345533544,0.2678908382690399,G5,4.366063489923694
272550,2022-12-31,-0.1423712142493735,0.01383484244930822,0.056359638190509424,G3,-12.873658376680002
274090,2022-12-31,0.13313718344095238,0.02789799092314977,0.1092165398863314,G4,3.4914113554290265
276730,2022-12-31,-0.19958521300476312,0.03151410939690615,-0.7246448204687816,G1,-7.467100884217802
277070,2022-12-31,0.40206827198436407,0.04311952275017397,0.07990440756140595,G4,8.49579094297083
277410,2022-12-31,0.28398251285103715,0.04653189859409828,0.07710048923817299,G3,5.33502176385108
277810,2022-12-31,2.0489771010456277,0.06047775599979475,0.04988840747499744,G3,33.288987771210444
277880,2022-12-31,0.19877466619335876,0.03761606730504951,0.07826158284532433,G3,4.33434052882134
278280,2022-12-31,-0.5381214300113413,0.03412446644855457,0.09137115703117081,G4,-16.816534025951334
278470,2022-12-31,,,0.3882303919129585,G5,
278650,2022-12-31,-0.30095870248509515,0.030256468413002797,-0.03339167437843377,G2,-11.127951849086658
278990,2022-12-31,1.3127428192196338,0.04036104840043032,0.09869319195078805,G4,31.639638926421128
280360,2022-12-31,0.03293180866528919,0.013568941476131052,0.024391925015058963,G2,-0.20650192042254414
281740,2022-12-31,1.702342811368733,0.052104221506229946,0.34664470663891117,G5,31.986064507868143
282330,2022-12-31,-0.42783966996201206,0.018930977667004245,0.2639325554911914,G5,-24.487562092908124
282690,2022-12-31,0.059054259567144496,0.006417863701597667,0.0822370674474308,G4,3.6336761753179214
282720,2022-12-31,-0.08222081571016829,0.04828283194757014,0.1430238249898688,G4,-2.442993339257015
282880,2022-12-31,0.3474927089866204,0.031542020083086514,0.03983926638835127,G3,9.883922685585397
283100,2022-12-31,-0.6095094528877403,0.06172295924497935,2.378675922718948,G5,-10.453861608692016
284620,2022-12-31,0.26236473194670173,0.042992750978603035,-0.5319050088709892,G1,5.2713749562404555
284740,2022-12-31,-0.276966700187458,0.01767984928033835,0.1815103286630121,G5,-17.686831848358665
285130,2022-12-31,-0.04670235278783599,0.01752451153499826,0.08737871764067473,G4,-4.704049739783834
285490,2022-12-31,0.3112819252071053,0.036553194154469386,0.16098257111489567,G5,7.538277035502311
286750,2022-12-31,1.2796500977131466,0.056261327884607394,-0.236474562900716,G1,22.109614602879997
286940,2022-12-31,0.2866945617745065,0.02343540539871343,0.0798652869544164,G4,10.708615292401662
287410,2022-12-31,0.30298123653196746,0.027980512803491096,0.423816259268685,G5,9.551197909439741
288620,2022-12-31,-0.12428731165819114,0.02034601386485,0.0031461969519265658,G2,-7.864986913867035
288980,2022-12-31,0.2925373115942733,0.046567341722450147,0.05222178962595349,G3,5.514669314530719
289220,2022-12-31,-0.21201790753753674,0.0332047557018943,-0.1034868390306994,G1,-7.461332674753396
290090,2022-12-31,-0.05318222335510006,0.03213397511375721,-0.08334161709785881,G2,-2.767041555815628
290120,2022-12-31,-0.07236164613882573,0.048012378482277206,0.34262625284658343,G5,-2.251408297069439
290270,2022-12-31,0.0020722422082171954,0.02848126685438621,-0.24248536603819612,G1,-1.1818848895343352
290380,2022-12-31,-0.3946716075758123,0.02273609049048271,-0.20564837889475845,G1,-18.93049418035131
290520,2022-12-31,-0.02609778935501661,0.041245593551378114,0.006579312832129528,G2,-1.4991082724074904
290550,2022-12-31,0.15666886851980508,0.030441062292413664,0.2513606160302278,G5,3.9727604188022183
290650,2022-12-31,0.33382515543585417,0.02954107205985562,0.04232309856362899,G3,10.090741923436468
290660,2022-12-31,0.06364589401598347,0.039465978674952364,-0.9937964951328182,G1,0.7072439051280108
290670,2022-12-31,-0.5113338697436745,0.03744813787526053,0.33079487252778494,G5,-14.608675408752344
290720,2022-12-31,-0.13363968283794217,0.03360700027743151,-0.06071226295250576,G2,-5.039828088729919
290740,2022-12-31,0.38057455909055515,0.026796482580017135,-0.17244705900475799,G1,12.868880716810978
291230,2022-12-31,-0.3165060379737868,0.041683579225154366,-0.042157264989948616,G2,-8.450326619251438
294090,2022-12-31,-0.8457346462261628,0.05677304153862967,-0.31700824434515823,G1,-15.52618009314514
294870,2022-12-31,0.4276132144728333,0.020127439547417122,0.04167048916701195,G3,19.46990785446976
296640,2022-12-31,-0.1637339326776699,0.033103382529764906,0.050761705112193196,G3,-6.025600363845895
297090,2022-12-31,0.4644181196487739,0.03614943886360855,-0.21347541736441297,G1,11.858670894670974
297890,2022-12-31,0.7094024739043121,0.03599878570378797,0.3407931143259769,G5,18.713649352211732
298000,2022-12-31,-0.00985445220808337,0.03410785662017773,-3.9108558109222056,G1,-1.3365915617026887
298020,2022-12-31,0.11947419610545537,0.025423447367283074,0.020229709784006636,G2,3.2938245454079462
298040,2022-12-31,0.9101651560453745,0.039236092720189,0.054243166200027115,G3,22.28640199071665
298050,2022-12-31,0.24329555817470644,0.022815034906547085,0.2665999652853576,G5,9.097585775638345
298380,2022-12-31,0.17051297896299172,0.029235754170529406,0.04615853082044202,G3,4.610079734513644
298540,2022-12-31,-0.5269330421584737,0.024282141489453134,0.2761982446238392,G5,-23.172044506085985
299030,2022-12-31,0.4160318696243096,0.0384441390680652,-0.0032568298753504962,G2,9.892224346935745
299170,2022-12-31,0.24569648583058373,0.02537351962299944,0.14683700138930292,G4,8.274873482749115
299900,2022-12-31,0.0753034406422724,0.04176241874105197,-0.106670021345779,G1,0.9474934809071429
299910,2022-12-31,,,0.8967551822527214,G5,
300080,2022-12-31,0.4086582095360569,0.04868495436307739,-0.4822937299715435,G1,7.659951483505362
300120,2022-12-31,0.5309710355088243,0.04908677720526737,0.0034252442593152416,G2,10.089014650517132
300720,2022-12-31,0.12786091258430365,0.016883972797586827,0.07366999789486847,G3,5.45648186896272
301300,2022-12-31,-0.05482028344314216,0.04410534588866089,-1.7093077674081139,G1,-2.053132171550075
302430,2022-12-31,-0.03771690851257714,0.02753935328573927,0.06746351247988842,G3,-2.667118900312868
302440,2022-12-31,0.06176132021764456,0.026312227413741084,0.08137625309862324,G4,0.9891788585652312
302550,2022-12-31,0.3931405686078363,0.031167220418551793,0.1519886533379208,G5,11.467392429287157
306040,2022-12-31,-0.5189615081637242,0.018145817372251835,0.27577594992970805,G5,-30.56877063858048
306620,2022-12-31,-0.1806332705939753,0.026741387610183395,-0.1059786925095747,G1,-8.091094407150056
307180,2022-12-31,0.30732953004792674,0.029743204000120312,0.0587487389867421,G3,9.131353465101364
307280,2022-12-31,0.09588498862415118,0.025335227541254078,0.13669209263878035,G4,2.374210667261383
307750,2022-12-31,0.03250945947710811,0.027915020685745973,0.12009524641834354,G4,-0.11550633250111428
307950,2022-12-31,0.9294174687896894,0.033144129829264374,0.10385704284410639,G4,26.963557415901942
308100,2022-12-31,0.052672268048905624,0.039789109981800845,-0.15349166934220976,G1,0.4257055993069898
308170,2022-12-31,0.06970747125086554,0.03272734730432063,-0.04518739103834576,G2,1.0380813879213795
310200,2022-12-31,-0.23726291362860444,0.03172507443071284,0.07653237913847916,G3,-8.605077834034313
310210,2022-12-31,0.968222328389627,0.05092997519919436,-0.5673025839554175,G1,18.309227593461824
310870,2022-12-31,0.19903862812120526,0.027992412095122196,0.11614459073761789,G4,5.833895500968653
311390,2022-12-31,0.055889805377937335,0.027216301683704657,-0.028756693750178725,G2,0.7405849800597285
311960,2022-12-31,-0.16846007375733305,0.041657558789220256,-0.09003987083445036,G2,-4.9017249409339785
314130,2022-12-31,-0.17113602709510836,0.036861825474308434,-0.3854849493977497,G1,-5.612034823872238
317120,2022-12-31,0.09263355129313056,0.035715283461231616,-0.4161331683773714,G1,1.5931479367000674
317240,2022-12-31,0.10517054455574248,0.053805976839206564,-0.6150619176946361,G1,1.2905020500795923
317330,2022-12-31,0.4672252470837241,0.034631315427842944,0.061998266660596664,G3,12.459573672405222
317400,2022-12-31,-0.1332126017667586,0.018160725855716216,0.27000482238971024,G5,-9.302845285327232
317530,2022-12-31,-0.17599645309892742,0.03930650645099424,-0.09031394179650154,G2,-5.386646979199627
317690,2022-12-31,0.24747447788594137,0.04552780503937522,-0.4841387266655168,G1,4.650798705639417
317770,2022-12-31,2.034124633099259,0.09162354031752769,0.062290951845617476,G3,21.810888392169595
317830,2022-12-31,0.7028993711227329,0.05753147975902777,0.056266595543643896,G3,11.596530330507115
317850,2022-12-31,-0.21594331622988996,0.03785610714704946,0.032949565882333845,G3,-6.648257212250554
317860,2022-12-31,0.15649865502932464,0.05897208501349589,-0.3084661460678591,G1,2.0478304924012094
317870,2022-12-31,1.1808471526931574,0.03739688472352834,0.0008698536603293325,G2,30.620554092156645
318020,2022-12-31,,,-0.008107472412449688,G2,
318410,2022-12-31,0.0928404565583153,0.0181630749068917,0.021275042059720774,G2,3.1441061446283913
319400,2022-12-31,0.27813296813022714,0.03814676523417081,0.08076790177797279,G4,6.354382750516455
319660,2022-12-31,0.411942186034353,0.028879815665392886,0.28309878040190856,G5,13.02668857914345
321260,2022-12-31,0.4667552858082955,0.0479244269802185,0.1662763558477122,G5,8.993773986030014
321820,2022-12-31,1.7781744189374897,0.06593450950640478,-2.5966356812316715,G1,26.426837946371926
322000,2022-12-31,-0.4359976851609202,0.031751586542927764,0.1964260151448382,G5,-14.856942838473795
322180,2022-12-31,1.1301097290626418,0.05989529069627868,-0.2925240941974078,G1,18.271485040015417
322310,2022-12-31,1.0404688342047512,0.04585791775697484,-0.048466240598275735,G2,21.909739085650543
322510,2022-12-31,2.42893477061227,0.06403541409090596,-0.5608979883850517,G1,37.37308461965472
322780,2022-12-31,-0.25647965275811746,0.027068476069599588,-0.013784146609810356,G2,-10.79534263934835
323230,2022-12-31,1.3929339905098974,0.04470429931899027,0.005947575892399628,G2,30.359499870187005
323280,2022-12-31,1.1335976123120608,0.05235965802323196,0.015769739430848764,G2,20.96774181922135
326030,2022-12-31,0.41156331040814387,0.025861876650856878,-0.45005261794074597,G1,14.532181648831743
327260,2022-12-31,-0.03342087089847014,0.0268789710526075,0.057235537077233,G3,-2.572817683434831
328130,2022-12-31,2.1574240979249337,0.05961313244704099,-0.5676694446679798,G1,35.590987919844444
328380,2022-12-31,0.5478445531808989,0.05550812149403574,-0.26020137991573095,G1,9.22587034579639
329180,2022-12-31,0.16467394371033842,0.021949550747972592,-0.0797084289727003,G2,5.874385496661558
331520,2022-12-31,0.0902019358830051,0.03747066856723728,0.07739407056360505,G3,1.453620040086989
332290,2022-12-31,0.4448928615247969,0.05687619931875862,-0.17376546999032624,G1,7.193853409463645
332370,2022-12-31,-0.26030677536541147,0.015312443592394514,0.25394588938906776,G5,-19.33333466453795
332570,2022-12-31,0.13135433477887437,0.03488493904776322,-0.18674286816373373,G1,2.741025676144734
333430,2022-12-31,0.0718362011172946,0.03851833119769278,0.05678653949540379,G3,0.9372778844906382
333620,2022-12-31,0.09984397215580659,0.02761110353427148,0.06396450974428221,G3,2.321897454696817
335810,2022-12-31,-0.16197722164912615,0.021363821206317114,-0.209895865258923,G1,-9.25447937791559
336060,2022-12-31,0.24159486104877692,0.04749188630376419,-0.3067051925081008,G1,4.334657052656363
336370,2022-12-31,-0.01587170732410753,0.030126478087871212,-0.03999231361668534,G2,-1.7129625411838318
336570,2022-12-31,0.8515263392295248,0.0355822110039516,0.3119334038464583,G5,22.9269765726676
337930,2022-12-31,0.3818992874152146,0.02861041131710561,0.20867081820755778,G5,12.099283105029587
338220,2022-12-31,2.3986257855481448,0.06440558996158964,-0.8378978290972482,G1,36.68768449786922
339770,2022-12-31,-0.19297904655834708,0.012965046586415412,0.036410598412767614,G3,-17.640728567547182
339950,2022-12-31,0.05868839572579845,0.027453223484891102,-0.0007558749325193025,G2,0.836134037236835
340570,2022-12-31,0.16796355600349935,0.02374611208195052,0.24097781975881574,G5,5.568479353965324
340930,2022-12-31,-0.19568902638797964,0.03575418660621388,0.4028865212780251,G5,-6.472608371014403
344820,2022-12-31,0.1316440610938937,0.014708257606074795,0.08534396910357568,G4,6.52084308858376
347000,2022-12-31,0.10988643702434339,0.046569069883912066,0.03459065282219002,G3,1.5923147288743487
347770,2022-12-31,0.513996254678878,0.040445406477140455,0.0045148423968446386,G2,11.824888787085825
348150,2022-12-31,-0.10077288261697762,0.03662787861345436,-0.2412697048193839,G1,-3.726852575760327
348210,2022-12-31,0.42529682903775695,0.027891596424795325,0.5570246337792791,G5,13.96703874408667
348340,2022-12-31,1.470836831684319,0.056582890141810394,-0.20642545950481417,G1,25.362843908280272
348350,2022-12-31,0.05364368771551975,0.03506524722292919,0.12689206758519367,G4,0.5107583147338288
348370,2022-12-31,0.5891706690105881,0.03867290267337405,0.08904108504238112,G4,14.310713952521931
348950,2022-12-31,-0.01970047926886058,0.009790782746782427,0.019591245139705917,G2,-5.661886474326016
350520,2022-12-31,-0.029593706080941393,0.006791321422490652,0.2615420086916191,G5,-9.619265994804662
351320,2022-12-31,0.15224392948270288,0.0385248067578151,0.006974048891361849,G2,3.024287936781316
351330,2022-12-31,0.2954379135546398,0.0427772572409453,0.04680004995203915,G3,6.071078633060332
352480,2022-12-31,0.8816115906744302,0.03674486206674516,0.14410155439013525,G4,23.020300579703502
352700,2022-12-31,-0.21569495227216623,0.017859955450539127,0.1542926843285526,G5,-14.077793984798987
352770,2022-12-31,-0.13144957331706708,0.048552410608777165,-0.1902740816020675,G1,-3.443359296871977
352820,2022-12-31,0.3958266750100334,0.028424053247564928,0.03294475662594623,G3,12.668596232054657
353190,2022-12-31,0.04985002401747335,0.02535730891508907,-0.031738078081416383,G2,0.5566916791734956
353200,2022-12-31,0.4845889577092424,0.032399101048375886,0.2859920143990632,G5,13.85393798120616
353590,2022-12-31,-0.41765684366191047,0.024575811906976174,-0.12071008468059827,G1,-18.448654576145287
353810,2022-12-31,-0.05998955623569942,0.019559235200783242,0.22692361225507993,G5,-4.894024556240194
354200,2022-12-31,-0.3336821141347102,0.039741315600389335,-0.38849537639734383,G1,-9.29551348997874
356860,2022-12-31,0.6420919829831944,0.03600095741550996,0.3404106655359506,G5,16.842834340393164
357230,2022-12-31,0.16537564997852808,0.021595479203939658,0.11161755021442199,G4,6.0031929653437
357430,2022-12-31,-0.2972254308334659,0.010144893656347553,0.005958755190744003,G2,-32.82037872948508
357550,2022-12-31,1.2014694053425858,0.053045937594965335,0.17211837076124328,G5,21.975963420712844
359090,2022-12-31,0.10691497752704632,0.023086861059589122,0.11347348728526323,G4,3.0831890140937928
361570,2022-12-31,0.04196615249903207,0.0334922516708978,0.024903459057377047,G2,0.18608278183446605
361610,2022-12-31,0.5427420758132273,0.034736230689372635,-0.015907340445504882,G2,14.595949088688325
362320,2022-12-31,-0.2391715369270296,0.03346086952820968,0.09363097742632852,G4,-8.215726666441766
363260,2022-12-31,-0.02783514896373096,0.04320055893126514,-0.15384130301057794,G1,-1.4714848991441205
363280,2022-12-31,-0.8000239995017306,0.02989987814642285,0.05872479787273572,G3,-27.95188049085511
365340,2022-12-31,0.18274895095384552,0.031021743749717536,0.1701731013823891,G5,4.739099484598534
365550,2022-12-31,-0.0661861653047098,0.013694178337942967,0.011246347565434228,G2,-7.442577709137005
365900,2022-12-31,-0.526086022559617,0.021572522727318577,0.02390466700033296,G2,-26.043307535208307
368600,2022-12-31,-0.14916907989373943,0.02945729435744391,-0.1258549854880598,G1,-6.276981816058252
368770,2022-12-31,0.6960534231873006,0.047644425027213465,-0.05629130441888814,G2,13.859325653986359
369370,2022-12-31,0.2077840648580162,0.033941538982016545,-0.09403945793202609,G2,5.069017165396162
371950,2022-12-31,-0.2793549672960192,0.029117327181704893,0.07067289802907711,G3,-10.821349997818768
372800,2022-12-31,0.14203372086922011,0.03997584086855218,-0.39777846900912006,G1,2.6591035340705433
372910,2022-12-31,-0.15316397410855712,0.029076955333282282,0.10346061222144036,G4,-6.496477814874615
373200,2022-12-31,0.679872663996983,0.057168023206950976,-0.3066005675631407,G1,11.267467488371222
373220,2022-12-31,0.07322329466702651,0.027840625259885593,0.04833084892405768,G3,1.3465744098366994
375500,2022-12-31,0.1033590976301331,0.017522150155787466,0.12689961637071392,G4,3.859416560791513
376180,2022-12-31,0.1886840362817554,0.04425817087109415,0.11485646003828301,G4,3.455863903391424
376290,2022-12-31,-0.09992294746635064,0.019282603027674268,0.06605660153708458,G3,-7.035189616768456
377030,2022-12-31,-0.41468444892274325,0.033367523142090495,-0.39482722921236635,G1,-13.498702560058693
377220,2022-12-31,-0.25892446322830126,0.02043773327935558,0.017381111474367585,G2,-14.417366169669648
377460,2022-12-31,-0.9772169917623286,0.05115339788668776,0.11379994005965041,G4,-19.80221949565059
377480,2022-12-31,0.7508102516269071,0.05430162021239338,-0.20128203794355332,G1,13.168602109693445
377740,2022-12-31,-0.6286452717723445,0.024619487485737907,0.25921175816404124,G5,-26.98590266330407
378850,2022-12-31,0.22346328884567054,0.025985144715262688,0.16685108055480774,G5,7.224491907377911
380540,2022-12-31,-0.30818330714909176,0.04725217652849722,-0.5258905301474204,G1,-7.27833411186659
382840,2022-12-31,0.2237424040753278,0.03185530433544383,0.1635869881200168,G5,5.901955321391437
383220,2022-12-31,-0.4215939526526462,0.022262472291182632,0.6416584849848838,G5,-20.54254207750272
383310,2022-12-31,0.7497937182342131,0.05453920811714475,0.4671202972483019,G5,13.092597449568258
383800,2022-12-31,-0.1718770292072348,0.009232964888899084,0.1015943834403104,G4,-22.485826908652
388720,2022-12-31,0.3683140935171059,0.033722319519786326,-0.06573705601559965,G2,9.862318995695283
389260,2022-12-31,0.19115059802003775,0.039697131162852894,0.2984555535829422,G5,3.9150631879227498
393890,2022-12-31,0.2508094436616526,0.03573820317611646,0.06606714528156125,G3,6.018087184281678
394280,2022-12-31,1.5711430833204034,0.05282308995712636,-0.7704404507313481,G1,29.06700958668644
395400,2022-12-31,-0.29333701443630233,0.012590246260343527,0.0038531663849378536,G2,-26.136965772545178
396690,2022-12-31,-0.29950370403299637,0.011223640454449273,0.013327635029995904,G2,-29.86887601502888
399720,2022-12-31,1.6403023974645117,0.04527826916712396,0.07827921542566363,G3,35.43793978528135
403550,2022-12-31,-0.20858822818642286,0.03386203191505092,-0.06698135120666002,G2,-7.21522116385575
404990,2022-12-31,0.029266325042304395,0.013592534888009798,0.0203848402527292,G2,-0.4758123594453347
405000,2022-12-31,-0.21239014028308006,0.031104783482666196,-1.8869919848622285,G1,-7.977035479432409
405100,2022-12-31,0.3584168386417671,0.03386684874664575,0.08058593781646696,G4,9.527990629347084
407400,2022-12-31,0.5480448260031302,0.061397679125018,0.11429771602263034,G4,8.34414284327834
408900,2022-12-31,-0.36729772642506614,0.04231120685482194,0.09142103238559832,G4,-9.52540892880125
412350,2022-12-31,0.6898861483437452,0.05461937768706469,-0.11740809959091021,G1,11.976561339702968
417500,2022-12-31,0.8151959081064148,0.05429068358251805,0.20416943810568114,G5,14.357197875091693
417970,2022-12-31,-0.01806334197514034,0.032615546679605846,0.13332880685428034,G4,-1.6494331259206059
419120,2022-12-31,-0.4070012265208731,0.025920044352092077,0.20750416890754772,G5,-17.080798228778885
419530,2022-12-31,0.023288505260038422,0.0467830530582551,-0.47438834022089393,G1,-0.2660218832378428
425040,2022-12-31,1.7962921501464781,0.07608016697753162,0.5305435359175061,G5,23.140831559008063
425420,2022-12-31,1.9210766651348012,0.058286934571377805,0.11188079206423793,G4,32.34589119947303
441270,2022-12-31,0.5100868764670657,0.03282813664706543,-0.050418198560708435,G2,14.449588181888407
900070,2022-12-31,-0.19410863822397728,0.023054191938498145,0.08441719903517357,G4,-9.969660180471353
900100,2022-12-31,0.29281621102075284,0.04048077642964172,0.01983908846056717,G2,6.350727741829946
900110,2022-12-31,-0.3131781824145423,0.02027983145504083,0.017970344288637616,G2,-17.204876890928343
900120,2022-12-31,-0.5069876385456171,0.03154286101502353,0.014803324227171814,G2,-17.20584126548749
900140,2022-12-31,0.4735995373368586,0.031344209690429566,-0.09374772535587955,G2,13.969588658422683
900250,2022-12-31,0.9808904746940975,0.06332938190504107,0.043845459973895766,G3,14.924457260187642
900260,2022-12-31,-0.3949555018288855,0.025423393181552456,-0.07789151386933836,G2,-16.94067034606579
900270,2022-12-31,-0.5399411632129889,0.03768488285964338,-0.000421334806629334,G2,-15.276018940944851
900280,2022-12-31,-0.7429472006052471,0.04487118957831117,0.02292985843860743,G2,-17.353696861200216
900290,2022-12-31,0.4680262562050538,0.04395521151707583,0.07062504175625696,G3,9.834839149821958
900300,2022-12-31,-0.33643179466454776,0.057897467719055254,-0.16186408394963608,G1,-6.428011974697673
900310,2022-12-31,-0.1788888979803559,0.03082998622792799,0.050226727385972156,G3,-6.961492539498664
900340,2022-12-31,-0.15451507351752963,0.02999755591357483,0.108993490197022,G4,-6.342146513664716
950110,2022-12-31,0.23139910199235594,0.02395002889170984,0.0486898835001699,G3,8.169730472511995
950130,2022-12-31,-0.13834744613745736,0.03842821925607241,0.7264824001766543,G5,-4.530037317515317
950140,2022-12-31,1.1355330993025112,0.03852502079964068,0.08807749079054142,G4,28.547662151412972
950170,2022-12-31,0.1671922849961327,0.02803844590058295,-2.959332852874983,G1,4.6885074987407975
950180,2022-12-31,,,0.07800900885902895,G3,
950190,2022-12-31,-0.06444716934668338,0.018455059200087727,0.25842616372055793,G5,-5.42837546055764
