종목코드,날짜,기간수익률,표준편차,Y7,그룹,성과
000020,2023-12-31,-0.49575688596439615,0.014116923825152073,0.0654113001380053,G4,-37.292585006650015
000040,2023-12-31,-0.689752251169987,0.03964665766869491,-0.13065281193021003,G1,-18.17182051026581
000050,2023-12-31,-0.28838602759683507,0.02033787108081114,-0.0021327496146057385,G2,-15.689239161093129
000070,2023-12-31,-0.04474105433225004,0.016449131866582638,0.05188833118402411,G4,-4.586305876907873
000080,2023-12-31,-0.13765068949849263,0.014727429251270336,0.020384106812504642,G3,-11.431077511471447
000100,2023-12-31,0.7761488391359841,0.0335776878330744,0.04780972951911613,G4,22.20072885972267
000120,2023-12-31,-0.3928162375628079,0.02370499844178311,0.034728123986170485,G3,-17.866102561466406
000140,2023-12-31,0.048627772266361016,0.010270016012122242,0.013611091514621036,G3,1.7456717134334627
000150,2023-12-31,1.3705814161546657,0.0448493758052443,0.015942902380779195,G3,29.875147564049286
000180,2023-12-31,-0.2780162250323933,0.020834402044203407,-0.03566738855938827,G2,-14.8176040855358
000210,2023-12-31,-0.3851271217297392,0.02627659875025851,-0.014235652198736197,G2,-15.824986388055217
000220,2023-12-31,-0.07734640358610165,0.021636390900010884,-0.027455973670239175,G2,-4.9937209908487
000230,2023-12-31,-0.3670706900218579,0.030004941927664886,-0.1506008740918456,G1,-13.25682905163698
000240,2023-12-31,0.1581005112705987,0.02269034210618325,0.04430169178976523,G4,5.614759568494596
000250,2023-12-31,1.2371145520867752,0.054583805109556564,-0.011147736531763801,G2,22.102065875544188
000270,2023-12-31,0.09620289441577576,0.024269760276509275,0.15723286399908637,G5,2.698963560084517
000300,2023-12-31,0.4841832424475876,0.030187262084318534,-1.0288133890028517,G1,15.022347683053692
000320,2023-12-31,0.15682789431581295,0.016235267691031424,0.05797879191215266,G4,7.768778494979626
000390,2023-12-31,0.08582711921282024,0.03717143360103876,0.03239748116744443,G3,1.4830588453222644
000430,2023-12-31,-0.27229909890749227,0.022140399163795014,0.05901309858342489,G4,-13.685335683579732
000440,2023-12-31,0.120801025929167,0.04809685771168136,-0.005635726119451607,G2,1.873330907640427
000480,2023-12-31,-0.12319575730710608,0.013313786183852379,0.019101734650213194,G3,-11.559105050916967
000490,2023-12-31,-0.22956868224782123,0.03137903841680349,0.012210808723020758,G3,-8.294338870688206
000500,2023-12-31,1.4611797256266097,0.05753248604485231,0.03541139671182332,G3,24.863866106775177
000520,2023-12-31,0.9036350982673576,0.0412398632945599,0.0038409970143655275,G2,21.167271972141073
000590,2023-12-31,0.10407744839068002,0.011557289364616597,0.07089713239421236,G4,6.349045200671393
000640,2023-12-31,-0.007492019409466047,0.018457206921607894,0.03358720433803052,G3,-2.069203395138048
000660,2023-12-31,0.47786493037348543,0.0321976061828095,-0.1161945263421026,G1,13.888151560619411
000670,2023-12-31,0.0643386077639953,0.043676889223003335,-0.018425610855654598,G2,0.7701764604789709
000680,2023-12-31,0.12924795101697062,0.04459217250660138,0.009531966947965622,G3,2.2099899973451875
000700,2023-12-31,-0.07252560319217681,0.010402858220525571,0.06203114448842575,G4,-9.922782452806722
000720,2023-12-31,-0.070536132928536,0.018877442436181963,0.03961901782011382,G4,-5.362793667005976
000760,2023-12-31,-0.3173573029860076,0.018309341942309453,-0.008235012349270742,G2,-19.0098038422235
000850,2023-12-31,-0.08789086115763399,0.0269495917944117,0.027116785338480897,G3,-4.400458377247686
000860,2023-12-31,0.2683888456630616,0.018894264808656202,0.02395093421443569,G3,12.57996287511946
000880,2023-12-31,0.23776042526778385,0.023005601726927748,0.01071152773451815,G3,9.000448321589936
000890,2023-12-31,-0.02949789260523894,0.027190623607188227,-0.027365574536639504,G2,-2.2139098128965067
000910,2023-12-31,0.009553797583587334,0.027382590019526684,0.004468402666985165,G2,-0.77223879183174
000950,2023-12-31,-0.18217702938228156,0.01774864054062388,-0.08566658123375669,G1,-11.993973550398428
000970,2023-12-31,-0.10590276155075048,0.010891160702252637,0.05258803859862052,G4,-12.542506818395147
000990,2023-12-31,-0.4650338996272295,0.031776800265851925,0.1497031657687624,G5,-15.60048813276668
001020,2023-12-31,-0.0661853859043907,0.018629784945105983,0.02002213635203143,G3,-5.200547510739395
001040,2023-12-31,0.14575495047947062,0.032338979805490636,0.02088678182785736,G3,3.557788630130058
001060,2023-12-31,-0.33032276878258443,0.025883976094052016,0.08501263835828833,G5,-13.947720523626806
001070,2023-12-31,-0.3256379778503252,0.013404781117987142,-0.025833124234890457,G2,-26.582878939340958
001120,2023-12-31,-0.1054021242465543,0.021237472765857447,0.04287472024071653,G4,-6.408569492451555
001130,2023-12-31,0.0076541618517392135,0.011730766592489238,0.07244527384063075,G4,-1.964537763500166
001140,2023-12-31,0.011565203336422192,0.027454574357886338,-0.3674671585137969,G1,-0.6969509791570271
001210,2023-12-31,0.1942701988044656,0.035835916892847174,-0.34006354645682374,G1,4.564429130586126
001230,2023-12-31,-0.13916365574505293,0.0202791295419653,0.21681918661984825,G5,-8.376264435365975
001250,2023-12-31,0.24844199420396262,0.041107691525765454,0.03726242089310881,G4,5.296874874377116
001260,2023-12-31,0.19244640931086004,0.0388967059522636,0.012412356335345518,G3,4.1583653302640835
001340,2023-12-31,-0.034064612329760546,0.04127967728987801,0.021776857541056936,G3,-1.568915078779736
001380,2023-12-31,1.3340134066598663,0.05891486787911473,0.11338219200786377,G5,22.121983087810666
001390,2023-12-31,-0.5509170391923528,0.021163224093245992,0.056770277497624526,G4,-27.482425761179734
001430,2023-12-31,-0.15782758838274819,0.0274699032820109,0.04236744479062227,G4,-6.863048706971558
001440,2023-12-31,0.5252471277726076,0.036461144541118186,0.03485897081767355,G3,13.563683701629362
001460,2023-12-31,-0.32199029511729393,0.02009764444183968,0.042259305639515896,G4,-17.548822298823602
001470,2023-12-31,-0.31035933927498205,0.06863922254205966,-0.21458328455536188,G1,-4.968865066667732
001520,2023-12-31,-0.3251522587390189,0.014444682782817814,0.02821594520073713,G3,-24.635498051906065
001530,2023-12-31,0.6368911905890929,0.02173047291602087,0.008723800053165559,G3,27.89591819350998
001540,2023-12-31,-0.3397550345494551,0.01574040400878661,0.01788445555593448,G3,-23.535274581271885
001560,2023-12-31,0.09842336825928635,0.01766173168259589,0.12409917055142232,G5,3.834486541799958
001570,2023-12-31,-1.529454808076622,0.04565188830135325,-0.10523014658309993,G1,-34.17502675016107
001620,2023-12-31,-0.14671707630461295,0.014892740650698942,0.01874728162561514,G3,-11.912969968611987
001630,2023-12-31,-0.2128136836786865,0.01707594531704245,0.030017555376774658,G3,-14.260609001432048
001680,2023-12-31,-0.05035524862107876,0.01992479364356494,0.027037206303761024,G3,-4.068044361641224
001740,2023-12-31,-0.21736297671641247,0.027368842938346266,0.0077652263758211946,G3,-9.063688702248509
001790,2023-12-31,-0.1434833175293525,0.015841403676030985,0.03556730330566908,G3,-10.99542798788674
001800,2023-12-31,0.06102317175646296,0.01301520785124758,0.08312871871945532,G5,2.3298495333722853
001810,2023-12-31,-0.16399222763633517,0.021903671205984965,-0.02447238292488419,G2,-8.888552134613306
001820,2023-12-31,-0.16359131087199472,0.02964960567367924,0.08401669931106369,G5,-6.552903563974296
001880,2023-12-31,0.1252154474636149,0.02150647005434645,0.028656665556819293,G3,4.394758944972599
001890,2023-12-31,,,-0.30477780293109635,G1,
001940,2023-12-31,-0.1890274576987446,0.021255348189483717,0.09372421597502253,G5,-10.337499605155712
001970,2023-12-31,,,-0.0702907274030779,G1,
002020,2023-12-31,-0.15730867329962486,0.02093576132807641,0.004705992290869064,G2,-8.980249925995391
002030,2023-12-31,0.33091440919313564,0.016751979334088944,0.06720233123053095,G4,17.92114874238963
002070,2023-12-31,-0.26098092320011956,0.026009878033165703,-0.04505910703367642,G2,-11.214224789738822
002100,2023-12-31,-0.09458315930703384,0.01002404065990847,0.05234939851792926,G4,-12.498238921316217
002140,2023-12-31,0.0065825011669174704,0.03375916979480197,0.016299089924924987,G3,-0.7143894472868948
002150,2023-12-31,-0.1577772328767753,0.01598938406758537,0.04303227051158959,G4,-11.787629085497885
002170,2023-12-31,0.013017439799039882,0.011098792765840424,0.06295173595286781,G4,-1.5931693105283118
002200,2023-12-31,0.004453093636736627,0.01624250016245442,0.07158015522036135,G4,-1.6159213124974785
002220,2023-12-31,-0.2801903150332248,0.016534358388293882,0.004629331272443689,G2,-18.80266554950336
002230,2023-12-31,0.02197715334501448,0.01429278517905562,0.028384331074533125,G3,-0.6102759093628478
002240,2023-12-31,0.07071271357233255,0.030026729534318678,0.034656868990319105,G3,1.332579950444143
002310,2023-12-31,-0.0586039537901953,0.014481980249608813,0.09624461739588885,G5,-6.166535796104131
002320,2023-12-31,-0.2052098947814533,0.018100503916016284,0.006345854629474343,G3,-13.033316182440561
002350,2023-12-31,-0.33035156450687386,0.018289957480158627,0.03536400553770283,G3,-19.74041004283587
002360,2023-12-31,-0.13333290786693258,0.027548287571981005,-0.02690570338780133,G2,-5.9543666101140325
002380,2023-12-31,0.18271099565349905,0.027717379285988365,0.01830503675193813,G3,5.484331627011108
002390,2023-12-31,-0.09067772645894373,0.0287825279178257,-0.04239679834653542,G2,-4.217052186068143
002410,2023-12-31,0.7636543164694111,0.06087192405888258,-0.05718232591044731,G2,12.04093072436678
002450,2023-12-31,0.2880952599912642,0.01950829342709206,0.013466642043100293,G3,13.194160992899395
002460,2023-12-31,-0.09307819709082421,0.012443128964576382,0.02422955174807378,G3,-9.947489354220371
002600,2023-12-31,-0.04606883090928516,0.010602750805241343,-0.0004280743000970865,G2,-7.240434877411817
002620,2023-12-31,-0.37358723551359746,0.019361979446702635,-0.01588829278241847,G2,-20.880454523978873
002680,2023-12-31,-0.4116659262823512,0.03064998184991112,-0.07235072750440043,G1,-14.432818403157537
002710,2023-12-31,-0.5096984089383627,0.04374668913373344,-0.018281739728454666,G2,-12.352891509203324
002720,2023-12-31,0.03432277325117894,0.042025305751243885,-0.0409202020964964,G2,0.08621180426703304
002790,2023-12-31,-0.08262991181710322,0.028578474626199977,0.046344817969126,G4,-3.9655583132731715
002800,2023-12-31,-0.033793557494122384,0.033216105327589486,0.03210843941608335,G3,-1.9416259876212643
002810,2023-12-31,0.021287996811265905,0.009762064262558936,0.09181338536075244,G5,-0.9641095113788449
002820,2023-12-31,0.3148507768942685,0.030014464356950935,-0.32365109143477755,G1,9.467138167034207
002840,2023-12-31,0.03353308886531353,0.016290153677963454,0.1701060071483505,G5,0.17393286176642564
002870,2023-12-31,0.736308520331657,0.042357484087470025,-0.022618114390528816,G2,16.6584215213787
002880,2023-12-31,-0.024865787369963838,0.027288559241780665,-0.23725309905253458,G1,-2.036219013804867
002900,2023-12-31,0.062527661584035,0.03657170352075725,0.08342384325613524,G5,0.8702893959664664
002920,2023-12-31,-0.40653251100483595,0.009100235281049859,0.050234095609032504,G4,-48.04625301642582
002990,2023-12-31,-0.6949320466564626,0.018866634979296682,-0.000918740766058382,G2,-38.46111101795448
003000,2023-12-31,-0.18416825034136614,0.02461066147872648,-0.0922326654628856,G1,-8.730685534177496
003030,2023-12-31,-0.05662518245696643,0.027943408415041854,0.1292650432705663,G5,-3.1250618026772354
003060,2023-12-31,-0.7485595336426513,0.04819819234444883,-0.19237130485129464,G1,-16.167810275770474
003070,2023-12-31,-0.037691561240913746,0.0430095908860139,-0.002539612125329504,G2,-1.590139679302183
003080,2023-12-31,-0.1470787697975177,0.009327096002820513,0.009609893658432681,G3,-19.060430552151278
003100,2023-12-31,-0.0785781309783977,0.013589224201312195,0.05123808111515132,G4,-8.041505915057032
003160,2023-12-31,1.4498251619234304,0.06003022770938764,0.01588782853603487,G3,23.640181292932432
003200,2023-12-31,-0.06147339488662781,0.013657127600443932,0.010897720858043964,G3,-6.749083218723252
003220,2023-12-31,-0.015679271343606194,0.020377913797780558,0.05084699659088183,G4,-2.2759428477976975
003230,2023-12-31,1.3471799937073339,0.03930365362697931,0.13357691776415145,G5,33.495112448939565
003240,2023-12-31,0.11927068221514184,0.026407009012596003,0.0002514829637970229,G2,3.354071123897578
003280,2023-12-31,-0.039485558459522924,0.04890428942433274,0.10216799136628102,G5,-1.435155384183788
003300,2023-12-31,0.26779654507664397,0.01643971565399531,0.06891435521160473,G4,14.422198914464333
003310,2023-12-31,-0.07371569493597688,0.016190648103842208,0.08573493646327464,G5,-6.449117421598986
003380,2023-12-31,-0.31418819252311203,0.017522814253266246,0.017021671815990992,G3,-19.682220181973083
003410,2023-12-31,0.20346822562623065,0.010408150819545317,0.03075554946696161,G3,16.59934918355532
003450,2023-12-31,,,0.008042863237374819,G3,
003490,2023-12-31,0.06642950238729695,0.015044619477440218,0.05184594551122832,G4,2.374922584342143
003550,2023-12-31,-0.08134634332669285,0.020643569617625656,0.05349431305931279,G4,-5.427648474540831
003570,2023-12-31,0.6221319952794411,0.03329392921927533,0.05504749108883292,G4,17.763968186715083
003580,2023-12-31,0.1787554102688767,0.04844678920569302,-0.23964189012609446,G1,3.056048024623024
003610,2023-12-31,0.7008079018599525,0.027288397207559194,-0.014721903258469098,G2,24.556524919566712
003620,2023-12-31,-0.7807806094814239,0.02133409442310695,-0.0011214745802746017,G2,-38.036782307478695
003650,2023-12-31,0.24733983942287485,0.014003516124480584,0.14569731978168465,G5,15.470410551151483
003670,2023-12-31,-0.7630871458629458,0.03476789669535299,-0.00254035189447891,G2,-22.831028538649917
003720,2023-12-31,0.07736994986990954,0.029835663496355583,0.09629866716939631,G5,1.564243880754313
003780,2023-12-31,0.6292622159818103,0.033011125499331766,0.11159987721589228,G5,18.132145181673263
003800,2023-12-31,-0.047439675909959914,0.009931135580090952,0.08833292442843413,G5,-7.868120528340906
003850,2023-12-31,-0.06849530826530904,0.025596927542826085,0.06150172765728019,G4,-3.875269948584137
003920,2023-12-31,0.14922339908589244,0.021375501311997905,-0.08712283836693992,G1,5.544838529792773
003960,2023-12-31,0.49110029073329864,0.045761211618896895,0.10475826485593656,G5,10.060935421685551
004000,2023-12-31,-0.32211047053847447,0.020877521476003715,0.09421349413572536,G5,-16.89904459020575
004020,2023-12-31,-0.38849952528200865,0.02268349845638294,0.015107699363024888,G3,-18.480360157211116
004060,2023-12-31,-0.22113382613316168,0.02488527455367025,0.007539999465018163,G3,-10.119780732477796
004080,2023-12-31,0.013242365663396897,0.006903124537781735,0.08536810835894866,G5,-2.5289026814665236
004090,2023-12-31,0.5239409663644095,0.05734205034410744,0.038319128620361756,G4,8.60173760071356
004100,2023-12-31,0.1236677201153982,0.047377438620326395,0.01990480915355794,G3,1.9622847288756031
004140,2023-12-31,0.280349671947817,0.04389830820034144,0.02603944459208681,G3,5.687006774634307
004150,2023-12-31,-0.18959583630650373,0.009716947998567264,0.005600688936984384,G3,-22.671267990368598
004170,2023-12-31,-0.2353229897486661,0.01802031600197033,0.03072239643637176,G3,-14.762376283360949
004250,2023-12-31,-0.23079930493776996,0.019044224075791146,0.058433896691427976,G4,-13.73114492428577
004270,2023-12-31,-0.6646622787115416,0.021131791078858972,-0.036047437816062844,G2,-32.905964853338816
004360,2023-12-31,-0.0190163103240011,0.017688963029503367,0.06098197405342568,G4,-2.8105664565283113
004370,2023-12-31,-0.08622530360880187,0.022849724098513494,0.07145167653827479,G4,-5.117129595183997
004380,2023-12-31,0.07762665704843727,0.033312747622952256,0.0007237074951334554,G2,1.4086787965401697
004430,2023-12-31,-0.20240092620566624,0.024029307698107828,0.045418006430868164,G4,-9.700679892725836
004440,2023-12-31,-0.24288826222102178,0.017138501826921008,0.006695399422363437,G3,-15.963353203298244
004450,2023-12-31,-0.0358378169881543,0.011486615642096855,-0.032173494330302886,G2,-5.792612452513343
004490,2023-12-31,0.45857844598757247,0.03136290172946935,0.07632759729691427,G5,13.642830432620226
004540,2023-12-31,0.20517012769592347,0.047010343497806285,-0.0488487696197673,G2,3.711320081857614
004560,2023-12-31,0.010750613879007387,0.03671400652023224,-0.048895195350799746,G2,-0.5433643404592636
004590,2023-12-31,0.03232624820953361,0.014192782469633411,0.06277503059332636,G4,0.11460419375293478
004650,2023-12-31,-0.06198421660228573,0.008494694410042879,-0.004659490152777065,G2,-10.910800076598445
004690,2023-12-31,-0.03847886958260319,0.012440812253073403,0.0400996534501108,G4,-5.560614853182409
004710,2023-12-31,-0.5328175132460385,0.018038134517412808,0.045985786245419755,G4,-31.240326349686946
004720,2023-12-31,-0.3170034271163832,0.01880131472053182,0.02378922990004779,G3,-18.493553674422955
004800,2023-12-31,0.013244286044203399,0.024516275971002865,0.004635984485055638,G2,-0.7119927102278026
004830,2023-12-31,0.1791168611388827,0.05065825352730936,0.05404699496821347,G4,2.929772642899779
004840,2023-12-31,-0.19878713697160544,0.02937980919221897,0.03664123710599624,G3,-7.811038910690879
004890,2023-12-31,-0.1544286724395138,0.010352885748116727,0.0005330264302630883,G2,-17.881813125454478
004910,2023-12-31,0.012838575538752006,0.022312585716485575,0.012746112587912403,G3,-0.8004953126316441
004920,2023-12-31,-0.19815873794088915,0.02569483190323105,-0.08427163564121018,G1,-8.906788517639663
004960,2023-12-31,-0.10970070438331456,0.019395845951579074,0.007927629822024999,G3,-7.238684022924745
004970,2023-12-31,0.003474163093023286,0.017428106109120475,0.031005800822475234,G3,-1.5621624377315178
004980,2023-12-31,-0.05457050431687044,0.015428973235689121,0.04594577081812475,G4,-5.5266283006519465
005010,2023-12-31,-0.02734596970382694,0.026099184628934055,0.09290553395355346,G5,-2.224041338707834
005090,2023-12-31,-0.09987443789821089,0.018795327062224698,0.009562336152488428,G3,-6.9471594340133835
005160,2023-12-31,0.08184295355655058,0.03978667353968401,-0.040405683014539395,G2,1.28543688599774
005180,2023-12-31,0.4124069102643065,0.03073187360070284,0.12456950297147623,G5,12.420564375810992
005250,2023-12-31,-0.041758418610970946,0.02308071533234786,-0.021700346029994804,G2,-3.1393357348379336
005290,2023-12-31,-0.45042019660843535,0.030237079190187845,0.10142183398930205,G5,-15.911586215048601
005300,2023-12-31,-0.31422295969365943,0.016027593050189144,0.04870249271001238,G4,-21.520552364353886
005320,2023-12-31,-0.3377881790439391,0.028386846860348345,-0.03351186537077675,G2,-12.980937145792872
005360,2023-12-31,-0.331233277741243,0.018272651345275066,-0.02655976227457996,G2,-19.807359464138298
005380,2023-12-31,0.08896024623081661,0.02436878905454316,0.06237503622372537,G4,2.390785618560082
005390,2023-12-31,0.22689456082273357,0.019155943465029964,0.10640465008773864,G5,10.241983923339804
005420,2023-12-31,-0.47496382267396786,0.037553545850026564,-0.006298250945421434,G2,-13.46513377221077
005430,2023-12-31,0.16322078141439672,0.027767194976248712,0.08366799143385192,G5,4.772577342085187
005440,2023-12-31,0.37311228661267737,0.024729096610791975,0.15105417939298582,G5,13.84654668888128
005450,2023-12-31,,,-0.022799160090627046,G2,
005490,2023-12-31,-0.5804750462846913,0.02303380776763367,0.026104747595304442,G3,-26.53381274462939
005610,2023-12-31,-0.2595778628385562,0.015225999476953956,0.04923515173894826,G4,-19.064597965828796
005670,2023-12-31,0.08895393976960453,0.018998052120952742,0.039024210396194615,G4,3.0663271992956624
005680,2023-12-31,0.24967919204758066,0.019574408706576597,0.03381610056215207,G3,11.187029938560421
005710,2023-12-31,0.044649924161094943,0.01543880976944672,0.09077247735068514,G5,0.9035818532599481
005720,2023-12-31,0.060719432551773075,0.01328862742941387,0.03574697940951424,G3,2.2590547363706692
005740,2023-12-31,0.020955397915316643,0.02739969969011879,0.04504003131450793,G4,-0.35563520813653104
005750,2023-12-31,0.03074184027422932,0.01775152087731499,-0.0153886387295168,G2,0.0023741321676100644
005800,2023-12-31,0.1408198402782772,0.022254462631270143,0.01587202426126004,G3,4.948227521164898
005810,2023-12-31,0.07393291896304575,0.018849649551937377,0.05474075647751644,G4,2.293582330346918
005820,2023-12-31,-0.22636464544359367,0.01382307130967533,0.0670777543482637,G4,-18.596760119522376
005850,2023-12-31,-0.0403377370740704,0.022766670939026554,0.13252515762486972,G5,-3.120238048057731
005860,2023-12-31,-0.06627619395292594,0.03182462469877228,0.6231442017864072,G5,-3.047196650025461
005880,2023-12-31,-0.08411076762085845,0.03552707999230839,0.012690316641509537,G3,-3.2316324185158307
005930,2023-12-31,-0.35205323049162535,0.01990305557595554,0.024141523653627005,G3,-19.230862560194605
005950,2023-12-31,-0.6261332510281947,0.03277581194889933,-0.03375391956537188,G2,-20.04017315786872
005960,2023-12-31,-0.472203383710984,0.011994282230905748,-0.005872561430044917,G2,-41.92856811661816
005990,2023-12-31,0.07079204736476077,0.008816435558008527,0.08218106092496359,G5,4.547455860532192
006040,2023-12-31,0.17904208762479612,0.024492662604291063,0.0451192433715629,G4,6.056605368063019
006060,2023-12-31,0.3650973412106939,0.016821156645151852,-0.011716546794140139,G2,19.879586906384503
006110,2023-12-31,-0.9615176469791289,0.037859599601822974,0.0029483478728900537,G2,-26.207813955561303
006120,2023-12-31,-0.07223170506227804,0.017782608562010263,0.028654649824092538,G3,-5.788318430382886
006200,2023-12-31,-0.18071465642245438,0.013723675090633844,-0.04863921516884134,G2,-15.405082883682613
006260,2023-12-31,0.4263215049731471,0.037789755224549845,0.03513337806288452,G3,10.469022802736857
006280,2023-12-31,0.1858502764477657,0.026453070206207626,-0.010265433309864699,G2,5.86512565161025
006340,2023-12-31,1.5138189702257094,0.05630014970320631,0.0505049748174234,G4,26.34307869919846
006360,2023-12-31,0.21392647843703438,0.024013171706406263,-0.029224476486353353,G2,7.630261627232792
006400,2023-12-31,-0.6382252765966042,0.029828386408432994,0.07303840383796632,G4,-22.42578472917255
006490,2023-12-31,0.5351587562177762,0.04876141394377423,-0.38487940520867875,G1,10.345455957900791
006570,2023-12-31,-0.083002407682061,0.020600038431032506,-0.052108211896453684,G2,-5.5195092902480845
006620,2023-12-31,0.017982408717451437,0.03348020614993447,0.07713488771015269,G5,-0.3798449460880616
006650,2023-12-31,-0.3941537645560349,0.03104924078236648,-0.022731106067916427,G2,-13.68321574596467
006660,2023-12-31,0.6109574815615277,0.04823181497342909,0.04998501881288498,G4,12.030602332997448
006730,2023-12-31,-0.22555355807444866,0.01707418043604253,0.0752892186450098,G4,-15.00823157233389
006740,2023-12-31,-0.8338967837262423,0.030082075019260184,-0.030599138098949225,G2,-28.741251359494683
006840,2023-12-31,-0.5055162496500005,0.015621923252356814,0.03727118732443979,G4,-34.32457942632603
006880,2023-12-31,0.29784742852494395,0.04405691277492723,0.04286742890112397,G4,6.063696157563885
006890,2023-12-31,-0.16559165428068515,0.02042673028922324,0.11840275268582443,G5,-9.609533553284114
006920,2023-12-31,-0.1509473059819499,0.029178437260725762,0.1843612181573016,G5,-6.225384868158708
006980,2023-12-31,-0.2542585575077685,0.016206680153692966,0.031471594107157094,G3,-17.58276529325634
007070,2023-12-31,-0.2097403549648147,0.01846769156230531,0.014733970705535985,G3,-13.019496777446243
007160,2023-12-31,-0.004383875207640442,0.04101327014907101,0.01309034926486861,G3,-0.8554199871800665
007210,2023-12-31,-0.2652362212996062,0.019521921870810234,0.07135842074523667,G4,-15.159158973973204
007310,2023-12-31,-0.011357176263656635,0.015018829978597594,0.06291612258238219,G4,-2.80027619602058
007340,2023-12-31,0.4113788247403301,0.020660541767911666,0.0854212608386108,G5,18.42541851995772
007390,2023-12-31,1.1821184534964018,0.05402314072982118,-0.169165894737682,G1,21.313436096530378
007460,2023-12-31,0.15546302453271688,0.0532467802954606,-0.16022028585558065,G1,2.343114983158197
007530,2023-12-31,-0.16468091591198503,0.020719823287675316,0.008522231413258448,G3,-9.429646624722563
007540,2023-12-31,-0.2063717833903828,0.014929696380830377,0.024018721802140694,G3,-15.879189580323374
007570,2023-12-31,-0.2984746095986063,0.016624224703266417,-0.004583284548350867,G2,-19.80088162255283
007590,2023-12-31,-0.037760332421384574,0.005498641681337686,0.06684131580526273,G4,-12.450352688233433
007610,2023-12-31,,,-0.19929303145049931,G1,
007660,2023-12-31,0.6801833401411033,0.05668620007856284,0.0872484587424017,G5,11.457526583603716
007680,2023-12-31,-0.17430255841778486,0.019584700531696482,-0.1494265100611042,G1,-10.467469436333397
007690,2023-12-31,-0.2621324740069483,0.019792723475342465,0.006179596665484977,G3,-14.794940685613353
007700,2023-12-31,-0.1810509570172553,0.027661800608626445,0.13662088417434273,G5,-7.654984425298419
007720,2023-12-31,0.9952375055117442,0.044215256698995065,-0.0019478672022579455,G2,21.814592557056805
007770,2023-12-31,-0.31979657104452414,0.01751770031074881,-0.06961028342614908,G1,-20.008120965909615
007810,2023-12-31,-0.5366788829793043,0.031801011813803376,-0.021391906291102925,G2,-17.841525990393848
007820,2023-12-31,-0.2162636337271817,0.024932292665858086,-0.22533403323562706,G1,-9.905359802023346
007860,2023-12-31,-0.09237088878273261,0.03329509652706141,0.0931159852357898,G5,-3.6963576453425944
007980,2023-12-31,-0.3217532581765485,0.02165478921565891,0.01723152199275312,G3,-16.27598174630002
008060,2023-12-31,0.07180137061806618,0.007888187610166122,0.027778533186561077,G3,5.210534641392754
008110,2023-12-31,0.9003542797226038,0.03184064242586458,-0.002994710614963958,G2,27.31272102722027
008120,2023-12-31,,,0.028754310707189572,G3,
008250,2023-12-31,-0.08926970498662642,0.026472130483431874,-0.0032798600595056286,G2,-4.531913322171112
008350,2023-12-31,-0.4043960109107329,0.025339699815745735,-0.011542015103008186,G2,-17.1705154319887
008370,2023-12-31,-0.03553370579297306,0.018908563213956408,0.07321852242020985,G4,-3.502825722981251
008470,2023-12-31,-0.19689974126310025,0.012826111055467427,0.019071312695684444,G3,-17.745007516021094
008490,2023-12-31,-0.6599059275354318,0.017222648558538882,0.014118762131214897,G3,-40.09868871245847
008500,2023-12-31,-0.12306534082476153,0.036109216074720424,-0.07265798017765426,G1,-4.258332175477519
008600,2023-12-31,0.3895613596427614,0.04062796640869879,-0.05640650252251992,G2,8.8328729086582
008700,2023-12-31,-0.48472936579808534,0.022894064410984506,0.041736228834206954,G4,-22.5136547343806
008730,2023-12-31,0.17190129906321797,0.039896808794605956,-0.04418981481824235,G2,3.539170362538317
008770,2023-12-31,-0.49983827511057544,0.016264356508269826,0.03571184905651032,G3,-32.61967177479828
008870,2023-12-31,-0.11394161845019757,0.0179900650628842,-0.032064541872524624,G2,-8.040066212217406
008930,2023-12-31,-0.08402650604606486,0.04549868381698336,0.10646292282101158,G5,-2.521527926500839
008970,2023-12-31,-0.014477439769619127,0.04285152051183107,-0.006753927433202687,G2,-1.0542714715254142
009070,2023-12-31,0.16914279092019488,0.039954815466162384,0.049094701019909225,G4,3.4649914781849374
009140,2023-12-31,0.05838905209580875,0.034507089751477635,0.08587435702286741,G5,0.8024251386523423
009150,2023-12-31,-0.06647011590137458,0.02267223881806002,0.046595994576736514,G4,-4.285849866818734
009160,2023-12-31,0.08758794686233523,0.023220920696412444,-0.006064233830764639,G2,2.4498706054163386
009180,2023-12-31,-0.06725586587347704,0.022984786399410418,0.10500343323377354,G5,-4.261756450061254
009200,2023-12-31,-0.0861017388689508,0.014388086868796553,-0.0015760486947850236,G2,-8.117926709196382
009240,2023-12-31,-0.04889327801569607,0.02499049698542562,-0.0469804002950767,G2,-3.184929610627789
009270,2023-12-31,0.052715025430571494,0.022042535126519776,0.01866557870282152,G3,0.9987657720274636
009290,2023-12-31,-0.2593080461256704,0.01904205832811877,0.04546972052042691,G4,-15.229852621284968
009300,2023-12-31,0.15004860531516934,0.035074401216128044,0.12310684547144395,G5,3.402735481134868
009310,2023-12-31,0.19214004225097686,0.053963833276655125,-0.0422040800899476,G2,2.9916397081325545
009410,2023-12-31,-0.604562209389501,0.0339422447279982,-0.3133770148303622,G1,-18.715966203701846
009420,2023-12-31,0.10396606873483952,0.038091516125028785,0.013357965820273666,G3,1.9234302115165194
009440,2023-12-31,-0.9292937175821369,0.05096510718270576,-0.061042554079406515,G2,-18.836287539985523
009450,2023-12-31,0.682695736209755,0.03322768625643494,0.10116521939254987,G5,19.622071647134252
009470,2023-12-31,1.1448967919897555,0.05293170988835739,0.058091987148827934,G4,21.04970911618592
009540,2023-12-31,0.7584366613450928,0.02847754832160353,-0.00024953607771209047,G2,25.5547618534117
009580,2023-12-31,-0.14697740202874068,0.01318599423158809,-0.019440011072380123,G2,-13.47468341982068
009620,2023-12-31,-0.5038255682381093,0.05146351297776678,-0.04720997040570907,G2,-10.386490022290644
009680,2023-12-31,0.029509263138154503,0.008894313714426064,0.06782197368640933,G4,-0.1338419936104984
009780,2023-12-31,0.17653074749724476,0.02976057605224364,0.10487581720159175,G5,4.900142101542423
009810,2023-12-31,-0.010785342880398174,0.0531007719891134,-0.15909599226934762,G1,-0.7812511408759524
009830,2023-12-31,-0.5146440481064409,0.03698142714064414,-0.00416581873778948,G2,-14.746422355468692
009900,2023-12-31,-0.46768929220236977,0.025485573355664717,0.19176671276337157,G5,-19.555729865856936
009970,2023-12-31,0.1028370356184519,0.02045844571222795,0.14685383093878296,G5,3.526042047165154
010040,2023-12-31,-0.28325039312914047,0.015743702307569316,-0.05052136447701583,G2,-19.941312584123803
010060,2023-12-31,-0.20717150691946207,0.026000704017927975,0.08947297989010529,G5,-9.148644689502865
010100,2023-12-31,-0.24315642623994604,0.03959494608290282,0.08586096614137914,G5,-6.916441342893712
010120,2023-12-31,1.4114796734592145,0.04500344998610339,0.07074845961445608,G4,30.681647253001604
010130,2023-12-31,0.8360777555378802,0.05060826024795141,0.060440723173692784,G4,15.913964553898905
010140,2023-12-31,0.6124728467528473,0.02700805980593295,-0.018963961278013784,G2,21.54072358828074
010170,2023-12-31,-0.23614418028922488,0.032217324416906126,-0.12269958070206591,G1,-8.28262063769294
010240,2023-12-31,-0.10207340514918233,0.015522961210860657,0.1381532554373594,G5,-8.55333587213875
010280,2023-12-31,-0.3116952897017045,0.016479784406239817,0.04399014680511812,G4,-20.77666655575618
010400,2023-12-31,-0.4031163427631801,0.02671902927415809,0.02770693214589878,G3,-16.236220041131716
010420,2023-12-31,0.02680788573860679,0.021498433005808903,-0.04814147856543035,G2,-0.181027616191009
010470,2023-12-31,-0.24126260713903236,0.03244319603688631,0.056184819204776415,G4,-8.382722301690475
010580,2023-12-31,-0.3229258331472648,0.024690972910566315,0.05877790773582996,G4,-14.3220573059486
010620,2023-12-31,0.4935193926576995,0.02930018686609335,-0.03195850175358408,G2,15.795793349556806
010640,2023-12-31,0.2753111468921538,0.03120360297143501,0.07681024679256668,G5,7.83920534108161
010690,2023-12-31,-0.507934605136687,0.030423593395552728,0.07071044626589845,G4,-17.70449315276854
010770,2023-12-31,0.3175053794144644,0.02890952813119332,0.009223986925876499,G3,9.920801276846548
010780,2023-12-31,-0.3296326013934464,0.023822292404951702,0.05191561648812803,G4,-15.125844779574539
010950,2023-12-31,-0.09071345217526468,0.01780269836118001,0.05245173101766244,G4,-6.819929514590032
010960,2023-12-31,-0.08433785975495292,0.011153749246456,0.052350760365029426,G4,-10.313801487781834
011040,2023-12-31,-0.08893789224540727,0.013725578344091993,-0.06315813877987363,G2,-8.716396866030369
011070,2023-12-31,-0.3724819682624332,0.028122073747935836,0.05705413615086914,G4,-14.336839725751636
011090,2023-12-31,0.04731262366634437,0.030181229523379993,-0.1360243147481352,G1,0.550439067963902
011150,2023-12-31,0.1912042639129039,0.037881136319839914,0.02936339422933665,G3,4.2370579050278
011160,2023-12-31,,,-0.04567950824499827,G2,
011170,2023-12-31,-0.8567838804784199,0.031940965140497955,-0.013510188878326454,G2,-27.785120843786583
011200,2023-12-31,0.0652618051630225,0.02669425145105433,0.0410005101238605,G4,1.294739783541184
011210,2023-12-31,-0.4658840693832735,0.0189740325743267,0.01563836590166432,G3,-26.17175675521288
011230,2023-12-31,-0.12651277751486534,0.03473979004880701,-0.0879766456039651,G1,-4.525429575466148
011280,2023-12-31,-0.04847296840371923,0.028827594553111357,0.01943498778730543,G3,-2.7464193752046726
011300,2023-12-31,-0.423051515543151,0.046063186328096965,-0.20495630542053514,G1,-9.85062579320243
011320,2023-12-31,-0.32403129254998253,0.0225769482181462,0.028478537782100216,G3,-15.712087609890444
011370,2023-12-31,-0.1904456630569587,0.013714583308870347,0.007762277461161021,G3,-16.124832515430224
011390,2023-12-31,0.36668240978546696,0.037445916335032116,0.025326006537332038,G3,8.972479427714031
011560,2023-12-31,0.2546517816662387,0.023992028390788664,0.09339116592004235,G5,9.334437347312027
011690,2023-12-31,-0.20565772721118072,0.03707710763738736,-0.0014634215320694383,G2,-6.374753536339388
011700,2023-12-31,-0.2515506837280982,0.032465806371457906,-0.012360152094126914,G2,-8.693773883704525
011760,2023-12-31,0.10535417024365919,0.02259892283396639,0.05311935304378622,G4,3.3034527784643943
011780,2023-12-31,-0.10445698763117206,0.03116144131818247,0.06078963751461128,G4,-4.337305263534123
011790,2023-12-31,0.794421504228833,0.043869325989769864,-0.05716853897061774,G2,17.409016235841854
011810,2023-12-31,-0.962647070988331,0.02877174036905289,-0.050698140595838805,G2,-34.52508447748517
011930,2023-12-31,-0.4381919511399389,0.027864210133396912,0.02450713078529113,G3,-16.82773869105426
012030,2023-12-31,-0.276846543603738,0.024242991522561978,0.029206408638037383,G3,-12.68598552018663
012160,2023-12-31,-0.2683344709356219,0.0171430854962256,-0.017466291645782946,G2,-17.443427370116705
012170,2023-12-31,-0.7180311518375848,0.06577703714376958,-0.5229227974732946,G1,-11.382860648140266
012200,2023-12-31,-0.06719894713922733,0.02625328077874294,-0.00910708244823043,G2,-3.7290060538256817
012320,2023-12-31,0.1622799425864333,0.04379870423952162,0.040891743253635295,G4,3.004204098125163
012330,2023-12-31,0.16017007904063804,0.020453613657609424,0.07586907724894981,G4,6.329951537682451
012340,2023-12-31,-0.680468892758384,0.0170952861202568,-0.16838308138021882,G1,-41.600274109082385
012450,2023-12-31,1.3137785519364116,0.037099793313785066,0.06215909029683021,G4,34.584528416824654
012510,2023-12-31,1.1012864556203876,0.04328491006214025,0.05141147968451107,G4,24.733486988097056
012600,2023-12-31,,,0.02221948127335407,G3,
012610,2023-12-31,-0.27778127363031635,0.01576020121057633,-0.035513319263860574,G2,-19.573415677002394
012620,2023-12-31,-0.1731183888095404,0.012186487805519763,0.033220894111741686,G3,-16.724924184859336
012630,2023-12-31,0.6508557055830475,0.020708750692352947,0.029679309474710605,G3,29.94656794987445
012750,2023-12-31,0.02585222694593265,0.015372684960222373,0.09922549035891706,G5,-0.31533000800451666
012800,2023-12-31,0.16421283242560225,0.03644291383106311,-0.039515331745126614,G2,3.663624078662673
012860,2023-12-31,-0.35444860423101077,0.020320072610333487,0.012422812519585599,G3,-18.954080894998352
013000,2023-12-31,0.1707648731887825,0.024067603132042373,0.05839789245043424,G4,5.819656265846282
013030,2023-12-31,0.14309847080639582,0.02358882020780822,0.13704025605408632,G5,4.764917193768759
013120,2023-12-31,-0.3271921803699015,0.012705428724150595,0.04176566440271327,G4,-28.16842185790298
013310,2023-12-31,-0.3826171714304807,0.020321060559952392,0.0636559073303048,G4,-20.33933544110945
013360,2023-12-31,1.1885909075626198,0.05913320781115384,0.013430140751315628,G3,19.581065438610032
013570,2023-12-31,-0.3467063264152531,0.018967090162027325,0.050240606315560724,G4,-19.897940011289744
013580,2023-12-31,-0.12450998216435649,0.015200014271466401,0.024768033124152346,G3,-10.211153437744327
013700,2023-12-31,-0.14666158536971496,0.026063061766083615,0.012709705184073154,G3,-6.805082333726778
013720,2023-12-31,-0.723379785275782,0.03538310020591875,-0.2166104124396298,G1,-21.31185443629196
013810,2023-12-31,0.403160998341374,0.048286230569396814,-0.018139085175348103,G2,7.713613138399431
013870,2023-12-31,-0.3012708756114632,0.01201447271650136,0.023155498709956764,G3,-27.63088978287049
013890,2023-12-31,0.522941670020845,0.034877567079340185,0.0005999737077972081,G2,14.113426348907671
013990,2023-12-31,0.52171036108378,0.03947795765211567,0.07720111162420353,G5,12.437590353410181
014100,2023-12-31,0.06744776705638664,0.03715826966881312,0.06412002511882471,G4,0.9889607768722007
014130,2023-12-31,-0.5273318547049644,0.021716641197277994,-0.04172090503489788,G2,-25.696033997762026
014190,2023-12-31,-0.4010213576457146,0.029483832791163928,0.04670308048898176,G4,-14.642636746759345
014200,2023-12-31,,,0.08857978656561528,G5,
014280,2023-12-31,-0.2799450262392492,0.021295509525226162,0.040962828753126734,G4,-14.587334559370708
014440,2023-12-31,0.10542383623352224,0.013137164691368898,0.03906683461094598,G4,5.687996015238009
014470,2023-12-31,-0.4257256134795517,0.03191082370281783,-0.08143090632522061,G1,-14.303150352610244
014530,2023-12-31,-0.18151466099280453,0.020454032327151702,0.04544733453257321,G4,-10.375184384968
014580,2023-12-31,-0.33111497352918134,0.01990634658017412,0.11443188612031205,G5,-18.175844969313655
014620,2023-12-31,1.0162483885666078,0.03407470499956498,0.0919528695113214,G5,28.92317608506661
014680,2023-12-31,-0.8009945085473548,0.026794089323789447,0.10036600818383185,G5,-31.04021167931301
014710,2023-12-31,0.6894764335532952,0.046672988027369924,-0.09781677972082899,G1,14.114732430447472
014790,2023-12-31,0.14199527358215816,0.022761770045196143,0.019742911505554864,G3,4.889583610750718
014820,2023-12-31,0.2361656793186679,0.0330024582779728,0.045289255934898555,G4,6.225778145693887
014830,2023-12-31,0.06830004762691028,0.028648807347520407,0.018095383097603907,G3,1.3124578399831417
014910,2023-12-31,-0.16033171438306187,0.024854103499242598,-0.020918713081525025,G2,-7.686111478789563
014940,2023-12-31,0.8179130633060738,0.032651995583065745,0.04558717296119257,G4,24.10919618943152
014970,2023-12-31,-0.1423672734014486,0.019596456909139002,0.02456974781025079,G3,-8.831543886804742
014990,2023-12-31,0.46258151125908875,0.05099146789709595,-0.0129328627014767,G2,8.469687837054689
015230,2023-12-31,-0.10162656378489501,0.02139623677641626,0.14591837201581911,G5,-6.184557639044288
015260,2023-12-31,-0.7689891002880165,0.03227461267538723,-0.10404944228438948,G1,-24.777641923968098
015360,2023-12-31,0.46458476438287166,0.01669552072422988,0.03894393185171323,G4,25.988112364515374
015590,2023-12-31,-0.10355962085031428,0.04812053643051641,0.06702431434419925,G4,-2.7900627596217333
015760,2023-12-31,0.16969912868347747,0.021739248842744214,-0.031512329653678485,G2,6.393939085543889
015860,2023-12-31,0.016714921705284706,0.015057558973273209,0.034305676084269265,G3,-0.9287543975108052
016100,2023-12-31,0.36767295638770825,0.04096314241981775,-0.07560966978830107,G1,8.22625513239902
016250,2023-12-31,-0.3359059197645219,0.019084368756930783,-0.03629889942326918,G2,-19.209732333896238
016380,2023-12-31,-0.3599452775017947,0.0189614555402728,0.09755028515355167,G5,-20.602056234004962
016450,2023-12-31,-0.10959017822805267,0.03382512960460069,0.06159107655806387,G4,-4.147504405318281
016580,2023-12-31,-0.22500906781585825,0.012101868534071913,0.08422499786111794,G5,-21.12969273409471
016590,2023-12-31,0.057591596284049515,0.015043853682271142,0.07668039176874346,G5,1.7875672706289718
016670,2023-12-31,-0.903321523883133,0.04642204739076643,-0.015179179329287104,G2,-20.120207362642194
016710,2023-12-31,-0.3291279123176158,0.014218080035527105,0.17352906551893107,G5,-25.3077495158274
016740,2023-12-31,-0.14318161892073522,0.02169173094899349,0.0762259700000454,G4,-8.016018414901735
016790,2023-12-31,-1.4540823354575003,0.03517761570850812,-1.9971222033067622,G1,-42.20814860160857
016800,2023-12-31,0.38928115690575804,0.025654088982665014,0.14023676991236264,G5,13.977555832544601
016880,2023-12-31,-0.2474321302619326,0.026777316135592498,-0.03304315529351186,G2,-10.386844770814402
016920,2023-12-31,0.40649581514825084,0.04254514680925761,0.012402236080276977,G3,8.832878659828458
017040,2023-12-31,-0.3230153281627986,0.03013970495848314,0.07126826943959316,G4,-11.735848923123989
017180,2023-12-31,-0.16897513711046727,0.03077316908258457,-0.020214153922489108,G2,-6.48860156040801
017250,2023-12-31,-0.12175381378444008,0.014252361132321374,0.0979375562213638,G5,-10.696719525033497
017370,2023-12-31,-0.35506702797988354,0.028611719023081555,0.028621093772114414,G3,-13.482822317882038
017390,2023-12-31,-0.21794359135233565,0.009565625161126898,0.014917128967467023,G3,-25.993417364948705
017550,2023-12-31,0.016323169334212094,0.01853971818151149,0.07291667365095048,G4,-0.7754447150990249
017650,2023-12-31,-0.20607886884257282,0.0088038872449853,0.07798847760347753,G5,-26.894774782006955
017670,2023-12-31,0.11655368773171369,0.011086371608557105,0.04940960138186813,G4,7.744101942961764
017800,2023-12-31,0.24231491634690955,0.022298140000299345,0.11359799406362962,G5,9.490263337057629
017810,2023-12-31,0.08439067151975954,0.02738153392883792,0.006635654210414505,G3,1.9608461615703106
017860,2023-12-31,-0.6923015834388038,0.05874720476760631,0.07152892079421717,G4,-12.306990300497889
017890,2023-12-31,-0.28528889149208153,0.014297412770033723,0.027819462638890517,G3,-22.101102653471667
017900,2023-12-31,-0.06527262516071448,0.026434963415246298,-0.0027493310732445487,G2,-3.6305070474526615
017940,2023-12-31,0.10165062140278763,0.016699623802575454,0.06153789564011516,G4,4.24865412682859
017960,2023-12-31,0.2425280709200609,0.02257471350368923,-0.008913639988967935,G2,9.38343581051218
018000,2023-12-31,-0.1264030752750905,0.047727379767241514,-0.09607322146252867,G1,-3.2916697262398453
018120,2023-12-31,0.08580678395356489,0.008900566122380354,0.09355230038595118,G5,6.191413824510373
018250,2023-12-31,-0.3291722880266809,0.027224152133875867,0.12319828191442761,G5,-13.218850015033945
018260,2023-12-31,-0.28605337803897524,0.020756924579019106,0.07998591078891368,G5,-15.260115854380306
018290,2023-12-31,0.9968342898660636,0.05016609051579342,0.16179350116192326,G5,19.258718072607476
018310,2023-12-31,0.319066720412594,0.03360647000303667,0.18529071047911488,G5,8.580699626263835
018500,2023-12-31,0.2144328589989537,0.04609878104965131,0.047702930995376494,G4,3.9856403791582027
018620,2023-12-31,-0.25479753896881685,0.014283438750442697,-0.014509546091758465,G2,-19.98799027142247
018670,2023-12-31,0.4309081772340951,0.019232817389806676,0.07201337949387818,G4,20.808624826267714
018700,2023-12-31,-0.5533560332874619,0.01995884291510682,-0.23251137678219616,G1,-29.26300545523515
018880,2023-12-31,-0.43321421339884203,0.027501362773377412,0.01564192065138791,G3,-16.868760760663925
019010,2023-12-31,0.007751926395804992,0.013742345914898611,0.024727848410289723,G3,-1.669858229722403
019170,2023-12-31,-0.08005243131067907,0.039721583627057355,-0.15265436639850843,G1,-2.7882102629142906
019180,2023-12-31,-0.04371696229915363,0.015657158717292185,0.09285255689900922,G5,-4.75288393381721
019210,2023-12-31,-0.09723458955048778,0.014754351748854248,0.03211644083319931,G3,-8.670952648117057
019440,2023-12-31,-0.07148351715390977,0.007431259350898182,-0.0046439288965578005,G2,-13.750457109137209
019540,2023-12-31,0.14939530841536516,0.024477301465786968,0.08377894394762025,G5,4.84921153435892
019680,2023-12-31,-0.06479092534778709,0.020281092423412642,-0.15823185037906184,G1,-4.708356885896467
019770,2023-12-31,-0.16258362669755982,0.02032633535812615,0.052004651648297845,G4,-9.50900981950879
019990,2023-12-31,0.12201799754704606,0.041363994135456376,-0.025054711416266605,G2,2.207676111511663
020000,2023-12-31,-0.23183392994282562,0.01474210530245436,0.05835970108777211,G4,-17.80842154998091
020120,2023-12-31,-0.4671286000653506,0.02837856177978972,-0.09408728491280975,G1,-17.54240753093337
020150,2023-12-31,-0.485017639608909,0.03482574978480582,-0.015624638719116214,G2,-14.808506309644553
020560,2023-12-31,-0.00792052472282579,0.01902120851419443,0.010931831896355023,G3,-2.030376803424253
020710,2023-12-31,-0.06119789315800393,0.025793623204585468,0.07124803973350206,G4,-3.5628026449249397
020760,2023-12-31,-0.33000800642589984,0.028749368138148917,-0.14060817110140975,G1,-12.546630608021953
021240,2023-12-31,0.3729246505697805,0.023517433509122398,0.13617145457489088,G5,14.551968632952281
021650,2023-12-31,-0.218812160105811,0.014716882499916185,0.05446042557673605,G4,-16.954124348327337
021820,2023-12-31,0.24146731991741277,0.02186085381669582,-0.03709583121791261,G2,9.641326265992063
022100,2023-12-31,-1.2337646908178688,0.03196582011905012,0.12701373794154389,G5,-39.55676350320817
023150,2023-12-31,-0.22762929072123947,0.019506351958881892,0.017496782483165836,G3,-13.243326434551701
023160,2023-12-31,0.5575358535692095,0.03381842334346216,0.11279842839363335,G5,15.578377276821453
023410,2023-12-31,-0.02054545307450121,0.013529363789848196,0.03776198177856514,G4,-3.7876983491598963
023440,2023-12-31,0.29062477106175455,0.041659559234303985,-0.2260790497587132,G1,6.239266089743753
023460,2023-12-31,-2.20348920841225,0.06764181806066921,-0.04125038138878304,G2,-33.029699205096094
023530,2023-12-31,-0.28209088789438963,0.018787638098821575,0.006003020189126169,G3,-16.64874435342138
023590,2023-12-31,0.039377790985609465,0.018260244863422453,0.012496226062588734,G3,0.4752452791858387
023600,2023-12-31,-0.139444607244593,0.01109624836348311,0.0993806647794694,G5,-15.333498087697386
023800,2023-12-31,-0.2931209134310111,0.021035902339171308,0.028218531768980242,G3,-15.39371138101881
023900,2023-12-31,-0.26828004940344485,0.015312438450769383,0.06513987064959187,G4,-19.525286333863626
023960,2023-12-31,-0.1406745350280356,0.03448047430404999,-0.01814267740591176,G2,-4.97018194513052
024070,2023-12-31,-0.2522568021883951,0.019811402459119668,-0.003972889623246092,G2,-14.282507186947477
024120,2023-12-31,-0.40857005096607435,0.01920468829715819,0.005295273723459148,G3,-22.87304745521778
024720,2023-12-31,-0.06142429437527899,0.02590848856997407,0.006261642421061742,G3,-3.5557454439675054
024740,2023-12-31,0.05638294881335251,0.039533960783785085,0.036192071584932976,G3,0.649650388847354
024800,2023-12-31,-0.13186144112020792,0.012313776130178688,0.12705896269560027,G5,-13.201566702133919
024810,2023-12-31,,,-0.03124268928815286,G2,
024840,2023-12-31,0.787103741994566,0.056315035959199955,0.009094528813891589,G3,13.43165343488527
024880,2023-12-31,-0.07271057967680414,0.0235092375260667,0.046707693916515275,G4,-4.398708183522959
024890,2023-12-31,-0.5538273052212573,0.03280035220469557,-0.06635000528618161,G1,-17.82075379529215
024900,2023-12-31,-0.6435694267070248,0.02845603489382356,0.019386927934607622,G3,-23.695118629154713
024910,2023-12-31,-0.03596429677968249,0.03518126764591007,0.0260785199275678,G3,-1.8948718183815323
024940,2023-12-31,0.31357794065522315,0.053465225077325734,0.04540802804327639,G4,5.290882894977273
024950,2023-12-31,-0.3621985215658786,0.02515036419896142,0.011812592092104612,G3,-15.621969299338963
025000,2023-12-31,-0.012690665099755138,0.009486195832939352,0.10233025617257434,G5,-4.574052832282809
025320,2023-12-31,0.10290063629178059,0.048641391466728294,0.10048883408009837,G5,1.4843518718759725
025440,2023-12-31,-0.5936223409102206,0.0339465152310821,0.010391470452417397,G3,-18.391343926697648
025530,2023-12-31,-0.11583234209042663,0.018839968305028737,0.07590089528906188,G4,-7.777722103110173
025540,2023-12-31,0.1210953624866237,0.024286104764342037,0.07018609318948882,G4,3.7221146637667575
025550,2023-12-31,0.18547883459819642,0.02693928787170831,-0.010290990080704925,G2,5.745479966575333
025560,2023-12-31,-0.6188778379457747,0.046245209939329346,-0.2726937337405004,G1,-14.046374416192895
025750,2023-12-31,0.24340826561406642,0.027272849179459855,-0.05258579361600612,G2,7.799279363770114
025770,2023-12-31,-0.14066084711125482,0.015034000469357718,0.08753842808750355,G5,-11.39819991877825
025860,2023-12-31,-0.1283595698247207,0.010729896799616622,0.011786497359326738,G3,-14.823932476954889
025870,2023-12-31,-0.10784488605415281,0.03143276024563524,0.009580102914847394,G3,-4.407649242031858
025880,2023-12-31,0.23679246159170564,0.025336894637624254,0.0725060300389722,G4,8.134097280736835
025900,2023-12-31,-0.8673500703154657,0.03858238307702979,-0.04943407665897861,G2,-23.27616115209883
025980,2023-12-31,-0.02023822233199056,0.02509071003513684,0.1434701124107894,G5,-2.0301505249611496
026150,2023-12-31,-0.06040738402832649,0.027611729284596723,-0.013702290027427184,G2,-3.2995789183200963
026910,2023-12-31,-0.6013818748037667,0.02855699376868234,-0.07411869169168121,G1,-22.134037488023107
026960,2023-12-31,0.37163381779628035,0.03206869352741284,0.09641567580901664,G5,10.631369241386583
027040,2023-12-31,-0.4431624710640166,0.0336940918094053,-0.13333045281899517,G1,-14.063657497046238
027050,2023-12-31,-0.0804441215785992,0.02963750791260582,0.018381748303549845,G3,-3.750106713554567
027410,2023-12-31,-0.09854161883794132,0.013997418723322632,0.03681369404621181,G3,-9.233224868817327
027580,2023-12-31,-0.21126346833298384,0.031672223453575524,-0.0029768646327416113,G2,-7.639601447784012
027710,2023-12-31,-0.25411823163559144,0.017554637165971762,0.014968681576076776,G3,-16.224654759893205
027740,2023-12-31,-0.28518082353769925,0.013733634560038963,-0.011050795724428738,G2,-23.000504198234147
027970,2023-12-31,-0.22908765838320183,0.02539215152196188,-0.11880338196236272,G1,-10.231009923519087
028050,2023-12-31,-0.3958055647139589,0.02470365367761579,0.1195469453918564,G5,-17.264865598318753
028080,2023-12-31,-0.05378029134950335,0.0492523019834031,-0.09311339887251074,G1,-1.715249516570041
028100,2023-12-31,0.1338545785194596,0.022400162644865305,0.03155976593479102,G3,4.605095254771057
028260,2023-12-31,-0.002403941107584018,0.02385510045969363,0.05367694105691701,G4,-1.3876963956201946
028300,2023-12-31,0.8830587366135706,0.05651447818333261,-0.2830786100956545,G1,15.08213590915646
028670,2023-12-31,-0.03104385464234806,0.025943904353914894,0.03163874567001097,G3,-2.3798866052526724
029460,2023-12-31,-0.050865749443977315,0.02614956611034647,0.07769588643045901,G5,-3.1191892407421324
029480,2023-12-31,0.48247693063573294,0.05573143120274151,0.055624908049005,G4,8.106327525929728
029530,2023-12-31,0.2096769016212205,0.018025617039393007,0.06625252611994488,G4,9.929047389201433
030000,2023-12-31,-0.08528852226155492,0.011338679234013336,0.09857145976383477,G5,-10.229429344037566
030190,2023-12-31,0.307539293391656,0.019277909169333526,0.14067217158694342,G5,14.360457617185482
030200,2023-12-31,0.37360921548525305,0.017626214933942275,0.031001769094634597,G3,19.454518224864714
030210,2023-12-31,-0.2279313837909561,0.021537309673669295,0.0006237060176329453,G2,-12.008513761801883
030350,2023-12-31,-0.6113567404560054,0.05449542448777003,-0.7565285858931504,G1,-11.781841178566971
030520,2023-12-31,0.8280380900814263,0.04919104404816258,-0.03299471255623004,G2,16.209015476135612
030530,2023-12-31,0.0029087066375382276,0.03891606599706545,-0.008329040526710223,G2,-0.714126376033176
030720,2023-12-31,-0.32841805396647433,0.0170940887817058,-0.15892821570767393,G1,-21.008300259227322
031310,2023-12-31,-0.2882363035136393,0.03198120512228227,0.0076271552180559015,G3,-9.972607289551995
031330,2023-12-31,0.009282788668726727,0.020331220654795555,0.059855224390314175,G4,-1.0533999661113371
031430,2023-12-31,-0.54024665875838,0.01801123371959135,0.0461788196512029,G4,-31.699458430481375
031440,2023-12-31,-0.15111850463258178,0.022327517186098614,0.017042552998463117,G3,-8.143234150695202
031510,2023-12-31,-0.4530815617235331,0.01671641989854197,0.10750356797745315,G5,-28.94048250027625
031820,2023-12-31,-0.31908254646498657,0.016301318104269984,0.01711846851377372,G3,-21.457298118172098
031860,2023-12-31,-0.7489935112095341,0.06416753826418697,-0.49183188101100017,G1,-12.150897916901776
031980,2023-12-31,1.0478916147476476,0.05233465838088683,0.12187623510309037,G5,19.436296144843975
032040,2023-12-31,,,0.007696548975554868,G3,
032190,2023-12-31,-0.2726248929115457,0.01750518062657335,0.012055132880521527,G3,-17.3277040208646
032350,2023-12-31,-0.12244442701959363,0.021540910486049236,-0.12096621179498816,G1,-7.109454492941069
032500,2023-12-31,-0.04769203333411298,0.040492162348573085,-0.19219698234166563,G1,-1.9359729045037266
032540,2023-12-31,-0.22583369404844833,0.013174462737676884,0.0404843924988325,G4,-19.472019085248448
032560,2023-12-31,-0.3476114854253417,0.012520914544056376,0.07126813616117555,G4,-30.214340966204812
032620,2023-12-31,-0.16773817677081848,0.03516071781696631,0.012522086912535868,G3,-5.643737810510671
032640,2023-12-31,-0.005699878036204611,0.009988885804290816,0.0383544176904128,G4,-3.6440074065176846
032680,2023-12-31,-0.37427506464379046,0.036853091094018034,-0.10340301940938744,G1,-10.988895325717092
032750,2023-12-31,-0.2808626217251947,0.018119456069222176,0.00630322100069079,G3,-17.19490454638464
032790,2023-12-31,-0.3986072543343672,0.04023843356511168,-0.2872963767875619,G1,-10.669077101552082
032800,2023-12-31,-0.4737878347552524,0.05446552295526791,-0.23604132064798383,G1,-9.262511460453146
032820,2023-12-31,0.708900626427993,0.042101234330847094,0.023741136128762188,G3,16.108813468055317
032850,2023-12-31,-0.06092186076161815,0.03204571200816981,0.08589765800992405,G5,-2.8590894331120005
032940,2023-12-31,0.09610625601593875,0.03720295577060027,0.004649638033613816,G2,1.7581011735130994
032960,2023-12-31,-0.139095827842384,0.0142486195885904,0.03323602614036619,G3,-11.916629720105552
032980,2023-12-31,-0.6862947157640246,0.05026208648995438,-0.2704329250890771,G1,-14.265114356619813
033050,2023-12-31,-0.25724647322339983,0.02180034761848229,0.03738540884698218,G4,-13.208329246858895
033130,2023-12-31,-0.20169809920678103,0.02512224780884919,0.04599183872756704,G4,-9.250676802193254
033160,2023-12-31,-0.1807093722561775,0.03337040549454013,-0.019711319948333923,G2,-6.335226226371672
033170,2023-12-31,-0.1259497806478389,0.046965263842514454,-0.10047122268084585,G1,-3.3354326932051706
033180,2023-12-31,,,-0.07426296604943965,G1,
033200,2023-12-31,-0.2850039092493409,0.02267677980909952,-0.017718730521884267,G2,-13.921888721614206
033230,2023-12-31,-0.14159121009350667,0.050341913854165636,-0.0012593079976100869,G2,-3.4224146982195163
033240,2023-12-31,-0.48429806215915017,0.03034939971662255,-0.04184723177667482,G2,-16.968960268910138
033250,2023-12-31,-0.30840741245706715,0.03800548613601344,0.037663776033762884,G4,-8.92258309921274
033290,2023-12-31,-0.6742876004339131,0.03557808321631537,0.026361363321456808,G3,-19.815212977187905
033310,2023-12-31,-0.5655201200309692,0.014938217592294032,0.01271052390188192,G3,-39.91237991847321
033320,2023-12-31,0.43736396957508694,0.04858561611928141,-0.015873603167440666,G2,8.370054889480139
033340,2023-12-31,-0.8299505687844222,0.03521140075717988,0.03665599661170807,G3,-24.442375085757398
033430,2023-12-31,,,0.08101239259343401,G5,
033500,2023-12-31,0.634119428989837,0.024945240253720746,0.10123974465095141,G5,24.189774363161025
033530,2023-12-31,-0.35447799780884737,0.020052682983816378,0.02927920505813997,G3,-19.208287187165805
033540,2023-12-31,-0.5313729867701829,0.04814689639301835,-0.09651000735016725,G1,-11.674120757432206
033560,2023-12-31,0.08869075552672756,0.019799334093225537,-0.01680877894307125,G2,2.9289399045536118
033630,2023-12-31,,,0.03991025994916015,G4,
033640,2023-12-31,-0.9199035679205605,0.03154551409706094,-0.11548013653631924,G1,-30.134340521862587
033780,2023-12-31,0.28947641866921425,0.0192894432622542,0.09774019898450195,G5,13.415458358930502
033830,2023-12-31,-0.11154421443186202,0.017291875894349662,0.05761654246038447,G4,-8.22605431119434
033920,2023-12-31,0.18607395812440355,0.01836698505176278,0.13042137376093754,G5,8.45943206623348
034020,2023-12-31,0.5219637356569828,0.02975069975873702,0.029969836115272715,G3,16.51268856945863
034120,2023-12-31,-0.19527175389478357,0.03581381007963009,0.04572711632457193,G4,-6.309617692444301
034220,2023-12-31,-0.1694464892541804,0.02348238587727362,-0.09338664869763383,G1,-8.523247429698932
034230,2023-12-31,-0.24514419137675053,0.01957915527430955,0.025288269166416875,G3,-14.088651084767932
034730,2023-12-31,-0.0977089185669712,0.025870412241431686,-0.00327672674756795,G2,-4.963531821066778
034810,2023-12-31,-0.2892652999360985,0.016069640839136343,-0.0033655129731736855,G2,-19.911147919021282
034940,2023-12-31,-0.5880297429303056,0.02240535621984435,-0.1473180459737204,G1,-27.615246670338117
034950,2023-12-31,0.182753779059707,0.006557874593649168,0.18973280722567254,G5,23.186488407306538
035000,2023-12-31,0.03322274154083849,0.00601533063364144,0.0475150856966935,G4,0.41943591749347575
035080,2023-12-31,-0.03305182804003326,0.029474200286199428,-0.003449293757416206,G2,-2.162960258072679
035150,2023-12-31,0.3714344537946137,0.025516008308127402,0.1473792805658658,G5,13.353764188444467
035200,2023-12-31,0.10490501225867738,0.025985609027978075,0.041724466455313525,G4,2.8556312211613677
035250,2023-12-31,0.07816613328056826,0.015336238482651232,0.10278191838439216,G5,3.095050818150298
035420,2023-12-31,0.017869164623173728,0.019962699277323866,0.041451773747376706,G4,-0.6427252655602181
035430,2023-12-31,,,-0.016229435438228836,G2,
035460,2023-12-31,-0.3100510624848336,0.01602763631163757,0.04500248389451435,G4,-21.260200298836764
035510,2023-12-31,0.22060596699785293,0.03310555137848224,0.08094026151909642,G5,5.736387502181783
035600,2023-12-31,-0.29751004006421455,0.016753814827891136,0.07141083629657691,G4,-19.59014942288329
035610,2023-12-31,0.06691946623585039,0.01969451366902181,0.196214347198669,G5,1.8390791987583452
035720,2023-12-31,-0.278046165718728,0.023119941267938083,-0.0654583907429731,G2,-13.354093678619172
035760,2023-12-31,-0.19116514597049855,0.02865677962559842,-0.03368076904839937,G2,-7.742141464835164
035810,2023-12-31,-0.13906325426434507,0.015600372334216267,0.028418542144156397,G3,-10.881980663339348
035890,2023-12-31,0.14862436118574301,0.015232679215517502,0.10408919401220561,G5,7.741557719414382
035900,2023-12-31,-0.19876497826954354,0.027816050948009947,0.27237752484099137,G5,-8.249362014612311
036000,2023-12-31,0.4951174058500464,0.04648225580872586,0.07828061261575817,G5,9.991290266626288
036010,2023-12-31,-0.7614523796420662,0.03176032594281686,-0.029950098210763994,G2,-24.941560010618073
036090,2023-12-31,0.11638903538297751,0.037624723023518214,-0.08267340599390464,G1,2.277474295609429
036120,2023-12-31,-0.377460496549876,0.024082789285076428,0.023687107087210894,G3,-16.948210920912484
036180,2023-12-31,0.015647545045958416,0.029637009803473478,-0.2900295618506298,G1,-0.5078835844555393
036190,2023-12-31,-0.017801569465181993,0.012766280444248693,0.11281921643460513,G5,-3.7991696559135724
036200,2023-12-31,-0.06266253367243935,0.03691043406514676,0.09176530997374044,G5,-2.529426484802262
036220,2023-12-31,6.90009688125845,0.506928165424117,0.47554736347453047,G5,13.551026859384976
036420,2023-12-31,-0.5838330971524672,0.024981479469632462,-0.06433702635725123,G2,-24.599535576625275
036460,2023-12-31,0.5616424439639592,0.043125236693855755,-0.015053338772191883,G2,12.311648325912019
036530,2023-12-31,0.462989267220544,0.02195934197623979,0.07378466435251904,G4,19.68590734052026
036540,2023-12-31,-0.5094909647197102,0.027739283488612414,-0.024406031125259693,G2,-19.47385053254749
036570,2023-12-31,-0.22609876618459746,0.028238176126359493,0.046936149181488813,G4,-9.094017292511122
036580,2023-12-31,-0.3258628634724175,0.03137175791478971,-0.020264600072016754,G2,-11.36571818061277
036630,2023-12-31,-0.46836418733777074,0.030592968304815362,0.08452456354426259,G5,-16.31302586211316
036640,2023-12-31,-0.11102333460479952,0.01730410826824927,0.11975039865092178,G5,-8.1901377537225
036690,2023-12-31,-0.12024479975277472,0.007077411564894748,-0.07750092634314255,G1,-21.32764135393474
036710,2023-12-31,-0.8992999211291044,0.022493979596535093,-0.16979452296727557,G1,-41.34437896839958
036800,2023-12-31,-0.19655153476459258,0.013490219389217377,0.03195648184254025,G3,-16.84562897203311
036810,2023-12-31,-0.13444495093772202,0.03765657374360802,-0.04877949018409931,G2,-4.385546276186235
036830,2023-12-31,0.1132592876705798,0.053082717537942685,0.05771441146840325,G4,1.555300777396655
036890,2023-12-31,-0.04476410562169397,0.022261286047917463,0.09503039773854799,G5,-3.389912032788603
036930,2023-12-31,0.08587331258810782,0.0352918158831785,0.055523274694817125,G4,1.56335443189579
037030,2023-12-31,-0.21076801310014037,0.02209706830864482,0.012915310165237132,G3,-10.927590282334595
037270,2023-12-31,0.13384768037832054,0.042556421128460586,0.11103718921483235,G5,2.4237936796768715
037330,2023-12-31,-0.246871779020791,0.022637067688101597,0.03590589346243369,G3,-12.261812292242139
037340,2023-12-31,,,0.21514372169572918,G5,
037350,2023-12-31,0.08767587032721075,0.028638077390984,0.014513656630108332,G3,1.9895251253025046
037370,2023-12-31,-0.5971454452562571,0.030218510316812882,-0.13838928917819066,G1,-20.776839575855234
037400,2023-12-31,-0.43663319928070277,0.020275337051397536,0.032251938942472684,G3,-23.04932805375884
037440,2023-12-31,-0.2498642979795599,0.033436160774070744,0.03743278964914998,G4,-8.391034954426457
037460,2023-12-31,0.11222020441970151,0.012790575313440081,0.06460749125327937,G4,6.373482552934965
037560,2023-12-31,-0.2590883969073725,0.02606397021903612,-0.026956497994792557,G2,-11.118340386730987
037760,2023-12-31,-0.00596706778624128,0.01731195488309625,0.016789887984908963,G3,-2.1180024931519403
037950,2023-12-31,-0.13976912109364992,0.028572284245249262,0.04349686718410966,G4,-5.966229911753884
038010,2023-12-31,-0.2041111878842995,0.02267191477608111,0.17483457741502342,G5,-10.35690571444436
038060,2023-12-31,-0.12672318859058307,0.0234305067517055,0.03464878376885477,G3,-6.718714455316456
038070,2023-12-31,-0.14856510258225736,0.0340636864647843,-0.016904264101472978,G2,-5.262636461413984
038110,2023-12-31,-0.6272621943517975,0.027246594017378663,0.05802349248578764,G4,-24.148408779079723
038160,2023-12-31,,,-0.2345742450687764,G1,
038390,2023-12-31,0.1343269463186284,0.012267553206844327,0.02776729980790911,G3,8.447263179043892
038460,2023-12-31,0.12543471921744687,0.04226818741708579,0.0814324632629975,G5,2.2412842657563847
038500,2023-12-31,0.009311704051867,0.019801064638998632,0.029638479450409476,G3,-1.0801435253890017
038530,2023-12-31,0.20884078243749196,0.0491052993621048,-0.08268351440450236,G1,3.6277364955334184
038540,2023-12-31,-0.8574044355593935,0.0221895806753893,-0.012123463157990786,G2,-40.023475178234875
038620,2023-12-31,0.15497859966926408,0.027182632641789422,0.016194493281316526,G3,4.571996593910205
038680,2023-12-31,-0.008880094128909305,0.02730914781623093,0.07680087171960011,G5,-1.4493235092043377
038870,2023-12-31,-0.23189463730521367,0.03770856517355414,0.020364484568534586,G3,-6.963784803641041
038880,2023-12-31,-0.35443956304756125,0.041661765787425135,-0.1280186608238641,G1,-9.244429552750718
038950,2023-12-31,-0.30428735852914074,0.022069161153983514,0.01784323664772867,G3,-15.178966341734544
039020,2023-12-31,0.32537072210743406,0.02553347073541262,-0.01443190884189204,G2,11.540578613202845
039030,2023-12-31,0.2021181872777249,0.04550278445043247,0.08212604366077222,G5,3.767208831955452
039200,2023-12-31,0.34165978363738947,0.03896019313695988,-0.24350526463611394,G1,7.981482194576299
039290,2023-12-31,-0.28618256548303334,0.034149825957264214,0.07458452977324602,G4,-9.27917646482523
039310,2023-12-31,-0.24360583347800474,0.020045899661754213,0.024833593470136563,G3,-13.683872209479611
039420,2023-12-31,-0.02268739172972501,0.01287069236508133,0.14730408402446973,G5,-4.147957703662987
039440,2023-12-31,-0.10949850597909772,0.04233614247292042,0.08936528224462227,G5,-3.311548799852598
039560,2023-12-31,0.1361251361329963,0.04022229985758216,-0.2541310110811681,G1,2.621069423896516
039570,2023-12-31,0.14028703114864308,0.0202848386727734,0.04466640618246746,G4,5.402425777151596
039610,2023-12-31,0.8836572943486467,0.05630708679498515,0.07343861141317254,G4,15.14831697183671
039740,2023-12-31,-0.2436594858038691,0.029221136824275237,0.032182212217182746,G3,-9.3890659788923
039830,2023-12-31,-0.08058266527893182,0.014658206561241982,0.01772095734422547,G3,-7.591812861381414
039840,2023-12-31,-0.18186026217537618,0.022878802259968307,0.028303046899207998,G3,-9.290694310723987
039860,2023-12-31,0.248377478203101,0.04890697133799271,-0.020562859094827322,G2,4.450853864600495
039980,2023-12-31,1.6028102091059488,0.06449060586989586,0.00636803830591119,G3,24.377356858145408
040160,2023-12-31,-0.3148064389589197,0.02100467606929355,0.0009228914972654354,G2,-16.449010384002108
040350,2023-12-31,0.24781649963555547,0.04022881685765285,-0.2517741438523662,G1,5.397046713710701
040420,2023-12-31,-0.1853167638027799,0.006737545902272909,0.15604000764979956,G5,-32.061593754396135
040610,2023-12-31,0.008976385036455897,0.015117933578561957,0.0512116526882071,G4,-1.4369232850605596
040910,2023-12-31,-0.23512668934192282,0.036535860218129955,-0.19983054853635476,G1,-7.275766427076048
041440,2023-12-31,0.5318746760794153,0.041563464179226454,0.02760474546907834,G3,12.058065663169954
041460,2023-12-31,-0.331568245211051,0.021066132029781623,0.04358341952335582,G4,-17.19669944707438
041510,2023-12-31,0.01063735222905672,0.028872664147319413,0.07716718910949852,G5,-0.6948559885595589
041520,2023-12-31,-0.2998873132249313,0.021178143601346008,-0.05096472557234785,G2,-15.60981997597801
041590,2023-12-31,-0.03415591821241931,0.03904827421361841,-0.5893619346637056,G1,-1.6609085890738513
041650,2023-12-31,-0.15953964201781018,0.02000267966193704,0.031539544421542755,G3,-9.510692619714638
041830,2023-12-31,0.00016940812748192716,0.019711777994875713,0.16249547928424352,G5,-1.5488347980555195
041920,2023-12-31,-0.3446434477180669,0.02625231665844436,0.09909549878704262,G5,-14.297524611597428
041930,2023-12-31,-0.27519473133018946,0.022600928892875315,0.06673631442131706,G4,-13.534595352145447
041960,2023-12-31,-0.0357035660817242,0.016391065093094164,-0.04839426124613631,G2,-4.051186516682892
042000,2023-12-31,0.7416060496070287,0.053199940177819434,-0.05740658976789239,G2,13.362916413314602
042040,2023-12-31,-0.3302731038821477,0.029727417706270156,-0.05022792478158202,G2,-12.142756672184857
042110,2023-12-31,-0.16386164177479642,0.016209498726685045,0.05092497774105454,G4,-12.002921303913515
042370,2023-12-31,0.1057012460134081,0.03199585076254766,0.06932054667097835,G4,2.3441023885418835
042420,2023-12-31,-0.2978575256953936,0.030624876242128438,0.04439546324521078,G4,-10.728442424231304
042500,2023-12-31,0.4721633495968252,0.035066273390972916,0.10575248832614002,G5,12.589408884634441
042510,2023-12-31,-0.018571061001091377,0.031219185638696054,0.06671041489652217,G4,-1.5782204375475752
042520,2023-12-31,-0.40665483233884037,0.02946175451421609,-0.19230630858667142,G1,-14.844822902359583
042600,2023-12-31,-0.9768973783908316,0.030317665968160448,-0.1131217285070349,G1,-33.23465187809967
042660,2023-12-31,1.0053140465248143,0.03781403678412128,-0.008338549759468149,G2,25.773877469664388
042670,2023-12-31,7.500303737100616e-05,0.02772220748722291,0.07748807767001971,G5,-1.1046989239307266
042700,2023-12-31,0.8687759409913477,0.04574039315437012,0.47701147948832834,G5,18.32245390513846
042940,2023-12-31,-0.7766151961550637,0.04311666692006203,0.1798288831704749,G5,-18.723963368256403
043090,2023-12-31,-0.3846072319649518,0.06545582546945282,-0.400077115932235,G1,-6.344842873859399
043100,2023-12-31,-0.2684891571426585,0.0573716437492641,-0.426192703354182,G1,-5.214925587067333
043150,2023-12-31,-0.52269734719262,0.015765504121629477,0.11371075265354527,G5,-35.10176640979577
043200,2023-12-31,-0.22182370714287364,0.019231431759226172,-0.01514706144327628,G2,-13.130764579668773
043220,2023-12-31,-0.17525409370243755,0.04730554051896824,0.0005283358887216486,G2,-4.353692765382231
043260,2023-12-31,-0.012547985820664409,0.03618106621321868,0.08498012235646807,G5,-1.1953125257086659
043370,2023-12-31,0.08790424587298609,0.024849297830394017,0.0703545212357067,G4,2.302059013737072
043590,2023-12-31,-0.12744157232807918,0.05521213866049691,0.1873406082154666,G5,-2.8642481885730016
043610,2023-12-31,-0.4104714629940091,0.02785324357849557,0.050215259778211334,G4,-15.839130461348173
043650,2023-12-31,-0.17691505463674334,0.029273981717086704,-0.016886317792663374,G2,-7.092125439603345
043710,2023-12-31,-0.07032334147720205,0.030448115946182568,-0.09272060746839031,G1,-3.3178748226409818
043910,2023-12-31,-0.4043976947111471,0.023476384236616285,0.03121577192998177,G3,-18.53340728041131
044180,2023-12-31,-0.13342908104861934,0.04996031218615769,-0.007444018605638995,G2,-3.285183172085629
044340,2023-12-31,-0.41700608456302024,0.028709883002982214,0.035354025960692696,G3,-15.594134616780071
044380,2023-12-31,-0.3874867838992135,0.029108848614563643,-0.09677583322168581,G1,-14.366300957279304
044450,2023-12-31,-0.05162737071527375,0.015945224543475384,0.010929641651052644,G3,-5.16311741539266
044480,2023-12-31,-0.660365873859677,0.03817998418390926,-0.10042583401434735,G1,-18.100205760913152
044780,2023-12-31,-0.3641371759934557,0.019114710439504964,0.025985905191693595,G3,-20.656178552144038
044820,2023-12-31,-0.19783573932923,0.01228568259281646,0.01231632132652041,G3,-18.60176945156853
044990,2023-12-31,0.10564350989389915,0.0269297160844634,0.3573039311141236,G5,2.7829411138740556
045060,2023-12-31,-0.1430108090944816,0.015780488295485538,0.07889470740522428,G5,-11.007929644462711
045100,2023-12-31,0.11507906561716456,0.02127328786816202,0.11583994500445714,G5,3.9664470448857014
045300,2023-12-31,-0.1890198530776163,0.01753448132562447,-0.016593366004181292,G2,-12.530712760463231
045390,2023-12-31,-0.030142117801438786,0.019623531997988698,0.033340122610445874,G3,-3.1004517242444027
045510,2023-12-31,-0.4120228651455802,0.025509861755458718,0.023984103174428995,G3,-17.354957279152437
045520,2023-12-31,-0.37291482717101476,0.023175864590234404,0.00746843036534511,G3,-17.415295184222643
045660,2023-12-31,1.1217276540466836,0.05927443733664812,0.05724228402034249,G4,18.40638236737228
045970,2023-12-31,-0.4509793222582586,0.03938996487799352,-0.10687691823338567,G1,-12.22847036212654
046070,2023-12-31,-0.36099207937440075,0.01645941129890741,-0.12412432588297583,G1,-23.797435283599246
046110,2023-12-31,,,0.06995855914123711,G4,
046120,2023-12-31,-0.27043330404105426,0.028810146352131267,-0.02198127978993935,G2,-10.452324544900065
046140,2023-12-31,,,0.0414981515324131,G4,
046310,2023-12-31,-0.25346710456029153,0.01711069157258278,0.13255858631178952,G5,-16.60755786359419
046390,2023-12-31,-0.36840726940490665,0.02573834788897884,-0.004276805375680138,G2,-15.506316370573836
046400,2023-12-31,,,0.41090496621263256,G5,
046440,2023-12-31,-0.15523708482997006,0.016377713331421035,0.10762097392122874,G5,-11.35303670816709
046890,2023-12-31,-0.2754810339710281,0.02224796145323805,-0.05757022471276966,G2,-13.762192569061462
046940,2023-12-31,0.09994812893721693,0.038125977698649664,0.015849266462014747,G3,1.816305765771328
046970,2023-12-31,0.09247400523436075,0.03750632838176522,-0.07949789181057039,G1,1.6470369690173037
047040,2023-12-31,-0.15611098581400257,0.019459164093466024,0.06625967993712847,G4,-9.600139077619481
047050,2023-12-31,-0.22725080358970684,0.0362263603437738,0.05503887834619282,G4,-7.120519338938534
047310,2023-12-31,0.11815438677167212,0.051381533668030284,0.048282032057676186,G4,1.7020646273273106
047400,2023-12-31,-0.17417028590487627,0.02773926648122778,-0.10119423896415877,G1,-7.385558729932895
047730,2023-12-31,,,-0.016268590430479617,G2,
047770,2023-12-31,-0.056007125982641626,0.03224008719459162,0.048358199623539065,G4,-2.689410275995701
047810,2023-12-31,0.13106358944938995,0.022697246706540136,0.03763748512856746,G4,4.421853228699318
047820,2023-12-31,,,-0.05531374184806319,G2,
048260,2023-12-31,,,0.1209195447688929,G5,
048410,2023-12-31,-0.4538510497254572,0.030954058430346827,-0.27463212255898456,G1,-15.653868026168176
048430,2023-12-31,0.08274054479147036,0.025563618866965412,0.1304580770593528,G5,2.0357387287302138
048530,2023-12-31,-0.33626819454417023,0.027043240061311268,-0.10989133903316196,G1,-13.569671737916275
048550,2023-12-31,-0.19547033905816086,0.02829787483804987,-0.026143582529584028,G2,-7.992474211227295
048770,2023-12-31,-0.15707442446018138,0.03379536228096703,-0.0634147100367341,G2,-5.556209716485952
048830,2023-12-31,-0.5097130754244792,0.013384968584317211,0.0342730718304554,G3,-40.37460139242732
048870,2023-12-31,0.19198609944698325,0.03336306769446904,0.09342627845094433,G5,4.834279782258481
048910,2023-12-31,-0.2709095040987221,0.018469199925429124,0.0569316054206922,G4,-16.330387950424704
049070,2023-12-31,-0.055568096340441464,0.036604387755349764,0.04468123664201702,G4,-2.3567609635903235
049080,2023-12-31,-0.6127401042878516,0.03566687867679129,-0.13282819418919373,G1,-18.040260992168996
049120,2023-12-31,0.025326883327259353,0.02620070004290716,-0.10011327194223572,G1,-0.20506369987948528
049180,2023-12-31,0.43842255006762837,0.0633168347845648,-0.5804224460653616,G1,6.439406765000379
049430,2023-12-31,0.27648017414184567,0.026895526941553418,0.08263171611366324,G5,9.138340321736768
049480,2023-12-31,0.04151109415511976,0.02214155586205324,0.043630171232449166,G4,0.4882853944405111
049520,2023-12-31,0.11934055072667532,0.027806336483309716,0.060695532471938464,G4,3.1877933636597544
049550,2023-12-31,-0.11651102365498825,0.014369555883525648,0.023008419111752783,G3,-10.244625558765689
049630,2023-12-31,0.11208040691668007,0.02175329428465052,0.008188523083954199,G3,3.74107526125885
049720,2023-12-31,0.029628544907118574,0.011119807907124855,0.154472641269782,G5,-0.09632818474189517
049770,2023-12-31,-0.03885410000371964,0.021301671385310052,0.06653584482933787,G4,-3.265180208778146
049800,2023-12-31,-0.3788829171882838,0.01805590905454916,0.020654698683045696,G3,-22.684131370421397
049950,2023-12-31,-0.2209192815242012,0.03163604014963345,0.03735601779073819,G4,-7.953554748052344
049960,2023-12-31,0.29664347230181953,0.019803997586392015,0.05848385075346507,G4,13.428792612410126
050110,2023-12-31,-0.5288402026338965,0.02273265665377141,-0.055417934871313766,G2,-24.613924671164988
050120,2023-12-31,-0.21000362251337162,0.03586515678398614,-0.32215312658823386,G1,-6.711341589292497
050540,2023-12-31,,,-0.12152720016262888,G1,
050760,2023-12-31,-0.3250527698155795,0.017055101117165246,-0.06565671312241923,G2,-20.859006533536178
050890,2023-12-31,0.39261063341353647,0.029800573019066915,0.10747961340258716,G5,12.144428812308044
050960,2023-12-31,0.5433929713564727,0.04453812542150149,0.0632355392685783,G4,11.511334854957129
051160,2023-12-31,-0.08266901841021723,0.028531113597463895,0.06700984748258763,G4,-3.9735117187218716
051310,2023-12-31,,,0.13264095053253144,G5,
051360,2023-12-31,0.28944102880974176,0.027411011590377666,0.032086129577141395,G3,9.439320841521937
051370,2023-12-31,0.041988226811473794,0.039033637514837176,0.08749034602819898,G5,0.28920007748938076
051390,2023-12-31,-0.02167352766807131,0.010442458004035449,0.06888374985658555,G4,-5.0154114544030115
051490,2023-12-31,-0.44142199977713714,0.0268981099484352,0.03841677829555936,G4,-17.552225658223
051500,2023-12-31,-0.0899009862829622,0.02040597032767667,0.052955651461376645,G4,-5.910068483089073
051600,2023-12-31,0.35737590606495184,0.01864960631235552,0.13204337853848735,G5,17.516520444243138
051780,2023-12-31,-1.1760825841420006,0.030118619494166228,-0.13431608718193544,G1,-40.06764918934072
051900,2023-12-31,-0.07364453382092746,0.02343949262182742,0.03827873100732133,G4,-4.451641992508408
051910,2023-12-31,-0.6600161651341288,0.02492430346013476,0.032247923217169946,G3,-27.712544186295375
051980,2023-12-31,1.805646204885531,0.06430490605283841,-0.36996793485150137,G1,27.602038755947994
052020,2023-12-31,0.2570231467729842,0.05585299590691452,-0.533082955646804,G1,4.052127326037944
052190,2023-12-31,,,-0.09003556367063283,G1,
052220,2023-12-31,0.32188095071321654,0.042627862605622346,0.034657818969335105,G3,6.8307730460152385
052260,2023-12-31,0.05132983976310723,0.03293603288043569,0.05428582947363435,G4,0.6263700312817956
052270,2023-12-31,,,-0.1631528544451485,G1,
052300,2023-12-31,-0.4040571510241464,0.02320494068975446,-0.004391740441175513,G2,-18.73552932775185
052330,2023-12-31,0.2375542114469631,0.015781064728752753,0.017691367350905218,G3,13.107766756230852
052400,2023-12-31,0.3536658155959472,0.03661497284172532,0.07885940341890396,G5,8.820602467043598
052420,2023-12-31,0.09186660617068433,0.03480675646355073,0.04156710663900382,G4,1.7573286501788008
052460,2023-12-31,-0.29562019374115023,0.036965052013326845,0.07801790559637738,G5,-8.827794681338311
052690,2023-12-31,0.20897077258754776,0.028063326182113844,0.05154697701932791,G4,6.352457139727019
052710,2023-12-31,-0.41529282634075365,0.030027140866435584,-0.02666437793726114,G2,-14.852979980414178
052770,2023-12-31,0.4082987339714853,0.049031102398136135,-0.30346774990880654,G1,7.70121452884871
052790,2023-12-31,-0.14127132046863602,0.02771208335691564,0.15093060556061044,G5,-6.2056329028474355
052860,2023-12-31,-0.27242767569428583,0.041640328845594606,0.0009273493655681398,G2,-7.279658444480466
052900,2023-12-31,-0.15205378404412498,0.02263019535292951,0.03422382165420873,G3,-8.075647470624144
053030,2023-12-31,1.2640102300485052,0.0543864358839764,0.01904517416048768,G3,22.67680376890405
053060,2023-12-31,-0.566819518815618,0.019178656900091948,0.0955000612450083,G5,-31.155425416168935
053080,2023-12-31,-0.06396259326432266,0.041129739280906234,0.038930740382884445,G4,-2.301553346479842
053110,2023-12-31,,,-0.029482515778080903,G2,
053160,2023-12-31,0.2628898727045414,0.05636503304128399,0.010826221029437838,G3,4.1194010605295945
053260,2023-12-31,-0.2658240350840376,0.018885970709527924,0.038914073121780565,G4,-15.700740801844654
053270,2023-12-31,-0.20325300346574887,0.02143143022648856,0.0731712626900911,G4,-10.916336278578429
053280,2023-12-31,0.14328659155157303,0.046088598105090244,-0.009300344208805336,G2,2.4428361973033828
053300,2023-12-31,-0.04216590954417715,0.026621036496234884,0.03581552901438723,G3,-2.7371438137644755
053450,2023-12-31,-0.08904699316626652,0.026892642855881183,0.051738752826825156,G4,-4.4527676073149305
053590,2023-12-31,-2.662958839668578,0.09293921076680575,-1.1358952205803186,G1,-28.983014954202062
053610,2023-12-31,-0.39119567074244743,0.034179555115958216,0.060791489041037226,G4,-12.343500818796722
053620,2023-12-31,-0.17336630651071508,0.01128068480466003,0.04394507051243964,G4,-18.089859424483368
053690,2023-12-31,-0.04675201183126099,0.030035440293449723,0.05398775018753035,G4,-2.5786772856345483
053700,2023-12-31,-0.23615017619637893,0.022414825171496493,0.035150157151922615,G3,-11.905061492659126
053800,2023-12-31,0.18948287928767113,0.02689910234324958,0.11068963199461672,G5,5.902917556281495
053950,2023-12-31,-0.20572611419169184,0.050010574544231585,-0.1263964108724227,G1,-4.727516373563691
053980,2023-12-31,-0.3424928491111584,0.02879858787376521,0.21161061978073414,G5,-12.958709870237003
054040,2023-12-31,0.08895508717575334,0.03347123222698049,0.14118411732001437,G5,1.7404615092510505
054090,2023-12-31,-0.5114712536826203,0.03236441398671144,-0.1197958418457318,G1,-16.75207064533044
054180,2023-12-31,-0.9653816312989616,0.05525291239486307,-0.3186625008074106,G1,-18.027671012126756
054210,2023-12-31,-0.6323406583108077,0.029199603277925788,0.039263721062726686,G4,-22.70716995081714
054220,2023-12-31,-0.13514461300831576,0.023829247765589406,-0.15578520982045063,G1,-6.959695516083118
054340,2023-12-31,,,0.04313212883432335,G4,
054450,2023-12-31,-0.6204700636760063,0.03128941486521707,0.17251327562593072,G5,-20.811183663820145
054540,2023-12-31,0.18441435341224274,0.02439229939695714,0.058101838187564675,G4,6.301769877993858
054620,2023-12-31,-0.24608026587123621,0.02933647237033651,0.05748581365496757,G4,-9.434670883217438
054630,2023-12-31,-0.5261911220338853,0.026318520400565624,-0.1143122285724672,G1,-21.15965523044401
054800,2023-12-31,-0.18367031556969934,0.01227756698451561,0.048076586187701546,G4,-17.460300697813494
054920,2023-12-31,0.21401918155637306,0.042978908339663544,-0.022880393163258704,G2,4.26533601761365
054940,2023-12-31,-0.15654987935835674,0.018286808141243338,0.01630020123274962,G3,-10.239598607344275
054950,2023-12-31,-0.14724950294486355,0.02535509770508932,0.12855179384517681,G5,-7.018280932383698
055490,2023-12-31,-0.6378109124856627,0.035475380515706985,0.03752793556458908,G4,-18.84435342440274
056190,2023-12-31,-0.40575675442525183,0.021598441497816305,0.020878464329614377,G3,-20.207775190023316
056360,2023-12-31,0.1637695765500017,0.0314685689456715,0.014704263146789931,G3,4.228660062751756
056700,2023-12-31,-0.19921028209180885,0.02641942206488485,-0.11204879951920103,G1,-8.702309132450033
057030,2023-12-31,0.025808761313274753,0.03261694844347556,0.0765295259953962,G5,-0.14995070776444985
057050,2023-12-31,0.16439309305087016,0.019219337974957864,0.03436976315454271,G3,6.956191592425169
057540,2023-12-31,-0.13876028209363378,0.022006355186228514,0.004100119257916256,G2,-7.700501808548998
057680,2023-12-31,-0.195194851378493,0.0470299752807846,-0.3118872604121155,G1,-4.803203613170491
057880,2023-12-31,,,-1.8577158958657582,G1,
058110,2023-12-31,-0.3228650731143363,0.04610144642945249,-0.22517933283921326,G1,-7.66927713369851
058400,2023-12-31,-0.3656815439813835,0.018263462105508024,0.04668516478078743,G4,-21.70351040284583
058430,2023-12-31,-0.6112934275538305,0.023650103149167247,0.060140870775725545,G4,-27.145468217288787
058450,2023-12-31,-0.04401263933079813,0.05511471294327934,-0.0890533306736341,G1,-1.3555787766721736
058530,2023-12-31,,,-0.09246904015642136,G1,
058610,2023-12-31,-0.0037031724194154236,0.03262509882527047,0.03636870372713335,G3,-1.054490851388883
058630,2023-12-31,-0.10784897705825398,0.024421187484100618,0.16919235706895877,G5,-5.673297949411608
058650,2023-12-31,-0.08084575269765451,0.01840235610919489,0.029857607282871745,G3,-6.061476468190418
058730,2023-12-31,-0.21564072888096864,0.03089665642923818,0.055659876801008784,G4,-7.973044761741332
058820,2023-12-31,-0.23728318211697916,0.020427696288259658,0.027802902974208097,G3,-13.118604964206686
058850,2023-12-31,-0.12369085776154848,0.028613396891839477,0.0459460747051354,G4,-5.395743614875418
058970,2023-12-31,0.2010954433793909,0.03823649557093402,-0.29569348247579413,G1,4.456364136346977
059090,2023-12-31,0.21096996246777244,0.04192999104105956,0.013177106271612907,G3,4.299315649119838
059210,2023-12-31,0.06222186036410246,0.03149620044926862,0.0599799853837503,G4,1.000824356492942
060150,2023-12-31,-0.25094709053259434,0.01825406572288498,-0.003522874787419361,G2,-15.429263300886795
060230,2023-12-31,-0.3808635548138209,0.05341721480195202,-0.1728897907366793,G1,-7.704693180975651
060240,2023-12-31,-0.949783539051887,0.05481443551077216,-0.40079610486759554,G1,-17.887317925160286
060250,2023-12-31,-0.2588421892490162,0.029119724314176355,0.08735707845090225,G5,-9.943153374070544
060260,2023-12-31,-1.0104715392426202,0.04503333583937085,-0.06179376406576742,G2,-23.120011335022095
060310,2023-12-31,-0.11955941683898463,0.03795242826139321,0.021213582383335754,G3,-3.959143578945249
060380,2023-12-31,-0.30395762383803443,0.029492466993234746,0.044182312839611645,G4,-11.347213501410096
060540,2023-12-31,-0.45908668662857444,0.029813515280176252,0.019592793691788617,G3,-16.428333856079565
060560,2023-12-31,-0.36044099866898827,0.02175875136641552,0.08982499910730152,G5,-17.976247253332822
060570,2023-12-31,-0.3850175728822265,0.03762745905124696,-0.009371692343277263,G2,-11.048241873933826
060590,2023-12-31,-0.23088479759673114,0.026958187748971567,-0.0947458990328716,G1,-9.703341183392451
060720,2023-12-31,-0.2908250530431665,0.026537406009575784,0.1294438427750887,G5,-12.115907212055228
060850,2023-12-31,-0.5089028905596689,0.016145955898495937,0.07218068628668127,G4,-33.42029358741315
060900,2023-12-31,-0.21409044259024368,0.05230041970652261,-0.10377121586129186,G1,-4.68046221772873
060980,2023-12-31,0.05089504404047264,0.01139575483734443,0.026736760001339285,G3,1.7721817037341872
061040,2023-12-31,0.027185919543739785,0.01957520342973612,0.012312806821608568,G3,-0.17950139248172634
061970,2023-12-31,-0.5409717229076866,0.03451852341628877,-0.03420263844089219,G2,-16.561294115362244
063440,2023-12-31,-0.34124589048031406,0.018847955282400783,0.0806396331617413,G5,-19.734001950074
063570,2023-12-31,-0.21181177224854833,0.016991962469804785,0.030766157924444815,G3,-14.27212827811907
063760,2023-12-31,-0.42494228399147743,0.019976892323201115,0.01306872798895915,G3,-22.808451506733427
064090,2023-12-31,0.5770594461604078,0.05055513674547004,-0.14036293917490883,G1,10.807205469419952
064240,2023-12-31,-0.2204972482350013,0.03625922060566598,-0.08974413148742945,G1,-6.927808702353601
064260,2023-12-31,-0.2879961166380918,0.02898798924074132,-0.04555634536960263,G2,-10.994064121138475
064290,2023-12-31,-0.6041827720733871,0.04201559060602574,-0.09113752763518296,G1,-15.110640091771666
064350,2023-12-31,0.9369732831130615,0.032336510147172585,0.03450183121060387,G3,28.026326377548603
064400,2023-12-31,,,0.10955149549595568,G5,
064510,2023-12-31,,,0.16150711072382973,G5,
064550,2023-12-31,-0.4222176143046076,0.037852068203201715,-0.00021236691804376825,G2,-11.965457414128512
064800,2023-12-31,0.30116626252871836,0.05631375079636098,-0.05811120403607159,G2,4.802851219931625
064820,2023-12-31,0.6154206743352901,0.028803180467387255,0.018330030474196797,G3,20.300569903377752
064850,2023-12-31,0.5369716277861857,0.05606402764525127,0.09339313150552299,G5,9.03024547526559
064960,2023-12-31,0.08522027299305036,0.017502298702765824,0.09401796775477865,G5,3.1150523769168785
065060,2023-12-31,-0.6145602674851688,0.02804920812434993,0.01487715911634427,G3,-23.004569699153095
065130,2023-12-31,-0.05256633259729379,0.0290755274723171,0.04482447083251944,G4,-2.863783932864576
065150,2023-12-31,-0.5794847871262321,0.01816343174728504,-0.13340442960718663,G1,-33.594118745480415
065160,2023-12-31,,,-0.1488495471511918,G1,
065170,2023-12-31,-0.7229388643182957,0.044246939493800576,-0.30928354447214373,G1,-17.03255792960275
065350,2023-12-31,1.342548998493057,0.06552010455781283,0.040965423521605336,G4,20.022088052653103
065370,2023-12-31,-0.11385632869655066,0.0441076618352391,-0.07116353638280784,G1,-3.2773449894945568
065440,2023-12-31,-0.18803893445484587,0.022255314165661778,0.05504951212178035,G4,-9.828602222557393
065500,2023-12-31,1.9641550434246589,0.06653282341847162,-0.024923137209218182,G2,29.060172832983664
065510,2023-12-31,-0.8234494276553028,0.02645215155182533,0.05079249860960119,G4,-32.29034590246224
065530,2023-12-31,-0.26103640240485615,0.02096117141602123,0.023218170612512842,G3,-13.917929128682394
065560,2023-12-31,-0.34528800209173505,0.09301031917986496,-0.16804621465821878,G1,-4.0424299284699154
065680,2023-12-31,0.4289327288018912,0.03084242739108985,0.029487188654122958,G3,12.911857680159354
065690,2023-12-31,-0.1586077050552124,0.04405954584786145,-0.1291211879682775,G1,-4.296626241368564
065710,2023-12-31,0.06515640346225607,0.009966496623615805,0.18185846900143335,G5,3.4572537317797063
065770,2023-12-31,0.4791478718559682,0.04774845195697959,-0.030902408357264793,G2,9.391889321197693
065950,2023-12-31,-0.2382060141279994,0.030075927705471666,-0.026054575589269966,G2,-8.940894943585342
066310,2023-12-31,-0.06514998845118541,0.03280923956542782,0.024525108280662164,G3,-2.921423523929396
066360,2023-12-31,-0.36026308093041703,0.02771057518372653,0.050447055676312684,G4,-14.10879327317271
066410,2023-12-31,,,0.039083975612243714,G4,
066570,2023-12-31,-0.1375955808262963,0.02006557612078886,0.031040079435873297,G3,-8.387263621572528
066590,2023-12-31,0.22863699289422842,0.022404967538356073,0.03764318508206794,G4,8.834527286767104
066620,2023-12-31,0.24405366800664152,0.014831100056790076,0.10526618075080647,G5,14.385579719116778
066670,2023-12-31,-0.5970509085548588,0.02181243631825012,0.027789568887248695,G3,-28.779481357023844
066700,2023-12-31,-0.33935060355924895,0.01925740302136298,0.13582105688875218,G5,-19.216002228661278
066790,2023-12-31,0.4104877866361608,0.08065532144504435,0.08031532835688308,G5,4.7087790862930765
066900,2023-12-31,-0.2699767812352266,0.020355049544578518,-0.026756720765573394,G2,-14.771591510707033
066910,2023-12-31,-0.8646116433140003,0.03916439189424813,-0.24216329940497613,G1,-22.86034062648067
066970,2023-12-31,-0.6220464500343972,0.040670572104094235,-0.08822684410503284,G1,-16.049593405797623
066980,2023-12-31,0.30553691868245564,0.05071442642487459,-0.004379196058419206,G2,5.419310484997658
067080,2023-12-31,0.38964501102892507,0.045644403820636836,-0.0020805335269007638,G2,7.86395012676554
067160,2023-12-31,0.08353812084779944,0.03379227577742693,0.16619807074080184,G5,1.5636243435727626
067170,2023-12-31,-0.2102158959660867,0.019730856610941847,-0.03909343747681278,G2,-12.210092878074853
067290,2023-12-31,-0.28532541808178913,0.02954611850957371,-0.5424877548667586,G1,-10.69599425714343
067310,2023-12-31,-0.6906566853356824,0.038849976912205306,0.008103201490008293,G3,-18.56774285306069
067390,2023-12-31,-0.42757396087984045,0.046957612417708176,-0.0856964530457466,G1,-9.759304894396877
067570,2023-12-31,-0.13978568897234372,0.016661905443180778,0.01960135192646121,G3,-10.232046110885163
067630,2023-12-31,0.29536237596769466,0.05195902344954786,-0.015355615285683329,G2,5.093680800355905
067770,2023-12-31,-0.10374774169062648,0.0257057080839934,-0.032447705576016145,G2,-5.230256138784816
067900,2023-12-31,-0.1199848226276409,0.016927995744948257,0.08386002499116622,G5,-8.901497892336101
067990,2023-12-31,-0.12271600209978743,0.017887171387943362,0.009768101741957766,G3,-8.576856261392226
068060,2023-12-31,,,-0.02788949517864842,G2,
068100,2023-12-31,-1.3930030327925842,0.04374386187071036,-0.16482879409549173,G1,-32.54634290904584
068240,2023-12-31,-0.27914797941150093,0.022619001643782985,0.005323812346792475,G3,-13.698556643155626
068270,2023-12-31,-2.3378946633192954e-05,0.023105164639295985,0.03369371805697791,G3,-1.3297059442663124
068400,2023-12-31,-0.0668597158089744,0.011959638737899384,0.009234291862598335,G3,-8.157387841265216
068420,2023-12-31,,,-0.04233334160210383,G2,
068790,2023-12-31,-0.036296810946251604,0.02303898852249796,0.09124297367012037,G5,-2.907962157206635
068930,2023-12-31,0.21298485917326127,0.013815610342155263,0.08778322046048048,G5,13.194144800072142
068940,2023-12-31,,,0.026368099379785563,G3,
069080,2023-12-31,-0.09770754717457683,0.023555510369338443,0.10230121336666079,G5,-5.451261338799582
069110,2023-12-31,,,-0.8768962897602817,G1,
069140,2023-12-31,-0.1662266525762508,0.02946604769199077,-0.18166501709027383,G1,-6.683161259094422
069260,2023-12-31,-0.21725585015190663,0.012483058101310146,0.13949932882858684,G5,-19.86336552766451
069330,2023-12-31,-0.12759300929904366,0.021287520228592514,-0.07609650480924347,G1,-7.435939151988307
069410,2023-12-31,-0.12675369377854062,0.03275339906942445,-0.027124584723425008,G2,-4.807238151444717
069510,2023-12-31,0.2219804763968741,0.0169102067939397,0.10444876091965616,G5,11.311557742033944
069540,2023-12-31,0.03164382875456839,0.06512142396176201,-0.28355968340865284,G1,0.014498038888588867
069620,2023-12-31,0.2571630106082871,0.026810873615706544,0.06891403712328342,G4,8.446696591718974
069640,2023-12-31,-0.4040004944216382,0.03497658470541101,-0.059236117434211186,G2,-12.428320086148346
069960,2023-12-31,0.018646836253891817,0.018844330590697983,0.0035536332802532807,G2,-0.6396013647493666
070300,2023-12-31,0.635554645886939,0.06467178316511142,-0.058406507462124974,G2,9.352687067947596
070590,2023-12-31,-0.35493204282568547,0.027091395315195364,-0.19351782945812146,G1,-14.234473129070542
070960,2023-12-31,0.3912094361327437,0.028960315870137043,0.01270071308577059,G3,12.448404980520237
071090,2023-12-31,0.0525173738337025,0.03672345517903074,0.007809566750983899,G3,0.5941074419563335
071200,2023-12-31,-0.15935683604634307,0.017740076265569255,0.1340329341336521,G5,-10.713399932372552
071280,2023-12-31,1.2111688099757008,0.03801082358547807,0.08537735772680562,G5,31.056130933432478
071320,2023-12-31,0.7349820334119425,0.03863578013127521,0.02917089282237462,G3,18.228759331414246
071460,2023-12-31,,,-1.4021147023013656,G1,
071670,2023-12-31,-0.5211394796412862,0.02477650349524747,0.00612968124025647,G3,-22.272681678616525
071850,2023-12-31,-0.023695286433358942,0.03530007229239296,-0.04135532573706911,G2,-1.5409311856443806
071950,2023-12-31,0.6453916115781734,0.05027734997232163,-0.08272744869289178,G1,12.226020585792195
071970,2023-12-31,1.058111895686157,0.037718384724297324,0.03257810126401115,G3,27.239029650355917
072130,2023-12-31,0.5021996528984565,0.028352229843063716,0.030796204429633853,G3,16.630083760283743
072470,2023-12-31,-0.26328583712582876,0.029925591452052386,0.03970768148782092,G4,-9.823883795725509
072520,2023-12-31,0.1004073156806991,0.03341862916661448,-0.13574611844475024,G1,2.085891061409759
072710,2023-12-31,0.00014053844816150352,0.011496472737503927,0.04866442653665441,G4,-2.6581333307248705
072770,2023-12-31,-0.5793733318509565,0.03391196504530873,-0.05373673955912873,G2,-17.989904945152755
072870,2023-12-31,-0.011009872598246082,0.008483107260059174,0.05261856583866447,G4,-4.916779564030365
072950,2023-12-31,-0.07770755089880108,0.034644510217492354,0.05892965589764041,G4,-3.129132033783398
072990,2023-12-31,0.1215143055735671,0.02566329998054652,0.04942098979324305,G4,3.5386957182013443
073110,2023-12-31,-0.1707904694455386,0.022933728280865064,-0.07512840493504175,G1,-8.785757064678576
073240,2023-12-31,0.060042290600312076,0.0258874587846928,0.047015410957464615,G4,1.133467561527198
073490,2023-12-31,-0.07033750415980886,0.02413938319464347,0.06061438580828298,G4,-4.185575048152826
073540,2023-12-31,-0.4281235395518214,0.023279529642705608,0.0041276326091433365,G2,-19.709300076562297
073560,2023-12-31,-0.15832053013133338,0.014177117707615249,0.003343472184013455,G2,-13.332768327605232
073640,2023-12-31,-0.5431000707278779,0.04178089489001999,-0.035217891013798054,G2,-13.733544196594728
074430,2023-12-31,-0.29970426767799674,0.026535026445617338,0.039724749146665905,G4,-12.451616137358645
074600,2023-12-31,-0.3042693677316852,0.03099109296858463,0.04405699907144037,G4,-10.808559216957292
074610,2023-12-31,-1.1714301248398817,0.03875810958497388,-0.3455125278535179,G1,-31.016213987986287
075130,2023-12-31,0.19121211369339394,0.036514283799826214,0.0477581396182677,G4,4.395880219254565
075180,2023-12-31,-0.14077513284383025,0.014055015364198706,0.007408142089090233,G3,-12.2002590689517
075580,2023-12-31,0.7838853811181608,0.03466694315301259,0.04747268814061617,G4,21.726336873033983
075970,2023-12-31,-0.18391816742027284,0.02360969223087281,0.0023935276554690305,G2,-9.090244003990954
076080,2023-12-31,-0.8478203953998265,0.03311566701092132,-0.025789905502984604,G2,-26.528835760052395
076610,2023-12-31,-0.4460388343660883,0.02449190794212317,-0.019069025278037815,G2,-19.465144622875428
077360,2023-12-31,-0.49273209786810795,0.030337496755436594,-0.018459480852400685,G2,-17.253625040497038
077500,2023-12-31,0.2866432401218019,0.046245277551957155,0.06771792983241748,G4,5.534479580466473
077970,2023-12-31,0.8136410532390093,0.036913902944243536,0.00851597203531398,G3,21.209931623976733
078000,2023-12-31,-0.08683907512487915,0.010475104359286658,0.04996950037939967,G4,-11.220773264961904
078070,2023-12-31,-0.20150951538978262,0.01021027648776684,0.1003769918031339,G5,-22.742695703244486
078130,2023-12-31,,,-0.09591772334847302,G1,
078140,2023-12-31,0.662380603972617,0.04934894362353468,0.03234527718275379,G3,12.800292402893012
078150,2023-12-31,0.26769223232386175,0.04449524278624673,0.24007556792775936,G5,5.3262443727944895
078160,2023-12-31,0.5167285536401274,0.03980248365079808,0.009822187374538686,G3,12.211018339627946
078340,2023-12-31,0.035639525160823415,0.02383710683582182,0.025067335419166992,G3,0.20723275594458793
078350,2023-12-31,-0.22401859628912602,0.03804348168322537,0.0630621392390453,G4,-6.695451647343051
078520,2023-12-31,0.1354377669524014,0.03224313429317324,0.053425439862722676,G4,3.248383677051112
078600,2023-12-31,0.3848687653607073,0.04126244706384929,-0.0011413017835683454,G2,8.58332684426538
078650,2023-12-31,,,-0.9099952839469949,G1,
078860,2023-12-31,1.003968866597613,0.04749757180853759,-0.18203246529565698,G1,20.490924771972857
078890,2023-12-31,-0.3466475718432044,0.035121937265502196,-0.04526330714028596,G2,-10.743919528360884
078930,2023-12-31,0.0249354310450777,0.025769708520405547,0.10050987817294985,G5,-0.22368373968407115
078940,2023-12-31,,,-0.3674787917846544,G1,
079160,2023-12-31,-0.0832038524267727,0.017871790185834794,-0.03678590153982119,G2,-6.373370941571555
079190,2023-12-31,-0.3011774530261594,0.048144416105575245,0.02970279332538851,G3,-6.893367407673632
079370,2023-12-31,0.019633495873731782,0.038876467761453655,0.031240688332579217,G3,-0.28465034456476346
079430,2023-12-31,0.08004314727306779,0.029859090175645968,-0.04513012495218145,G2,1.6525437032848176
079550,2023-12-31,0.7259368676615595,0.036875708394970244,0.048483789051136324,G4,18.85352721627709
079650,2023-12-31,-0.21264425043888685,0.018893655604253923,0.016645285616250543,G3,-12.879664547372624
079810,2023-12-31,-0.83444050531849,0.03691677052473281,0.004451330285801139,G2,-23.434883085354663
079940,2023-12-31,0.07862235939655837,0.030988775842790126,0.08323471911492185,G5,1.5464522968634018
079950,2023-12-31,-0.3802077741654807,0.03071829827712487,-0.20038818491721996,G1,-13.376635198863326
079960,2023-12-31,-0.10857507747867476,0.018693534030927998,0.12062633480184985,G5,-7.450425000737609
079970,2023-12-31,5.922112508825726,0.459084402723976,-0.20058957362847463,G1,12.832962257161329
079980,2023-12-31,-0.4191683131904442,0.02218811897619455,-0.15147173948162956,G1,-20.2751756239722
080000,2023-12-31,-0.468638140639246,0.028498773666459812,0.049122702415558744,G4,-17.521379772365673
080010,2023-12-31,0.02861994836817444,0.012628674972961397,0.06476499613732292,G4,-0.16468453371148456
080160,2023-12-31,-0.39414678349601456,0.02259172373161946,0.02009717695731773,G3,-18.805403445992408
080220,2023-12-31,0.347045399754943,0.05102865560177991,0.11077059458235128,G5,6.19937366969194
080420,2023-12-31,-0.16981513629293782,0.016021344489783974,-0.0036156454862130575,G2,-12.515480972167273
080470,2023-12-31,-0.2986359909027665,0.020839666027443193,0.03807801672076665,G4,-15.803309241451553
080530,2023-12-31,0.17007095825507246,0.04516098965603643,-0.11101804331336451,G1,3.0860985000348182
080580,2023-12-31,-0.16352923408887873,0.05258528829480411,0.010727598372223148,G3,-3.693598270631916
081000,2023-12-31,-0.17694897332998363,0.0286042790428545,0.016211340916432976,G3,-7.259356854839027
081580,2023-12-31,0.46835971855671515,0.02976151498435865,-0.0034526466547218746,G2,14.705569355902737
081660,2023-12-31,0.05761293395132597,0.018222135584409587,0.05570911638640339,G4,1.4769530173434662
082210,2023-12-31,-0.9126521349085386,0.0305953692972989,0.03671300241128016,G3,-30.833157186610997
082270,2023-12-31,0.6087193273336704,0.04438143972670346,-0.20234414043633311,G1,13.02390447618572
082660,2023-12-31,0.3859143282180005,0.04558110501556004,-0.11241504355306277,G1,7.793023716280029
082800,2023-12-31,1.3176412849478898,0.051680271675385796,-0.012430096165123907,G2,24.901989626020907
082850,2023-12-31,0.05726153986646522,0.04661779938876925,0.037109918667978,G3,0.569779019971796
082920,2023-12-31,0.507134581065046,0.025408507587997224,0.17174925608894423,G5,18.750998404668977
083310,2023-12-31,-0.6950781312695485,0.030341654602239004,0.16765287745090263,G5,-23.92017958814552
083450,2023-12-31,0.547624455520799,0.047525056671871645,0.15378273173494605,G5,10.876888864590404
083470,2023-12-31,-0.19939500235047047,0.024599681048341704,-0.01784023609454732,G2,-9.353564288731782
083500,2023-12-31,0.15324797841199186,0.04214636416685172,0.015855032951546423,G3,2.907683379504562
083550,2023-12-31,-0.22556815363873117,0.031691459672812373,-0.02292848073854867,G2,-8.086337836816964
083650,2023-12-31,1.2520069503209625,0.04431000449302546,0.008990292698384687,G3,27.562787873237742
083660,2023-12-31,-0.4349172669464339,0.021398634043318192,-0.15618797862235806,G1,-21.759190882060768
083790,2023-12-31,0.00048730978812611125,0.03445186140802128,-0.21040165045799292,G1,-0.8769449543393947
083930,2023-12-31,0.06509425918154801,0.02699901955495542,0.016020313272513336,G3,1.273918976726128
084010,2023-12-31,0.2854576548971194,0.016806344356940988,0.08544529743037703,G5,15.158439793268567
084110,2023-12-31,0.5529702013202435,0.03473503513023427,0.09077089843410746,G5,15.035842156041333
084180,2023-12-31,0.0843786051224272,0.02936547494755672,-0.06060677370071754,G2,1.8279598542438333
084370,2023-12-31,0.09611306676836334,0.038793734879694536,0.07276017217354055,G4,1.6861838942223528
084440,2023-12-31,-0.1599439530526165,0.04349917485401455,-0.032771914945862415,G2,-4.382695752503738
084650,2023-12-31,-0.05292395552487639,0.046752196490439296,-0.022602982547929414,G2,-1.78865716735828
084670,2023-12-31,-0.5689624643566589,0.011245249808837206,-0.013987538797762903,G2,-53.3258193786765
084690,2023-12-31,-0.006493356414730644,0.04405487370047944,0.021498294620683905,G3,-0.8442437602951604
084730,2023-12-31,-0.5045869059900787,0.027346893063780454,0.07837416402530652,G5,-19.573945769968603
084850,2023-12-31,-0.550329029570457,0.03445871981926601,-0.05242434688580884,G2,-16.861587674626612
084870,2023-12-31,-0.42050425945727266,0.020908070303611685,0.06180874310208417,G4,-21.58037297190557
084990,2023-12-31,-0.6182306297673715,0.04380876235655678,-0.2828257180438691,G1,-14.812797501633545
085310,2023-12-31,0.017166729548703075,0.019526216277948965,0.25584977599664405,G5,-0.6930664946116695
085370,2023-12-31,,,0.15666392594876144,G5,
085660,2023-12-31,-0.4175682995745764,0.02936761530123779,0.00184746307115654,G2,-15.264024361323381
085670,2023-12-31,0.0286975282944594,0.04799684489496835,0.046688685827646854,G4,-0.041714565351377415
085910,2023-12-31,-0.1134614339258279,0.013589490044148408,-0.027257236019094445,G2,-10.6082810521204
086040,2023-12-31,-0.5485320612799254,0.026511909987932188,-0.08047807974941766,G1,-21.84798293902903
086060,2023-12-31,-0.25244788439300325,0.015205985659863626,0.05110952222727813,G4,-18.62079752961132
086280,2023-12-31,0.5120983660305019,0.02292499212455636,0.09870534171932076,G5,20.998858695238365
086390,2023-12-31,0.17031269981633218,0.03561164905390709,0.020326869349157145,G3,3.9204307497106545
086450,2023-12-31,-0.004129701851156631,0.021769580066226035,0.07246586838472764,G4,-1.5999113240903744
086520,2023-12-31,-0.5952952096881892,0.03477113807248225,0.01908137448508662,G3,-18.003290665975918
086670,2023-12-31,-0.44205640351317577,0.023597400039505535,0.07587606113409728,G4,-20.034245236305807
086710,2023-12-31,0.33835947462961896,0.038120812022863625,0.05704100506935737,G4,8.070651239737604
086900,2023-12-31,-0.5652985782356086,0.03335965209089197,0.025919577212054307,G3,-17.865842018652874
086960,2023-12-31,-0.08883799308838577,0.039300888787800296,0.008584888269062858,G3,-3.0416026861708767
086980,2023-12-31,-0.008874308823972471,0.029520832512121935,-0.23425095448368624,G1,-1.3405450075031913
087260,2023-12-31,-0.08806280928440563,0.0326435099433103,0.02136592349793148,G3,-3.6381659113294695
088130,2023-12-31,0.25126624563718736,0.043245712121535836,-0.037492522641715514,G2,5.100310273532469
088260,2023-12-31,-0.15096173643643496,0.011261058014099594,0.014353432177437942,G3,-16.131826336963478
088390,2023-12-31,-0.8135901885557231,0.03477302139118359,-0.04476890773607793,G2,-24.28002660094634
088800,2023-12-31,-0.5645668172092347,0.05610527637353364,-0.3072950162595556,G1,-10.609813399075035
088910,2023-12-31,-0.45319627557656894,0.012330816911850815,0.10938006455084791,G5,-39.24281536683917
089010,2023-12-31,0.05652846486327248,0.0377936464922427,-0.012206051332764633,G2,0.6834156384217506
089030,2023-12-31,1.7364673192492626,0.05230881906663309,-0.026520861225737147,G2,32.60956094724479
089140,2023-12-31,-0.4311265500401009,0.04604888533353921,0.06935868142575685,G4,-10.029042885892077
089230,2023-12-31,-0.6816386861618997,0.03182335647139173,-0.37005165369865767,G1,-22.38413734326741
089530,2023-12-31,-1.8202470517987757,0.07596652010495968,-1.4308530512154158,G1,-24.36529598906061
089590,2023-12-31,-0.4161161731239869,0.01892109357281893,0.08710574246408258,G5,-23.614695800846842
089600,2023-12-31,-0.40601849990805317,0.021782737453130127,0.04265490402769628,G4,-20.048820616106187
089850,2023-12-31,-0.18332362911268313,0.02810396799308958,0.07457431277996529,G4,-7.615413061344196
089860,2023-12-31,0.05732110735839227,0.016083106508838103,0.02403006735981128,G3,1.6552406418668308
089980,2023-12-31,-0.19434346687748735,0.02789927251040786,0.04872754266022262,G4,-8.066273506272438
090080,2023-12-31,0.04402446540647004,0.0261152526589713,0.016682767572369306,G3,0.5102293959389335
090120,2023-12-31,,,0.04518015794692958,G4,
090150,2023-12-31,-0.13744797905630413,0.04240615950012217,-0.24510949562529993,G1,-3.9651710236412754
090350,2023-12-31,-0.1155477395099754,0.02651609623632678,0.05584585571090104,G4,-5.515421049313753
090360,2023-12-31,0.15243740162943215,0.032367830158108686,0.004892566269787604,G3,3.761070952772666
090370,2023-12-31,-0.38028795007715344,0.03192942191860062,-0.0709829323538321,G1,-12.871753423610258
090410,2023-12-31,-0.11766179016940184,0.024281171682924017,0.1766274707305458,G5,-6.110145256755837
090430,2023-12-31,0.04215662051570429,0.03363017697244451,0.0476740103886703,G4,0.34067393423475717
090460,2023-12-31,-0.18614276913566274,0.033243663127674,0.08917838403397134,G5,-6.522821029690939
090470,2023-12-31,-0.5149793425002929,0.030498626407539895,-0.017274231868702694,G2,-17.891921787758942
090710,2023-12-31,-0.42209678226434977,0.046359502941453336,0.004703503170778024,G2,-9.767069303000715
090740,2023-12-31,,,0.1877994496869895,G5,
090850,2023-12-31,-0.14096867463429746,0.01940975460242082,0.024943843492719275,G3,-8.844437962671469
091090,2023-12-31,,,-0.044264936312144836,G2,
091120,2023-12-31,-0.293165742827305,0.04343114645459198,-0.036916616974817525,G2,-7.456985713775769
091340,2023-12-31,-0.10351983436147533,0.026846684212268015,-0.026093917932600103,G2,-4.999482584803977
091440,2023-12-31,-0.5530200790062869,0.04725066669971605,-0.1643244988577294,G1,-12.353683357176527
091580,2023-12-31,-0.7020077805666791,0.0265246283957548,0.10214787302432818,G5,-27.623666030376416
091590,2023-12-31,-0.4854342182028821,0.01977809554485233,-0.11453033106491398,G1,-26.09623928906074
091700,2023-12-31,-0.07616475579135412,0.012850333930199017,0.06689115266350344,G4,-8.316083627811963
091810,2023-12-31,0.6482855407204244,0.03529089767906471,0.08715034454898134,G5,17.499862160471444
091970,2023-12-31,-0.28256381835753713,0.03233833575257816,-0.08334443657553521,G1,-9.687063569746405
092040,2023-12-31,-0.5347669618139523,0.03965264962782296,-0.049733107279063694,G2,-14.260501200774069
092130,2023-12-31,-0.06861728907682921,0.008350237864701475,0.26056164833864753,G5,-11.8939108685942
092190,2023-12-31,0.03994564778066356,0.030088274287517595,-0.1372133255671619,G1,0.3072941929078614
092200,2023-12-31,-0.042650971675356586,0.03489501263000935,0.04335760503988396,G4,-2.102038714545879
092220,2023-12-31,-0.5572013022754096,0.02714482299115275,-0.07773085168462135,G1,-21.657941858177278
092230,2023-12-31,0.04000126563791695,0.009997557467775305,0.09244664002748067,G5,0.9303842313892982
092300,2023-12-31,-0.3872750804262459,0.022298977042059822,0.061334974285758494,G4,-18.74412334948648
092440,2023-12-31,-0.1723010824808997,0.010862785581003022,0.024727483095600248,G3,-18.687727635294628
092460,2023-12-31,0.36530580128740775,0.0222944682280458,0.41279528927636017,G5,15.008481119499967
092600,2023-12-31,-0.33557364399914147,0.037785112303921384,-0.2820089674241916,G1,-9.693588757141782
092730,2023-12-31,-0.10289738103220747,0.024201263302785606,0.16552199151323643,G5,-5.5202521942034615
092780,2023-12-31,-0.031125707408812764,0.02320289749855668,0.020697322546950604,G3,-2.6645552879828505
092790,2023-12-31,0.47342466324741195,0.04498618009724492,0.2607167172535721,G5,9.841354977748715
092870,2023-12-31,0.0821131166655451,0.05604098298688981,0.009334876745310632,G3,0.9174253931284939
093050,2023-12-31,0.2345763130760752,0.014687455738897163,0.022798293065010695,G3,13.881003005759064
093190,2023-12-31,-0.21793968957074528,0.014711800743368678,0.049758836155328924,G4,-16.90067651985496
093230,2023-12-31,,,-0.19895568195672933,G1,
093240,2023-12-31,0.907319982366495,0.058596595609649325,0.0013648053508024118,G2,14.96025967769104
093320,2023-12-31,-0.20390442051957403,0.029304296323210896,0.13075561703180805,G5,-8.00579252098413
093370,2023-12-31,-0.7397133344180312,0.027034090166053567,-0.10414040493131485,G1,-28.497834604506924
093380,2023-12-31,-0.29562686291816676,0.025526218898694737,0.07719388395815402,G5,-12.783975567660109
093520,2023-12-31,-0.14210990808705137,0.038294915152630116,0.08702867805480279,G5,-4.512599211038419
093640,2023-12-31,-0.8494880177282628,0.02604259813525993,-0.07412667727777655,G1,-33.79799930000218
093920,2023-12-31,-0.0713273070006945,0.00751714828011904,0.07881483611623216,G5,-13.572567550386184
094190,2023-12-31,,,0.03542636493959261,G3,
094280,2023-12-31,-0.031218876165751377,0.009365944533962738,0.10347233835647747,G5,-6.611033383628642
094360,2023-12-31,-0.270310757168716,0.04051611441062042,-0.3656355092272642,G1,-7.429400804221817
094480,2023-12-31,-0.0009346205631102222,0.05288716840121197,0.004475200523112117,G2,-0.5981472885940282
094820,2023-12-31,-0.10624060110892639,0.028204598602540296,0.07123910611084984,G4,-4.855247148033623
094840,2023-12-31,0.0823074943898258,0.04012731273077721,0.09259753878851901,G5,1.2861015368405846
094860,2023-12-31,-0.6203290405333071,0.040414656671959516,-0.07688354539449922,G1,-16.108728613856915
094940,2023-12-31,-0.07539064363934508,0.02650053173829517,0.04739035832799636,G4,-4.003328706930338
094970,2023-12-31,-0.18928498415726425,0.0402378672422124,0.116887461154533,G5,-5.467105864497089
095190,2023-12-31,0.1220715771648466,0.030589407691579345,-0.0060691827248949915,G2,2.987043170911379
095270,2023-12-31,-0.1818680763556315,0.02938469443291454,0.007860364689194849,G3,-7.233962315259588
095340,2023-12-31,0.01064849617157168,0.0384618048550216,0.03241515828757672,G3,-0.521327579958872
095500,2023-12-31,-0.6302261841053325,0.03732142596453727,0.010931685940596363,G3,-17.709020029160545
095570,2023-12-31,-0.2015528150419768,0.015829097309136685,0.01788952799079494,G3,-14.67250509133008
095610,2023-12-31,0.02668276232261929,0.033458809214086824,0.007048701192430456,G3,-0.12005608057264584
095660,2023-12-31,-0.3101999678468811,0.018591513035801633,0.06518087719549014,G4,-18.336305550166998
095700,2023-12-31,-0.622336966477292,0.033014485998516335,-0.1775429535614468,G1,-19.78030681211059
095720,2023-12-31,-0.4252127938291682,0.020225482802912108,-0.05133370104196559,G2,-22.5414885809804
095910,2023-12-31,-0.3366320621615084,0.024832894810203586,-0.024578825258575823,G2,-14.792144080925516
096040,2023-12-31,,,-0.2435717071133957,G1,
096240,2023-12-31,-0.13921661852190678,0.009734702083968299,0.09187660158933669,G5,-17.454701014345968
096250,2023-12-31,,,0.09097959905543324,G5,
096350,2023-12-31,-0.12150095247630803,0.0244320785493714,0.021742419401225385,G3,-6.229541542535455
096530,2023-12-31,0.20967616215354223,0.03779119569656509,-0.0011294242420346323,G2,4.73593023552624
096610,2023-12-31,-0.16474803537841565,0.012351749909537947,-1.1812407631711141,G1,-15.823485143994258
096630,2023-12-31,-0.6697910262026703,0.04255445721934172,-0.017880537260248557,G2,-16.461042339456178
096640,2023-12-31,,,-0.30911189514973114,G1,
096690,2023-12-31,-0.44828912498262896,0.02497302356500395,-0.06394225919466191,G2,-19.180249422074482
096760,2023-12-31,-0.08673847038602282,0.019271104624168624,0.04538954643047369,G4,-6.0940028344939625
096770,2023-12-31,0.009658939469463002,0.02862498560848809,0.011531874611910974,G3,-0.7350486262528748
097230,2023-12-31,0.5417825991119417,0.04260368753331586,-0.035771651759072993,G2,11.996212837088038
097520,2023-12-31,-0.200114871159451,0.023364095783569006,0.0519168565026948,G4,-9.879028450964652
097780,2023-12-31,-0.02230723358438591,0.015766235529097724,0.02959212815982611,G3,-3.3620536306240183
097870,2023-12-31,0.02615607313638156,0.030762381712264364,0.01962154885272842,G3,-0.14770061445851798
097950,2023-12-31,-0.23706800695402636,0.020449735653396924,0.024725628349857094,G3,-13.093944455318068
098120,2023-12-31,-0.7372096074811625,0.03206757073647755,0.13416715757984074,G5,-23.94660043347592
098460,2023-12-31,0.17563628072608606,0.03903041104351165,0.08328657346248197,G5,3.713427069651361
098660,2023-12-31,0.3099687508022985,0.0317041544544305,0.03777265942769037,G4,8.808594955156785
099190,2023-12-31,-0.3002510268637728,0.035129400763776714,0.012294938674569624,G3,-9.420904299128251
099220,2023-12-31,0.19288476078827368,0.05064954543417209,-0.06219618276161554,G2,3.202103070827574
099320,2023-12-31,0.5546222242012018,0.03698645847248215,0.019287244415790397,G3,14.165252636272506
099390,2023-12-31,-0.32174601903618005,0.02038038278591381,0.09605614868671124,G5,-17.293380529499593
099430,2023-12-31,0.09025902013666352,0.031163220791713846,0.189462364219009,G5,1.9112056714949561
099440,2023-12-31,0.014816433319258998,0.031579581404103774,0.08430504356698766,G5,-0.5029598807844695
099520,2023-12-31,,,-0.16941628865943006,G1,
099750,2023-12-31,-0.029420615198294364,0.01990846312366043,-0.15312372834690174,G1,-3.019836872507462
100030,2023-12-31,0.012497518343605463,0.022863134589743782,0.10405201313689763,G5,-0.7961365665953072
100090,2023-12-31,-0.3600383867407726,0.031203111022573983,0.044066363683805634,G4,-12.522407854639317
100120,2023-12-31,-0.20648700227440733,0.016393178652702265,0.05702163346565265,G4,-14.468621560029163
100130,2023-12-31,-0.17358714600928526,0.027967517969076258,-0.08135294017367851,G1,-7.304432307960118
100220,2023-12-31,0.010085779642639063,0.03991976158093652,-0.03733116672440913,G2,-0.5163837497640641
100250,2023-12-31,-0.020191797766900006,0.007156450324643546,0.07701301718142031,G5,-7.111276020339781
100590,2023-12-31,-0.07093639434638915,0.02887315385969702,0.029641030460403336,G3,-3.520089653446198
100700,2023-12-31,-0.11710460614791132,0.017910702658315063,0.13162823872939025,G5,-8.25228941516616
100840,2023-12-31,1.577925793612301,0.048170277946666805,0.05751172927189731,G4,32.1199329492736
101000,2023-12-31,0.4439151692764239,0.053446273531982495,0.08797073998131383,G5,7.731417854823187
101160,2023-12-31,-0.3441804783895917,0.02544579356249542,0.21290277824348997,G5,-14.732500807505506
101170,2023-12-31,0.04198135025884804,0.03741641572426625,0.03549537300460016,G3,0.30151617205923037
101330,2023-12-31,-0.17726977382484088,0.02200871252624624,0.02500114693908597,G3,-9.449415516437853
101360,2023-12-31,0.9157027891804802,0.06494696285742714,-0.07998266966952547,G1,13.626550872067199
101390,2023-12-31,-0.9382029628888431,0.05171900579351637,-0.33463382804744424,G1,-18.733976878337398
101400,2023-12-31,-0.42155783396095614,0.021710246238093485,0.023020798344565014,G3,-20.831524655160347
101490,2023-12-31,-0.298177667655637,0.03209333021773264,0.10805034636108324,G5,-10.247529977160543
101530,2023-12-31,0.18269127536235255,0.02942494451213597,0.04078372070889237,G4,5.165399019942924
101730,2023-12-31,-0.2676870390427067,0.034717171533666547,-0.01507682135958618,G2,-8.594788160401844
101930,2023-12-31,1.3058161848668206,0.037098430873016404,-0.017470861548282958,G2,34.37117039838976
102120,2023-12-31,-0.2116279064744201,0.04800561864156815,-0.09035019703055218,G1,-5.047900832217975
102260,2023-12-31,-0.10787537280377361,0.014567963255934053,0.07055939298909931,G4,-9.51231590763503
102280,2023-12-31,,,-0.1938220142067908,G1,
102370,2023-12-31,-0.34146772838566636,0.0438759768591829,-0.03463519490393592,G2,-8.48225956079802
102460,2023-12-31,-0.18884242597271428,0.023398738202713914,0.008067548966548084,G3,-9.382647897002458
102710,2023-12-31,-0.10075030278670968,0.03285653764216554,-0.030098678656788464,G2,-4.000725823146606
102940,2023-12-31,-0.0007749984056883708,0.03410400930649261,-0.10857871324656936,G1,-0.9229030504981363
103140,2023-12-31,0.417753855513552,0.02981910324136679,0.05493224890690599,G4,12.980073765569097
103160,2023-12-31,,,0.01760679244359139,G3,
103590,2023-12-31,1.4221803013407552,0.04872681655471736,0.04693012709022925,G4,28.55677230546579
104460,2023-12-31,-0.5486997162673224,0.029693461077431472,0.02283752751832583,G3,-19.5126937400095
104540,2023-12-31,-0.519682498381802,0.022109062998369525,0.036269053739234836,G3,-24.893962907423145
104830,2023-12-31,-0.4343720802963925,0.024439226550304005,0.03702649225676527,G3,-19.02972564031892
105330,2023-12-31,-0.818136199160525,0.03341796034477193,0.01771232654547795,G3,-25.4005895698183
105550,2023-12-31,0.17926673233867366,0.038898467050298695,-0.20238095564993341,G1,3.819354534693478
105630,2023-12-31,-0.3936673328371252,0.024319829481682795,0.11390194321213665,G5,-17.44942451073682
105740,2023-12-31,0.02810490551304122,0.033171786994001105,0.0665468292528853,G4,-0.07822280737900898
105760,2023-12-31,-1.296001552666976,0.033214157714290364,0.14679868199464163,G5,-39.94384743689148
105840,2023-12-31,-0.07032152953983362,0.02815813469843889,0.06461241543498156,G4,-3.587639111724428
106080,2023-12-31,-0.6818022873324066,0.05682355407876989,-0.2902345135834022,G1,-12.538849332834992
106240,2023-12-31,0.07407294442217599,0.04277799928006358,-0.04102797381396139,G2,1.013914847226138
106520,2023-12-31,,,-0.5033481544843492,G1,
107590,2023-12-31,-0.03537867303726938,0.01258498455234453,0.03548705992926852,G3,-5.25057210677702
107640,2023-12-31,0.902179956732438,0.05868919637025692,-0.1317779313802153,G1,14.84907469880785
108230,2023-12-31,-0.4677886699663792,0.022687372646130636,0.09119361750649065,G5,-21.97206232555481
108320,2023-12-31,-0.35671526609758114,0.023206813670401602,0.10479643406983469,G5,-16.694017861193405
108380,2023-12-31,0.33966328032998216,0.024785813898008328,0.032925588193704725,G3,12.465339479423694
108490,2023-12-31,0.4752888541810514,0.034400702331949265,-0.022918734388017416,G2,12.923839579596423
108670,2023-12-31,-0.28963863316971283,0.02006765977312046,0.029584131446264497,G3,-15.962914092069624
108860,2023-12-31,-0.23123103870667058,0.03413197502963657,-0.0031687751779617326,G2,-7.674057369862959
109070,2023-12-31,,,-0.07164474740307504,G1,
109610,2023-12-31,0.014433312079410579,0.03577820956214351,-0.00866655972218144,G2,-0.4546449902650011
109670,2023-12-31,-1.059935790912874,0.05956265014709029,-0.038809607246792825,G2,-18.31072801557745
109740,2023-12-31,-0.20899628609174853,0.016690145906957984,0.02442242371093895,G3,-14.361527049881076
109860,2023-12-31,-0.05940828374213479,0.010941285334430739,0.0025115886324686924,G2,-8.235593607642029
109960,2023-12-31,-0.2583288553428247,0.03908303294318974,0.017619811503743216,G3,-7.39524364909041
110790,2023-12-31,-0.3495110836926413,0.021066849838699303,0.05061160177367727,G4,-18.04782311647248
110990,2023-12-31,0.24590514607991643,0.049983951932247375,0.0692752323273377,G4,4.305490901442412
111110,2023-12-31,-0.004381090056237158,0.019171938014616467,0.07291281767699953,G4,-1.8297986279207898
111380,2023-12-31,-0.13190569627315335,0.030585243892790406,0.12565966968353465,G5,-5.316465438713516
111770,2023-12-31,0.031206566066441732,0.022930200890624263,0.1286797497442567,G5,0.0221049196807734
111870,2023-12-31,,,0.656722365924791,G5,
112040,2023-12-31,-0.22051564600069878,0.03956585838955934,-0.11294094357787295,G1,-6.349295883960402
112240,2023-12-31,,,-0.12943223732087564,G1,
112610,2023-12-31,-0.3597421597582112,0.03515009259493923,0.008444373598538835,G3,-11.107847142112961
113810,2023-12-31,0.5973994015807167,0.054462716593049285,0.05917220696581325,G4,10.40527798122267
114090,2023-12-31,-0.08723264980892892,0.017266690931068637,0.08576478872354397,G5,-6.830049028920712
114120,2023-12-31,-2.864832675665187,0.21475512475289676,-0.7835009599415496,G1,-13.482948892671866
114190,2023-12-31,-0.5004731990098082,0.03816997035802387,0.022181568189952483,G3,-13.915989188491434
114630,2023-12-31,-0.2075738294117468,0.017437391894999255,0.07691117435079689,G5,-13.664516268489098
114810,2023-12-31,-0.3481844597064575,0.02985927189832454,0.008168184481790398,G3,-12.688995123997243
114840,2023-12-31,0.8728247316213402,0.043781466819394,0.27498950072992734,G5,19.234737823603737
115160,2023-12-31,-0.7662817273114031,0.026115919015349667,-0.09200165096006067,G1,-30.517073615539495
115180,2023-12-31,0.236278607271799,0.037155973715632735,-0.4237534512458665,G1,5.532862979925479
115310,2023-12-31,0.41155475936483005,0.015400536641355315,0.07439183787429221,G4,24.72998652038028
115390,2023-12-31,0.38052547901267963,0.020370865010333306,-0.05456308390053819,G2,17.172848723789436
115440,2023-12-31,0.14684111056171606,0.02990277038284079,0.051102406741697075,G4,3.883968383440198
115450,2023-12-31,1.4173954297927065,0.056516328493444415,-0.013790872356121054,G2,24.536196369091194
115480,2023-12-31,-0.20899862964496554,0.017150990723917518,-0.08690150483539263,G1,-13.975771389590356
115530,2023-12-31,0.4358166248086762,0.054782140915250396,0.011509110892451643,G3,7.395054706202769
115570,2023-12-31,0.04785311512658866,0.04392614302357417,-0.10295045588622222,G1,0.3905059294619225
115960,2023-12-31,-0.05272596924869388,0.010562859656958171,-0.03262958234829949,G2,-7.898018886507558
117580,2023-12-31,0.22668646824420177,0.04397529194031448,0.022818789905188305,G3,4.4567475002261405
117670,2023-12-31,,,-0.3977313147553321,G1,
117730,2023-12-31,-0.37603427151299595,0.0411177182865649,-0.3594300248734955,G1,-9.891939151287625
118000,2023-12-31,-0.14857088654668227,0.025454903421186354,-0.16853380690797096,G1,-7.042673837645134
118990,2023-12-31,-0.4303765737803974,0.02627523336578512,0.08317041448276527,G5,-17.547941941337374
119610,2023-12-31,-0.1961096930315424,0.017756008780012898,0.058202987449003304,G4,-12.773669559362999
119650,2023-12-31,-0.5672585580440433,0.061489811554932196,-0.1093826873951695,G1,-9.724509455153317
119830,2023-12-31,-0.19876361851361465,0.02479453162749075,-0.04695745218548268,G2,-9.254593624857565
119850,2023-12-31,1.394595768770404,0.05158782618748543,0.07413019948083364,G4,26.438331942813626
120110,2023-12-31,-0.41194084719148427,0.019343130361693186,0.014930173450454462,G3,-22.883604397640454
121440,2023-12-31,-0.05329223324436716,0.019003753376035007,0.04405872530764317,G4,-4.419754740017677
121600,2023-12-31,-0.4097977655498026,0.03937404311454885,0.04453423123473502,G4,-11.18750899128588
121800,2023-12-31,,,-0.04354997068695181,G2,
121850,2023-12-31,0.22465718884857266,0.051704547209436284,-0.1318246792851085,G1,3.751265671961714
122310,2023-12-31,-0.20351400352148918,0.012737948476277804,0.10429610576790871,G5,-18.387081701198717
122350,2023-12-31,-0.5177939850746895,0.02140972551093522,0.008294773704942516,G3,-25.618902989299496
122450,2023-12-31,-0.5414279520947748,0.014066647940510565,0.03915704909333511,G4,-40.67263575031218
122640,2023-12-31,0.07741612465325581,0.04844742557417404,-0.14281355610312213,G1,0.964270614632381
122690,2023-12-31,-0.5706990517483452,0.023264402003245324,0.043284650029249465,G4,-25.850599877097295
122870,2023-12-31,0.05470998260182011,0.024091580287985075,0.12556061164275908,G5,0.9966256466913468
122900,2023-12-31,-0.08528576054831172,0.0074692180446691145,0.02219402182951238,G3,-15.52846036521623
122990,2023-12-31,-0.32751322129512056,0.018667580862086523,0.05000860824583122,G4,-19.18903792403729
123010,2023-12-31,0.43041026077743244,0.06586408885313176,-0.17776858229734296,G1,6.068717747712928
123040,2023-12-31,-0.6828266935633716,0.023347103922737224,0.07623945187960895,G4,-30.561665881221977
123330,2023-12-31,2.0984104060511375,0.05323902428245664,-0.18847292035482102,G1,38.838253294491736
123410,2023-12-31,0.5076509440323838,0.04075109049825935,0.09263200074699157,G5,11.704011902092924
123420,2023-12-31,-0.3873290020736613,0.03202168876590238,0.013009506720487814,G3,-13.054548776211977
123570,2023-12-31,-0.2407463375136248,0.03366560729155975,0.04011129579418266,G4,-8.063007180600277
123690,2023-12-31,0.11391472047256468,0.03322630465237045,0.06788664721446686,G4,2.504492314920655
123700,2023-12-31,-0.21780311287657697,0.015396255710541148,0.08976586100323322,G5,-16.14047034331395
123750,2023-12-31,-0.7215514545584191,0.021020523811917782,-0.00906104775010094,G2,-35.786508324279424
123840,2023-12-31,-1.0070321969274418,0.04393821647715181,-0.39450866521613426,G1,-23.61797942537245
124500,2023-12-31,-0.1351754716109863,0.04668126101527771,0.000773811430329501,G2,-3.5533566107862775
124560,2023-12-31,-0.0725492291019067,0.031359982031235675,0.08571227318773648,G5,-3.2923783188573745
126340,2023-12-31,-0.34088889735086536,0.03284071494620373,0.013009268419212627,G3,-11.31487526313157
126560,2023-12-31,0.13311544570376152,0.024425817447207347,0.008258485889878034,G3,4.192930292205244
126600,2023-12-31,-0.42930342171212454,0.020033608437342563,-0.004179963350532321,G2,-22.96157075088735
126700,2023-12-31,0.03420393947578501,0.03499206506740069,0.1671944819257275,G5,0.10014395125136957
126720,2023-12-31,0.2210179552208388,0.027221428719441054,0.08964801057037518,G5,6.991486793910506
126870,2023-12-31,,,0.02024273861043983,G3,
127120,2023-12-31,0.7363201190927551,0.03417217028947425,-0.1443830543658372,G1,20.648978900020598
127710,2023-12-31,0.29680815124872506,0.019566749960424498,-0.05023850600874414,G2,13.600033524701994
127980,2023-12-31,-0.17717798473588886,0.026593619368782396,0.06845683687782313,G4,-7.816825444881035
128540,2023-12-31,-0.44700681796120423,0.04695845133866378,0.02477672883900518,G3,-10.17296141930834
128660,2023-12-31,-0.09549273380621197,0.03095015385599167,0.13081736825252746,G5,-4.077279557667618
128820,2023-12-31,-0.05779764305565854,0.021776127865112887,-0.013123102992187446,G2,-4.0639612065710224
128940,2023-12-31,-0.2861212296136836,0.025019259969785285,0.10215937449114026,G5,-12.663081394644983
129260,2023-12-31,0.06244995715923136,0.02395664557866063,0.040276970021619285,G4,1.3253216623124568
129920,2023-12-31,-0.6586696904617031,0.031661396689492166,-0.04785542877450139,G2,-21.77318306706231
130500,2023-12-31,0.14254986105571746,0.03692970960856604,0.018357380384748434,G3,3.0287312416960552
130580,2023-12-31,-0.2636425139570817,0.009637017657332003,0.11848847815086716,G5,-30.54287334947776
130660,2023-12-31,0.785970023323909,0.04915715657000794,0.09833337121590063,G5,15.3644022601427
130740,2023-12-31,-0.3235731120166672,0.032596466859449426,-0.053697511586132896,G2,-10.86844194991204
131180,2023-12-31,-0.31545209610635083,0.01709218866206683,0.007161809427690466,G3,-20.252046052596274
131220,2023-12-31,-0.27974275604768883,0.014946511920419663,0.10038109221470348,G5,-20.770227429522087
131290,2023-12-31,0.12942418623874885,0.045481697220789236,-0.007657707156194692,G2,2.1706421803479303
131370,2023-12-31,-0.1450963615312118,0.031032224580141692,0.08621732034800896,G5,-5.66495182756568
131400,2023-12-31,-0.528583913332941,0.03933865734254102,-0.005156936024829565,G2,-14.217150429931408
131760,2023-12-31,0.2920010389783596,0.03489282234812166,-0.09267229520809252,G1,7.488684651355966
133750,2023-12-31,0.010278291193033917,0.03438195199896828,-0.037506911784237665,G2,-0.593957103571937
133820,2023-12-31,-0.06518525620912881,0.02889005157007958,-0.10352169606190761,G1,-3.3189609161488653
134580,2023-12-31,-0.42774480686514166,0.03176053582186124,-0.06752151715286647,G1,-14.434407065861846
134790,2023-12-31,-0.19000200507655315,0.020425284998029418,0.025778769909047542,G3,-10.805318061184282
136410,2023-12-31,0.131384252002759,0.023991642680867856,0.05371003805601927,G4,4.196651205778395
136480,2023-12-31,-0.3561973147058038,0.01904228692323407,0.019773801455406866,G3,-20.317780741515325
136490,2023-12-31,-0.12325390502511582,0.017204045069349007,0.02513138211389906,G3,-8.94868620850642
136510,2023-12-31,-2.108327271845193,0.09667157443194739,-0.04470975296492864,G2,-22.126741808353046
136540,2023-12-31,-0.02480020092157917,0.017048249915004074,0.11923110894611204,G5,-3.2554600628082353
137080,2023-12-31,-0.5933933823614086,0.026781500270948336,-0.09644331711022061,G1,-23.30314104381576
137310,2023-12-31,0.11619694998840824,0.03239905597197253,-0.11576498670698723,G1,2.6388810292768685
137400,2023-12-31,-0.06432977878444657,0.034719042415165324,0.05189767699096604,G4,-2.737099527849537
137940,2023-12-31,-0.1891359195228054,0.044548384039073526,-0.16282895778330336,G1,-4.934760712026667
137950,2023-12-31,-0.6328828794878798,0.02290912341062895,0.10032289205371389,G5,-28.96586497052495
138070,2023-12-31,0.08174540380088254,0.038399664570857625,0.03436159289098131,G3,1.3293269239162
138080,2023-12-31,0.16723453192197427,0.02559031495680314,-0.19383478783627153,G1,5.335410538516496
138490,2023-12-31,-0.3201694817322213,0.023246141138208908,0.11550815715223688,G5,-15.093652553498432
138580,2023-12-31,0.2858062875449208,0.023195149873152947,0.16495440110250945,G5,10.998273049431836
138690,2023-12-31,,,-0.08134041230528385,G1,
139050,2023-12-31,-0.6903386873812974,0.027573331528039664,0.0007663502598728251,G2,-26.149846363888056
139480,2023-12-31,-0.09526938656653036,0.024404896507083017,-0.006347617879670331,G2,-5.161631492576128
139670,2023-12-31,-0.25568125259104424,0.045346536077290334,0.14896459626767075,G5,-6.3153875286177605
139990,2023-12-31,-0.562584921362943,0.019245186552662722,-0.06783891987878087,G1,-30.82768855250966
140070,2023-12-31,-0.17222189277276095,0.027591500919414636,0.02002103782643848,G3,-7.354496197322364
140520,2023-12-31,-0.24078848326994634,0.01742385843526496,0.010615294433109473,G3,-15.581404090035491
140670,2023-12-31,0.3717692211972986,0.04683980991655336,-0.06889534880842604,G1,7.281616342752768
140860,2023-12-31,0.42327690835889054,0.029897875011733833,0.1345899326750309,G5,13.13060585032641
141000,2023-12-31,-0.029333819561904603,0.017588499538818768,0.0019797120039852256,G2,-3.4132255140296577
142210,2023-12-31,0.4683256316086548,0.03745950292481661,0.09014212491486609,G5,11.68264129584167
142280,2023-12-31,-0.07268499930554036,0.03650475750609291,0.020605686038674645,G3,-2.832088258791342
142760,2023-12-31,-0.42479983070927013,0.04437135302268995,-0.12509358792514183,G1,-10.26562174684721
143160,2023-12-31,-0.3199784731765184,0.019057388028915104,0.06378013991627483,G4,-18.40116643802064
143210,2023-12-31,-0.2686968133795488,0.025733428158664282,-0.03172754773112342,G2,-11.634536500580253
143540,2023-12-31,-0.2935295113188311,0.03179045320271379,-0.1788121254240159,G1,-10.198948881566864
144510,2023-12-31,-0.6286504736494596,0.02656142248003188,-0.011220478687512378,G2,-24.823601595984954
144960,2023-12-31,-0.043983948599166656,0.026204348311087835,0.032985725754768096,G3,-2.850047768028495
145020,2023-12-31,0.6162707120672293,0.034450283395122926,0.14341636626263055,G5,16.997567466531706
145210,2023-12-31,-0.45360286544749956,0.05113964426166436,-0.25869558801891096,G1,-9.470198087162608
145270,2023-12-31,-0.034553088844683284,0.0075644286062528775,0.0696449603752681,G4,-8.626267502641875
145720,2023-12-31,-0.5208067848372073,0.029212141359279572,0.17379861458545856,G5,-18.879358204923427
145990,2023-12-31,0.06640918670031759,0.02093373940567041,0.0467418046722121,G4,1.7058343084730636
146060,2023-12-31,-0.6589013953949192,0.02100345860458179,-0.18695913899219782,G1,-32.8327397975292
146320,2023-12-31,-0.6660100027323045,0.034153091493607374,-0.00779635078809108,G2,-20.399608588294328
148140,2023-12-31,-1.7792114854792744,0.11848387446624871,-0.07022686325300558,G1,-15.275590787777082
148250,2023-12-31,0.062117701332139896,0.03201676761377567,-0.019516422370646196,G2,0.9812984837710902
148930,2023-12-31,-0.45412595143214546,0.02491809954825966,0.07741877795748439,G5,-19.45676660897269
149980,2023-12-31,-0.05846927996913548,0.036198449551278745,0.12168635137151411,G5,-2.463336880224915
150840,2023-12-31,,,-0.3885634841098184,G1,
150900,2023-12-31,-0.574278189935208,0.028105379068017362,0.09367600581797292,G5,-21.52534161836428
151860,2023-12-31,-0.7388368237679379,0.024832208772857613,0.04676335959460806,G4,-30.989451104589456
153490,2023-12-31,-0.2837115968601853,0.023098076588262524,0.047837256117465234,G4,-13.612011869310646
154030,2023-12-31,-0.26081747995952387,0.019647749892806533,-0.06393552407022027,G2,-14.837178677836546
154040,2023-12-31,-0.4714153473938355,0.023918390878476362,0.14308234977017206,G5,-20.99284378127495
155650,2023-12-31,-0.4605926507684547,0.023049052992584355,0.09787751807756676,G5,-21.31507731549796
155660,2023-12-31,-0.06744567206767452,0.018990334486272898,0.06508267038924603,G4,-5.168174786816371
156100,2023-12-31,-0.21832884897983323,0.032757393498625755,-0.10305587321428884,G1,-7.602208790139882
158310,2023-12-31,,,-1.1282579136259496,G1,
158430,2023-12-31,0.5942259136402629,0.04147967563037499,0.0958120298074358,G5,13.585598471028304
159010,2023-12-31,-0.6895485301024825,0.026394409804727136,0.027080858535760265,G3,-27.287907979324444
159580,2023-12-31,0.04416593915627212,0.03455199122684687,0.023467543539261556,G3,0.3897385609521218
159910,2023-12-31,0.14289141341670142,0.04223919859846866,-0.26481430841923365,G1,2.6561043135718565
160550,2023-12-31,-0.6756320589878435,0.027538285490786275,-0.043153701121417344,G2,-25.64908243985115
160600,2023-12-31,,,-0.006651960816579489,G2,
160980,2023-12-31,-0.22712619861627864,0.032880320081978616,0.0701907440887134,G4,-7.841343812680249
161000,2023-12-31,-0.6513603584431068,0.03541024430697017,0.03133185666961571,G3,-19.261659093561807
161390,2023-12-31,-0.015356624347983273,0.025683774744797532,0.09176454449196021,G5,-1.7932068250521804
161570,2023-12-31,-1.2065812756625458,0.06665274544578947,-0.13158982647176898,G1,-18.563090885526258
161580,2023-12-31,1.6047588754845916,0.05641726654229721,-0.022838556866169674,G2,27.900309180824916
161890,2023-12-31,0.23238676829334393,0.02910802441374386,0.011410136766553256,G3,6.928916562974415
162300,2023-12-31,-0.07032851952900157,0.0372388744069584,0.04830558937400678,G4,-2.7129771496963957
163560,2023-12-31,0.34489594587085276,0.03961094546469718,0.02897295720295662,G3,7.932056313409288
163730,2023-12-31,-0.1853913820771475,0.04252733831453782,0.07859170149267217,G5,-5.081227428258026
164060,2023-12-31,0.10739424793992916,0.02643204763165624,-0.06495360138348846,G2,2.9015743763485706
166090,2023-12-31,-0.5854379930879818,0.031283751335872086,0.0601662888917112,G4,-19.69513445783488
166480,2023-12-31,-0.30555239682934454,0.05236918923326743,-0.224911983123413,G1,-6.420800046169734
168330,2023-12-31,-0.23214231277457534,0.0254453714443746,-0.15078476632381063,G1,-10.329658938823401
168360,2023-12-31,0.12486894181533667,0.047046357022984306,0.1047534575443343,G5,2.001626734921052
169330,2023-12-31,-0.3105586714475658,0.018624342183661713,0.11399663811118808,G5,-18.323244058758046
170030,2023-12-31,-0.2699318702607864,0.024769673394039713,0.07235116010602004,G4,-12.137082362604644
170900,2023-12-31,-0.24891813674435623,0.02288282632327483,0.004748308633198473,G3,-12.219549657528045
170920,2023-12-31,-0.23320682746342125,0.04004342000382658,-0.11324341429591282,G1,-6.59050908378187
171010,2023-12-31,-0.19996336635386053,0.04060900128360441,-0.049413608133820404,G2,-5.6800968967557335
171090,2023-12-31,0.8532240169709213,0.05152954898701064,-0.07077202881896472,G1,15.9621874695773
171120,2023-12-31,-0.24949311821619394,0.025890113892103644,0.05284526924662995,G4,-10.822386305497938
172670,2023-12-31,-0.8380494195840644,0.042827442217255283,-0.0016599778138015402,G2,-20.284870410765127
173130,2023-12-31,0.038129493548129584,0.04496728355110788,0.10284532499444701,G5,0.16522674139732527
173940,2023-12-31,-0.4891005639337519,0.022723110166422117,-0.060829905000013396,G2,-22.875401120017006
174880,2023-12-31,,,-0.013357133683669845,G2,
175140,2023-12-31,0.9549630835395877,0.05590566330505862,-0.29337147655392154,G1,16.53255382515899
175250,2023-12-31,0.11943578794073903,0.05197905034024546,-0.19577365098953037,G1,1.7071510838000719
177350,2023-12-31,-1.0092534218658475,0.054492271452255256,-0.36350174918558303,G1,-19.08441490816764
177830,2023-12-31,-0.10253496724559696,0.019236305481584223,-0.0011603057011547683,G2,-6.926208527445095
178320,2023-12-31,0.47682247674521694,0.03563878731355161,0.0001743908351943425,G2,12.517900146341082
178780,2023-12-31,-0.3105765943914663,0.02126563953038237,-0.17211622118020373,G1,-16.04824955870116
179530,2023-12-31,-0.2723077151268002,0.0447111701111612,-0.19426180842974486,G1,-6.776995775126253
179900,2023-12-31,-0.35061712798180333,0.03780528410375652,-0.3521379196873063,G1,-10.086336681210241
180400,2023-12-31,-0.5776001285411491,0.06146272517519232,-0.2699601089548565,G1,-9.89705260586399
180640,2023-12-31,0.29299561579132194,0.03364580728367026,0.11844905064563123,G5,7.795798084510066
181340,2023-12-31,-1.776372400429282,0.09492375465345673,-0.3058293160982193,G1,-19.037090376839267
181710,2023-12-31,-0.15313145594948724,0.023662896467217004,0.003757845966588086,G2,-7.768751049629984
182360,2023-12-31,-0.20971300034764412,0.029623073736551677,0.09647872385689846,G5,-8.115724192000078
183190,2023-12-31,0.03437648556030911,0.015038003947849193,0.053119192536743944,G4,0.2444998522124007
183300,2023-12-31,-0.39885320264426277,0.03191438841149319,0.08819029776831747,G5,-13.459537213223244
183490,2023-12-31,-0.07097468371566826,0.028260097089382114,-0.04669894455473561,G2,-3.597807155848727
184230,2023-12-31,-0.32171862359158,0.027464745324720197,-0.001958279477057775,G2,-12.83166165359885
185490,2023-12-31,-0.38210074413227935,0.030359448847748854,-0.2871908058321011,G1,-13.59709927607526
185750,2023-12-31,-0.2963498089549637,0.02337623272565463,0.17227107061031405,G5,-13.990684838345588
186230,2023-12-31,0.041387416230638796,0.0305626772603573,-0.1611697172364969,G1,0.3496984351894885
187220,2023-12-31,-0.5102961803049119,0.045433473624769356,-0.1272936408749835,G1,-11.907429323816062
187270,2023-12-31,-0.37782863459977667,0.01990656146122001,0.05599609271425015,G4,-20.522295184586326
187420,2023-12-31,0.37920653558881723,0.042525202906112884,-0.008036852135787403,G2,8.195301043965856
187660,2023-12-31,1.3280842794916063,0.05434377204659751,-0.0748240358385129,G1,23.87365717936662
187790,2023-12-31,-0.2665425996568496,0.010866027385159191,-0.07819201898198859,G1,-27.355194767897725
187870,2023-12-31,-0.17177045680698597,0.019473861025985136,0.044856813272056685,G4,-10.39702154361215
189300,2023-12-31,-0.47202295362434943,0.0312004572082364,0.01577321506541455,G3,-16.112669313997408
189330,2023-12-31,0.0038710249882892844,0.04919875350094004,-0.3585079257542762,G1,-0.5453120032540781
189690,2023-12-31,-0.11564070105575178,0.028652921578615074,0.07702795452971888,G5,-5.107346434873241
189980,2023-12-31,-0.054271043581300776,0.026154957426446072,0.049356100027360975,G4,-3.2487431737462806
190510,2023-12-31,0.03851433253967782,0.03225796378821243,0.13897577247461118,G5,0.24225449484331457
191410,2023-12-31,-0.389239979739015,0.03229379802356324,0.018939820289716452,G3,-13.003725212193856
191420,2023-12-31,0.35712033161069767,0.039161658882854916,-0.052397832779497305,G2,8.335209618408557
192080,2023-12-31,0.2484846804199385,0.01989484306264866,0.18973335365627447,G5,10.946805859018102
192390,2023-12-31,0.2344919398400955,0.039131718134733484,0.057555438221370936,G4,5.207853213113025
192400,2023-12-31,0.36158937288188836,0.01645742117576429,0.11924857120935689,G5,20.105803547865467
192410,2023-12-31,-0.4466730609534624,0.06215384796798366,-0.24880961437521068,G1,-7.6805020506027954
192440,2023-12-31,-0.4063634495419184,0.017107651333884855,0.101452149713362,G5,-25.54781698722868
192650,2023-12-31,-0.4961523241562871,0.026997189765980294,0.05330771369528747,G4,-19.51506895868378
192820,2023-12-31,0.41530292181896056,0.0341591462214238,0.05408905128538988,G4,11.259158045357005
193250,2023-12-31,-0.21309414849195457,0.043479369628586624,-0.15240580827486994,G1,-5.607115429501456
194370,2023-12-31,-0.09763145165675674,0.029066568592090836,0.08420729504949293,G5,-4.415077310128957
194700,2023-12-31,-0.4343332302971237,0.027199289540746973,0.09874994208405985,G5,-17.09724533127798
195870,2023-12-31,-0.6874336509555673,0.028768101244089773,0.1537070126275715,G5,-24.962834379644494
195990,2023-12-31,-0.20662400043527676,0.03262723615327177,-0.18054993330355604,G1,-7.273790986705109
196170,2023-12-31,1.6645384076951784,0.05129771463169349,-0.013917903453312312,G2,31.850126728028663
196700,2023-12-31,-0.37249426758086474,0.029400821870251177,0.023964529925130623,G3,-13.713697024446843
197140,2023-12-31,-0.4852220469483376,0.039083319404832964,-0.06950662743992425,G1,-13.20056102251208
198080,2023-12-31,0.33361799232707956,0.04265542417507024,0.02080714007319703,G3,7.101518795507096
198940,2023-12-31,-1.0272212645066938,0.0367508640303954,-0.08887250337796879,G1,-28.786288111463545
199430,2023-12-31,-0.6326307917937625,0.05363953008154427,-0.14393041891949698,G1,-12.366448524117192
199800,2023-12-31,-0.22175535924751727,0.05319515518211288,-0.4530747074113744,G1,-4.74582796498537
200130,2023-12-31,-0.2904201871132326,0.023803878663340192,0.03741670782517755,G4,-13.490233565392536
200230,2023-12-31,-0.5657956928915506,0.024813430547354416,0.09933947884550182,G5,-24.03921487481056
200350,2023-12-31,0.5554410464011571,0.06345899086823001,-0.15374829628968648,G1,8.26898353415784
200710,2023-12-31,-0.3213697431362661,0.04625208594232726,-0.05180662853368203,G2,-7.611968882717196
200780,2023-12-31,-0.17835111499394918,0.018403940154181155,0.006551126414742884,G3,-11.359024701237459
200880,2023-12-31,-0.2869405508890655,0.03230622390566875,0.08270112202610445,G5,-9.832168799239328
201490,2023-12-31,-0.4566775238028027,0.019364801216483124,0.08575140001207898,G5,-25.16820153079819
203400,2023-12-31,0.01632607339351036,0.04167487176603718,-0.6538684972624175,G1,-0.3448990198379895
203450,2023-12-31,-0.1416582727894023,0.02639847253390897,0.044976160608806076,G4,-6.529088695775792
203650,2023-12-31,0.15295436566541012,0.028534113244422923,0.06296934214925519,G4,4.2845091698027336
203690,2023-12-31,-0.5232420628784148,0.0486430236362065,-0.3233099138821164,G1,-11.387897323956427
204020,2023-12-31,-0.06828822134781191,0.014654249128431536,0.11142420737347956,G5,-6.754895204644115
204210,2023-12-31,-1.3770557897851061,0.04351209179122516,-0.00668397263907182,G2,-32.35320178025757
204270,2023-12-31,0.9581204903518443,0.05328196923834915,0.031713192454844545,G3,17.405903118664245
204320,2023-12-31,0.25402026747962925,0.031960713588592246,0.035902892980680584,G3,6.987346231901677
204620,2023-12-31,0.1117229072030951,0.038488033899382386,-0.030940010098261646,G2,2.1051532951103744
204630,2023-12-31,-0.6486252108063345,0.034537736043640826,-0.5013794228656592,G1,-19.66906301459513
204840,2023-12-31,-0.062196980054526965,0.02603746357359735,-0.0989330836541516,G1,-3.567808193353251
205100,2023-12-31,0.061335109202159815,0.028695110676617935,0.08355163223133366,G5,1.067617885496864
205470,2023-12-31,0.18085095170903887,0.04800742809471385,-0.1790350180398357,G1,3.1276671517439962
205500,2023-12-31,1.1195938992895837,0.04208900645887589,-0.31094972335432763,G1,25.87122612495081
206400,2023-12-31,-0.4595447464866241,0.03674048107859715,-0.0753071426982726,G1,-13.343441019603368
206640,2023-12-31,-0.09170453360165803,0.030182870847214903,0.13851247252763962,G5,-4.055420375310099
206650,2023-12-31,0.20824533853571556,0.032039840689986485,-0.09627192002694969,G1,5.541402169759039
207760,2023-12-31,-0.32084746089070293,0.040341707316677314,-0.0859388792278754,G1,-8.714235963009513
207940,2023-12-31,0.3992426970199805,0.018990669727196992,0.0697976546467434,G4,19.406529969540294
208140,2023-12-31,-0.03803398402378409,0.02032401408998546,0.1930900923130275,G5,-3.3818949119476693
208340,2023-12-31,-0.19216472626379144,0.022441690130019086,-0.5336630275738357,G1,-9.930821644452159
208350,2023-12-31,-0.30304338468437675,0.02267282539585589,0.14798949443969198,G5,-14.71995989361204
208370,2023-12-31,-0.2694396927313346,0.03859727548025859,0.05785857700502632,G4,-7.776180697063395
208640,2023-12-31,-0.22446241897207997,0.041157931871056624,-0.3171473731228443,G1,-6.199585430797785
208710,2023-12-31,-0.20424547750214472,0.04462789026589937,-0.07242988659489692,G1,-5.2645368606895415
210540,2023-12-31,0.0020866916497190857,0.018782341202854158,0.10852706948502694,G5,-1.5233992322226249
210980,2023-12-31,-0.7892900297395311,0.03326396582953643,0.05540917612505722,G4,-24.650991098268843
211050,2023-12-31,0.7002384657781153,0.029087849486447825,0.0814154693889253,G5,23.017816090961496
213420,2023-12-31,-0.3528156703997959,0.03070706055174534,0.1031941789530501,G5,-12.489484806629854
213500,2023-12-31,-0.2114395801518565,0.010420876852741193,0.0012155661397543636,G2,-23.2359790247068
214150,2023-12-31,0.5005271819476466,0.032958389749312686,0.24994963003863635,G5,14.255171132562806
214180,2023-12-31,-0.19874132332633,0.012260505702383758,0.07020645187662161,G4,-18.713829976785643
214260,2023-12-31,0.062321419151231794,0.05544029907754381,-0.09172501551144568,G1,0.5703743280589506
214270,2023-12-31,-0.24740253745275403,0.03489290868561684,-0.07931454584862128,G1,-7.970164819904529
214310,2023-12-31,-1.5554959249247875,0.06494054845718208,-0.6959909392082099,G1,-24.425349930454015
214320,2023-12-31,-0.1261743912720688,0.012671516600912694,0.0629795790145703,G4,-12.380056155098286
214330,2023-12-31,0.15323871126072364,0.021051408292068616,-0.033159310376525725,G2,5.820941465916143
214370,2023-12-31,0.2957250223604012,0.03978562435375438,0.20047268841899823,G5,6.661333857335873
214420,2023-12-31,0.6441846145987707,0.045170566757433035,0.022472853834718528,G3,13.581519179861262
214450,2023-12-31,0.9488665264088847,0.034954598586704556,0.18813395525694326,G5,26.267411662985914
214610,2023-12-31,0.08827190533070145,0.06116842306669123,-0.4208855455448909,G1,0.9412080061380795
214680,2023-12-31,-0.49248169191785185,0.03790570636956543,-0.005194832551469221,G2,-13.802180142338825
214870,2023-12-31,,,-0.0009704683969228319,G2,
215000,2023-12-31,-0.3925741104756173,0.016308302528759817,0.1671203033325872,G5,-25.954498056843203
215100,2023-12-31,0.11961241954858684,0.03961151301381426,0.04558015195925312,G4,2.2446182174381626
215200,2023-12-31,-0.3730755979723379,0.02312215878243402,0.13285060858365766,G5,-17.462698772598078
215360,2023-12-31,-0.26071311862931457,0.02644321171823836,0.06829163474689891,G4,-11.020326031191301
215480,2023-12-31,-0.30588875401487436,0.021564309020763367,0.07347820212797951,G4,-15.608589614825032
215600,2023-12-31,-0.6931004023519087,0.02746426197835905,-0.2630680674704581,G1,-26.354252618902713
215790,2023-12-31,-0.7576886984712337,0.029114252950038718,-0.16184584027950427,G1,-27.079121543720586
216050,2023-12-31,-0.3440593659872473,0.020099544402303837,0.07655431312643575,G5,-18.645152064331487
216080,2023-12-31,-0.08890435468074309,0.02571510199106162,0.004319538260159983,G2,-4.6511209848519
217190,2023-12-31,-0.43418223722376403,0.03806369627782365,0.04003147301065667,G4,-12.213262990754268
217270,2023-12-31,-0.11154868983999636,0.02559505883204424,-0.06668617275148994,G1,-5.557650271129527
217330,2023-12-31,-0.8274607149838498,0.04524606072247172,-0.21731707016790072,G1,-18.966522103771343
217480,2023-12-31,,,-0.13179782435198797,G1,
217500,2023-12-31,-0.5519820162539587,0.02380916116125253,0.028297500982949527,G3,-24.47300466089986
217730,2023-12-31,0.21139245079732805,0.05549713888600505,-0.28475726180487243,G1,3.2558931614653672
217820,2023-12-31,-0.9120200814818382,0.025928626387037707,-0.011964659006144178,G2,-36.358261453087046
218150,2023-12-31,0.01008006906618647,0.03336031472693535,0.007616646749015867,G3,-0.6180884958694824
218410,2023-12-31,0.04243133223828233,0.031074736121968708,0.014431886165258024,G3,0.3775297197937588
219420,2023-12-31,0.33051799135006316,0.04424378594806076,0.03823158911654019,G4,6.776506329827633
219750,2023-12-31,,,-0.2451764390775135,G1,
220100,2023-12-31,1.0229321837116137,0.051316312323585356,-0.09199793579755701,G1,19.33561557653249
220180,2023-12-31,-0.1648365992934735,0.029590244833987984,0.01567530558854623,G3,-6.608133734884371
221840,2023-12-31,-0.5510150236372342,0.018018074210105876,-0.05840157337873779,G2,-32.285066243564245
221980,2023-12-31,-0.09279971985254203,0.008257381838992023,0.045650225236754965,G4,-14.956243768074078
222040,2023-12-31,-0.6502727435741247,0.027476556745355523,0.0013632204695130136,G2,-24.783761870261372
222080,2023-12-31,-0.2592299578313557,0.036899770344788155,0.060355531016581455,G4,-7.857221086737653
222160,2023-12-31,0.020619144536685403,0.011060328059578142,-0.005704128784502719,G2,-0.9114152153990962
222800,2023-12-31,-1.0207463063864484,0.029881300630812322,-0.12303041028327806,G1,-35.18742424216075
222810,2023-12-31,-0.529736263482217,0.027800298748411806,-0.433443087092669,G1,-20.15935024193668
222980,2023-12-31,-0.14110375211862294,0.02242836850894484,-0.05280341740895505,G2,-7.660095644834581
223250,2023-12-31,0.10702882692557017,0.04272481886480122,0.04971706858577178,G4,1.7865290745787883
224060,2023-12-31,-0.35642819332808573,0.027955867115897943,-0.14712531353671107,G1,-13.847822624876633
224110,2023-12-31,0.4295357329684938,0.047340315915052,0.06950340978596861,G4,8.424870629648506
225190,2023-12-31,0.594457755650197,0.04723952031627938,-0.026087357062176797,G2,11.934034386001754
225220,2023-12-31,-0.20961992002532842,0.029904160728102164,-0.05865046790731008,G2,-8.036327052542248
225530,2023-12-31,-0.019851659970958127,0.02422403909501172,0.1257603011241213,G5,-2.086826048710361
225570,2023-12-31,0.04758022009100271,0.03624529241122568,0.04289433769600692,G4,0.4657301169484866
225590,2023-12-31,-0.25711213343148287,0.01597482607589679,0.07937812683036384,G5,-18.016586088735632
226320,2023-12-31,0.034105095453097464,0.023211849356756697,0.039810211731959796,G4,0.1467095354302611
226330,2023-12-31,-0.44898111105674254,0.04231341568410977,-0.21538867916276747,G1,-11.336376397861226
226340,2023-12-31,-0.24939086796320997,0.03792036034441059,0.017833466333296584,G3,-7.386284340042813
226350,2023-12-31,,,-0.20609854522910867,G1,
226400,2023-12-31,0.6685827858018617,0.033943311741408855,0.024827286555549884,G3,18.79260028732527
226440,2023-12-31,,,-0.4043769591545512,G1,
227100,2023-12-31,-0.7135654282837594,0.08986612957628104,-0.24881269627171382,G1,-8.281931441917674
227610,2023-12-31,-0.4780473124798822,0.026546051706724014,-0.005448428716914065,G2,-19.164695899711102
227840,2023-12-31,-0.036376381318677514,0.008019479313241791,0.1009170596634714,G5,-8.364143670202099
227950,2023-12-31,-0.19475134474250105,0.034962885029926165,0.09435350251220159,G5,-6.448296253785085
228670,2023-12-31,-0.9517658901962571,0.034594146237159736,-0.016311138655492528,G2,-28.399763916081845
228760,2023-12-31,0.17746902417347815,0.04905751562018038,-0.0715375361427963,G1,2.9917806986461497
228850,2023-12-31,-0.30310156942496874,0.012549500842516841,0.0847799127874671,G5,-26.598768304119606
229000,2023-12-31,-0.8434329394664132,0.05395091946927492,-0.605777390143713,G1,-16.20236770536826
229640,2023-12-31,1.0822018151252,0.050117082491381935,0.021038607425753936,G3,20.980912436164342
230240,2023-12-31,0.3894170313005649,0.035446511438750515,0.011383545830675334,G3,10.119961624514639
230360,2023-12-31,0.038282829793072765,0.025882710767262018,0.17143173623512062,G5,0.29298067129714545
230980,2023-12-31,-0.6103738452297165,0.034896375402419764,-0.4539734678727837,G1,-18.37077729862896
232140,2023-12-31,1.316585711548666,0.06358304522941957,0.03469459602271369,G3,20.22372491112147
234080,2023-12-31,-0.1896677352235983,0.010283818957826242,0.13175712877820325,G5,-21.428559948868383
234100,2023-12-31,-0.43062831073004987,0.023172814678181327,0.055551688340370005,G4,-19.908155869468455
234340,2023-12-31,-0.4685549692275194,0.036927470766451705,0.03872499731477987,G4,-13.519871647927172
236200,2023-12-31,0.23834189053416666,0.023881666392042065,0.11273772044741764,G5,8.694627556888888
237690,2023-12-31,0.4463162499540726,0.03960274053389099,0.03457655558790233,G3,10.494641242842988
237880,2023-12-31,-0.3577075339729634,0.0312036419362108,0.12903921272628127,G5,-12.447496692356287
238090,2023-12-31,-0.640856349196234,0.029652170305043364,-0.047093902783132996,G2,-22.6477872649849
238120,2023-12-31,-0.12892259914163146,0.028708819368221446,0.08365552927588027,G5,-5.560043863587511
238170,2023-12-31,1.2864679097523914,0.07517622348282915,-0.00874459407238472,G2,16.70432692354822
238200,2023-12-31,-0.48253781025639564,0.02173605868543665,0.0019394479104310701,G2,-23.612261703073138
239340,2023-12-31,-0.37013370778467986,0.03948189669815533,-0.2138335702344856,G1,-10.152334034674126
239610,2023-12-31,-0.12533585597629643,0.03686805817848289,-0.023646410045184404,G2,-4.232269327513786
240600,2023-12-31,-0.752640426966949,0.045095922105573095,-0.014551662093778474,G2,-17.370531218999773
240810,2023-12-31,-0.2839796605575987,0.031104463020169466,-0.019225259068349355,G2,-10.116855454827741
241520,2023-12-31,0.006955178260277195,0.030518668129738826,0.1252301612518906,G5,-0.7780325621115659
241560,2023-12-31,0.07260761090183565,0.030303084791641653,0.11973294454870342,G5,1.3829587110518997
241590,2023-12-31,0.3379601914227346,0.029107463260078032,-0.013702032433323954,G2,10.556072607902706
241690,2023-12-31,-0.20670023480582184,0.03374885456250168,0.054170400530630804,G4,-7.034310755159293
241710,2023-12-31,0.5372952601295424,0.0375067785179643,0.10656337620873947,G5,13.506773557462747
241770,2023-12-31,-0.003595535561883731,0.027260941925998174,-0.020224997199174907,G2,-1.2580354513234038
241790,2023-12-31,-0.8743045340590339,0.024856519503461863,0.08005050527325176,G5,-36.409129192463205
241820,2023-12-31,-1.7126369331367397,0.053480332553357685,-0.3274491881902001,G1,-32.59771481815098
241840,2023-12-31,-0.6022068651959991,0.025269151371286283,0.039407024052711986,G4,-25.04660927128209
242040,2023-12-31,-0.3141356775298424,0.029255771413425304,-0.03156053723786316,G2,-11.786917817832345
243070,2023-12-31,-0.373716153028826,0.020243773036825077,0.11746082747800261,G5,-19.977296134996724
243840,2023-12-31,-0.6214649853574641,0.026271698877037238,0.042266311854389636,G4,-24.82384882025953
244920,2023-12-31,-0.020083511204806365,0.016541671735878824,0.042695032984069264,G4,-3.070016612175193
245620,2023-12-31,0.16297598802068575,0.03792275914578124,-0.19645111828304454,G1,3.4880450468992437
246960,2023-12-31,0.20587084301328093,0.021379204085346565,-0.16657258018654694,G1,8.1935298665236
247540,2023-12-31,-0.5926532767409027,0.03864403409809504,0.01781391698875579,G3,-16.13063923336931
248070,2023-12-31,-0.2897757572366234,0.02489890267690038,0.15226177862267923,G5,-12.871067340306151
248170,2023-12-31,-0.06896233806398905,0.024207298430956172,0.03151371365940201,G3,-4.117024217540617
249420,2023-12-31,-0.40300724543722255,0.02400691156671927,-0.15422668094557837,G1,-18.065919893501004
250000,2023-12-31,-0.06451673820516991,0.020049887629157853,0.1231938464717261,G5,-4.748975943595337
250060,2023-12-31,-0.2280156717325609,0.04329752010421498,-0.10227569562240808,G1,-5.9752929712218235
250930,2023-12-31,-0.191679795076049,0.04547672611399332,-0.18165600951810187,G1,-4.889962622553709
251270,2023-12-31,-0.15914411461386935,0.02919539325237117,-0.02003617895808427,G2,-6.502526230433332
251370,2023-12-31,0.05927020310053857,0.028961475853392725,-0.001473186771755151,G2,0.9865003920268505
251630,2023-12-31,-0.7003680664615786,0.029379426181159293,-0.01378858494733271,G2,-24.883663750651973
251970,2023-12-31,0.8176389843938296,0.032067830100093016,0.10513576818698009,G5,24.53983590782641
253450,2023-12-31,-0.26001155105081875,0.020694587183110128,0.03407382840918841,G3,-14.04769490186173
253590,2023-12-31,0.6083820468946641,0.058954079921074126,0.08700224756597155,G5,9.798852799510342
253840,2023-12-31,0.11638169834005596,0.047904105813312156,-0.1405686624564762,G1,1.7886150063311514
254120,2023-12-31,-0.3029200157262103,0.032449112901784115,-0.08604776196362156,G1,-10.281319940963863
254490,2023-12-31,-0.3700159100555509,0.04464787463302655,0.04286084734399034,G4,-8.975020852988765
255220,2023-12-31,1.3283425876602677,0.06519165637563486,-0.17214373283438145,G1,19.905045583835886
255440,2023-12-31,-0.16241579380253246,0.032883588801609374,-0.02724790389117881,G2,-5.872701145398448
256630,2023-12-31,-0.2594822747281868,0.02342895695020107,-0.08817647336124164,G1,-12.385612008356475
256840,2023-12-31,0.394679105240091,0.04033379540007646,0.07499803468615512,G4,9.024179495438966
256940,2023-12-31,0.1740806857104909,0.03290045404562191,0.04580427238025454,G4,4.358024655045155
257720,2023-12-31,1.79602356206246,0.05693950512777471,0.22354852454414176,G5,31.003498577718695
257990,2023-12-31,0.14718111130524852,0.02245889687244705,0.029942462290197706,G3,5.186426392591854
258610,2023-12-31,-0.7419512170948708,0.04423056221844774,-0.2906974026089074,G1,-17.46871109384413
258790,2023-12-31,-0.2606534739861888,0.033208038262810775,-0.14496347342671018,G1,-8.773573660024407
259630,2023-12-31,-0.34687174075141836,0.02941419648126241,0.07393186840751287,G4,-12.836367527817103
259960,2023-12-31,0.7200196764254219,0.026017765537488954,0.12865785525587786,G5,26.494203724554726
260930,2023-12-31,-0.014112454968312593,0.03519837090693998,0.03258520184319707,G3,-1.273131387366782
261200,2023-12-31,-0.2820924125934559,0.026054181369685254,0.01481727091959756,G3,-12.00544756992014
262260,2023-12-31,-0.953288308358718,0.024570967829417045,0.05799697603263135,G4,-40.046774347982776
262840,2023-12-31,-0.015992866595813865,0.03011975239394682,0.06686866779381459,G4,-1.5502306195149258
263020,2023-12-31,0.06408973457308424,0.02915777228382245,0.10323216576005156,G5,1.145150542729202
263600,2023-12-31,-0.5543116245664619,0.030370827976881433,-0.064426066767137,G2,-19.262277631326633
263690,2023-12-31,-0.5063261052216523,0.016844643899896088,0.08188900052292689,G5,-31.881101448660225
263720,2023-12-31,-0.05459150229706877,0.04719579569268438,0.04176109361676854,G4,-1.8071778823252236
263810,2023-12-31,-0.431329567944575,0.025028000158659632,0.028994485394309554,G3,-18.46049467928441
263860,2023-12-31,-0.056579845906270076,0.025455438378001464,0.10251183853797691,G5,-3.42871886265323
263920,2023-12-31,-0.06566698370685169,0.01738748161912484,0.14723039803936117,G5,-5.542302308940848
264450,2023-12-31,-0.31005538541140565,0.016343979631638764,0.1604728543304661,G5,-20.848966341665076
264660,2023-12-31,0.03521802184671188,0.03132819728833177,0.09108117064593349,G5,0.14422553547006217
264850,2023-12-31,0.6799109456991357,0.05252559155929256,0.0889859168804578,G5,12.359903631904743
265520,2023-12-31,-0.15877795252019195,0.032608987000276576,0.13339719555984267,G5,-5.810595966568215
265560,2023-12-31,-0.32954406364792654,0.021382792508932786,0.07103900844267236,G4,-16.847367307844525
266170,2023-12-31,0.3872434663889998,0.06359976383875027,-0.39338634428476493,G1,5.606054945038541
266350,2023-12-31,-1.4549561554994312,0.09349290445861033,0.017097567334842894,G3,-15.890573299866059
267080,2023-12-31,-0.650816389368007,0.056916797799511594,-0.16497939188316674,G1,-11.97390070302489
267250,2023-12-31,0.32625467241805106,0.02034495764949964,0.01409544316465905,G3,14.527185639426948
267260,2023-12-31,1.8697229728316487,0.0446127559764303,0.10670079942938357,G5,41.22191594676971
267270,2023-12-31,0.3996509143288439,0.034101561449762285,0.05768806940297606,G4,10.819188413260335
267290,2023-12-31,-0.0814311279406604,0.012765388897053453,0.04065140735873101,G4,-8.78397240087478
267320,2023-12-31,-0.5459171976597851,0.023666602868684408,0.05121395510945872,G4,-24.36415976879612
267790,2023-12-31,-0.35259247030878915,0.02133924379249294,0.12899040810737628,G5,-17.9618439085044
267980,2023-12-31,-0.20218181053028625,0.011705126524500403,0.07818042003184571,G5,-19.89568466947576
268280,2023-12-31,-0.0010864731264331184,0.011297617375098875,0.05857274000062318,G4,-2.8135285422202054
268600,2023-12-31,,,-1.1274044078669827,G1,
269620,2023-12-31,,,-0.09817776776188489,G1,
270870,2023-12-31,-0.06066474368741964,0.03781781970770212,0.04227070445087944,G4,-2.415909753948679
271560,2023-12-31,-0.07858806927173699,0.02048990983156769,0.1476742499170152,G5,-5.333735774710621
271830,2023-12-31,-0.7155294867095507,0.030499409182907743,0.08193997671702719,G5,-24.46700452627907
271980,2023-12-31,-0.3401710972166813,0.02135074749735966,0.003931848048111155,G2,-17.370389166938324
272110,2023-12-31,-0.19712117507251242,0.03131179879965075,0.0904995321980157,G5,-7.275879368915209
272210,2023-12-31,0.5308001705020001,0.03497583624555007,0.09222096166633523,G5,14.298456545070794
272290,2023-12-31,-0.0717811947713016,0.026849754380714744,0.07717567755434651,G5,-3.8168278612783357
272550,2023-12-31,-0.02110491825024771,0.012846481939862773,0.047172738594256344,G4,-4.03259151495694
273060,2023-12-31,-0.47862421319314863,0.037263294671305104,0.010600635536821328,G3,-13.668246823135798
274090,2023-12-31,0.3278484415299492,0.03522366717798979,-0.0071745291570807935,G2,8.43605364004058
274400,2023-12-31,-1.1405710847439239,0.03575961007154644,-0.022248737809516285,G2,-32.75401432560314
276730,2023-12-31,-0.37447745235011265,0.05034545292125858,-0.24732693749064416,G1,-8.047939280659751
277070,2023-12-31,0.09087831130032731,0.04702167102852192,0.06834172396695021,G4,1.2798059738526582
277410,2023-12-31,-0.3297177648555467,0.017261933099991356,0.06825260995138403,G4,-20.879322065801407
277810,2023-12-31,0.7135102460985607,0.03840550934713516,-0.008190518619401248,G2,17.77897395161104
277880,2023-12-31,-0.48860123656622156,0.027330433249794506,-0.02140245129403121,G2,-19.0008305992594
278280,2023-12-31,-0.9545849913279928,0.03200139027698606,-0.04539954796738977,G2,-30.78880881791111
278470,2023-12-31,-0.12328715512665189,0.04187056633125823,0.36832528739008075,G5,-3.6776873215871553
278650,2023-12-31,-0.04356095551845038,0.04233558509058159,0.0018965434323626516,G2,-1.7540953119474343
278990,2023-12-31,-0.7896937617647823,0.036025288273026555,0.05954621216274831,G4,-22.772710418434908
280360,2023-12-31,-0.10796487241511338,0.02466872506659042,0.026157447201617216,G3,-5.621067479502675
281740,2023-12-31,-0.17322648614484315,0.042824808222835666,0.08125349257071263,G5,-4.761870290258373
282330,2023-12-31,-0.19244225804618573,0.018415597187607838,0.07714981389625963,G5,-12.117008837152028
282690,2023-12-31,0.13231827449222827,0.011753979206225357,0.028398374237343756,G3,8.645461838227236
282720,2023-12-31,-0.01247312417195462,0.04541942184329433,0.08425939939154431,G5,-0.9505365378361611
282880,2023-12-31,-0.4734952066409489,0.03297069265360951,0.05460814521991604,G4,-15.292214444977454
284620,2023-12-31,-0.4814750678367455,0.05648047062378383,-0.7261441919200287,G1,-9.068174503463858
284740,2023-12-31,-0.0680796045760531,0.016826681258948133,0.14978032141873734,G5,-5.870397071972494
285130,2023-12-31,-0.4289970200971051,0.02078217878167045,0.012604361350617294,G3,-22.119755620620527
285490,2023-12-31,-0.08417206554613876,0.03234428258730938,0.19563204628404562,G5,-3.551532208313701
286750,2023-12-31,-0.005196795152703937,0.0491234923788046,-0.2184481089316716,G1,-0.730739799470828
286940,2023-12-31,-0.2283296905704368,0.03714395651601294,0.05721986583312835,G4,-6.973661685078122
287410,2023-12-31,0.3138912695138426,0.03240722836101137,0.24943934466074616,G5,8.738531124650434
288620,2023-12-31,-0.5826902425417599,0.02734202861890801,-0.030971153099133956,G2,-22.433958610337672
288980,2023-12-31,-0.3980618409978461,0.035180462567516814,-0.00839825413485298,G2,-12.187490030651986
289010,2023-12-31,-0.4198346990678311,0.023542290894952994,-0.23930593258897992,G1,-19.137236766618468
289220,2023-12-31,-0.488443953546179,0.04413135249156747,-0.19783443392918576,G1,-11.763601613226477
290090,2023-12-31,-0.486011173515553,0.024824146862709857,0.03991786499532623,G4,-20.814849033512292
290120,2023-12-31,-0.48630774804173166,0.017933802158045055,-0.04500760354534901,G2,-28.828657710339133
290270,2023-12-31,-0.06151553456813995,0.023342933728617905,0.1357511543089027,G5,-3.9504559048881096
290520,2023-12-31,-0.42417524937878104,0.03756605828960108,-0.022856229342378912,G2,-12.108668460491332
290550,2023-12-31,-0.04240329170384527,0.029755252195058594,0.03705765669141065,G3,-2.456809542131048
290650,2023-12-31,-0.12025488949623503,0.029161944770590902,0.24001109008452912,G5,-5.176423811966048
290660,2023-12-31,-0.3508014860245072,0.023903957177701714,-0.07778531789063611,G1,-15.959750053345678
290670,2023-12-31,-0.5342692998674449,0.03154944836866972,-0.09519145410452287,G1,-17.907412804275193
290720,2023-12-31,-0.8886624754765714,0.04328521488746327,-0.17734950744731023,G1,-21.239635142953567
290740,2023-12-31,-0.34461662863527326,0.01680099883618415,0.04945021388378757,G4,-22.338929257256336
293780,2023-12-31,0.05165075082163423,0.049996504328208735,-0.1587979404330354,G1,0.4190503973359366
294090,2023-12-31,0.7437733196153989,0.08849723732151842,-0.7722998818504553,G1,8.057580613587382
294570,2023-12-31,-0.14542903096222282,0.026679064826332585,0.04671940415469463,G4,-6.601757892423274
294870,2023-12-31,0.25021272907130154,0.030683952335375825,0.033781726316452335,G3,7.154001246466947
296640,2023-12-31,-0.03456673543034766,0.03543358488376297,-0.011951944351474399,G2,-1.8419370058643358
297090,2023-12-31,-0.3548365715700554,0.03496959465522951,-0.015562368830925374,G2,-11.02489952167321
297890,2023-12-31,-0.31024027000452414,0.047380940468301755,0.3239109047803329,G5,-7.195719680788234
298000,2023-12-31,-0.6173421707981883,0.036791046163622144,-0.1193644009335806,G1,-17.61411903683355
298020,2023-12-31,-0.3741123509937533,0.02949403407770795,0.030214272011346605,G3,-13.725217979496641
298040,2023-12-31,1.287184137678238,0.045360143612848784,0.035633914120614986,G3,27.700186590785698
298050,2023-12-31,-0.733040339672627,0.025454871379181607,0.02416944169226425,G3,-30.00368865013186
298380,2023-12-31,0.5988604633649217,0.040240563331046975,-0.0165267330805521,G2,14.119105711153795
298540,2023-12-31,-0.5805171494300492,0.020251686769510925,0.10586493451179549,G5,-30.181033916035645
298870,2023-12-31,,,0.023893162133207583,G3,
299030,2023-12-31,-0.9748963865671917,0.03962058314406528,-0.03529672133044539,G2,-25.380648203188024
299170,2023-12-31,-0.10275768388701201,0.03264936583019617,0.05939222542160225,G4,-4.0875948524878485
299900,2023-12-31,-0.7532139363568601,0.048684830893951224,0.1896925341091113,G5,-16.10180456171096
300080,2023-12-31,0.07722407684283944,0.05731593169841329,-0.38239576958568966,G1,0.8117181322315818
300120,2023-12-31,-0.16953709124866995,0.03559755640234197,-0.13917246213880938,G1,-5.625014953357496
300720,2023-12-31,0.23905478053483342,0.02032054792706169,0.0787768364091151,G5,10.253418631486216
301300,2023-12-31,-0.1925952256528236,0.040501359549582255,-0.0747187898942121,G1,-5.513269775473926
302430,2023-12-31,-0.3324682793690174,0.02996440755507457,0.09790420806768449,G5,-12.11997849511976
302440,2023-12-31,-0.2961401860285602,0.026237552887907262,0.00395544828665724,G2,-12.456949900868587
302550,2023-12-31,0.16758225634912824,0.03074944361168643,0.017792460947732642,G3,4.451545929098212
304360,2023-12-31,1.3401931181922606,0.073956637842587,-0.1983615800544851,G1,17.706232470464126
304840,2023-12-31,0.19638419443393526,0.04787603564888851,-0.6302393762251355,G1,3.4606979540147305
306040,2023-12-31,-0.6928511953630564,0.019388391280960347,0.07580299534866136,G4,-37.31876877743247
306620,2023-12-31,0.21240228059900637,0.0399651615873268,-0.006735943321880342,G2,4.54652446192373
307180,2023-12-31,-0.03956893855635274,0.030720028276194567,-0.2345032749358249,G1,-2.2873883364324734
307280,2023-12-31,-0.36271193308788136,0.02009650775163172,0.16681344814022142,G5,-19.576119083348154
307750,2023-12-31,-0.4838105734064413,0.02483273618540274,0.007722449369618257,G3,-20.719032545691555
307950,2023-12-31,-0.2907608626654451,0.027774608863984234,0.06392302245530121,G4,-11.573900466327663
308100,2023-12-31,-0.442311253685023,0.025667565694658778,-0.04994200986084788,G2,-18.42835254147001
308170,2023-12-31,-0.7185978812826515,0.02121002742718358,-0.06902001748856994,G1,-35.327515707962434
309960,2023-12-31,-0.23260278104893267,0.037613450658581654,0.06471341822708404,G4,-7.000221257454604
310200,2023-12-31,-0.12857202453841382,0.025273783218704493,0.05981912516121793,G4,-6.301855127016809
310870,2023-12-31,0.0031775508958471477,0.018671909862918737,0.048930824273099145,G4,-1.473986599319474
311390,2023-12-31,0.008098945881452158,0.025455731251380082,-0.07441938641510328,G1,-0.8878452444697705
314130,2023-12-31,-0.5224281915584941,0.05103652896953592,-0.31997070695503327,G1,-10.837882170751671
317120,2023-12-31,-0.09914088415789768,0.04358454823780943,-0.16168549885636552,G1,-2.9790507238239985
317240,2023-12-31,-0.61747864919916,0.03468414747268642,-0.01907703576628903,G2,-18.68802874647812
317330,2023-12-31,0.9482667157695266,0.05235466640591108,-0.04034394101044191,G2,17.52598350714424
317400,2023-12-31,-0.44216941344122307,0.01879453842307464,0.07983470129248613,G5,-25.15992138855389
317530,2023-12-31,0.18534159469372058,0.042018015498835874,-0.48115738134589003,G1,3.680371313121975
317690,2023-12-31,0.7289946762803923,0.06273994013167004,-0.9542686890233448,G1,11.129991182608963
317770,2023-12-31,-0.5324530131741307,0.042786770987244316,-0.09141809004137262,G1,-13.161841756170604
317830,2023-12-31,0.07961675572490606,0.04178511934009919,0.004085196760245036,G2,1.1706813497232784
317850,2023-12-31,0.1858492657222934,0.03746704572505955,-0.0035308428015217615,G2,4.1409608604671035
317860,2023-12-31,0.2120207106178592,0.0316901663914849,-0.20046840611874184,G1,5.721680743496803
317870,2023-12-31,0.20707715473063598,0.02533671802507894,-0.06126647753908205,G2,6.961338036700827
318010,2023-12-31,-0.7538793679320482,0.03111101570831071,0.055646607129976954,G4,-25.218690096959882
318020,2023-12-31,-1.2006441550226343,0.029547117273883254,0.07759638051806154,G5,-41.6739081320976
318160,2023-12-31,-0.04812752235006089,0.03262237770258001,-0.015260852208293004,G2,-2.416354162968236
318410,2023-12-31,-0.12510655573835472,0.02191682756746002,0.07383598855279531,G4,-7.108978298810509
319400,2023-12-31,0.22216868381803026,0.020026926765167104,0.018285604728834108,G3,9.560577628593638
319660,2023-12-31,0.035444599971465096,0.03196851907744721,0.13331337139883234,G5,0.14842427146780138
321260,2023-12-31,-0.0728502856228997,0.03103089012838185,0.07798532545134877,G5,-3.336996812272557
321370,2023-12-31,-0.728875325436662,0.048640513412559636,-0.6409918789632745,G1,-15.616097939007773
321820,2023-12-31,-0.16605393277732325,0.056787260972654414,-0.08287545120915718,G1,-3.4647494037361537
322000,2023-12-31,0.09390155421568737,0.04369293272224303,-0.0068479194790365076,G2,1.4465007144284074
322180,2023-12-31,0.36632969862049,0.038097497153538724,-0.14371446780687291,G1,8.809765152035038
322310,2023-12-31,-0.007455746640192162,0.04764118707692046,0.044252758849922934,G4,-0.8008919340334167
322510,2023-12-31,-0.2573703322996588,0.05979412149409451,-0.2203612596952359,G1,-4.8176981435474415
322780,2023-12-31,-0.6384133520391387,0.04186823334172046,0.03183230343642783,G3,-15.981401517361798
323230,2023-12-31,-2.2372779866406702,0.06229540499121068,-0.1939495007429177,G1,-36.406821382382084
323280,2023-12-31,2.732191914850328,0.07100842991307221,-0.021240546415099218,G2,38.044669095485936
326030,2023-12-31,0.1662457684768352,0.025295227767555432,-0.06064649752825579,G2,5.3585630422035955
327260,2023-12-31,-0.48169642719139916,0.03238647119933042,0.004001329935714297,G2,-15.82130142722938
328130,2023-12-31,0.08038146727304352,0.04565311893692928,-0.1372184488568199,G1,1.0882448475029587
328380,2023-12-31,-0.3779403107946237,0.03205508822458223,0.015650259478594407,G3,-12.748054341611157
329180,2023-12-31,1.011269989557693,0.03192347553344456,0.0020055893496277763,G2,30.716276262367185
331520,2023-12-31,-0.049927362313133994,0.0300838548352143,0.017649579009771214,G3,-2.680077356185333
331920,2023-12-31,0.07357430220956684,0.050312748803075825,-0.2139046636721446,G1,0.8521618757084339
332290,2023-12-31,-0.3956522719077866,0.025241360749412873,-0.060208929874330824,G2,-16.89100567746508
332370,2023-12-31,0.1959073388134132,0.016532462329801597,0.1226387440745971,G5,9.9929242057378
332570,2023-12-31,0.6773892465877465,0.037171175234669486,0.15365511589815847,G5,17.397608407255575
333430,2023-12-31,0.7196943538173416,0.04117713968165037,0.05636368814420791,G4,16.73245551601258
333620,2023-12-31,-0.13254506755724588,0.03526004117345852,0.021319183570897956,G3,-4.629738308349353
334890,2023-12-31,-0.05743352139488467,0.012628038998077552,0.06102831820492557,G4,-6.979168913383325
335810,2023-12-31,-0.3219812587694,0.03580443545703513,-0.08614753255976003,G1,-9.85020291718056
336060,2023-12-31,0.05968398376823392,0.03961955039961217,0.1574200840294702,G5,0.7315652918420587
336370,2023-12-31,0.011890309886707251,0.048675517251222246,0.11039695465702187,G5,-0.38642395588124806
336570,2023-12-31,-0.32669449955728924,0.03864545205363051,0.31176451746663864,G5,-9.24802729384051
337930,2023-12-31,0.27558575483239395,0.0501457036939782,0.11717598864698321,G5,4.8834903286901294
338220,2023-12-31,-0.37030060713129204,0.039566709176283694,-0.6927913511619112,G1,-10.134790365359532
339770,2023-12-31,0.3729741014290887,0.027370256156417652,0.0538691713125512,G4,12.505341698504465
339950,2023-12-31,0.3097085497325616,0.03752279091310499,0.11540685516139204,G5,7.435716990273934
340570,2023-12-31,0.8182923912936486,0.03374778342892966,0.23263795064115314,G5,23.33761259120233
340930,2023-12-31,-0.8101406629669057,0.051397701391788,-0.07574251806903802,G1,-16.35949344066854
344820,2023-12-31,-0.11845830887034373,0.010435774902123073,0.04794580755214357,G4,-14.292949597589466
347000,2023-12-31,-0.16847119381205106,0.026835324135564366,-0.02179283508386918,G2,-7.421966979917489
347740,2023-12-31,-0.06757903948635458,0.02641753664896585,0.06920445006027486,G4,-3.7202081560353326
347770,2023-12-31,-0.708576328826512,0.040026481958529196,0.022048406971688944,G3,-18.46967278837932
348150,2023-12-31,-0.3651506970223388,0.03929616572310127,-0.12809572403490144,G1,-10.07351189500706
348210,2023-12-31,-0.06771491241034638,0.029927020056730275,0.26298448163473165,G5,-3.288486726753286
348340,2023-12-31,0.02803914016558845,0.037992844659177606,-0.1843525019767581,G1,-0.07002780854576907
348350,2023-12-31,-0.15196803525721006,0.039824689167939735,0.04701945385908067,G4,-4.58679615311987
348370,2023-12-31,0.9815277887255699,0.06258828227412781,-0.06494619889090456,G2,15.191790833044228
348950,2023-12-31,-0.48565518228967486,0.012908313486029305,0.01145972814578143,G3,-40.001730564261344
350520,2023-12-31,0.04197954368335172,0.00866681710795355,0.020526273367292642,G3,1.301498315397668
351320,2023-12-31,-0.38945443572685895,0.03188494826822885,-0.17585651471431793,G1,-13.177193452215947
351330,2023-12-31,0.1836300651204114,0.045360460637434465,-0.008271630257287175,G2,3.3714465672051097
352480,2023-12-31,-0.3467206643695334,0.04197794729296704,0.13505076299399194,G5,-8.990919864494105
352700,2023-12-31,-0.15914514488994566,0.017469041268200144,0.008736419029058326,G3,-10.867501987817795
352770,2023-12-31,-1.2140432011213713,0.055122609037880334,-0.5696694434850856,G1,-22.581349443809398
352820,2023-12-31,0.0429317741451051,0.024802987856919426,0.046791647165715246,G4,0.4931695486921817
352910,2023-12-31,-0.4222985583648237,0.0184185789111283,0.016856879345690093,G3,-24.59463655519144
353190,2023-12-31,-0.3360609348884978,0.02331712464475364,0.05968771279839682,G4,-15.729239187667572
353200,2023-12-31,-0.25789271265516645,0.03070601934783001,0.02516652673952282,G3,-9.39856140919978
353590,2023-12-31,-0.3248423060357132,0.04212178815592876,-0.017610814930433438,G2,-8.440809790340301
353810,2023-12-31,0.3951871569906041,0.02375307094942846,0.11663228213209194,G5,15.344856332434935
354200,2023-12-31,-0.7352846468839807,0.057158543253358805,-0.31160648500477056,G1,-13.401047316867363
354320,2023-12-31,-0.4118905686039175,0.04401957511354891,-0.020041736683847185,G2,-10.054396556071753
355390,2023-12-31,-0.26451594197684514,0.05265832174984046,-0.22388597673107288,G1,-5.606248508959176
356860,2023-12-31,-0.6413311951684894,0.03665367404159736,0.018928940237406152,G3,-18.334611974322364
356890,2023-12-31,0.12601026892691564,0.027103270211485404,0.05573560667355941,G4,3.5165709660023206
357230,2023-12-31,-0.3912745275279732,0.02045254068909778,0.10735691699535684,G5,-20.63187306457221
357430,2023-12-31,-0.5660436088951432,0.012385694164588158,-0.032586546668598344,G2,-48.1800452023737
357550,2023-12-31,-0.09267830645769448,0.023373034221690847,0.0983440987474839,G5,-5.278647226755294
357780,2023-12-31,-0.5006440777314752,0.025832336985562938,0.16204210858721624,G5,-20.56893938190419
359090,2023-12-31,0.0981365155275678,0.03663259432621153,0.07438346196524734,G4,1.8408966372830602
361570,2023-12-31,-0.2678343828453207,0.02619331940055065,-0.026215175494126837,G2,-11.39733662990935
361610,2023-12-31,-1.1001793503890456,0.031488523663720826,0.02416493670607269,G3,-35.91400658486465
362320,2023-12-31,-0.1739197534724497,0.03431951802781628,-0.0018653936036364662,G2,-5.962188895662646
363250,2023-12-31,0.3757545464254408,0.04948453172974559,-0.20326248833183255,G1,6.972984052722374
363260,2023-12-31,0.08548357184719252,0.05692444441733938,-0.01684268629518699,G2,0.9623963235909014
363280,2023-12-31,-0.436543698462228,0.022960324033909612,-0.24631600939451473,G1,-20.350034850974087
365340,2023-12-31,-0.9242299189669327,0.024949547752218502,-0.020265191039106477,G2,-38.27442582399159
365550,2023-12-31,0.26998122091339993,0.01563880419382225,0.0050566918505546045,G3,15.300500097726918
365900,2023-12-31,-0.30843381246906004,0.026180076217010614,-0.1580351173792709,G1,-12.953877806749741
368600,2023-12-31,-0.34252101296983484,0.03743731609451211,-0.11446468874176233,G1,-9.969216485634645
368770,2023-12-31,0.6704561644115928,0.03925237496089639,0.07383414366267606,G4,16.298541661018835
368970,2023-12-31,-0.7978482593650236,0.02038027219661642,-0.004337062990868125,G2,-40.65441065699169
371950,2023-12-31,0.7337889645735545,0.049598187979788384,-0.20228258677078365,G1,14.175704746362467
372170,2023-12-31,-0.9641089871748183,0.036502821808849034,0.08642732891444066,G5,-27.252925491671075
372800,2023-12-31,-0.3253091218188499,0.029846568412497075,-0.11940266714051631,G1,-11.927964807078984
372910,2023-12-31,-0.21877448916251582,0.0326755240695957,0.008915618991389545,G3,-7.634894682902422
373110,2023-12-31,-0.3404782106363341,0.07581810473423133,-0.8865377435545946,G1,-4.895636837071192
373220,2023-12-31,-0.10863364804880307,0.025570620842859937,0.044973337232639445,G4,-5.448962100785265
375500,2023-12-31,-0.07052492610478922,0.022961196752627342,0.02993917865992629,G3,-4.408508102292057
376290,2023-12-31,-0.12816608158624704,0.019877715109585598,0.02538261647282627,G3,-7.992154859243754
376900,2023-12-31,,,1.9851803428656525,G5,
377030,2023-12-31,-1.2714223446810087,0.048146767365823136,-0.2562320605883344,G1,-27.044848735219706
377220,2023-12-31,-0.3109217274611969,0.025690790347495242,-0.16166584556557742,G1,-13.297427547299813
377300,2023-12-31,-0.4511365622195477,0.034482265468051325,-0.0014234363070460077,G2,-13.97345132336132
377330,2023-12-31,-0.5286986626566978,0.02675044848123629,-0.040464400577449294,G2,-20.911737568309185
377460,2023-12-31,,,-0.5592033627014056,G1,
377480,2023-12-31,0.08543728624509928,0.041041525578571304,-0.09982624909387772,G1,1.3337123719442951
377740,2023-12-31,0.21139475527012058,0.02389247128658794,-0.06873913525345954,G1,7.562845102342487
378340,2023-12-31,-0.05093227853483526,0.045469738856864124,-0.0144975654737108,G2,-1.7953033468984299
378850,2023-12-31,-0.22318128469420995,0.033272614018983765,0.07350121284597211,G4,-7.630328665095206
380540,2023-12-31,0.09560653380330048,0.04403540664221927,-0.1334694387172362,G1,1.473969310949432
382150,2023-12-31,0.04469395176761512,0.08005514411715242,-0.23349325128876147,G1,0.17480770417008418
382840,2023-12-31,-0.40604711109750813,0.03492302095550984,0.025671099478198206,G3,-12.505985878810197
382900,2023-12-31,-0.25997717944407983,0.030447994850361933,-0.02706725038370434,G2,-9.54666724985061
383220,2023-12-31,-0.19961684658927756,0.0317904236681194,0.2767684810857482,G5,-7.2448402956560125
383310,2023-12-31,-0.5574602022892224,0.03898504034643953,0.17932173321525394,G5,-15.086810039954955
383800,2023-12-31,-0.019738885997105014,0.010153063041448758,0.04853793904954116,G4,-4.9678192293976275
388050,2023-12-31,0.28168658172724775,0.04497398176296961,-0.006355847806424299,G2,5.580713027202169
389030,2023-12-31,-0.5097645907996949,0.027939447506962495,-0.2389619844398458,G1,-19.344129352683225
389260,2023-12-31,-0.21667705193963882,0.03949807319750563,0.01783354323824942,G3,-6.263007983203382
393890,2023-12-31,-1.2646938761508848,0.03507266440113073,0.04019279739096019,G4,-36.934564113886154
394280,2023-12-31,-0.2501744954016179,0.04210225819635676,-0.3246774952412272,G1,-6.6712381532877805
395400,2023-12-31,0.23374726629540266,0.014036029610033808,0.0011118335225280011,G2,14.466168576102277
396470,2023-12-31,0.2719528023815265,0.0538711990586089,0.039950112944477374,G4,4.478331850411682
396690,2023-12-31,-0.016802789845459992,0.011459339950403645,0.007036795408202327,G3,-4.14530730989242
399720,2023-12-31,0.08126725787505562,0.05032913586508927,0.056908871444425996,G4,1.0047373392842465
400760,2023-12-31,0.0012779646560579783,0.00886032255469977,0.00029819194612195493,G2,-3.320616261969647
402340,2023-12-31,0.7623957300816412,0.03726954816375662,-0.14454751494824042,G1,19.632543733806262
402490,2023-12-31,-0.40002901201187413,0.051694113940299435,0.04774961154729909,G4,-8.332258259166704
403490,2023-12-31,-0.531822556851543,0.028649583320929237,0.03169205340098278,G3,-19.634570121586965
403550,2023-12-31,0.07112036633344287,0.015782122070913934,-0.06212842535969637,G2,2.5611682848687822
404990,2023-12-31,-0.015433543679154005,0.014541042892790049,0.008549027273603127,G3,-3.172622475346589
405000,2023-12-31,-0.9088228570081244,0.040297906328543166,-0.4724118906503854,G1,-23.31442594475801
405100,2023-12-31,0.1888918725786174,0.048503384972787715,0.020110326419480715,G3,3.2614667378344597
405920,2023-12-31,-0.6629102639329691,0.026023372371463634,-0.011880203818890782,G2,-26.653346455244566
406820,2023-12-31,-0.05498389339906529,0.04323678817962558,-0.13097444205945052,G1,-1.981728819924981
407400,2023-12-31,-0.026483377941872888,0.04090703927841833,-0.06161791526791923,G2,-1.3978785746425781
408900,2023-12-31,-0.3042722981662137,0.055448620738448334,0.04180617090655467,G4,-6.041124008544238
408920,2023-12-31,-0.0836661825098498,0.014318859201745174,0.10665980093322946,G5,-7.987080305489801
412350,2023-12-31,-0.5345572699984791,0.046580799896778664,-0.004545770982713717,G2,-12.134977653208148
416180,2023-12-31,0.8031667724098703,0.057605598854224206,0.08491031036174383,G5,13.409583303650267
417010,2023-12-31,-0.5150578873068192,0.04670071776147759,0.06644964629175787,G4,-11.68627826903537
417200,2023-12-31,-1.0027014721586505,0.03970701620780752,0.05706885971720552,G4,-26.025656588443056
417500,2023-12-31,0.01005024126557999,0.03851091378910021,0.035431479054568005,G3,-0.5361974702806178
417840,2023-12-31,-0.11169510072676997,0.04626599161104891,-0.058519929768054514,G2,-3.0777422375673185
417970,2023-12-31,-0.09870774575001665,0.033014327022658795,0.04063925259938331,G4,-3.919735861303205
418620,2023-12-31,-1.3100190607129512,0.05012637402360595,-0.9108800898745939,G1,-26.74677318369485
419050,2023-12-31,-0.35825086899806213,0.03777723975899182,0.023402091860072916,G3,-10.295896875921798
419120,2023-12-31,-0.1623742112119937,0.03590787579822825,0.051271683516223215,G4,-5.376923661939666
419530,2023-12-31,-0.09847379677193424,0.037426166811410026,-0.17053618163187528,G1,-3.451421922002547
420570,2023-12-31,-0.6997559749918052,0.06253425637289803,0.25311472046070954,G5,-11.680888415039517
424960,2023-12-31,-0.21312163788475147,0.04442612642008562,-0.19558995988281874,G1,-5.488242017697208
425040,2023-12-31,-1.4969536656196003,0.04784356393024483,0.06080321686148369,G4,-31.930174843671463
425420,2023-12-31,-0.6015747239362742,0.043784574133949185,0.12521649749201394,G5,-14.440574843081981
430690,2023-12-31,-0.09926098162846941,0.05703638948233617,0.06286827562131124,G4,-2.278557226807071
432320,2023-12-31,-0.19309119601461505,0.011631120569928101,-0.0586840329852984,G2,-19.240699164507838
432430,2023-12-31,-0.4661954174752716,0.04440520895627822,-0.11360787908552271,G1,-11.190018580523056
432470,2023-12-31,-0.7680208881354142,0.04553751989993266,0.06337260742554887,G4,-17.53983496923129
434480,2023-12-31,0.21893020414909042,0.05652306837842176,-0.04454553584529413,G2,3.3301537537098533
438700,2023-12-31,-1.0424849263984566,0.03188755380248569,-0.18136102959208436,G1,-33.65528221021114
439090,2023-12-31,-0.061173616468957165,0.039945668856515654,0.1404411765055448,G5,-2.299956789219263
440110,2023-12-31,-0.27439816282844437,0.041586610475576706,-0.23324346632932394,G1,-7.336444474721377
441270,2023-12-31,-0.3803778905655622,0.04008100670294395,0.050471354774623986,G4,-10.256169198286605
443250,2023-12-31,-0.15046024558040705,0.04494968941473394,0.03697462609415934,G3,-4.030282383631233
445090,2023-12-31,-0.05294217638634896,0.059867787685889254,0.02125497794597611,G3,-1.3971097887011734
445680,2023-12-31,0.059176675779172086,0.04871453014616732,-0.17666675788719183,G1,0.5845685029956522
448280,2023-12-31,-0.7378852722818774,0.037422687406995274,0.13184725676493145,G5,-20.53794158983086
450140,2023-12-31,0.27546954811986996,0.050637779384993066,0.027211683068666323,G3,4.833739853428862
450520,2023-12-31,0.12576819440961737,0.05473309332358651,0.09008074197129891,G5,1.736947298594548
451220,2023-12-31,-0.21191205709904715,0.0523745299484858,-0.06438967471562448,G2,-4.632246879450071
451760,2023-12-31,0.002237150973337404,0.04711836176287537,-0.515385487733513,G1,-0.6040648226988817
452160,2023-12-31,-0.31790393830198693,0.056952808992639825,-0.03125801117356916,G2,-6.120920816469798
452190,2023-12-31,0.0546761262626754,0.06333138665935861,-0.12553560024215907,G1,0.3785868541635961
452260,2023-12-31,-0.027577960003565202,0.028233734808585147,-0.02077806469028738,G2,-2.064114302133877
452400,2023-12-31,-1.1394170961854706,0.04569383936973586,0.13399027521971932,G5,-25.607758247996074
453340,2023-12-31,0.2245946575639595,0.014114781374930295,0.06001574412036113,G4,13.737014877952832
454910,2023-12-31,-0.3579135363310836,0.03913029606445003,-0.03477820037906216,G2,-9.931262250316326
460930,2023-12-31,-0.09646813074318633,0.05328688709824444,0.04892651038276032,G4,-2.386475050160444
462350,2023-12-31,-0.3045589690545269,0.048055512660063075,-3.4604067841523056,G1,-6.976487114882802
462520,2023-12-31,-0.2360381606065641,0.029857656032643974,0.06938300329092192,G4,-8.933650254809846
465770,2023-12-31,-0.03045100328239922,0.04735651152506779,0.01966689062947419,G3,-1.2912838621468152
472850,2023-12-31,-0.39330392611502113,0.03562815656608172,0.001038734990240536,G2,-11.900801579393708
900070,2023-12-31,-0.22494097825267706,0.016972147281053236,0.0252269965130829,G3,-15.062364816710648
900100,2023-12-31,-0.26087987591483675,0.04929127303390315,-0.7413770098526277,G1,-5.915440072561632
900110,2023-12-31,-0.685544410817573,0.025356536598886203,0.02027589628453442,G3,-28.246921808182776
900120,2023-12-31,-0.5174164357172351,0.031353943343527584,0.01724906218816835,G3,-17.481569240886998
900140,2023-12-31,-0.2939561284804324,0.029795332416294583,-0.06427203918480831,G2,-10.896197423203573
900250,2023-12-31,-0.45303943170976324,0.026399537025005783,0.03449695976072225,G3,-18.32377314303101
900260,2023-12-31,-0.1252706897358318,0.023660402875606897,0.03798343233900062,G4,-6.59204267878814
900270,2023-12-31,0.5853589046359414,0.057948805988548596,-0.0017824322134264833,G2,9.571538176784152
900280,2023-12-31,-2.855156468261571,0.08868618115215002,-1.003967665974594,G1,-32.54008828193974
900290,2023-12-31,0.5471052864151563,0.0422563058351242,0.04572477142775334,G4,12.220793568954631
900300,2023-12-31,8.40226267025605,0.5568028748358622,-0.23064013183854806,G1,15.035057024277004
900310,2023-12-31,-0.08789029028679758,0.023584463136679095,0.020586661811513154,G3,-5.028309757021953
900340,2023-12-31,1.33434272700082,0.0684885469760897,0.08719448216182138,G5,19.034467640822474
950110,2023-12-31,0.17083496596996384,0.028364199922676567,0.009320520502946348,G3,4.940568411395176
950130,2023-12-31,-0.30896857349870005,0.03702159413675959,-0.00840244977615642,G2,-9.174868809307327
950140,2023-12-31,-0.3734150584908451,0.04389897655860713,0.16334728988700273,G5,-9.205562087964033
950170,2023-12-31,0.29539210335521826,0.022339417179599478,-0.0542609156913259,G2,11.84867113630193
950190,2023-12-31,-0.25951870846015523,0.01713915607315639,0.15354375614757163,G5,-16.93306269217014
950200,2023-12-31,-0.08929688164543992,0.03441321860783301,-0.09708754453485471,G1,-3.4869327054348016
