종목코드,날짜,Y3,그룹,기간수익률,표준편차,성과
000040,2017-12-31,0.6966004681350545,G5,0.3749067303319232,0.041870122332552995,8.42137609736461
000050,2017-12-31,0.03620959342305971,G2,0.08615004024136488,0.02040549777853962,3.128929174258304
000070,2017-12-31,0.03481112841091909,G2,-0.040600385768374145,0.03652918789312225,-1.7219947204752082
000080,2017-12-31,0.010460672516843347,G1,-0.08846975338375092,0.017005909814474838,-6.513761246475301
000100,2017-12-31,0.06825309888495013,G3,0.06263592397534602,0.021139293814821204,1.907974854876102
000120,2017-12-31,0.013974670921287782,G1,0.12580883985855812,0.018918023910585828,5.471298557446618
000140,2017-12-31,0.006709853829366872,G1,-0.061911308885745205,0.010654984638316349,-7.903717806380766
000150,2017-12-31,0.005630370945187022,G1,0.09006708144199052,0.023161961789538724,2.925676120654321
000180,2017-12-31,0.0082101700886819,G1,0.16535744629106514,0.018160212456251004,7.877372784534489
000210,2017-12-31,0.08921170648541397,G3,0.0610080417926203,0.021124536967992838,1.832246497257481
000220,2017-12-31,0.05177271882087905,G2,0.37881571204655407,0.05057764330943291,7.048826433817526
000230,2017-12-31,0.00013253189750486364,G1,-0.002950473160857187,0.01311691660376605,-1.925235697575138
000250,2017-12-31,0.11586039400206194,G4,1.251158173554906,0.059899530925918654,20.51527735914787
000270,2017-12-31,0.03603781025678808,G2,-0.0011389224761791106,0.01640102413366747,-1.4292769288039902
000300,2017-12-31,0.030921190243107122,G1,0.3969784918078065,0.03278343971370185,11.428813210359415
000320,2017-12-31,0.1073179022195666,G4,0.0016060328720807066,0.013915137370049532,-1.4873478791014534
000390,2017-12-31,0.006745414597390786,G1,0.0632828351864578,0.01809511701699779,2.264707778409696
000430,2017-12-31,0.046946858967069835,G2,0.18195938208081694,0.027304692161799416,5.847225751819869
000480,2017-12-31,0.03471708374500941,G2,-0.0420855144136164,0.005686191983151306,-11.323605944230097
000490,2017-12-31,0.04502013782936598,G2,-0.019580430115711797,0.03015456620935257,-1.388947622451648
000500,2017-12-31,0.005592098329840766,G1,0.1756088726560477,0.01792749749073742,8.551455093407599
000520,2017-12-31,0.024753418187127153,G1,1.6965244729390945,0.09202469959137553,18.19317854278735
000590,2017-12-31,0.05294426348265091,G2,0.002570160785944683,0.01678588906541582,-1.175542270295336
000640,2017-12-31,0.03559577986722375,G2,-0.0014914628998685016,0.018787914841839684,-1.2664601701147518
000660,2017-12-31,0.31466380319233783,G5,0.1209114491400525,0.02300010604962218,4.287317893251326
000670,2017-12-31,0.07848116537546215,G3,-0.23266714290925306,0.013998567336930232,-18.21399431093461
000680,2017-12-31,0.03307516098547814,G2,0.15994733237312278,0.011049629370996222,12.456947181196147
000700,2017-12-31,0.07649683572487014,G3,0.09699518596651054,0.023768885650123618,3.142448667520634
000720,2017-12-31,0.043853029492249326,G2,0.6301731321178605,0.042478388373770784,14.310110916693212
000760,2017-12-31,0.01605011568984643,G1,0.24458430163663156,0.03516905607021696,6.320374884842084
000850,2017-12-31,0.031421378990931746,G1,0.027151285235810722,0.01916242962232964,0.25302649009244
000860,2017-12-31,0.047814661978646034,G2,-0.1394054571620818,0.01144143692149266,-14.133551685727817
000880,2017-12-31,0.08211449151774791,G3,-0.023998570637868474,0.018710392914907194,-2.47462753857018
000890,2017-12-31,0.10775240501291354,G4,0.155902833335464,0.018524980437141122,7.21189157861549
000910,2017-12-31,0.008927425954917856,G1,0.33720262370355203,0.02996563824827553,10.508701272025958
000950,2017-12-31,0.08757214260595768,G3,0.0943976701684757,0.017514162274489365,4.116382280336523
000970,2017-12-31,0.09760771244756122,G3,0.4867042331295205,0.02601634134293186,17.850378886148043
000990,2017-12-31,0.24171914234044858,G5,0.15304940153456625,0.031376421249226724,4.1670373293754555
001020,2017-12-31,1.643327873786063,G5,0.25732377977644033,0.03735376714460432,6.291764253382927
001040,2017-12-31,0.094872615214201,G3,-0.10033389321985131,0.01585966891778955,-7.732606322514147
001060,2017-12-31,0.0027420192166962305,G1,-0.06277173599478397,0.02355251774850219,-3.6121156909869434
001070,2017-12-31,0.05704949904570547,G2,-0.1676482473424544,0.012568294313638158,-15.113501126653546
001080,2017-12-31,0.01827045852483532,G1,0.02661076114008979,0.007386454120043383,0.5832403671973576
001120,2017-12-31,0.0556210417212123,G2,-0.0124257553301685,0.0184042066434753,-1.8869837168074701
001130,2017-12-31,0.07185776762972078,G3,0.1277741317737439,0.012464293810475952,8.461887247737076
001140,2017-12-31,0.161906267994285,G4,0.28159110411950283,0.021388740749002728,12.122659498070881
001210,2017-12-31,0.14597876702085696,G4,0.1572398901474836,0.02688402269271534,5.0192342404627475
001230,2017-12-31,0.002012125318951869,G1,0.032950763069033315,0.028687229078952135,0.3711784122788135
001250,2017-12-31,0.05802791874000904,G2,0.3969409664878512,0.03125896892904916,11.98498531449859
001260,2017-12-31,0.03925783505322357,G2,1.847524347750692,0.07991256102231845,22.84023489516378
001360,2017-12-31,0.08032393774359009,G3,0.02858859393429622,0.03532129888681166,0.17796375573872264
001380,2017-12-31,0.002819155413561539,G1,-0.2659595908755543,0.0442710597864776,-6.511302760600097
001390,2017-12-31,0.017667249750590294,G1,0.21281706974220105,0.03912937511415819,4.868832846411543
001430,2017-12-31,0.06521108665001236,G3,-0.057250983916223616,0.01980891592118839,-4.016053536678358
001440,2017-12-31,0.14429806093628122,G4,0.43870978292016016,0.02935243851794111,14.186456765382887
001460,2017-12-31,0.015501787963136431,G1,-0.077022503143131,0.00840660580481458,-11.815135427555713
001470,2017-12-31,0.3216839008955173,G5,0.4490588318598511,0.05595530664200563,7.6267323788134895
001520,2017-12-31,0.018528851851101532,G1,0.1225711194824046,0.022222726780486826,4.511977200008522
001530,2017-12-31,0.007870689030684436,G1,-0.02471720690037949,0.00970380232072166,-4.845511921321984
001540,2017-12-31,0.05960221652716483,G2,0.29760303524797704,0.0289731232710236,9.501921824095481
001560,2017-12-31,0.05515215756143128,G2,0.2055689155305457,0.018628094821218976,9.838162966346978
001570,2017-12-31,0.3237311117164384,G5,-0.05429575456862498,0.020423221309802318,-3.750556111277612
001620,2017-12-31,0.2261834827852785,G5,0.22006779804401957,0.024446308461667836,8.089774185222643
001630,2017-12-31,0.10530910489163689,G4,-0.028164804928371992,0.015556712384487904,-3.244097249334249
001680,2017-12-31,0.05853624777303398,G2,-0.022486745081727714,0.017705052793674993,-2.529753993422583
001740,2017-12-31,0.014737059937381334,G1,-0.16238419211798238,0.011881182906541951,-15.544485468961206
001780,2017-12-31,0.06235144550840282,G2,0.3131660694224733,0.03161559723214092,9.199996582697723
001790,2017-12-31,0.023927403810204348,G1,0.027292629108564687,0.013239866848648444,0.3768879429663463
001800,2017-12-31,0.4767323977571877,G5,-0.0661637438346287,0.021074486960790808,-4.197797409068614
001810,2017-12-31,0.05434572867004817,G2,0.10347523839004359,0.015132484280755741,5.364126204078928
001820,2017-12-31,0.2253363028482032,G5,0.4967088510791354,0.04633305474842518,10.239043609971148
001940,2017-12-31,0.00575302397741142,G1,-0.03369386284973772,0.014853747625098723,-3.769859781510513
002000,2017-12-31,0.1963437745792468,G5,0.1817359692642362,0.017031206346122325,9.361244476596154
002020,2017-12-31,0.11990851720704904,G4,-0.156854020158419,0.016530705354679074,-10.837813586371698
002030,2017-12-31,0.05819020095691895,G2,0.2886859257925467,0.019199619265028812,13.87440236124483
002070,2017-12-31,0.014773041013416734,G1,-0.05732320786755131,0.0077050906391102885,-10.33419261678861
002100,2017-12-31,0.05245529788659416,G2,0.25444672437750315,0.025976562529330754,8.936672863799995
002140,2017-12-31,0.05712461744784006,G2,0.34277058712697145,0.03270603548939111,9.798433206742306
002150,2017-12-31,0.04968102302099637,G2,0.8174910087057452,0.0475012172690674,16.740377857574178
002170,2017-12-31,0.09179931650749353,G3,0.07404200384861209,0.012108519613286422,4.272968337517526
002200,2017-12-31,0.02430601085818038,G1,0.5223256450879022,0.028422700567037468,17.59238046299381
002220,2017-12-31,0.057076977082897135,G2,0.04633550523305457,0.016520672898791104,1.4547120721689193
002230,2017-12-31,0.07849220301996053,G3,0.16386160671760705,0.01777381338880526,7.964465514189426
002240,2017-12-31,0.015395247095462423,G1,-0.1003409389477499,0.01756386967893227,-6.982722151581964
002300,2017-12-31,0.01535869254678896,G1,0.0703771178196887,0.011697420231292914,4.109832248674012
002310,2017-12-31,0.010866866797907968,G1,0.5739106472314217,0.03169321402055148,17.404607937424775
002320,2017-12-31,0.054079747664922184,G2,0.002877973922055261,0.016204502950878937,-1.1987229144674498
002350,2017-12-31,0.0936580881776917,G3,0.026541865464663313,0.011739552015685805,0.3611025814417684
002360,2017-12-31,0.09173311064906939,G3,0.1968100730785057,0.021417264539545258,8.147977526703404
002380,2017-12-31,0.007210668577890207,G1,0.036003511351995324,0.015821392533846155,0.8659685546551206
002390,2017-12-31,0.01187809034417674,G1,0.04393546587633177,0.03464325115421015,0.6244443644508668
002410,2017-12-31,0.025506560568883212,G1,0.6676373544412224,0.050370445956384076,12.811772047307075
002450,2017-12-31,0.026715551073249397,G1,0.11114156272255643,0.029059141738470448,3.0571749363855534
002630,2017-12-31,0.25362051330936336,G5,0.021201979655059093,0.02289228849510393,-0.0480818364667024
002680,2017-12-31,0.01964135198126719,G1,0.33798745197095176,0.02899335365698664,10.88817708978798
002710,2017-12-31,0.014900621940643151,G1,0.11826065973313128,0.021068966588268553,4.554470026058731
002720,2017-12-31,0.015324302740254992,G1,0.22852254496430136,0.04812520925846416,4.285069409879036
002780,2017-12-31,0.28773877082509713,G5,0.24201000694580477,0.02602391154625583,8.442517322135064
002790,2017-12-31,0.08252699541682569,G3,0.03794882002179122,0.024287933284995535,0.6441938435588406
002800,2017-12-31,0.06752393237055743,G3,0.4192880233951362,0.048267309650714754,8.224724836355744
002810,2017-12-31,0.09227325969862481,G3,0.003058762599236424,0.018935787784744338,-1.016272496626559
002820,2017-12-31,0.015307380212755914,G1,-0.053130276553951736,0.015631774958356288,-4.825617032086094
002840,2017-12-31,0.14424408207604694,G4,0.04909550629443331,0.011765787860145706,2.2771805582488427
002870,2017-12-31,0.01813816075570815,G1,0.3950958921265045,0.03421831986648362,10.894550365251018
002880,2017-12-31,0.008763416844150615,G1,0.20551962505839375,0.030771936085932414,5.954027124582626
002900,2017-12-31,0.20783203104273829,G5,0.584406961855219,0.03516074489756775,15.986699956611938
002920,2017-12-31,0.023063644245557274,G1,-0.0629151567180713,0.009735900256986832,-8.752949125967593
002990,2017-12-31,0.24262733451664248,G5,0.35236092915710726,0.024482282369628384,13.481514560085843
003000,2017-12-31,0.052486830997293295,G2,0.1344820620945857,0.030695537046668768,3.6545827166080067
003010,2017-12-31,0.013812315326994973,G1,0.7749343577221662,0.05519292697664204,13.63637908012842
003030,2017-12-31,0.022922935944349923,G1,0.0014958362414615733,0.029363755657982313,-0.7085894232235752
003060,2017-12-31,0.21693772588466892,G5,0.032717340936686004,0.02563492463425484,0.406268329571763
003070,2017-12-31,0.032763321342248825,G1,0.18414825203145518,0.021016500490235457,7.7008809901449355
003100,2017-12-31,0.020294625742222485,G1,0.14840091464257807,0.02284068171026784,5.520773561634214
003160,2017-12-31,0.1396650234433915,G4,-0.032636419254491816,0.018067049188938346,-3.0408453315640416
003200,2017-12-31,0.024178215168941142,G1,-0.04327186135514849,0.008939192008112938,-7.335623199777372
003220,2017-12-31,0.06111257463699058,G2,0.003955927171689834,0.02265343223340839,-0.8098885663816693
003230,2017-12-31,0.1432929235097873,G4,-0.026013343241668464,0.03377686427800882,-1.430447355054061
003240,2017-12-31,0.05644903535806375,G2,0.005244824227827679,0.022135368519360703,-0.7706155279990896
003280,2017-12-31,0.6288294312816681,G5,0.14893083629513565,0.03307022994429614,3.829067822679197
003300,2017-12-31,0.04003832040549468,G2,0.19299836385709002,0.03328385281995575,5.1284832273960195
003310,2017-12-31,0.053318183243324276,G2,-0.1499471347885968,0.03298056443585593,-5.222767428690785
003380,2017-12-31,0.11069681881475008,G4,-0.06360085036304046,0.018263675285242253,-4.7035184292442525
003410,2017-12-31,0.14904156319615625,G4,0.5242760400200875,0.037028298712364856,13.556479086240989
003480,2017-12-31,0.3721155213449672,G5,-0.011267577032611012,0.01583146855460432,-2.1204766850057584
003490,2017-12-31,0.21377631888800253,G5,0.027245144259074913,0.02130922316321623,0.23194000524511318
003550,2017-12-31,0.15053353590229024,G4,-0.10579996541192083,0.015141315223088918,-8.460470339023585
003560,2017-12-31,0.011581086230852631,G1,-0.12030658509486206,0.03504747092536247,-4.069031637843249
003570,2017-12-31,0.051154617149094646,G2,-0.01602116781058681,0.01169126099043785,-3.2779912080280056
003610,2017-12-31,0.037897125904699146,G2,0.026166061687974515,0.012539879276426844,0.3080873966951065
003620,2017-12-31,0.0849136042637562,G3,-0.0030153536424567043,0.016325787981935767,-1.5508002797353473
003670,2017-12-31,0.1594007986897066,G4,-0.025346836934232432,0.03595156670313397,-1.3253809007691444
003720,2017-12-31,0.5833950666870713,G5,-0.0765415671064349,0.016035410909134663,-6.16412330144636
003780,2017-12-31,0.04864546834284921,G2,0.0372429344414585,0.019545181231149848,0.7643956501574126
003800,2017-12-31,0.06730317825704683,G3,-0.03745266422342868,0.01506999085222292,-3.965188017446184
003850,2017-12-31,0.22622598916758963,G5,0.2609330390669084,0.027937089234941016,8.54170433194677
003920,2017-12-31,0.005609967242201804,G1,-0.0240142942679293,0.009462277022715805,-4.894908179454773
003960,2017-12-31,0.14027139914782474,G4,0.20046520740589388,0.028462590361095837,6.2595330298041505
004000,2017-12-31,0.0748137691033268,G3,0.08017445530565794,0.024862731339620612,2.3276514389473255
004020,2017-12-31,0.04270723843999391,G2,0.051236162947236,0.021263250690038236,1.3607270328596552
004060,2017-12-31,0.03382203600727649,G2,-0.04363891960594576,0.022250456659164343,-2.963606704477029
004080,2017-12-31,0.036799915420263146,G2,-0.037116886686576124,0.01840604172991382,-3.228264419113842
004090,2017-12-31,0.06725656605527561,G3,0.5345378070658504,0.05130857222654069,9.98342191003425
004100,2017-12-31,0.0401390593611856,G2,0.012546381213053806,0.015471559183852712,-0.6305958952060798
004130,2017-12-31,0.07028248400746843,G3,-0.5650508337383295,0.03187609726307079,-18.42614269299591
004150,2017-12-31,0.1657622835244372,G4,0.16067157828011172,0.019406473616624172,7.13003805259867
004170,2017-12-31,0.04342093573360558,G2,0.3647924506704306,0.028980872177231342,11.817786768083415
004250,2017-12-31,0.04696484856097001,G2,0.0459299507159214,0.014404912388835013,1.6402229427931279
004270,2017-12-31,0.015523748935764671,G1,-0.05168125796254304,0.017823215518627356,-4.150987279037858
004360,2017-12-31,0.040448113896469566,G2,0.061373924044049906,0.013436113418277726,2.907927307614891
004370,2017-12-31,0.049256276978261196,G2,-0.08020166975792412,0.014318783786890651,-7.1587331864456045
004430,2017-12-31,0.0917839773409463,G3,0.11180839886246356,0.03257067512421593,2.7480460750132814
004490,2017-12-31,0.0748758532066811,G3,-0.08800551366311268,0.013438545191239227,-8.208343613105782
004540,2017-12-31,0.117962758629562,G4,0.0050499262924009105,0.011169435415970347,-1.5446399922560015
004590,2017-12-31,0.0589332528598648,G2,0.19063616141136414,0.026512961890551096,6.349101212434773
004650,2017-12-31,0.06638969597961937,G3,0.010556263809336965,0.01392362978116666,-0.8436319625059763
004690,2017-12-31,0.003782506500090471,G1,0.0009136696113394953,0.018858007983375932,-1.134213822284146
004710,2017-12-31,0.08756845066858054,G3,-0.29748333642733094,0.019781668823606064,-16.165775607998746
004720,2017-12-31,0.08683654765626328,G3,0.08930974203294365,0.036198950258930995,1.8510774104445866
004770,2017-12-31,0.02703803000255386,G1,0.30407484038498905,0.048242849291922504,5.840703059496489
004800,2017-12-31,0.08822530789387613,G3,-0.03956478878317185,0.021972488609348858,-2.8156788614138923
004830,2017-12-31,0.008006013885964726,G1,0.24103772011215502,0.02419921766717589,9.038930108968795
004840,2017-12-31,0.043770816497652694,G2,0.06614833558741191,0.019095214198057764,2.296159247328178
004870,2017-12-31,0.4013549725166201,G5,0.6026848478004133,0.04156900075733065,13.96189839302871
004890,2017-12-31,0.06772346426632261,G3,0.08678977064281458,0.020385857365849254,3.1633247775006623
004910,2017-12-31,0.023649704709555047,G1,-0.057295096845862,0.014233369329061699,-5.5923357240627825
004920,2017-12-31,0.5074370259070302,G5,0.36082182672678625,0.031499150162320716,10.746929426841922
004960,2017-12-31,0.20626547440942872,G5,0.052295654784876806,0.025661748573156465,1.1687813000171694
004970,2017-12-31,0.05528084929725576,G2,0.0227181097766608,0.013761169035797858,0.030188340013182564
004980,2017-12-31,0.032417668015623104,G1,0.6005370197434547,0.04629973400329978,12.488934316024684
005090,2017-12-31,0.012652202408152232,G1,0.08350607605168339,0.04308591695205066,1.4204964743576423
005160,2017-12-31,0.04342927447754266,G2,-0.00036296435602650376,0.015603477209221306,-1.4526023256829488
005180,2017-12-31,0.05599939088731567,G2,0.062103682210421174,0.015455997514611313,2.5751168273653047
005190,2017-12-31,0.04590999546204399,G2,0.06856050833828892,0.015513784538446746,2.9817241110202395
005250,2017-12-31,0.0491281072570495,G2,-0.011660052255293206,0.019464906970805624,-1.7448187773546184
005290,2017-12-31,0.16814919655290825,G4,-0.38858791670950754,0.03732398778723748,-11.008753994310227
005300,2017-12-31,0.09257784571355067,G3,0.21184689139498522,0.018517909287480438,10.235723997001257
005320,2017-12-31,0.2103585705719388,G5,0.43637800571062374,0.04295009141979156,9.64084846145373
005360,2017-12-31,0.03822524964650159,G2,0.2061712934086289,0.019246296120009613,9.553454302858757
005380,2017-12-31,0.06081542158380833,G2,0.041959621210720215,0.02022266757622826,0.9720249917472652
005430,2017-12-31,0.07085435625468951,G3,-0.13374609712978228,0.021446445766907924,-7.276207057926415
005440,2017-12-31,0.0594496367345005,G2,0.03865123702665401,0.014889791364365398,1.0979706632391442
005450,2017-12-31,0.08813140543291828,G3,0.0897780816675171,0.024078194077665666,2.8023446660094975
005490,2017-12-31,0.06264681918327722,G2,0.13608441402801713,0.023579175247179247,4.825517852444795
005610,2017-12-31,0.13641128689072612,G4,-0.17942552955452543,0.018353367294838944,-10.991346124156825
005670,2017-12-31,0.06084732748817558,G2,0.3932912614784153,0.023208527877131648,15.985011221549167
005680,2017-12-31,0.022470055235457958,G1,-0.06693330882059759,0.014691976207499487,-6.073790924183265
005710,2017-12-31,0.13453464088829153,G4,-0.0662034288358762,0.01635757646877018,-5.410710561658139
005720,2017-12-31,0.08924287431509192,G3,-0.05062799329108919,0.0092941790695246,-7.846919633500119
005740,2017-12-31,0.355693130805769,G5,0.11771619423668908,0.022332791390398354,4.272350448358257
005750,2017-12-31,0.04230262353623581,G2,0.011663155144568296,0.01698574935925263,-0.6263796525683042
005800,2017-12-31,0.02994315797376181,G1,-0.10141600707420269,0.013689958376933861,-9.037185256127945
005820,2017-12-31,0.04868301122547595,G2,0.06839444670896826,0.01852329638054708,2.4883132480968104
005850,2017-12-31,0.09775519882321286,G3,-0.05640011826259974,0.03256815080479341,-2.41655725746165
005860,2017-12-31,0.02914205797701356,G1,0.12557367122839452,0.021703285031358262,4.758311387071261
005880,2017-12-31,0.1587177662146843,G4,0.2846335273423858,0.037887174703107165,6.924001234487473
005930,2017-12-31,0.19668267116017335,G5,0.0540397206934638,0.019111537340414476,1.6606219165593434
005950,2017-12-31,0.0026930448049504287,G1,-0.12433884565899941,0.01750215065923038,-8.37848624668832
005960,2017-12-31,0.31662964862617016,G5,0.2456454420145511,0.022699274464305343,9.839202545390991
005990,2017-12-31,0.04163967727470179,G2,0.04683405824465993,0.017228175458958443,1.4239102321815893
006040,2017-12-31,0.18572138308734681,G4,0.016776698670524774,0.01637722802088211,-0.33741877741816034
006060,2017-12-31,0.15521094939860436,G4,-0.16071656261836026,0.02251394569843887,-8.129150171925668
006120,2017-12-31,0.3776572763212508,G5,-0.17767223883699002,0.022307421889372837,-8.964501714072412
006260,2017-12-31,0.10044602173392325,G3,0.09598521941137561,0.02447773319343383,3.0101862742875123
006280,2017-12-31,0.05115034149855619,G2,-0.015730013422709074,0.02579838586746685,-1.4742277499422785
006340,2017-12-31,0.019429772180728277,G1,0.6731097449333042,0.04778924676259898,13.618274111736207
006360,2017-12-31,0.05052175020411363,G2,0.39934393991754935,0.028923315742589016,13.035893268472474
006370,2017-12-31,0.044627595959294726,G2,-0.16745504546294482,0.009842327838807986,-19.27976099734916
006400,2017-12-31,0.056164328605469147,G2,-0.08127406643598878,0.02586328403282594,-4.004779487065811
006490,2017-12-31,0.01058572290508153,G1,1.9535502146860428,0.08143676025768358,23.71469009386335
006570,2017-12-31,0.03889241539043841,G2,-0.09548981038782978,0.015515874383820004,-7.5917405877875215
006580,2017-12-31,0.027326814264708114,G1,0.6935181378771756,0.025059734357068375,26.784619716490436
006620,2017-12-31,0.28992939674508283,G5,-0.24595012886368062,0.04330086429644977,-6.195091394803957
006650,2017-12-31,0.1455716078879079,G4,0.07664151274384513,0.028249391758882792,1.9235398156822074
006660,2017-12-31,0.05277545323853805,G2,0.044566557545549314,0.01220863655182844,1.82361679162164
006840,2017-12-31,0.16094071855658248,G4,0.08011014832949684,0.020209187241257656,2.8604547383603793
006880,2017-12-31,0.059222012461638565,G2,0.18066061254564547,0.01308978612785231,12.097824064662438
006890,2017-12-31,0.016817932109047532,G1,0.057634682380945705,0.00897369148189214,3.9372870713699375
006920,2017-12-31,0.07840370502020419,G3,0.3929371798256063,0.04107591338764362,9.023158983733534
006980,2017-12-31,0.006327949870280947,G1,0.21434860184384505,0.021878540962446992,8.777821119180178
007070,2017-12-31,0.04809248442471117,G2,-0.05832642505690333,0.02335001412250246,-3.4530646345960943
007120,2017-12-31,0.04104474598300084,G2,0.24388537363501667,0.030211424552148584,7.334400611454412
007160,2017-12-31,0.1162520465164374,G4,0.04087346157047399,0.01253327104314277,1.4817184260772227
007210,2017-12-31,0.04576786779613073,G2,0.07665486380892972,0.028417317984544374,1.9126428789536563
007310,2017-12-31,0.11495715709054324,G4,-0.0051941526145078964,0.015656965074135963,-1.7562046930001582
007340,2017-12-31,0.10428768638233063,G3,0.035965337064419595,0.016682989485560924,0.8189571868648198
007460,2017-12-31,0.01565152622023014,G1,0.028620577899531444,0.042538266741627626,0.14852262343165823
007530,2017-12-31,0.7737094009486908,G5,0.19156314715793513,0.060514133769458966,2.7970401902461073
007540,2017-12-31,0.059108084430947956,G2,0.029375967265918325,0.015520745346297622,0.45573097047020106
007570,2017-12-31,0.0613382460788376,G2,0.0837700439080769,0.02343236810307256,2.6231817762024554
007590,2017-12-31,0.04555974399407156,G2,0.14761051127764124,0.015916807206769034,7.872673628761527
007610,2017-12-31,0.01853071764502196,G1,0.9827667784074029,0.061666738504351545,15.575075296268475
007630,2017-12-31,0.13971187241664512,G4,0.6076297532632047,0.06796502567644866,8.612180522418369
007660,2017-12-31,0.08594534405389734,G3,-0.009568046833268876,0.018762736107135625,-1.6986184519206358
007680,2017-12-31,0.09051369870223837,G3,0.11063599258749403,0.025261241953187265,3.496792035180185
007690,2017-12-31,0.08983704118568797,G3,0.10876017457533711,0.020231277506884318,4.273456860007383
007720,2017-12-31,0.1287213206842017,G4,0.14151035870005646,0.02532753564589728,4.706643292891279
007770,2017-12-31,0.03694512022658907,G2,0.06378769637427731,0.01660148791953064,2.4988732123608908
007810,2017-12-31,0.0713330419659981,G3,-0.40470645057940685,0.02875495146858458,-14.849934070407073
007820,2017-12-31,0.024072081411503295,G1,-0.21115484267427206,0.027978150685324204,-8.344280085801392
007860,2017-12-31,0.022172439384655945,G1,-0.17537757457297837,0.013419540116738002,-14.730777342603853
007980,2017-12-31,0.0724127405213274,G3,-0.0329895412111552,0.021249156227818977,-2.60209033926707
008040,2017-12-31,0.18025273067080286,G4,0.1543175530884951,0.015063532886112794,8.763871739767737
008110,2017-12-31,0.01705788770634106,G1,0.02999965503755421,0.013866337123912687,0.5550832957502111
008250,2017-12-31,0.035507688160344414,G2,0.07782153421979049,0.021544705030659448,2.5769139662833385
008370,2017-12-31,0.02947385654815756,G1,0.06088325442197026,0.01898557702057569,2.0320989693033384
008490,2017-12-31,0.08773237526354409,G3,0.05496380204839167,0.01903778368862805,1.7155946120488843
008500,2017-12-31,0.11200235090152427,G4,-0.21226999257115028,0.012717606308705073,-18.44471906143351
008600,2017-12-31,0.004948972638280969,G1,0.1812755982897316,0.02456179573605193,6.472365338075062
008700,2017-12-31,0.02496424552242193,G1,0.5011822444809149,0.05981880605584993,8.005501833436442
008800,2017-12-31,0.7051317664458661,G5,-0.10426442471214872,0.09075090810895652,-1.3946649160471225
008970,2017-12-31,0.5778213048829648,G5,1.2808837140590563,0.06164343086221201,20.417115230744706
009070,2017-12-31,0.048784437905185794,G2,0.2761981959384999,0.025256985497300224,10.052486787815994
009140,2017-12-31,0.05315227495527079,G2,0.4740339386943682,0.0626187590917007,7.213992457212555
009150,2017-12-31,0.04092262423386372,G2,0.1953613190202651,0.02520329980967816,6.86650706059453
009160,2017-12-31,0.05354776311595172,G2,0.04410439496644531,0.015394203195157198,1.4162286779789013
009180,2017-12-31,0.06083570021114122,G2,0.28700989942927446,0.037366780879878436,7.084025176088606
009200,2017-12-31,0.06330765154746885,G2,0.33128344167253154,0.02424413899988176,12.744554828167304
009240,2017-12-31,0.18899615981406007,G5,-0.4022173430932031,0.02735259354839533,-15.520284219809835
009270,2017-12-31,0.05806286474652457,G2,0.6225182421087521,0.05386675098585295,11.14259813701327
009290,2017-12-31,0.055448044381881535,G2,0.06661524124312762,0.020295195042613862,2.1834014515876885
009310,2017-12-31,0.22527963844170668,G5,-0.20870250089705739,0.023142032720954914,-9.98206106651614
009320,2017-12-31,0.07630483130827174,G3,0.22315265076958873,0.03853683838346854,5.211895325822051
009410,2017-12-31,0.0858821004111289,G3,0.1697686989808248,0.0322366647476673,4.574481175651599
009420,2017-12-31,0.052278454894902335,G2,0.3360880547365297,0.05376413206547591,5.836332881326183
009450,2017-12-31,0.10533504642996813,G4,0.19359987628496658,0.032399028416140015,5.287108957650203
009470,2017-12-31,0.19739145201980365,G5,0.025490585749759875,0.04765117498052735,0.06690082299614561
009580,2017-12-31,0.06476701677001168,G3,0.40050098965762887,0.027478441637390598,13.763455428861578
009620,2017-12-31,0.23939151293537514,G5,-0.10664866696672928,0.02390786044010323,-5.39368004998283
009680,2017-12-31,0.032086482543113,G1,0.138727527295494,0.025476271945554452,4.569932548116822
009770,2017-12-31,0.05686515968157263,G2,-0.09457542555915498,0.013950776710759106,-8.377892565354129
009780,2017-12-31,0.1586199165884803,G4,0.3467089044491289,0.041627687106475436,7.793039778850368
009810,2017-12-31,0.16168107205074359,G4,0.45385962127847795,0.03679129457497641,11.729865538495405
009830,2017-12-31,0.1348747957724099,G4,-0.06964770382073202,0.02105971275976161,-4.366174781037333
009970,2017-12-31,0.06704893776398192,G3,-0.023237661589784516,0.01823259793281356,-2.497743036095472
010060,2017-12-31,0.06810938731466522,G3,0.19283939437942788,0.03707029453845796,4.600360304007785
010100,2017-12-31,0.105950392156362,G4,0.12122980729611314,0.019924728077516884,4.965042633676568
010120,2017-12-31,0.09232718911907059,G3,0.07846172584686294,0.025187233145406485,2.2296630438058127
010130,2017-12-31,0.10384333596869068,G3,-0.11862337313872375,0.015661932878855225,-8.99799897979474
010140,2017-12-31,0.05877552034247427,G2,0.16344520649305116,0.029899615649480352,4.720546418417754
010170,2017-12-31,0.13698749403105873,G4,0.2218901733755943,0.04811259087689154,4.1483421867565
010240,2017-12-31,0.1258260369373921,G4,0.4823652174583175,0.03280488291152689,14.024209010965034
010280,2017-12-31,0.19275873579116096,G5,-0.2928091542568279,0.041497884025117754,-7.593443487213153
010470,2017-12-31,0.05628147274032692,G2,0.0553821952133441,0.016530107346963394,2.001167420887415
010600,2017-12-31,0.3256280438656317,G5,-0.07971920562582202,0.0427430092510634,-2.3868672407550036
010620,2017-12-31,0.19030777464343962,G5,0.1702674469606416,0.032285250021060884,4.583045320612025
010690,2017-12-31,0.08771609119379757,G3,-0.11774926809613999,0.014530596590300218,-9.638417125726262
010770,2017-12-31,0.029383246361912783,G1,0.6840607336326472,0.06002272403555607,11.025125256124793
010780,2017-12-31,0.17627845744301926,G4,-0.043837008716756096,0.021349724313405646,-3.097917831288143
010820,2017-12-31,0.046734155084842605,G2,0.5862918864093831,0.03992979762064298,14.124519458896074
010950,2017-12-31,0.1821654570909973,G4,-0.04668611918890522,0.019350461824910497,-3.565227679833609
010960,2017-12-31,0.12782611263204338,G4,0.4664657573327393,0.03778416413658296,11.755270615497551
011040,2017-12-31,0.09221079374421977,G3,0.1312535516154924,0.021611295838520003,5.041385278455583
011070,2017-12-31,0.08959400124222783,G3,-0.1774146207195719,0.02920686081134866,-6.838027028526075
011080,2017-12-31,0.9768785857739255,G5,0.2113046966489434,0.022472546623164,8.410351389695052
011090,2017-12-31,0.034112951385250424,G2,0.1257400896643607,0.0232870774902614,4.441837185485758
011160,2017-12-31,0.19060946392618094,G5,0.2621340446726495,0.018650704868766046,12.859104437787815
011170,2017-12-31,0.18642353028081368,G4,0.1388625603495666,0.022884488001352888,5.093401146481693
011210,2017-12-31,0.020064224132868166,G1,-0.1747763129168086,0.019801402844892502,-9.952779476655698
011230,2017-12-31,0.799305515335288,G5,0.10697578548809342,0.056966224065815176,1.4863737934155195
011280,2017-12-31,0.0021682343225424435,G1,0.3762408587417547,0.027667760899322557,12.792440165390891
011300,2017-12-31,0.08089574823403337,G3,0.3649436562066276,0.03152235858993679,10.869775886287368
011320,2017-12-31,0.03664221863247508,G2,-0.16892317473069962,0.03521898718351049,-5.429623988365591
011330,2017-12-31,0.15373790104661417,G4,0.41194074877219244,0.03206593924171717,12.15115088032262
011390,2017-12-31,0.06937430827487087,G3,0.8696874659892226,0.046618777890109625,18.17689826747195
011420,2017-12-31,0.14569291374869817,G4,-0.3297321280049004,0.03271485984822723,-10.760700567415267
011560,2017-12-31,0.15774112292776435,G4,0.0145563794603637,0.023791595980810216,-0.32558990463328114
011690,2017-12-31,0.03254453471056179,G1,1.0044129751233806,0.03874914089559807,25.345343651428404
011700,2017-12-31,0.05996742415819642,G2,-0.08599013596445101,0.019682378042228187,-5.502019047644547
011760,2017-12-31,0.069302123731101,G3,0.1551233624194668,0.0204133765507229,6.5065511902259985
011780,2017-12-31,0.11122602899146485,G4,0.11852110076794983,0.03183689588532174,3.0222298740337203
011790,2017-12-31,0.08556020072144369,G3,-0.18973023081348894,0.02215471189696617,-9.57055612938725
011810,2017-12-31,7.856813909774436,G5,,,
011930,2017-12-31,0.47901045142886245,G5,-0.1545643166464613,0.021459177524100502,-8.242021362405605
012030,2017-12-31,0.00556542580676724,G1,0.2343241182963555,0.026390621761124507,8.033968933685783
012160,2017-12-31,0.025095713811871485,G1,0.3105363342302181,0.02777423587654569,10.37773469572898
012170,2017-12-31,0.7584329832326397,G5,-0.13437603330484654,0.027371088044359376,-5.724241432337363
012200,2017-12-31,0.04315964438427259,G2,0.0876293571077641,0.02005219975130665,3.2578308111397103
012320,2017-12-31,0.12969645064380797,G4,0.02047529046900721,0.013780414370225768,-0.13260794695479847
012330,2017-12-31,0.05305784353790758,G2,-0.0368821846490883,0.023160241545434307,-2.5554512227263433
012340,2017-12-31,0.24226784115873032,G5,0.07933576761971314,0.02676832475859648,2.130618378520982
012450,2017-12-31,0.021893215414214833,G1,-0.3691204899054219,0.021405613771171533,-18.28600557856503
012510,2017-12-31,0.2187526247409682,G5,0.4409501773633688,0.03361686402647038,12.453496379284243
012600,2017-12-31,0.28609144145432747,G5,-0.008661410648295901,0.020546834205982058,-1.5070007021378597
012610,2017-12-31,0.022657454111402804,G1,0.012087933574759237,0.022525526012319903,-0.45347439817757224
012620,2017-12-31,0.06970441619242937,G3,0.0871820268660951,0.013542000175927275,4.790972020115433
012700,2017-12-31,0.11414325995765752,G4,0.104083562951487,0.015804513482526008,5.174526891642529
012750,2017-12-31,0.1186634125376645,G4,-0.07857509503176711,0.014251575295881268,-7.078359820878906
012800,2017-12-31,0.0733786402606229,G3,0.12596070343238938,0.018595387008016922,5.574394362476599
012860,2017-12-31,0.3158668160447714,G5,0.02288418571573978,0.020132798785169922,0.028883355717977507
013000,2017-12-31,0.01385454424768818,G1,0.10130261969998511,0.026831852370509432,2.944259519703669
013030,2017-12-31,0.07052161216373806,G3,0.2246962747377232,0.022403465449023312,9.034030573145877
013310,2017-12-31,0.07418882301770051,G3,-0.1702150550289601,0.02935633538289908,-6.557962206275123
013360,2017-12-31,0.1427923999275619,G4,1.2565575021957198,0.06745859136513027,18.29648076385544
013520,2017-12-31,0.15467743821572738,G4,-0.14427536694094142,0.018583758709023433,-8.963636069321536
013570,2017-12-31,0.09450626371533186,G3,-0.007131498824892599,0.013103167210774798,-2.2463410012441862
013580,2017-12-31,0.1476557823935482,G4,0.13756328613211558,0.025306827850680433,4.554525912349274
013810,2017-12-31,0.008147508447492386,G1,0.30074953590936504,0.040854996966001256,6.815490727223745
013870,2017-12-31,0.04963080368077004,G2,0.05142848294040214,0.045815544957611996,0.6357187291020927
013890,2017-12-31,0.3432564853553489,G5,,,
013990,2017-12-31,0.029324270077150435,G1,0.0315197486139242,0.02091234954011001,0.4407474956085907
014100,2017-12-31,0.1268530196877885,G4,0.22920393882164325,0.030703977913146697,6.738581446354673
014130,2017-12-31,0.10610396118380654,G4,0.34488640682622823,0.032200559228773254,10.017954086062886
014190,2017-12-31,0.020318728815948376,G1,0.4633783493988257,0.04951772584967681,8.9074297921312
014200,2017-12-31,0.21916519710707721,G5,0.10459068532524361,0.037154577905969,2.2147473349493905
014280,2017-12-31,0.08043235470969667,G3,0.16791293220043468,0.021978736477072155,6.625050963484802
014440,2017-12-31,0.2090573134919315,G5,-0.017284258463360895,0.012759245292100752,-3.1026083819156933
014470,2017-12-31,0.00936727891224141,G1,-0.004365984632992808,0.015912588752495092,-1.6759477652962291
014580,2017-12-31,0.039003347206842974,G2,0.10502094414941911,0.011592963496400566,7.135212773530476
014620,2017-12-31,0.036234792339316445,G2,0.27892162009588806,0.03547420921209159,7.233957933629957
014680,2017-12-31,0.14857287680314976,G4,-0.006559691839747306,0.021566567748979856,-1.33829244887341
014790,2017-12-31,0.1187143343372415,G4,0.7831653207752408,0.05056353679501758,15.04765461587302
014820,2017-12-31,0.17270211972852814,G4,-0.0283337760852808,0.018720156255136906,-2.704916471956005
014830,2017-12-31,0.0632597591732053,G2,0.1943000409027955,0.017920403681274805,9.597850641929897
014910,2017-12-31,0.09094566735410865,G3,0.2404178826868539,0.04483412159257588,4.864937507689289
014940,2017-12-31,0.0929480453312815,G3,0.05390737120005057,0.04386785015660866,0.7204521799083442
014970,2017-12-31,0.05738111654649938,G2,0.4896810579606917,0.04498959672373935,10.388587786279135
014990,2017-12-31,0.011487523749059245,G1,1.1980022971949733,0.06537335998907441,17.984384074256454
015020,2017-12-31,0.07587503000714572,G3,-0.03521714266003649,0.01720343325050838,-3.3435085165436953
015230,2017-12-31,0.07403969294765891,G3,-0.13791424465669758,0.019991883188085986,-8.014098825817815
015260,2017-12-31,0.22833943932576925,G5,0.1310679178373127,0.023882166703641235,4.5542448581057915
015360,2017-12-31,0.03882023771938065,G2,0.09413848396823736,0.02007061881058738,3.579152278230418
015540,2017-12-31,0.9867628377100891,G5,0.22672865859450303,0.036041232517328756,5.67200290859601
015710,2017-12-31,0.10485226254004934,G3,0.002485942037507294,0.013654506241657547,-1.451296776214763
015750,2017-12-31,0.024739906914914966,G1,-0.07426966846113611,0.02491544887338383,-3.876002871902088
015760,2017-12-31,0.019754691865063793,G1,-0.009716519984600217,0.014805009806591236,-2.162727571931389
015890,2017-12-31,0.02942756496608869,G1,0.09132604438145742,0.01271995354336551,5.426384712751522
016100,2017-12-31,0.07254407720428448,G3,0.28578748478780164,0.036074550037277595,7.30389711274848
016250,2017-12-31,0.1466628068102551,G4,0.16315316899003518,0.027464680468428954,5.1284225288954515
016380,2017-12-31,0.7520712653052729,G5,0.5632610906487439,0.06491044184784779,8.333919664111036
016450,2017-12-31,0.0861385268493799,G3,0.0557698161923942,0.026694367889944337,1.2537151433419735
016590,2017-12-31,0.06536742932183909,G3,1.0342254564849556,0.041125449824150014,24.605755751853124
016670,2017-12-31,0.02999625173908272,G1,-0.10463992716170974,0.027513213688818244,-4.613877954218422
016710,2017-12-31,0.061758206786146075,G2,0.019111140904527,0.008422928342630653,-0.3789112162036355
016740,2017-12-31,0.0921171826284839,G3,0.11553800512203471,0.025820041153594438,3.6109672188584434
016880,2017-12-31,0.020817606254895298,G1,0.743277559248096,0.031228123379698085,23.087358390225408
016920,2017-12-31,0.05064117698373754,G2,0.4252831783869407,0.027352577118989706,14.732816352443061
017000,2017-12-31,0.21348950750116583,G5,0.08093248227691242,0.026960279353626916,2.1746732881013644
017040,2017-12-31,0.021280211058197555,G1,0.6432892426175216,0.049273291347249414,12.602903981273371
017180,2017-12-31,0.07993829112805281,G3,0.44547013618336545,0.05385533973172512,7.857483684338483
017370,2017-12-31,0.006656237129600158,G1,-0.05982323700448827,0.034130455590214145,-2.406235677523877
017550,2017-12-31,0.03132288924185719,G1,0.4365951219795903,0.03983415182125365,10.40043329934074
017650,2017-12-31,0.024994228534554963,G1,0.9268220699825358,0.030857165731106424,29.313106554821417
017670,2017-12-31,0.14740508380989834,G4,-0.1478767125648124,0.01378258104758549,-12.347425703798393
017680,2017-12-31,0.7384276397565306,G5,0.4834885548554799,0.0683986393689618,6.742617633676634
017800,2017-12-31,0.09458077850185827,G3,0.721274708169093,0.04336605952215672,16.11795106459103
017810,2017-12-31,0.08090579056287306,G3,-0.1196724917683417,0.022438949762663217,-6.327175567343501
017890,2017-12-31,0.07953236709495067,G3,0.355738578536597,0.02644423094785366,12.6090222199043
017900,2017-12-31,0.01418587586431727,G1,0.05360889389095899,0.02603185479862461,1.2026116158954525
017940,2017-12-31,0.06935275531193888,G3,0.09736976622477932,0.009238087616933729,8.125824998709641
017960,2017-12-31,0.0023979411430711667,G1,0.13807978939851007,0.026016524977981875,4.450137232765117
018000,2017-12-31,0.024890188164415687,G1,-0.22890926022523012,0.027927556626621806,-8.995127877123085
018120,2017-12-31,0.1703139377276784,G4,-0.11333210631500829,0.007151794867008661,-18.965139767573994
018250,2017-12-31,0.32315256379381424,G5,0.3092029295497997,0.04276508029119902,6.708750332499997
018260,2017-12-31,0.09472488178663349,G3,0.23044052862065462,0.02618107297855389,7.949935660174072
018290,2017-12-31,0.3601749865616869,G5,0.7033813993287641,0.04807827942527213,14.166037648259286
018670,2017-12-31,0.08405045820846771,G3,0.007885682759148978,0.016541822395609883,-0.8715484801424584
018700,2017-12-31,0.035451861977134604,G2,0.07360329138457372,0.02766569369879993,1.8543040711814778
018880,2017-12-31,0.14689207318865427,G4,-0.22241091511464006,0.022344658652226037,-10.951771600104093
019010,2017-12-31,0.016400364735118914,G1,0.16462905579057016,0.016028443849310743,8.879612656213114
019170,2017-12-31,0.005812948144384654,G1,0.3633147967718051,0.0408366599877417,8.350636754997605
019180,2017-12-31,0.08245901938182931,G3,0.42569652382472994,0.03163069260653389,12.753240844766468
019210,2017-12-31,0.11081057954756215,G4,0.11298289755389017,0.032836979621707986,2.761527268089959
019440,2017-12-31,0.07376245851210808,G3,-0.03046074246638062,0.013694177666208245,-3.852982389983804
019490,2017-12-31,0.3479408175612047,G5,0.0969492504004407,0.028303677998959057,2.637345135015907
019540,2017-12-31,0.06397120838863658,G3,-0.2299419054569812,0.013898397989649206,-18.14918442914564
019680,2017-12-31,0.06148152941517509,G2,-0.0416710855166637,0.008926915411130843,-7.166391244586565
019770,2017-12-31,0.053783464801668956,G2,0.23754067148387717,0.026421439986367992,8.146338302079632
019990,2017-12-31,0.009777489495237584,G1,0.20256946075152593,0.034324472803331604,5.251844037272427
020120,2017-12-31,0.1373744270955481,G4,0.41820605585739157,0.0279601233755787,14.159571744821323
020150,2017-12-31,0.07953924174726165,G3,-0.10987187538429871,0.025149156179100313,-5.25562596891298
020560,2017-12-31,0.1995289485275586,G5,0.17868951107661618,0.023749058644479064,6.584969555672984
020710,2017-12-31,0.19603996490123862,G5,0.3123360737235294,0.027283477796385663,10.630367321981286
021050,2017-12-31,0.02103933377097471,G1,0.1783054043926432,0.020712918361298027,7.531663030029809
021240,2017-12-31,0.3314891774638073,G5,-0.09420253265563308,0.01983993848184296,-5.872256896818765
021320,2017-12-31,0.06649219457692267,G3,0.19014589701490328,0.024847757001178385,6.754863792338045
021650,2017-12-31,0.012611824683985043,G1,0.15093075070315948,0.020526488825851546,6.26644278364515
021820,2017-12-31,0.003975725105308591,G1,-0.18631148267751457,0.02022669113522301,-10.313805862248053
022220,2017-12-31,0.14905555309263963,G4,0.17496111190364227,0.021735715603660024,7.02339098286266
023150,2017-12-31,0.04032361259834604,G2,0.0522193298117191,0.012123925156948977,2.467571062804091
023410,2017-12-31,0.11664302778427951,G4,0.5514657708264381,0.03516454162279792,15.048200928532543
023460,2017-12-31,0.028204910431901632,G1,0.13507758476591583,0.02247716611309387,5.017309623093036
023530,2017-12-31,0.0015456631153569328,G1,0.2777340393356295,0.02512012811659087,10.16839385624382
023590,2017-12-31,0.12723371636218356,G4,0.26726341802191983,0.031902285922416396,7.678469677402238
023600,2017-12-31,0.030549652786091952,G1,0.5169129696689452,0.023103902375328528,21.408084171541727
023800,2017-12-31,0.00462391346913455,G1,0.31906306509202503,0.0426794929697665,6.953231201116102
023810,2017-12-31,0.017722318936682697,G1,0.06556806249541128,0.010839900796347678,3.991307704878587
023890,2017-12-31,0.1616187271080507,G4,-0.0495088176134436,0.0063952647750602975,-11.22885495223234
023900,2017-12-31,0.11152218764745685,G4,-0.11176365405914196,0.03435295026918431,-3.9026149409424375
023960,2017-12-31,0.09127004582190701,G3,0.3545937860976988,0.0464930472072648,7.147113883276449
024070,2017-12-31,0.0005582566460786777,G1,-0.1285370218102292,0.012167250608262079,-12.397188945432905
024090,2017-12-31,0.08723235207869978,G3,0.0009711672481512116,0.0048960913654484415,-4.356845917789414
024120,2017-12-31,0.1443058725983084,G4,-0.1282183047789498,0.013383635194955426,-11.24664454112688
024660,2017-12-31,0.10251183592966846,G3,0.10666846090287006,0.025736102229884792,3.278110151352879
024720,2017-12-31,0.13172107012953851,G4,0.3876858756875094,0.034693122248669134,10.53186248679871
024740,2017-12-31,0.02330618660526735,G1,-0.087984650210404,0.027352246527208898,-4.032112427311004
024800,2017-12-31,0.0710542858535675,G3,0.0622464488827737,0.02118064718389458,1.8858614474404272
024840,2017-12-31,0.07710682633420668,G3,0.1539524459904488,0.026958245130230696,4.8834693218212815
024850,2017-12-31,0.09209145498958878,G3,0.11953939722028548,0.028508132005362986,3.4108413092504244
024880,2017-12-31,0.09261970280216923,G3,0.1267160558586068,0.022616188564401712,4.616753730826513
024890,2017-12-31,0.0219045089378015,G1,-0.05686415366250269,0.020968968134008743,-3.775428341699579
024900,2017-12-31,0.01602232017296589,G1,0.0803946796817478,0.021569020801810838,2.6933070948701294
024910,2017-12-31,0.12772849783744006,G4,0.010911448880413316,0.020681853416840295,-0.5507840045486723
024950,2017-12-31,0.0321133336450436,G1,0.037011066705030626,0.019407797243895655,0.757859513543074
025000,2017-12-31,0.06123637474284493,G2,-0.1395043245431132,0.016772334974852685,-9.6472558956487
025320,2017-12-31,0.252651210176187,G5,-0.22463076306918545,0.03219961307570581,-7.668832709742179
025440,2017-12-31,0.08735449482059267,G3,-0.15441026962544846,0.027556807820134144,-6.412678627571801
025530,2017-12-31,0.0791464300164267,G3,-0.05415928129021561,0.008028771661393845,-9.523494681597482
025540,2017-12-31,0.0737430990614017,G3,-0.2703170319289364,0.01442339397196697,-20.28785426124362
025550,2017-12-31,0.046588075232774154,G2,0.32138701281609217,0.02235846119931233,13.376785066874895
025560,2017-12-31,0.22530071957988781,G5,0.03319705932289542,0.016239037007829506,0.6708757662670232
025750,2017-12-31,0.023079055759076837,G1,0.20097438069018062,0.021289509262815167,8.392476104436291
025770,2017-12-31,0.14885427044029534,G4,0.09631905112221684,0.03173071216223831,2.332641253588757
025860,2017-12-31,0.06337024083218343,G2,0.6128824769462283,0.044716665727652934,13.20715183945798
025870,2017-12-31,0.014895540734253011,G1,0.1672983014779294,0.015539676567383106,9.330671582665863
025880,2017-12-31,0.11519254779163338,G4,0.48367894284644936,0.05370513982681124,8.590914415407351
025900,2017-12-31,0.09420265295334368,G3,0.0917035558588468,0.019749047521501823,3.5141377251969836
025980,2017-12-31,0.007935836937330264,G1,0.3255030957373698,0.03684960421053141,8.228050729616454
026040,2017-12-31,0.05038397712709395,G2,0.7446782710971545,0.04981507682104377,14.501143715293168
026150,2017-12-31,0.006709710021685705,G1,1.1405622097732686,0.05524593468664277,20.241480811018107
026180,2017-12-31,0.019821014883477494,G1,0.5838108481014022,0.0323566515305951,17.353716735603317
026260,2017-12-31,0.43368150808763345,G5,-0.4198541904340506,0.02827255952689376,-15.639081878677667
026890,2017-12-31,0.05243869020899538,G2,0.17605115701374566,0.0391246580751558,3.929707801958961
027040,2017-12-31,0.042192563799097374,G2,0.18873200305707458,0.027389130899209555,6.0764732091242974
027050,2017-12-31,0.022853329390384158,G1,0.22332913581036426,0.03235121114772588,6.213877185790188
027410,2017-12-31,4.8231192478585125,G5,-0.15373654087868052,0.02661336876190995,-6.614691487590391
027580,2017-12-31,0.1473181429796543,G4,0.036566606729045104,0.027742396609125704,0.5141561489148279
027710,2017-12-31,0.07553192222205353,G3,0.0950956667877435,0.014368398437504091,5.066186337853183
027740,2017-12-31,0.10675802078191113,G4,0.2569881624272351,0.014590344157367728,16.084985862509352
028040,2017-12-31,0.364084124916711,G5,1.253411606829039,0.05536874726551636,22.234725990792715
028080,2017-12-31,0.17680365667716094,G4,-0.003627541231507603,0.019447419475881883,-1.333350380521938
028100,2017-12-31,0.10948016343041682,G4,0.6508256482499202,0.0426065008638409,14.751809056831116
028150,2017-12-31,0.09655198153378494,G3,-0.20293513938848542,0.020675623076003475,-10.89388317282346
028260,2017-12-31,0.019128451871077243,G1,0.11720282660781803,0.017077391892187932,5.557063062094448
028300,2017-12-31,0.18761540360347573,G5,1.271597406527625,0.05461000826208869,22.876662416989227
028670,2017-12-31,0.05862636487074189,G2,0.07228503704169764,0.026977222705594696,1.8527612964585398
029460,2017-12-31,0.3433544166834949,G5,-0.13062968927786164,0.03723392977623697,-4.1073390083657975
029530,2017-12-31,0.037014410240762276,G2,-0.028979401719103966,0.021119540959594257,-2.4281817840665054
029960,2017-12-31,0.12790382229676028,G4,0.053756010974005404,0.01539651210093947,2.042886586323465
030000,2017-12-31,0.14997041943186804,G4,-0.08843624091104918,0.01984843098478694,-5.5792280973118515
030190,2017-12-31,0.17879198309163322,G4,0.14824052589953599,0.01920381630529102,6.557959156170873
030200,2017-12-31,0.04294202002144937,G2,-0.1015431166380864,0.008362327168653072,-14.809968214250535
030270,2017-12-31,2.545834084174032,G5,0.3243779656595835,0.0629705214366811,4.797090381989305
030520,2017-12-31,0.0905127308188587,G3,-0.1075992679559331,0.020342921671458174,-6.385609352515932
030530,2017-12-31,0.09889662257384305,G3,-0.1404852863368317,0.0213151859828547,-7.637182682553308
030720,2017-12-31,0.13015915524979316,G4,-0.03030075110343821,0.020167297381588144,-2.6083531687439727
030790,2017-12-31,0.2580557516246988,G5,1.0049587200073957,0.04124126770600853,23.827008521791907
031310,2017-12-31,0.07447221620586794,G3,0.3622692089135512,0.02921580514768066,11.63639079149974
031330,2017-12-31,0.1530679597986842,G4,0.018646753608375793,0.014499952338777796,-0.25213388520431645
031430,2017-12-31,0.0486478550627642,G2,0.6291075798929162,0.029494940683149173,20.573185872272738
031440,2017-12-31,0.06542965471232892,G3,0.1387535140094969,0.01673966726062005,6.956579797533814
031510,2017-12-31,0.004199413532989325,G1,-0.39378664382252143,0.03490162478232992,-11.921775256721268
031820,2017-12-31,0.014841549897486619,G1,0.09868165968498009,0.018644176949926573,4.096666587282719
031860,2017-12-31,0.6423471322045881,G5,0.1638806480250749,0.04797658441465686,2.9509805007084573
031980,2017-12-31,0.17275835365217612,G4,-0.07865980410450099,0.028204221737669503,-3.5796941312684742
032040,2017-12-31,2.5601924962343214,G5,,,
032190,2017-12-31,0.11363750301475435,G4,0.20260019063801188,0.028952947166964373,6.227259237943972
032350,2017-12-31,0.019594004356510708,G1,0.7927990952728178,0.05322011675049475,14.477540813339644
032500,2017-12-31,0.1693303101397625,G4,0.006718145257415535,0.03591842277205469,-0.4338870269531664
032540,2017-12-31,0.0207660347886845,G1,-0.06172746370346132,0.013029455051505184,-6.449244906876076
032560,2017-12-31,0.09158663662887512,G3,0.3801019754717226,0.041297121441908134,8.664024998647974
032620,2017-12-31,0.07598815783282538,G3,0.3959033467506195,0.034568866613802325,10.80743166958857
032640,2017-12-31,0.1045517798060228,G3,-0.11505361259539218,0.018854410117079078,-7.285101717279322
032750,2017-12-31,0.04376792341799164,G2,-0.004897431767575691,0.029441371816840714,-0.9238738895599372
032790,2017-12-31,0.09923719259949368,G3,0.8945270425345995,0.05739236574223325,15.197567626419128
032800,2017-12-31,0.1899635332013584,G5,-0.18614304727015035,0.026676570063786185,-7.813813008890059
032820,2017-12-31,0.08679189073246088,G3,1.8927166946350813,0.07113950745961824,26.292197943174926
032850,2017-12-31,0.08453691818596927,G3,0.08261041720380569,0.026547520013905652,2.271689944875721
032940,2017-12-31,0.1176386815145225,G4,-0.15424691954995198,0.02725658883587944,-6.477318329885017
032960,2017-12-31,0.11198476873372268,G4,-0.019751690120264828,0.012547031660393181,-3.351738816428255
032980,2017-12-31,0.20146134043345176,G5,0.7146139215921925,0.06335777085446011,10.92701383474617
033050,2017-12-31,0.011114452044255844,G1,0.017431969185783786,0.020863725926837117,-0.23345368694573593
033110,2017-12-31,2.616835459467045,G5,-0.44975625483407244,0.09133058755223675,-5.16868390330793
033130,2017-12-31,0.0761195703965864,G3,0.14540473504849574,0.021067968452470952,5.843090775429203
033160,2017-12-31,0.1988037243151548,G5,-0.10430895403900124,0.01818552709573035,-6.962219808055865
033170,2017-12-31,0.009638267311120713,G1,0.17963695791092968,0.021423812325635307,7.343897182848142
033180,2017-12-31,0.03975986658979175,G2,2.151683250913044,0.10592327989155532,20.10304599863489
033200,2017-12-31,0.057840978678171,G2,-0.08550198018001362,0.016275625166841983,-6.6236879997993094
033230,2017-12-31,0.08535840831185837,G3,-0.030818166735608547,0.021705960654266346,-2.4472931886567664
033240,2017-12-31,0.08778843793088978,G3,-0.4066552042429603,0.030902014569781377,-13.881227264362924
033250,2017-12-31,0.142050223279462,G4,0.25705004864423064,0.03941945155292406,5.955114961511642
033290,2017-12-31,0.27110453510579946,G5,0.05216977224869292,0.03214318785714973,0.929188774137728
033310,2017-12-31,0.08223210987235338,G3,0.2611257878021148,0.021580140572207217,11.06680024053517
033320,2017-12-31,0.1660207031455022,G4,-0.05378505485632999,0.040277858415745056,-1.8890710870917535
033340,2017-12-31,0.13929314921920252,G4,1.5531359229605768,0.08194669908787887,18.68084080350932
033430,2017-12-31,1.581880133755409,G5,0.005573385592698682,0.019294839452596555,-0.867034803540657
033500,2017-12-31,0.3826511325312607,G5,0.29717817779424943,0.03847398107646207,7.144451579397012
033530,2017-12-31,0.019884109886237834,G1,0.06271456082934532,0.023800103204989737,1.6979707001456883
033540,2017-12-31,0.1420584586284429,G4,0.42040132665261987,0.04356320572339202,9.138414795585732
033560,2017-12-31,0.01901140114923613,G1,-0.1010074447640486,0.018891029151713555,-6.527443618903776
033640,2017-12-31,0.03261086499065371,G1,-0.0563990461881853,0.025494226376448714,-3.087041275655979
033780,2017-12-31,0.154124452459755,G4,-0.16032668864310862,0.01200905779523354,-15.207635326930014
033790,2017-12-31,0.12035759632864243,G4,0.03168440381771272,0.031589530045381786,0.29698830205468724
033830,2017-12-31,0.029405171029162683,G1,0.14591047458417372,0.03749479465915386,3.296665384648726
033920,2017-12-31,0.09613361795152246,G3,-0.13749303670523386,0.015881927584412526,-10.061481440634207
034020,2017-12-31,0.030558789338254705,G1,0.17349886791443753,0.022200192451701684,6.810579922518592
034120,2017-12-31,0.02821620835829518,G1,0.014631126887140175,0.020254158952878767,-0.3787644827680541
034220,2017-12-31,0.12929617909009172,G4,-0.2293307030111822,0.018218234954009704,-13.81217151789058
034230,2017-12-31,0.030813677650651055,G1,0.10238259768082178,0.0377350440099407,2.122163014647518
034730,2017-12-31,0.11072723783897429,G4,0.048590622487873686,0.01610207588896571,1.6325807766847504
034950,2017-12-31,0.18805042156633892,G5,0.017288222151889614,0.010458349585766972,-0.4794696078780865
035000,2017-12-31,0.08975182216283616,G3,-0.17499788474887562,0.011281924488682347,-17.488201403371406
035080,2017-12-31,0.08572473722464881,G3,-0.09037554800556667,0.024272523421773762,-4.642213295026321
035150,2017-12-31,0.06972488933105132,G3,-0.1339873216480702,0.01694186948885827,-9.225074285791347
035200,2017-12-31,0.12515931717436538,G4,0.08558142312467094,0.04006557635687092,1.5793792565020695
035250,2017-12-31,0.12496744436784671,G4,-0.17274644971353348,0.017671643659455245,-11.037407521286303
035420,2017-12-31,0.14516015764607804,G4,-0.18246943911972963,0.01730194307055949,-11.835209560652958
035460,2017-12-31,0.15827824077175343,G4,-0.013006437859947213,0.02041299918977764,-1.729737039545784
035480,2017-12-31,0.5210599916219607,G5,,,
035600,2017-12-31,0.009773483437204631,G1,0.28788600684252774,0.040258050549222865,6.597023956512103
035610,2017-12-31,0.037267665607176426,G2,0.13855983326987778,0.024276667874417363,4.788842972373476
035620,2017-12-31,0.8419018592089854,G5,0.07635427003770417,0.03405213312860601,1.5873186829951649
035760,2017-12-31,0.09665222641378686,G3,-0.0102772539687354,0.023504053684272334,-1.3861411879502905
035810,2017-12-31,0.08687980886448048,G3,0.21136890246478746,0.027743679483160262,6.814749271188662
035890,2017-12-31,0.11537413389798674,G4,0.0041011049747350994,0.026436466448422107,-0.6885026782079848
035900,2017-12-31,0.1908719587964426,G5,0.4892678840069505,0.03305096465588547,14.12864059920767
036010,2017-12-31,0.08689780252745159,G3,0.012557724935421156,0.03521911581710502,-0.2766951345971957
036090,2017-12-31,0.07261332213693565,G3,0.24107208888093928,0.06378368158196393,3.4298648263660483
036120,2017-12-31,0.015534239572240083,G1,0.0945035975054562,0.09369477751475293,0.7705970011749949
036170,2017-12-31,0.012415084556772786,G1,0.7448529974099058,0.09000936373374556,8.027501634390335
036190,2017-12-31,0.1093970252148812,G4,-0.15203992754418227,0.013948280926855197,-12.49921846177779
036200,2017-12-31,0.25641319648909183,G5,0.42338496463191133,0.03354889936142223,11.955154694770263
036260,2017-12-31,0.40093566642132916,G5,0.10471372851354194,0.030240240667093504,2.7252113001994007
036420,2017-12-31,0.04617724733707463,G2,0.3497116932710062,0.035464413304494874,9.232043613214943
036460,2017-12-31,0.14639739879213307,G4,0.2737525800612889,0.022616986559553392,11.117745349158705
036490,2017-12-31,0.2549716589429703,G5,-0.12795726150814749,0.026037352081428253,-5.770937995732413
036530,2017-12-31,0.017023091284335646,G1,-0.17188418051957838,0.014320333459148907,-13.560219390166953
036540,2017-12-31,0.036591808989401654,G2,0.0284278734397614,0.024517630884860878,0.24982799283083765
036570,2017-12-31,0.16269848962345668,G4,-0.2015134948601348,0.019686968341386512,-11.368747788172708
036580,2017-12-31,0.12281275984223763,G4,0.035301083002332874,0.018622972810785284,0.6979766446297846
036630,2017-12-31,0.008665680155934014,G1,0.05393402277171251,0.02133062383747686,1.4829073957653571
036640,2017-12-31,0.07817149982022109,G3,0.10030162171559061,0.016926674105768313,4.6080487106548995
036690,2017-12-31,0.11486137422614476,G4,-0.12250678853541001,0.016945691872599783,-8.54550363307313
036710,2017-12-31,0.042522879428040256,G2,-0.0716202080166601,0.012899971294730792,-7.2808604606627085
036800,2017-12-31,0.2024842960787032,G5,0.11278134817833307,0.016542199816412227,5.46956669945046
036810,2017-12-31,0.12257828579868282,G4,0.039456011617421204,0.031320178773543254,0.5476765894159484
036830,2017-12-31,0.06630107005906756,G3,-0.10817224432406464,0.025465119830081283,-5.123672227796362
036890,2017-12-31,0.0972761536984023,G3,0.13786411482702016,0.038720422020008013,2.984508584138799
036930,2017-12-31,0.22304832865830426,G5,-0.2543172655315093,0.0262995199941689,-10.518060729612952
037270,2017-12-31,0.08750119341970077,G3,0.2743065011241923,0.028117860279439376,8.962410926468534
037330,2017-12-31,0.008194493740779907,G1,-0.005639804169793391,0.01457787645412692,-1.916773487863678
037350,2017-12-31,0.11357263768369552,G4,0.0871824507574637,0.02684158322307364,2.417136399572075
037370,2017-12-31,0.01936822982651622,G1,0.13988320700576085,0.030300690293225102,3.8804569447456214
037400,2017-12-31,0.11910753350555037,G4,0.056354475171041946,0.018938497010599846,1.7980197808281173
037440,2017-12-31,0.07177519039833927,G3,0.2450558302544025,0.021399545963408137,10.409246425530101
037460,2017-12-31,0.16217927880769456,G4,0.6410593429729557,0.0529411197307526,11.687638327126301
037760,2017-12-31,0.08963472859634955,G3,0.2561673476499179,0.01892939946557119,12.354573907558025
037950,2017-12-31,0.06976960378800011,G3,0.2009446723339618,0.03547460790830327,5.035770652318307
038010,2017-12-31,0.05048229645860726,G2,0.23538111455412486,0.022778166673634612,9.354503138039231
038060,2017-12-31,0.0052490644132673825,G1,-0.0054005947266289114,0.034705703183946966,-0.7982341549636788
038070,2017-12-31,0.04296368313172839,G2,0.1969291786575282,0.037396356928398426,4.669612499020976
038110,2017-12-31,0.06919434567886504,G3,-0.05144013169747178,0.0174550097404443,-4.224736377742289
038290,2017-12-31,0.09745628213019604,G3,0.2764528899603199,0.045948354137686956,5.5312145952369605
038340,2017-12-31,3.425081257041167,G5,,,
038390,2017-12-31,0.0612358966659121,G2,0.07919829892755281,0.010650845058019998,5.341887492568642
038460,2017-12-31,0.06461273464215875,G3,0.27341841648819,0.03745637824275988,6.704218222430518
038500,2017-12-31,0.057384341221146745,G2,0.6642415174245253,0.04181150013080606,15.353164380359688
038540,2017-12-31,0.34046889191095764,G5,0.6746640126632286,0.04936439663562971,13.215219352352925
038620,2017-12-31,0.02930090564202975,G1,-0.027407824643827863,0.02068119580200611,-2.403657314913827
038680,2017-12-31,0.02485896473898843,G1,0.02628600934911153,0.020440414540915965,0.19487503124306885
038870,2017-12-31,0.45422618242895046,G5,0.04510259277410028,0.032009096409002465,0.7122947038535777
038880,2017-12-31,0.25405626388672786,G5,-0.10096286977075111,0.02057670996398353,-5.990537501541227
038950,2017-12-31,0.050709033540256916,G2,-0.11107855730044437,0.016305646572822668,-8.180064472241535
039010,2017-12-31,0.25463648240589154,G5,0.2685707472586861,0.03528565508907939,6.9792685925809765
039020,2017-12-31,0.02901703284272414,G1,0.18369194154585353,0.020389898884156318,7.915157379442893
039030,2017-12-31,0.11895370608536601,G4,-0.34292602013949175,0.025947371534494633,-14.07574954483475
039130,2017-12-31,0.052654176699085245,G2,0.17102298434172877,0.02561738831410525,5.8054435366860675
039200,2017-12-31,0.24870233585135018,G5,0.6267672868204414,0.06140681726263375,9.843607450103603
039230,2017-12-31,0.30484453847067394,G5,0.608257151558616,0.05926442588731294,9.887119631360932
039290,2017-12-31,0.03370000598012921,G2,-0.12009479579863985,0.02139483155766991,-6.655695247781491
039310,2017-12-31,0.015186437734228442,G1,-0.06862941798214156,0.018655004670424073,-4.874407834007994
039420,2017-12-31,0.08256566618091114,G3,0.5654436252040913,0.04359592838255128,12.458524509702777
039440,2017-12-31,0.28992390737443774,G5,-0.313732213991178,0.038297490788813775,-8.774331946994264
039560,2017-12-31,0.015263307976390075,G1,0.024489771253430763,0.0308104869394767,0.07098519185684303
039570,2017-12-31,0.12075395725503632,G4,0.021766523267921084,0.02159747185146376,-0.024825112059207566
039740,2017-12-31,0.026638885585001954,G1,0.1416527929721773,0.02601014936799823,4.5885976415110985
039830,2017-12-31,0.1336884882154972,G4,0.15859782609632364,0.026429129864876055,5.157004557710723
039840,2017-12-31,0.09157221683359688,G3,0.18374364017685793,0.022940662563345975,7.037327575184122
039860,2017-12-31,0.08731969028820187,G3,0.06021889755708333,0.026762981389488884,1.4167410602895538
040160,2017-12-31,0.11874277957667355,G4,-0.06359296538948371,0.01759381844237052,-4.88214929565567
040300,2017-12-31,0.02381583928377095,G1,0.21123554581090245,0.038809410507667,4.868222949347518
040350,2017-12-31,0.35922529884923854,G5,-0.05253320301955561,0.029362166082129937,-2.5487181612234875
040420,2017-12-31,0.12799331046539394,G4,-0.015049008960262402,0.0050487659271091475,-7.3981825314049985
040610,2017-12-31,0.0023760626597800058,G1,-0.09103632151938773,0.03447508020356791,-3.2875631841021
040910,2017-12-31,0.18335084390687012,G4,-0.3188037554183731,0.02235663155720126,-15.257505920444848
041440,2017-12-31,0.09588905335941228,G3,0.1206835183095799,0.02810383267601597,3.5006198804588537
041510,2017-12-31,0.01081018837057349,G1,0.061201694136825344,0.027921922495517365,1.393135133021052
041520,2017-12-31,0.07652573329103703,G3,-0.2039204694679536,0.010902517698846233,-20.74962487047584
041590,2017-12-31,0.14206694201126863,G4,-0.20857288778601973,0.026077755320893868,-8.853352900656606
041650,2017-12-31,0.14078473034602434,G4,-0.0595404999303001,0.013217436501306102,-6.192061739736135
041830,2017-12-31,0.1814820460350919,G4,0.0979194329511914,0.025868805164385295,2.9230863019706455
041910,2017-12-31,0.018058404424204068,G1,0.1789387385493573,0.04642942158973613,3.373637884327093
041920,2017-12-31,0.08548771723527118,G3,0.10265341856090576,0.026556456139332198,3.025657309563634
041930,2017-12-31,0.09309398244809731,G3,-0.08081989318188791,0.014559388756367243,-7.082891859977204
041960,2017-12-31,0.04842458304037381,G2,0.04035202174452658,0.022813777682999522,0.7911595820953151
042000,2017-12-31,0.3709612347637739,G5,0.5231213805038046,0.044862234469409804,11.163480898805174
042040,2017-12-31,0.07327857194632272,G3,0.5586467689411762,0.07041598668211857,7.616794300356599
042110,2017-12-31,0.035603077431014096,G2,-0.04691544980070339,0.017953240994970063,-3.855467252231806
042420,2017-12-31,0.014271546937919955,G1,0.10306313469443276,0.022558196562838317,3.5800934504066606
042500,2017-12-31,0.08569313149472457,G3,0.061223769164535057,0.02198561175561402,1.77029807814046
042510,2017-12-31,0.215102638738781,G5,0.2989673372520145,0.03729666690689009,7.417945818479424
042520,2017-12-31,0.14793774462769044,G4,0.009047216705721374,0.029093673734320452,-0.4556133523100255
042600,2017-12-31,0.017865694716687044,G1,-0.28210537912732225,0.023666386175225443,-12.86246492389334
042660,2017-12-31,0.21592493848272062,G5,0.6190803576554403,0.04241859348832408,14.06877563945813
042670,2017-12-31,0.09348491931345088,G3,0.20313193461785015,0.030451170687454295,5.938334967381779
042700,2017-12-31,0.04607894181019679,G2,-0.08824504172330105,0.02865940794555705,-3.857292685882859
042940,2017-12-31,0.2955979535418594,G5,0.7791968629114359,0.042607639515014874,17.76428332101989
043100,2017-12-31,0.18124461449938936,G4,0.19442489784964398,0.04017311938551738,4.284512070647561
043150,2017-12-31,0.42138492528995874,G5,0.1962475587531444,0.029028117036039667,5.992289324531627
043200,2017-12-31,0.4629865609925554,G5,-0.05353595632179564,0.017582973858032667,-4.313186145924827
043220,2017-12-31,0.4805826003553828,G5,0.35959207244831626,0.03931083949148078,8.580060713142045
043260,2017-12-31,0.012408056478796873,G1,0.3210903473329259,0.041987940138934116,7.1160353048384035
043290,2017-12-31,0.13700478390683868,G4,-0.007299526052527275,0.02737966257873579,-1.081175083667644
043370,2017-12-31,0.14711593617459157,G4,0.018460376511920278,0.02395173271712375,-0.16041872461953474
043580,2017-12-31,0.14778490283968532,G4,,,
043590,2017-12-31,0.027707938568346455,G1,0.20105914046502193,0.045165698852544636,3.957792353037432
043650,2017-12-31,0.04372974633295426,G2,0.07115191895851439,0.014130608599613704,3.4569803336722913
043710,2017-12-31,0.038246681428312335,G2,0.13817672240176976,0.048147694996257456,2.406637316364728
043910,2017-12-31,0.221644507599279,G5,0.49501513319699136,0.03214260495970377,14.706724948484656
044180,2017-12-31,0.4097866690403436,G5,-0.022203660235257064,0.030883309074339255,-1.441113160994343
044340,2017-12-31,0.11607478978464054,G4,0.41170108152211027,0.03841572104961842,10.136433417254546
044380,2017-12-31,0.12745709208472888,G4,0.03362586481324474,0.030022997234899748,0.3771502824259344
044450,2017-12-31,0.11296971942215843,G4,-0.06752549940680308,0.012979073851111743,-6.921000940751868
044480,2017-12-31,0.06777480664244508,G3,0.8055600547522476,0.052447219094147346,14.93420214367139
044780,2017-12-31,0.007183797321453998,G1,0.31603344555959123,0.023685020581848227,12.401541371590445
044820,2017-12-31,0.017019149205319932,G1,0.29964590185919004,0.02864757437390526,9.681211236682904
045060,2017-12-31,0.10509988582890975,G4,-0.036391422064470505,0.015491152157007509,-3.7888792516151972
045100,2017-12-31,0.14484844813081563,G4,0.06512717051290301,0.02332844714544392,1.8357195967258129
045300,2017-12-31,0.13759357704851,G4,0.2624468126608114,0.034929595603612335,6.875090466525385
045390,2017-12-31,0.07430633299103465,G3,1.1731452418635961,0.05651925781051619,20.361954553526296
045510,2017-12-31,0.07899059206986063,G3,0.30913578808012,0.04194686469844037,6.8380105930528705
045520,2017-12-31,0.14826359324191402,G4,0.08132997103211767,0.03819374278421272,1.5454701163690925
045890,2017-12-31,0.1202890097139182,G4,-0.06964978202916022,0.018284693061540583,-5.028931284025721
045970,2017-12-31,0.013413333040183596,G1,0.014089155383489104,0.017492677546441963,-0.4695408991295785
046070,2017-12-31,0.02144061029034697,G1,0.1187705398517101,0.023639918963493763,4.080718596110779
046110,2017-12-31,0.28844383476919333,G5,0.03515987061183064,0.026976078851204576,0.47661440181575043
046140,2017-12-31,0.040896199599221916,G2,-0.04350992213680109,0.0182477452491827,-3.6066157305970736
046310,2017-12-31,0.0894518513208131,G3,-0.4197991373693909,0.03847742806375187,-11.489900509039156
046390,2017-12-31,0.01834936656157192,G1,0.29050715505742397,0.03459746161328074,7.752143065537517
046440,2017-12-31,0.0578745846088563,G2,0.1668168190064706,0.026631923509381216,5.4263499228185905
046890,2017-12-31,0.06861626668819105,G3,-0.3555820964141164,0.02520435009263856,-14.992839646808212
046940,2017-12-31,0.0065020461355330605,G1,1.0134000097828146,0.04671157638877948,21.21738128910707
046970,2017-12-31,0.3259417557072399,G5,-0.08147653465491857,0.034389899876329406,-3.0177237489772146
047040,2017-12-31,0.11320710435907097,G4,0.09936337352086749,0.026929758017377604,2.861544115781191
047050,2017-12-31,0.05848208162415788,G2,0.25177606102377054,0.0294416597054114,7.794172624540046
047080,2017-12-31,0.05135870559162914,G2,0.06752131927592778,0.04962865892446532,0.9111395981487462
047310,2017-12-31,0.05741323185629956,G2,-0.23411005978356125,0.027456153885328783,-9.338989859297257
047400,2017-12-31,0.009261998943501194,G1,0.1732839310680609,0.026127164306480856,5.778707798908766
047440,2017-12-31,1.2353320506803505,G5,0.38191432532411274,0.05229752923360254,6.876264474961535
047560,2017-12-31,0.11715287365385675,G4,0.046408474517558224,0.02621764376960551,0.9194492000335728
047770,2017-12-31,0.08060261808352825,G3,0.3745003386992311,0.04631294321041737,7.604734904716237
047810,2017-12-31,0.20623008530397505,G5,-0.07435551012873949,0.022031153358859558,-4.38734148326823
047820,2017-12-31,0.16287589833393404,G4,0.3490065334554806,0.029595692663576985,11.038898607388274
048260,2017-12-31,0.047013675453089744,G2,-0.05291412124321224,0.021710486202908538,-3.464537987176204
048410,2017-12-31,0.03943544907463901,G2,0.09731767113171422,0.030434818663402235,2.4647752639673266
048430,2017-12-31,0.03381291083154868,G2,0.0975295309511548,0.04607723618022624,1.632625006631988
048530,2017-12-31,0.28829861200996576,G5,0.05663375055465375,0.03585842847267279,0.9574058063918703
048550,2017-12-31,0.12200063060422305,G4,0.0966946718613923,0.033299220805786914,2.234045936643503
048770,2017-12-31,0.14621152498496995,G4,-0.0492438869114619,0.019843982706884988,-3.605454151775069
048830,2017-12-31,0.042253114513938185,G2,0.3053307577506361,0.0324731904432153,8.715745849448576
048870,2017-12-31,0.4301357889220416,G5,0.28995978092383273,0.04125931258479542,6.487192374980055
048910,2017-12-31,0.09631950155695923,G3,0.19509332285252792,0.03427575190472544,5.041191814143013
049070,2017-12-31,0.06885180733282201,G3,-0.1403658469050823,0.011219654425016946,-14.498532991283808
049080,2017-12-31,0.01038468394785637,G1,0.08638776396751605,0.025272281260019906,2.5357853682195177
049120,2017-12-31,0.4797873128511642,G5,-0.1671603381412502,0.027704183619566797,-6.8387873712425975
049180,2017-12-31,0.2283931069850384,G5,0.9039937695937961,0.06761450984632958,13.039968620209246
049430,2017-12-31,0.07961182466087367,G3,-0.10253163027113163,0.011830326509320779,-10.552059835339918
049470,2017-12-31,0.22508992453811566,G5,-0.0068601874005450765,0.023503013154894153,-1.2408141090327218
049480,2017-12-31,0.023246585307252016,G1,0.011333593976674584,0.02708444787788767,-0.40499584852567994
049520,2017-12-31,0.08780930638855595,G3,-0.0507578249947046,0.013880279497108508,-5.263619362762369
049550,2017-12-31,0.5078968585793291,G5,0.24419647153084884,0.02379163801707877,9.326545252778883
049630,2017-12-31,2.3199509038780453,G5,0.8326270567399663,0.07877013619583932,10.2872029038835
049770,2017-12-31,0.08658680136029649,G3,0.04155315228884632,0.023629776759115748,0.8146699631680074
049800,2017-12-31,0.009164932664726991,G1,-0.2014159695524866,0.016708588995682273,-13.389440157821095
049950,2017-12-31,0.28496713788754024,G5,0.5524327853555232,0.041992046483736604,12.62453599716822
049960,2017-12-31,0.20175914627349242,G5,0.10301736528511088,0.02979952527791007,2.708589536428427
050120,2017-12-31,0.02386706027795186,G1,0.4662208699304075,0.07493455262915537,5.924078698387525
050320,2017-12-31,2.587892632815167,G5,,,
050540,2017-12-31,0.00840505841145353,G1,-0.09465215678084234,0.020962892238672187,-5.579136617986052
050760,2017-12-31,0.06757305561061007,G3,0.08435091763383251,0.03254681223575627,1.9064304748972132
050860,2017-12-31,0.0447846019239288,G2,0.234936385985867,0.017758925584320837,11.97334275935982
050890,2017-12-31,0.32487506868900434,G5,0.14003386035276275,0.0419354238399145,2.8074397882650213
051160,2017-12-31,0.18621471960169717,G4,-0.005119209146726485,0.024342606086922822,-1.1264977946747925
051360,2017-12-31,0.07818074693586902,G3,0.11597263282904477,0.01651322877001914,5.67241883502998
051370,2017-12-31,0.11664781387870846,G4,-0.7468049838409107,0.04814408613418877,-15.97512235716881
051390,2017-12-31,0.040791898667357065,G2,-0.05801335760290032,0.011275186839683333,-7.123255842382588
051490,2017-12-31,0.02401660927203297,G1,0.2379457121669796,0.022005655073890115,9.799436940916724
051600,2017-12-31,0.1502183472199886,G4,0.2416532967616256,0.02180553607051338,10.059400196604846
051780,2017-12-31,1.3427518820146254,G5,-0.031852147820750736,0.02564557687933439,-2.1116635824721417
051900,2017-12-31,0.20065730529445405,G5,0.1585826445427222,0.020409012667347685,6.677440199443201
051910,2017-12-31,0.12375453504916616,G4,-0.09987360250301666,0.02094555476253923,-5.833041273671879
051980,2017-12-31,0.025323926547024835,G1,0.8613105110207011,0.06661511275752989,12.594857133211622
052020,2017-12-31,0.8604926360866006,G5,1.2436359309763927,0.08658592222842425,14.105448283238665
052190,2017-12-31,1.7537479863296943,G5,-0.4180900247943364,0.04662156435168081,-9.446116059065455
052220,2017-12-31,0.003350226311435941,G1,-0.026326212478003496,0.01385501986928077,-3.509839456286332
052260,2017-12-31,0.0869199033554254,G3,0.07782282387591688,0.030245322444463454,1.8356604083502122
052290,2017-12-31,2.165578239096811,G5,-0.30025581520674716,0.06458871400974565,-4.994038092861025
052300,2017-12-31,0.037405879308191926,G2,-0.008492319962558182,0.016632989846236818,-1.851441212558351
052400,2017-12-31,0.2687572473660564,G5,-0.15967184300943024,0.029972919722601517,-6.0712979456265295
052420,2017-12-31,0.013908942407903753,G1,-0.4768013557684356,0.06447178751588543,-7.741433236549999
052460,2017-12-31,0.06295839843609968,G2,0.021703011134636695,0.021533321766400364,-0.02784855020038101
052710,2017-12-31,0.13207292387063743,G4,-0.33479880475555923,0.03146381311186104,-11.349593465128054
052790,2017-12-31,0.0698151025555273,G3,0.06297879433506778,0.036923026047968405,1.1016462018956494
052860,2017-12-31,0.15775793826254708,G4,-0.06922008782905038,0.024621107621516754,-3.717248312415341
052900,2017-12-31,0.008302555787849348,G1,-0.09010577490769514,0.022298582598311915,-5.0410584322536325
053060,2017-12-31,0.3734759109674945,G5,0.14506009961795732,0.034382505248412534,3.570345319638855
053110,2017-12-31,0.17563535182554374,G4,0.3518001074344177,0.03218496610542452,10.23761912404358
053160,2017-12-31,0.026282423787206695,G1,0.07424281614219493,0.03794423580721941,1.3688543756488925
053260,2017-12-31,0.027692513763915357,G1,0.26902582413147513,0.023789518846816928,10.371085804354458
053270,2017-12-31,0.02431949228892327,G1,-0.05644111691852141,0.011436520400427884,-6.8852935235794765
053280,2017-12-31,0.0036564536304288364,G1,0.07479898200807651,0.012228079735460912,4.293094272930706
053290,2017-12-31,0.013081204747980066,G1,0.008574840970045038,0.015555810129262482,-0.882489683450197
053350,2017-12-31,0.0849242698827581,G3,0.2972342902644957,0.04616665868560851,5.955198300356328
053610,2017-12-31,0.1743671249513,G4,-0.047007009060144295,0.02031045269086113,-3.4125134009524105
053690,2017-12-31,0.09307652411802161,G3,0.14786374254330367,0.015368751192501454,8.169893444415754
053700,2017-12-31,0.03339062274052913,G2,0.5936384505302108,0.049809366369433436,11.470448416585233
053800,2017-12-31,0.0885258565158491,G3,0.24848419229931612,0.04344486770592976,5.2061732792804785
053980,2017-12-31,0.06087600644074019,G2,0.6442900044129788,0.05115939790318298,12.15783115085198
054040,2017-12-31,0.00033400274187044584,G1,-0.40533014866112704,0.02523060831558512,-16.94897032362888
054050,2017-12-31,0.052837220007735955,G2,0.15672313376628988,0.019923828184406984,6.746718030055204
054090,2017-12-31,0.1433021625254266,G4,0.2122451407481153,0.02560698792419992,7.417602506922756
054210,2017-12-31,0.009530332012954175,G1,-0.1915459699437613,0.016005038336292167,-13.36133337373387
054340,2017-12-31,1.1821542982071294,G5,0.6960646103677595,0.04982185625775837,13.52342080461947
054410,2017-12-31,0.13227031551237936,G4,-0.0059912740479698134,0.015856615867963192,-1.7843628937221314
054450,2017-12-31,0.018805591202664677,G1,0.39700225697215036,0.036758662033875254,10.193504151484447
054540,2017-12-31,0.021976324354824883,G1,0.2021075533377485,0.024037298538468848,7.480244509305522
054620,2017-12-31,3.656346647013856,G5,-0.11406032345444501,0.023708210259838387,-5.751720812611176
054780,2017-12-31,0.0020685813366176655,G1,0.22177295017507906,0.034965824665926154,5.704720799639301
054800,2017-12-31,0.0538382369180822,G2,0.0344951940693749,0.011859033348763648,1.0281201497605001
054940,2017-12-31,0.07760295958550723,G3,0.18882088994671545,0.021149363007812737,7.873438408446302
054950,2017-12-31,0.09459877339296871,G3,-0.1662986081754023,0.020219219109749387,-9.32782270564005
056000,2017-12-31,0.009205143670430587,G1,0.205261826044973,0.039897835709001836,4.585690924504562
056080,2017-12-31,0.054913525737016744,G2,-0.06193721858257565,0.034322434541046075,-2.454368480436978
056090,2017-12-31,0.12055028010967477,G4,0.18094510954013907,0.0331041891802679,4.792216047021333
056190,2017-12-31,0.2064628204952213,G5,-0.15850199313940933,0.02156081953021021,-8.385797943018902
056360,2017-12-31,0.06902475358219087,G3,0.04251309711157529,0.02518807307941563,0.8023803218699779
056700,2017-12-31,0.025833602570643873,G1,0.1406809584858255,0.02556465397630969,4.630544800985583
056730,2017-12-31,0.656688989541363,G5,0.32256889237966124,0.06070968217523007,4.945936112565295
057030,2017-12-31,0.06272381735005263,G2,-0.0060773394017206855,0.01820894533725111,-1.5585758429672067
057050,2017-12-31,0.07929367613756602,G3,-0.0972621429118253,0.013663154254741076,-8.750894823365249
057540,2017-12-31,0.08770906046531089,G3,0.2175429654707196,0.020016992206524982,9.753727259795179
057880,2017-12-31,1.252965322932157,G5,1.1587464146935729,0.06323149137915836,17.97274913147668
058110,2017-12-31,0.24807440317756843,G5,0.27603614319261427,0.03516474143477427,7.215564509024628
058220,2017-12-31,0.937618569916825,G5,0.10317720882213641,0.05596671190563022,1.4450469420407601
058400,2017-12-31,0.05179614551757086,G2,0.01936843789113686,0.01902961700481441,-0.15419359385688322
058420,2017-12-31,0.6151778398861093,G5,-0.12979567801007771,0.05695329502143219,-2.6705805323409395
058430,2017-12-31,0.08093766493230937,G3,-0.03349307851584521,0.020587790334962594,-2.7101384138306965
058530,2017-12-31,0.5045592485646715,G5,1.042856845134766,0.05690858726550937,17.933219066684945
058610,2017-12-31,0.04267997123233338,G2,0.5732765831388108,0.050484881515981406,10.91364154311358
058650,2017-12-31,0.06931133007182837,G3,-0.0923938097599584,0.013860615815092481,-8.274992555662461
058730,2017-12-31,0.15434548967226464,G4,0.5785002650462467,0.04453999052176073,12.487599920967163
058820,2017-12-31,0.0018481762305572146,G1,0.07433052260495507,0.05001868361406988,1.0401681115712285
058850,2017-12-31,0.04628070954586826,G2,0.03585608327394772,0.015833926469767855,0.8559721666635465
059090,2017-12-31,0.16320315739725902,G4,0.21681851831032742,0.028674868619264497,6.7834952608228365
059210,2017-12-31,0.0840258284163616,G3,0.5140812353772753,0.051903469760266045,9.474868534259729
060150,2017-12-31,0.018563879861140796,G1,0.12744154711369451,0.02176130539403682,4.831459431458378
060240,2017-12-31,0.4492356537201548,G5,-0.208069646090239,0.028448446348874164,-8.09788788434786
060250,2017-12-31,0.09751743634760072,G3,-0.08212632696433399,0.02645627874177342,-3.9472297260866833
060300,2017-12-31,0.07379946906456064,G3,-0.08775139467564215,0.054315867363115375,-2.0261865076503693
060310,2017-12-31,0.3017104392957804,G5,0.30716201777131696,0.02992103495544143,9.52037037718454
060380,2017-12-31,0.06007600374398305,G2,0.30439761495657447,0.028993165456551707,9.72970448682067
060540,2017-12-31,0.09187252138276875,G3,0.23875713508022892,0.02151199937110811,10.06203321315223
060560,2017-12-31,0.34745551890876986,G5,0.20667822856247203,0.020878661298217874,8.830812617827199
060570,2017-12-31,0.12396914070624462,G4,0.42089450595518924,0.0533098136790438,7.476893943545094
060590,2017-12-31,0.27946626260488244,G5,0.17368538194892777,0.031286152482485494,4.838648635585506
060720,2017-12-31,0.18078120046947369,G4,-0.1251774750019164,0.036358018362072544,-4.056331026076822
060980,2017-12-31,0.046608390935697984,G2,-0.18888188176947582,0.01801153425824942,-11.72496255279202
061040,2017-12-31,0.03154510467641185,G1,0.01264847715067378,0.019806522990965986,-0.487425570886868
062860,2017-12-31,0.03848117784701227,G2,-0.110736096784455,0.02286791795434773,-5.817704085561075
063080,2017-12-31,0.03511422118715802,G2,-0.3961630642853658,0.028666931275015302,-14.597507601970266
063170,2017-12-31,0.04227070078011182,G2,0.06688631183886729,0.025528350667463107,1.7464359328494192
063570,2017-12-31,0.10458569837751333,G3,0.07919859055580429,0.028282948394517806,2.011668190859599
063760,2017-12-31,0.2998841123631106,G5,-0.24276250349704206,0.021583614562105613,-12.280852480068223
064090,2017-12-31,0.17843650804307723,G4,0.29651239035787313,0.03589696775805599,7.638798610490041
064260,2017-12-31,0.058600763567596345,G2,-0.07044555740407601,0.020074322937016782,-4.6202425168660985
064290,2017-12-31,0.014549290299016294,G1,-0.0038214308776264357,0.040454247134002176,-0.6457693729392908
064350,2017-12-31,0.032616118146352485,G1,0.4099403249280334,0.0393647318780453,9.84733347612103
064510,2017-12-31,0.0507551848424454,G2,0.5780062640316297,0.08070836774273019,6.88532796098897
064520,2017-12-31,0.5704101243707208,G5,-0.1085528083763225,0.02370487220079632,-5.520193916031992
064550,2017-12-31,0.36621800766637713,G5,0.439066079901478,0.04746297207313424,8.780811204415745
064800,2017-12-31,0.06320092483036488,G2,0.017579689190895663,0.02645159363999719,-0.1785523322417897
064820,2017-12-31,0.01826287005182192,G1,0.1328443993196398,0.034764243244316165,3.179753277410511
064960,2017-12-31,0.07125728970636809,G3,-0.3287719416139031,0.025232841741018353,-13.91340016887704
065130,2017-12-31,0.04972343202076869,G2,0.06104579528049048,0.016359904376562963,2.368174743683968
065150,2017-12-31,0.23655559362763728,G5,,,
065160,2017-12-31,0.10905091938590403,G4,-0.10272795661146744,0.05980319186391698,-2.09070177763765
065170,2017-12-31,0.09549828937638234,G3,0.673583411905399,0.05398302105248067,12.064547635179851
065350,2017-12-31,0.10483215658265842,G3,-0.15552634383271718,0.030101870810618343,-5.907573913871751
065420,2017-12-31,0.04239103969114257,G2,0.37280511359916374,0.043327887838235206,8.089534204412095
065440,2017-12-31,0.09204357283986599,G3,0.04580697405567532,0.025578169952342085,0.9189199685763241
065500,2017-12-31,0.06351887656107713,G2,0.5124027996258437,0.05129487593395066,9.554562863746606
065510,2017-12-31,0.04112667328788007,G2,-0.08539567973324207,0.02061452189693574,-5.224392940011876
065560,2017-12-31,0.008779891799810225,G1,0.4932124450341128,0.02773789424955156,16.977127314374155
065570,2017-12-31,0.03698395316139964,G2,-0.10593264752408929,0.012306517532030456,-10.420115204578183
065620,2017-12-31,0.08972949929342644,G3,-0.1345656339552922,0.025826893871408206,-6.0738359658411465
065680,2017-12-31,0.058109488383973625,G2,-0.14061743896591605,0.013837043070969907,-11.774200676917125
065690,2017-12-31,0.028956572728807865,G1,0.327467479829055,0.025074517536322283,12.170315798107465
065710,2017-12-31,0.10296074265755854,G3,0.2026827505968101,0.025473939452412355,7.080964764281838
065770,2017-12-31,0.05293708089045043,G2,0.45567641916012963,0.03422334437093067,12.663103042653198
065940,2017-12-31,0.32571355921608164,G5,0.20195814893327113,0.04378818376960566,4.102829817096564
065950,2017-12-31,0.05084376373808025,G2,0.5683905782901516,0.0444761135235448,12.278228741237337
066110,2017-12-31,0.2808991989516853,G5,0.15282090128755,0.046884151467792304,2.7838451646156375
066310,2017-12-31,0.014295629775431107,G1,-0.01612316616625975,0.01901014896727683,-2.021333402449052
066360,2017-12-31,0.1935977766397153,G5,0.11089002039647129,0.01830596987173711,4.839259437786658
066570,2017-12-31,0.12740617829851045,G4,-0.01600817430159683,0.023500510438603232,-1.6302138342278116
066590,2017-12-31,0.08390158677161484,G3,0.7382888108308463,0.05314219974137539,13.47302391298201
066620,2017-12-31,0.1343716816684649,G4,0.17410071744365427,0.02589075628046681,5.863020487792723
066700,2017-12-31,0.01229500303073133,G1,0.7099095152206435,0.06232010368932231,11.033467397963046
066790,2017-12-31,0.22862598565964765,G5,0.16337191082274968,0.05666483140672351,2.4895375913742153
066910,2017-12-31,0.6438252230951217,G5,0.030555903278141703,0.021123529175546066,0.3907121903127296
066970,2017-12-31,0.16738337955276905,G4,-0.0704610397078825,0.03132165410077988,-2.9616482685185526
066980,2017-12-31,0.03516092004289153,G2,0.05617483531080678,0.021096383392257754,1.605590482224949
067160,2017-12-31,0.2090941630462093,G5,0.6518700236410863,0.039817776354043294,15.811212939577617
067170,2017-12-31,0.15485692676060442,G4,0.33030789188471577,0.024007930916385856,12.829310865255252
067290,2017-12-31,0.16606771968404002,G4,0.2729563938551494,0.050707931469552554,4.943086883337463
067310,2017-12-31,0.060187268554391826,G2,-0.03207743288206207,0.024144068503022892,-2.2523178229917136
067390,2017-12-31,0.012738110933144229,G1,-0.03661128192277516,0.029664991542990432,-1.9859761215244724
067570,2017-12-31,0.035785651690331315,G2,-0.14533329729135286,0.013305671608667908,-12.598836432200578
067630,2017-12-31,0.14691414291978075,G4,1.1923419437607965,0.06820576386307463,17.154551090181474
067770,2017-12-31,0.05905871561776066,G2,0.2687245949396117,0.03507278143448383,7.026015671813771
067830,2017-12-31,0.07402190316893556,G3,-0.10074498025846877,0.01005279354048624,-12.240146252854048
067900,2017-12-31,0.10768165844144935,G4,0.23892345430424122,0.02845578582403764,7.612538719434151
067990,2017-12-31,0.025614349944396323,G1,0.18705450107581437,0.027716886942683074,5.944095326783358
068050,2017-12-31,0.03569075175966046,G2,0.3359301868513191,0.03404358956031869,9.212527467727874
068240,2017-12-31,0.03014265539527763,G1,0.24919793115104477,0.04041142521395478,5.614631184694387
068270,2017-12-31,0.1567000393588557,G4,0.29941291100204026,0.048721040551447825,5.687691086617735
068290,2017-12-31,0.05025444502901782,G2,-0.22156891866384099,0.017881004646995376,-13.638584990337725
068330,2017-12-31,0.051869366655149206,G2,0.18369043394640164,0.03403404034540353,4.7419509814787135
068400,2017-12-31,0.04982642070094793,G2,0.35313620631059656,0.03155491595449655,10.484373460567681
068790,2017-12-31,0.02853195428525718,G1,0.052441658392094706,0.023143664259039853,1.3022559923065444
068930,2017-12-31,0.11137276264478611,G4,0.15565506380128027,0.015169487729925027,8.790829542080397
068940,2017-12-31,0.5642698162118415,G5,-0.22409488099473074,0.04125043527170301,-5.973211247314617
069080,2017-12-31,0.11119676871491373,G4,-0.2551436786058876,0.039629485108626954,-7.001008485783215
069110,2017-12-31,0.02215396192270869,G1,0.38465890026012667,0.03136514638354097,11.552830422096987
069140,2017-12-31,0.0006583612310803324,G1,0.6817538189942748,0.043930730974871,15.011157825820403
069260,2017-12-31,0.1837906210249598,G4,0.09120121762415873,0.01654477511374468,4.164368159957131
069410,2017-12-31,0.09134087513313034,G3,-0.10229413256632443,0.02743190389894642,-4.542040390347791
069510,2017-12-31,0.07960076095152196,G3,-0.06011093430458619,0.013407152064490477,-6.146989072324471
069540,2017-12-31,0.07412061390153521,G3,0.4968213025800972,0.05823248030643046,8.148693257719062
069620,2017-12-31,0.05611125832972297,G2,0.12946881128533422,0.03551018503760754,3.017898336632412
069640,2017-12-31,0.04711445007633675,G2,-0.16846019269849233,0.016646159821413126,-11.459872887915559
069960,2017-12-31,0.0654541443089382,G3,0.0028915555929850886,0.0176178513484736,-1.1017874399040115
070960,2017-12-31,0.04153364008621582,G2,-0.11651761736727534,0.039034650938518864,-3.556335126776261
071090,2017-12-31,0.06149640765400257,G2,0.634796878922017,0.04364911203037234,14.032225800355256
071200,2017-12-31,0.021194230279698204,G1,0.11189155948215998,0.03561666052183858,2.5153643054322496
071280,2017-12-31,0.04929294842402078,G2,-0.1748309948784386,0.02191320502726366,-8.996113419283068
071460,2017-12-31,0.02448563489411075,G1,0.4332328717099362,0.03317032640187482,12.388487945656175
071670,2017-12-31,0.006987332461086693,G1,-0.07894204654180774,0.034586460118714794,-2.9272937768457346
071850,2017-12-31,0.026984223788855705,G1,0.1946247581957137,0.021678450491364982,7.949003335710006
071950,2017-12-31,0.023535760364147482,G1,0.9147008544659577,0.050084590563343176,17.81781904377338
071970,2017-12-31,5.052989236075076,G5,0.18879802818553465,0.04032220962917956,4.129122555283265
072130,2017-12-31,0.1663363118669126,G4,-0.10140613446183365,0.02190913301722544,-5.646449692527784
072520,2017-12-31,0.9841208760433198,G5,0.8876651966806238,0.07232414498674768,11.965056951760154
072710,2017-12-31,0.047142920390675795,G2,-0.0633491380578669,0.014919861084422609,-5.7407921226641125
072770,2017-12-31,0.35644948919017017,G5,0.4613073849982659,0.04276046104455886,10.266603571321845
072870,2017-12-31,0.012969665716316688,G1,0.16947611328717122,0.018884124204895086,7.793500443202556
072950,2017-12-31,0.06704747987738145,G3,0.3348682610170136,0.03619250989967513,8.63619513972945
072990,2017-12-31,0.0020608906716686366,G1,-0.08184940989546938,0.012901017777819941,-8.07316869226876
073070,2017-12-31,0.10443505009539102,G3,1.0694086647180934,0.06680325248558464,15.674476059638224
073110,2017-12-31,0.08350830742009535,G3,-0.1587472915538148,0.02049784401868984,-8.832634998859564
073190,2017-12-31,0.039686520665484094,G2,0.15619714362082168,0.016460104827177278,8.134484081347969
073240,2017-12-31,0.12091863136882047,G4,0.5612471118577429,0.07674711622396468,7.0223411047544415
073490,2017-12-31,0.003224851713451528,G1,-0.17494392447973678,0.03362781024419151,-5.865579886832988
073540,2017-12-31,0.07905934497323752,G3,-0.10781094308526218,0.02373470060439459,-5.481999886191962
073560,2017-12-31,0.16760616784541565,G4,0.03211030888477741,0.014921269889542009,0.6572916400917127
073570,2017-12-31,0.45897422764951046,G5,0.7031761927102883,0.0530855798333471,12.825959741250683
073640,2017-12-31,0.21928751889977766,G5,0.5925890383471091,0.04915285576834873,11.602303599773903
074430,2017-12-31,0.012009298871570906,G1,0.3518221649364951,0.03828163376553396,8.607769564587956
074600,2017-12-31,0.162359985296077,G4,-0.10768675958042209,0.0296838926264832,-4.379123861648729
074610,2017-12-31,0.8816917041035577,G5,1.444685613190141,0.09526048749525848,14.931510090520058
075130,2017-12-31,0.009997842733922698,G1,0.0670442174320452,0.01655189586121652,2.7031063317678194
075580,2017-12-31,0.01189459058608401,G1,0.4868871173848381,0.029420253249867353,15.791313232835734
075970,2017-12-31,0.03379469930662243,G2,0.14266183464061688,0.017445926027130486,6.898983265583888
076080,2017-12-31,0.05250933978022711,G2,0.06752534244825399,0.02413470329638692,1.8737607405430496
076610,2017-12-31,0.23448418608762986,G5,-0.2709248213317752,0.022394371721353064,-13.093803564000487
077280,2017-12-31,0.020090335813003728,G1,0.00020856368631960026,0.04414422627317149,-0.5004985046920458
077360,2017-12-31,0.04536246185228014,G2,-0.11906534625558042,0.012186871966203404,-11.600025796155984
077500,2017-12-31,0.0484731644159141,G2,-0.17777590116334233,0.026458064276749897,-7.562102124983921
077970,2017-12-31,0.060146767711103555,G2,0.2933401065818602,0.05302267626928409,5.1117265805016014
078000,2017-12-31,0.0491500153586951,G2,0.1996856733061865,0.02318435753742544,7.65097717687523
078070,2017-12-31,0.6208710486265948,G5,-0.13713985161806602,0.013190138020333059,-12.088011080635322
078140,2017-12-31,0.11045110650009449,G4,0.24359710713203497,0.04889863378372073,4.525574787712756
078160,2017-12-31,0.018692646938910526,G1,0.14515680251463509,0.04463769955472704,2.7522502461665463
078340,2017-12-31,0.1871067739718175,G5,0.20048643304110372,0.03110719630745551,5.728055603377181
078350,2017-12-31,0.054868667684385516,G2,0.20020601968460447,0.021212972611512212,8.386534976301608
078520,2017-12-31,0.027998536859258336,G1,0.06740292098375475,0.026788689540069945,1.6835552179387323
078600,2017-12-31,0.14537181918541608,G4,0.4489734323026823,0.04993865884718123,8.543896837148166
078650,2017-12-31,0.8797550141919067,G5,0.1479660565477502,0.033291685355184675,3.7746173640725815
078860,2017-12-31,0.06280888897266332,G2,0.018269596670674085,0.022828597644691317,-0.17666815627165972
078890,2017-12-31,0.05017530892118591,G2,-0.1855802649518298,0.026600532167357117,-7.814992067480624
078930,2017-12-31,0.1130028447759118,G4,-0.0029688122012656876,0.016925989544181525,-1.4930586517337336
079160,2017-12-31,0.012905814555297702,G1,0.023248831785202144,0.023322383595938405,0.04056827444248292
079190,2017-12-31,0.06358762813889621,G2,0.2686877180177097,0.06009970297690516,4.099604871351198
079370,2017-12-31,0.10271310216233324,G3,-0.07419102651879599,0.015147129417143067,-6.370428797975183
079430,2017-12-31,0.08933760489979423,G3,-0.24950992854708823,0.026176600839960016,-10.38380090431683
079550,2017-12-31,0.014285627650718703,G1,-0.3914817654808686,0.022708048218025037,-18.221929266437215
079650,2017-12-31,0.052159421575924445,G2,0.39971826200560007,0.03579786645169115,10.542962932947114
079810,2017-12-31,0.10898759438374685,G4,-0.10316757524472556,0.026315754799839018,-4.767876092701789
079940,2017-12-31,0.09679629347802199,G3,0.29286905948273334,0.03355481550848851,8.063414221051453
079950,2017-12-31,0.02570658073893614,G1,-0.03692469994463939,0.020540174284718552,-2.8834897917848994
079960,2017-12-31,0.04469196018444783,G2,-0.0455115951237057,0.010510362395857792,-6.452135092626401
079970,2017-12-31,0.551452230200792,G5,-0.036206228530046916,0.03616240390100867,-1.6179486191526165
079980,2017-12-31,0.05686844461385423,G2,0.32694444355740504,0.030134025871715136,10.109560598622945
080010,2017-12-31,0.09747677914192161,G3,0.20889625413040927,0.032523188614668276,5.737247150466191
080220,2017-12-31,0.0766852736976484,G3,0.25542584563654636,0.028197132588577777,8.267619481427403
080420,2017-12-31,0.13371189753392607,G4,-0.0873696840752355,0.02315707405406217,-4.736020049252563
080470,2017-12-31,0.02783075847582313,G1,0.16061883027302498,0.048920691332764846,2.8273547159289203
080520,2017-12-31,0.034739964031639536,G2,-0.020246909821459567,0.025414492863417217,-1.6742255285973715
080530,2017-12-31,0.840377463888089,G5,0.7021042287242759,0.05683566285860706,11.960827262428928
080580,2017-12-31,0.04326459870497836,G2,0.05343598429030307,0.018338362544824533,1.6977143563049626
081000,2017-12-31,0.07506446070134802,G3,0.21204066876461342,0.0539517521479863,3.5168085981219788
081580,2017-12-31,0.07085761622015652,G3,-0.07736121011385602,0.010519069828318432,-9.474591828678587
081660,2017-12-31,0.0875856234808206,G3,0.49477559954826306,0.02446769550352815,19.31007015161297
081970,2017-12-31,0.056925303300025945,G2,-0.02762769670287024,0.053705643560609896,-0.9297045211524223
082210,2017-12-31,0.07540647199902208,G3,-0.019674345591490807,0.028447347153969117,-1.4756043258136713
082270,2017-12-31,0.1887818407099236,G5,0.3744990387940384,0.043660842289217516,8.066641351859298
082660,2017-12-31,0.4828791592631178,G5,0.10626176010610429,0.023660864300895854,3.548436612947235
082740,2017-12-31,0.01904236427614765,G1,0.5992298273995418,0.04193059635671254,13.759097046096603
082850,2017-12-31,0.14419545251770097,G4,-0.0578541277885518,0.023942890005524634,-3.3478335613155097
082920,2017-12-31,0.01142493146057782,G1,,,
083310,2017-12-31,0.22607017370234522,G5,-0.15326134297567862,0.02190013273090423,-8.016573600705252
083450,2017-12-31,0.2012932804386474,G5,-0.23039418916012272,0.02882014978760944,-8.76806241290228
083470,2017-12-31,2.282447078137927,G5,0.07378771927963938,0.049943911854843454,1.0308571043142511
083550,2017-12-31,0.05466507366977215,G2,0.48472825789457225,0.03955518501540262,11.690643711758051
083640,2017-12-31,0.019729634209562235,G1,0.8052460755744051,0.034151853816195205,22.92535558571333
083650,2017-12-31,0.072802926137322,G3,0.5048154801872224,0.040604598966545336,11.883205586094862
083660,2017-12-31,0.40473143491033464,G5,1.338013978393657,0.056089765813105395,23.457243516595522
083790,2017-12-31,0.09363185806579741,G3,0.19625499191775447,0.05828375870455277,2.9845760269633597
083930,2017-12-31,0.017442750188714475,G1,0.12389680855824939,0.022674371128744136,4.480570819564208
084010,2017-12-31,0.06431279626876123,G3,0.24390117629962088,0.0245113279197509,9.04065638949861
084110,2017-12-31,0.09923316340034344,G3,0.29213801590605043,0.031063669967890395,8.686524588309819
084180,2017-12-31,1.2810200875224704,G5,0.3230431637396709,0.04251727335596727,7.0733717633996145
084370,2017-12-31,0.11842362440006877,G4,-0.1170142986506777,0.028734408010056132,-4.848437508395872
084690,2017-12-31,0.05532725744090346,G2,-0.05216335149694848,0.012950335079448146,-5.750124144814866
084870,2017-12-31,0.0043403738745784225,G1,-0.10971889677610602,0.017028634030228376,-7.752916614954387
085310,2017-12-31,0.043512528292818896,G2,0.6821846618357217,0.04898852007921017,13.470134999830996
085370,2017-12-31,0.052616978808095786,G2,0.4969225612390465,0.041420119538945,11.458679588453602
085660,2017-12-31,0.11226448558270803,G4,0.1809534891794256,0.07465786007769297,2.125038222197848
085670,2017-12-31,0.09276275895983152,G3,0.06622927318813358,0.03125238452877948,1.4055436384655229
085910,2017-12-31,0.1573203018536609,G4,-0.10640740479157258,0.011789185009486816,-10.917640839025614
086040,2017-12-31,0.037638519057070795,G2,1.260558723222513,0.07487232635761545,16.538233824622406
086060,2017-12-31,0.048527335034871985,G2,0.2495157191758908,0.03706873822830206,6.129505537784502
086250,2017-12-31,0.087456939681749,G3,0.41313127990557275,0.0485448262280341,8.050880543744626
086280,2017-12-31,0.17056044812220156,G4,0.24286218453131733,0.026664331046819145,8.271705793676725
086390,2017-12-31,0.2602530343701561,G5,0.24208979480088189,0.026309176772442912,8.354009468827805
086450,2017-12-31,0.1462198574824735,G4,0.1256102404599281,0.02417545900225383,4.273240790318302
086520,2017-12-31,0.017823212049719872,G1,-0.0403528070713205,0.03209808506145569,-1.9520008710235575
086670,2017-12-31,0.05317541388381591,G2,0.4725642166238328,0.036983933883441324,12.17451705154052
086900,2017-12-31,0.3574161944848565,G5,0.4089341397868966,0.03338672627041687,11.580394367765601
086960,2017-12-31,0.0871559546331198,G3,-0.12121324568620229,0.023814499478130795,-6.02640961422785
086980,2017-12-31,0.11406306361495785,G4,0.017462131176474025,0.023981220484225,-0.20184759793770185
087220,2017-12-31,2.91581613830618,G5,0.07506662584061968,0.1736055397163155,0.30393006467426487
087260,2017-12-31,0.05755132398563165,G2,-0.2977751438413281,0.025468702411438875,-12.567496435326808
088130,2017-12-31,0.07759697480563683,G3,-0.2068518621968984,0.019740580837124166,-11.608298003713207
088290,2017-12-31,0.40005707184817274,G5,-0.18051236078518768,0.032829683368614686,-6.177794693746847
088390,2017-12-31,0.9078264098000828,G5,-0.240237360110626,0.03222275873233158,-8.147658778018549
088800,2017-12-31,0.8285764874882554,G5,-0.06872263516857977,0.039104980680913025,-2.327716738646494
089010,2017-12-31,0.21485823877256957,G5,0.16735224769500676,0.03563859920109475,4.070013076263723
089030,2017-12-31,0.2580600419612569,G5,-0.0909032190862622,0.023650462240717172,-4.786625346298458
089230,2017-12-31,0.5129114290409702,G5,0.27889671499591,0.04374187552963715,5.866095794068692
089470,2017-12-31,0.11093566995120298,G4,0.013742632823620123,0.02109473420244623,-0.40579084908386626
089590,2017-12-31,0.23473622769634725,G5,0.3535655696512534,0.026308121174457834,12.591658846624227
089850,2017-12-31,0.15235600497357243,G4,0.1669706884692188,0.025401989136988722,5.695144768475372
089980,2017-12-31,0.06820605648825863,G3,0.1507517531749012,0.03343730390666435,3.841490049754607
090080,2017-12-31,0.11628015303773005,G4,0.7629224299087709,0.07100882784024223,10.429967223909257
090150,2017-12-31,0.0753879681375043,G3,0.08142663753579019,0.020634799526943456,2.865254616685811
090350,2017-12-31,0.0984666959133798,G3,0.030821880327407285,0.014168839975525713,0.6012628708697051
090360,2017-12-31,0.14878677036203083,G4,0.13299570349956671,0.026049313147659924,4.249364270960875
090370,2017-12-31,1.2503825177573076,G5,0.31918957636216816,0.05174911584069682,5.737042819229377
090410,2017-12-31,0.13979642165306355,G4,0.3324795037698579,0.03704135456278344,8.373798002373071
090430,2017-12-31,0.09532152034424919,G3,0.1555867553764333,0.021763475975305358,6.124208862630179
090460,2017-12-31,0.3036250788137815,G5,-0.16743676522154205,0.039134496265049286,-4.84839377676687
090470,2017-12-31,0.5745333728260308,G5,-0.28126541665757177,0.025660606774544934,-11.830121643325189
090710,2017-12-31,0.07081375906648568,G3,-0.2898070113056518,0.039712062846796695,-7.85931709054134
090740,2017-12-31,0.3468175040546969,G5,0.13251245946256798,0.04376938429260861,2.517964972935431
091120,2017-12-31,0.04031624117270133,G2,-0.011292125405793134,0.024136250360025327,-1.3918818305043108
091340,2017-12-31,0.061341288188623264,G2,-0.23140689904771547,0.021328023776316856,-11.895597296561057
091440,2017-12-31,0.024859774251640078,G1,0.7979755117599814,0.06022191609751675,12.880241598044021
091580,2017-12-31,0.06395906097954297,G2,0.4919230754214684,0.0474986694292855,9.88702206056098
091590,2017-12-31,0.06058430164028192,G2,1.249838926996814,0.058975838725119,20.814222749614785
091700,2017-12-31,0.012444005927148862,G1,-0.09590494608339982,0.022051113758106214,-5.360619436593073
091970,2017-12-31,0.14726871167621564,G4,0.5860062648228866,0.05803760283894618,9.712730270068695
091990,2017-12-31,0.09722750053039149,G3,-0.08614459751602593,0.05088378861182201,-2.131273700356094
092040,2017-12-31,0.030842813197014513,G1,0.3839218932641649,0.04218898344497955,8.57141321759835
092130,2017-12-31,0.2597174665323361,G5,-0.023406493747367186,0.010478659869511117,-4.362120466109661
092200,2017-12-31,0.022398848209340953,G1,-0.05961416385269728,0.015845871105645223,-5.169601988643147
092220,2017-12-31,0.006131071249148069,G1,0.03486860670378144,0.021716602731706128,0.5786321153541204
092230,2017-12-31,0.04903631188778657,G2,0.019459682782875402,0.011981739952019756,-0.23727773723503384
092460,2017-12-31,0.026013493499869467,G1,0.22024565039318303,0.027287779348276617,7.253905308306264
092600,2017-12-31,0.18623578598007787,G4,-0.008295307837690623,0.035795791002690404,-0.8547929772586988
092730,2017-12-31,0.24293287605074962,G5,0.259670115388843,0.029567045238123597,8.028108001673207
092780,2017-12-31,0.1090121033216077,G4,0.1291214856955939,0.020077028817426134,5.3204487446892434
092870,2017-12-31,0.10886494323404955,G4,-0.3815685575785317,0.0312663711434368,-12.917112723205761
093050,2017-12-31,0.0634028597365618,G2,-0.07690608282850116,0.026072210985828223,-3.805153533363787
093190,2017-12-31,0.14889537192598798,G4,-0.0818429775721387,0.010810269175920872,-9.633956269187562
093230,2017-12-31,0.010268677257707401,G1,0.02210427197087509,0.03213294958671358,-0.006174688551971653
093240,2017-12-31,0.1637065656593381,G4,0.1732536303079676,0.02663164787698252,5.668103906991194
093320,2017-12-31,0.11453740040930267,G4,0.18338178326558843,0.02039778749975238,7.89689079468617
093370,2017-12-31,0.13509606773588087,G4,-0.05413921324658474,0.022579875578097472,-3.3853993530222457
093380,2017-12-31,0.043686546615649406,G2,0.10826991555720078,0.013784447493263366,6.236538147240562
093520,2017-12-31,0.1930909645254521,G5,0.06089444655061724,0.019770587479025513,1.9519785977391786
093920,2017-12-31,0.020457722513017727,G1,-0.15938749476037467,0.014419788046411875,-12.600058829048773
094190,2017-12-31,0.19130632977474837,G5,0.2015740809287139,0.033417825025828456,5.3645441575963355
094280,2017-12-31,0.15249340008087192,G4,0.012117051104257905,0.024532762408587788,-0.41518487208785865
094360,2017-12-31,0.0875995292651132,G3,-0.061715189953644486,0.03609864654488056,-2.327452160180476
094480,2017-12-31,0.04771343251584303,G2,-0.19685288212737823,0.02549741619409997,-8.595206800009777
094820,2017-12-31,0.18728016101154227,G5,0.27745500689706926,0.02339383893163166,10.906817163096703
094840,2017-12-31,0.03793418851141008,G2,0.0814538588436311,0.016992190843442365,3.481080012682973
094860,2017-12-31,0.011426203905951978,G1,0.30199226231323884,0.03486844440234156,8.021280678860089
094970,2017-12-31,0.17827688382925286,G4,-0.43937036515972616,0.04284311742850272,-10.775897642299322
095190,2017-12-31,0.031140786957281567,G1,0.7146934552008148,0.05434526372864048,12.74059089548753
095270,2017-12-31,0.4408614118840461,G5,0.35740727964642705,0.03347429445744629,10.01080387655652
095340,2017-12-31,0.09385253978419587,G3,-0.21550350297214732,0.021530218094661064,-11.045228843173973
095500,2017-12-31,0.06256939182333343,G2,-0.14929031660125,0.017071884949433864,-10.051204072446001
095570,2017-12-31,0.04617270135889605,G2,-0.08265348373748305,0.014869093020560699,-7.058679807785244
095610,2017-12-31,0.28626919468048406,G5,-0.20132273373538168,0.03025134377656444,-7.392247376311672
095660,2017-12-31,0.008097176354495065,G1,0.43496873405229625,0.04665212861826189,8.845599618876333
095720,2017-12-31,0.08230865168988828,G3,0.007154217986806721,0.014603634742807906,-1.03730784882051
095910,2017-12-31,0.027232917772711866,G1,0.08163417756632053,0.02104647604037707,2.819070257921824
096240,2017-12-31,0.08155991572184569,G3,0.01692389326352988,0.018488115142035896,-0.29093228930999965
096350,2017-12-31,0.20144816198238655,G5,1.4632024517563218,0.06188872134038858,23.282105973793342
096530,2017-12-31,0.02888574084358219,G1,0.06352762234563851,0.02364838865436177,1.7432451750240336
096610,2017-12-31,0.026428054030129124,G1,-0.22000421398891612,0.014001991227590554,-17.305174169677098
096630,2017-12-31,0.1618924477134356,G4,0.2016412522720595,0.03456503551187689,5.188438741328872
096690,2017-12-31,0.12486586545388656,G4,0.05911730994136792,0.06414240290216736,0.5739514790347012
096760,2017-12-31,0.15176185129567538,G4,0.07098591479322741,0.030736658102789336,1.583881751346942
096770,2017-12-31,0.11109144677448134,G4,-0.02690125053330388,0.018001263869126018,-2.7333599361610847
097230,2017-12-31,0.4815990353396928,G5,0.03936194522299525,0.021367457986532747,0.7983758436271607
097520,2017-12-31,0.009105215192254348,G1,-0.14525608275277965,0.032262882697421176,-5.193546009235007
097780,2017-12-31,0.05721682549770849,G2,0.9112042343394472,0.06892498812508217,12.896651498865356
097950,2017-12-31,0.06718873652930389,G3,-0.052717856505901065,0.017342916221037518,-4.325716533285676
098120,2017-12-31,0.10441096819718727,G3,-0.1527895892072945,0.02293927575816727,-7.632859641254546
098460,2017-12-31,0.16572386568490122,G4,0.23626714616225777,0.025281454675718476,8.463297147253567
098660,2017-12-31,0.004036289686233633,G1,0.12584548204153,0.02613627696631466,3.9616506684617057
099190,2017-12-31,0.09169860170913653,G3,0.12866395306111508,0.024438276624620763,4.352241026158544
099220,2017-12-31,0.05103347538405107,G2,0.15504028401906486,0.02472280342290178,5.369035170553318
099320,2017-12-31,0.09850029942846601,G3,-0.2936553225501279,0.030334014100234504,-10.415964218679338
099440,2017-12-31,0.003481644156392477,G1,-0.001460040004315731,0.015803601253103174,-1.5036270879385145
099660,2017-12-31,1.0449436785971653,G5,0.3154427803218324,0.048252932282099384,6.075073234538965
099830,2017-12-31,0.3321799083244357,G5,-0.7320642776557369,0.12175138587946731,-6.195962001856653
100030,2017-12-31,0.032701882076907586,G1,-0.04294148194318188,0.019864744286026397,-3.284420072595967
100090,2017-12-31,0.385933954155782,G5,0.20272548686655897,0.022298186790739898,8.091366604510489
100120,2017-12-31,0.155582547003666,G4,-0.022437955154309484,0.02768116461541582,-1.6162845278634839
100130,2017-12-31,0.021636605543533093,G1,-0.11011801381972895,0.02122888980679718,-6.237758919647274
100220,2017-12-31,0.08636450269102042,G3,-0.12290272594987041,0.027283594255398325,-5.322077711515936
100250,2017-12-31,0.04355597272341325,G2,-0.053161629065162405,0.009149390018062262,-8.248015642902297
100700,2017-12-31,0.11828449515936013,G4,0.2825205628793103,0.03505954413532706,7.422169522457585
101000,2017-12-31,0.4469561381628273,G5,-0.43130858012135975,0.0639927887960013,-7.088474679455346
101060,2017-12-31,0.0006637100667483621,G1,-0.02009908219441613,0.016876217264069366,-2.512515954124487
101160,2017-12-31,0.12979686564123882,G4,-0.10187311649665476,0.02411174401977253,-5.150013177049956
101330,2017-12-31,0.07436735449133466,G3,-0.15085017982487306,0.01464288876304729,-11.825048018439494
101390,2017-12-31,0.0775701129751433,G3,-0.025090708746062944,0.02075255963580039,-2.283737163252552
101400,2017-12-31,0.5544753577875638,G5,0.6785899588981281,0.05516503679358902,11.896797575372396
101530,2017-12-31,0.019378131268052132,G1,0.03085078802285889,0.014524946860665992,0.5885119703382992
101730,2017-12-31,0.1939169520380321,G5,0.6321579601721655,0.04042473323949684,15.086191753752361
101930,2017-12-31,0.07203612399255566,G3,0.4789916017496588,0.029264990297230353,15.605298829231144
102120,2017-12-31,0.06705801245091332,G3,-0.25544690547574167,0.024727708546115734,-11.232322149243394
102210,2017-12-31,0.016807551170464365,G1,1.651697959566148,0.07530066910244504,21.638523217138474
102260,2017-12-31,0.014197818963944921,G1,0.20657988490471094,0.01662551515026627,11.083999521959496
102280,2017-12-31,0.47488780999857466,G5,0.2935651369942401,0.023585496257890682,11.501240046058316
102460,2017-12-31,0.05866633055633306,G2,0.2083775528890824,0.03884138372128902,4.790634424804625
103140,2017-12-31,0.11511028631561923,G4,-0.19697331869806411,0.02324469206492751,-9.433379500679447
103590,2017-12-31,0.00656665911979995,G1,0.3459610384829086,0.02215181617919805,14.610917359454026
104040,2017-12-31,0.043790914584598564,G2,0.2792681706193918,0.026975480429047998,9.525891053856986
104460,2017-12-31,0.05392910417016101,G2,0.10411427039351737,0.021176931096603145,3.8632409527842766
104540,2017-12-31,0.13583950328042038,G4,-0.06929780574509883,0.0375686652709958,-2.4382151458185173
104830,2017-12-31,0.07340994353335735,G3,-0.1120718377170477,0.0256852234765705,-5.231588534413588
105330,2017-12-31,0.05127692442880855,G2,-0.03143533710320133,0.01640472608262355,-3.2757645424480297
105630,2017-12-31,0.08036795035188761,G3,-0.1641509105541556,0.016995704118785867,-10.97063070631431
105840,2017-12-31,0.11360402334873118,G4,0.3030552238201993,0.01856791279695749,15.120306949059657
106080,2017-12-31,0.41827388947597144,G5,0.5041891307123456,0.034815485478125394,13.841152612629404
106240,2017-12-31,0.49975330703267307,G5,-0.030554675067639106,0.022935979170127366,-2.3045607777370005
106520,2017-12-31,0.43086417515030134,G5,0.46392296498135055,0.05725605406352258,7.713075748541226
107590,2017-12-31,0.10404466251087909,G3,-0.07502934916373681,0.016561227770981162,-5.87710243688048
108230,2017-12-31,0.4565090275007019,G5,0.004452704756239205,0.04151146546615067,-0.4300011567923397
108320,2017-12-31,0.11417140152093411,G4,-0.30312945348534687,0.030699801743688925,-10.60046377918634
108380,2017-12-31,0.06440141784803494,G3,0.1253919657854093,0.026526278744524776,3.8863077573539573
108670,2017-12-31,0.06884778506057347,G3,-0.1682907062928662,0.013969195185199483,-13.643834644219965
108790,2017-12-31,0.052314774775185154,G2,-0.034813417266653976,0.021879633858390212,-2.610468738332239
108860,2017-12-31,0.07827297851781424,G3,0.4284148749420191,0.03243195346093487,12.521977515303309
109070,2017-12-31,1.715478130639104,G5,1.3945550870303827,0.08782575540856857,15.624715070423086
109610,2017-12-31,0.004301739428215649,G1,0.5507564401767496,0.05238603007072786,10.087684761308312
109740,2017-12-31,0.554886348771871,G5,-0.2634512000808052,0.04334214322318111,-6.592979990311181
109820,2017-12-31,0.1452067280098271,G4,0.8160297247001226,0.04658427801056763,17.03851762161553
109860,2017-12-31,0.0372682031440235,G2,0.2573597914656483,0.022638593236010553,10.383026281196685
109960,2017-12-31,0.034644859374549815,G2,0.00687165817363114,0.030742064722010475,-0.5019514756973992
111110,2017-12-31,0.036443542086065664,G2,0.22781160628261957,0.017337479065294942,11.853448969242878
111770,2017-12-31,0.07061223340362492,G3,-0.03996324153403633,0.017267535885180377,-3.605953094575842
111820,2017-12-31,0.01060630990906938,G1,0.08121986134039991,0.035914580791184765,1.6404807494796618
111870,2017-12-31,0.04132836910073916,G2,-0.1525497650879289,0.020309204810701954,-8.609517194027188
112040,2017-12-31,0.002587521187993056,G1,0.22265831975323028,0.03470646571654344,5.772861992424024
112240,2017-12-31,0.21592933365056344,G5,1.4528521531078562,0.09181390108679897,15.580968167648326
112610,2017-12-31,0.12903146589272468,G4,0.2707862176532052,0.027547694530036984,9.020120883634698
113810,2017-12-31,0.24354643350715482,G5,0.24381030758706362,0.06566402259986644,3.3733483860716893
114120,2017-12-31,0.7490422170046547,G5,0.22491351386567018,0.04328686257961354,4.680654102990197
114190,2017-12-31,0.13356971665793765,G4,0.41038067518110627,0.027964202022207996,13.877670886016407
115160,2017-12-31,0.0708307349150291,G3,-0.07519217802501262,0.01938817234968008,-5.028574080808118
115310,2017-12-31,0.14520788414757238,G4,-0.11823604113719652,0.008555122978222831,-16.427434698690924
115390,2017-12-31,0.05467777697270799,G2,-0.1210657115762297,0.023661972111756316,-6.059021362459775
115450,2017-12-31,0.11849205715822994,G4,0.3569649572219175,0.039533707343860094,8.465238824788944
115480,2017-12-31,0.07487274905631036,G3,0.11609559408903639,0.030454567486051,3.079765004220361
115530,2017-12-31,0.05061415379125128,G2,0.3223945794481966,0.03307550623080625,9.072934346863127
115570,2017-12-31,0.15950554129216168,G4,0.08552126991959243,0.01492896955003983,4.2346249539101315
115960,2017-12-31,0.04177545177537886,G2,0.11395489374721093,0.030425601583683307,3.012338492907009
117670,2017-12-31,0.23591981306778098,G5,0.4632510399521745,0.08773240191214075,5.026060468137315
118000,2017-12-31,0.15520807255648342,G4,0.1797036680502245,0.037495424409095306,4.1978718097991266
118990,2017-12-31,0.14696650641428916,G4,0.05347102871456436,0.019441044514551382,1.6032238270122774
119610,2017-12-31,0.18827255838412965,G5,-0.06659123423831426,0.024871760211294107,-3.5740903100528185
119650,2017-12-31,0.08863891382354094,G3,0.2217800337111657,0.023386763081384737,8.529498079326562
119850,2017-12-31,0.08357176288757985,G3,0.3508652583566211,0.024688991466060874,13.308059824211764
119860,2017-12-31,0.17580005211606256,G4,0.31336294662717357,0.029850043672255192,9.750748337124778
120110,2017-12-31,0.052847614702893966,G2,-0.2486037549515223,0.01869165905877781,-14.493439936308432
121440,2017-12-31,0.04309159251864258,G2,0.05913007367871468,0.02156164831797134,1.7080044256723315
121600,2017-12-31,0.0823496441755535,G3,0.11058931335319791,0.03502456449470919,2.5207060159079275
121800,2017-12-31,0.47024198553623564,G5,0.02697627850762862,0.07678127501752349,0.06086894988045887
121850,2017-12-31,0.42103302482808946,G5,-0.20465847254008776,0.04639261466323998,-4.892182885452967
122450,2017-12-31,0.10859933972450381,G4,0.2784564047300368,0.027159067214519463,9.43160970072881
122640,2017-12-31,0.26697410105370695,G5,-0.26690944455612664,0.037780789761696194,-7.655004813482531
122690,2017-12-31,0.09081863865505352,G3,-0.26069460815186707,0.021906964600773255,-12.918142528459068
122800,2017-12-31,0.6938212772484085,G5,,,
122900,2017-12-31,0.03555018640435599,G2,0.01998768026375001,0.01817373125927416,-0.12738180344214595
122990,2017-12-31,0.20310778378423497,G5,-0.014589110945916419,0.021042472911735412,-1.7532061952742768
123040,2017-12-31,0.0807582560903948,G3,0.22140060960160451,0.03763488218010886,5.290249766744437
123100,2017-12-31,0.2704123504973965,G5,-0.3116663709000733,0.02926060411254347,-11.413607611872111
123260,2017-12-31,0.6340012787322161,G5,0.25480465492036114,0.03706458256004202,6.272887914409802
123330,2017-12-31,0.13758600310082245,G4,0.5700362336499804,0.047606546705942644,11.505424959857011
123410,2017-12-31,0.01870641067611256,G1,-0.25685332269538,0.023094759758973817,-12.087417601897288
123570,2017-12-31,0.0882636936773137,G3,0.3440734996720055,0.03146343605182309,10.226817446612982
123690,2017-12-31,0.06792120219984006,G3,0.08710821960382514,0.032221959547461494,2.0112227061032786
123700,2017-12-31,0.03339639206563808,G2,-0.1354016528543483,0.011772998725602142,-13.395426216960844
123750,2017-12-31,0.7012987909741898,G5,-0.019469841643091897,0.02055252739716098,-2.0324762868673463
123840,2017-12-31,0.2123610903828192,G5,0.11230753950947124,0.05683492276829119,1.5836188772452533
124500,2017-12-31,0.0016939157383952497,G1,0.4404685201844977,0.03343441491966168,12.507048149712315
126560,2017-12-31,0.06507969422990441,G3,0.10738732740105617,0.016468495342020623,5.166509915276045
126600,2017-12-31,0.056938020842229035,G2,-0.1388180352835651,0.020051527738130334,-8.035333781774861
126700,2017-12-31,0.20988534421349989,G5,0.49404895165398155,0.03711645761847904,12.70989472045645
126870,2017-12-31,0.10541020758922809,G4,0.5198202368808971,0.04677808885876965,10.635696457291168
126880,2017-12-31,0.280017596199485,G5,0.40945235196264296,0.0444862467579633,8.702682227659757
127120,2017-12-31,0.014271368545429148,G1,0.27190512348023316,0.03713243230203746,6.721952349448119
127160,2017-12-31,0.1355000967112137,G4,1.8248564429625447,0.07823798572621812,23.039368195693033
127710,2017-12-31,0.09176768456952492,G3,-0.06745423664697353,0.021277664979468626,-4.2183632301952105
128820,2017-12-31,0.5528834036292137,G5,0.3315321930122479,0.03298815946426847,9.373954628186045
129260,2017-12-31,0.024347090372907155,G1,0.23534246018579918,0.024519002211093013,8.68876210478848
130500,2017-12-31,0.04910221610766529,G2,0.2690863622088277,0.03642648819675853,6.774841372272578
130580,2017-12-31,0.1664437293662681,G4,-0.12288366212287588,0.018560919906428528,-7.822152446195309
130660,2017-12-31,0.19501584438039687,G5,0.03505503644688232,0.024633377969341314,0.5176859436787208
130740,2017-12-31,0.027499884412310847,G1,0.306883937389107,0.027739087818240478,10.259214590147582
130960,2017-12-31,0.18764109102837653,G5,-0.06522252872685969,0.016701440337411954,-5.240578649832293
131090,2017-12-31,0.12800709902667332,G4,0.5119324603451977,0.05825830012028724,8.404463851630046
131100,2017-12-31,1.7718123420861391,G5,1.345940444532287,0.09810809041760717,13.491627000089977
131180,2017-12-31,0.044856546642854093,G2,0.11436496863951343,0.020410272891965363,4.510585732977882
131220,2017-12-31,0.05171848638348235,G2,0.15926441993637752,0.02526103398471917,5.421857913353775
131290,2017-12-31,0.10534664610517076,G4,-0.15734640693536045,0.025278695674702777,-7.106738898794152
131370,2017-12-31,0.05489907414012483,G2,-0.03737397100806259,0.033312470622864146,-1.791420834872948
131390,2017-12-31,0.13727628401580716,G4,0.5219560886854172,0.04008546969492003,12.464701288554647
131400,2017-12-31,0.03491308550714133,G2,0.2520834669340867,0.029195800733447536,7.870336768808469
133750,2017-12-31,0.05684843174499624,G2,0.08329596000506238,0.018568907236622988,3.2846993256521646
136480,2017-12-31,0.07194965394096009,G3,0.22653173123531595,0.019951017785292593,10.236522793290245
136490,2017-12-31,0.16619183510941374,G4,0.05441027584876422,0.015674567380452767,2.04838782102371
136510,2017-12-31,0.09304213944965405,G3,-0.19691005705195597,0.026010066360491912,-8.427996181961275
136540,2017-12-31,0.08197346406100525,G3,0.0914356076973379,0.01837920778303845,3.761474683055114
136660,2017-12-31,0.3996213307132811,G5,-0.6081608190284986,0.10767680398124142,-5.855146871420534
137400,2017-12-31,0.03784922049515712,G2,0.01317423323281837,0.03141383502515733,-0.2905869240957207
137940,2017-12-31,0.0358737970348168,G2,0.22821329019924624,0.036767961250165265,5.600272636043737
137950,2017-12-31,0.03285952019942592,G1,-0.015866202586192722,0.014986329679646795,-2.5469135091068913
138070,2017-12-31,0.06608709010494357,G3,0.1568256470789229,0.024500385551315576,5.490646825550478
138080,2017-12-31,0.026677248083562418,G1,-0.014907619867033156,0.02466985641507853,-1.508330740470747
138250,2017-12-31,0.1323788222884831,G4,-0.1422688963910022,0.01546382744894248,-10.642357453948826
138360,2017-12-31,0.14772843988291087,G4,0.19200970990722346,0.039327924841517196,4.315178786174858
138490,2017-12-31,0.09007124991650506,G3,0.0036981346752410806,0.01681757403526948,-1.106256360909789
138690,2017-12-31,1.4456521411938716,G5,0.0004744225001596311,0.02570176636613621,-0.849290282843354
139050,2017-12-31,0.30735371409316736,G5,0.30583603150125815,0.07673772284391685,3.694836620981452
139670,2017-12-31,0.317637435757025,G5,0.16142927949700148,0.02962020522381031,4.697016631685415
140070,2017-12-31,0.1805194243288642,G4,0.22872965254904892,0.024467180024010875,8.436892580985733
140520,2017-12-31,0.01460897432018723,G1,0.41303990058785967,0.029968479568707528,13.038272988297685
140670,2017-12-31,0.07444847386831689,G3,-0.3568144564634248,0.0412687296679179,-9.186547355369113
140860,2017-12-31,0.14871390134164716,G4,0.49172996372202205,0.030104105014085836,15.593464099847706
141000,2017-12-31,0.11219534638154698,G4,-0.37003858933379713,0.02586522317924023,-15.168679177511395
141020,2017-12-31,0.08050741078281144,G3,0.5847976778224554,0.034657322035347264,16.2301921170347
141080,2017-12-31,0.26147106764165406,G5,0.49692342334854295,0.05338296231191633,8.890865547110472
142210,2017-12-31,0.09269475854182038,G3,-0.014058392160807941,0.01849981293400921,-1.9654833925802924
142280,2017-12-31,0.08550338787520398,G3,0.07574274208586759,0.030975697206071368,1.7252253856795792
142760,2017-12-31,0.1888709321128175,G5,0.9458744119141684,0.07205872325283083,12.816931625985431
143160,2017-12-31,0.06263640682014394,G2,-0.020164959044923693,0.010704279793837522,-3.96735163781889
143210,2017-12-31,0.07179411998528372,G3,0.015636998473723338,0.02100195452764298,-0.3173840055854076
143240,2017-12-31,0.04504060232071094,G2,0.03032866412988617,0.022783800109677954,0.3522670127204852
143540,2017-12-31,0.1304681383637977,G4,-0.14496098645965252,0.026369712795384904,-6.343022037606546
144960,2017-12-31,0.15478875458359104,G4,0.03725636020795998,0.023387760176583394,0.6393804780033124
145020,2017-12-31,0.11331429706346044,G4,-0.06846737008914211,0.02901329506848759,-3.1285675343563466
145210,2017-12-31,0.4941552414127116,G5,0.6001722042678832,0.07221870375319417,8.001660114475474
145720,2017-12-31,0.1864624151900323,G4,0.2555298698891837,0.02313225348111323,10.08233750995238
145990,2017-12-31,0.03977650432580099,G2,-0.027816054355173606,0.017859488700389715,-2.8062806345015474
148140,2017-12-31,0.11330011680632394,G4,0.3016563194904882,0.0401341654846226,6.960494461276223
149940,2017-12-31,0.4117685689779237,G5,0.03661445471616252,0.03438711432090733,0.4161957777489845
149950,2017-12-31,0.104982511140818,G3,-0.010183162339362107,0.016143253278312116,-2.0123481126220657
149980,2017-12-31,0.018978018298470765,G1,0.46884580377030816,0.04869207681908759,9.170755285353351
150900,2017-12-31,0.03884033613926984,G2,0.11232204715837364,0.05319223678159639,1.6923402676438972
151910,2017-12-31,0.5936196619884191,G5,1.1672447434267361,0.07262469437198357,15.76518938083946
153360,2017-12-31,0.26434610024424837,G5,-0.031907803930529784,0.01561419958425253,-3.4718710084910285
153490,2017-12-31,0.5377678643963831,G5,-0.03820545758727523,0.017360243845566958,-3.4854430071588887
154040,2017-12-31,0.00010797079412262984,G1,-0.051853938681273505,0.01574255857064378,-4.7105825444656535
155650,2017-12-31,0.21009762120556888,G5,-0.5020227879539616,0.04099237595627386,-12.790804598398573
155660,2017-12-31,0.07829636050391588,G3,0.21311299171151749,0.02405508746427429,7.932222614782529
155900,2017-12-31,0.10130087277418491,G3,-0.06471955480620317,0.006122019679532037,-14.214628878763152
155960,2017-12-31,0.3595315349446692,G5,-0.25643800946271295,0.04752531146142042,-5.865099750389121
156100,2017-12-31,0.37088034120472196,G5,-0.04376667916870193,0.03679940985585182,-1.7953918922703833
158310,2017-12-31,0.33651346215622346,G5,0.7536385855856423,0.06501578248688067,11.248590337375191
159580,2017-12-31,0.7113629387195833,G5,0.6948800664489161,0.039103733209234846,17.19982539578214
159650,2017-12-31,0.5795919224831322,G5,0.24488995674822378,0.0655174838299892,3.397372133505378
159910,2017-12-31,0.7918620944245315,G5,0.37170872931695914,0.06804330097475844,5.135054316658545
160550,2017-12-31,0.05706844028855313,G2,-0.03774241979142777,0.034390590496932716,-1.7459747521233293
160600,2017-12-31,0.018655193963941986,G1,-0.03559949093791356,0.026128522006807577,-2.2160523985879057
160980,2017-12-31,0.17254860285184762,G4,-0.2210151383468775,0.019821205599691753,-12.275631774764028
161000,2017-12-31,0.215287828931521,G5,-0.15181896777419912,0.026712737000398737,-6.518300640568178
161570,2017-12-31,0.08063786898681545,G3,-0.30848627331244205,0.02680617327213268,-12.340029025446718
161580,2017-12-31,0.17970398179092015,G4,-0.20756967546282376,0.022139148268302846,-10.383071453510558
161890,2017-12-31,0.14610875884697416,G4,0.01872172286952624,0.02283821902604147,-0.1567968173533932
166480,2017-12-31,0.058781682849265694,G2,0.46276160836135516,0.0693442525370445,6.351772631758164
168330,2017-12-31,0.16193186778067964,G4,-0.2259204945538195,0.026840114175495106,-9.248216153539142
170030,2017-12-31,0.06389549498099849,G2,-0.025695099061850524,0.011110404825280586,-4.320074987678734
170790,2017-12-31,0.09132550799498464,G3,0.03917425231241219,0.043167819329088856,0.39083673087498183
170900,2017-12-31,0.009283554284595463,G1,0.14338731960874865,0.03348018526297257,3.6166059336545255
170920,2017-12-31,0.023752214928957408,G1,-0.08868851155728588,0.035702771823633454,-3.1087556739962836
171010,2017-12-31,0.05243476485824149,G2,0.24987351913862915,0.03686513666735817,6.173063679790994
171090,2017-12-31,0.10749959291363752,G4,-0.2545335446577443,0.019945085534643834,-13.879921803479851
173940,2017-12-31,0.06690093137920565,G3,0.3949125726727443,0.046584378211557656,7.998601764174025
174880,2017-12-31,0.05537455434898681,G2,0.03815384272609338,0.016688525883064204,0.949823843659562
175140,2017-12-31,0.3395995974052152,G5,-0.12336724238890287,0.025511174569169237,-5.710043844542428
176440,2017-12-31,0.041029744885746906,G2,-0.11843995588786807,0.02128374872981736,-6.612680905104119
177350,2017-12-31,0.11073583660961489,G4,-0.14998887527853916,0.017528933404522055,-9.828981275091227
177830,2017-12-31,0.013893178789612895,G1,-0.17060700962902337,0.022150293130116027,-8.709125943510351
178320,2017-12-31,0.05202231890016058,G2,0.056896488858212205,0.023949237495942986,1.444463772061351
178780,2017-12-31,1.103812176859488,G5,0.4838312183665038,0.053642202387941866,8.603832708095906
179900,2017-12-31,0.19536487289760632,G5,0.1371420079367933,0.023391814611248646,4.909380777784556
180640,2017-12-31,0.13389492826966912,G4,0.3183263028541118,0.025435882228852087,11.638032338092092
181340,2017-12-31,0.009511007627177503,G1,0.21181801327034538,0.02346994460155491,8.074809445053422
181710,2017-12-31,0.00526913060431936,G1,-0.08991721013032611,0.01910848280719216,-5.872778817108253
182360,2017-12-31,0.062009140614682316,G2,0.06660899562638417,0.02323441048190869,1.9069264844939238
183190,2017-12-31,0.07942274979702196,G3,0.3405919068496549,0.033710722655457034,9.441779910087497
183300,2017-12-31,0.2614672723290182,G5,0.42075540742027384,0.02575806946190053,15.46904456806466
184230,2017-12-31,0.044030962461827444,G2,0.2126457486133965,0.04440739495533976,4.286292088918841
185750,2017-12-31,0.13322321727183936,G4,-0.10389199743088542,0.021522482418956365,-5.863388706804849
187270,2017-12-31,0.11709681422465516,G4,-0.08600651487397971,0.023135324554586348,-4.681550826972849
187420,2017-12-31,0.020170256388862894,G1,0.22877863380073804,0.03835150739852698,5.383776672148203
187790,2017-12-31,0.0019885588388769424,G1,0.17645303108913846,0.036399584244275314,4.234948045774807
189690,2017-12-31,0.04775718818130411,G2,0.5454468834415042,0.02816326541794671,18.575409944519695
189980,2017-12-31,0.04562956469937793,G2,0.02846179500486809,0.014069009895267435,0.4377786442605782
190510,2017-12-31,1.3376691707768658,G5,0.19201774375828323,0.04849118901689502,3.4999154335506777
191410,2017-12-31,0.47442174068199927,G5,0.15548931855726292,0.03646063093480121,3.6528889439296215
191420,2017-12-31,0.1715407719480727,G4,0.16454040515142906,0.04451486816353318,3.1952857122268585
192250,2017-12-31,0.10184732954315909,G3,0.3146519476909418,0.051876432782878575,5.635492825570694
192440,2017-12-31,0.18365520104136904,G4,0.14772388355795102,0.020904876117532358,5.999614631819529
192820,2017-12-31,0.06795555416691731,G3,0.3172518256850037,0.023734458570265352,12.427043232732016
193250,2017-12-31,0.1303929529032179,G4,-0.03542827325483125,0.031511482264463486,-1.8320609515333897
194370,2017-12-31,0.036827237699456845,G2,0.17854728081448473,0.025819406683520642,6.051440290739885
194610,2017-12-31,2.74654225216205,G5,-0.21444759443317185,0.03967721738290209,-5.96690728271743
194700,2017-12-31,0.15194586087008316,G4,,,
195870,2017-12-31,0.1319350671581055,G4,0.08126811965466428,0.02036846016458166,2.8949383631055694
195990,2017-12-31,0.11294547679721433,G4,0.5031770355512853,0.04322459927800309,11.125015862649583
196170,2017-12-31,0.1869482299162865,G4,0.6889811332513129,0.055468169283959,12.019117611607967
196490,2017-12-31,0.02602916803684367,G1,0.33847904321694094,0.03699319650496318,8.54687861990223
196700,2017-12-31,0.019933325953749487,G1,0.20790129397310972,0.019841340459019186,9.354136704101249
197210,2017-12-31,2.8926070646119215,G5,1.2248408922041298,0.0604867771245741,19.881009808154296
200130,2017-12-31,0.26661286048269495,G5,-0.019991836677109714,0.0260156568981981,-1.6257332947402292
200230,2017-12-31,0.14684217281246603,G4,0.06115676571632073,0.054438887893587494,0.7137192601259622
200710,2017-12-31,0.004412969719290568,G1,-0.031329109636830374,0.032279123233944246,-1.661500908031518
200880,2017-12-31,0.045198295764107096,G2,-0.18595559903845216,0.01570814796358912,-13.257978117344964
201490,2017-12-31,0.0466617638394884,G2,0.1234876185179307,0.037747442775501155,2.6805772299037036
203450,2017-12-31,0.05735441120435582,G2,0.07893999618431681,0.030816596703913814,1.8378834561668005
203650,2017-12-31,0.08051924947457886,G3,0.8550398597694293,0.06718563336466091,12.39457210029984
203690,2017-12-31,0.08063953929954706,G3,0.49457762109732867,0.05890261807436818,8.017893832396775
204320,2017-12-31,0.012923203040763064,G1,-0.26257413129540375,0.031934836985996834,-8.920565786734691
204620,2017-12-31,0.03698954724490117,G2,0.10881757332307067,0.03444586946814822,2.511618714581757
204630,2017-12-31,0.053750834154206846,G2,0.2049849722019907,0.03759227136948456,4.859570401576037
204990,2017-12-31,0.02500740872114372,G1,-0.15905276766100868,0.02323388145627601,-7.8056458594373
205100,2017-12-31,0.000643976090080992,G1,0.032012252438486044,0.024580640627151415,0.3950088062770725
205500,2017-12-31,0.9094903318468656,G5,0.3255962479280544,0.041223171588153786,7.357356392451424
206400,2017-12-31,0.9098101962635862,G5,0.23723996535150738,0.041148456139344876,5.223459215500476
206560,2017-12-31,0.8361327816844464,G5,0.02609501484177435,0.03628598989686818,0.1045122904383659
208140,2017-12-31,0.2502876675392118,G5,0.09570140281792927,0.02738945614018579,2.679816624157406
208350,2017-12-31,0.16263237818548065,G4,0.0665505410638454,0.03454846099866729,1.2807475892695486
208370,2017-12-31,0.04012721775375352,G2,0.23993611488357622,0.03554945699295761,6.121990330256251
208640,2017-12-31,0.3210143825442247,G5,0.7517486253587851,0.05832646931652954,12.50625918180227
208710,2017-12-31,0.08199230583955672,G3,0.009017778258894684,0.02919694128763651,-0.45501015113388205
210540,2017-12-31,0.2382844267087873,G5,0.281633576342674,0.04503484768517845,5.7584494396146
210980,2017-12-31,0.25139652779756566,G5,-0.11318863295293112,0.01912982384639076,-7.08272679182687
213090,2017-12-31,0.06546628296606771,G3,0.07647943831599224,0.02684712127476374,2.0179726099754713
213500,2017-12-31,0.07708891400372622,G3,0.21636704332971352,0.015956668902647443,12.161959465780868
214150,2017-12-31,0.146136718667055,G4,0.583526243441203,0.06204803443610516,9.044985318468092
214180,2017-12-31,0.1334614391773711,G4,-0.012063100608653676,0.0234087774861376,-1.468072544832123
214270,2017-12-31,0.016774132310930393,G1,0.5676671833525861,0.05757611031367293,9.47206223995729
214310,2017-12-31,0.8790056375940841,G5,0.438968825138495,0.04255244237315293,9.79182671955271
214320,2017-12-31,0.1103612866760421,G4,-0.08461787472346652,0.01771399216170926,-6.035937956516449
214330,2017-12-31,0.054360113347547555,G2,0.23444177664054097,0.03723557505018714,5.697215456664353
214370,2017-12-31,0.08664252413087134,G3,0.08071672907175892,0.030062973808161746,1.943056149989757
214420,2017-12-31,0.04821778773834005,G2,0.13052213085114642,0.03144792441068658,3.4412270428741625
214430,2017-12-31,0.14695887155346632,G4,0.03249452551902449,0.021688375391360225,0.46992190093939723
214450,2017-12-31,0.06871578881090619,G3,-0.13941341710187066,0.029957077064839313,-5.398260306861061
214680,2017-12-31,0.06847452102486225,G3,0.3308900058548965,0.03814591611188573,8.089655574739645
214870,2017-12-31,0.24088253137069832,G5,-0.3137962760150887,0.03431267493443749,-9.795183837579401
215000,2017-12-31,0.41921647123412964,G5,0.007425342798320301,0.015545846216625359,-0.9569977678409376
215100,2017-12-31,0.051251396869743,G2,0.0386611928510499,0.038683750045845525,0.42287807942181355
215200,2017-12-31,0.06091269635718509,G2,0.9095553498559857,0.04165398622419578,21.300546414781625
215360,2017-12-31,0.1191218413590727,G4,-0.04330193900422925,0.0324809100906975,-2.0197901397426548
215600,2017-12-31,0.2823550913802993,G5,-0.005369540298242666,0.04997869501853447,-0.5536803875093127
215790,2017-12-31,0.06929385543693833,G3,0.02164429722228885,0.03145747133030534,-0.0209293905930109
216050,2017-12-31,0.13396811098521078,G4,0.2344891524527953,0.02886332297722196,7.351422069226646
217270,2017-12-31,0.3891963103042879,G5,-0.1711804930911458,0.02741936803385946,-7.056441847202596
217480,2017-12-31,0.1269902132068589,G4,0.28545354139060714,0.044577367846161314,5.903239046592532
217620,2017-12-31,0.07401291664016074,G3,-0.029236436590887736,0.018553276736582233,-2.777898494668344
217730,2017-12-31,0.4710347272789951,G5,0.25007081705798717,0.04843691634952103,4.702366527373088
217820,2017-12-31,0.04169228691743722,G2,-0.05887321746123886,0.05013243299105947,-1.6192292203840353
218150,2017-12-31,0.08111245203633419,G3,0.34851143354538217,0.06082897058611196,5.362720221555592
218410,2017-12-31,0.048078916586922905,G2,0.24153846388272224,0.03439205935408115,6.374604634714242
219420,2017-12-31,0.2033729991119348,G5,0.7738494931206686,0.08522938906524802,8.817930275418107
220100,2017-12-31,0.16509417084283795,G4,0.3248458757279374,0.053274740247492035,5.678923846378598
220180,2017-12-31,0.14389929338741866,G4,-0.1542243191127188,0.019373785905531102,-9.1116420352901
220630,2017-12-31,0.1976965282243281,G5,0.1838461869109075,0.026249355994997947,6.154189230961013
222800,2017-12-31,0.07497013510140585,G3,-0.24932440075303608,0.018891753164354888,-14.378077106807297
222980,2017-12-31,0.04470548874195714,G2,0.014784184952257598,0.03168881930377934,-0.2372602747516998
223310,2017-12-31,1.817992798042265,G5,0.21816778456253735,0.050531426977047295,3.876104700638579
224060,2017-12-31,0.07322248370919276,G3,0.5155254675394951,0.06807014282223682,7.245802111811381
224110,2017-12-31,0.1712463929726092,G4,0.10308789970904231,0.03562367381189382,2.2677396275518604
225190,2017-12-31,0.499360143410212,G5,-0.016822896375842677,0.011615566806539588,-3.368374523113599
226320,2017-12-31,0.08952156620468077,G3,0.3321100522172872,0.038064315801827425,8.139049993789312
226350,2017-12-31,0.9272575477363242,G5,0.3853086502200388,0.05313712593226159,6.831494194021034
228850,2017-12-31,0.08134532449430673,G3,0.048681918142901,0.01683547146821029,1.5668842577935844
229640,2017-12-31,0.10745309794874781,G4,0.13096336211571052,0.01871121467159133,5.807248812866087
230360,2017-12-31,0.10565538250962257,G4,0.2215808945123122,0.0296502506400691,6.7209621262418615
230980,2017-12-31,0.007084484488831096,G1,0.21553403528820872,0.027939555364986858,6.916049659241611
233990,2017-12-31,0.2882148584319704,G5,-0.3471637721254725,0.020703478288161003,-17.845622359194397
234080,2017-12-31,0.1643737192661213,G4,0.27584508295712373,0.03809293005426455,6.655891255125703
234920,2017-12-31,0.06056198759580938,G2,-0.08087841680304562,0.017286730044506683,-5.968803785575596
236200,2017-12-31,0.093496301505433,G3,-0.05058154567250141,0.02099659322320264,-3.4712406829308247
237690,2017-12-31,0.12816614291394166,G4,0.24354453344663937,0.03836315620101143,5.7670398483526535
237880,2017-12-31,0.05482807724865633,G2,0.02725516120870536,0.03146122932738967,0.1574152818486515
238120,2017-12-31,0.07748892237385117,G3,0.37065403572497907,0.04873055260247646,7.148520470101273
240810,2017-12-31,0.30422391351378086,G5,0.057947718111739155,0.029208858312144932,1.220350169252895
241560,2017-12-31,0.07987014276983374,G3,-0.08271660541174419,0.016392707437237274,-6.4064638950375095
241590,2017-12-31,0.1591533138936515,G4,-0.05128697982149654,0.035457331948947145,-2.0754427562198723
241690,2017-12-31,0.11229861105053128,G4,0.34133176934361814,0.03386321666740954,9.421109918474674
241710,2017-12-31,0.0875492840127837,G3,0.2293330690956492,0.028995310593783574,7.140133419133164
241790,2017-12-31,0.21985219196266786,G5,-0.005663852712239321,0.018858728302913692,-1.482949178219388
243070,2017-12-31,0.2678796407516253,G5,0.3531344600332425,0.03293193898025705,10.045924635799594
243840,2017-12-31,0.0824343537115809,G3,0.43966580650543174,0.030593283837884303,13.642312011689736
246720,2017-12-31,0.29901986233643363,G5,-0.08553149541942555,0.053582613801818973,-2.01248447388347
248170,2017-12-31,0.09995494233355649,G3,0.0807482055891811,0.016896867897272235,3.4589560040169967
249420,2017-12-31,0.06959995737305423,G3,0.10171609724497571,0.03135036667175476,2.533093636499451
250000,2017-12-31,0.161469228645922,G4,-0.031083509263892223,0.031131705530029346,-1.7148495812163478
251270,2017-12-31,0.08082012453099045,G3,-0.21124105637839558,0.028728998230414922,-8.129198847524584
251630,2017-12-31,0.17899917032709622,G4,-0.46319442100180797,0.033968620359450946,-14.292517588032078
253450,2017-12-31,0.06472354502294655,G3,0.3092099126370427,0.03362937070286596,8.53144806797597
255220,2017-12-31,0.32552052960965705,G5,0.5053043405213847,0.033501913714390326,14.417136337709813
255440,2017-12-31,0.15224867664313863,G4,-0.14497667550530138,0.022376272901930446,-7.475747152587646
260930,2017-12-31,0.08905417914715619,G3,0.025554763911276878,0.025261889374316594,0.12873466969394498
263600,2017-12-31,0.17279495796954356,G4,-0.25208793971479865,0.027689823611101116,-9.909439167811168
263810,2017-12-31,0.14986821615829987,G4,-0.06939961208899803,0.04224117466332519,-2.170921991320602
263860,2017-12-31,0.11024367144638213,G4,0.13453999115017257,0.03598802894458919,3.1187400787121526
265520,2017-12-31,0.21329987130851916,G5,-0.3875198236811784,0.027142021115638213,-15.09918899782608
265560,2017-12-31,0.12399697327592234,G4,-0.14620945295772952,0.022865671994141273,-7.369655959717063
267250,2017-12-31,0.10028180896621072,G3,0.13001804034024741,0.025661011001611604,4.197627186499131
267260,2017-12-31,0.013730260692808737,G1,-0.141330750709111,0.03552545708886886,-4.60608946498851
267270,2017-12-31,0.039804603805187765,G2,0.16457534502034257,0.03451906721105444,4.121567399942711
267290,2017-12-31,0.0604710437097982,G2,0.11952107245348363,0.015636162278503552,6.217535210689729
269620,2017-12-31,0.1731678018991929,G4,0.04275929846171457,0.03270131418253987,0.6255594322813995
271560,2017-12-31,0.05701540556277392,G2,0.2083355035397749,0.028548532960147446,6.516370591534061
280360,2017-12-31,0.0023549055194366994,G1,0.2737237213787322,0.01564224526409841,16.07320651268374
282330,2017-12-31,0.07200399449030719,G3,-0.06076781760697772,0.029165401053494876,-2.8482550396423463
284740,2017-12-31,0.006755435285371639,G1,0.09438783288192455,0.0318771958246193,2.2613391200308377
285130,2017-12-31,0.013515285020252687,G1,-0.02800654207201618,0.0280137840406537,-1.795873949975359
900040,2017-12-31,0.0347342944323541,G2,-0.07475376908879988,0.023430580817841086,-4.142298168798532
900070,2017-12-31,0.007099543640868604,G1,0.0884762059757217,0.024807130535265808,2.667520250067624
900080,2017-12-31,0.0479421791873369,G2,-0.18503121010754064,0.02506455752604898,-8.27199494022158
900090,2017-12-31,0.6692969878554973,G5,0.1343874363353371,0.01074998879032521,10.426499561504848
900100,2017-12-31,0.40420891526380504,G5,0.38345026973641655,0.07121534509851,5.071204616224536
900110,2017-12-31,0.014361929161460018,G1,0.07279503441473575,0.04693482122452092,1.0757972475567237
900120,2017-12-31,0.0013354319382440155,G1,-0.17472571245081012,0.030572071472806533,-6.4447185253015515
900140,2017-12-31,0.03235320619785992,G1,0.08353141107373376,0.02125892674001918,2.88014201731283
900180,2017-12-31,0.056977385960681366,G2,0.21808654723458631,0.07833901302199382,2.4991872727933195
900250,2017-12-31,0.12857450009934743,G4,-0.05580455960975819,0.01949520248800205,-4.006485317844585
900260,2017-12-31,0.14776060348534492,G4,0.010020409121565607,0.019513636936207494,-0.6294200227982065
900270,2017-12-31,0.1437741074849216,G4,-0.06083629689872201,0.01842781399572291,-4.511602941338989
900280,2017-12-31,0.16616716070862692,G4,-0.42966709624001653,0.050225121509948685,-8.998878759851657
900290,2017-12-31,0.165137377364393,G4,-0.12089919321122232,0.01705540504628148,-8.396275300965266
900310,2017-12-31,0.2122091840171131,G5,0.11070588971373854,0.029272673169956385,3.0199909066603707
950110,2017-12-31,0.11836464202703183,G4,0.2246525477420407,0.03623220623713484,5.584806607990118
950130,2017-12-31,0.16128160271349845,G4,0.16276286779435462,0.025720897925110967,5.460936289101944
950140,2017-12-31,0.21793928031791265,G5,0.07749220095263282,0.029005346604698713,1.9027360292554873
