종목코드,날짜,Y2,그룹,기간수익률,표준편차,성과
000020,2021-03-31,0.07127302152111295,G3,0.1043450160613891,0.018556677967845193,4.979618385988403
000040,2021-03-31,0.039419088266121165,G2,-0.05046922863132262,0.02591951764936495,-2.4078021337211473
000050,2021-03-31,0.16152905689117505,G4,0.09248105074097113,0.022745779520214237,3.5409298414922503
000070,2021-03-31,0.11950504163901436,G4,0.2055157143010592,0.03676383438602722,5.265388560905662
000080,2021-03-31,0.09890147363284443,G4,0.02909159392099182,0.01427326998315383,1.201669461265295
000100,2021-03-31,0.03667475461558282,G2,0.006964166753461804,0.013182792301785047,-0.3774370711814752
000120,2021-03-31,0.01787111132749324,G1,-0.027590661438885833,0.013668799097025267,-2.892024561055264
000140,2021-03-31,0.10568242767485729,G4,0.014485981067068318,0.016791265105535167,0.15163478041852513
000150,2021-03-31,0.08804590199882735,G3,0.696184424847807,0.037802877541207,18.100330664831144
000180,2021-03-31,0.10397618006835885,G4,0.1697807254075202,0.02400512463807073,6.57529950447966
000210,2021-03-31,0.1293395902969688,G4,-0.06418640192333461,0.02817657138598629,-2.7017567946906946
000220,2021-03-31,0.01722728174242273,G1,0.1971797035282268,0.06671915411874416,2.7764120319736496
000230,2021-03-31,0.15174632676067248,G4,0.029255261735800005,0.012887006531521772,1.3436340257611439
000250,2021-03-31,0.10664273665266089,G4,0.08568136595049278,0.026200495677753774,2.8145087630255685
000270,2021-03-31,0.06491413594536398,G3,0.08716862463302198,0.017458960597526964,4.308892441961108
000300,2021-03-31,0.024853713157358376,G1,0.8616639891362297,0.06734121014639081,12.618189456637346
000320,2021-03-31,0.03041540349089216,G2,0.15852135929426375,0.02801364466496193,5.232504366265464
000390,2021-03-31,0.002027371962456613,G1,0.0011683069857923323,0.023453381140069448,-0.4592742607012023
000430,2021-03-31,0.005083471357685914,G1,-0.04723966007366618,0.013353248892848262,-4.431842903430251
000440,2021-03-31,0.02039463693742973,G1,0.8783311908117668,0.06728527722495212,12.876388197753199
000480,2021-03-31,0.04881810936948294,G2,0.1068914202314599,0.012771078561232907,7.434891149275971
000490,2021-03-31,0.0882926944704054,G3,0.1849186705716644,0.03505762264876605,4.934128906425194
000500,2021-03-31,0.015912567536624615,G1,0.17605661989226287,0.051387396781060336,3.1937165317335077
000520,2021-03-31,0.04892152875783459,G2,-0.05428113568414938,0.013696662402323484,-4.834825814408405
000590,2021-03-31,0.10082306946972697,G4,0.13853044341619458,0.032281063618073404,3.9215127371292144
000640,2021-03-31,0.028344026475195568,G2,0.1340218987746861,0.022865076872338234,5.339236696489639
000660,2021-03-31,0.15592084846721074,G4,-0.02542684258435691,0.020487072086424734,-1.8239152816257378
000670,2021-03-31,0.0100046905377274,G1,0.11829082147200747,0.019983908505559714,5.321830820661451
000680,2021-03-31,0.02940599567318536,G2,0.7551552021916094,0.05936155965851326,12.520145447613436
000720,2021-03-31,0.048414414023621725,G2,0.2941887170925819,0.02068699301884841,13.643784554167778
000760,2021-03-31,0.07787580198575213,G3,-0.08501564187479688,0.022489659464715726,-4.3111138831049285
000850,2021-03-31,0.006034438132576357,G1,0.139582346914628,0.013821869272468515,9.234822231970833
000860,2021-03-31,0.005645540234675241,G1,0.003505377797982794,0.018086573804325753,-0.4663383769147692
000880,2021-03-31,0.06608948160057079,G3,0.012683123596691465,0.022576006271526457,0.03292355246143181
000890,2021-03-31,0.06030133875885844,G3,0.14913732354002793,0.05046398098746426,2.718720948794505
000910,2021-03-31,0.007097710929991622,G1,-0.060355791515875806,0.025070491742000694,-2.8836942461962125
000950,2021-03-31,0.03670256143399019,G2,0.02938001346372019,0.01457370847501242,1.1966873238737594
000970,2021-03-31,0.11406211452865556,G4,0.0883014843142204,0.019995758208372853,3.8188920994455775
000990,2021-03-31,0.2485914790318352,G5,0.12373010726459846,0.025911280415538217,4.314347427142965
001020,2021-03-31,0.051039631944725494,G2,0.07024115075053475,0.01872712585474587,3.1132011357695153
001040,2021-03-31,0.0558550404211976,G2,0.14091258123201972,0.01914597308567368,6.736285452040286
001060,2021-03-31,0.06592015157333779,G3,0.015432301586965291,0.013247678422794533,0.26362810189555647
001070,2021-03-31,0.023827527336140013,G1,0.08042108964697742,0.00753194514716836,9.092106625720945
001120,2021-03-31,0.030733206210596838,G2,-0.0057620785019994285,0.023146660707874966,-0.7647720764238845
001130,2021-03-31,0.03529918749081911,G2,0.21324009165536997,0.01907068484527939,10.555480939393588
001140,2021-03-31,0.1418671854348713,G4,-0.433015330556176,0.02560902658525351,-17.37493498024
001210,2021-03-31,0.21798844743287218,G5,0.24067958764711972,0.029177177545207694,7.839680381108304
001230,2021-03-31,0.07840144015328925,G3,0.5508546358053816,0.04524384194237269,11.91134022663148
001250,2021-03-31,0.011867400184320039,G1,0.2191505030574991,0.02790957875915597,7.424356475451306
001260,2021-03-31,0.04950058590247733,G2,0.22058674972612102,0.03557985365710282,5.864186808273382
001340,2021-03-31,0.09586740422687247,G4,0.42268340149331063,0.0366820118773544,11.197410916194634
001380,2021-03-31,0.06834955638037583,G3,0.20958446455250496,0.04694704635472595,4.209947986701568
001390,2021-03-31,0.08683708422675981,G3,0.39262468490929464,0.026456824598463637,14.388909077983605
001430,2021-03-31,0.045843596959692444,G2,0.6061717103508398,0.04742292156100601,12.530477868525331
001440,2021-03-31,0.012452104511270722,G1,1.1524657210435052,0.07739333310427274,14.736745841363662
001460,2021-03-31,0.1604120036172977,G4,0.20678059651598,0.01582691296447904,12.310723871637348
001470,2021-03-31,0.01696286576932975,G1,0.014664151315174387,0.029088681737210204,0.09365532855509925
001520,2021-03-31,0.020814698372804596,G1,0.5714745084977106,0.058034840412213407,9.641357902487064
001530,2021-03-31,0.06177094768023044,G3,0.156548521653214,0.02567737373865371,5.631755095174883
001540,2021-03-31,0.03848606923973515,G2,0.10206608738324661,0.01646294787399408,5.474490158337591
001560,2021-03-31,0.09428709939268635,G3,0.1068076835090921,0.013730433982237679,6.909311268819052
001570,2021-03-31,0.08177774365035494,G3,0.2952453531309405,0.017285970574283025,16.389332068086667
001620,2021-03-31,0.005588115411069078,G1,0.4984576617695469,0.04035687954274896,12.055387483176204
001630,2021-03-31,0.0878295467590328,G3,0.0443430123102309,0.014414644742875493,2.247934071105364
001680,2021-03-31,0.0667033933010605,G3,0.1070418193120651,0.01672576117937047,5.685958146976444
001740,2021-03-31,0.009595052681461899,G1,0.07485037194788809,0.01591698358746096,3.9524153764665764
001780,2021-03-31,0.041239439454064365,G2,0.12981451396409505,0.029924798356630408,3.939029806967318
001790,2021-03-31,0.02885125169704347,G2,0.20740350507596686,0.046325518749311935,4.21935186228279
001800,2021-03-31,0.14161292615400953,G4,0.19060935786089273,0.01891602530511427,9.44540481994096
001810,2021-03-31,0.0755611861417011,G3,0.09336234913017567,0.02365879936898266,3.441531693577045
001820,2021-03-31,0.14266923186778474,G4,-0.11909016111631608,0.013113891776339853,-9.991694656391957
001940,2021-03-31,0.05085709224843115,G2,0.2077763095430075,0.026124010652863752,7.496416644268148
002020,2021-03-31,0.05308093979058575,G2,0.43502694376539286,0.0369033290998621,11.464740792101939
002030,2021-03-31,0.1144682874288085,G4,0.08354019747310078,0.0195109700855796,3.669748653665292
002070,2021-03-31,0.02304129852221399,G1,0.2450006275396318,0.029411925283423686,7.924023470885861
002140,2021-03-31,0.02586324864586493,G1,0.0627592098446211,0.02972564380137151,1.7096137232336444
002150,2021-03-31,0.022495915125962992,G1,0.09747690306581841,0.018019502313528897,4.746915886337028
002170,2021-03-31,0.20770466955407987,G5,0.1248434943054937,0.019088558453028828,5.914729145916084
002200,2021-03-31,0.10424602448051712,G4,0.1631207658441437,0.014152733364394448,10.682100812740849
002220,2021-03-31,0.09481468133172913,G3,0.38133218801090624,0.04674479143041494,7.902320995290961
002230,2021-03-31,0.016780448548436338,G1,0.07293506433398961,0.01833660300302276,3.326418914893527
002240,2021-03-31,0.05781338040482323,G3,0.18499465174097648,0.03139094438608593,5.512889588241951
002310,2021-03-31,0.16862072192273928,G4,0.14469132755327757,0.020887093586522125,6.35567058353668
002350,2021-03-31,0.026758032287529737,G1,0.3549442454039738,0.026663765186954638,12.864064835897553
002360,2021-03-31,0.010943476708597168,G1,0.29582432455126123,0.031837353883980325,8.916710990364773
002380,2021-03-31,0.056773330351654536,G2,0.40084441069037235,0.031774031945164594,12.23969844594164
002390,2021-03-31,0.057028291027717025,G3,0.02940755906095049,0.011555994458404441,1.511572011736759
002410,2021-03-31,0.0047067130753915875,G1,0.4195291019388452,0.04286267733142123,9.509188087282954
002450,2021-03-31,0.16132378014067586,G4,0.21792075436258806,0.013584684219450659,15.162731040727595
002460,2021-03-31,0.038083804227560455,G2,0.1486808255590384,0.015404500118344306,8.87669078767187
002620,2021-03-31,0.0010557320379262732,G1,0.361244867501841,0.0165210343297696,21.143048265602815
002630,2021-03-31,0.048719634627719145,G2,-0.0011418406845892792,0.03317175485152831,-0.39436207137614915
002680,2021-03-31,0.07151455838364451,G3,0.11066768572569799,0.047654562532320185,2.071739602874284
002710,2021-03-31,0.012865369369413113,G1,0.11029279888000919,0.031084292026069514,3.1640726295996093
002720,2021-03-31,0.04270778824201997,G2,0.05473766035236351,0.01869065814847413,2.289797327763773
002790,2021-03-31,0.14245342712763376,G4,0.0010771773245721056,0.02218591152359772,-0.48961990737749184
002800,2021-03-31,0.06638180058705935,G3,0.13217836686328477,0.019193505955837242,6.2645420732461785
002810,2021-03-31,0.07252734612485938,G3,0.1316466391820381,0.014355112177399381,8.3389663858331
002820,2021-03-31,0.01720599825080095,G1,0.2952454965545545,0.02775766865780911,10.206392286659508
002840,2021-03-31,0.16485423176992098,G4,0.15066219922576285,0.01786523604149562,7.764932835687752
002870,2021-03-31,0.07687785883735856,G3,-0.12763102894352737,0.02421382285556869,-5.764098921755766
002880,2021-03-31,0.001622119518342542,G1,0.3300298423363901,0.039425598477696874,8.068108369908268
002900,2021-03-31,0.05945387140422983,G3,0.26004565026441023,0.021470574253955148,11.555620546519142
002920,2021-03-31,0.05890539902301394,G3,0.24970137148077623,0.024623561034500446,9.655854808238487
002990,2021-03-31,0.054102416383641425,G2,0.2779952642235089,0.025831719720788793,10.299562933843392
003000,2021-03-31,0.056595130679635244,G2,-0.1416769407117307,0.01909160471581983,-8.046300154867593
003010,2021-03-31,0.015227991349132674,G1,-0.020165798119309603,0.0256067823982412,-1.2537943615811735
003030,2021-03-31,0.06317411075937948,G3,0.3579828887506233,0.034944611104788616,9.902615497511208
003070,2021-03-31,0.042415243999185594,G2,0.16350340706773162,0.027623333258248135,5.4867949635525815
003080,2021-03-31,0.1862714939688126,G5,-0.008550920240251593,0.02704635129448016,-0.7576164816832341
003100,2021-03-31,0.13633289311639998,G4,0.4015573417936086,0.017380531050144556,22.41689275199257
003160,2021-03-31,0.07628357396063154,G3,0.15572442023817684,0.019256166182918494,7.466936959439108
003200,2021-03-31,0.08143739735818652,G3,0.132210277809124,0.02015539618006511,5.967158147863022
003220,2021-03-31,0.030278612942068964,G2,0.03713644873447701,0.014474984335139881,1.7407001542286828
003230,2021-03-31,0.10254957495690485,G4,0.026680802450398194,0.014564347011315646,1.0121264735799058
003240,2021-03-31,0.14943099105436966,G4,0.25244919359225576,0.022116104576193996,10.874851468250936
003280,2021-03-31,0.06641800651596158,G3,,,
003300,2021-03-31,0.04273728257165013,G2,0.08179747383765999,0.01782787120632658,3.9184505967840035
003310,2021-03-31,0.03434445456998024,G2,0.32660414137310667,0.031170843735390048,10.094827806858785
003380,2021-03-31,0.0523792617571734,G2,0.15367118990693612,0.030270302235754776,4.682191394497679
003410,2021-03-31,0.09730065972429976,G4,0.08918778876841212,0.013276303854305187,5.818482941208159
003480,2021-03-31,0.10617052092120131,G4,0.43485257646935965,0.044392957412200305,9.526572678469295
003490,2021-03-31,0.05667270943148236,G2,0.15852959273296388,0.019536426162757404,7.503406725564218
003550,2021-03-31,0.4590125290133866,G5,0.20501106920305817,0.02684459799616227,7.1921817551828715
003570,2021-03-31,0.04186443714604788,G2,0.4122675006430822,0.030622251468258224,13.073096855344039
003580,2021-03-31,0.21995081609122868,G5,1.0869315145376488,0.09813043024036207,10.95472291963571
003610,2021-03-31,0.019037814875536758,G1,0.15319807067324615,0.026194402018991602,5.39268769338537
003650,2021-03-31,0.0695582375809674,G3,0.1577521286602717,0.016214525310606107,8.992695413355886
003780,2021-03-31,0.05967689035927081,G3,-0.240115541147093,0.03679229193955454,-6.850765992807188
003800,2021-03-31,0.18205815489192184,G5,0.10555962945519712,0.015726512414454358,5.952991083980527
003850,2021-03-31,0.0746919091169244,G3,0.17975153719733036,0.031665729538123834,5.29947354364449
003920,2021-03-31,0.05969515236061855,G3,1.0200074467286908,0.05938256632284144,16.975817447470227
003960,2021-03-31,0.0570367468148155,G3,0.4443151678448403,0.025718156558439988,16.812065265739484
004000,2021-03-31,0.10327330759264865,G4,0.1369286684458527,0.02545960926732461,4.909298719537879
004020,2021-03-31,0.06167609537701853,G3,0.13432306674518896,0.027414121578490984,4.4642402684669324
004060,2021-03-31,0.06589154508336974,G3,0.14294130552022158,0.02151828976287834,6.08791245465863
004080,2021-03-31,0.11203807874106865,G4,0.3165408623631434,0.03232591531601274,9.422811948728242
004090,2021-03-31,0.0251308154768872,G1,0.28432974642698566,0.07088857116784916,3.8425080470613895
004100,2021-03-31,0.013962369417987041,G1,0.12841861534127852,0.02711068431860236,4.2964158596142035
004140,2021-03-31,0.04491270429670004,G2,0.0014033763598606183,0.033960547872063596,-0.31025603443365146
004150,2021-03-31,0.06707973680909601,G3,0.21562609372887778,0.015828738365294526,12.86812933276041
004170,2021-03-31,0.09362533657061291,G3,0.02630470343556521,0.018291639712160607,0.7853239180178005
004250,2021-03-31,0.06718510097379696,G3,0.13687600511151246,0.01883012163618065,6.634910079476907
004270,2021-03-31,0.06619831504464045,G3,-0.0035192893231601853,0.01845103386386351,-0.8378463075328401
004360,2021-03-31,0.026152203853570633,G1,0.12447483228490858,0.017963776292755147,6.264550904057577
004370,2021-03-31,0.044621621937343765,G2,0.1058088327337242,0.012949748389790808,7.248711607237592
004430,2021-03-31,0.07795062183408469,G3,-0.029048273108839277,0.026241839561228837,-1.5619375418802064
004450,2021-03-31,0.048016543521766986,G2,0.1951926688546373,0.007990708455639884,22.933239099150867
004490,2021-03-31,0.09060109897857468,G3,0.25843827271541164,0.036282742259494315,6.793820314975441
004540,2021-03-31,0.048796336098823154,G2,-0.11243331160773241,0.0345811990583884,-3.596554089046381
004560,2021-03-31,0.11452339875934756,G4,0.2760170363825962,0.05524183520166158,4.7803841807343135
004590,2021-03-31,0.1561872836390363,G4,0.2630923217483294,0.02821296473174692,8.902023692528715
004650,2021-03-31,0.1837000692340065,G5,0.0925075987800581,0.012456677509872555,6.4678368245756355
004690,2021-03-31,0.062186734956395665,G3,0.20030744404914835,0.016049714004565056,11.736508371783403
004710,2021-03-31,0.007378550303032551,G1,-0.13503474056826922,0.016322213077571687,-9.00457438826527
004720,2021-03-31,0.05796388206946491,G3,0.36890687691811724,0.0589777626779194,6.052569976207666
004770,2021-03-31,0.14026686133049085,G4,0.08038741681072897,0.020631477157441753,3.3176284479562215
004800,2021-03-31,0.14650267573341277,G4,0.15973605974289795,0.02017123027802677,7.32708002615271
004830,2021-03-31,0.05880448818811508,G3,0.010770467411712725,0.06131661733990479,-0.019071075816954716
004840,2021-03-31,0.017202695976418634,G1,0.20221150736448512,0.020326492014123166,9.360772432470892
004890,2021-03-31,0.056853523842121036,G2,0.2658330312850347,0.010872744843140441,23.351342616613813
004910,2021-03-31,0.04342925058563879,G2,0.2307322509112416,0.03974480937659147,5.504930406591979
004920,2021-03-31,0.3160718409597636,G5,0.47898214804448536,0.05755977784377115,8.114039425973656
004960,2021-03-31,0.043236396540981804,G2,0.2847623875264702,0.03136858278544836,8.697318209198446
004970,2021-03-31,0.06569365030802105,G3,0.2868666438323714,0.020674223346821452,13.298047426037828
004980,2021-03-31,0.03934653606040021,G2,0.16814244672623116,0.03512642346522956,4.4468690531789985
005090,2021-03-31,0.07431664382772882,G3,0.2857619632619098,0.02040562211173766,13.418954859237612
005160,2021-03-31,0.044870544662918836,G2,0.13882006340442585,0.020930561545381057,6.061959773964328
005290,2021-03-31,0.11366690697736617,G4,-0.11609581123849454,0.020347889346796523,-6.292330881408746
005300,2021-03-31,0.059928089115191326,G3,0.0802285972410326,0.025490547129238973,2.6789835316190844
005320,2021-03-31,0.07010879857034191,G3,-0.04303268157093662,0.024744137593397435,-2.221638262125021
005360,2021-03-31,0.053883284130362856,G2,0.18566276955062158,0.031453193533069954,5.52322065796364
005430,2021-03-31,0.1097338295866074,G4,0.14591076521500437,0.022448345476630258,5.967964279801063
005440,2021-03-31,0.02688022655832862,G1,0.03387981936449758,0.022262374524983197,0.9855183268988191
005450,2021-03-31,1.9772777518350064,G5,,,
005490,2021-03-31,0.09661261359528255,G4,0.09875477967074855,0.021934089372346317,3.957991459192299
005610,2021-03-31,0.016002817957570546,G1,0.19570125566805316,0.019787888546292258,9.28656000706271
005670,2021-03-31,0.05120977965023892,G2,0.1593413619776112,0.024875409281579733,5.925591777777138
005680,2021-03-31,0.0898218548824596,G3,0.2629422817895011,0.024107605176507816,10.411753414820923
005710,2021-03-31,0.006015026008399889,G1,0.12195798825011236,0.024979252894946947,4.404381005427376
005720,2021-03-31,0.039073634340500665,G2,0.1697668987036984,0.017803618087927738,8.864886713160647
005740,2021-03-31,0.0680072026050723,G3,0.20099195424800453,0.03657137170560024,5.169401752278638
005750,2021-03-31,0.014262503681278318,G1,0.1965281475850024,0.021300249760308494,8.66601605109478
005800,2021-03-31,0.03176940386511839,G2,0.2760948398702135,0.020723341650703095,12.74673761851579
005810,2021-03-31,0.10796362830975832,G4,0.219033182864736,0.017298910863773297,11.97146706088772
005820,2021-03-31,0.05264808494887595,G2,0.20119537724413594,0.02552242852562921,7.4152636291741345
005850,2021-03-31,0.07670489024295364,G3,0.506874876683731,0.03375686981255073,14.661757389302545
005860,2021-03-31,0.033122118392611,G2,0.2286631698719646,0.030346586872655883,7.141604738337287
005930,2021-03-31,0.14349415523398662,G4,-0.00578131486992421,0.009605619584532163,-1.8448738245163971
005950,2021-03-31,0.03826477629904368,G2,0.08207928900215772,0.027839070868379046,2.5194607989587836
005960,2021-03-31,0.040577592317675694,G2,0.06160060950463811,0.015361541821770634,3.2327984268100476
005990,2021-03-31,0.04338918759335889,G2,0.2150089706888979,0.019789564824977568,10.261424706153782
006040,2021-03-31,0.09916535895868114,G4,0.0322285686963291,0.0172533621445569,1.1759289149847554
006060,2021-03-31,0.03409384931873495,G2,0.02695113992985578,0.020476409805345396,0.7331020819917274
006110,2021-03-31,0.04546109333978927,G2,0.42489189747641654,0.04099881955766346,10.072291365017767
006120,2021-03-31,0.022660689777832484,G1,-0.13278517066030684,0.014191985601233359,-10.197657748297793
006260,2021-03-31,0.045491970518862654,G2,0.04804733060533482,0.022017658141593753,1.6399332346469033
006280,2021-03-31,0.01761219357530661,G1,-0.06392747989377294,0.03066826390013819,-2.4738055408239896
006340,2021-03-31,0.01813820023444587,G1,0.8832241637452722,0.07375459680610953,11.813288394293782
006360,2021-03-31,0.08769139041777789,G3,0.009392578863087989,0.01943472227659432,-0.13106760006655652
006370,2021-03-31,0.19101218345988544,G5,0.41361785163291204,0.035375124012734606,11.35481561049713
006400,2021-03-31,0.04494177751036445,G2,0.06653647783531677,0.018459280051640936,2.957679628497871
006490,2021-03-31,0.003938577613525528,G1,0.02499206508930041,0.02756749377224954,0.47346428831328924
006570,2021-03-31,0.01575361907256941,G1,0.1053060545464993,0.019555702208872528,4.7743728289285
006580,2021-03-31,0.034188588213152266,G2,,,
006650,2021-03-31,0.15465473480158268,G4,-0.28856372223394255,0.027536723824663795,-10.912829188294072
006660,2021-03-31,0.014392961559308904,G1,0.9102462919880572,0.03412586665964157,26.32333003224748
006730,2021-03-31,0.01812794508175267,G1,0.12262017793544022,0.021540483948190407,5.138247447541544
006740,2021-03-31,0.11882069202002399,G4,0.08295456098037703,0.019337116173340392,3.672456589387513
006840,2021-03-31,0.05784464047406247,G3,0.21895735253066562,0.02492053080218091,8.307106815024476
006880,2021-03-31,0.04677320711708311,G2,0.06434178203892746,0.02161708653790444,2.4240982094049595
006890,2021-03-31,0.24910604092512406,G5,0.2801189041403332,0.03933613772500534,6.8176256841813645
006920,2021-03-31,0.0786943592102216,G3,0.19268690221578771,0.03323184855873365,5.438971010790924
006980,2021-03-31,0.0023587589586929027,G1,-0.09498398681692741,0.01599663986652198,-6.684142981210732
007070,2021-03-31,0.017867378505002838,G1,0.019377878257245393,0.014366785767670058,0.5177245006424573
007120,2021-03-31,0.12723744226628153,G4,0.3287725267175735,0.024913576711580992,12.717270150152855
007160,2021-03-31,0.07129247351329575,G3,0.2624616804727952,0.033617600717474765,7.452103477233883
007210,2021-03-31,0.03068549002424746,G2,0.5548587251159806,0.051607766648065816,10.520100347463634
007310,2021-03-31,0.07480226770344323,G3,-0.0449695199793476,0.00739907513606758,-7.69141550837592
007340,2021-03-31,0.09401254428348904,G3,0.3084072038625388,0.021779665467344427,13.612117368708395
007460,2021-03-31,0.012294866357547857,G1,0.10815713004975305,0.03121804372143231,3.082105004352184
007530,2021-03-31,0.02019273107676348,G1,0.3759429103499286,0.034373884899819816,10.589523707923844
007540,2021-03-31,0.12758545057010273,G4,0.0964757722693986,0.015470481134457044,5.464337551291306
007570,2021-03-31,0.10015969763188642,G4,0.163053921405522,0.029399865860506313,5.139958149900155
007590,2021-03-31,0.19617211625357867,G5,0.28289292014436823,0.04180515356724432,6.481331983117685
007610,2021-03-31,0.02595331977115313,G1,0.23968314224562812,0.026357394063794094,8.64058489335359
007630,2021-03-31,10.918692409305631,G5,,,
007660,2021-03-31,0.022629150601016643,G1,0.2237972512925955,0.0297023444689543,7.132683086488119
007680,2021-03-31,0.023129689446242222,G1,0.11042990637262329,0.022860776290810944,4.308255496221746
007690,2021-03-31,0.08472260494125983,G3,0.17842779057814714,0.030682398169572068,5.426171330812501
007700,2021-03-31,0.09677935159205633,G4,-0.394806635383413,0.05890081432983942,-6.905617202090101
007720,2021-03-31,0.3271412390891718,G5,0.1073024493327048,0.022474872562922923,4.243076698026952
007770,2021-03-31,0.03526859297705015,G2,0.15998003904544272,0.04780953617690417,3.096457519015144
007810,2021-03-31,0.02601718455248382,G1,0.1226811413212292,0.019446502380467745,5.694664155268229
007820,2021-03-31,0.01967359933597972,G1,0.04578864432084091,0.016178010285152845,2.0922723162108476
007860,2021-03-31,0.04089548929194862,G2,-0.20033976883008617,0.04395618995739415,-4.829345088955293
007980,2021-03-31,0.025922826399638877,G1,0.4383969956192826,0.038699392049727506,11.019737824342492
008040,2021-03-31,0.05438834664704922,G2,0.0848512188606212,0.02062462860087437,3.5351607537645022
008060,2021-03-31,0.016891007010093717,G1,0.26348222546958255,0.04358985811724973,5.770663063943282
008250,2021-03-31,0.1498986595907003,G4,0.38607929258510765,0.038436183000028254,9.734042824049187
008350,2021-03-31,0.008761570730380367,G1,-0.010764986963178805,0.022065659780448835,-1.0289666594577676
008370,2021-03-31,0.052665439174354574,G2,0.057082049531294615,0.03477178925624569,1.2982423173217912
008490,2021-03-31,0.1374654111355101,G4,0.08593214782042448,0.01500180010760524,4.932228533899238
008500,2021-03-31,0.10543599535117879,G4,0.25849390593672306,0.02384791299405965,10.338601316110836
008600,2021-03-31,0.04589179235205739,G2,0.5524539118108525,0.041072337183751806,13.16005145075694
008700,2021-03-31,0.03706667117532214,G2,-0.02727028177242122,0.018319722370513238,-2.1403229944889155
008730,2021-03-31,0.029409370397673922,G2,0.11365782062719124,0.028525929483174086,3.565807712500585
008970,2021-03-31,0.014029583829457987,G1,0.3354569473291595,0.03654674703341584,8.852145055851794
009070,2021-03-31,0.02862458129400146,G2,0.3153107884306666,0.05352244113417549,5.668107446749379
009140,2021-03-31,0.06122408476007768,G3,0.0986633003522891,0.027974633531113447,3.1000748941355685
009150,2021-03-31,0.13974980697279257,G4,-0.047595673455234716,0.017900267055023688,-3.325956788357937
009160,2021-03-31,0.09617836148527592,G4,0.5422625747313468,0.038473933015316916,13.783949076648282
009180,2021-03-31,0.03404646271231042,G2,0.3358711750734929,0.04773454170386529,6.786099169302831
009200,2021-03-31,0.040372512757293796,G2,0.2587586681770307,0.03581021715358504,6.892413577069858
009240,2021-03-31,0.04549042728687469,G2,-0.11531900467806461,0.020267045451806,-6.279102015659899
009270,2021-03-31,0.022310758078807946,G1,0.29126277491324054,0.02959788682069345,9.437259333261245
009290,2021-03-31,0.028934632910608635,G2,0.05426069914353902,0.009958004497306074,4.2499335971526
009300,2021-03-31,0.04026495409106864,G2,0.10955848324892711,0.014510655307781716,6.727376531832806
009310,2021-03-31,0.014144317602938453,G1,0.0702227971714817,0.01884053011449837,3.093488110336657
009410,2021-03-31,0.08610005157170292,G3,0.04830840040204211,0.015547728857163703,2.339155735626547
009420,2021-03-31,0.1940973746247391,G5,-0.0344641933646327,0.024668529859871387,-1.8811025585257917
009450,2021-03-31,0.10402560968574714,G4,0.3367514561487733,0.022856143249630725,14.211129643850995
009470,2021-03-31,0.09059472736124938,G3,0.48372436116848216,0.0301071328956547,15.670190899072045
009580,2021-03-31,0.06445233263880785,G3,0.19340519921745952,0.02690422538256668,6.744864621346938
009620,2021-03-31,0.0488398749629239,G2,0.72076106124578,0.06969897206896314,10.169751417203122
009780,2021-03-31,0.10018688955426068,G4,0.248726358993941,0.021908286760121062,10.808080080233134
009810,2021-03-31,0.03971346109424854,G2,0.4481445264422057,0.03974878121547471,10.97403924934796
009830,2021-03-31,0.10588370014355666,G4,-0.10695160051179711,0.0183581202501333,-6.4762317798182565
009900,2021-03-31,0.09998265120504184,G4,0.1308810657785741,0.027626007592418247,4.305407652945676
009970,2021-03-31,0.14500175796645215,G4,0.1236781473054364,0.021589633099783928,5.1755537261406
010040,2021-03-31,0.04372900645676647,G2,0.19008574964533378,0.027370081735840334,6.508782476239945
010060,2021-03-31,0.08195985641308076,G3,-0.0026020568742365843,0.03177672918107662,-0.45762728005177095
010100,2021-03-31,0.03317629648624456,G2,0.21134106732196006,0.02219039693318655,8.985924255996837
010120,2021-03-31,0.039620783665648425,G2,-0.0796514028804757,0.013907606044209826,-6.585694465256245
010130,2021-03-31,0.12269445915608912,G4,0.06486896087406209,0.018184312894431388,2.910702203129677
010140,2021-03-31,0.3218312518849916,G5,-0.11944218549052608,0.028910501813487307,-4.544439512256238
010170,2021-03-31,0.270662268564284,G5,0.1574246177779715,0.020626928255382072,7.053147938795478
010240,2021-03-31,0.1387194369076661,G4,0.3769152273614491,0.04246504105216748,8.594725850923885
010280,2021-03-31,0.11445158608404182,G4,0.1071058978111972,0.02900571581292179,3.2809414928819067
010400,2021-03-31,0.29107328059253856,G5,0.13150081804327962,0.015315184902517744,7.806694958921659
010470,2021-03-31,0.005957993363159721,G1,0.7228656483045997,0.06448535749778601,11.024608292807661
010600,2021-03-31,0.07280362534437519,G3,0.11231347048947642,0.05000885848732735,2.0071169839853606
010620,2021-03-31,0.025633646097884936,G1,0.2960420614286555,0.030476074773441063,9.322139490430715
010640,2021-03-31,0.03412136929835597,G2,0.0657136374554738,0.029618113270509283,1.815571292286705
010690,2021-03-31,0.028366028686520106,G2,0.8001473325615044,0.05209748990373952,15.129471549359351
010770,2021-03-31,0.029692219232040584,G2,0.3903116926180262,0.03566384327384987,10.609396425472239
010780,2021-03-31,0.12990729893189312,G4,0.0804759792694278,0.01860611019657003,3.683528543876997
010950,2021-03-31,0.11772501275074437,G4,0.25019395252867443,0.023464671831785,10.153737199771813
010960,2021-03-31,0.04703619278239073,G2,0.26073288935730643,0.03284324651657524,7.575166114041283
011040,2021-03-31,0.1263981335999081,G4,0.13509926946286882,0.014111125915100425,8.727824337619559
011070,2021-03-31,0.11296236278906267,G4,0.09158844212894188,0.017847408774122848,4.462754334096051
011080,2021-03-31,0.02549223327873377,G1,0.056506026962286786,0.027404311997113562,1.6262472014309135
011090,2021-03-31,0.004267531393821783,G1,0.4795619340881684,0.047966372800959015,9.748956727638529
011160,2021-03-31,0.058373171886197145,G3,,,
011170,2021-03-31,0.14964476176562327,G4,-0.1260476752147187,0.018520534691664738,-7.450514727669388
011210,2021-03-31,0.014782537433495295,G1,0.299495939061192,0.028035120863195942,10.256995116751922
011230,2021-03-31,0.05244668872351626,G2,0.1077759900217037,0.01638742594981796,5.848151445219927
011280,2021-03-31,0.0832676215086974,G3,-0.03943325911974931,0.012131379424664279,-4.234728680989404
011300,2021-03-31,0.2515424307519468,G5,,,
011320,2021-03-31,0.021184612482223277,G1,0.011558906526924496,0.017257840860398523,-0.022073140319127785
011330,2021-03-31,0.06492375423525726,G3,0.10039954152650123,0.016889644196195024,5.237511177209321
011390,2021-03-31,0.02140698095550908,G1,0.15916145493778752,0.01977317223137148,7.445523254704129
011560,2021-03-31,0.01095262127076909,G1,0.2080435283645144,0.028813107972055316,6.80605810677787
011690,2021-03-31,0.04615100467341064,G2,,,
011700,2021-03-31,0.08053882342292128,G3,0.25880929793765406,0.03810898636465352,6.47798538396148
011760,2021-03-31,0.00930489762471624,G1,0.0450511836224766,0.01785561449044361,1.8543938866039398
011780,2021-03-31,0.3302961331710784,G5,-0.1571581027629954,0.03267662613233703,-5.174889945736965
011790,2021-03-31,0.10432153099366846,G4,0.2304688536117066,0.025730194110973378,8.493096142196121
011810,2021-03-31,0.02473515791147417,G1,0.6030010262957668,0.06997301945182056,8.446986990934365
012030,2021-03-31,0.15103851114640188,G4,0.20295121610879258,0.01889655713325658,10.108263293252772
012160,2021-03-31,0.026917940723267978,G1,0.0749355278297068,0.019605496653317348,3.2131645361407544
012170,2021-03-31,0.04333274216721174,G2,-0.10545783356273614,0.04245693808402231,-2.765099890158054
012200,2021-03-31,0.022877627489770992,G1,0.1810256176560915,0.01635590212482366,10.337905857826428
012320,2021-03-31,0.03164784085804391,G2,0.008083727628129108,0.021479173268094245,-0.1795280290159081
012330,2021-03-31,0.04995516413228384,G2,0.007928552626450605,0.016061286536156873,-0.24974889990042237
012340,2021-03-31,0.031164720819445376,G2,0.10745217436176818,0.02459115082533099,3.8840123331495757
012450,2021-03-31,0.054320065470203176,G2,0.15980527538505318,0.026187916527548618,5.646322950497553
012510,2021-03-31,0.23117088604021485,G5,-0.15792745071169348,0.01794597986286564,-9.465478802471477
012600,2021-03-31,0.4104250687333131,G5,,,
012610,2021-03-31,0.030337580277527105,G2,0.0753243001284088,0.010028753688476649,6.320272770423933
012620,2021-03-31,0.07056582521122656,G3,0.35989852168232134,0.031223483023332832,11.144134052964427
012700,2021-03-31,0.15097315707156467,G4,0.13145634458654515,0.0254329876869127,4.699271072199066
012750,2021-03-31,0.1000678485614061,G4,0.004088692790472704,0.0072891457513541424,-1.0771013157351117
012800,2021-03-31,0.06089882832644908,G3,0.3847884466576257,0.041579706897825544,8.967081136574413
012860,2021-03-31,0.013486722172737416,G1,-0.20490508828931542,0.022105055340878785,-9.80974379910944
013030,2021-03-31,0.10271559454198907,G4,0.09124561688438132,0.02051897211526872,3.864997484719349
013310,2021-03-31,0.06577258043173034,G3,0.0729577225047231,0.018182051245397013,3.355940449806465
013360,2021-03-31,0.015775596597502564,G1,0.7826576961186886,0.06310066163494243,12.21410100749335
013570,2021-03-31,0.07797078929885855,G3,0.09133723776866459,0.013583831525873879,5.8449927288623025
013810,2021-03-31,0.07894931642702045,G3,-0.1754178875810121,0.01440744190490618,-13.004232818530557
013870,2021-03-31,0.008039959579330644,G1,-0.0005886169246566032,0.01581229940603427,-0.7923236129538983
013890,2021-03-31,0.09136778888739892,G3,0.27663428349745695,0.022977894083741096,11.519525734732607
013990,2021-03-31,0.08343013587841962,G3,0.8220567204450251,0.04996385961354691,16.21405722938853
014100,2021-03-31,0.04455989374409742,G2,,,
014130,2021-03-31,0.017851105783395115,G1,0.10819637600391153,0.018838537902588298,5.10955442677137
014190,2021-03-31,0.06575604752101533,G3,0.05690790975947466,0.051753768683570234,0.8688849070021251
014200,2021-03-31,0.002947201698716089,G1,0.9065473841374498,0.0604676036809789,14.794823813218555
014280,2021-03-31,0.03737512265806769,G2,0.3428460563397785,0.03271551726266891,10.114656369732183
014440,2021-03-31,0.03227602000892555,G2,0.2914507519183758,0.02781015023907917,10.05067963479616
014470,2021-03-31,0.00012206783821582328,G1,-0.14808663801297772,0.03033890535512669,-5.274629305495941
014530,2021-03-31,0.02589451939930856,G1,-0.15978636178095043,0.024936055849420075,-6.886662593626867
014580,2021-03-31,0.10890747980563333,G4,0.10918320112210918,0.022629143843553804,4.297261996501424
014620,2021-03-31,0.015533859752267929,G1,0.18413246758586313,0.0248946375787418,6.916856120976904
014680,2021-03-31,0.2950819834068357,G5,0.0313697244615633,0.02045127382750897,0.9500573585586123
014790,2021-03-31,0.07877548032497882,G3,0.08146399185951632,0.019354017699132486,3.592233492314693
014820,2021-03-31,0.060349613697388914,G3,-0.06618152283393998,0.019788372945230517,-3.9478417108876247
014830,2021-03-31,0.16871538414298504,G4,0.15322120432624178,0.022266105288210342,6.345131365708913
014910,2021-03-31,0.0403535756775308,G2,0.32218831938303066,0.03255055644350707,9.531280322400612
014940,2021-03-31,0.12054007352094612,G4,0.4166267057122429,0.05029459218858302,8.04632957207408
014970,2021-03-31,0.01416957189006153,G1,0.0789966773983618,0.01605377497956971,4.177013581781117
014990,2021-03-31,0.260305953181019,G5,0.15125653246941517,0.023549300668345964,5.915958743812631
015230,2021-03-31,0.07144478830538398,G3,0.1277121664273835,0.025878462242631566,4.473694150451554
015360,2021-03-31,0.03743432444694397,G2,0.1299482482725919,0.010158673327070742,11.6165175513896
015540,2021-03-31,0.905070444323874,G5,,,
015710,2021-03-31,0.008484341491997598,G1,0.23820609311825333,0.03522136046692663,6.424120160289646
015750,2021-03-31,0.027298330765566346,G1,0.20890175571803565,0.0302689531616542,6.507060663654297
015760,2021-03-31,0.03791944438916638,G2,0.08177487750585946,0.018738117136183823,3.7268971972197154
015860,2021-03-31,0.04361362522619897,G2,0.1725270936842549,0.01583088210979834,10.143923206592515
015890,2021-03-31,0.0561944762167213,G2,-0.16244980559608335,0.02046560544636657,-8.521108614301243
016100,2021-03-31,0.10976186506663616,G4,0.6003536760681081,0.04607636058593764,12.770406067571422
016250,2021-03-31,0.04086055968287608,G2,0.2696979181989964,0.024021704289467836,10.730216050580871
016380,2021-03-31,0.07481874653543821,G3,0.22311766512260564,0.04765053324434099,4.431804000385327
016450,2021-03-31,0.06484727932719203,G3,0.2090167336297662,0.029098912406744188,6.772654922809036
016590,2021-03-31,0.13636414994529086,G4,0.10288980655898501,0.02005110352242682,4.535908220084633
016670,2021-03-31,0.35396307190998905,G5,,,
016710,2021-03-31,0.06559024819797697,G3,0.281419414646,0.013567797611881498,19.86170350449302
016740,2021-03-31,0.05474143777651382,G2,-0.007080587683516278,0.023921145720283737,-0.7951303493473272
016880,2021-03-31,0.03334630558588024,G2,0.11163512792930905,0.05694528533724629,1.7507206447213979
016920,2021-03-31,0.07948255530715606,G3,1.1695275603574717,0.06357710591847542,18.20761895912656
017040,2021-03-31,0.009134790428297688,G1,0.3967324100101632,0.029424548862935357,13.077263156446419
017180,2021-03-31,0.02245258364024582,G1,0.12492107929777653,0.019849838202707564,5.691796420412352
017370,2021-03-31,0.04111086352341989,G2,-0.02886210638321221,0.022117831811545773,-1.8447535002845243
017390,2021-03-31,0.026252706233257112,G1,0.5426285338597964,0.044262886504043836,11.989473224740362
017550,2021-03-31,0.032896571734505116,G2,0.031682875650068075,0.05198458916154053,0.3797862924120829
017670,2021-03-31,0.08132709376773495,G3,0.15947733007538145,0.015829249240011938,9.3205613588171
017680,2021-03-31,0.1996179856221014,G5,,,
017800,2021-03-31,0.055643698925309265,G2,0.1573620671595881,0.017385778611415437,8.364435619481728
017810,2021-03-31,0.012676955200648108,G1,0.1966231454171724,0.026896428296043915,6.866462048958949
017890,2021-03-31,0.17030322822538146,G4,0.15339288924618985,0.017169540152699066,8.238604337583967
017900,2021-03-31,0.01225700824574567,G1,0.1343644036273801,0.015928829409802274,7.685722485181573
017940,2021-03-31,0.02937090405582915,G2,0.27772535950200194,0.017008556841078284,15.626576711684775
017960,2021-03-31,0.08821900469147693,G3,-0.02677650301007767,0.014265964040186142,-2.713896107606742
018000,2021-03-31,0.04694220252164271,G2,-0.053097503903996764,0.01874025948962571,-3.4704612926966982
018120,2021-03-31,0.12530244055915035,G4,0.05083823208839989,0.009239126156039702,4.210180720730867
018250,2021-03-31,0.05677869695233984,G2,0.11251825036464852,0.017273214415493447,5.822796306204135
018260,2021-03-31,0.07091522787435284,G3,-0.04007182252459131,0.012507074578283026,-4.158579487863959
018290,2021-03-31,0.1369562948470515,G4,0.14345029501496906,0.018269919684681387,7.198195504679432
018620,2021-03-31,0.004855511184062183,G1,-0.006899995681858104,0.013843153956412032,-1.3609497525650867
018670,2021-03-31,0.02604895364884396,G1,0.150377279228761,0.018310962280826786,7.560358425503183
018700,2021-03-31,0.10463119987992922,G4,-0.09997526593809841,0.015021314426209019,-7.450420384828072
018880,2021-03-31,0.050314310943251554,G2,-0.05393124765906469,0.018274346920014475,-3.6045659643662806
019010,2021-03-31,0.07934958511744164,G3,0.3172416768840465,0.030256830968050364,10.090344092432813
019170,2021-03-31,0.02479949013051769,G1,0.1096822501661881,0.05778714434123215,1.6914213361916537
019180,2021-03-31,0.046730294501737074,G2,0.2369393090774122,0.026592181451518305,8.461113587758119
019210,2021-03-31,0.06840198459688071,G3,0.15549280330102785,0.027073548787105488,5.302332662778128
019440,2021-03-31,0.027461189815130085,G1,0.25283207910635835,0.031210708525580465,7.718255983810189
019540,2021-03-31,0.002381514023913266,G1,0.32434586426407125,0.021958123397529606,14.227355286170637
019660,2021-03-31,2.270771425963021,G5,-0.08065331029667366,0.02744569051629614,-3.3736863538389334
019680,2021-03-31,0.028853254677383876,G2,0.23281420876643055,0.02829825328384458,7.805229717930544
019770,2021-03-31,0.07625834740857669,G3,-0.18947429822102824,0.034208935483685365,-5.887764019635344
019990,2021-03-31,0.08270751223097869,G3,0.736881638171192,0.06861668908639411,10.565094389625662
020120,2021-03-31,0.11420235480550922,G4,0.1211810667453639,0.047381209617138424,2.305581186260146
020150,2021-03-31,0.09896074907235622,G4,0.08349969895656263,0.018902382248489627,3.785758680890039
020560,2021-03-31,0.10459481753761982,G4,0.1334744540633556,0.014635921366901158,8.303858004345557
020710,2021-03-31,0.00848437184026577,G1,0.459660791824435,0.050815862351548044,8.810653403010772
020760,2021-03-31,0.44867239375945833,G5,0.025112237337052104,0.023934863224592325,0.5503434861360156
021050,2021-03-31,0.06091523110699605,G3,0.14544192035994247,0.027658501575177526,4.826800856410615
021240,2021-03-31,0.19423785355835857,G5,0.19445423084359487,0.018735256075357053,9.741761139513825
021650,2021-03-31,0.0742629809461267,G3,0.14785909087282179,0.023983113190141694,5.667289668584411
021820,2021-03-31,0.02655193574434162,G1,,,
022100,2021-03-31,0.07071641457048733,G3,0.1592831901479912,0.014731423348221724,10.0019764143114
023150,2021-03-31,0.18167427165706274,G5,0.3334894253206728,0.044144850178516847,7.283965915628231
023160,2021-03-31,0.041620929490572646,G2,0.2634613988308597,0.03176071774446725,7.919265540050138
023410,2021-03-31,0.07636230173438908,G3,0.03197850197661599,0.019038671871680627,1.0525240858098701
023590,2021-03-31,0.24317077147163926,G5,0.06262340978002,0.01833192303396097,2.7647709635418196
023600,2021-03-31,0.190486477953285,G5,0.1108318739654698,0.01859381102927634,5.318545646178774
023800,2021-03-31,0.019269865666631247,G1,0.29918646776401736,0.047285302961293754,6.074754913367205
023900,2021-03-31,0.10312087847328248,G4,-0.009188095377598293,0.010509817991326328,-2.010304713637883
024070,2021-03-31,0.001226014801771023,G1,0.5423413510755624,0.05401805904397011,9.818966456643324
024120,2021-03-31,0.02179566253269099,G1,-0.09946959436313471,0.01618946191166273,-6.881602133590228
024720,2021-03-31,0.14834130955590735,G4,0.06568478744954305,0.017924865102235905,2.998345921889129
024740,2021-03-31,0.003996492985091134,G1,0.5715144088092081,0.05350784106692431,10.457804994215437
024800,2021-03-31,0.010510934127334429,G1,0.10553182230889083,0.021926126769606685,4.268514089263767
024810,2021-03-31,0.13762193635026984,G4,0.3062211501469161,0.08054138292579371,3.6537901161718196
024840,2021-03-31,0.029306847386741008,G2,0.2074421697320254,0.04042109206105053,4.836641428858592
024850,2021-03-31,0.02031287260794516,G1,0.5996975411162042,0.052196178400492954,11.260550443685586
024880,2021-03-31,0.004216637227214621,G1,0.15084787637575858,0.01703776427009309,8.152949700668582
024890,2021-03-31,0.014724169223511038,G1,0.13000773980357952,0.03400347024999582,3.4722308536656725
024900,2021-03-31,0.002315371843875598,G1,0.46886992779943737,0.03302338829006149,13.836559789569227
024910,2021-03-31,0.04744569019268872,G2,0.04153057170409699,0.021318958772531975,1.3880007344627627
024940,2021-03-31,0.06481770672996637,G3,0.9176931916705932,0.085038428509825,10.651106402984679
024950,2021-03-31,0.2165279972374967,G5,0.07032115326284616,0.029182721273498732,2.000543795962642
025000,2021-03-31,0.06355727393113704,G3,0.08745308815218271,0.016879198777943024,4.473745932835317
025320,2021-03-31,0.013724534523125593,G1,0.008778593510560092,0.014305432121810133,-0.22098233261066638
025440,2021-03-31,0.004756171896955263,G1,0.010347152452104007,0.01832210913881417,-0.08692715481992393
025530,2021-03-31,0.11102369043373066,G4,0.40410086633360454,0.04329655875128714,9.057556451922519
025540,2021-03-31,0.13076534534151424,G4,0.36314382550216084,0.028786784230559068,12.200181215777947
025550,2021-03-31,0.06193110705353902,G3,0.7921314932210368,0.0642184079570156,12.149034471135044
025560,2021-03-31,0.13849030962386275,G4,0.20028958046446857,0.037928132924286616,4.965963907862728
025750,2021-03-31,0.030272827465477686,G2,0.0470363532725298,0.027604264074440034,1.2714163256823032
025770,2021-03-31,0.049169087778862385,G2,0.05617052923413511,0.010498299428153111,4.213128827863414
025870,2021-03-31,0.02611151479253087,G1,0.1822336609648192,0.04604254527847087,3.6986187159076542
025880,2021-03-31,0.019795252572683584,G1,-0.13265116664104962,0.026687494245408838,-5.417931207077092
025900,2021-03-31,0.12040327359381264,G4,0.45103150119219854,0.036684649458527945,11.969356840079694
025980,2021-03-31,0.38762936382429813,G5,0.3138133704550568,0.03148661265673814,9.587361221614753
026040,2021-03-31,0.025663104601562906,G1,0.47635421804297906,0.04438910756943885,10.462349936786728
026150,2021-03-31,0.009767738183659985,G1,0.5002092081828646,0.05703999504250476,8.560122884814023
026890,2021-03-31,0.09667371565912798,G4,0.20740608696934357,0.05003914194444382,3.9062669363219618
026960,2021-03-31,0.08418725757046269,G3,-0.038230645527066384,0.01628287987870068,-3.081180182538513
027040,2021-03-31,0.005641902391366075,G1,0.13551492759329087,0.013382843416304621,9.233843846136262
027050,2021-03-31,0.03438713346689659,G2,0.040025363009209315,0.011411844847061342,2.46108513704516
027410,2021-03-31,0.08136784317499016,G3,-0.0431427703689285,0.016105784489863963,-3.420051452534679
027580,2021-03-31,0.04181003011626903,G2,0.3494624577279011,0.03943817326920518,8.558272061794765
027710,2021-03-31,0.03371433653955719,G2,0.063643863501391,0.03065777603285426,1.6864896584847306
028050,2021-03-31,0.07008207905963075,G3,0.5700802733296844,0.03269516049335518,17.071041207253813
028080,2021-03-31,2.2147837732890654,G5,0.5988590009239727,0.05234279302771005,11.212988946604721
028100,2021-03-31,0.027106159276525793,G1,0.21441960465493118,0.027217903710316793,7.439212275129812
028150,2021-03-31,0.12265556043814699,G4,0.036060351357303705,0.01223830792453553,1.9709023695265357
028260,2021-03-31,0.03859662789479889,G2,0.10169593511576797,0.017696114018641972,5.072079313648926
028300,2021-03-31,2.4807210746936126,G5,-0.1429609466631089,0.023432917077611897,-6.6103928682846025
028670,2021-03-31,0.07191686129626253,G3,0.3587935157530344,0.03304263382830448,10.49715577412829
029460,2021-03-31,0.0613108078771444,G3,-0.0018353012077088,0.015426229786318232,-0.8929688373867891
029530,2021-03-31,0.04672026381740638,G2,0.14364490954657502,0.01622194711938864,8.118943262940276
030000,2021-03-31,0.05881016045544433,G3,0.180572583542178,0.019702010151229927,8.559164317647538
030190,2021-03-31,0.16755230075545857,G4,0.003791682360984823,0.021032788796818667,-0.3874026876592268
030200,2021-03-31,0.07366455778709284,G3,0.12520635543142697,0.014769964740525384,7.668705792560795
030520,2021-03-31,0.14808436757935525,G4,0.34207518012877425,0.032597242492137496,10.127707548838284
030530,2021-03-31,0.11645231114719543,G4,0.03385969255028785,0.01920591862337503,1.1413070996650225
030720,2021-03-31,0.009967717405930197,G1,0.0920016685436288,0.011343427453430468,7.057992621936797
030790,2021-03-31,0.6579922525730141,G5,-0.1660583567905874,0.04027077184427558,-4.420034429653743
031310,2021-03-31,0.09078529780111352,G3,0.09811308596176743,0.02586294670749898,3.3319190448990943
031330,2021-03-31,0.04169260701821613,G2,0.47971583300992127,0.03407334238000625,13.728503254044261
031390,2021-03-31,0.025191894557764424,G1,-0.011111275486113,0.012172396322811302,-1.8937205250831357
031430,2021-03-31,0.06223343200084472,G3,0.02119379232569828,0.021190287960965008,0.4367071874107559
031440,2021-03-31,0.0160260926127277,G1,0.3274159119712359,0.023888066810136742,13.206429520178855
031510,2021-03-31,0.0075249983696570365,G1,0.12555492722174214,0.027706655564904783,4.100642377631958
031820,2021-03-31,0.06307028770748895,G3,-0.1172160638595978,0.024395192979992708,-5.294317828736342
031860,2021-03-31,0.3393037299961704,G5,-0.21871756252973287,0.023129080233339223,-9.972614625076828
031980,2021-03-31,0.09031972117626572,G3,0.5690914155939459,0.05435666665924225,10.249921648375624
032040,2021-03-31,0.06776169742558108,G3,,,
032190,2021-03-31,0.2357128451495171,G5,0.22944581579636714,0.022381036542751503,9.718315508356966
032350,2021-03-31,3.10165486537382,G5,0.0940178885601821,0.02506471475087261,3.274645177738692
032500,2021-03-31,0.00870031652495068,G1,-0.16211196141361411,0.02311470966411279,-7.529915158470842
032540,2021-03-31,0.02749538281419004,G1,0.3949379892410935,0.049867665398854726,7.680290322555351
032560,2021-03-31,0.14652352657840909,G4,0.11315453874874586,0.028357688147572925,3.569215408258425
032620,2021-03-31,0.1235494004914575,G4,0.1205266048581039,0.017110727251739916,6.346122054936089
032640,2021-03-31,0.08066632833385137,G3,0.23362417120984755,0.015769259642523226,14.058004939066041
032680,2021-03-31,0.19400171002440536,G5,0.2612924509685687,0.01869846498673442,13.335458813096691
032750,2021-03-31,0.045895861941084484,G2,0.1093491138017431,0.01725217583902129,5.64620216260373
032800,2021-03-31,0.01880621273297287,G1,0.25241030717745605,0.048273339832494856,4.981434198297252
032820,2021-03-31,0.0352430940126989,G2,0.6645781691048883,0.057715065609120195,11.30793703424148
032850,2021-03-31,0.15320272178773478,G4,0.1675789081632944,0.02402732677569618,6.477585640150499
032940,2021-03-31,0.13598321896647284,G4,0.0698822809325117,0.02136056757956765,2.712588953773635
032960,2021-03-31,0.08279377564648073,G3,0.3367619739859944,0.044654510889837296,7.274116908759554
032980,2021-03-31,0.17470755716657155,G4,0.012229767689448296,0.022481021630767647,0.012896496625858478
033050,2021-03-31,0.022504733345323866,G1,0.45643388602055845,0.04793515635757759,9.272819336083204
033110,2021-03-31,0.07412901324973498,G3,,,
033130,2021-03-31,0.009503404677215903,G1,0.37502166912486845,0.06454682119443625,5.6250923149461585
033160,2021-03-31,0.09221028527832573,G3,0.38920711016144927,0.0259746131359913,14.524461516189197
033170,2021-03-31,0.07613464392473412,G3,0.44105992001060434,0.04169897323122157,10.290902760633562
033180,2021-03-31,0.07837522494456035,G3,0.03738797434097971,0.02656273136693655,0.9580390178855829
033200,2021-03-31,0.08330734847296271,G3,-0.1515639999991419,0.020560639470424694,-7.9522741257232825
033230,2021-03-31,0.010563900337657223,G1,0.1151223474658922,0.016857208571804654,6.120972268720331
033240,2021-03-31,0.05843032785621081,G3,0.3212576458095453,0.03114377400638248,9.9319306798307
033250,2021-03-31,0.25160668186772894,G5,0.053343249956108174,0.01711092568801275,2.419705949355653
033290,2021-03-31,0.19106318832920002,G5,0.023661087847903297,0.012123709757688641,0.966803627959556
033320,2021-03-31,0.08983782268212027,G3,0.02033395326286238,0.021023716438788687,0.39926870291753086
033340,2021-03-31,0.31421016729531764,G5,,,
033430,2021-03-31,0.10035143906809134,G4,,,
033500,2021-03-31,0.10483675813820773,G4,-0.07241407637068523,0.01820681660744891,-4.6330953652828555
033530,2021-03-31,0.00045696497964913294,G1,0.1082815303432819,0.022520929101548477,4.2778736454002
033540,2021-03-31,0.2886085528984279,G5,-0.06365913725732672,0.0416071797424357,-1.8169695469665204
033560,2021-03-31,0.03610205517167965,G2,0.2083920893938152,0.022793347459815625,8.618841461102488
033640,2021-03-31,0.001122563160257799,G1,0.1303901240109844,0.021424187436156896,5.528810980305303
033780,2021-03-31,0.25135029139621196,G5,0.037355755365540685,0.006092360755256894,4.1717677459872835
033790,2021-03-31,0.41708808033384087,G5,,,
033830,2021-03-31,0.03928001403874639,G2,0.15747843877971268,0.050473091233183665,2.8834888839577695
033920,2021-03-31,0.013379973722610664,G1,0.2967253595651272,0.018876794097587028,15.086540480498716
034020,2021-03-31,0.09291595607296219,G3,0.7170534297583531,0.05953214946940399,11.844248776048286
034120,2021-03-31,0.19457533479665098,G5,0.6980057339946438,0.038929300001226116,17.62338117313166
034220,2021-03-31,0.07599116110525994,G3,0.09244367697876126,0.024410862754556218,3.2978693345811463
034230,2021-03-31,0.12644459806810995,G4,0.09371549713287997,0.018034529526003762,4.5343936333424955
034590,2021-03-31,0.021445711514441263,G1,0.10837476142283241,0.007591049201533012,12.703766975125932
034730,2021-03-31,0.06942480136040505,G3,0.011917055732647598,0.0181289869506717,-0.0012568566161832502
034810,2021-03-31,0.05953466230660745,G3,0.1071621402749871,0.020235018902721596,4.70581715109436
034950,2021-03-31,0.31751997636155305,G5,-0.005710167659473395,0.005918942014339089,-2.9819533434448506
035000,2021-03-31,0.04572676596138731,G2,0.190504499386735,0.013493956316506487,13.232935836502188
035080,2021-03-31,0.0076632843611467065,G1,0.15491752170692177,0.030759803509121345,4.6481987570136045
035150,2021-03-31,0.10394868306635963,G4,0.15442194175333,0.04019889157498727,3.5444285874823622
035200,2021-03-31,0.06694644748367765,G3,0.799625107611557,0.0588695896413634,13.380172532887274
035250,2021-03-31,0.6118758000965014,G5,0.0673095886354115,0.013977837220607366,3.9612528384533814
035290,2021-03-31,0.020154987424195695,G1,,,
035420,2021-03-31,0.19267488162826485,G5,0.11177559925970584,0.01782095939458569,5.602153945774456
035460,2021-03-31,0.34958696189130456,G5,0.10278502308560485,0.018912351820126592,4.803484129302514
035600,2021-03-31,0.10755668988679495,G4,0.10404325437682917,0.019550604636052904,4.711026324840191
035610,2021-03-31,0.5061362386400425,G5,-0.38193954351860615,0.03423950510853202,-11.503652974537241
035760,2021-03-31,0.11821910418745847,G4,0.26181829931472483,0.019284597800072956,12.957410915976597
035810,2021-03-31,0.05080468907075182,G2,0.1275505320980698,0.016195304993135377,7.138531251941959
035890,2021-03-31,0.1762431724424705,G5,0.26271924158865584,0.024622289513673942,10.185056112655353
035900,2021-03-31,0.4262673008568301,G5,0.14638351901665667,0.023783933369751716,5.652709989416645
036000,2021-03-31,1.044549536044962,G5,0.16940957349218302,0.019517184478058603,8.068260685826417
036010,2021-03-31,0.02632615929580685,G1,0.20849977903382913,0.022959548096558726,8.561141401273883
036090,2021-03-31,0.032042028343395756,G2,-0.32126870733291457,0.02979450181424908,-11.183558318246504
036120,2021-03-31,0.17234940739363178,G4,-0.13178448458332415,0.018309669476361312,-7.849640652373359
036170,2021-03-31,0.09298195696503292,G3,0.6840579140142536,0.06272739766744807,10.714904455429101
036180,2021-03-31,0.04412247277446412,G2,0.3831426684068868,0.05636254710964914,6.5859838877561385
036190,2021-03-31,0.06995341271618605,G3,0.18059886204764597,0.03330719593173744,5.063741214465146
036200,2021-03-31,0.17536181583187527,G5,0.12406765468748365,0.026082597419364664,4.2989511977972965
036420,2021-03-31,0.030857457657348583,G2,-0.0353014102408557,0.02427242309234574,-1.9462931793404008
036460,2021-03-31,0.09915017363624717,G4,0.10719521295424701,0.02323780107931299,4.099155998422116
036490,2021-03-31,0.23738563078808878,G5,0.13938612011556517,0.02208046288096091,5.771902497370909
036530,2021-03-31,0.09549378324969043,G4,0.1783674770970451,0.01311899309358459,12.686006817748062
036540,2021-03-31,0.10283893938886755,G4,0.008940377521121319,0.02259676496619648,-0.1327386355173833
036570,2021-03-31,0.11070174700857838,G4,-0.05428543004079483,0.01645419054981804,-4.024827056069825
036580,2021-03-31,0.061735507085859974,G3,0.033961449166313114,0.023478966947464774,0.9379291663788354
036620,2021-03-31,0.19050334079475303,G5,0.8433969259938465,0.047764029745483876,17.407599173573082
036630,2021-03-31,0.05400912637271006,G2,-0.20538011314660332,0.017820363467346275,-12.195034900082586
036640,2021-03-31,0.17482344070697264,G4,0.1056187473082304,0.023811069305514156,3.9342586776098725
036690,2021-03-31,0.04604809274733027,G2,0.610869790579993,0.046850613350091296,12.783823017100046
036710,2021-03-31,0.05432421363641659,G2,0.2322867915079873,0.019290829737482296,11.42236768644583
036800,2021-03-31,0.05998384836363911,G3,0.17192739386102043,0.016441592684073074,9.730660262990137
036810,2021-03-31,0.17268704173538918,G4,-0.0394121948506865,0.017448744772749502,-2.9430217926464577
036890,2021-03-31,0.07166602427040074,G3,-0.12290329103350828,0.02823675624755216,-4.775446978441054
037030,2021-03-31,0.0313683833074772,G2,-0.07015561578871761,0.015123312836908327,-5.428404341289928
037270,2021-03-31,0.05362647382684543,G2,0.1035751861002223,0.018512034116827884,4.950041916089725
037330,2021-03-31,0.02294053844633062,G1,0.020462299691701588,0.01533801046010741,0.5556430179798337
037340,2021-03-31,0.1915415852093012,G5,,,
037350,2021-03-31,0.023338608788576975,G1,0.11260259923202358,0.02134825973185805,4.715267624927904
037370,2021-03-31,0.005471166058297973,G1,0.2129935376070835,0.024654059661310613,8.154993502054104
037400,2021-03-31,0.03409316592966509,G2,0.37398931129803253,0.05091950261835954,7.110231864237626
037440,2021-03-31,0.0190418968031792,G1,0.6684086025172077,0.06713481473969864,9.778365573699553
037460,2021-03-31,0.03894812827834392,G2,0.06843949726721263,0.015441834461398166,3.6588694263372945
037760,2021-03-31,0.018051626471297242,G1,0.3162077815972979,0.027751984874835888,10.963826252418853
037950,2021-03-31,0.007380954916272768,G1,0.13956927839322864,0.02015280935531168,6.333084131009659
038010,2021-03-31,0.013553665987992918,G1,-0.10881031875827203,0.03130086152959535,-3.8577264051963076
038070,2021-03-31,0.0994832942697264,G4,0.7564129245060035,0.06869558534955295,10.837276943605039
038110,2021-03-31,0.014620876262577841,G1,0.2693401790245041,0.04086077292494897,6.299448574490818
038160,2021-03-31,1.306287245970682,G5,,,
038290,2021-03-31,0.18151311709240078,G5,0.1818953893489931,0.02223737470042326,7.642788340294369
038340,2021-03-31,0.4158377285229896,G5,,,
038390,2021-03-31,0.12157085444823151,G4,0.2459689746690021,0.030725984712458382,7.616652015851251
038460,2021-03-31,0.02514505375327966,G1,0.270879533325507,0.029387393224971043,8.811250799735433
038500,2021-03-31,0.039441281007921665,G2,0.07045279409940469,0.026481612696967985,2.209569088526957
038540,2021-03-31,0.14781223517168277,G4,0.19048809706316908,0.026700347070560286,6.687113666406027
038620,2021-03-31,0.03615229009615897,G2,1.646075365347445,0.08852171462459642,18.460278712490584
038870,2021-03-31,0.18761010626071184,G5,0.07167880392337242,0.01528165098312692,3.909195591463994
038880,2021-03-31,0.08739830999568364,G3,-0.06819622426780432,0.024075236201036455,-3.3285681963193228
038950,2021-03-31,0.03920439867793762,G2,0.2925068973520037,0.02523172934420583,11.119612621660885
039020,2021-03-31,0.10066064899775788,G4,0.5492569660653914,0.04967060092251849,10.817608702453889
039030,2021-03-31,0.17431391482552427,G4,0.02316324055948172,0.025393832588632325,0.4419734299841246
039200,2021-03-31,11.679183607610486,G5,0.005449980683119013,0.03023170132295356,-0.21467070335849012
039230,2021-03-31,0.4334379405653283,G5,,,
039290,2021-03-31,0.023190370421073452,G1,0.27874594833992683,0.03247579386389262,8.21553764592425
039310,2021-03-31,0.04483806280698019,G2,0.6675219594107693,0.036030449506024284,18.195224515067867
039420,2021-03-31,0.20967144972315255,G5,0.25390450211679455,0.0296652073435708,8.156513387707475
039440,2021-03-31,0.02624204129339706,G1,-0.12710487093680117,0.015011613322727461,-9.262476272029325
039570,2021-03-31,0.08123726541573247,G3,0.3691595662610335,0.02215770571168276,16.12169281600515
039740,2021-03-31,0.0033350728232204815,G1,0.5530212156688913,0.04892732830403179,11.058878405066375
039830,2021-03-31,0.13650615380047781,G4,0.11773226456790807,0.02116380891202556,4.998742132752586
039840,2021-03-31,0.3032681130936445,G5,0.1143499403820039,0.018139067017517583,5.645830571840401
039860,2021-03-31,0.19008286286874798,G5,0.3026008241408177,0.055169512467745374,5.268507367015617
040160,2021-03-31,0.10216891702283251,G4,0.47508135057894746,0.042099535676457606,11.001107301240346
040300,2021-03-31,0.11300451846133767,G4,0.013170485119918682,0.017372281725144375,0.07083950568774262
040350,2021-03-31,0.8614014679152242,G5,0.06315376617112858,0.025510407745831305,2.00756982842253
040420,2021-03-31,0.17290296823540569,G4,0.14220034425830108,0.009466309585619108,13.760431328629599
040610,2021-03-31,0.02272314213780505,G1,0.19865088065952852,0.029554668500287117,6.317480413893779
040910,2021-03-31,0.07159049898535119,G3,-0.009340310381487481,0.014381631892449625,-1.4796757287676676
041440,2021-03-31,0.002978841499019392,G1,0.184275829411895,0.0254944566461134,6.759743521277445
041460,2021-03-31,0.07071738838790541,G3,0.3950283624501459,0.04585419937747067,8.354491548892373
041510,2021-03-31,0.09970174034344707,G4,0.7219125830492367,0.032341044844764875,21.952684125921813
041520,2021-03-31,0.05533209394829261,G2,-0.06318109973094757,0.018407200091426427,-4.081062879072962
041590,2021-03-31,0.7622934017883676,G5,0.17277046219302644,0.022469999910331488,7.157571053181751
041650,2021-03-31,0.03566959027131214,G2,0.17548278860237249,0.028224920310623968,5.794274900785922
041830,2021-03-31,0.3101888197564142,G5,0.4249152508186447,0.030119256459254177,13.711341450526287
041910,2021-03-31,0.09198520168061614,G3,0.15250900008224633,0.01978986905808896,7.103086857209321
041920,2021-03-31,0.1535409854270895,G4,0.017987880729341807,0.02855147703679499,0.21182930227064262
041930,2021-03-31,0.08295694667181101,G3,0.2146522427301972,0.023168887965204207,8.749336686542577
041960,2021-03-31,0.005312437664028668,G1,0.0771940378274378,0.019006837688546815,3.433195864923789
042000,2021-03-31,0.010838333215088381,G1,-0.073637003218612,0.015784987464454493,-5.421407187123837
042040,2021-03-31,0.18077083035584712,G5,0.04735765911355224,0.02676510781277574,1.3232832122874945
042110,2021-03-31,0.06554796768241003,G3,0.4587247894922074,0.04343205081350899,10.286987140920349
042370,2021-03-31,0.09312193311397564,G3,0.14933083835109157,0.027301782170302578,5.0323087417603425
042420,2021-03-31,0.1764536523164537,G5,-0.1304366906203418,0.04195854133305009,-3.393266957496334
042500,2021-03-31,0.05781913855887282,G3,0.18149255002317397,0.02079076351876028,8.155193944673508
042510,2021-03-31,0.25426760030414913,G5,0.40429703235188924,0.044794526085093156,8.75904324418375
042520,2021-03-31,0.04441623213953315,G2,0.282230264816883,0.02229659391408969,12.122498377487133
042600,2021-03-31,0.007057575889548589,G1,-0.00540457134090877,0.04336010807971596,-0.40000851886399724
042660,2021-03-31,0.19323362595482413,G5,0.2594896728957474,0.028102817619241188,8.808719288574679
042670,2021-03-31,0.11877304512243961,G4,0.28758025313845564,0.03819637548269829,7.216402299570819
042700,2021-03-31,0.27263803515959684,G5,0.36334985819373616,0.03397007851548989,10.344692514138782
042940,2021-03-31,3.617269424765271,G5,0.22986471333167618,0.037401779940780575,5.826590937834571
043090,2021-03-31,1.782326761200284,G5,0.06561638495835898,0.0541979280844862,0.9903799939518773
043100,2021-03-31,0.004451136288599765,G1,1.1525677316915985,0.0753709350869659,15.133524469421225
043150,2021-03-31,0.17377244068258962,G4,0.22501554994568485,0.02402928370867551,8.86733500919609
043200,2021-03-31,0.7751267870645346,G5,-0.028968733622401502,0.017450233666927082,-2.344299547677438
043220,2021-03-31,0.07864772959590005,G3,0.9158401049409546,0.07229756349064768,12.502499669826918
043260,2021-03-31,0.0026485395497707403,G1,0.040099038740631796,0.026699206363731395,1.054682940278046
043290,2021-03-31,0.04185482712218766,G2,0.0409222483714545,0.03893137528191195,0.7444485814267875
043370,2021-03-31,0.033284971718711955,G2,0.19472087600813462,0.0274483562086879,6.6590885570203975
043590,2021-03-31,0.09921263064718848,G4,,,
043650,2021-03-31,0.14594729302145157,G4,0.09385568259128382,0.01719311938984922,4.76445486499707
043710,2021-03-31,0.5941224824776844,G5,0.35409990222156873,0.05939904611508458,5.760362890151443
043910,2021-03-31,0.00598827456978604,G1,0.8284568793605269,0.06366695504157441,12.824816854481284
044180,2021-03-31,0.6165738260450744,G5,0.4412536961484317,0.07639726333505721,5.61949258569301
044340,2021-03-31,0.08875556291995809,G3,0.0009518909680419009,0.013146285839121079,-0.8358216485070714
044380,2021-03-31,0.04245498188338648,G2,0.1793704128702567,0.024075386641511185,6.9544291891756735
044450,2021-03-31,0.16331493881490292,G4,0.15375894587906158,0.020854830491785145,6.800300039124452
044480,2021-03-31,0.11126792764337318,G4,0.15622596179698442,0.03760866060398801,3.8365131384616005
044780,2021-03-31,0.019193568516111773,G1,0.22797518963342348,0.02112619509505295,10.225946858465324
044820,2021-03-31,0.030573267683736256,G2,0.20299070252280685,0.019565287927543817,9.764786593506049
045060,2021-03-31,0.06333857893119867,G3,0.08040768953882922,0.011850751591336736,5.777511049935438
045100,2021-03-31,0.060502750232704634,G3,0.012265191552983057,0.024109737242639175,0.013494559474767328
045300,2021-03-31,0.09283264191454525,G3,0.2045750766923794,0.01991324430480814,9.673724304985578
045390,2021-03-31,0.08415257133268914,G3,0.2169705000694567,0.02515270381632629,8.151436135726003
045510,2021-03-31,0.004149282143021296,G1,0.6532457151097081,0.05822034554059316,11.015150595297087
045520,2021-03-31,0.028257921352071256,G2,-0.1499862086989088,0.01565824912000856,-10.341261575780926
045890,2021-03-31,2.149509385423905,G5,,,
045970,2021-03-31,0.02364179465517776,G1,-0.05924703363221659,0.018268321235183026,-3.896738730702785
046110,2021-03-31,0.10657966388190321,G4,0.2628128553475194,0.03052476581311643,8.2186712131917
046120,2021-03-31,0.0012314192329522385,G1,0.11695426440540325,0.03737259381355705,2.809931353960977
046140,2021-03-31,0.03992253210526621,G2,0.22975237031068016,0.030916925362250436,7.045090237426649
046310,2021-03-31,0.10569631382715296,G4,0.4575260903078402,0.04122497249770699,10.80864878837174
046390,2021-03-31,0.11467377923745757,G4,-0.41853355234627543,0.03572133922898059,-12.050874992583571
046400,2021-03-31,0.7760151943472255,G5,,,
046440,2021-03-31,0.16155882746765693,G4,0.08631591985160818,0.019845323943066918,3.747788587132167
046890,2021-03-31,0.0686655344930842,G3,0.03462197523048972,0.01612508758606749,1.4066363261335983
046940,2021-03-31,0.011838117238202531,G1,0.028831352774696513,0.022995635493863315,0.7345529332887096
046970,2021-03-31,9.197795599540052e-05,G1,,,
047040,2021-03-31,0.11829491152638691,G4,0.20963996867252532,0.02854466213700923,6.92599290381365
047050,2021-03-31,0.01790629942302511,G1,0.16912523771476035,0.027831266099799877,5.647798985546308
047080,2021-03-31,0.0717814818611316,G3,0.1061763414326859,0.03517448010934507,2.6791156506051137
047310,2021-03-31,0.027861442018017615,G2,0.09270551251453732,0.027119582884222733,2.978131027659826
047400,2021-03-31,0.006522500292102954,G1,-0.006187274124775392,0.01784694416279505,-1.015698554848715
047560,2021-03-31,0.12174700609645128,G4,0.20705492057697134,0.03246817503945771,6.009425508825548
047770,2021-03-31,0.11843441830135772,G4,0.1506779148924557,0.020145369288368326,6.886846879631043
047810,2021-03-31,0.013729970654971047,G1,-0.09892938243296602,0.01944809212657456,-5.700776352828545
047820,2021-03-31,0.056367713622417506,G2,0.07201789152939149,0.019262487299930575,3.118914464372769
048260,2021-03-31,0.14881151464356718,G4,0.31567687310480197,0.028081897788185643,10.816114855412163
048410,2021-03-31,0.9882683239314756,G5,-0.1254846837078428,0.039100332767239204,-3.514663821296867
048430,2021-03-31,0.019829573557665302,G1,0.21519433704194382,0.026423488511799587,7.692190063448205
048530,2021-03-31,0.26361963877074784,G5,-0.021647881948716426,0.026639794538871386,-1.260810145121361
048550,2021-03-31,0.11816206651899801,G4,0.697488157086495,0.059552629127861,11.511638123394421
048770,2021-03-31,0.021138728490848052,G1,0.044126903680600585,0.013273493673206188,2.424912626864168
048830,2021-03-31,0.038436229078042734,G2,0.2411131485856605,0.017267166178671328,13.272201410727007
048870,2021-03-31,0.19656073779243774,G5,0.5011600608654223,0.04535149461074403,10.787300921272879
048910,2021-03-31,0.05066619381891604,G2,0.6827545914881678,0.06791555826904325,9.877188192445326
049070,2021-03-31,0.09994866310921285,G4,0.012831914541641933,0.02166914368046957,0.04116790607672742
049080,2021-03-31,0.04088300821917268,G2,0.2787694883477561,0.034457392032847346,7.743756312826955
049120,2021-03-31,0.3948380135910374,G5,0.6381074137022789,0.050659264678118515,12.36037625913076
049180,2021-03-31,0.017412726983937487,G1,0.3302978033415882,0.06269964808947692,5.077507956941435
049430,2021-03-31,0.2331925163889393,G5,0.575653888337,0.057398910592953004,9.820988608386015
049470,2021-03-31,0.009989020284022408,G1,0.4135462986798165,0.05160372764529267,7.782508662368117
049480,2021-03-31,0.06159022291642604,G3,0.7135294072752129,0.05174343616581044,13.559006088369292
049520,2021-03-31,0.014815249815191753,G1,0.013844757134785408,0.013398799719677215,0.14217063504178185
049550,2021-03-31,0.0971258608501598,G4,0.0718047680048477,0.023653717161971403,2.5308887531323236
049630,2021-03-31,0.06070491376433426,G3,0.07370010030691661,0.018187269760978068,3.39579606223172
049720,2021-03-31,0.07757018990600444,G3,0.3887028233520338,0.022580458032729272,16.685356051506705
049770,2021-03-31,0.05406631100841136,G2,0.1785787237053791,0.017232964367552357,9.669774676102694
049800,2021-03-31,0.016618398694157564,G1,0.19702861577736577,0.04718131306680666,3.9229254651189334
049950,2021-03-31,0.04561872064077293,G2,0.02120692112716381,0.028230536407776438,0.3282643915604038
049960,2021-03-31,0.13531273741372749,G4,0.10463146079492859,0.017261876937773073,5.369730062335002
050110,2021-03-31,0.023979877218184283,G1,-0.13626313266191745,0.02056253818411318,-7.207426077694132
050120,2021-03-31,0.26766872432452743,G5,0.2731176908868129,0.0257571069493494,10.14003048287101
050540,2021-03-31,0.011438042848771446,G1,,,
050760,2021-03-31,0.08238656889467895,G3,-0.1038616401560029,0.013798004298999491,-8.392625405562532
050890,2021-03-31,0.13335427638816205,G4,-0.1244352008772904,0.030907589245842786,-4.412348082614522
050960,2021-03-31,0.09275751673955429,G3,0.007316856075533527,0.039582715622137804,-0.11679302750320095
051160,2021-03-31,0.020313587278701754,G1,0.12958006771286323,0.023658462269114947,4.972437561869605
051360,2021-03-31,0.039864038451114706,G2,0.03223035059630402,0.022499866501351985,0.9018057651694752
051370,2021-03-31,0.05122588185181558,G2,0.1804339944461978,0.022449287195032232,7.505545798070701
051490,2021-03-31,0.049121066083489345,G2,0.08288671078137572,0.01963327395797233,3.61360360291441
051500,2021-03-31,0.00576486778948127,G1,0.35859281027687134,0.028831437108003243,12.0234370457657
051600,2021-03-31,0.17539735782546204,G5,0.33831533426006805,0.0312269342207674,10.451730249368238
051780,2021-03-31,0.07945393954191672,G3,0.21103047600469563,0.018080779238465607,11.011175575403456
051900,2021-03-31,0.18195050865469264,G5,0.122288594685507,0.01495669548155257,7.377883273198196
051910,2021-03-31,0.1459211741474018,G4,0.07096450412628819,0.02314514322491845,2.550196483247509
051980,2021-03-31,0.56885192308115,G5,-0.3290816340483094,0.06541535473932954,-5.2131716884678
052020,2021-03-31,1.8495270971078306,G5,-0.09719360695489923,0.021575855561266455,-5.058128421134767
052190,2021-03-31,2565.076786214626,G5,,,
052220,2021-03-31,0.03361083771501686,G2,-0.061488369779808774,0.023500640908926576,-3.12451951137038
052260,2021-03-31,0.12811729731730234,G4,0.003604154669239716,0.01373725744572976,-0.6067940877960827
052300,2021-03-31,0.006544613746334747,G1,0.14331331494308897,0.018821006848160387,6.980151207271279
052330,2021-03-31,0.11182319466367088,G4,0.06401411815452751,0.01656832486011705,3.1430019223028665
052400,2021-03-31,0.22866443792565017,G5,0.05871976892747402,0.021735449983508074,2.1522410482933347
052420,2021-03-31,0.04397153664461377,G2,-0.1570714095933637,0.011613974737363279,-14.552403865618839
052460,2021-03-31,0.14384732363550323,G4,0.12168744745047438,0.04501035860733335,2.438274423406891
052690,2021-03-31,0.013018632306999166,G1,0.9288512549961526,0.06079181233509853,15.082810965925535
052710,2021-03-31,0.06017929872071823,G3,-0.10598913985873942,0.014414227423283363,-8.181429199465072
052770,2021-03-31,0.586938174337153,G5,,,
052790,2021-03-31,0.4885607817357165,G5,0.3972983109147655,0.039856839133942945,9.668565747270828
052860,2021-03-31,0.4126892446264718,G5,0.1125859579458452,0.023597665755455768,4.2650878149985925
052900,2021-03-31,0.02517499663850455,G1,-0.0046150608463850044,0.018477724530846867,-0.8959383547789861
053060,2021-03-31,0.0018307508399629884,G1,-0.15350333812639774,0.05291378205366202,-3.126655721347915
053080,2021-03-31,0.05344119413721135,G2,-0.003982278726696207,0.01099384085023208,-1.4482763770590092
053110,2021-03-31,0.46022117340039154,G5,-0.32711157395455326,0.024058903083939136,-14.092555011401709
053160,2021-03-31,0.07297214522057996,G3,0.41658239015195747,0.056414582969423,7.172658691839211
053260,2021-03-31,0.03970623553443806,G2,0.07263446682135898,0.04941646446542684,1.2282267905665611
053270,2021-03-31,0.029125617288295547,G2,-0.16395302611574986,0.026315832281923673,-6.683918087835352
053280,2021-03-31,0.03156163517904798,G2,0.2808189523342949,0.0438393474490287,6.133282694891274
053300,2021-03-31,0.2646325891411039,G5,0.2030305103067221,0.02526014235982986,7.5649086341161835
053320,2021-03-31,13.700873841266977,G5,,,
053450,2021-03-31,0.043488399378318054,G2,,,
053590,2021-03-31,0.016492891265341352,G1,0.36830986555793094,0.061499913189642874,5.79464272070071
053610,2021-03-31,0.31800053048171517,G5,-0.02605671800916602,0.018475576419174355,-2.056583156971147
053620,2021-03-31,0.05664338960531172,G2,-0.0493349471702906,0.017111142203173314,-3.580987622718035
053660,2021-03-31,0.30924822404416824,G5,,,
053690,2021-03-31,0.06758734235129278,G3,0.14815171101670355,0.02641577454022214,5.156459430688223
053700,2021-03-31,0.012816402896532377,G1,0.1364991701014326,0.02065419481151115,6.030703688442553
053800,2021-03-31,0.0838559242198518,G3,0.1006624063369485,0.016887740277509795,5.253667075000159
053950,2021-03-31,0.03883400281455175,G2,0.010834661672487802,0.017156160691522124,-0.06441881824408315
053980,2021-03-31,0.04964100512602982,G2,0.19443835319436648,0.030817850001597664,5.921844382884079
054040,2021-03-31,0.08008707130926133,G3,0.2913321744590684,0.04285889208223087,6.518888371009994
054050,2021-03-31,0.1275478787948471,G4,0.08387797563364234,0.02458203026282103,2.9264521113458866
054090,2021-03-31,0.016456093994066737,G1,0.003385505067112214,0.013953105555661763,-0.6130775810878845
054210,2021-03-31,0.0014063993341042265,G1,-0.12193123109866638,0.01652902339851813,-8.099151966867536
054220,2021-03-31,0.8477895875110141,G5,,,
054340,2021-03-31,0.012815924256898661,G1,,,
054450,2021-03-31,0.054158532005203056,G2,0.21928777384142073,0.04468345197497337,4.640374084968019
054540,2021-03-31,0.06065474217305542,G3,0.09134045895889453,0.019332919337390016,4.10701644709663
054780,2021-03-31,0.08347508263190904,G3,-0.17139144665902284,0.022059674732530548,-8.31069769394707
054800,2021-03-31,0.0003367149252769986,G1,0.1093805183111569,0.015852757548397396,6.14660741160242
054920,2021-03-31,0.004217890999621249,G1,0.32225861885906665,0.03934688962314633,7.886742270135534
054940,2021-03-31,0.12279572962703286,G4,0.32768695043973284,0.04485343247886192,7.039530571460584
054950,2021-03-31,0.06814744847306496,G3,-0.027991681107915202,0.022190011776512645,-1.7995268673098486
055490,2021-03-31,0.13915599393470732,G4,0.06303097861612879,0.020992224163521235,2.4338124892487576
056000,2021-03-31,0.48287788558199224,G5,,,
056080,2021-03-31,0.17408155165625658,G4,0.026416049164371482,0.017521734312485927,0.8261857893949766
056090,2021-03-31,0.02174701795087435,G1,0.1049354838373008,0.0194984266374948,4.769392130780036
056190,2021-03-31,0.11909107784144524,G4,0.07550999337601999,0.01789262734537795,3.55286850159545
056360,2021-03-31,0.0010579666316546063,G1,0.008105365694288397,0.0093658576129995,-0.4094099797364768
056700,2021-03-31,0.006538920430659799,G1,0.1481581822297162,0.018764010756830925,7.259553553084885
057050,2021-03-31,0.07099208615533315,G3,0.1237605282836672,0.02029856240952808,5.50879834531226
057540,2021-03-31,0.06655249134691711,G3,0.1156674013321232,0.01727358933349636,6.004980091840956
058110,2021-03-31,0.11230030693957845,G4,0.2467231431553549,0.029689173057956642,7.908044505894117
058220,2021-03-31,0.5860942073034505,G5,,,
058400,2021-03-31,0.10629178915597398,G4,0.054577411805279724,0.025652838073290832,1.6620995467878374
058420,2021-03-31,0.25007718074686214,G5,,,
058450,2021-03-31,0.49187710878017576,G5,,,
058610,2021-03-31,0.053660218257406495,G2,0.29360172480857094,0.03176014012224765,8.868408088081086
058630,2021-03-31,0.2491916051057696,G5,0.013853941748356326,0.019465891789168705,0.09833099347547636
058730,2021-03-31,0.06723224019266721,G3,0.14930026915073263,0.015410788749083556,8.913263955361137
058850,2021-03-31,0.043559734294120786,G2,0.18443560783145008,0.01965584892446291,8.77579835012505
059090,2021-03-31,0.20914201944598926,G5,-0.0317414909465694,0.01903749231193,-2.2944898151862887
059210,2021-03-31,0.0382665990033159,G2,0.2768924774998568,0.01748158911773766,15.156095618400153
060150,2021-03-31,0.17621552287322612,G5,-0.002750527583772604,0.016630996244793524,-0.883312619243288
060240,2021-03-31,0.026020739923323998,G1,0.21748670193591035,0.03127012000308243,6.573267408177759
060250,2021-03-31,0.0545419312844688,G2,0.16558262149969355,0.023806330965770194,6.453862228949382
060260,2021-03-31,0.12418021006226687,G4,0.07780890627959978,0.01463460793490031,4.5009108069561155
060300,2021-03-31,0.20062652671930956,G5,,,
060310,2021-03-31,0.0745567502784112,G3,0.26596024495005083,0.024801671982568104,10.242067706513827
060380,2021-03-31,0.08163159605729192,G3,0.7048308514496221,0.06721921720276507,10.30793036595015
060540,2021-03-31,0.03582788890749056,G2,0.40052894875386874,0.025868750273115988,15.021564759851094
060560,2021-03-31,0.00026631176210512427,G1,0.24159120059357833,0.022799101759298782,10.072824874781398
060570,2021-03-31,0.018326804933083543,G1,-0.08113736571376944,0.02123759915181825,-4.382661444838595
060590,2021-03-31,0.01636803516585966,G1,0.29050140132427793,0.02409131419890201,11.562738244770909
060720,2021-03-31,0.01784288024865204,G1,-0.0013581011458571064,0.02163658264493713,-0.6146045627408735
060850,2021-03-31,0.1659254439221577,G4,-0.06193187268813359,0.012547991952518612,-5.887134311012005
060900,2021-03-31,0.1984638382306766,G5,-0.2451636568251222,0.030725327641892737,-8.367803301938212
060980,2021-03-31,0.15321284664525028,G4,0.1930131074401542,0.015695522755589747,11.536619008489296
061040,2021-03-31,0.02965031299123046,G2,0.09122365002045502,0.017804473392096516,4.4530274501580145
061970,2021-03-31,0.09340945716692965,G3,-0.0010748073629931968,0.023645642397108316,-0.5504036817551652
062860,2021-03-31,0.24282483993131868,G5,-0.13056830109274487,0.027960688530532532,-5.096732228427421
063160,2021-03-31,0.06935944090883484,G3,0.09959718799841782,0.0474856269313986,1.845976401558584
063170,2021-03-31,0.18441060191810837,G5,0.01870367836615176,0.040165559352108186,0.1683989269766137
063440,2021-03-31,0.043058944314846574,G2,-0.026855063711205565,0.05287905307041791,-0.7336535495328267
063570,2021-03-31,0.03365513556792388,G2,0.13148418444019971,0.018322066362704403,6.524610314352845
063760,2021-03-31,0.2454101278881585,G5,0.02182120135241891,0.017001185092071634,0.5812159581266927
064090,2021-03-31,0.3321316687290409,G5,-0.12130980874335834,0.035583489468312315,-3.744704412192643
064240,2021-03-31,0.21956689030971915,G5,0.11889012420424962,0.028736928971348847,3.721701892399129
064260,2021-03-31,0.03358930210517356,G2,-0.29385671439988154,0.01610355898627145,-18.989377188633856
064290,2021-03-31,0.14165944012038545,G4,-0.04583790691762699,0.028038969279482132,-2.060623113908393
064350,2021-03-31,0.039492092490213904,G2,0.19220063645135388,0.023074910833351447,7.811982307683362
064520,2021-03-31,0.05702839040729372,G3,,,
064550,2021-03-31,0.3638168899304823,G5,0.3125049613441606,0.029467586986315616,10.199855190514855
064800,2021-03-31,0.04442432159060403,G2,0.2756225782177442,0.028819271975295303,9.14952803713915
064820,2021-03-31,0.15151956812972223,G4,0.0350155104827878,0.02791343114732626,0.8266869483423179
064960,2021-03-31,0.10247249499111082,G4,0.14750016274484962,0.020902671448627452,6.4853108277655
065060,2021-03-31,0.05274963312103993,G2,-0.05350540380024982,0.01151685307025623,-5.682563168155016
065130,2021-03-31,0.03560640594418236,G2,0.012026984946833796,0.01044153903482287,0.008345865173890526
065150,2021-03-31,0.24678696729539726,G5,-0.08563909981108972,0.03213358804121076,-3.0366649673789214
065170,2021-03-31,0.013193603451806174,G1,0.20943346890199077,0.025648782575273626,7.699922093867359
065350,2021-03-31,0.06747986351480226,G3,0.6316599375314342,0.04159572474268497,14.898648841803798
065440,2021-03-31,0.0465984039865526,G2,1.4046084148945162,0.08499593411381783,16.385119925380856
065500,2021-03-31,0.008572798000728701,G1,-0.0395059276183575,0.034809279128684825,-1.4779326138301012
065510,2021-03-31,0.06071729116547014,G3,0.18700287373213473,0.016610850950023015,10.53907671491393
065560,2021-03-31,0.3082302726155881,G5,,,
065680,2021-03-31,0.10949362739423765,G4,0.05567683349674712,0.025817586390231365,1.694077500732396
065690,2021-03-31,0.0798439034912085,G3,0.2664243671216535,0.03155637938068501,8.06443992771797
065710,2021-03-31,0.19769611913654336,G5,0.1912304525911345,0.021016874513448042,8.530793254085939
065770,2021-03-31,0.022332395763762586,G1,0.9395403363372364,0.08446454667190988,10.982128379502504
065940,2021-03-31,0.34572771762205123,G5,,,
065950,2021-03-31,0.04691168999673198,G2,0.014520600756666596,0.012102629404040085,0.21323956973877428
066110,2021-03-31,2.4853356236332127,G5,,,
066310,2021-03-31,0.09327484042979595,G3,-0.009377461410609599,0.013718372330696334,-1.5539236118231818
066360,2021-03-31,0.041100194076307335,G2,0.16656422510476035,0.015651073942039715,9.879474367544123
066570,2021-03-31,0.0806319961725685,G3,0.0987773281127948,0.020256164049688427,4.2869660134041645
066590,2021-03-31,0.0036307087090410063,G1,0.006543163106286232,0.020528549451439636,-0.2628864828623611
066620,2021-03-31,0.10340395374538573,G4,0.22173235630224736,0.028534027122141113,7.35236264178135
066670,2021-03-31,0.007070139205343133,G1,0.046734370961468104,0.019421960826446445,1.79150447282583
066700,2021-03-31,0.003985384192510062,G1,-0.03410210467890789,0.01530848503394504,-3.0076095607537723
066790,2021-03-31,0.0062522277988796655,G1,-0.23745168491270646,0.02134961726322329,-11.681311337236377
066970,2021-03-31,0.022618645547380568,G1,0.22041952798848538,0.028201232252894653,7.392573659516073
067160,2021-03-31,0.3217927462515205,G5,0.44828038920077473,0.03170082064591042,13.76432972523769
067170,2021-03-31,0.016013813782596847,G1,-0.004813460330829005,0.014626851733083234,-1.1453798743838624
067290,2021-03-31,0.0015238086120460724,G1,-0.08396908546226908,0.013239403257140988,-7.2442031464204835
067310,2021-03-31,0.14092058314802425,G4,0.3357239501913211,0.03245847911535971,9.975332108775904
067390,2021-03-31,0.37955689726879027,G5,0.1879670785261507,0.028638269950339797,6.1465737127818665
067570,2021-03-31,0.033680923783411885,G2,0.03555502782615545,0.018801005659595863,1.2560597546685608
067630,2021-03-31,0.25008677155228326,G5,-0.1521578827559478,0.023807081347273794,-6.892811497222034
067770,2021-03-31,0.060485549807719786,G3,0.04100634084324287,0.021384409966364364,1.3592378568836103
067900,2021-03-31,0.2824453150101465,G5,-0.08371223567171292,0.013719406166259765,-6.972027490285405
067990,2021-03-31,0.02471291124246929,G1,0.1763705248291878,0.02180341026340949,7.541512156714967
068050,2021-03-31,0.22284221183258815,G5,-0.2209106802690543,0.026652596218666492,-8.736504302564553
068060,2021-03-31,0.2239767392551494,G5,,,
068240,2021-03-31,0.042090570817932875,G2,0.08415736993692882,0.018037398889644243,4.003766236413921
068270,2021-03-31,0.45442076038645374,G5,-0.17287794424594186,0.022932167582936692,-8.059324738813693
068290,2021-03-31,0.016457651502973767,G1,0.01832484883615021,0.029879018012838023,0.2136953618611406
068400,2021-03-31,0.07916628942726081,G3,0.2668776045262563,0.02518896346123302,10.121010483372055
068420,2021-03-31,0.3773752129870261,G5,,,
068790,2021-03-31,0.10051879065457893,G4,-0.07877246552795975,0.013946109725545237,-6.50448824675761
068930,2021-03-31,0.0646756841491043,G3,0.06811926197899279,0.015756292871768468,3.5655227512184484
069080,2021-03-31,0.47863373487332544,G5,-0.2493110269338018,0.03802994318547217,-6.869609742237102
069140,2021-03-31,0.026413819853269842,G1,0.23289430540618689,0.04587386584119164,4.816565163730837
069260,2021-03-31,0.16029187566066133,G4,0.0706671051952059,0.01150390403078358,5.1049855569217994
069330,2021-03-31,0.05849349053513827,G3,0.3423285548215047,0.05686689932525136,5.809859821299534
069410,2021-03-31,0.0985450363719346,G4,0.42237892690168394,0.045843037433201686,8.953138984952671
069510,2021-03-31,0.03967465040603578,G2,0.1261893526854388,0.012365734218658078,9.23920160302425
069540,2021-03-31,0.01826481700227889,G1,,,
069620,2021-03-31,0.08366243349811625,G3,0.28039422351331533,0.029480422186110473,9.106191917765505
069640,2021-03-31,0.014614240115793011,G1,0.9795090720105974,0.06974121720398464,13.873707249914107
070960,2021-03-31,0.0771928698470686,G3,0.23814934159691167,0.020024907915982076,11.29640651912963
071090,2021-03-31,0.06499149416967163,G3,0.3459144443335617,0.05024542355400468,6.646866111194357
071200,2021-03-31,0.03499797807743865,G2,0.1448041202136305,0.01642016726747927,8.091530176244412
071280,2021-03-31,0.0752352633949473,G3,-0.004068695813937193,0.011614401450147143,-1.3783350913512318
071320,2021-03-31,0.15831383332209997,G4,0.1384161093622971,0.014559898473140312,8.686617446253193
071460,2021-03-31,0.005321518881202666,G1,0.34484273557200734,0.04341668906031594,7.667625088584854
071670,2021-03-31,0.02680215494774549,G1,0.049380480072714894,0.02201066008592764,1.701022988711322
071850,2021-03-31,0.0009822892120143418,G1,0.4744925896648196,0.0430475299242805,10.74516352526142
071950,2021-03-31,0.021124920521544438,G1,0.2764902451588383,0.03355423672715544,7.884262307623777
071970,2021-03-31,0.1360069488893003,G4,0.8371106548120981,0.08144194326627707,10.132012823470262
072130,2021-03-31,0.06544759764306456,G3,0.2413777654561232,0.042258467868994856,5.429395237365459
072470,2021-03-31,0.027615491625975166,G1,0.09755011825554852,0.013851857642147514,6.180418482299298
072520,2021-03-31,1.561082817191356,G5,0.042519095622096624,0.030203092082823842,1.0124544291160655
072710,2021-03-31,0.09193783067399236,G3,0.07340638266403882,0.01378222395871099,4.459842009412996
072770,2021-03-31,0.039848493354074845,G2,0.5067769064961797,0.04540001292005698,10.899491726966614
072870,2021-03-31,0.12877027538229088,G4,0.25043085658721254,0.04383103028288671,5.44114554867051
072950,2021-03-31,0.021174130443418447,G1,0.33902835684842425,0.027146953523745677,12.048811123225146
072990,2021-03-31,0.22272464090602048,G5,0.21904050215525056,0.021892057153715574,9.460082231251606
073070,2021-03-31,0.45510038117329576,G5,-1.4815370648932533,0.14937980662555922,-9.997850043457998
073110,2021-03-31,0.11581709473148033,G4,0.0995162199730531,0.016588308689635622,5.27940372594643
073190,2021-03-31,0.01988939431126801,G1,0.1326087449439034,0.02388470216769702,5.0521418616331495
073240,2021-03-31,0.0007722392709485713,G1,0.8128820986004385,0.045866274755993586,17.46255307612341
073490,2021-03-31,0.10230319700305011,G4,0.057580215971991575,0.02060802005523955,2.2146899401209743
073540,2021-03-31,0.7382527619332568,G5,0.03603196960833349,0.022677111064284657,1.0623984805734874
073560,2021-03-31,0.1362056546779122,G4,0.11100572961722673,0.022185611184623005,4.465321578160926
073640,2021-03-31,0.028910859972587098,G2,0.08779613031425307,0.03323735116575247,2.282260360223097
074430,2021-03-31,0.09508732385086197,G3,0.3555483190694944,0.049210530780812,6.982417631911253
074600,2021-03-31,0.13996362038107443,G4,0.2557970301206913,0.02846836844961164,8.565899703120385
074610,2021-03-31,1.8990733167206535,G5,-0.013369339856994178,0.03218208553957091,-0.7864369478390517
075130,2021-03-31,0.006982922488737848,G1,0.8084362366807598,0.04762452585197563,16.724500268759677
075180,2021-03-31,0.045486533304269154,G2,0.1005484542581474,0.008806786061335307,10.06140178394104
075580,2021-03-31,0.09316376261972494,G3,0.18747048297863939,0.02940176059416531,5.970072477347893
075970,2021-03-31,0.04955063964352372,G2,0.04101117548447629,0.030862164191053067,0.9419732859519557
076610,2021-03-31,0.17694352690217294,G5,0.1016178355813162,0.05397972646161341,1.6613273202717622
077360,2021-03-31,0.09867302612557277,G4,0.12954103334485914,0.02233545860687761,5.265223971662965
077500,2021-03-31,0.04141962225707734,G2,0.0812343253150981,0.017584802450922705,3.9405892809231324
077970,2021-03-31,0.04419577837494103,G2,0.785700035410657,0.07262657245627421,10.653954440802893
078000,2021-03-31,0.5309686857869286,G5,0.11994789317860001,0.012715003063974257,8.494536050469444
078070,2021-03-31,0.2144900802732463,G5,-0.05407114299938949,0.015604738451417773,-4.2301884440256865
078130,2021-03-31,0.09791525774929702,G4,-0.0002825038444930518,0.022411651620599566,-0.5453567332404984
078150,2021-03-31,0.10365971660423799,G4,0.029987024382219382,0.03928515401841905,0.45938939437316745
078160,2021-03-31,0.1157165295083673,G4,-0.08626524837397888,0.018695832879100985,-5.252779604892492
078350,2021-03-31,0.07543369244331224,G3,0.36192171622515656,0.029438094002459027,11.888740994103781
078520,2021-03-31,0.09065986980560149,G3,0.3499734597634312,0.03303309922681393,10.233179035747217
078590,2021-03-31,0.12357075384352345,G4,,,
078600,2021-03-31,0.11058225533413121,G4,0.17213614793517065,0.026255953690540665,6.101332617868075
078650,2021-03-31,0.6606969921024537,G5,0.6169211354799214,0.06874905638415532,8.799848696534415
078860,2021-03-31,0.4794494137004349,G5,0.3825904696029886,0.06260043561227793,5.920895353329634
078890,2021-03-31,0.05869539864565154,G3,0.1759963400693969,0.02899205184312722,5.658671545127168
078930,2021-03-31,0.16487072562024324,G4,0.18201968402552585,0.021319327553762608,7.9777301759063945
078940,2021-03-31,0.06910440939853148,G3,-0.054440203395855466,0.02678712100802255,-2.4780581924356997
079160,2021-03-31,0.3643387976940121,G5,0.10110717511009559,0.023874029067952864,3.734909327053953
079190,2021-03-31,0.09514513844588933,G3,,,
079370,2021-03-31,0.012851538566160016,G1,-0.0881947353848597,0.025043652626893453,-3.9984014371438024
079430,2021-03-31,0.029698649296497587,G2,0.09146567091209862,0.017316860756757098,4.592392972336289
079550,2021-03-31,0.03651160742119969,G2,0.08028924413662086,0.028451608139090808,2.402303677621358
079650,2021-03-31,0.012148345133382378,G1,0.196061785310882,0.022436023322012468,8.206532031030417
079810,2021-03-31,0.045232912806606324,G2,-0.2012247110854239,0.01775129554832236,-12.008394078899267
079940,2021-03-31,0.1480237635361485,G4,0.13081440397688396,0.0418862898127213,2.8380303731494325
079950,2021-03-31,0.04448293367941774,G2,0.1374220665139045,0.01890550897441366,6.637336525236556
079960,2021-03-31,0.048788216576975046,G2,0.012261132328083587,0.01754535260653665,0.018312031992029517
079970,2021-03-31,0.046388042057142496,G2,0.14020677368156637,0.034948683065597834,3.67015066550494
080000,2021-03-31,0.00520801424012595,G1,0.06517259684623408,0.01742052312815285,3.055749542352421
080010,2021-03-31,0.07554718860628558,G3,0.10331409851497479,0.018396552153791487,4.966922958240385
080160,2021-03-31,1.7484842232662714,G5,0.19362011944262394,0.02390067989292803,7.601469037144004
080220,2021-03-31,0.02048509976287613,G1,0.05236818993737859,0.024211269611722337,1.6698153098077597
080420,2021-03-31,0.04249740506228745,G2,0.14138322992852,0.019874297472802796,6.513105121618363
080440,2021-03-31,2.4573294951754647,G5,,,
080470,2021-03-31,0.04885828101492462,G2,0.05922424287413609,0.016573233543391176,2.85305830515797
080520,2021-03-31,0.11577836166413058,G4,0.1017207129993111,0.023276356464641747,3.8571703378856848
080530,2021-03-31,0.051700380226953294,G2,0.12704755500576612,0.020824927697588893,5.527400402415419
080580,2021-03-31,0.013976252247970718,G1,-0.35575135103697897,0.029865600701179426,-12.311528436536678
081000,2021-03-31,0.02635328179388585,G1,0.07136843361983805,0.0181394084645858,3.276214462341554
081580,2021-03-31,0.029717798304653136,G2,0.0792187803926532,0.009526642164343934,7.062188120660372
081660,2021-03-31,0.18574570644069155,G5,0.32693803905798147,0.03002668035711242,10.490610152098501
082660,2021-03-31,0.15446019492989163,G4,-0.07058952208908517,0.029340732940395305,-2.8127914707032713
082740,2021-03-31,0.06058107454001267,G3,0.05227395074164788,0.03271339070604094,1.2329541084335969
082800,2021-03-31,0.12208080451801949,G4,0.05678481181866352,0.019505789408231777,2.2990595053741805
082850,2021-03-31,0.033328920822026285,G2,0.29520867959229474,0.05013020100291208,5.650662328403556
082920,2021-03-31,0.1913299071475054,G5,0.0855164014347425,0.015332835628779492,4.798627073703131
083310,2021-03-31,0.1494811956375039,G4,0.0028231517440124084,0.016927297613806135,-0.5385791479434464
083450,2021-03-31,0.16037128354363833,G4,0.2586996327055078,0.03013800354537861,8.18766216760582
083470,2021-03-31,0.012399361607828995,G1,,,
083500,2021-03-31,0.05907913630209858,G3,-0.0288710970666595,0.026243169105931514,-1.5551070898398704
083550,2021-03-31,0.08611738626533877,G3,-0.04274151594188649,0.016726495621068427,-3.2691460572800426
083640,2021-03-31,0.03937498014506156,G2,0.185092317724419,0.032044809971933444,5.403448377638499
083650,2021-03-31,0.09404216994005377,G3,0.4379665851408324,0.06237099473958792,6.830526683913618
083660,2021-03-31,0.20682396021508967,G5,0.10538955806619067,0.06966818607964416,1.3413542400762148
083790,2021-03-31,0.35931759295995036,G5,-0.17535318245317427,0.018598082582671673,-10.070555547350962
083930,2021-03-31,0.010551974243753872,G1,0.005411448368672911,0.026242747555140205,-0.2487694128616351
084010,2021-03-31,0.03689167490825764,G2,0.39618118751873066,0.03904254255287721,9.841606645583921
084110,2021-03-31,0.15604181183590285,G4,0.9550628255064108,0.07686660252156005,12.269606738141395
084370,2021-03-31,0.30534756486406445,G5,0.03878313864773473,0.026808375759808444,1.0013026383395218
084650,2021-03-31,0.46086734487756637,G5,0.4201645624293696,0.04903715174290715,8.32480490098153
084670,2021-03-31,0.3568197135824481,G5,0.054887955172460014,0.011086274940584489,3.8739896072209863
084690,2021-03-31,0.06470451138207103,G3,0.09847333028823177,0.021445380566468993,4.035064276438642
084730,2021-03-31,0.029575341134725104,G2,0.05706947343433104,0.021333088318756403,2.115475804073387
084850,2021-03-31,0.015056611012752023,G1,0.11416476469649663,0.017244405420726406,5.928005108473565
085310,2021-03-31,0.18419921958825525,G5,0.03560571412939801,0.018623946228895683,1.2707227871415543
085370,2021-03-31,0.09811424143835709,G4,0.3922867864404231,0.03609689008422492,10.536834178321673
085660,2021-03-31,0.02974798251051652,G2,0.44653613384586816,0.026047340098621766,16.68486267428982
085670,2021-03-31,0.06159517249435687,G3,0.11838861178809303,0.025596605633503505,4.158706511418082
085910,2021-03-31,0.1238847892979953,G4,0.2800361331757425,0.02659243768387762,10.081674162141285
086040,2021-03-31,0.07358490649181615,G3,0.1485450250405066,0.028003603061693357,4.878128841839288
086060,2021-03-31,0.0183173068843333,G1,0.14795635618267772,0.03214984327969603,4.2307053794796134
086280,2021-03-31,0.041323138030580145,G2,0.1171652072845422,0.01663871052197895,6.324129858242513
086390,2021-03-31,0.10728956663460933,G4,0.036143172579759075,0.019347711112639818,1.250966130774293
086450,2021-03-31,0.13624699427494752,G4,0.011211177988429398,0.011497257795538248,-0.0633771369112576
086520,2021-03-31,0.07415979549042517,G3,0.15376348314302257,0.025661110534882927,5.526792836202105
086670,2021-03-31,0.13719070234146763,G4,0.10212845626760943,0.03534260505908492,2.551838350540177
086710,2021-03-31,0.06956434748807669,G3,-0.07845688597040117,0.01498966508721826,-6.030603533452127
086820,2021-03-31,0.18350620042040747,G5,0.19247850717036685,0.019443103458476493,9.285486048361136
086900,2021-03-31,0.13866513388939788,G4,0.24669713386273148,0.0241785713752718,9.709311975023638
086960,2021-03-31,0.06278857788799895,G3,0.04797308414324789,0.01810421051712429,1.990323899477625
086980,2021-03-31,0.2725011629931567,G5,-0.03383832059639738,0.020892391753008555,-2.1911403159308684
087260,2021-03-31,0.061009453572041045,G3,-0.0927709933300969,0.01424657980966623,-7.349892816301945
087730,2021-03-31,0.2099515858851771,G5,,,
088290,2021-03-31,0.0446868933428553,G2,0.19626062808000053,0.033234764236493596,5.546023600425152
088390,2021-03-31,0.29830580982052235,G5,0.7034593324214563,0.04470418107363431,15.468787807846912
088800,2021-03-31,0.30218346223246983,G5,-0.0515794181770145,0.03489553188099679,-1.8202691296832392
088910,2021-03-31,0.007633126158494235,G1,0.0660556992271808,0.011025425564142021,4.908278382771953
089010,2021-03-31,0.0663333590368521,G3,-0.051675267284306534,0.01967552570707661,-3.2332101058559073
089030,2021-03-31,0.050363454750849225,G2,0.2699727960942073,0.030146973847758423,8.559166041919397
089230,2021-03-31,0.04089679425012631,G2,-0.03236697485218701,0.042017597613701045,-1.0544823749652157
089470,2021-03-31,0.033941143321585814,G2,0.04766229847010889,0.013502267368233942,2.645663593087331
089530,2021-03-31,0.07399515127746575,G3,-0.08893109066923467,0.04637357000267091,-2.175181508201034
089590,2021-03-31,2.0875543840684223,G5,0.10013306134437563,0.022643336378769943,3.8948862746756276
089790,2021-03-31,0.09176108185438722,G3,0.012091795173535263,0.016323423434970424,0.009308948230092203
089850,2021-03-31,0.03409170813520333,G2,0.3497899189977375,0.037460812647134495,9.01875997486508
089980,2021-03-31,0.058666074511254364,G3,-0.09852129984850201,0.02408371644883555,-4.586548814133878
090080,2021-03-31,0.018552594878398165,G1,0.5295503454820262,0.040379728658303686,12.818573116036616
090120,2021-03-31,0.08191026178159479,G3,,,
090150,2021-03-31,0.053127096209695746,G2,0.4978079351364104,0.054018077644479474,8.99454617886099
090350,2021-03-31,0.0416962815657167,G2,0.21801118347806622,0.04112453183935573,5.010910349404074
090360,2021-03-31,0.0022627095402341087,G1,0.17411405186993728,0.029007592096486342,5.590750520093669
090370,2021-03-31,0.06561540620191085,G3,0.09957027623618038,0.021228341432002886,4.127992535216691
090410,2021-03-31,0.03989390036953522,G2,0.5285038246974902,0.03383527673002637,15.26702404562383
090430,2021-03-31,0.14068219244049351,G4,-0.016287525104230694,0.01721167931055459,-1.6400123349243607
090460,2021-03-31,0.1084000000015879,G4,0.1564495777835301,0.022984606856861184,6.287239865081745
090470,2021-03-31,0.002113125748886408,G1,0.10590804821294109,0.013203188294558754,7.117084513732615
090710,2021-03-31,0.12859134573205486,G4,-0.030093864384468778,0.029381473872609334,-1.4306193704426668
090740,2021-03-31,0.020838275484186725,G1,0.038580708861148894,0.04597577302928016,0.5794544786520746
091120,2021-03-31,0.09841449288738315,G4,0.1202796054244237,0.028006193620888437,3.868421593492704
091340,2021-03-31,0.004569300135953168,G1,0.14651809805594426,0.019183668737634066,7.015251286219856
091440,2021-03-31,0.6853959771524997,G5,0.050072189552532786,0.016132394357900877,2.3637128771288762
091580,2021-03-31,0.11606985275636067,G4,0.16578999973917083,0.018368269400887493,8.375865744973018
091590,2021-03-31,0.06409652595798053,G3,0.1468932302988478,0.01942450586806729,6.94758414683082
091700,2021-03-31,0.047370849053321375,G2,-0.025189335747534385,0.010221466525873739,-3.632470636516789
091970,2021-03-31,0.04068310026806651,G2,0.10130486781812227,0.023801864267258083,3.7545389531193916
091990,2021-03-31,0.08835282511475157,G3,-0.14212737951651683,0.024958643663172762,-6.172900373335949
092040,2021-03-31,0.026229463347690732,G1,0.16762603913644508,0.025867052656832173,6.01870649633069
092070,2021-03-31,0.0464431797469019,G2,0.15581125892425968,0.02742045223807847,5.246865237861607
092130,2021-03-31,0.3388857745268381,G5,-0.021486067082706794,0.006834468576285783,-4.890783823124033
092190,2021-03-31,0.1038798211361713,G4,0.06707981252965371,0.019151179996152724,2.8791944554272644
092200,2021-03-31,0.0825571377870908,G3,0.7800407400404444,0.05461684535773767,14.063443132600936
092220,2021-03-31,0.045120748898763635,G2,0.1801669537946144,0.02783242893321494,6.044284274593535
092230,2021-03-31,0.0601231329577789,G3,0.19718094930889532,0.025542696835816475,7.2522141741629
092300,2021-03-31,0.002271053203117433,G1,0.5323518295624977,0.05411829983070877,9.616192487949428
092460,2021-03-31,0.17191033226556968,G4,0.21759779137164661,0.04400976113335762,4.673007642068863
092600,2021-03-31,0.08729113851328298,G3,0.018049700212876503,0.0212204612005433,0.2879230043727242
092730,2021-03-31,0.2918351787108325,G5,0.054948408105866334,0.020419861570366925,2.106212458288093
092780,2021-03-31,0.0529641492892051,G2,0.10011035142324848,0.016472949153856397,5.352442318002669
093050,2021-03-31,0.0690289729763762,G3,0.2388037936257209,0.02531235076034913,8.96257935518394
093190,2021-03-31,0.07054993411983664,G3,0.2364903936140546,0.017059401440231242,13.162862315594207
093230,2021-03-31,0.09634748546767208,G4,0.6839803915081062,0.0943455822711902,7.123179846476842
093240,2021-03-31,0.01289177882018932,G1,0.2814103586712525,0.028855882418318348,9.338495128824945
093320,2021-03-31,0.24189614165587958,G5,-0.08390878048197412,0.016487836272157427,-5.8132929130108115
093370,2021-03-31,0.0074188724184514766,G1,0.04248217570064898,0.01767555937558952,1.727941604665005
093380,2021-03-31,0.026341612446483347,G1,0.32047006082640817,0.033586597658591365,9.18611115936138
093520,2021-03-31,0.14609276989885284,G4,0.3250256406192084,0.030786300237512745,10.169646788797174
093920,2021-03-31,0.019973043628654336,G1,-0.011797975375839605,0.010864408933005654,-2.184915607655957
094190,2021-03-31,0.5581263302166901,G5,,,
094280,2021-03-31,0.04129174828363684,G2,0.10559599879026078,0.014617200718581379,6.407256719226949
094360,2021-03-31,0.09262142647189762,G3,-0.022164687324951617,0.025467898003748077,-1.3391183123858021
094480,2021-03-31,0.04000716960097913,G2,-0.09026748232684356,0.027866982496640998,-3.66768535520502
094820,2021-03-31,0.1040026073352242,G4,0.7744708311030313,0.05826092542523866,13.08820593335205
094840,2021-03-31,0.26622897740977736,G5,0.24095131912374415,0.046343272548695275,4.941633709904036
094940,2021-03-31,0.014206334409668873,G1,0.295011043302426,0.02914617724888433,9.712121065324965
094970,2021-03-31,0.14029665103024208,G4,0.19576923782719496,0.02105035192496359,8.732841959727553
095190,2021-03-31,0.02099347576817576,G1,-0.018531174139229792,0.013950758787826855,-2.184183374717899
095270,2021-03-31,0.4976596699388102,G5,0.9789051037903047,0.057961457481594106,16.68290109556902
095340,2021-03-31,0.17919249884720892,G5,0.13207342115668816,0.026255975649907018,4.575475750308763
095500,2021-03-31,0.06254752792169496,G3,0.07549275282378909,0.02675944139474126,2.374971533091763
095570,2021-03-31,0.017683741182314073,G1,0.3198852935613103,0.02512215679243275,12.257922551626928
095610,2021-03-31,0.21393667490405377,G5,-0.0693230315083406,0.020379127204294585,-3.987554126511216
095660,2021-03-31,0.18749799479195672,G5,0.08624366405056132,0.01803565828249287,4.119828709154822
095700,2021-03-31,0.39748515817028784,G5,-0.01976387788882815,0.03555582466770794,-0.8916603525571706
095720,2021-03-31,0.025998939907246586,G1,0.27260778592041657,0.04239006632501314,6.149269563580814
095910,2021-03-31,0.030061553452863307,G2,-0.17696934861847183,0.023016804597018495,-8.207446393874482
096040,2021-03-31,0.06879299367224623,G3,0.39605120966208146,0.08539166051133115,4.498230460587776
096240,2021-03-31,0.16458882901952215,G4,0.31234416274528554,0.029996063486794018,10.014791494480582
096350,2021-03-31,0.15263811969686278,G4,0.5141125165077062,0.04425875897499649,11.34628911582365
096530,2021-03-31,0.5513403035036407,G5,0.31356578458254275,0.051800816207875744,5.822802909171971
096610,2021-03-31,0.1600341333656408,G4,-0.1431410398485453,0.021798101161718212,-7.114421571303619
096630,2021-03-31,0.019550269978192675,G1,-0.028596993763347015,0.035133362923594015,-1.153798886868456
096640,2021-03-31,0.012347131603969904,G1,0.0801618513167922,0.032892512071825177,2.074089382348758
096690,2021-03-31,0.14215454268435068,G4,0.220818304136478,0.031182752633563807,6.698525474040696
097230,2021-03-31,0.09164866312303495,G3,0.1583853337468652,0.027562122096603726,5.313287995885823
097520,2021-03-31,0.01753429715725385,G1,-0.14547016312602623,0.01977609051804045,-7.959611848068378
097780,2021-03-31,0.1639617115955949,G4,-0.03581883810494462,0.013899818735832493,-3.4359210204423927
097950,2021-03-31,0.06232899773015292,G3,0.12333624127270544,0.016600125889621255,6.710575615122988
098120,2021-03-31,0.12142229196893575,G4,0.33219795947452657,0.03209934689100766,9.977091412236886
098460,2021-03-31,0.16040089307372188,G4,0.0670409774738608,0.032991415472488586,1.6701658723909003
098660,2021-03-31,0.0021215764475704807,G1,0.30285809393778085,0.03970733155473131,7.326562659264757
099190,2021-03-31,0.15321631796855442,G4,0.23443008682210617,0.025881320476571854,8.596556955185742
099320,2021-03-31,0.062228396633960216,G3,-0.10666396155176426,0.022282302415848027,-5.322780411473545
099440,2021-03-31,0.03906059230541479,G2,0.09879095027992818,0.012285458457926548,7.069423522738038
099520,2021-03-31,0.0461092689138246,G2,,,
099750,2021-03-31,0.03725053779657143,G2,0.6221327924046549,0.03115511572797411,19.585642257362014
100030,2021-03-31,0.10460573660365793,G4,-0.09384734625864947,0.02147903030139862,-4.925137962192005
100090,2021-03-31,0.10745459815114895,G4,-0.18088099753792977,0.02357353344418166,-8.179547595795928
100120,2021-03-31,0.19601929639362026,G5,0.04249081832497641,0.015169885470318521,2.0139227230760155
100220,2021-03-31,0.1632379820486592,G4,0.7983408920818691,0.05457049662381028,14.41073656032854
100250,2021-03-31,0.027812904035002774,G2,0.10361551368969367,0.015682141690127646,5.8458643105848775
100700,2021-03-31,0.2851241851349482,G5,0.1656766899573157,0.02831884929985164,5.428781623845142
101000,2021-03-31,0.3090472163583135,G5,0.24672597966634113,0.03310063317102687,7.093101125389023
101060,2021-03-31,0.060707615023512275,G3,0.09529041447941425,0.041297217616727944,2.0183096590945833
101160,2021-03-31,0.2353600402357069,G5,0.026078390375287287,0.030191834449824127,0.46829049519806165
101170,2021-03-31,0.04490524375665772,G2,0.13643985592594,0.02341263621834109,5.317641870613758
101330,2021-03-31,0.008954768071604394,G1,-0.0899161940919477,0.026154468973736703,-3.8944027295705683
101400,2021-03-31,0.0029782313445479154,G1,0.35418790211006823,0.04028918821045063,8.494786716785995
101490,2021-03-31,0.12476718928998595,G4,0.03198849073044881,0.025496731153924704,0.7863223461695197
101530,2021-03-31,0.06462617749143153,G3,0.20879063961551503,0.02606622335427062,7.5519493434181095
101730,2021-03-31,0.04295347512778562,G2,0.055070917954453416,0.049976363501839226,0.8630295136024624
101930,2021-03-31,0.00652422356051757,G1,0.3612453515088049,0.03682809760476501,9.484755742413602
102120,2021-03-31,0.07417201735431235,G3,0.20759596663622043,0.040272524573993294,4.8583029605431705
102260,2021-03-31,0.06745914696943318,G3,0.10029141840435392,0.017545391991772852,5.0356000695761765
102280,2021-03-31,0.016369501331902472,G1,0.4714244851766033,0.0755374002638349,6.082876062743582
102460,2021-03-31,0.04412331734671929,G2,1.20539087048517,0.07345707726395512,16.246916888986362
102940,2021-03-31,0.007306507040018274,G1,0.5144352486128733,0.032495990277219354,15.463304951051025
103140,2021-03-31,0.08608889779177646,G3,0.15273007521543716,0.027306870216019314,5.155853923640164
103160,2021-03-31,0.03038496599852971,G2,,,
103590,2021-03-31,0.04016647853919907,G2,0.4078456338887855,0.03438023453118086,11.515505871836938
104460,2021-03-31,0.12338931002149724,G4,-0.0043526901307584295,0.017740045204801706,-0.9184041648433776
104830,2021-03-31,0.150984315357234,G4,-0.061283288971879096,0.017720677321616897,-4.132072883715216
105330,2021-03-31,0.00048426067483881523,G1,0.2406360435349503,0.023279259228435666,9.824032630117205
105740,2021-03-31,0.028467609368940945,G2,-0.03285338574564682,0.01814272032311489,-2.4689366433334077
105840,2021-03-31,0.03637649948879861,G2,0.7111739763169326,0.06450236354555058,10.840442064627645
106080,2021-03-31,0.5156259474021703,G5,,,
106240,2021-03-31,0.029495509867020386,G2,0.3288002775784129,0.03691189688928789,8.584236059689658
106520,2021-03-31,0.31872725313555067,G5,0.2186593716613103,0.043351526991392754,4.768448650782527
107590,2021-03-31,0.10400491543953705,G4,0.14047393373585554,0.03229174209418909,3.9804013078979734
108230,2021-03-31,0.042423308179871076,G2,0.0353494336203865,0.015439030838592837,1.5162604826222936
108320,2021-03-31,0.1460496012599858,G4,0.5067666749124393,0.031246960713514946,15.835998840955286
108380,2021-03-31,0.08777210838897395,G3,0.14207110264692063,0.02862251682921938,4.546464664638943
108490,2021-03-31,0.21567826058508285,G5,0.0005602980210483001,0.017887939752402843,-0.6361572884470591
108670,2021-03-31,0.03618841081684666,G2,0.16329391613263985,0.02398139835303165,6.311311485456598
108860,2021-03-31,0.1511790575413334,G4,0.3537668652188756,0.0373538051070722,9.151063003332856
109070,2021-03-31,0.011207647748953513,G1,,,
109610,2021-03-31,0.035169532328901555,G2,0.130290394539894,0.021330814830635994,5.548337192448641
109740,2021-03-31,0.03982746668145436,G2,0.24065481806623001,0.019780362567173335,11.562729248247178
109860,2021-03-31,0.02521056825434423,G1,0.19966812099051803,0.011715781279382179,16.02353912590083
109960,2021-03-31,0.5310010526618661,G5,0.38179246613562484,0.05186128178299258,7.131575081645461
110790,2021-03-31,0.15912751261508526,G4,0.18387545709679887,0.02961909949100958,5.804890046679037
110990,2021-03-31,0.02210749962976852,G1,0.21546796922302885,0.03633196943441787,5.601901882048323
111110,2021-03-31,0.04300585322174622,G2,0.39348052292698,0.03256892413017162,11.71486906144628
111770,2021-03-31,0.13018966555186015,G4,0.12272164125824502,0.024420932044136662,4.536346106208583
111820,2021-03-31,0.050449965470492276,G2,,,
111870,2021-03-31,0.35378954114601174,G5,-0.0978978504700109,0.01986397927041769,-5.529490856015304
112240,2021-03-31,0.03502004968984298,G2,,,
112610,2021-03-31,0.13031994475963204,G4,0.049077976489412714,0.02954343748763024,1.257068857851125
113810,2021-03-31,0.005678349792961842,G1,0.13486488059771526,0.042519758074374345,2.891009848006591
114090,2021-03-31,8.851210191965666,G5,0.008411708398043005,0.01648575475455945,-0.21401100066846934
114120,2021-03-31,0.21797691490909307,G5,0.16863379736459727,0.04960547542064911,3.1588036354053277
114190,2021-03-31,0.019333150269459653,G1,,,
114630,2021-03-31,0.12678168329718073,G4,0.0421572491229261,0.02186406333053473,1.3820581927643831
114810,2021-03-31,0.17649702625103328,G5,0.22464693127458243,0.027506277892474177,7.733037920879098
115160,2021-03-31,0.043751072367324,G2,0.1386670128898981,0.021120352790063645,6.000239336895801
115310,2021-03-31,0.4715554530912988,G5,0.09064397098014751,0.011597517302689594,6.786291208382495
115390,2021-03-31,0.05344981663586173,G2,-0.059823238669134006,0.021326503406609867,-3.3649716772948928
115440,2021-03-31,0.04679682782965098,G2,0.06026067197177159,0.012659132526191781,3.8170728209025704
115450,2021-03-31,0.3053751063439221,G5,0.019301544176520392,0.032634566258370336,0.22557992186554535
115480,2021-03-31,0.10392628891173568,G4,-0.07645983477244778,0.02958439399201783,-2.988050932060334
115530,2021-03-31,0.065122107789785,G3,,,
115570,2021-03-31,0.013157061651733694,G1,-0.0237745993451725,0.031179749995194912,-1.1454370423277183
115960,2021-03-31,0.09064208681056897,G3,0.06372014472991978,0.023272904288132286,2.224917991283246
117580,2021-03-31,0.06597495496879309,G3,0.3127961678603481,0.021605789510187354,13.924801333857758
117670,2021-03-31,0.06040945808180458,G3,-0.06684733682930588,0.02023107571864299,-3.8943642540245422
117730,2021-03-31,0.0750340655601921,G3,-0.0982096844753655,0.019495546541204466,-5.649983985440069
118000,2021-03-31,0.6638238604956556,G5,-0.16979216183253704,0.036169569358381864,-5.0244447563560515
118990,2021-03-31,0.08017686862856471,G3,0.04134192144686351,0.01626507702090982,1.8076815830151904
119610,2021-03-31,0.19049652389794164,G5,0.21296079143654723,0.020997467067872633,9.573580923685787
119650,2021-03-31,0.017072730109547494,G1,-0.22166133874481783,0.022851421662113743,-10.222610368349883
119830,2021-03-31,0.01027047692196173,G1,0.24808852940269904,0.027697149131314103,8.526100899889029
119850,2021-03-31,0.02863226821269227,G2,-0.03427575409939331,0.01444540202864913,-3.199329120614059
119860,2021-03-31,0.18485760736532209,G5,-0.08828419460777798,0.013627130095128698,-7.354742721172553
120110,2021-03-31,0.06334773232585365,G3,0.3213833265871111,0.025374147505843592,12.195226864114584
121440,2021-03-31,0.14410526830507114,G4,0.2324623880234061,0.022094595823350018,9.980836423380605
121600,2021-03-31,0.0916518985235618,G3,0.11937418911206839,0.022183007648563347,4.8430920434355516
121800,2021-03-31,0.24619507516683145,G5,-0.3633141121872333,0.03788123088663892,-9.906065475539506
121850,2021-03-31,0.47960590183035356,G5,-0.6654155385820799,0.05563510804037791,-12.17496296332024
122310,2021-03-31,0.15294878482414678,G4,0.0841014170412886,0.01315698885943978,5.484657359094242
122450,2021-03-31,0.12591123484881242,G4,0.21259983368657828,0.027011454114973885,7.4287001196836915
122640,2021-03-31,0.05230185375424729,G2,-0.11911453992728423,0.02358620409053573,-5.556399863838741
122690,2021-03-31,0.015380560919483557,G1,0.07821295235840711,0.025805885567171487,2.56813938495
122900,2021-03-31,0.012099940308495932,G1,0.26770000842996394,0.03759384293359397,6.803246148894628
122990,2021-03-31,0.04374478277697217,G2,0.0016670839558538889,0.013368352507013933,-0.7684385423407697
123040,2021-03-31,0.05039931024674502,G2,0.05952234920939559,0.0324766946755054,1.4651277913279168
123330,2021-03-31,0.03258713294441974,G2,0.4563506500406858,0.0416869605948365,10.660667087009719
123410,2021-03-31,0.06918257920647151,G3,0.2939803685226009,0.029435904584249956,9.58151384291648
123420,2021-03-31,0.08370356162844893,G3,0.111035821226312,0.013268461874590224,7.4685356066964
123570,2021-03-31,0.3068262973114172,G5,0.4702398885399977,0.044995488524006824,10.185466639075065
123690,2021-03-31,0.015984059385906094,G1,0.0005465726764465034,0.012434526615031848,-0.916260742859455
123700,2021-03-31,0.11340394570289365,G4,0.4593515283656159,0.051447329910342676,8.696499660438734
123750,2021-03-31,0.17851238401965913,G5,0.08743558714143915,0.04089830683146967,1.8459381749639283
123840,2021-03-31,0.8804047802765266,G5,0.10830135168146916,0.02547359429079319,3.782799918677178
124500,2021-03-31,0.0003646701141910836,G1,0.2133160648370694,0.03576589134700827,5.630398572020289
124560,2021-03-31,0.06968706537257499,G3,0.39459815252555563,0.03713000200919805,10.305906020713927
126340,2021-03-31,0.13291024212556557,G4,-0.02697796754388779,0.022458963686342887,-1.7328408094534942
126560,2021-03-31,0.1343172098650778,G4,-0.035928011302927686,0.019939781905116048,-2.400620668799153
126600,2021-03-31,0.08694439330621796,G3,0.1475762441334202,0.02015251611985959,6.7304946963875185
126700,2021-03-31,0.1688243863572684,G4,0.24468870809371684,0.0235967073812273,9.863616269151276
126880,2021-03-31,0.02234519960960507,G1,-0.07025789925223848,0.016283670226478288,-5.047863250658378
127120,2021-03-31,0.4657766307199259,G5,0.1292456000091879,0.06384297960217408,1.837410463457629
127160,2021-03-31,1.1149380454905398,G5,,,
127710,2021-03-31,0.08713245904455322,G3,1.1481841833827164,0.05535137200156385,20.527844225447073
128540,2021-03-31,0.06029284881884011,G3,0.12117409503287131,0.02425674590124192,4.503252588280499
128820,2021-03-31,0.018254509339549214,G1,0.24733971300761162,0.04033068887072035,5.836743143474253
129260,2021-03-31,0.03270659109244281,G2,0.09211214942945949,0.02476518701450695,3.2372987174558747
129890,2021-03-31,0.08731093673184298,G3,-0.05740453677727008,0.017816521852956867,-3.8921389157448143
130500,2021-03-31,0.01985742018376154,G1,0.1916915087487613,0.025460573827376497,7.060000638541854
130580,2021-03-31,0.1814758469580357,G5,0.07081536802736817,0.016545319986072258,3.5584398976319553
130660,2021-03-31,0.08943527769588966,G3,1.1416068052967625,0.07411941459670428,15.241174936062594
130740,2021-03-31,0.002772797957986059,G1,0.14622025391448934,0.036418208840551865,3.6871778409685585
131090,2021-03-31,0.10668280094005474,G4,0.1450644959066636,0.01275872863294056,10.434006276543915
131100,2021-03-31,0.6506903829815894,G5,-0.11099792688203423,0.026186277149400104,-4.6947402049738045
131180,2021-03-31,0.08684046795704878,G3,0.1379350160907408,0.015503858748968077,8.126697802202672
131220,2021-03-31,0.0556013182540501,G2,0.15429348512013577,0.048156278815767714,2.9560764940933093
131290,2021-03-31,0.19262752302266745,G5,0.08834757366521301,0.02268311241352855,3.368485373717984
131370,2021-03-31,0.28759963032041724,G5,0.1853452135162327,0.030421672088831668,5.700060527246681
131390,2021-03-31,0.05947181073719125,G3,0.07576520461139662,0.018713443038238395,3.41066917569027
131760,2021-03-31,0.07634992250865424,G3,0.12127589816440364,0.015170235028247731,7.207275081168698
133750,2021-03-31,0.11938079940318211,G4,0.5499043541368274,0.048557402253183966,11.078939315204225
136480,2021-03-31,0.03442319746300396,G2,0.17503438734660934,0.041728549216541455,3.908464328113195
136490,2021-03-31,0.06015310900466208,G3,0.07757186087931668,0.03130679704993678,2.0964143826271093
136510,2021-03-31,0.20083018143190381,G5,2.184663002349197,0.10205950662661074,21.28878761905405
136540,2021-03-31,0.022571144077897995,G1,0.06317530171398641,0.012246338741928204,4.183736994692837
137400,2021-03-31,0.07755577621558025,G3,0.055028898836827114,0.020544035216022934,2.0973999077542156
137940,2021-03-31,0.3385267917947686,G5,0.421678842651087,0.05754188061511057,7.120709246921064
137950,2021-03-31,0.10883388684028567,G4,0.6377922956064703,0.036603245837475984,17.098277489256276
138070,2021-03-31,0.026291385109080447,G1,0.7474517682146754,0.06181063755888494,11.899439255000992
138080,2021-03-31,0.05213690763903016,G2,-0.022115387444929933,0.019786155430434993,-1.721164520035436
138250,2021-03-31,0.03681203807488093,G2,0.20891095778937668,0.031078559800807287,6.337845697548024
138490,2021-03-31,0.07157804574966657,G3,0.2696763678303558,0.028251509672248175,9.122929342558018
138580,2021-03-31,0.2663633885919471,G5,-0.0032738764102370147,0.01584163445052498,-0.9603628797010964
138690,2021-03-31,0.6134615475657755,G5,0.1814717667477923,0.02809086110718121,6.035127397166602
139050,2021-03-31,0.004834692293768556,G1,-0.21515211998956912,0.03915259040287739,-5.800177176596749
139480,2021-03-31,0.020904090464683632,G1,-0.06010960150680872,0.014352183643638269,-5.020103181900582
139670,2021-03-31,0.0520103123095692,G2,-0.9279232838604538,0.05595844939792657,-16.795732105563307
140070,2021-03-31,0.1917848885304743,G5,0.11978070088030922,0.036417216687224606,2.9612603438828766
140520,2021-03-31,0.050682362896658714,G2,0.2642696543010504,0.04317360543669113,5.844538821322678
140670,2021-03-31,0.01054135402774281,G1,0.38214421294145523,0.028030948158755814,13.20698713346862
140860,2021-03-31,0.08948337725562848,G3,-0.007653925887537605,0.02418299355626749,-0.8102291848934786
141000,2021-03-31,0.07318198330714885,G3,0.05778035409581581,0.017901296194033432,2.560737073399935
142210,2021-03-31,0.03966047843864938,G2,-0.025102790695441822,0.014911894908355584,-2.4840995857962334
142280,2021-03-31,0.07388711700018362,G3,0.08823529507420627,0.02527041945828324,3.019160561632727
143160,2021-03-31,0.09453379872479271,G3,-0.041377646974990086,0.015577265611116041,-3.4227758308739125
143210,2021-03-31,0.06884037439580222,G3,-0.02456638165800381,0.009209718723786219,-3.963880333669619
143540,2021-03-31,0.15427443817695238,G4,0.3331646585652929,0.03126792408293724,10.27330168908599
144510,2021-03-31,0.1357347767731616,G4,0.013114462351932185,0.03436226516130399,0.0341834589942487
144960,2021-03-31,0.08304501707361409,G3,-0.003273738367646526,0.014248171032583861,-1.0677566687468967
145020,2021-03-31,0.4615578862975934,G5,0.31987626357973253,0.02858454154426626,10.772830546644183
145210,2021-03-31,0.1747450713839508,G4,0.31774896643050776,0.044927758079029316,6.8066856267953275
145720,2021-03-31,0.19775818656321956,G5,0.03195198085317357,0.02509968622181331,0.7973063649672413
145990,2021-03-31,0.04130465745620282,G2,0.1020875118922183,0.01562748125939136,5.768534873027133
148140,2021-03-31,0.007811941404970877,G1,-0.7043067803104345,0.04729449017344965,-15.144398828563011
149980,2021-03-31,0.07071700997161784,G3,0.12275489640118928,0.0208333799379088,5.31911074734959
150840,2021-03-31,0.7481933934714704,G5,0.17262582028132106,0.030165560795357378,5.3268023127953965
150900,2021-03-31,0.29283700489090636,G5,0.0011454189733118361,0.02039399789579956,-0.5292940771928137
151860,2021-03-31,0.0832401097328373,G3,1.364035350472883,0.06678298225954808,20.246108566224297
151910,2021-03-31,0.049699251620593125,G2,0.08009483389890117,0.07323713821733274,0.9306069883125218
153360,2021-03-31,1.933459317359086,G5,0.3963517473907336,0.01086553962840962,35.378998123184644
153490,2021-03-31,0.054390104317465826,G2,0.3399005235806546,0.045206913518508286,7.2546576792185125
154030,2021-03-31,0.15607355440576834,G4,0.20506012938658968,0.030363031024300585,6.360375812355084
154040,2021-03-31,0.027096595788687207,G1,0.010523443337506915,0.013575316413005994,-0.10433627395803
155650,2021-03-31,0.04878174177711959,G2,-0.10457658973682302,0.017116310229149608,-6.8073334408389705
155660,2021-03-31,0.06863850164500333,G3,0.2668443272889216,0.029301257840212723,8.699438345245788
155900,2021-03-31,0.1562974603821342,G4,0.08383693973663821,0.012557744208325698,5.725319553740366
156100,2021-03-31,0.490310233155925,G5,-0.4452428228857912,0.06020457348289439,-7.593819500864488
158310,2021-03-31,2.949619793968,G5,,,
158430,2021-03-31,0.07806477461062122,G3,0.006995322587752588,0.012673742778546802,-0.39013879076498115
159580,2021-03-31,0.04367406285707226,G2,0.34981030172583216,0.03492584829686161,9.673937124852928
159910,2021-03-31,0.28185642380633646,G5,,,
160550,2021-03-31,0.04741503306859462,G2,-0.23875582452693203,0.03624214283979817,-6.917241811692208
160600,2021-03-31,0.6347088877832575,G5,,,
160980,2021-03-31,0.15538739894686185,G4,0.017891251231473417,0.02554778787083286,0.23295206581962868
161000,2021-03-31,0.10027603652366288,G4,0.03381166030388526,0.02855699667399686,0.7659005351203415
161570,2021-03-31,0.22817141761799253,G5,0.051727750508293785,0.018988563094270952,2.09536177334329
161580,2021-03-31,0.17495200153800858,G4,-0.0816581106141755,0.01860440526952888,-5.030956406723499
161890,2021-03-31,0.061336698122482276,G3,0.01773674381338921,0.015391342991339919,0.3766339653927302
163560,2021-03-31,0.04267331957392332,G2,0.09826192106893288,0.02118614472306089,4.074459082927484
163730,2021-03-31,0.0069957087481329295,G1,-0.007112251828411881,0.02045043290048793,-0.9316229730177773
166480,2021-03-31,0.33747736594476885,G5,0.16609896983064898,0.025012922190988416,6.16317947114343
168330,2021-03-31,0.07181331699589129,G3,,,
169330,2021-03-31,0.11134979315590555,G4,0.009095793659318415,0.010568238293876429,-0.2691127443796158
170030,2021-03-31,0.06924353964003457,G3,-0.03858223024030208,0.013516427235052472,-3.737827358632409
170900,2021-03-31,0.006241337062525949,G1,0.0322516619190764,0.012836326459368785,1.5823702142142282
170920,2021-03-31,0.11755668410735512,G4,0.011519316252337491,0.022398886905633675,-0.018774371212079734
171010,2021-03-31,0.09213809469442125,G3,0.1227646633084412,0.011841220752444474,9.35923958817519
171090,2021-03-31,0.0404012137758132,G2,0.6652041712084379,0.056389667211436234,11.58482328844299
172580,2021-03-31,0.6479485022664186,G5,0.1889503732216499,0.011441810927928484,15.47049964964384
173940,2021-03-31,0.25444153346309906,G5,0.08657785673963163,0.01626752895732488,4.588159373534274
174880,2021-03-31,0.24678215952133764,G5,-0.192246831354134,0.022016543830121443,-9.274238236458432
175140,2021-03-31,0.11345567973701474,G4,0.26914594229394695,0.028582047604721154,8.998868960725565
176440,2021-03-31,22.55730690694631,G5,,,
177350,2021-03-31,0.3674542658386686,G5,-0.13020307232997128,0.027054016864650084,-5.254040991803418
177830,2021-03-31,0.07386735794029946,G3,0.11330950994021224,0.015593510528014973,6.500759946790197
178320,2021-03-31,0.06872178670435274,G3,-0.06110487857091032,0.02186528345295731,-3.340671068724342
178780,2021-03-31,0.11565099149708678,G4,,,
179900,2021-03-31,0.030822389296103335,G2,-0.2374545419096071,0.020346193860473018,-12.257544820899014
180400,2021-03-31,0.4427209671031695,G5,,,
180640,2021-03-31,0.877995461511306,G5,0.17314629355034183,0.032936605092878615,4.894446523128634
181340,2021-03-31,0.1544564765189522,G4,0.2531269122232136,0.05174207193966711,4.661333841339096
181710,2021-03-31,0.06339563515046108,G3,0.14447629979622212,0.01172706204330187,11.301761518528124
182360,2021-03-31,0.13324377782416585,G4,0.18501768756575587,0.022659504294207787,7.638200908929712
183190,2021-03-31,0.03492389145546305,G2,0.11621389188601729,0.026841289400416073,3.8848376119576304
183300,2021-03-31,0.23045379422346482,G5,0.11210354371690971,0.028205606862634937,3.551198275395351
184230,2021-03-31,0.10456371927984355,G4,0.27464650399329515,0.03818722656095703,6.879438136312512
185490,2021-03-31,3.5071605850768264,G5,1.3856847770917344,0.09469281659961587,14.507382768329926
185750,2021-03-31,0.07013228407013807,G3,0.004040973750202094,0.018998484916767682,-0.4157630229065147
187220,2021-03-31,0.1270174897274016,G4,0.02210858876402718,0.02453794218316103,0.4144091390501422
187270,2021-03-31,0.05799552276621471,G3,0.16565756088413208,0.01946621217615419,7.89664256318919
187420,2021-03-31,0.0015303640262484743,G1,0.3544834319190199,0.051382617833397745,6.666526640581782
187790,2021-03-31,0.04955181260798356,G2,0.21527761337875778,0.020164843771157848,10.083776220461194
189300,2021-03-31,0.10476292001825555,G4,-0.0003259453908122875,0.03269397582914616,-0.37516962527753456
189690,2021-03-31,0.06622448833039503,G3,0.30946479780066827,0.03036436334268393,9.79849151365505
189980,2021-03-31,0.03313798781309245,G2,-0.30852381663758793,0.01968170174167419,-16.282314512920237
190510,2021-03-31,0.046489510446330234,G2,-0.18699175467461585,0.01926460223710819,-10.32627580346651
191410,2021-03-31,0.1379632946950147,G4,0.5057016439482096,0.057066224928598794,8.652435013813559
191420,2021-03-31,0.5431392167934364,G5,0.04069792446333468,0.018704962309157757,1.5374574253706872
192390,2021-03-31,0.09143262173513116,G3,0.3204835953010783,0.03938830292141807,7.833385323729219
192440,2021-03-31,0.1211719091732261,G4,-0.06033585114739529,0.011875591911363191,-6.086070737078743
192650,2021-03-31,0.07321904357011448,G3,0.2408304303198594,0.018903603453355518,12.108304621116485
192820,2021-03-31,0.06751950731363945,G3,0.11540617517248421,0.027690807792980835,3.736486659261344
193250,2021-03-31,0.0659321020430995,G3,0.09326420320652531,0.02738876242892879,2.9692601901131157
194370,2021-03-31,0.047254197456453116,G2,0.10710020867493752,0.04035112827048233,2.358307474507671
194700,2021-03-31,0.12851669089800524,G4,0.1046254510608419,0.022903463827404918,4.046794427666376
195440,2021-03-31,0.06536391821295622,G3,-1.1680640944203957,0.1513688206696928,-7.795554794373175
195990,2021-03-31,0.136548017375047,G4,0.619284579426671,0.0672179236882025,9.035458175918421
196170,2021-03-31,0.12341502896456144,G4,-0.04478746745959618,0.027519435538722554,-2.061354370790655
196700,2021-03-31,0.006726678733102111,G1,1.5697929720900503,0.08562754118912189,18.19336523256513
197140,2021-03-31,0.017217261054637382,G1,0.2420134724769881,0.04646361726538813,4.951694352444107
197210,2021-03-31,10.533154570230607,G5,,,
198080,2021-03-31,0.014269474869474944,G1,0.10195683401856473,0.01136907734857057,7.917704312218553
200130,2021-03-31,0.1636821978232552,G4,-0.08665840721942922,0.014607430741821255,-6.749869311855265
200710,2021-03-31,0.04600652202298564,G2,-0.07764479835415997,0.016704907839853827,-5.3627736520805085
200880,2021-03-31,0.032869169735606746,G2,-0.023537956074858358,0.024240283818934585,-1.4635883642990668
201490,2021-03-31,0.38633657090106527,G5,-0.075483922096164,0.014592470615699148,-5.991018633400664
203450,2021-03-31,0.023260444385272135,G1,0.0875491347612137,0.023694484794711073,3.191008124736667
203650,2021-03-31,0.026075255563986714,G1,0.2984758431916507,0.03986858105526333,7.187012788958584
204020,2021-03-31,0.1180146371668317,G4,0.3465678931776657,0.034942071392358845,9.576651828975459
204270,2021-03-31,0.10512267362775778,G4,0.020988462002229105,0.01615393905399395,0.5601494906067908
204320,2021-03-31,0.04781655837412413,G2,0.03407210099004377,0.02730970988430636,0.8104172403867578
204620,2021-03-31,0.4099569724141714,G5,0.16118501942397082,0.0266690745426479,5.596188870951029
204840,2021-03-31,0.378875484332355,G5,0.1399599109866946,0.039046792745577735,3.278632141467044
205100,2021-03-31,0.15554001487035918,G4,-0.014148377364792433,0.024609336907363038,-1.0600943346355736
205470,2021-03-31,0.5876983875287781,G5,1.2830072807575836,0.09305092488960091,13.659911935273982
205500,2021-03-31,0.8448128426459094,G5,1.0278846580490624,0.07693262572606005,13.205643343004754
206400,2021-03-31,0.019602539181369432,G1,0.011250356708191415,0.02393259616294417,-0.028809434503281866
207760,2021-03-31,0.22399468397091046,G5,0.09211024744051091,0.029756422903341528,2.694221897272029
207940,2021-03-31,0.28487971960872865,G5,0.13301375131774645,0.02257691313933941,5.36273091457036
208140,2021-03-31,0.09129214228917555,G3,0.162568823832161,0.02734836816809055,5.507786849895864
208340,2021-03-31,162.6184243,G5,-0.47667932164569476,0.029696471498052834,-16.45377845470881
208350,2021-03-31,0.3067670710880953,G5,0.1947764257051409,0.03353558065506757,5.452017852795734
208370,2021-03-31,0.3921931977085926,G5,0.1233436544699841,0.028864501546349522,3.859543980735466
208640,2021-03-31,0.41080752849405383,G5,-0.07617693320108504,0.062193720127685585,-1.4168114447892792
208710,2021-03-31,0.12778844548753307,G4,0.6572444715333565,0.05864506029090999,11.003563250893917
208860,2021-03-31,0.2704515600747615,G5,-0.4876507156897355,0.0368310370253566,-13.564390180369614
210540,2021-03-31,0.14191456743551945,G4,-0.08501647468615861,0.024331260980631965,-3.984845505260845
210980,2021-03-31,0.0940103033932988,G3,-0.05588297496288697,0.013254008769558411,-5.117154923610927
213090,2021-03-31,0.11855643474813915,G4,0.44679750088612175,0.0323002843550318,13.462966914981276
213500,2021-03-31,0.03741595678556415,G2,0.1412308926486896,0.01859888099010692,6.951550012477664
214150,2021-03-31,0.5109887394736026,G5,0.23947071942857878,0.021291046293896054,10.686693129964615
214180,2021-03-31,0.1712322895777875,G4,0.13836269018813474,0.016052454568186235,7.875608579440945
214260,2021-03-31,0.0983512118764087,G4,0.26546969771517565,0.031486958978589254,8.051900363503874
214270,2021-03-31,0.048940063076251934,G2,-0.03422260439969092,0.02606742537262888,-1.7708862693437808
214310,2021-03-31,0.1245004213821552,G4,-0.16906621280806772,0.026012503526460107,-6.958424970275863
214320,2021-03-31,0.07672340075389843,G3,0.0758956021234763,0.013109962474896214,4.878409146944668
214330,2021-03-31,0.03399550311909811,G2,0.0419337784691583,0.025330084237073707,1.1841230735197168
214370,2021-03-31,0.5095279400270544,G5,0.059063088506538505,0.014963659306416301,3.1491793732894715
214420,2021-03-31,0.06944553594143615,G3,0.1543160137445985,0.02621716655781413,5.430646830609598
214450,2021-03-31,0.35589775310505894,G5,0.32163458700089564,0.02229295425625171,13.892045987767876
214610,2021-03-31,0.10832840096924518,G4,0.4911036632577018,0.05013707533786794,9.557075652275907
214680,2021-03-31,0.07358946334771327,G3,0.2032063514874182,0.01932353083282792,9.898113956101774
214870,2021-03-31,0.765450669819065,G5,0.03741724972970938,0.017885735394801188,1.424454063391411
215000,2021-03-31,0.28615166421548294,G5,0.430145334131193,0.02799118576505478,14.940613676447203
215100,2021-03-31,0.13207950953666078,G4,-0.09366136496217875,0.0257392629292801,-4.10272844728167
215200,2021-03-31,0.07490583826976188,G3,0.1679602131901377,0.020491285987721142,7.613986355653204
215600,2021-03-31,17.902631858667103,G5,,,
215790,2021-03-31,0.034074051860879265,G2,0.10186177775158714,0.0182610228802568,4.924255178441644
216050,2021-03-31,0.36308086373131626,G5,-0.05264739252426909,0.020148246114093972,-3.205600796633643
217270,2021-03-31,0.5738685644194252,G5,-0.06640014182550952,0.022208070672751313,-3.527545649945709
217480,2021-03-31,0.2601790519096809,G5,-0.0357802930828679,0.018445121319977515,-2.587141256751968
217500,2021-03-31,0.13300470834772804,G4,-0.0872710966698872,0.026624106670616345,-3.7263574386599965
217620,2021-03-31,0.1596371597299854,G4,-0.0029835135579087887,0.025894011834626564,-0.5763245542273947
217730,2021-03-31,4.093893954136941,G5,-0.04212750726888832,0.023217319168267983,-2.3287507117800894
217820,2021-03-31,0.014289321673309615,G1,0.10666101906556154,0.04008018554793182,2.3632918984979097
218150,2021-03-31,0.029392765671418696,G2,-0.011406918902484308,0.0349904830603048,-0.6672317193246027
218410,2021-03-31,0.003272029830646418,G1,0.07623139453600061,0.01952332592136801,3.2930635653525173
219420,2021-03-31,0.2802822677957758,G5,0.03918246328740531,0.012171422855622997,2.2382446440909263
219550,2021-03-31,0.4164559364647805,G5,-0.35556098756559995,0.023195414247695095,-15.84368465727916
219750,2021-03-31,0.5191580378917116,G5,-0.27779454272903686,0.03268829755965172,-8.863550739225623
220100,2021-03-31,0.3296406721840143,G5,-0.12166856816446889,0.03236181971813304,-4.128581476505983
220630,2021-03-31,0.12613025658592195,G4,0.3010895867629469,0.02846661756212183,10.157502726205632
221980,2021-03-31,0.13486090171212578,G4,0.19421096631176354,0.03645328403565594,5.000129065563421
222800,2021-03-31,0.05409531613774655,G2,0.11845610539951791,0.023271996763621787,4.577014392515741
222980,2021-03-31,0.04777750709308851,G2,-0.043964973498476285,0.040833847005368636,-1.3690802818790853
223250,2021-03-31,0.11467878006919283,G4,-0.07983454259460582,0.019177912556643355,-4.785420915513343
223310,2021-03-31,0.2985965792568135,G5,,,
224110,2021-03-31,0.051644710602831594,G2,0.010537615354087988,0.03407463889669279,-0.04115160016822243
225190,2021-03-31,0.06528388380341119,G3,0.07984896534163151,0.011360713690423276,5.977540313249467
225530,2021-03-31,0.14610380111707755,G4,0.10710841657920911,0.028641293089957557,3.322775092956143
226320,2021-03-31,0.07760237947507342,G3,0.02149843507560939,0.016850239189263677,0.5672675443004102
226340,2021-03-31,0.09326134760428544,G3,0.12857305199548955,0.032015871515629554,3.642980971756778
226360,2021-03-31,0.18522042420576892,G5,0.02239828090193797,0.04453102020311831,0.23485740017616663
227100,2021-03-31,0.1529131198619262,G4,0.687722280000572,0.062287598325516384,10.849389876923437
227610,2021-03-31,0.13644817184491737,G4,0.2604574849356232,0.039104926251306016,6.355149273743536
227950,2021-03-31,0.010766937773993427,G1,0.26589865916687083,0.06111826608833461,4.155203250203161
228670,2021-03-31,0.022245976000181272,G1,0.17351633966212252,0.025415276705076983,6.357455803737308
228850,2021-03-31,0.19138407875728625,G5,0.13643099695040836,0.018894479228164424,6.588758238702791
229640,2021-03-31,0.037111977244404716,G2,0.2288487426783228,0.018960173917987818,11.440237961250801
230360,2021-03-31,0.17485613278149997,G4,-0.0594562994916793,0.017426837038465766,-4.0969075801839345
230980,2021-03-31,0.25089005748299653,G5,0.02884120500777639,0.03523053775560245,0.47973618385224454
232140,2021-03-31,0.14459880850506285,G4,-0.029160632371820778,0.015972666650101143,-2.5731754466560393
234080,2021-03-31,0.1954390595027458,G5,0.02940904144501229,0.010537021921967196,1.6578878078209076
234100,2021-03-31,0.012261741824738815,G1,-0.07927987557059113,0.02175101357767063,-4.193814532582409
234340,2021-03-31,0.1490539273935721,G4,0.07596888275338319,0.013920730968125593,4.59954593118348
236200,2021-03-31,0.21228611996372507,G5,0.04215229525845791,0.010203513876580916,2.960985240384709
237880,2021-03-31,0.03527991580521901,G2,0.2861581049558229,0.0289293501732749,9.478894688042665
238090,2021-03-31,0.05653166367742844,G2,0.12285659973643995,0.05006899776166891,2.215278184607736
238120,2021-03-31,0.024621985574000596,G1,0.11899899442343016,0.017735620001271844,6.036391913331
238200,2021-03-31,0.05632386347982785,G2,0.1632087290727782,0.028654965538505016,5.278976434282215
239340,2021-03-31,0.08674390457725926,G3,0.36420343392079657,0.03668853176182902,9.601463338400817
240810,2021-03-31,0.09529994480205117,G4,-0.026602030390592675,0.021941261528516436,-1.7565932391964858
241560,2021-03-31,0.13984360337456103,G4,0.15393447907525987,0.027318978028872624,5.197655551219693
241590,2021-03-31,0.036578147480738676,G2,-0.012126807011549303,0.02813750344544939,-0.8553228017563439
241690,2021-03-31,0.09722503428255931,G4,0.040565516068572206,0.014266580917908379,2.0064845924504637
241710,2021-03-31,0.035935260306801754,G2,0.11148996351345374,0.03147105473767653,3.1632280224924596
241770,2021-03-31,0.045612156942247774,G2,-0.0560281635246464,0.015162731256093255,-4.482570036132126
242040,2021-03-31,0.08083997988110571,G3,0.25745139873715756,0.0247500084224113,9.919655511915057
243070,2021-03-31,0.1365123462407971,G4,0.15775891492767763,0.042045590228735684,3.4681181275980197
243840,2021-03-31,0.11210309081478445,G4,0.15894876381994263,0.018211062324874745,8.072506695520989
244460,2021-03-31,29.708844144382915,G5,0.34165313492214205,0.05143564283391121,6.410210419979874
244920,2021-03-31,0.05287239874351471,G2,0.15649954313523656,0.033068464646896466,4.37152747818797
247540,2021-03-31,0.06775161736337326,G3,0.28040362862562057,0.02322117458122348,11.561163127934869
248170,2021-03-31,0.12950092472318236,G4,0.24528995223894381,0.027113936564416175,8.60627929901359
249420,2021-03-31,0.10267507277260823,G4,0.028980588947086595,0.011556851609922671,1.4745147080208436
250000,2021-03-31,0.09201989648591392,G3,0.2573139104392163,0.03834243109752111,6.3995438511784615
250030,2021-03-31,0.21771194110116635,G5,-0.3590431807560127,0.037557879440350744,-9.877634934502826
250060,2021-03-31,0.004592473146434257,G1,0.04948458409730538,0.028538913477806144,1.3155631470224523
250930,2021-03-31,0.011336916137650825,G1,0.12337703830659542,0.02106891973727907,5.28917469079246
251270,2021-03-31,0.09506368162587082,G3,0.05132383201395791,0.020759328606835915,1.897170736588647
251630,2021-03-31,0.15428379436536602,G4,0.03558701249087,0.015341833100875125,1.541352396779748
251970,2021-03-31,0.14060540676697408,G4,0.24408654929144133,0.01931362655292405,12.019840364286917
253450,2021-03-31,0.15257365578533594,G4,-0.034164535457894815,0.015826766840929936,-2.9130634949713525
253590,2021-03-31,0.4488775204627687,G5,-0.053577861898246495,0.018626653324347143,-3.5174167912626957
254120,2021-03-31,0.332697700826048,G5,0.19942494496858718,0.024780365497018425,7.565873220122769
255220,2021-03-31,0.12547285069938913,G4,0.3108920181839737,0.04353115657552375,6.867545005276157
255440,2021-03-31,0.04542912299389576,G2,0.37445575451660895,0.034761202385137455,10.428750686764664
256630,2021-03-31,0.10803033241464824,G4,0.2027093868458366,0.02345480451591306,8.133495439988277
256940,2021-03-31,3.2897926657287346,G5,0.1918084543724715,0.024646065651586148,7.298065973100028
258610,2021-03-31,0.028835410167146747,G2,-0.013309639950039987,0.028230959278866423,-0.8943897715435724
258790,2021-03-31,0.23269163120486053,G5,0.237229761186807,0.04103680927600677,5.48994729102117
259630,2021-03-31,0.0059288712649302544,G1,0.10757639203971503,0.022560366201861793,4.23913999950858
260930,2021-03-31,0.020294470008982813,G1,-0.07634057307435851,0.021809390118902705,-4.047816736869001
261200,2021-03-31,0.15690305697435847,G4,0.31435172580485865,0.02483989695153374,12.174441992455405
262260,2021-03-31,0.011214250158014586,G1,0.08731117229433294,0.02453164130070443,3.07241289323464
263020,2021-03-31,0.07784530015337625,G3,0.16912767728809197,0.03225271054967605,4.873631807663047
263600,2021-03-31,0.005426070198226513,G1,0.03728105402942127,0.023899817971719854,1.0603098646845655
263690,2021-03-31,0.06421414650826308,G3,0.11280789825720933,0.025892591293390655,3.895633922631593
263720,2021-03-31,0.24242001485999362,G5,0.2391082964831252,0.04484909677467392,5.065173471711139
263810,2021-03-31,0.027990655263976632,G2,0.0986404010458772,0.02244276429410948,3.8631854186871317
263860,2021-03-31,0.08576662356677858,G3,0.06896768855253052,0.025294516917547825,2.2545537227922607
263920,2021-03-31,0.21915733816251504,G5,,,
264850,2021-03-31,0.09521369419936944,G3,0.42301746419533626,0.04231825112301494,9.71395584686459
265520,2021-03-31,0.10818352271828748,G4,0.1143593183611411,0.019395186371079048,5.280664755251937
265560,2021-03-31,0.015659198683684584,G1,0.34104204687769374,0.05435842896980134,6.054299431477025
265740,2021-03-31,0.1600161922089706,G4,-0.0740186197420926,0.015910591169528802,-5.402593787750474
267250,2021-03-31,0.08794328871588693,G3,0.2114858825481811,0.02371833983940562,8.413153813860712
267260,2021-03-31,0.045867936129588616,G2,0.006807228275083991,0.027590510212094143,-0.18602820155559888
267270,2021-03-31,0.08259668381202175,G3,0.053950135399455014,0.0294443444022375,1.4267695539664103
267290,2021-03-31,0.03638753917521129,G2,0.2474489931305455,0.01809109133286196,13.017962682710495
267790,2021-03-31,1.0761337313102448,G5,0.1369134300978467,0.029546424949055065,4.229736390899714
267980,2021-03-31,0.047855625684455144,G2,0.0709006169441313,0.011366232542809118,5.187363134813898
268280,2021-03-31,0.15350328842473138,G4,0.07308165522080211,0.015366219201033756,3.9789757747857433
269620,2021-03-31,0.4772326536801074,G5,0.13255332329663078,0.03920985559601997,3.076101153482251
270870,2021-03-31,0.14323379779502024,G4,0.3038869703697392,0.02650848249278515,11.013347489029506
271560,2021-03-31,0.16932959840257225,G4,-0.0952114696251174,0.01269565646933101,-8.439997660129261
271980,2021-03-31,0.004643415553457635,G1,0.11308448170388521,0.027030011235616665,3.7419385272311168
272110,2021-03-31,0.05831731213856867,G3,0.4287954059118039,0.045719016048492996,9.117772005412682
272210,2021-03-31,0.08371431462533302,G3,-0.136951574972043,0.018315407756873667,-8.129298469263189
272290,2021-03-31,0.14178023232676504,G4,0.1757035158898606,0.0236002034341414,6.939078939595474
274090,2021-03-31,0.019610204423879594,G1,0.23217625396851277,0.02702523423850758,8.149287837988918
277070,2021-03-31,0.6546239147129332,G5,0.177531634728157,0.029754015903964898,5.565359445689134
277410,2021-03-31,0.11215475306042508,G4,0.31066175942948476,0.028596494783208033,10.446102587896686
277810,2021-03-31,0.9347271332857113,G5,0.09080691368709219,0.026369692477553327,2.990822607597148
277880,2021-03-31,0.07631410901554225,G3,0.04302669442964853,0.032852521455782886,0.9462547099055374
278280,2021-03-31,0.19295712443797466,G5,0.12980773460370115,0.019791261837633644,5.955552217985958
278470,2021-03-31,0.07041347136617437,G3,,,
278650,2021-03-31,0.1783579834190944,G5,0.07484116090667038,0.019152046571828635,3.2843132143043507
280360,2021-03-31,0.05100701766783456,G2,0.05207299893937141,0.019472280515151118,2.0610404435321836
281740,2021-03-31,0.2214743137648157,G5,0.2136576278126271,0.022125883549379437,9.116824017111101
282330,2021-03-31,0.014409035047092752,G1,0.1416712755339514,0.021344950323219633,6.077851309074479
282690,2021-03-31,0.0779400416744,G3,0.13030721655054714,0.015118621057469576,7.829244137462176
282880,2021-03-31,0.11466254390968907,G4,-0.009643604578782215,0.015706781254969927,-1.374148241976315
284620,2021-03-31,38.29086669334949,G5,-0.009058968627576311,0.01834465814052653,-1.14468254118225
284740,2021-03-31,0.2669764653639908,G5,0.07725146199454998,0.026602829641117813,2.4550629239741437
285130,2021-03-31,0.19273206953230268,G5,0.052919116669067484,0.02255642821120665,1.8167448771373567
285490,2021-03-31,0.41661314717331,G5,0.06801986170569742,0.03242744516006859,1.7293999005790792
286940,2021-03-31,0.05146177292082911,G2,0.07822143220685282,0.01652048584012291,4.012084848983983
287410,2021-03-31,0.2578328226563854,G5,0.470908368096553,0.037375382604373675,12.279968654367785
288620,2021-03-31,0.03366561975836782,G2,-0.001282020372147612,0.015759454226539495,-0.8389796659152552
289220,2021-03-31,0.07681094501294362,G3,0.6765178329061297,0.06316501020743623,10.521299520949805
290270,2021-03-31,0.020620977192051214,G1,0.09622538898939782,0.017324042574052734,4.865235545299117
290520,2021-03-31,0.026853385237183714,G1,0.10767177640566372,0.021558839978314353,4.440495649678623
290550,2021-03-31,0.03569526020161393,G2,0.1637728846390481,0.01759913666122211,8.627300662069144
290650,2021-03-31,0.2071406826432221,G5,0.01698420986796279,0.022398653180115923,0.22520856756689298
290660,2021-03-31,0.44528708653181565,G5,0.3030236162965664,0.045714180003291784,6.367472303030805
290720,2021-03-31,0.008827093506628064,G1,0.03226834703461602,0.013527491736035457,1.5027549941592133
290740,2021-03-31,0.060617552263492254,G3,-0.11012243053914239,0.008699433165763276,-14.031060355674803
294570,2021-03-31,0.26557810536734217,G5,0.025465132474180495,0.02659418134917496,0.5085808443116014
294870,2021-03-31,0.17045603287028793,G4,0.08061664891992018,0.017887062268811368,3.8394682490610372
297090,2021-03-31,0.043871666067518994,G2,-0.16477525437665705,0.01757226967326481,-10.056475283631691
297890,2021-03-31,0.30744613556706984,G5,0.20329547310988072,0.044064468772207224,4.342628815730401
298000,2021-03-31,0.10335999750202489,G4,0.158128796919857,0.033232864852222245,4.398927275757879
298020,2021-03-31,0.15251293389798173,G4,0.4868615544334524,0.03370661461797945,14.089866886551198
298040,2021-03-31,0.03004813543046145,G2,-0.05916383158299554,0.019849987762860545,-3.5820512184834805
298540,2021-03-31,0.14620141575703569,G4,0.3736335277074919,0.02861517771744064,12.639924518700518
298690,2021-03-31,1.4778925499344704,G5,-0.043312051798366405,0.007338843885299062,-7.528691702910657
299030,2021-03-31,0.11808947280253099,G4,0.1564174954898251,0.03872985562064618,3.7303948570096255
299170,2021-03-31,0.23600351448317247,G5,0.16424456750745484,0.024192450321989252,6.295547751902552
299900,2021-03-31,0.07186017811776833,G3,0.1057513531321532,0.03178026157061745,2.9518797903490412
299910,2021-03-31,0.7849927652386122,G5,-0.06629141186329579,0.0321272216297995,-2.435045707798582
300080,2021-03-31,0.033301289312210304,G2,0.5950614244657146,0.06336771767312131,9.202186927480522
300120,2021-03-31,0.005336589043373632,G1,-0.05774325312580408,0.01709898431437322,-4.075276818464034
300720,2021-03-31,0.058663135683030145,G3,-0.03479005374422538,0.02358783286852083,-1.9811016668864931
301300,2021-03-31,0.2465397779023881,G5,0.14863685722272693,0.020633570141121143,6.62498128137597
302430,2021-03-31,0.027009184921406026,G1,-0.0742972336646367,0.01409821455494369,-6.116879169230546
306040,2021-03-31,0.19629490049744808,G5,0.30395939676491435,0.03086604000689954,9.460868819900364
306620,2021-03-31,0.09197100773839502,G3,-0.18310118031407113,0.020533637735208575,-9.498610236484295
308170,2021-03-31,0.040207797526377605,G2,-0.07670711980336802,0.017580860740345844,-5.042242378370915
310200,2021-03-31,0.34078107025054716,G5,1.1713661664395063,0.08838936778508784,13.117260075767526
311390,2021-03-31,0.05977324969465681,G3,0.359361224515255,0.014156224169913717,24.541952647499738
314130,2021-03-31,56.786910694509594,G5,-0.2343804662421249,0.026521463336644156,-9.287583584109045
317120,2021-03-31,0.3719797110520663,G5,-0.06980177778894402,0.022384397524808163,-3.6517229900064425
317330,2021-03-31,0.21813259081479658,G5,0.2134258929046305,0.026320195531914826,7.6551882523241614
317530,2021-03-31,0.30538158515340985,G5,1.4478365773357835,0.07282640632226278,19.716704538625486
317770,2021-03-31,0.28459090108462404,G5,0.17885607849118443,0.015864506155593244,10.521363576293526
317830,2021-03-31,0.0126006960630826,G1,0.08385047183054865,0.02448350801950316,2.9371048668117563
317850,2021-03-31,0.03971112384983073,G2,0.23848192883184952,0.03668254382049929,6.175746389633149
317870,2021-03-31,0.0954676555622598,G4,0.11521282340780684,0.02604717712023531,3.9648435475848838
318020,2021-03-31,0.0372888295631398,G2,0.14064963302652708,0.02818241755784731,4.567024510672151
318410,2021-03-31,0.19668289556773103,G5,-0.012236886265121698,0.010396142133666306,-2.325547998874538
319400,2021-03-31,0.00365432842501799,G1,0.14982923184172303,0.02904376892449922,4.747641083715147
319660,2021-03-31,0.26054303826549097,G5,0.1875951780169277,0.029002772278735683,6.056501601258092
321820,2021-03-31,0.13496028170173005,G4,-0.017735871414294606,0.026017578413864702,-1.1406024116495692
322000,2021-03-31,0.017418762638673327,G1,-0.11471367618574291,0.014429675488119369,-8.777294926685215
322510,2021-03-31,15.644020450602829,G5,-0.19533138919967957,0.020382020675450523,-10.169317054965616
322780,2021-03-31,0.278855404392479,G5,0.2055190078635423,0.04560371767787607,4.244811091083764
326030,2021-03-31,0.5424132373775462,G5,0.189134566917588,0.01925364232927805,9.203179461700897
327260,2021-03-31,0.003981650487895616,G1,0.1947777089534656,0.03378555165486785,5.411717693746194
332370,2021-03-31,0.1078079895079847,G4,0.1526410703635737,0.028170026959353615,4.994714037609887
332570,2021-03-31,0.02193031432627928,G1,-0.07356177305622968,0.019760013397344244,-4.327001839865271
333620,2021-03-31,0.1427598793770418,G4,-0.43600088403104365,0.02735891114547375,-16.37275412457312
335810,2021-03-31,0.6302261262864648,G5,0.14221580942024994,0.04378554159246547,2.9753193271640686
336370,2021-03-31,0.004572486968537512,G1,0.11095699450267492,0.02596134957106112,3.8140218004385713
339770,2021-03-31,0.08682305254792483,G3,0.11104305380164597,0.01649427220266727,6.008341035852364
339950,2021-03-31,0.14076742822868768,G4,1.1495693101040352,0.07228909406362158,15.737221272035406
340570,2021-03-31,0.24540835354396537,G5,0.6974378844552928,0.04856790695400115,14.114218342468192
340930,2021-03-31,0.022998075031869698,G1,0.012387754840798657,0.02882865855682877,0.015537093759477347
347770,2021-03-31,0.06205594841746684,G3,0.2237567769414405,0.026463736406328348,8.004044947369824
348150,2021-03-31,4.587429316761274,G5,0.09225340651563352,0.028484097176959843,2.819593148655459
348210,2021-03-31,0.25451224845364107,G5,-0.0751853960317064,0.0267833233341153,-3.2529658927938847
348350,2021-03-31,0.017767575644274648,G1,-0.009519100678157507,0.02856926747113266,-0.7511197817613485
352700,2021-03-31,0.36285712045611396,G5,-0.16547498536744984,0.019172098343702964,-9.253803285208091
352770,2021-03-31,0.2828131301970253,G5,0.1853006710204993,0.04160477380678467,4.166849471547598
352820,2021-03-31,0.12768458211626924,G4,0.22233322214794382,0.02927884136108311,7.185850638125098
353200,2021-03-31,0.023299369771494962,G1,0.16893701616136783,0.025640750306059622,6.12295556945632
356860,2021-03-31,0.041580836063612375,G2,-0.07015099645958453,0.017088349954636612,-4.803906635067006
357230,2021-03-31,0.18174220507471298,G5,0.08934471625805437,0.02773560129179769,2.790812940158043
357550,2021-03-31,0.09307090015193882,G3,0.016203710528111488,0.019172713128651108,0.2223925862583551
363280,2021-03-31,0.10988058583901436,G4,0.11720661457487005,0.020260690072115017,5.195616384750314
373220,2021-03-31,0.08020914333318603,G3,,,
375500,2021-03-31,0.11753494121015147,G4,0.17274870347679133,0.016411636726287315,9.798465862297252
378850,2021-03-31,0.05190271915520906,G2,0.1550067541411759,0.032632313568543424,4.38420992035474
900070,2021-03-31,0.09203762157527214,G3,0.01094015594024449,0.018813860704120697,-0.0531355762285305
900100,2021-03-31,0.02072271853799937,G1,,,
900110,2021-03-31,0.087431155663477,G3,0.14927122781281796,0.03172365928566241,4.32898945567241
900120,2021-03-31,0.04865624627594798,G2,0.006994255444123693,0.020347992262186417,-0.24305030992704668
900140,2021-03-31,0.02281766345608166,G1,-0.05616598618096969,0.016652743803464137,-4.089766122303727
900250,2021-03-31,0.24440957839240599,G5,-0.10494231046745679,0.019570991703735417,-5.972214055713351
900260,2021-03-31,0.006772514274065756,G1,0.16808749545700538,0.01933013872770747,8.077937586828847
900270,2021-03-31,0.005499526719262797,G1,0.11558358843180812,0.03177335543613974,3.2619704698887455
900280,2021-03-31,0.22440759643734637,G5,0.14481789945684587,0.037883612193062695,3.507534009952131
900300,2021-03-31,0.08676673265203365,G3,0.4981182676077846,0.05051913593568246,9.623648887362458
900310,2021-03-31,0.5035717934304158,G5,0.06957685529491722,0.019026104450043015,3.029364953630624
900340,2021-03-31,0.16916046856788522,G4,0.15815423564021988,0.01582124648659662,9.241648216166023
950110,2021-03-31,0.10418866158898174,G4,-0.09480937202760048,0.02369624877139486,-4.5048992491294655
950130,2021-03-31,0.8058688072324051,G5,0.985739656406721,0.07862936122660331,12.384684295354623
950140,2021-03-31,0.07842801080017758,G3,0.28054711834150103,0.0320748996891609,8.37437621550631
950170,2021-03-31,1.8532673815542762,G5,0.10343525427908594,0.027582975821419428,3.3170972414874234
950190,2021-03-31,0.47012034675529635,G5,-0.0690681425711824,0.013610315793868233,-5.951954757546453
