종목코드,날짜,Y2,그룹,기간수익률,표준편차,성과
000020,2023-03-31,0.12253646107511247,G4,0.19438335399940967,0.01803760710533963,8.86476153809738
000040,2023-03-31,0.1733719545625062,G5,0.06672245453814796,0.03921729323593689,0.8220400640991581
000050,2023-03-31,0.03458963192063945,G2,-0.10542233489122019,0.008404191978815225,-16.647240274445316
000080,2023-03-31,0.06412037726921903,G3,-0.08996304789322028,0.014454539466404421,-8.609566321718278
000100,2023-03-31,0.05107803175672008,G3,0.38520753997834345,0.021360810809798268,16.419005570930047
000120,2023-03-31,0.03527143109631603,G2,-0.0907460008512431,0.018083848870583192,-6.924978749830009
000140,2023-03-31,0.0755719441872944,G3,-0.037746226711063695,0.010006383664498134,-7.218441489507819
000150,2023-03-31,0.07772268968178887,G3,0.12003761724433301,0.030837377832589927,2.7743392909767635
000180,2023-03-31,0.13224144605802468,G4,0.0843757699238329,0.01674217773900836,2.9799887690181137
000210,2023-03-31,0.05362074288288813,G3,-0.2896942032953667,0.019642122864066008,-16.504248233835924
000220,2023-03-31,0.0575268520078844,G3,-0.1865010632411304,0.017565692218725875,-12.580508002880313
000230,2023-03-31,0.13742795332278315,G4,-0.09710700588224129,0.0362898562261806,-3.6261172641403387
000250,2023-03-31,0.04184201170546168,G2,-0.16212382158508262,0.042613306251954995,-4.613772250275597
000270,2023-03-31,0.12131244971647054,G4,0.03137803162661072,0.016189354497682103,-0.19186908696803992
000300,2023-03-31,0.027648440806125305,G2,0.11095955424133568,0.032423279933015435,2.35865360033427
000320,2023-03-31,0.03092589171115127,G2,0.16670766526994824,0.01628981862456554,8.116934879671922
000390,2023-03-31,0.022076839711637136,G1,0.011800224413415017,0.020312212122217354,-1.1167687567843119
000430,2023-03-31,0.03907555352663814,G2,0.9073962528174147,0.05108673893201789,17.086860558594914
000440,2023-03-31,0.0003669604336253273,G1,-0.014282556311294381,0.018188679213396005,-2.6811635980726085
000480,2023-03-31,0.028476402477512916,G2,0.6344598543906671,0.07065289355732317,8.49187564570449
000490,2023-03-31,0.08410170565146298,G3,-0.042844464154091905,0.016756605336554462,-4.614820895619146
000500,2023-03-31,0.0375664505847943,G2,0.3882847929843375,0.03234345343742761,10.938860483037942
000520,2023-03-31,0.034181898533076654,G2,-0.01536168757218254,0.023366019386418843,-2.133266905266615
000590,2023-03-31,0.08379816090225346,G3,0.008990105377764492,0.011698679609173802,-2.1792342184434697
000640,2023-03-31,0.06450714850470075,G3,-0.015289562864029316,0.018304789727508406,-2.7191697854858288
000660,2023-03-31,0.6686768429383715,G5,0.35277158646352447,0.022937093153312972,13.876532481399849
000680,2023-03-31,0.0178830502723648,G1,1.176294060956104,0.05911150100944362,19.316203668741316
000720,2023-03-31,0.028769635161590434,G2,0.04167463034658049,0.019859946484326128,0.3620534455907196
000760,2023-03-31,0.0014257740446240311,G1,0.3688290655399896,0.08427895523612006,3.967120811008987
000850,2023-03-31,0.06113494899976714,G3,-0.019394808681095017,0.020584477324571887,-2.617461503842119
000860,2023-03-31,0.000932792301920888,G1,0.05667873637621881,0.030937628967293074,0.7173939575977089
000880,2023-03-31,0.0953853919637783,G4,0.19441422763763372,0.02889628613612118,5.53461986746573
000890,2023-03-31,0.021255685300360996,G1,-0.15831386804152398,0.009277566725742167,-20.781110180458857
000910,2023-03-31,0.03652422055147238,G2,0.09105402303476039,0.06244013229309573,0.9059839027332206
000950,2023-03-31,0.5215305002744205,G5,-0.42218254757362583,0.02073690503540888,-22.021936980785544
000990,2023-03-31,0.2783029753225026,G5,-0.1791426916060974,0.02432061365209114,-8.783781649375126
001040,2023-03-31,0.03368400742232313,G2,-0.45109791841317765,0.02370560090756336,-20.483859008650303
001060,2023-03-31,0.11722014935150217,G4,0.7704916817446767,0.03600419338928025,20.44226919609675
001070,2023-03-31,0.06999564648381408,G3,-1.3421203943770388,0.06139017609505242,-22.423859161737532
001120,2023-03-31,0.04371236146000811,G2,0.3220374179639937,0.030829195174627178,9.327299919524682
001130,2023-03-31,0.008850608651095654,G1,-0.11111178233028694,0.013103986946191104,-11.1108207922391
001140,2023-03-31,0.29633394976666244,G5,-0.010107432023388629,0.06048266046419808,-0.7372642005797185
001210,2023-03-31,0.07758731452800095,G3,0.05189834162019363,0.044406791233518504,0.3921488773178115
001230,2023-03-31,0.08346656661213155,G3,0.52894783227893,0.06608074698523578,7.482717531881467
001250,2023-03-31,0.023250554318635326,G1,0.09961472397966632,0.030982843309423833,2.10214585654807
001260,2023-03-31,0.007438304787720425,G1,0.042539608083887695,0.023966903519477792,0.3361026502509279
001340,2023-03-31,0.14126040951482075,G4,0.5674853841519963,0.06123916115373993,8.703599229931035
001380,2023-03-31,0.058594096924351434,G3,0.1378430103436065,0.02643394168550743,3.910076797498219
001390,2023-03-31,0.05195809587425942,G3,0.2526071521053302,0.05590411959617813,3.9017318471027167
001430,2023-03-31,0.063473905903543,G3,0.2516759985903682,0.02976811090800214,7.296120703423633
001440,2023-03-31,0.025112693910995545,G1,-0.12689184078341104,0.023011554494353343,-7.012829538121512
001460,2023-03-31,0.16331478577167674,G4,-0.009921230456653399,0.02233218204698583,-1.9884084168716383
001470,2023-03-31,0.04852506785595141,G2,1.3793550947602238,0.07761038230418546,17.3284911958875
001520,2023-03-31,0.036690228858026155,G2,-0.13921377159407702,0.01227225225362707,-14.153721443871348
001530,2023-03-31,0.009596028488660714,G1,-0.060947043663091435,0.03186074579135888,-2.9952629665579513
001540,2023-03-31,0.06761007121605421,G3,0.07568165033276839,0.01857301018183345,2.2181316672286795
001560,2023-03-31,0.09468421870723452,G4,-0.28893956037806584,0.0227898133445526,-14.191596209279883
001570,2023-03-31,0.022862658862949418,G1,0.9229870235046658,0.07344843878520312,12.096959035581028
001620,2023-03-31,0.012159268559052968,G1,-0.018759769967156992,0.03367926756281253,-1.5809143759002084
001630,2023-03-31,0.04384861363315911,G2,-0.026276218132912588,0.009684371772390196,-6.274076197572414
001680,2023-03-31,0.02516287043881425,G1,-0.13568252098496703,0.01317530927661876,-12.915582147254202
001740,2023-03-31,0.02168113722283704,G1,0.3035949240127372,0.021304283769085115,12.631762636891072
001780,2023-03-31,0.09475147954914381,G4,0.3053015089990937,0.05073929010633737,5.337426679380868
001790,2023-03-31,0.03302072911031398,G2,0.2176047317573926,0.05078012387561249,3.6061444811215706
001800,2023-03-31,0.12679775370580207,G4,-0.19467511560039377,0.012311094813592237,-18.61405401898701
001820,2023-03-31,0.10058155655315677,G4,-0.19976733138099004,0.022655010123871343,-10.339946810566397
001940,2023-03-31,0.08156786692114572,G3,-0.12799895035432304,0.01883124797241788,-8.628382934842929
002020,2023-03-31,0.033810023401343904,G2,-0.1183705732448721,0.013053388360866301,-11.7099742466722
002030,2023-03-31,0.07975861893312772,G3,0.1271207870752474,0.015467406828060986,5.989143481666443
002070,2023-03-31,0.019621541384175267,G1,0.011165379315295501,0.045879142265014765,-0.5082677623458816
002140,2023-03-31,0.042650701050614456,G2,0.09219296568338571,0.035560708075218404,1.622821943495521
002150,2023-03-31,0.014532677837972277,G1,0.046912260403809636,0.020249118618362535,0.6137547191736348
002170,2023-03-31,0.11498135666987463,G4,-0.0187926082922465,0.0083288090099599,-6.396698077866708
002200,2023-03-31,0.06602436660165498,G3,-0.1985269178206429,0.020871150188943678,-11.164271446657578
002220,2023-03-31,0.061128053300613855,G3,0.019538541682344316,0.02480649295971809,-0.6024925262352946
002230,2023-03-31,0.023323215173018563,G1,-0.04160331596078,0.025166059021215523,-3.0234207187275315
002240,2023-03-31,0.02980661840473302,G2,0.03286817702507072,0.02050392374789678,-0.07881863430056743
002310,2023-03-31,0.09566786537428902,G4,0.10010201775550459,0.01816359809226215,3.6125964211229387
002320,2023-03-31,0.034818868994740085,G2,-0.02259748352821162,0.010195394252772993,-5.598778272391885
002350,2023-03-31,0.02525386702559251,G1,0.033066711585532246,0.030371018195618032,-0.04667465206534296
002360,2023-03-31,0.018586863135495763,G1,-0.17207643181225787,0.015918370103435203,-12.976246862130989
002380,2023-03-31,0.048454007389425596,G2,-0.024605302055063553,0.0232483412215671,-2.5416682327825635
002390,2023-03-31,0.04046860725855641,G2,-0.12842556524580617,0.011805395789446522,-13.79960794572622
002410,2023-03-31,0.00896687923584999,G1,-0.02254257126148764,0.03249374526482811,-1.7550097438566914
002450,2023-03-31,0.033798594753699986,G2,-0.09192868019789288,0.008605851411411652,-14.689185584002521
002460,2023-03-31,0.054562049564366326,G3,0.052308693789329,0.014403684581721723,1.237490684797783
002600,2023-03-31,0.022505482001667132,G1,-0.06591791317786996,0.01660000722469997,-6.04832155260508
002620,2023-03-31,0.0891287234504319,G4,0.08536748557791343,0.03018730746368165,1.685583165919919
002680,2023-03-31,0.035849321247734774,G2,0.5650546206207988,0.06008741715199041,8.829974351968641
002710,2023-03-31,0.005536276826008209,G1,1.1781032191286749,0.06646872709838181,17.205368611065722
002720,2023-03-31,0.03918887293358557,G2,-0.1043251011118797,0.02053896599222868,-6.758342628206496
002790,2023-03-31,0.08088989377790266,G3,-0.305894427810279,0.028820202814675233,-11.810419874271018
002800,2023-03-31,0.04460549585715808,G2,-0.15346817661886958,0.013762985888979699,-13.656371257493609
002810,2023-03-31,0.040362112617488025,G2,-0.05369874219689659,0.006673338590299581,-13.214226926498686
002820,2023-03-31,0.05344000806090134,G3,-0.008202191166862341,0.021744564878040815,-1.9630863941845549
002840,2023-03-31,0.13732282596728196,G4,-0.006810148871449297,0.009663481735066707,-4.273244188405056
002880,2023-03-31,0.08935487337577422,G4,-0.14913229723718907,0.020656568230928322,-8.889016000971043
002900,2023-03-31,0.1373234978286581,G4,-0.17697861890034308,0.024415582538561645,-8.660980620021839
002920,2023-03-31,0.03930742428178113,G2,0.03919043965387259,0.01936108091450365,0.24307379231415813
002990,2023-03-31,0.009846747635428378,G1,-0.11202399907980161,0.015336714203349472,-9.552780695390917
003000,2023-03-31,0.12585395974826277,G4,-0.17290987294816848,0.015672991612722873,-13.232581651641729
003030,2023-03-31,0.20315941795748918,G5,0.38511707366072667,0.03041372074013814,11.528770463960377
003060,2023-03-31,0.6914037140256832,G5,0.0470019234234519,0.03136580304916496,0.3990860718964514
003070,2023-03-31,0.022923931268777925,G1,-0.10206042859865812,0.02010106952421681,-6.792907050385477
003080,2023-03-31,0.20662962377195113,G5,-0.01859513478948061,0.01692087113710061,-3.1369190541131133
003100,2023-03-31,0.2344102262169235,G5,-1.804620492222008,0.06959426392137597,-26.42609687764522
003160,2023-03-31,0.022078022161232717,G1,0.30582915853320003,0.03391658333004944,8.00036040187193
003200,2023-03-31,0.011823860741468184,G1,-0.27745164221163904,0.01656372644937457,-18.832471754331607
003220,2023-03-31,0.07236240544403244,G3,0.07009283091963579,0.01422654858887105,2.5029656634222763
003230,2023-03-31,0.09717208142916081,G4,0.03930168687105645,0.02465125183027987,0.19542287797555796
003240,2023-03-31,0.045383984402849416,G2,-0.1829547689196826,0.011721885717335822,-18.549834254977327
003280,2023-03-31,0.19942629460538527,G5,0.5016302562834163,0.05235290336002423,8.923019699179433
003310,2023-03-31,0.06821081645633892,G3,-0.04866206742498935,0.027750084169148533,-2.9962552621772276
003380,2023-03-31,0.04997676428153337,G2,-0.6739182532688247,0.04242361393339986,-16.69830681265432
003410,2023-03-31,0.0035229510440801916,G1,-0.14660761349843549,0.013218017672269579,-13.700381273588077
003480,2023-03-31,0.025562993310004323,G1,-0.06654997502785029,0.013168934722621846,-7.672165247123191
003490,2023-03-31,0.13517401698197862,G4,0.06601155579766203,0.013559370179321267,2.325129197597971
003550,2023-03-31,0.30618738436517046,G5,0.019713366318994785,0.01686219690616517,-0.8759773151674907
003570,2023-03-31,0.08809567851333931,G4,0.1633889537252697,0.02301043719146617,5.6020093994734435
003580,2023-03-31,0.149368365262328,G4,-0.38064859600654605,0.02133299093278163,-19.45966534215835
003610,2023-03-31,0.018518374565074908,G1,-0.9658975533641068,0.05556473046774464,-18.003899474280935
003650,2023-03-31,0.11873190538180237,G4,0.0026038670448734064,0.008017513084892135,-3.976345396664659
003670,2023-03-31,0.01785081154715027,G1,0.7389360933783579,0.04390738172542806,16.044040828736232
003780,2023-03-31,0.05485177703357625,G3,0.04059158802801489,0.019261955266547996,0.31706644786671667
003800,2023-03-31,0.09989140186829625,G4,-0.2276672534130338,0.009905531630494001,-26.46516426222778
003850,2023-03-31,0.07848716978000116,G3,-0.048737110587953485,0.016015156253436295,-5.196413794762695
003920,2023-03-31,0.06542563157488211,G3,-0.24754858463589,0.023713104441572996,-11.893544079117818
003960,2023-03-31,0.061663368757215065,G3,0.02665208531591319,0.020395047675428327,-0.3840237640731693
004000,2023-03-31,0.08009712616508005,G3,0.12124363892666226,0.020716480215459614,4.187939733567067
004020,2023-03-31,0.05226282670781064,G3,0.055055218062607894,0.01869361232559825,1.100426681137277
004060,2023-03-31,0.015373774945187466,G1,-0.09868044813492029,0.013341166091815591,-9.981490037013765
004080,2023-03-31,0.07208451558970325,G3,-0.0246353561975639,0.007677380506075626,-7.700494256271588
004100,2023-03-31,0.006325941075625486,G1,-0.003988425832977403,0.03468744799496848,-1.1091243763807848
004140,2023-03-31,0.046604967701448285,G2,-0.1811417926123956,0.016588713041537095,-12.998359810382182
004150,2023-03-31,0.009998485752467177,G1,-0.0857307367123385,0.008092030048245291,-14.85597610096484
004170,2023-03-31,0.09748626573507246,G4,-0.11123186199108255,0.014358952427795692,-10.148103144466996
004250,2023-03-31,0.06805932969987719,G3,-0.07528673181398411,0.02464200934391383,-4.454628621175272
004270,2023-03-31,0.010276416572669714,G1,-0.07766822694356236,0.038849902512813776,-2.8868153581403266
004360,2023-03-31,0.040392687740785804,G2,-1.1974949005889224,0.05821142599561792,-21.16387200296978
004370,2023-03-31,0.0740985795130227,G3,0.06432900067165008,0.021068007799362548,1.4165901523859399
004380,2023-03-31,0.0365407457206119,G2,-0.17378340614875265,0.016955141565542307,-12.283452405062485
004430,2023-03-31,0.06920390617104658,G3,-0.028879583683815907,0.02316190188029186,-2.7356929626929407
004440,2023-03-31,0.029570817291271968,G2,-0.1798938197989864,0.018277095025844032,-11.729330497463415
004450,2023-03-31,0.04229060502062251,G2,-0.025480396048256297,0.018424371451933447,-3.254638265266115
004490,2023-03-31,0.03913363885557992,G2,-0.13956358084750453,0.02139584243224005,-8.134657454661644
004540,2023-03-31,0.07908099479778762,G3,-0.21842295438115192,0.013169054997084333,-19.20465991901691
004560,2023-03-31,0.04652840851421312,G2,0.32767916546145925,0.04928605310764159,5.948841075353176
004590,2023-03-31,0.14456107433937904,G4,-0.009354219906885093,0.013100049865315155,-3.346436742629404
004650,2023-03-31,0.04566840953208686,G2,-0.032463998706322585,0.011113592474046299,-6.023998734464176
004690,2023-03-31,0.05218493035344349,G3,-1.3576921169461693,0.07051751356221825,-19.742278405924257
004710,2023-03-31,0.040585747953291444,G2,0.16458302404606942,0.032599677133659986,3.990798903313563
004720,2023-03-31,0.05177331455753523,G3,-0.01443007967335469,0.019670359645580747,-2.4867032859273106
004770,2023-03-31,0.12019038951230548,G4,-0.021685372305095884,0.014937475670115136,-3.760316792358388
004800,2023-03-31,0.014819716202005853,G1,-0.1073468051586443,0.012928234011878674,-10.970645590187377
004830,2023-03-31,0.04940697514467306,G2,-0.09805355334425012,0.0257147228196523,-5.154161005991552
004840,2023-03-31,0.06883896599972876,G3,0.20201982158866752,0.025170163178687383,6.656117090168246
004890,2023-03-31,0.000766442424057288,G1,-1.1677024717169608,0.05908210110348673,-20.34773167433439
004910,2023-03-31,0.013710468934053723,G1,-0.11622509019171204,0.02055958692650786,-7.330368991513276
004920,2023-03-31,0.10771536564645148,G4,0.8692459869599628,0.057361206466019346,14.552722477373116
004970,2023-03-31,0.032094600859890174,G2,-0.1638592208312596,0.007432117280033085,-26.687346505794046
004980,2023-03-31,0.020924909417208596,G1,-0.12336127816884755,0.029542196153397378,-5.343053903031448
005090,2023-03-31,0.041587321804539036,G2,-0.19502391121429313,0.012461857684120434,-18.416851269247573
005160,2023-03-31,0.03804498412763049,G2,0.25328845641454323,0.05364305319181469,4.078891396048413
005180,2023-03-31,0.043415012623856594,G2,0.11353278485703688,0.017850942543080683,4.428254495446486
005250,2023-03-31,0.06155544271616369,G3,-0.10556224280319781,0.01715318637894199,-8.16446040998004
005290,2023-03-31,0.1484581975141302,G4,0.2948110853677737,0.03376058101397694,7.710969694725188
005300,2023-03-31,0.08723046355229722,G3,-0.2902155320280179,0.01342811146920055,-24.180600605338288
005320,2023-03-31,0.044098742333010664,G2,-0.3014953793846957,0.024967995828408765,-13.456412360302407
005360,2023-03-31,0.04436931639410175,G2,-0.07194402143832299,0.014024882953201603,-7.588533186775041
005430,2023-03-31,0.046546102309842664,G2,-0.10236413149583012,0.01173371286046118,-11.662838644164195
005440,2023-03-31,0.011490679543480386,G1,-0.38272284589554456,0.020066798616575336,-20.790915489808675
005450,2023-03-31,1.312516930711616,G5,,,
005610,2023-03-31,0.019989739932605454,G1,-0.02226974212534722,0.016120127608043554,-3.520692378992785
005670,2023-03-31,0.03088848300810627,G2,-0.057286283814899086,0.015546632363389358,-5.902921607877714
005680,2023-03-31,0.0864587647579908,G3,-0.04244860848731341,0.01182853786444534,-6.504005622811931
005710,2023-03-31,0.03616291017692662,G2,-0.01911763843670282,0.017453001527268308,-3.07121423473429
005720,2023-03-31,0.033258115893358774,G2,0.009281830145878831,0.013011883950551988,-1.93687849066122
005740,2023-03-31,0.061218917226230976,G3,-0.12728003720760722,0.012306487617530936,-13.144636433051163
005800,2023-03-31,0.030795028871110505,G2,-0.0926935942640744,0.012337531130252261,-10.308210063592924
005810,2023-03-31,0.22421875920117396,G5,0.07950847942509197,0.02856133325141804,1.5764043903718552
005820,2023-03-31,0.11705100164137769,G4,-0.015199524196520596,0.013159288879828895,-3.7755681893541295
005850,2023-03-31,0.08594760970072585,G3,0.333565431431499,0.030294323805167007,9.87251489956692
005860,2023-03-31,0.005333569424206621,G1,0.42128607883291397,0.05715134984624557,6.768025804829545
005880,2023-03-31,0.1687932559114563,G4,-0.13301695675915365,0.020700965810251895,-8.091469093141717
005930,2023-03-31,0.010042737063997949,G1,0.09344280559417059,0.012852496654664609,4.587321738775914
005950,2023-03-31,0.029958387875183526,G2,0.10692984883596263,0.059777033396596985,1.2119300076775628
005960,2023-03-31,0.007384059014216636,G1,-0.0030652203690878926,0.024388565451614493,-1.5396349873987805
005990,2023-03-31,0.03301428217857565,G2,0.04184525072411629,0.01754582259935858,0.41952905825586456
006040,2023-03-31,0.05178490755931582,G3,-0.24316074166322968,0.02066034496599393,-13.438546665745646
006060,2023-03-31,7.611093132073962e-05,G1,-0.09610446254756562,0.01602420365041404,-8.149467748238106
006110,2023-03-31,0.024013356476737073,G1,0.5590858544306319,0.05310359421374621,9.87883388883972
006120,2023-03-31,0.06944043208718753,G3,0.1360204892778865,0.015532331456320813,6.537088219546325
006280,2023-03-31,0.03887965498680941,G2,-0.0761958772861794,0.02077148730021808,-5.3284651204394144
006340,2023-03-31,0.013578549816063042,G1,0.054142422564290915,0.026247732996167436,0.7489467480669048
006360,2023-03-31,0.04523069971454528,G2,-0.3033076234710213,0.031040138461629313,-10.882422196063018
006370,2023-03-31,0.158290652129823,G4,0.22271086353623382,0.03019062832159144,6.234603441788485
006400,2023-03-31,0.07010191151873903,G3,-0.08421399264154253,0.019863692720779133,-5.975639202778084
006490,2023-03-31,0.018217589924074157,G1,-0.10788537591816337,0.025303410539078877,-5.6265001902004075
006570,2023-03-31,0.03922780343194559,G2,0.05665693941425708,0.023923132256489878,0.9268297681027597
006580,2023-03-31,0.008815815918748965,G1,,,
006620,2023-03-31,0.05876241944943387,G3,-0.1442684408417879,0.013139834363898465,-13.60387841916727
006650,2023-03-31,0.06830572585445935,G3,-0.29008968346596853,0.02338912433505588,-13.877131401288777
006660,2023-03-31,0.061981700390014195,G3,-0.18131568481993682,0.018917204013913766,-11.407602992170355
006730,2023-03-31,0.20463158121735728,G5,0.04302143166544573,0.01767148109877815,0.48310400950790106
006740,2023-03-31,0.038249277484588784,G2,1.4526014621283894,0.04564243433268891,31.07014808848741
006840,2023-03-31,0.09034279756977041,G4,0.1134638224888875,0.018906575283372064,4.177359093990198
006880,2023-03-31,0.03705614638850804,G2,0.35165794218195684,0.06146844092243962,5.159943364912754
006890,2023-03-31,0.21654195718173236,G5,0.1156815287788309,0.020786726677561394,3.906207155443951
006920,2023-03-31,0.06779609818640504,G3,0.17824447067320504,0.048836539935842554,2.9437016334364086
006980,2023-03-31,0.0026065417542089873,G1,-0.06593953174571368,0.020347261672973262,-4.935494596395097
007070,2023-03-31,0.017243706060964273,G1,-0.2764664859231015,0.016781732669061047,-18.529120940476908
007160,2023-03-31,0.007715764042554,G1,-0.07302223340927519,0.009011240341331689,-11.930266825628879
007210,2023-03-31,0.040404701083133515,G2,0.07908679829672048,0.019268686098408382,2.3147675859290575
007310,2023-03-31,0.07629830992625097,G3,-0.2220165327095916,0.012299219254075325,-20.85504743866432
007340,2023-03-31,0.1575779387638805,G4,0.21703418435426927,0.019798343448987073,9.220464153071656
007390,2023-03-31,0.37041506371001887,G5,-0.6256036714965466,0.06716242638310028,-9.828232470697692
007460,2023-03-31,0.47868965383155315,G5,0.0971910909725515,0.05037648177035445,1.2447638357462727
007530,2023-03-31,0.027213458810680814,G2,0.08240196022264695,0.03938908917835225,1.2165219589870333
007540,2023-03-31,0.03734266791473971,G2,0.07399787044561063,0.04471320313040637,0.8837121786530481
007590,2023-03-31,0.2203427162484988,G5,0.0372369691204769,0.011332140758038,0.24291092800285463
007660,2023-03-31,0.11726732618184268,G4,1.5000193558045494,0.05874853538885211,24.945899975405357
007680,2023-03-31,0.008909734659303442,G1,-0.1702036568292466,0.012710794108245996,-16.10347263741298
007690,2023-03-31,0.030440339896487766,G2,0.10528801949296202,0.023400709723875295,3.0257095633317217
007700,2023-03-31,0.28205844278180586,G5,-0.3395068880746448,0.03276758147491639,-11.413450109328888
007720,2023-03-31,0.006387571800466638,G1,-0.0790638567393677,0.015303734235093552,-7.41963518757855
007770,2023-03-31,0.07165876213617675,G3,0.5830321325623787,0.07358284861960336,7.454833219429834
007810,2023-03-31,0.04348738020906124,G2,0.16889088649031442,0.03201562290178804,4.198157212494061
007820,2023-03-31,0.033726384066741395,G2,-0.12434920623822648,0.030244642690539128,-5.251623441416761
007860,2023-03-31,0.0777170187980632,G3,0.026973315328658303,0.023956887479121995,-0.31351956595239167
007980,2023-03-31,0.037563969433560905,G2,0.057494155472528105,0.023281016054487815,0.9883540789625304
008040,2023-03-31,0.026268067149008,G1,0.08347498689428859,0.026408947165996295,1.8550803367385003
008060,2023-03-31,0.041810897754863095,G2,0.044206279986322386,0.012291712646977888,0.7909403655014485
008250,2023-03-31,0.04919604102391268,G2,-0.1174888466022253,0.02005584900039743,-7.577495965984622
008350,2023-03-31,0.029178359889148617,G2,0.027863363605074968,0.03496089006145919,-0.18938032401259774
008370,2023-03-31,0.01575539709766928,G1,-0.13560323057590312,0.01119731562627643,-15.19002451529065
008470,2023-03-31,0.020404584665965078,G1,-0.07436372890180251,0.008640073230774049,-12.59804104516067
008490,2023-03-31,0.0850372726561677,G3,-0.07560789478711193,0.013664912719707642,-8.056558086976954
008500,2023-03-31,0.13654206799414592,G4,,,
008600,2023-03-31,0.06235038342161466,G3,-0.2015572708043741,0.021323816282849357,-11.069385327939825
008700,2023-03-31,0.02002455008328417,G1,-0.10142821747627612,0.019785719892049886,-6.869221161044038
008730,2023-03-31,0.005360815165172867,G1,-0.06921472358060352,0.03499813952873908,-2.9629858406654144
008800,2023-03-31,0.13848042297392507,G4,,,
008970,2023-03-31,0.02620315696698178,G1,-0.11635295979220417,0.0192962292686045,-7.8169276486729675
009070,2023-03-31,0.054080508119369784,G3,-0.05497683285165907,0.01288728203120017,-6.941812938349316
009140,2023-03-31,0.06406995844141694,G3,0.060775681287712255,0.02174118152824229,1.209290900813104
009150,2023-03-31,0.06927499913338542,G3,-0.037309459942801416,0.016998650518406648,-4.223495750897634
009160,2023-03-31,0.08198886729727387,G3,0.0014481451228769947,0.03612889181787533,-0.9143962493048509
009180,2023-03-31,0.042870324873265336,G2,-0.10950674909154019,0.020200920045898418,-7.127943532129318
009190,2023-03-31,0.03426087838918347,G2,0.14090887206857577,0.0343591353794493,3.097417982163398
009240,2023-03-31,0.03353549711155912,G2,-0.07488138555216428,0.021547707436978293,-5.0755122866186415
009270,2023-03-31,0.04357100329326556,G2,-0.10602804044227208,0.014379697072512087,-9.77157641265999
009290,2023-03-31,0.044305652125266645,G2,0.16518833844692282,0.01644203674227438,7.949384386070894
009300,2023-03-31,0.3187375962478432,G5,0.12208915097853196,0.01895350259766445,4.622094635776934
009310,2023-03-31,0.16531249011761984,G4,-0.25470029442693987,0.024229873181878348,-11.935042356552879
009410,2023-03-31,0.02670980967228889,G1,0.018691313341623612,0.01902064697051724,-0.8303058763216106
009420,2023-03-31,0.060349890892129325,G3,0.30576743909523246,0.03146947994168451,8.620516491065603
009450,2023-03-31,0.13326440538121562,G4,0.5822713469788793,0.033132680418249315,16.53313501265892
009470,2023-03-31,0.06321106146387584,G3,0.3831513936249479,0.07542743526159545,4.622550456913015
009540,2023-03-31,0.003932846592449962,G1,0.4829183118423892,0.02070758954684459,21.655540473953348
009620,2023-03-31,0.03546272240166602,G2,0.1023331917366112,0.03199886567038727,2.1203540195088153
009680,2023-03-31,0.0540648315981286,G3,-0.014656258680878605,0.012697573766437615,-3.8700721789425927
009830,2023-03-31,0.08755672154651695,G3,-0.3218051372573446,0.025855459083556298,-13.780045614298238
009900,2023-03-31,0.10931750441705772,G4,-0.003514144162258835,0.03058845657358383,-1.2422468052133482
009970,2023-03-31,0.2103716466667507,G5,0.1932567711008191,0.015529020494418766,10.224244527541199
010040,2023-03-31,0.012184468919765086,G1,0.20564123572378915,0.05454845151242881,3.1377053369170027
010060,2023-03-31,0.2826583993810012,G5,0.343704955660831,0.03356848451126288,9.211636803693015
010100,2023-03-31,0.025666034475747834,G1,0.8583194393091199,0.04859295658405325,16.953798017855018
010120,2023-03-31,0.08379286573467966,G3,0.6950882560625643,0.041226526725870016,16.023760433724494
010130,2023-03-31,0.05767311579900198,G3,-0.0925601614482364,0.022752820197369558,-5.583678358940614
010140,2023-03-31,0.012184690954230602,G1,0.5776299888684884,0.02134839571974921,25.441992349492857
010170,2023-03-31,0.05020851616237104,G2,-0.0772734649474632,0.036328561819653264,-3.0763049138842233
010240,2023-03-31,0.11718375608166441,G4,0.05879372041717851,0.02063268617266534,1.178201031172631
010280,2023-03-31,0.01811645551878471,G1,-0.14175060411722276,0.022364686642383974,-7.880051047794151
010400,2023-03-31,0.06511547192453503,G3,-0.08605792250992911,0.01997726934520979,-6.033967341563425
010420,2023-03-31,0.005617587604999739,G1,0.018698938597046987,0.015873169438363876,-0.9944661497460209
010470,2023-03-31,0.017962030311508295,G1,-0.03461409506482757,0.04447199593432056,-1.5537499926821345
010580,2023-03-31,0.1478031265873819,G4,0.2034003517641626,0.0642649546313501,2.6284323149444515
010600,2023-03-31,0.012741892272644221,G1,1.5058587016967637,0.08107026068297979,18.149373407812256
010620,2023-03-31,0.03015167282230705,G2,0.310838883839447,0.024968446880129294,11.06815401348396
010640,2023-03-31,0.04492055788638421,G2,0.36227951730623215,0.0443732274920652,7.387230263387206
010690,2023-03-31,0.05987756272295609,G3,0.4428342907977255,0.039320698630570895,10.38511615324048
010770,2023-03-31,0.01968784265725767,G1,0.0495705394411445,0.03746149085084,0.40271411537064605
010780,2023-03-31,0.16350030964823922,G4,-0.16456201326276945,0.021774722600215696,-9.141162677933755
010950,2023-03-31,0.05680862911980929,G3,-0.05856959445916152,0.014512740881265945,-6.4118737813313285
010960,2023-03-31,0.01691703435357797,G1,0.008694587272883983,0.014627767102731474,-1.7630634148518247
011040,2023-03-31,0.10959869390993819,G4,-0.05071366665282352,0.009664634270851815,-8.815432902873553
011070,2023-03-31,0.033214920713852285,G2,-0.01041570827081378,0.01862955025381697,-2.410148175976349
011080,2023-03-31,0.02920990499133793,G2,-0.03649798887895409,0.024083469484391544,-2.9473434970671684
011090,2023-03-31,0.05928416544471575,G3,-0.16714270962635147,0.016418462573399926,-12.280502940981616
011160,2023-03-31,0.09050835124842797,G4,,,
011170,2023-03-31,0.005308589222395749,G1,-0.22384934450070718,0.01747217921135144,-14.785426000298473
011210,2023-03-31,0.02431668975313863,G1,0.14991298957137159,0.02790469204487642,4.136534497247123
011230,2023-03-31,0.07430814158885725,G3,1.4962827319220027,0.10531993729684001,13.879598688986109
011280,2023-03-31,0.0380815656814016,G2,-0.086677408409383,0.014709181481166915,-8.237146088461603
011300,2023-03-31,0.06488749287931646,G3,0.47528799639286373,0.05492148631790759,8.026070626505483
011320,2023-03-31,0.037805794927989946,G2,-0.1570182510979185,0.0197668508792627,-9.68806415145802
011330,2023-03-31,0.043437031870707694,G2,0.1283612135866192,0.029588915975735843,3.1727064746447398
011370,2023-03-31,0.04747607939385485,G2,0.02868777884331132,0.020313814219849433,-0.2853471724530993
011390,2023-03-31,0.06596180370396595,G3,-0.04701873736703362,0.01966941883448169,-4.143640762625727
011560,2023-03-31,0.043152380175860434,G2,0.046854376004063523,0.019739605067972135,0.6266643972250148
011690,2023-03-31,0.0389037386627248,G2,0.1415626852595412,0.05481176443165122,1.95356632060955
011760,2023-03-31,0.014503336697305424,G1,0.5174602336084964,0.02864452274694979,16.86102329518627
011780,2023-03-31,0.07561907462741092,G3,-0.16333861390037568,0.019873364967012676,-9.954171451156867
011790,2023-03-31,0.0324741852469919,G2,-0.11523816270836511,0.025544260273772046,-5.861294451136556
012030,2023-03-31,0.14166551936848218,G4,0.3577970709575939,0.06738196468804772,4.798209790434628
012160,2023-03-31,0.02289880979323027,G1,-0.12087067453374456,0.017039980393078063,-9.117084600023095
012170,2023-03-31,1.137840802488173,G5,0.21528410685726912,0.03807965444375288,4.747938005363049
012200,2023-03-31,0.005680247870267446,G1,0.011115881573544904,0.019738916357427826,-1.1838738406905709
012320,2023-03-31,0.04408071458522576,G2,-0.13471505822539373,0.05582644096130112,-3.030809838573904
012330,2023-03-31,0.028505743584191258,G2,0.08916508156922245,0.01820228865278612,3.004062528596911
012340,2023-03-31,0.05171566911555827,G3,0.09915352055866543,0.05285150779681481,1.223602787542041
012450,2023-03-31,0.11859824596478799,G4,0.25311514709720834,0.03364537069296361,6.498096894211023
012510,2023-03-31,0.1738943968643639,G5,-0.22885862428222642,0.020597420946581388,-12.785236232141825
012600,2023-03-31,0.08079982576929784,G3,,,
012610,2023-03-31,0.039047449861150656,G2,-0.09706474398653743,0.028197795418726225,-4.665223302948652
012620,2023-03-31,0.046507151640262076,G2,-0.06096568051265524,0.01624469203679835,-5.875762285251072
012700,2023-03-31,0.02176173813172376,G1,-0.1907402486055052,0.01520558366771842,-14.811961304474067
012750,2023-03-31,0.09880659288622827,G4,-0.0682002389836505,0.014745999719016226,-6.963550063269904
012800,2023-03-31,0.009726408402586588,G1,0.13922433154622274,0.03545138286763215,2.9544704544986784
012860,2023-03-31,0.03654216021933573,G2,0.46726318487272506,0.053919865455916594,8.026335246215893
013030,2023-03-31,0.24544353984636477,G5,0.19855038297695518,0.02228591644160586,7.361874263244349
013310,2023-03-31,0.13934928585542278,G4,0.8076765282814939,0.049575967605157575,15.596110319960209
013360,2023-03-31,0.01465210502556283,G1,-0.19694170127170482,0.026127842776675722,-8.857446500366317
013570,2023-03-31,0.03916291377066523,G2,-0.030172659797089586,0.0206306744616462,-3.1340191136249107
013580,2023-03-31,0.03828203941584524,G2,-0.10762573500482608,0.017774690202437687,-7.995076239248294
013720,2023-03-31,0.022895361493192594,G1,-0.46386454763336643,0.057034893986930214,-8.737612733009517
013810,2023-03-31,0.2700394841619125,G5,0.030110632228219747,0.03267768880596485,-0.13384165846101168
013870,2023-03-31,0.023380163284820357,G1,-0.07440437065889,0.01532486270773237,-7.105358203087304
013890,2023-03-31,0.036354851230280635,G2,-0.09981700906664268,0.022602426964672375,-5.941896309154706
013990,2023-03-31,0.03722666420465636,G2,-0.2437842322560479,0.01777417123029866,-15.655779217113745
014100,2023-03-31,0.10417510768848251,G4,-0.1527867734776923,0.017829319862919815,-10.50354378126608
014130,2023-03-31,0.022284190083476655,G1,-0.015466821422831413,0.02292870444941197,-2.1785395605635878
014190,2023-03-31,0.03243234382694875,G2,-0.1193367531295394,0.016403163035755335,-9.377521950304699
014200,2023-03-31,0.03772051168621666,G2,,,
014280,2023-03-31,0.07479361070411922,G3,0.20476954342247017,0.03806645161478799,4.473368751387248
014440,2023-03-31,0.029485264578420003,G2,0.005273012681245982,0.016466199920643725,-1.774013175609188
014470,2023-03-31,0.002357685611260348,G1,-0.13320667879606662,0.02508595641609329,-6.6846543264011835
014530,2023-03-31,0.026298001210854238,G1,0.1252753101938327,0.01935928236488336,4.689793773855976
014620,2023-03-31,0.21648583806874677,G5,0.2844320716347304,0.025117561425466273,9.951117431671914
014680,2023-03-31,0.1769106989132097,G5,-0.1700544482168392,0.02758034659172329,-7.416103921293834
014790,2023-03-31,0.026475543369190137,G1,-0.0012806628520656005,0.02468629048723306,-1.4487770515073932
014820,2023-03-31,0.05389876727451987,G3,0.026723025111810676,0.032906234304130616,-0.2358593544657888
014830,2023-03-31,0.00477442099980348,G1,-0.22488268247692558,0.025956298488048927,-9.992447532109747
014910,2023-03-31,0.07469278851934139,G3,0.23418460141056305,0.06368303094570187,3.135848437995215
014940,2023-03-31,0.07604084253312357,G3,0.40190889800575147,0.03025241980383928,12.1452972058268
014970,2023-03-31,0.012159967224074654,G1,-0.260797661543929,0.015220768644986858,-19.399935491028344
014990,2023-03-31,0.13689544493983624,G4,0.12222297209476156,0.05978311635677358,1.4676167645472302
015230,2023-03-31,0.1265898385574712,G4,0.20241400829148376,0.03222387315241604,5.211345613375158
015260,2023-03-31,0.0020472210369647087,G1,-0.274537953467873,0.027826805035704116,-11.105199514067627
015360,2023-03-31,0.05980456833006583,G3,0.017457734001336996,0.009184411984400032,-1.8538513211587138
015540,2023-03-31,0.7506490192019198,G5,,,
015750,2023-03-31,0.04732541099718146,G2,0.6352195323936356,0.051829111419902166,11.590691942101728
015760,2023-03-31,0.2860772763869556,G5,0.07398648223169568,0.015320191772069476,2.5784412184075904
015860,2023-03-31,0.05016838493064477,G2,-0.04814324202244319,0.022966925038621012,-3.5976740541531047
015890,2023-03-31,0.060472250837091464,G3,0.08371826809596392,0.04854671659272977,1.0141571512717742
016100,2023-03-31,0.06243296343907761,G3,-0.2897338861170145,0.02165136457485732,-14.97449055872424
016250,2023-03-31,0.009027127098042544,G1,-0.1592552191813165,0.015230610972714654,-12.720401553232499
016380,2023-03-31,0.09928770752620328,G4,-0.10333818884905134,0.03869143776301982,-3.562091902241509
016450,2023-03-31,0.057688580167459334,G3,-0.012957492075325306,0.012311422415132686,-3.853475152448249
016590,2023-03-31,0.10195865623820115,G4,-0.36568610131175966,0.03185270989148965,-12.563149916213545
016670,2023-03-31,0.19190570314064867,G5,-0.12294343292410288,0.04305521156736861,-3.6564145311528247
016710,2023-03-31,0.035675551337599073,G2,-2.038080029845948,0.06843816014767427,-30.283752422135542
016740,2023-03-31,0.05364603230583497,G3,0.3181896615276161,0.05267666913496535,5.385788393492351
016790,2023-03-31,0.02947412129497118,G2,-0.5545092240742402,0.04856903700632296,-12.126933714791278
016800,2023-03-31,0.09187526202887861,G4,0.023147705122086998,0.008703167026476086,-1.3025790653113658
016880,2023-03-31,0.007490526507350836,G1,-0.30679928491296177,0.019215835276787434,-17.76053698888189
016920,2023-03-31,0.020648249276037377,G1,-0.08580128576479751,0.015647670669738174,-7.68712203856046
017040,2023-03-31,0.011387304691913179,G1,0.036108446806995396,0.028976817956086476,0.056050961729955086
017180,2023-03-31,0.04944987130272631,G2,-0.0803453525505064,0.019113939831804,-6.0076374548444695
017370,2023-03-31,0.045194670331209615,G2,1.0666266852515192,0.05114862695571668,20.17927906163428
017390,2023-03-31,0.021730037881724715,G1,-1.7639821188003582,0.06878522180339705,-26.14611598161949
017550,2023-03-31,0.0919362070291767,G4,-0.03835295640724269,0.019245092950313892,-3.784716700925969
017650,2023-03-31,0.15629214653239848,G4,0.00319472716083521,0.008858226639789916,-3.5322579116794626
017670,2023-03-31,0.11316384076124135,G4,-0.042584393783413804,0.009967315375765716,-7.732138411460277
017800,2023-03-31,0.03728611238819773,G2,0.31705693666454154,0.031901293679643276,8.85771816057017
017810,2023-03-31,0.016793634841473223,G1,0.007892987114045805,0.02233658584180331,-1.190481005779812
017890,2023-03-31,0.054953265083704024,G3,0.1933712622253308,0.016897629195241737,9.402916355709204
017900,2023-03-31,0.01265612918737512,G1,0.20778923115366604,0.043632775977546154,3.9718986238731984
017940,2023-03-31,0.03484554286574964,G2,0.13792060207259588,0.014880375089881027,6.951191294247137
018000,2023-03-31,0.05106392951198452,G3,0.14392317708563562,0.04779938670326424,2.2895462963226487
018120,2023-03-31,0.02341717349355519,G1,-0.2167581108465463,0.011780193141329188,-21.327526308357363
018250,2023-03-31,0.09823018288589211,G4,0.3290345228045042,0.031305955104307476,9.408761161587856
018260,2023-03-31,0.05712997316280633,G3,0.11064753193088651,0.015766414006567607,4.83072838290795
018290,2023-03-31,0.012899695142034859,G1,0.38208025374108934,0.03276943780788916,10.607322209376555
018310,2023-03-31,0.1630470960703792,G4,0.10344316190786006,0.016669535639007336,4.1368215113209725
018620,2023-03-31,0.009798749287714107,G1,-0.010684631667860288,0.031086607775445363,-1.453001893510592
018880,2023-03-31,0.02573209655014631,G1,-0.01591050835771541,0.017930006408045266,-2.810639076391294
019010,2023-03-31,0.3813791999492044,G5,0.028715421682214397,0.009929111914136613,-0.5810032821017056
019170,2023-03-31,0.24015098734274493,G5,0.05380900243342788,0.042086967664507355,0.4591619499601496
019180,2023-03-31,0.043420881985714276,G2,0.023952283639527564,0.036015789024665054,-0.29242687550014884
019210,2023-03-31,0.13136564726755373,G4,-0.2305893169216113,0.018315359847003092,-14.472747870016201
019440,2023-03-31,0.011866029066133519,G1,-0.12388548617524012,0.013254528544335044,-11.948350628858083
019540,2023-03-31,0.06713703709976557,G3,0.4909650279649292,0.036790721360578996,12.407496857655046
019680,2023-03-31,0.027408455865442695,G2,-0.0040557979764560825,0.018185955489382125,-2.119221411909901
019770,2023-03-31,0.041721247353934905,G2,0.011515354066881502,0.023373181733906765,-0.9827037879263614
020120,2023-03-31,0.04568825958491094,G2,-0.2284686651221157,0.026004191909536456,-10.111944040774693
020150,2023-03-31,0.037395554631527994,G2,-0.18845281660651247,0.03165551168849657,-7.042599313920092
020560,2023-03-31,0.095464141454615,G4,-0.20616914813905496,0.012765440393078708,-18.851947838965096
020710,2023-03-31,0.016193242995298906,G1,0.011824746275151187,0.025650541999917176,-0.8833934977906079
020760,2023-03-31,0.3118197120943725,G5,-0.0417075817307355,0.03535262403527697,-2.1551964557818852
021240,2023-03-31,0.18516226014731502,G5,-0.23780272163149158,0.01496433087368929,-18.195734391500068
021820,2023-03-31,0.18263964559392099,G5,0.09283848859563312,0.02111236381402044,2.763983266724399
022100,2023-03-31,0.07362131135584031,G3,1.5085302388952226,0.07249891807626475,20.331971975801444
023150,2023-03-31,0.07610945768027726,G3,-0.035183617647333604,0.013355296020749146,-5.216498820526226
023160,2023-03-31,0.23745135064695636,G5,0.246266358251672,0.025005962251937106,8.469263762988493
023410,2023-03-31,0.04692811688292649,G2,-0.009822210702854172,0.011144217702467362,-3.9757370304895887
023460,2023-03-31,0.09572283718558501,G4,-0.015841608269579904,0.014242300922126203,-3.5335495884712556
023530,2023-03-31,0.03159083881814292,G2,-0.14917361602775173,0.013755106122043172,-13.351978726366545
023590,2023-03-31,0.1286951699828786,G4,-0.16437408137331172,0.014408633472109859,-13.801333072349697
023600,2023-03-31,0.12174733372858297,G4,-0.04128376565348618,0.009734378962337597,-7.783550880782054
023800,2023-03-31,0.04219533370940768,G2,-0.03717199399581102,0.025199550248830086,-2.843553221423888
023900,2023-03-31,0.03200245553417,G2,0.0661583893418646,0.03067681918576859,1.0325099501800943
023960,2023-03-31,0.006581719487903751,G1,0.2717540543235307,0.07848806704994288,3.02300457826118
024070,2023-03-31,0.045200672010997305,G2,-0.007212367950999672,0.013654673821579404,-3.0536530413334795
024120,2023-03-31,0.006969672682469083,G1,0.2654679148052576,0.05480056489999176,4.214986596107323
024720,2023-03-31,0.05028634386038386,G3,-0.11359791759495672,0.013376889882593399,-11.0700011129142
024740,2023-03-31,0.10302560205025081,G4,-0.03956922607924098,0.022255251458120826,-3.3274615886176457
024800,2023-03-31,0.004921896604915551,G1,-0.15127174527508241,0.015655790341831576,-11.865003906665352
024810,2023-03-31,0.012029317476297754,G1,0.7415005857252315,0.09087487391403513,7.780107822777993
024840,2023-03-31,0.02703757193161275,G2,0.21850018284899117,0.049881692879219786,3.6890471019472444
024880,2023-03-31,0.038574539329672995,G2,-0.24202726204696703,0.02541555336673578,-10.879618725970843
024890,2023-03-31,0.01061464369349107,G1,0.18238061765334412,0.0474075521873484,3.1196790919766184
024900,2023-03-31,0.020368064884326277,G1,0.8053075493724416,0.07297549974016868,10.562768104696737
024910,2023-03-31,0.03971174097497979,G2,0.5214961335720398,0.048596123056199814,10.021619722959047
024940,2023-03-31,0.04466862192016727,G2,0.11101108922982214,0.02622955699117429,2.917579620688559
024950,2023-03-31,0.04243784446116218,G2,-0.16737001653916547,0.01798650212241651,-11.222542518718976
025000,2023-03-31,0.05756771463266482,G3,-0.0702121689392718,0.006719492740776541,-15.58100310111436
025320,2023-03-31,0.09057191286884404,G4,0.12775765718038729,0.02840569930371335,3.2836153016486787
025440,2023-03-31,0.0079618550744448,G1,-0.1449138092367817,0.022166820165495895,-8.093090312010988
025530,2023-03-31,0.11490013364629333,G4,0.30785342294147555,0.0515966374331164,5.29819709672273
025540,2023-03-31,0.06199932853168686,G3,-0.056166472815096895,0.017453164569726065,-5.193942952043259
025550,2023-03-31,0.05631977453267763,G3,-0.0435766344906051,0.019110312256962237,-4.084752867125392
025560,2023-03-31,0.09368731122644168,G4,0.4762887027913398,0.06016610657746861,7.343078348102828
025750,2023-03-31,0.04040996170322027,G2,-0.057235527323954,0.015725554995891403,-5.832531547573389
025770,2023-03-31,0.046644342455656275,G2,-0.3478050515804731,0.020939754225899058,-18.25662879081582
025870,2023-03-31,0.018367810791065694,G1,-0.06875838112111897,0.02656761587493336,-3.886033654649896
025880,2023-03-31,0.04816497719481884,G2,0.035267969670979095,0.024167244623687485,0.03242824701364728
025900,2023-03-31,0.030509700181362565,G2,-0.31393965170858523,0.02251663616617483,-15.474066260602507
025980,2023-03-31,0.09611684511101662,G4,0.013126041153355635,0.02348476772573604,-0.9094502184887115
026150,2023-03-31,0.006444966605887292,G1,0.017914660470821495,0.024631144160469767,-0.6727096278561753
026910,2023-03-31,0.01076527672323576,G1,-0.00813848070829049,0.019618907096400812,-2.172534320670328
026960,2023-03-31,0.10175116147066823,G4,-0.07454036230644612,0.012206410607168646,-8.931751856282835
027050,2023-03-31,0.008980037751970522,G1,-0.22819762290443327,0.01661456642077387,-15.810336817978847
027410,2023-03-31,0.11585284914168689,G4,-0.17536691892757958,0.017032845536357047,-12.320383389394904
027580,2023-03-31,0.029476310780094658,G2,0.10939722559565743,0.05200929273868519,1.4403763896457158
027710,2023-03-31,0.026859523231027707,G1,0.24432230972551328,0.041823292734268075,5.01725301176248
027740,2023-03-31,0.07960994951702122,G3,-0.1375397406346891,0.0253069959046793,-6.797488314113353
028050,2023-03-31,0.08895712869917043,G4,0.17153105023467016,0.020454205335707104,6.700176305688266
028080,2023-03-31,0.006369705961905489,G1,0.3104012731370423,0.05866700742727413,4.703103446794975
028100,2023-03-31,0.023919897910339813,G1,0.005098096233723594,0.019728201225427528,-1.4895515167943296
028260,2023-03-31,0.06255908617096063,G3,-0.04214390353568571,0.01017231011130101,-7.533015705374331
028300,2023-03-31,1.4026405812463745,G5,-0.019103530843474957,0.0305961064637669,-1.7514581209742695
028670,2023-03-31,0.11304856594332417,G4,-0.17037501596834093,0.024548099701999657,-8.345219660499271
029460,2023-03-31,0.08990676043338373,G4,-0.13891823725984354,0.01972791198723698,-8.789703931399817
029530,2023-03-31,0.0925923026446038,G4,-0.016941790028814113,0.010027171800691351,-5.128670311398406
030190,2023-03-31,0.12306247767197485,G4,-0.2624268427495069,0.015468698375809817,-19.194317700738406
030200,2023-03-31,0.07543908166704844,G3,0.006286118798412602,0.010648946799706516,-2.647975431246164
030350,2023-03-31,0.8028148710550157,G5,-0.343668649416054,0.02882588829097554,-13.11851742057588
030520,2023-03-31,0.05815794803562501,G3,-0.19059582496802624,0.02870595439096264,-7.840885211312468
031310,2023-03-31,0.04988229430246109,G2,-0.10194876806367388,0.018027223445269146,-7.568166932116253
031330,2023-03-31,0.02662062490501577,G1,-0.0603733584193281,0.015093157801701116,-6.284809842862693
031430,2023-03-31,0.03291671132498816,G2,-0.258693797856342,0.019269911173075888,-15.21429255774963
031440,2023-03-31,0.013070118302714933,G1,-0.09753116535661718,0.011786673723148039,-11.200397733079932
031510,2023-03-31,0.016623393471924843,G1,-0.0553823350698861,0.015263691304249035,-5.887606187210585
031820,2023-03-31,0.018685292612816335,G1,0.05788936659065658,0.03327275446627259,0.7034313411502668
031860,2023-03-31,1.0667067258740828,G5,0.5924307780426274,0.06666958310865537,8.368831538073758
031980,2023-03-31,0.23444178494453974,G5,1.3286126715882567,0.05819327461800666,22.23845301352286
032040,2023-03-31,0.007031339652906812,G1,,,
032190,2023-03-31,0.12593594860878937,G4,-1.1821012505220085,0.054618211898677965,-22.274356419275946
032350,2023-03-31,0.7090904335802305,G5,-0.31157129859110133,0.026856963814454418,-12.885133601644768
032500,2023-03-31,0.36136389560496623,G5,-0.6132158968659427,0.023064748271091992,-28.08182242207322
032540,2023-03-31,0.06239879448780544,G3,-0.0969465401916916,0.025251784068522506,-5.204812781850491
032560,2023-03-31,0.1029001338344238,G4,-0.030014259810261845,0.024738842185008793,-2.6071765048903335
032620,2023-03-31,0.049279905071223526,G2,-0.22683451597142823,0.021092306752638342,-12.389293751923267
032640,2023-03-31,0.0734783385851074,G3,-0.07277016795620109,0.012064881099090529,-8.889804662639321
032680,2023-03-31,0.048571258555128435,G2,0.14638472838526773,0.045550003465878404,2.4566509676867456
032750,2023-03-31,0.028355518211345403,G2,-0.16436753889949582,0.023324107136342094,-8.525591399052566
032790,2023-03-31,0.06540954554243682,G3,-0.1274097225685143,0.03755954002639753,-4.310329432879507
032800,2023-03-31,0.07376288458473676,G3,-0.13036456224176451,0.04844293410502809,-3.4029489249565725
032820,2023-03-31,0.19037532369080012,G5,-0.032392690765765716,0.03526686474033106,-1.8963114399553749
032850,2023-03-31,0.2833650254964914,G5,-0.0431382261086186,0.025157375371170985,-3.0854766547011407
032940,2023-03-31,0.12147521245916547,G4,-0.04625172338472451,0.019571057399844275,-4.1252748907705845
032960,2023-03-31,0.04167241010862082,G2,-0.04960010972179081,0.03614485785972041,-2.326316466392217
032980,2023-03-31,0.740701670472803,G5,0.28694966160817736,0.04135255042786812,6.105195222622935
033050,2023-03-31,0.03224987271219908,G2,-0.0288729799457427,0.019247237520017238,-3.291758008001601
033130,2023-03-31,0.05375106461335933,G3,-0.0420114902402843,0.012001280276547241,-6.373966507761203
033160,2023-03-31,0.03276922730668019,G2,0.05901183479248777,0.03266660131737611,0.7508453745005325
033180,2023-03-31,0.010433256552559536,G1,0.0427851202076066,0.012204771069337643,0.6801317179785638
033200,2023-03-31,0.06694522434668768,G3,-0.1405236040479703,0.015115770298299209,-11.577833539872241
033230,2023-03-31,0.03345070750591605,G2,0.4356437913281589,0.06064637565908692,6.614732021094297
033240,2023-03-31,0.14629535679780337,G4,-0.02302180969799722,0.02698086608418373,-2.1313651611943767
033250,2023-03-31,0.08073545630119101,G3,0.1624408385014848,0.037860637094075965,3.3796729276069994
033290,2023-03-31,0.07459264376225777,G3,-0.06858581166711387,0.01800522832621433,-5.724452814060352
033310,2023-03-31,0.04078130537356328,G2,-0.25239667150553396,0.023859314899889267,-12.02385487604878
033320,2023-03-31,0.025301149067046374,G1,0.015169862709485662,0.04390661938079686,-0.43989735159716403
033430,2023-03-31,0.047526373423973034,G2,,,
033500,2023-03-31,0.0294453066548571,G2,0.3217337960182122,0.021765773348200818,13.19730400249131
033530,2023-03-31,0.0361968278964806,G2,0.3014329049676874,0.035343922634588194,7.552886515594728
033540,2023-03-31,0.01803597933011689,G1,-0.040902011341620616,0.028958321679959466,-2.603268257996955
033560,2023-03-31,0.2773719023575262,G5,-0.17416129444075107,0.03747613863159409,-5.567424242516178
033640,2023-03-31,0.26556451965242406,G5,-0.01590018885619767,0.03262005568370316,-1.5445852587570061
033780,2023-03-31,0.22680610754866626,G5,-0.013514464024221006,0.0071963180620540764,-6.669901455578999
033790,2023-03-31,0.030623773173524035,G2,0.4244929945489731,0.05636462667625246,6.919388085304371
033830,2023-03-31,0.0016699135489130516,G1,-0.12495479655573367,0.01150075507435016,-13.863356259451995
033920,2023-03-31,0.14385970598656728,G4,0.016914256046989398,0.016775128911441943,-1.047384633432498
034020,2023-03-31,0.0902179457801761,G4,0.05286176570735479,0.024560240060166532,0.7482621248673277
034120,2023-03-31,0.008131916286679659,G1,-0.3206034348632731,0.0202888322765419,-17.501633327932385
034220,2023-03-31,0.24900114621079397,G5,-0.18258096274203228,0.018892651850886514,-11.489399833752278
034230,2023-03-31,0.09932366823482669,G4,-0.13495359671172763,0.02288712017237409,-7.403197244926018
034590,2023-03-31,0.022074015013690607,G1,-0.04117878590888831,0.005451110236596426,-13.880301611514255
034730,2023-03-31,0.03456653244486537,G2,-0.11279990723494007,0.014357534885582066,-10.258319182321943
034810,2023-03-31,0.037943083696849324,G2,-0.10856090927680678,0.011266079535555638,-12.696979203638719
035000,2023-03-31,0.06850058295654073,G3,-0.04032583034330769,0.01211185050327009,-6.176603535173471
035080,2023-03-31,0.0029310553102972984,G1,0.0014465392852282596,0.039386516321687534,-0.838808102184528
035150,2023-03-31,0.11157944163590819,G4,-0.09179758484237957,0.014644515396320367,-8.623150013334856
035200,2023-03-31,0.002178885610694833,G1,-0.008398557469996196,0.015865751315123085,-2.7028550310002406
035250,2023-03-31,0.1945894715857891,G5,-0.2352692396937471,0.013994560822392931,-19.275596527101655
035420,2023-03-31,0.1449245296659725,G4,0.1339500050969662,0.02076204327680177,4.7907489392154465
035460,2023-03-31,0.16281646900863025,G4,0.0811658718143122,0.03592796930770871,1.2993109385565322
035510,2023-03-31,0.055285054667369334,G3,-0.14896185821764046,0.017853670167451163,-10.27498126658361
035600,2023-03-31,0.07087635231546417,G3,-0.12583061598614617,0.02095419759545338,-7.650728859864052
035610,2023-03-31,0.11756354979067281,G4,-0.1405225571686819,0.024195863530046498,-7.23292331534441
035760,2023-03-31,0.05304984799392302,G3,-0.27356171079791974,0.019567956926559694,-15.742368007387126
035810,2023-03-31,0.01416164773531149,G1,-0.049470357719404515,0.022868450489837187,-3.671198713240197
035890,2023-03-31,0.15757976039384197,G4,0.0951805302968487,0.023579739877139353,2.5740853088464744
035900,2023-03-31,0.3560429647291482,G5,0.6150205847419657,0.03485972656449272,16.653495986988126
036000,2023-03-31,0.034175804695941135,G2,0.05523676549966137,0.02142755564954185,0.9684957792851266
036010,2023-03-31,0.0061532653541845036,G1,0.4447955882708056,0.039768623175102366,10.317463548373562
036090,2023-03-31,0.04298256519582959,G2,-0.024715396161229683,0.025318777029891423,-2.3381723526385696
036120,2023-03-31,0.26871343235403317,G5,-0.17875376687987618,0.020843489454554883,-10.23043841279468
036180,2023-03-31,0.16165420667208946,G4,0.35343438790823273,0.04449721610404484,7.1678668362031965
036190,2023-03-31,0.09748438931815054,G4,0.027004907277834115,0.011295117181544835,-0.6621764869398061
036200,2023-03-31,0.08373165909081791,G3,0.12915600492676566,0.03687996084203918,2.5670237839885983
036220,2023-03-31,0.5448945246748581,G5,,,
036420,2023-03-31,0.16135206258123969,G4,-0.2859183416393968,0.02881928415937345,-11.117646370403305
036460,2023-03-31,0.03281542673849767,G2,-0.07830778157265532,0.015963833205954146,-7.065474088220201
036530,2023-03-31,0.09096221194476364,G4,0.026698581431220007,0.011814612754947171,-0.6589879010806161
036540,2023-03-31,0.008782631357152307,G1,0.10885037738455838,0.026889718902986054,2.7655963738474503
036570,2023-03-31,0.17049597671467612,G4,-0.27833453821597126,0.020079075037249858,-15.579343467182918
036580,2023-03-31,0.03582781823521709,G2,0.0839483685729209,0.02657609164569515,1.861225530814659
036630,2023-03-31,0.0015671555552502878,G1,-0.19389870444961038,0.012129368510621841,-18.828925227417688
036640,2023-03-31,0.126622479211042,G4,-0.15659193853900052,0.02839983489767261,-6.728074565227219
036690,2023-03-31,0.017705825154938227,G1,-0.21445990831637968,0.025168103547206756,-9.891256849850782
036710,2023-03-31,0.22482618508298344,G5,-0.010619066098135017,0.022196560823873734,-2.031996521835337
036800,2023-03-31,0.03119016333569002,G2,-0.06475141171383672,0.014097964865652452,-7.039007470382643
036810,2023-03-31,0.04565078758036583,G2,0.14050074226965673,0.03981950187820158,2.662425921380259
036830,2023-03-31,0.190816224706845,G5,0.01445350390594084,0.03551473928693844,-0.5640127110297826
036890,2023-03-31,0.12639411470961107,G4,0.3767791729828449,0.035691710697471214,9.590319376717739
036930,2023-03-31,0.16872988542467937,G4,0.6055439526974647,0.03837463063470374,14.881177354925452
037030,2023-03-31,0.01957310036082139,G1,-0.30018987577464795,0.024219044083114205,-13.818635571197854
037270,2023-03-31,0.16535056248859548,G4,0.07339496739955075,0.03207916509485934,1.2129585976382917
037330,2023-03-31,0.02851810841885507,G2,-0.029906220513721285,0.025930460770052455,-2.483198789925473
037340,2023-03-31,0.15150329147948066,G4,,,
037350,2023-03-31,0.023876831997665347,G1,0.0705906048295924,0.02402110241886866,1.5031090541684642
037370,2023-03-31,0.17388281589316024,G5,0.13839759563888418,0.07827334776525545,1.3275697323927045
037400,2023-03-31,0.005384097086842124,G1,-0.18632193441001027,0.020278650619535595,-10.88860431817775
037440,2023-03-31,0.03713832409558961,G2,-0.20740901426152059,0.021730710472962836,-11.131402392718133
037460,2023-03-31,0.019791502833627163,G1,-0.18854477042813259,0.010993869073837422,-20.286674074695615
037760,2023-03-31,0.001275047476316832,G1,-0.05768471449205839,0.014655593460396606,-6.288996964456399
037950,2023-03-31,0.06834988007482659,G3,-0.25548369827116424,0.03931044819916311,-7.376358699721474
038010,2023-03-31,0.1286563028976159,G4,0.10813444442509904,0.030881075447266326,2.3849615036297522
038060,2023-03-31,0.0336844996549435,G2,0.06984150069810312,0.04044129984665406,0.8742852613414578
038070,2023-03-31,0.10736118960964153,G4,-0.1431763842506257,0.01940136202346339,-9.157122697285454
038110,2023-03-31,0.030419525296332458,G2,0.46450967503423674,0.05262246549510368,8.171897737888507
038160,2023-03-31,4.052339720273211,G5,,,
038290,2023-03-31,0.025417648562836157,G1,0.08582353811976187,0.035616599859795345,1.4414421935045978
038340,2023-03-31,0.5789999933460179,G5,,,
038390,2023-03-31,0.10049517799149327,G4,-0.1895305066677139,0.010165271305193877,-22.037264745303744
038460,2023-03-31,0.04169709746883662,G2,-0.07722772489465858,0.02327494150451734,-4.799668053544185
038500,2023-03-31,0.04022166998140328,G2,-0.03807354542716087,0.02135895498588139,-3.397067589112186
038530,2023-03-31,0.04425957485721567,G2,0.0007860601966069997,0.0592189666860535,-0.5690441759094742
038540,2023-03-31,0.08277049469748766,G3,-0.15675294903973797,0.02276772696654069,-8.399486589656574
038620,2023-03-31,0.022319992021911223,G1,0.1197972037478,0.02314551546775278,3.6859380200012537
038680,2023-03-31,0.042786176398263855,G2,-0.08121426028627951,0.024359990628785605,-4.749530914935751
038870,2023-03-31,0.211494642117307,G5,0.24321385916872446,0.06092312344396989,3.4261144057724997
038880,2023-03-31,0.13505540508060743,G4,-0.23419354122117114,0.021625450727743887,-12.424148421062036
038950,2023-03-31,0.03926546337286088,G2,-0.17205749161833572,0.015943700697018035,-12.95444287596595
039020,2023-03-31,0.022752109593659652,G1,-0.0982757590713832,0.014218964610910092,-9.336828031922975
039030,2023-03-31,0.1143632198265143,G4,0.6488123436907076,0.04072890448942953,15.08334395680745
039200,2023-03-31,6.547902797620586,G5,0.7330571849728784,0.04660657840309536,14.988719202648012
039290,2023-03-31,0.005870037790155526,G1,-0.24868521162398588,0.027204654053916855,-10.408861636522035
039310,2023-03-31,0.03815187050788413,G2,-0.0690841226894005,0.017184911485001356,-6.026704942441852
039440,2023-03-31,0.07704200480536101,G3,0.8642866759507987,0.04909340440510696,16.902523214947287
039560,2023-03-31,0.011383725713408285,G1,0.3725630696140242,0.06404220538188014,5.278999986109098
039570,2023-03-31,0.007451990387381388,G1,-0.01596365392930472,0.013682297872370396,-3.6870942799645223
039610,2023-03-31,0.14380367717582518,G4,0.053828104659972106,0.02304582950507703,0.8393638581344062
039740,2023-03-31,0.021048646558783298,G1,-0.1752960630405144,0.021340413779749823,-9.830190431089973
039830,2023-03-31,0.15790954565895074,G4,-0.11857178655035631,0.010190003686654875,-15.020215845798555
039840,2023-03-31,0.24548655922093132,G5,0.30276234609977304,0.030595570774438266,8.768526653251028
039860,2023-03-31,0.07819464405795101,G3,-0.1762917656184665,0.026826947170752066,-7.85687736176507
040160,2023-03-31,0.06898099946190075,G3,-0.08693698885632063,0.024208675535599196,-5.015609258360785
040350,2023-03-31,0.4762393351467199,G5,0.16367290660151215,0.04328581825469876,2.984548831875335
040420,2023-03-31,0.1775199322946895,G5,0.002348527067329507,0.004821451861415232,-6.665158576512401
040610,2023-03-31,0.005736074408928457,G1,0.0641471764048937,0.022415487609931277,1.323322009692464
040910,2023-03-31,1.006068743652356,G5,-0.2916641174383695,0.02708860682945777,-12.040057570490452
041440,2023-03-31,0.03726399048895004,G2,-0.06317628085910246,0.02688127043740802,-3.633033244436275
041460,2023-03-31,0.13525310015889605,G4,-0.20858104275284123,0.018485701556227314,-13.14882804454031
041510,2023-03-31,0.0895586403165887,G4,0.3768603496696458,0.031130718605921565,10.9980140744916
041520,2023-03-31,0.27598479416516947,G5,0.679304788228188,0.03806062935169512,16.9419300447481
041590,2023-03-31,0.7825221882737702,G5,-0.11644200162230113,0.028230947286731988,-5.346128430692672
041830,2023-03-31,0.24282926220748274,G5,-0.01884109811160741,0.0211046603910696,-2.526710471344749
041920,2023-03-31,0.09397121413028317,G4,0.32105956115820167,0.02715373025421619,10.553809372876932
041930,2023-03-31,0.05354289120627022,G3,-0.1481802019261255,0.018695915940749736,-9.770287307543558
041960,2023-03-31,0.09050891887075097,G4,-0.07021362742495628,0.02593542737152898,-4.036867957401502
042000,2023-03-31,0.1031029917758214,G4,0.39033237138531807,0.053775483282513414,6.617292516427258
042040,2023-03-31,0.4371457191168762,G5,0.040553157513743325,0.06037809204242243,0.10051475652454084
042110,2023-03-31,0.030792785359601667,G2,-0.31664688072707375,0.029301745497520237,-11.983284376334248
042370,2023-03-31,0.10439589101181755,G4,0.0037154914930575215,0.03492151339422805,-0.8810837162833548
042420,2023-03-31,0.02111140474313192,G1,-0.14810256006237324,0.02421678899064356,-7.5396795349540655
042500,2023-03-31,0.042207441360498095,G2,-0.16468757247216023,0.01756682314891702,-11.33795445405403
042510,2023-03-31,0.11208782779473313,G4,0.0074737134598687055,0.019728183253545493,-1.3691354386603212
042520,2023-03-31,0.04136358336799262,G2,0.5179318226711708,0.041610264888969344,11.618468559825178
042600,2023-03-31,0.07932452261645336,G3,0.30115261508513835,0.06462577996515699,4.126346280636454
042660,2023-03-31,0.043612446428558105,G2,0.7034272078542543,0.03726241349330374,17.952217176747933
042670,2023-03-31,0.11849750770973828,G4,0.5729752053430234,0.045005210593437275,11.965079819643462
042700,2023-03-31,0.0782271302369873,G3,0.9733783830635018,0.056021823711824556,16.759435030185315
042940,2023-03-31,0.15553661132529661,G4,0.0063322760407129456,0.04703468413449633,-0.5985368621051852
043090,2023-03-31,1.9909893399296266,G5,-0.4675215831631415,0.07986329217154993,-6.2858146440731915
043100,2023-03-31,0.29149426276896306,G5,0.011847848562344328,0.015494634856712127,-1.460919856432287
043150,2023-03-31,0.15452039717929605,G4,0.1423885329110199,0.035872983976288124,3.007953413902262
043200,2023-03-31,0.19827495292393632,G5,-0.034668276836078454,0.02516060596318962,-2.748445138003937
043220,2023-03-31,0.06438970710519346,G3,-0.38068915927862007,0.01958661705920232,-21.196790967853396
043260,2023-03-31,0.08335896801824362,G3,0.4228259619331796,0.04632415358928012,8.383136302578077
043370,2023-03-31,0.043772495299941365,G2,0.3595187706848037,0.025042089591057252,12.979527974701977
043590,2023-03-31,0.02244044341801753,G1,-0.35583201863521036,0.04574724367892551,-8.532017571753753
043610,2023-03-31,0.04075345495216842,G2,-0.07601274143366095,0.03663831224588874,-3.0158870033305907
043650,2023-03-31,0.11247423121995077,G4,-0.1724231290189344,0.012097005178198394,-17.104018247798418
043710,2023-03-31,0.250405207646011,G5,0.16853566328322672,0.030499338146860393,4.395223081401295
043910,2023-03-31,0.038104934678174274,G2,0.21787850111246515,0.0475443743958569,3.8573277101688714
044180,2023-03-31,0.05586524442185181,G3,0.48781258630781044,0.07488849137622172,6.05337762430966
044340,2023-03-31,0.02219504138938959,G1,-0.13919292503695857,0.023221923862337367,-7.479018291474162
044380,2023-03-31,0.003488838111764871,G1,-0.08434796680287068,0.02180096220998761,-5.450779371614769
044450,2023-03-31,0.21035608600054465,G5,0.06103189272017721,0.017674959244646522,1.5019907010838038
044480,2023-03-31,0.018473563622471715,G1,0.03951831383624642,0.03285946325172313,0.15319926272074816
044780,2023-03-31,0.03765048646892904,G2,-0.06805254448042986,0.014413163767870099,-7.1141086318389295
044820,2023-03-31,0.014290202698058281,G1,0.08231827441292047,0.014528542965420109,3.292415917693119
045060,2023-03-31,0.03587387102267458,G2,-0.0507448493857412,0.011278282119387369,-7.556923720848873
045100,2023-03-31,0.07542007210733928,G3,0.07601272844778698,0.018256606660335517,2.274708598796139
045300,2023-03-31,0.02937275690480563,G2,0.11605963499383656,0.04122912256953149,1.9785860483346354
045390,2023-03-31,0.0409527544795575,G2,-0.001605094954858631,0.028800650642773526,-1.2530745813757114
045510,2023-03-31,0.00021943842005125088,G1,-0.08116160924810366,0.017225014630538747,-6.713833341874469
045520,2023-03-31,0.0038011150575792177,G1,-0.3468881495687761,0.02695880477892376,-14.146488354691963
045970,2023-03-31,0.024854786854472292,G1,-0.028992517828624192,0.03491452743603091,-1.818062301934543
046070,2023-03-31,0.04592760668358787,G2,-0.3201905434151488,0.03138724728930773,-11.299965506330146
046120,2023-03-31,0.07386285954628971,G3,-0.04649655154464984,0.031914192863508294,-2.537454736319803
046140,2023-03-31,0.026841048008156457,G1,-0.29591940832559405,0.021774097089545502,-15.174161998979752
046310,2023-03-31,0.11826283154463671,G4,0.09187206583654858,0.027225771238105302,2.1078483706476407
046390,2023-03-31,0.20972935128536827,G5,-0.38584623209794794,0.02453038304555821,-17.135097304024423
046400,2023-03-31,3.267956334271788,G5,,,
046440,2023-03-31,0.08295425798074077,G3,-0.04785179377866704,0.042783734800886944,-1.9244711209654155
046890,2023-03-31,0.06454903568842471,G3,0.037210592421893875,0.02247394494512517,0.12131043908258414
046970,2023-03-31,0.029122475631241394,G2,-0.02452083339381814,0.027064527646431573,-2.1801637352529526
047040,2023-03-31,0.0677413194606661,G3,0.14078258915606254,0.025453143529899965,4.176235471210474
047050,2023-03-31,0.03365545673413233,G2,1.5813403279142342,0.06701814580820566,23.08115273807165
047310,2023-03-31,0.03850928919707635,G2,-0.007382400207314201,0.025150589941507363,-1.66463962067555
047400,2023-03-31,0.032813839737220664,G2,0.48501250261000134,0.07159091925323151,6.293091903509567
047770,2023-03-31,0.09036702964132859,G4,0.09940545964887984,0.04837625444061296,1.342005331063707
047810,2023-03-31,0.034107775313258155,G2,0.0579791385644269,0.022583183206027677,1.0403701753379464
047820,2023-03-31,0.019308910568518998,G1,-0.4372515902623943,0.039385859568961804,-11.977289913632625
048260,2023-03-31,0.2526459062259501,G5,-0.002422507171424698,0.002408354490360909,-15.32447802506718
048410,2023-03-31,0.7259676020685241,G5,0.2882636444671343,0.051753386365744516,4.903628419229927
048430,2023-03-31,0.016951515834418153,G1,0.32749759255118366,0.04800420169268237,6.103909948015382
048530,2023-03-31,0.6618069130067724,G5,-0.2260039555800966,0.025629136967637967,-10.163753239201897
048550,2023-03-31,0.159868779089518,G4,-0.28569752161543516,0.023927945591306732,-13.381081492614369
048770,2023-03-31,0.04224896545606484,G2,-0.25016221670642497,0.020413084018159066,-13.944315554959365
048830,2023-03-31,0.02032463287932852,G1,0.05116124209047078,0.02397544742092243,0.6955855090001166
048870,2023-03-31,0.03788042380646503,G2,-0.34631609807652103,0.03335761178826455,-11.415696327012602
048910,2023-03-31,0.10115910210558428,G4,-0.016371696445472504,0.031081832260893845,-1.636195843001854
049070,2023-03-31,0.06937505199061024,G3,-0.13099239059694467,0.02924627966814977,-5.6580413224263015
049080,2023-03-31,0.07520134331591322,G3,-0.21514270308966357,0.038787054321855155,-6.435832154484864
049120,2023-03-31,0.2866292861768482,G5,-0.11601293659290059,0.024054081641301482,-6.256618196022744
049180,2023-03-31,0.2597637812680051,G5,-0.3198499678277967,0.0467069805601006,-7.5863228980202875
049430,2023-03-31,0.17614938964343094,G5,-0.0617811600649331,0.009753874561890233,-9.86945523512663
049480,2023-03-31,0.0014403278035347968,G1,-0.1975893943806726,0.02230899780903825,-10.402693328488892
049520,2023-03-31,0.03698023679150838,G2,0.17878797522942788,0.03765906047198986,3.831845646921423
049550,2023-03-31,0.05361381841283574,G3,-0.035417800955119365,0.03057430410204078,-2.2863012356554817
049630,2023-03-31,0.056904074899737596,G3,-0.1361523855894082,0.01916306315207189,-8.90445606362478
049720,2023-03-31,0.0759192380636258,G3,0.06722055788098587,0.019255294035862333,1.7001189141714854
049770,2023-03-31,0.04019067178391289,G2,-0.19478582310996628,0.014969579896265794,-15.31573317296909
049800,2023-03-31,0.0686403266441106,G3,0.08128886487668768,0.028683903235439717,1.6317373615378976
049950,2023-03-31,0.127792926986886,G4,0.15180725651527097,0.04623336538570239,2.5376259600359967
049960,2023-03-31,0.08064475834497634,G3,-0.10650959574564627,0.022883316218789272,-6.161426197596329
050110,2023-03-31,0.007015474226908544,G1,-0.26950529291409675,0.016504888121894774,-18.41815339563062
050120,2023-03-31,0.23030744869351738,G5,-0.15324869306655473,0.026156001710828214,-7.177433440888592
050540,2023-03-31,0.05052211020487881,G3,0.5815968172711532,0.45255860526892755,1.2089319319281426
050760,2023-03-31,0.07151525645767833,G3,-0.21307999727898072,0.016916085490596294,-14.634843605471573
050890,2023-03-31,0.08090560958422838,G3,-0.08743105409334617,0.019977921264116582,-6.102502896785751
050960,2023-03-31,0.17561399725671598,G5,-0.1547626051265638,0.018963669602756677,-9.979443714403072
051160,2023-03-31,0.006698178646213775,G1,0.0574952671998468,0.020569101143476525,1.1187167949952836
051360,2023-03-31,0.03388422691595461,G2,0.1576664628888657,0.02727881412320003,4.515672640308035
051370,2023-03-31,0.008445357072301568,G1,0.06389809750986905,0.030476109873085033,0.9651438237910721
051490,2023-03-31,0.053894325491385855,G3,-0.10343041764911427,0.024707115153356284,-5.581982561936717
051500,2023-03-31,0.018148315857335423,G1,-0.16337485027341353,0.01489266776257099,-13.285673307193896
051600,2023-03-31,0.1563975878191633,G4,-0.09645189597643021,0.019455429581313275,-6.730057731281137
051780,2023-03-31,0.016259617202407924,G1,-0.05020612297874267,0.026326140885070248,-3.21696946169023
051900,2023-03-31,0.0866640461003701,G3,-0.3121232311028109,0.024823603800475727,-13.962819507651478
051910,2023-03-31,0.054605168785386106,G3,-0.0710537659767176,0.023777539797912292,-4.438559883250282
051980,2023-03-31,0.23314782485437321,G5,-0.03621796188651966,0.05114451102981384,-1.382401136614404
052020,2023-03-31,2.8302015246563625,G5,-0.23501522194617594,0.039880919618976156,-6.7576047095620515
052220,2023-03-31,0.03159236754621099,G2,-0.02383055432513108,0.01929481554657254,-3.02230526521788
052260,2023-03-31,0.13396638929421753,G4,-0.122576243863849,0.02120953263874552,-7.405184962426478
052300,2023-03-31,0.019202870637300938,G1,-0.24526330707484428,0.035295901038995194,-7.92578081682799
052330,2023-03-31,0.039559403478955334,G2,-0.20678918795237503,0.016839251927628206,-14.328038875004887
052400,2023-03-31,0.1716801899857964,G4,-0.13112157589699977,0.01728732858427236,-9.57960875113737
052420,2023-03-31,0.08439606174378003,G3,-0.08591825585810131,0.024462670209413007,-4.921888049018233
052460,2023-03-31,0.11812894306860276,G4,0.18530415508827858,0.055443037241022286,2.720267400574586
052690,2023-03-31,0.09262990926986492,G4,0.04648428526897183,0.03114687494826315,0.38527194128533504
052710,2023-03-31,0.1119282137167993,G4,-0.5882926132358831,0.03090576603959456,-20.150831425136097
052770,2023-03-31,0.17983371839023737,G5,0.4598425834734513,0.0663590101105892,6.409955701145881
052790,2023-03-31,0.012046337657388986,G1,-0.23497275799943754,0.020157215801838952,-13.367770080009647
052860,2023-03-31,0.040839270165087906,G2,0.136372051860256,0.02719183062974975,3.7469997866234417
052900,2023-03-31,0.033889511742809984,G2,-0.058421202172815406,0.022651467923645453,-4.101520960083827
053060,2023-03-31,0.12094622262779921,G4,0.23590890692790445,0.040762322265786265,4.941441690241645
053080,2023-03-31,0.023607933386615855,G1,0.7877668333567704,0.04183193014634235,18.007358551920706
053110,2023-03-31,1.9167899782601079,G5,,,
053160,2023-03-31,0.04132060753383791,G2,0.3699850421611429,0.019306526145782623,17.37758369035995
053260,2023-03-31,0.02578935920480835,G1,-0.06990189264421168,0.02447971101966879,-4.264190898864089
053270,2023-03-31,0.07911029889632443,G3,0.1896906588547649,0.03594874346472072,4.317435760011974
053280,2023-03-31,0.013065234942380509,G1,-0.0824168163511929,0.01791132335898384,-6.526658153666874
053300,2023-03-31,0.06360217808838153,G3,-0.15087247793415917,0.022173744947337006,-8.359289180382804
053450,2023-03-31,0.02989906790288705,G2,0.284746763678109,0.0312066548103576,8.019523300599431
053590,2023-03-31,0.027972185066125876,G2,,,
053610,2023-03-31,0.03640056382289699,G2,0.7258703751893824,0.061163444351076235,11.303910599412372
053620,2023-03-31,0.05810935845782176,G3,-0.018813014904209415,0.010118798505810102,-5.26715530171785
053660,2023-03-31,29.30745063548127,G5,,,
053690,2023-03-31,0.06730942712764448,G3,0.08155158922407674,0.04363959466078997,1.0785462444655485
053700,2023-03-31,0.03871493022365862,G2,0.17018386187659257,0.038034057398149676,3.56784426555846
053800,2023-03-31,0.041645729598960964,G2,0.019164659663367715,0.012524252127546695,-1.2231954829159188
053950,2023-03-31,0.01406778536161118,G1,-0.1289540330730246,0.01905709722400225,-8.576243246524365
053980,2023-03-31,0.0527815641509586,G3,0.15973216877439428,0.04094309011620566,3.059072974859244
054040,2023-03-31,0.026599157080475343,G1,-0.06902582788101942,0.015155072494415812,-6.830062753697991
054090,2023-03-31,0.07059322438873739,G3,-0.2327349599985451,0.027172713221121754,-9.834101810764873
054180,2023-03-31,0.5519992587065566,G5,0.18096770495135817,0.05491290336184282,2.667559493138398
054210,2023-03-31,0.050974457835218194,G3,0.07569887946720982,0.030024382457374165,1.3727047086826711
054340,2023-03-31,0.31486325303836415,G5,,,
054450,2023-03-31,0.05788895451555048,G3,0.316468753669408,0.03568184631277964,7.9027436782533
054540,2023-03-31,0.037380444448023846,G2,0.1599313759199812,0.019705366744136744,6.366139197314081
054620,2023-03-31,1.4015204459557624,G5,-0.4214189144272663,0.0500878869971025,-9.102064591910663
054630,2023-03-31,0.21588410226813531,G5,-0.3507994616329413,0.04596970153497997,-8.381253674933003
054800,2023-03-31,0.07977722592286676,G3,-0.10051629798057671,0.015573090180031456,-8.66883609563654
054920,2023-03-31,0.0016664902050737853,G1,-0.432756682207368,0.030213914681751875,-15.464429400214325
054940,2023-03-31,0.015497784296518297,G1,-0.11006633509409154,0.0348515602647225,-4.147607805470095
054950,2023-03-31,0.19939666650531887,G5,0.7256163715803432,0.044383020561763784,15.5719934006266
055490,2023-03-31,0.08186896732696247,G3,-0.18515494033937793,0.019444438899878763,-11.295733950617125
056000,2023-03-31,2.1874182396849875,G5,,,
056190,2023-03-31,0.06845221108464068,G3,-0.05195332686529161,0.018233814749653708,-4.740510767754516
056360,2023-03-31,0.20048290482833264,G5,-0.14279356332288254,0.020647320465977864,-8.585997001774608
056700,2023-03-31,0.133404219545317,G4,-0.19362499100666866,0.026851295190534925,-8.495279564010008
057030,2023-03-31,0.08636524544732986,G3,-0.2196024836845835,0.022420963655176266,-11.332552689750518
057050,2023-03-31,0.03394785528636165,G2,-0.12405831794990363,0.013971957104186793,-11.34719961279284
057540,2023-03-31,0.014944667887055667,G1,-0.3670655828602823,0.031624287551262446,-12.697514544859217
057680,2023-03-31,0.35798361361339753,G5,0.4725888454677293,0.0375680708019632,11.661620302103783
058110,2023-03-31,0.5274816591104392,G5,-0.014200594977330287,0.04338297479188198,-1.1222112707476974
058400,2023-03-31,0.013931840130369709,G1,0.02388523525440559,0.016645046437103145,-0.6367680065254268
058430,2023-03-31,0.006934517845082343,G1,0.77560885180209,0.06752270035581102,10.975932236182047
058450,2023-03-31,0.896553901829151,G5,-0.2753076807914548,0.029014569356598297,-10.677116908981002
058530,2023-03-31,0.48109962276058604,G5,,,
058610,2023-03-31,0.0616335531291099,G3,0.01397797933312872,0.03400576603890206,-0.6030238794237226
058630,2023-03-31,0.20895219939600768,G5,-0.20672869373060448,0.02148679015395661,-11.226104983338802
058650,2023-03-31,0.04354548945490188,G2,-0.0024809251265121984,0.008624396115508309,-4.2861196220712365
058730,2023-03-31,0.037219136272169426,G2,-0.022598969456587795,0.024449758675104457,-2.334715794450549
058820,2023-03-31,0.03235846392477418,G2,0.13389883538540967,0.02174455516988049,4.57192921704055
058850,2023-03-31,0.022663657832931918,G1,-0.17359076426343123,0.02856716844361322,-7.2837121735330275
058970,2023-03-31,0.07736587260142953,G3,0.5093474073824867,0.056549179399753235,8.397348009825869
059090,2023-03-31,0.07246907282502708,G3,0.1790858533943197,0.036272160070134035,3.986572203641647
059210,2023-03-31,0.14368856184012316,G4,0.7171306550134902,0.05184764156365015,13.166392262659903
060150,2023-03-31,0.12403109475286918,G4,-0.012403867913112595,0.0145974975160593,-3.2120667363849162
060240,2023-03-31,0.5820741230331719,G5,-0.10217355512225154,0.03576897249475096,-3.8205688864836356
060250,2023-03-31,0.039613088177894905,G2,-0.3130246583295976,0.01725351577024921,-20.141339959331727
060260,2023-03-31,0.029572829901282283,G2,0.1294804813065423,0.03542195152537368,2.6818458307078616
060310,2023-03-31,0.0810057635193651,G3,0.16987696459847174,0.03887554897026596,3.482721142004816
060380,2023-03-31,0.04588558791313872,G2,0.2962873194276583,0.025012651957775123,10.466825012275219
060540,2023-03-31,0.01997956378952338,G1,0.03611917600155508,0.021527506283102193,0.0759450577959169
060560,2023-03-31,0.08830280126742825,G4,-0.08190087482093349,0.016415721761817232,-7.089858417576669
060570,2023-03-31,0.004425662392725607,G1,0.04991149171979983,0.03226400369524727,0.4781558907826886
060590,2023-03-31,0.024967531592227376,G1,0.013454976955184605,0.03505347331312587,-0.5999203317071532
060850,2023-03-31,0.004392468354736009,G1,-0.2451122829175233,0.013980358809323771,-19.99924000689724
060900,2023-03-31,0.3757423059427055,G5,0.019467961186253088,0.06608925444000875,-0.22721253604185523
060980,2023-03-31,0.1030406727467638,G4,0.19231587045081083,0.016801441935154753,9.39393194746497
061040,2023-03-31,0.007920135458340107,G1,-0.1989875216248015,0.018876316832903927,-12.36850345245912
061970,2023-03-31,0.05499333983381213,G3,-0.057941053551923506,0.022416643356528414,-4.123066971919743
063160,2023-03-31,0.08336105642939551,G3,-0.11865984178820116,0.02008961966930031,-7.623046757570491
063170,2023-03-31,0.15530880946868375,G4,-0.24923729602902145,0.029449441307735042,-9.634191744316164
063440,2023-03-31,0.036495897188667754,G2,-0.09149422620393789,0.015971947772821085,-7.887484750669801
063570,2023-03-31,0.06488805512197703,G3,0.22539585088374547,0.03627531244025224,5.262851502809414
063760,2023-03-31,0.24799239415790678,G5,-0.5055693028975212,0.05094912802500193,-10.599858959807658
064090,2023-03-31,0.6256108783978475,G5,-0.2067997956248518,0.024977534846744042,-9.660043130676982
064240,2023-03-31,0.21500749366167995,G5,0.22140189675087057,0.044133407020911154,4.235286624701848
064260,2023-03-31,0.02726954455747369,G2,-0.2693520834785953,0.027606549643006278,-11.005951692635765
064290,2023-03-31,0.4092092159439146,G5,0.8473131245959301,0.0465572292205278,17.458703404644588
064350,2023-03-31,0.04661964615396643,G2,0.23609306966422483,0.032016967162595174,6.296936257194208
064510,2023-03-31,0.043280844320380055,G2,,,
064520,2023-03-31,0.07165483895703209,G3,-0.6118094851318373,0.03408462994345214,-18.961442576808057
064550,2023-03-31,0.0018466606922260007,G1,0.2651433383774221,0.06861909128030821,3.3614416306170463
064800,2023-03-31,0.12418394103796267,G4,-0.180228721535239,0.024070672400279103,-8.920107683632148
064820,2023-03-31,0.11346291567557099,G4,0.36209912020878754,0.02478783238345439,13.216760822329265
064850,2023-03-31,0.1628148610860448,G4,0.05524627880950134,0.022534647452848215,0.9213372678787682
064960,2023-03-31,0.09404419255345134,G4,0.04897031355938221,0.021917290824432833,0.6609414175656518
065060,2023-03-31,0.0274226814918483,G2,0.23324849634650482,0.0368694930837314,5.391021449696207
065130,2023-03-31,0.02863679535312562,G2,0.0800557641520758,0.023070317622625725,1.975330231895013
065150,2023-03-31,0.02492934288172461,G1,0.017146059063085993,0.05629041245521316,-0.30801354037673606
065170,2023-03-31,0.018033889937649573,G1,0.17629985502990395,0.0548676903843226,2.5846830027629912
065350,2023-03-31,0.057560275625525036,G3,0.30709122560426805,0.035572671019747315,7.6633817336981505
065370,2023-03-31,0.16528622733471265,G4,-0.44028698305455916,0.02593243122275795,-18.308011588616083
065440,2023-03-31,0.029397460316954536,G2,-0.12110524421631301,0.030201339490233948,-5.151742112607559
065500,2023-03-31,0.017899636429506087,G1,0.2119074418490918,0.047408031528169414,3.742470797400345
065510,2023-03-31,0.1306291409299059,G4,0.9594713616306101,0.051428003416226366,17.986058798582075
065560,2023-03-31,0.026347138346834293,G1,,,
065680,2023-03-31,0.01918717185051335,G1,0.06859462066862304,0.03206986514743917,1.0636263114646707
065690,2023-03-31,0.21939668097367213,G5,-0.036991664863461754,0.025239975430862163,-2.831854307938332
065710,2023-03-31,0.2115349485931936,G5,-0.017393746050111798,0.009128507960830477,-5.6830770773710375
065770,2023-03-31,0.39078293250155205,G5,-0.09425436989845548,0.01284220576755179,-10.024651568535088
065950,2023-03-31,0.01666227138857681,G1,-0.00047094748963810024,0.025517026655396055,-1.3698780917693276
066310,2023-03-31,0.11036106985805944,G4,-0.05666064026045167,0.022717777658003657,-4.012052143710611
066360,2023-03-31,0.009003443907138644,G1,0.3645217819620123,0.02976396487553849,11.088492915826905
066410,2023-03-31,0.23452343204264156,G5,,,
066570,2023-03-31,0.07334430780130283,G3,-0.0463158335914309,0.01967372813724473,-4.107005104495142
066590,2023-03-31,0.029194776268747065,G2,-0.006673936643796632,0.03316361229489639,-1.2410651943007267
066620,2023-03-31,0.07327141608295944,G3,-0.21221604284695494,0.012694830820960581,-19.433131060896702
066670,2023-03-31,0.06964333043642222,G3,0.14272152451641848,0.04177347083048314,2.591052504661694
066700,2023-03-31,0.04828456464892056,G2,-0.059401726239637485,0.0327959646840584,-2.862730077824389
066790,2023-03-31,0.03258014547839471,G2,0.050729551457928304,0.04010730319208606,0.40504551222109825
066900,2023-03-31,0.00212852205977978,G1,0.20897410734259847,0.040251348963100064,4.33500599470286
066910,2023-03-31,0.11753810058562462,G4,-0.17328814746807578,0.023627810630211913,-8.793553453280543
066970,2023-03-31,0.029649631874574887,G2,-0.12904382239309928,0.04113407919410882,-3.975489275306362
066980,2023-03-31,0.012905083206734008,G1,0.335239649397996,0.03498451197082658,8.59681510938645
067160,2023-03-31,0.2528627034751001,G5,-0.12613248769481866,0.024336400258471242,-6.599856769350783
067170,2023-03-31,0.011946081874187414,G1,-0.10707879202107931,0.01950641869306685,-7.257255293309061
067290,2023-03-31,0.04052525901067961,G2,-0.023003992778409088,0.01721273127753885,-3.3398686207405848
067310,2023-03-31,0.07054797090438299,G3,0.33000567103939554,0.03752088620281502,7.8761839778864555
067390,2023-03-31,0.23983258170035543,G5,-0.7480110136776404,0.05163778796726626,-15.153539932158896
067570,2023-03-31,0.044714031390733655,G2,0.08436161600364325,0.03421603213257601,1.457718636623376
067630,2023-03-31,0.09055792621466005,G4,-0.1667325653123669,0.021835735370217633,-9.215024371448239
067770,2023-03-31,0.5943416623122315,G5,-0.02819401694096224,0.03693254680682211,-1.6971016258772422
067900,2023-03-31,0.21425990460060026,G5,0.25852880225044067,0.023640310211291794,9.477224789154539
067990,2023-03-31,0.01245656063670608,G1,-0.12429119073419359,0.013162321412713616,-12.062876604237434
068060,2023-03-31,0.0811649800106385,G3,,,
068240,2023-03-31,0.02663695170347194,G1,0.03769039999979115,0.02839186814442143,0.11292429546374144
068400,2023-03-31,0.09178175879754255,G4,0.3503926083726731,0.018918701394712238,16.698204252448654
068420,2023-03-31,0.010562380963843652,G1,,,
068790,2023-03-31,0.167908809331321,G4,-0.19957185297087035,0.02083077800962123,-11.236071987107175
068930,2023-03-31,0.043091029394271806,G2,-0.08800856310045943,0.013521142052764935,-9.059355409116039
068940,2023-03-31,0.26218070421981726,G5,,,
069080,2023-03-31,0.2277402149551889,G5,-0.13411481300690017,0.017254438881367164,-9.771345359810626
069110,2023-03-31,0.7706578213064107,G5,,,
069140,2023-03-31,0.08591458989615798,G3,-0.0685644312571537,0.04315321954895614,-2.387972453200872
069260,2023-03-31,0.1545456395276677,G4,0.026322334806058917,0.014238892619178599,-0.5732140627024996
069330,2023-03-31,0.25241633159759175,G5,-0.09257690712870449,0.020735902387163295,-6.127593246197257
069410,2023-03-31,0.2379781677244353,G5,-0.1071565205933128,0.04193327780864621,-3.377765733753131
069510,2023-03-31,0.0413306708517109,G2,0.0057719293607550945,0.017266321486912182,-1.662910015528883
069540,2023-03-31,0.48836746943428994,G5,0.7460178533112422,0.05095206541152405,13.964764318614424
069620,2023-03-31,0.07590787482076725,G3,-0.01128136881537906,0.021757924604256206,-2.1034008500566945
069640,2023-03-31,0.019439862978142437,G1,-0.17419972785781307,0.04324051691266188,-4.826121680552533
070590,2023-03-31,0.2632135657460892,G5,0.2810710564313405,0.03928379781867032,6.277060819752586
070960,2023-03-31,0.1665280793292986,G4,-0.03924396757594992,0.013425685034858501,-5.491580926947456
071090,2023-03-31,9.90335385651904e-05,G1,-0.02772084108834734,0.03532173849014007,-1.7610998789992902
071200,2023-03-31,0.05860799371948475,G3,-0.00872683710952283,0.02506526415490623,-1.7239437468185501
071280,2023-03-31,0.1575046454962879,G4,-0.39420339057923454,0.02274777903101606,-18.845253344839158
071320,2023-03-31,0.0528612311332502,G3,-0.053056049025772795,0.014043473342209938,-6.233523230705262
071460,2023-03-31,0.32910677345442135,G5,-0.11529504773337697,0.029852795806673164,-5.017262604013084
071670,2023-03-31,0.004949819391026677,G1,-0.08277037255836409,0.029823823251722677,-3.9315764401290894
071850,2023-03-31,0.018612985467669756,G1,0.07282103415417908,0.036334225468216554,1.0551144373513985
071950,2023-03-31,0.038197854683789854,G2,0.10110141879921841,0.021558060324684932,3.0901272889683824
071970,2023-03-31,0.0006064183153865458,G1,0.42800266187195884,0.029584501938809037,13.30150476736799
072020,2023-03-31,0.18541644523169118,G5,0.12584375951807292,0.0381032102815551,2.3976848814131304
072130,2023-03-31,0.21274436400794372,G5,-0.2992592104270397,0.027091424665634842,-12.31915570475968
072470,2023-03-31,0.041505643268273544,G2,-0.0802433097153138,0.02493810767203437,-4.600492528013759
072520,2023-03-31,1.5041337666188421,G5,-0.8357292304549396,0.050757162027375895,-17.144644499199394
072710,2023-03-31,0.10325038542096955,G4,-0.010475287471529706,0.013467394517755502,-3.338400438550875
072770,2023-03-31,0.11033860195706656,G4,0.3588667160250978,0.047940024770328715,6.766422197036146
072870,2023-03-31,0.05024820312991693,G3,-0.1360499638474689,0.011242895885822335,-15.168176764422514
072950,2023-03-31,0.03176817835361447,G2,-0.07736235968233829,0.019576717272570814,-5.713247344677697
072990,2023-03-31,0.027820783438514504,G2,0.019187195154623672,0.0197279547345028,-0.7754008635931096
073110,2023-03-31,0.2441881432346263,G5,-0.16656765438042162,0.019759525975025012,-10.17493653072566
073190,2023-03-31,0.1681820919310178,G4,0.024825795235389057,0.02131080279439447,-0.4532195783743256
073240,2023-03-31,0.05460510923461159,G3,0.2273010498974768,0.029435629930065304,6.550455419601958
073490,2023-03-31,0.09443798664849981,G4,-0.22664446168609415,0.01839817151440947,-14.193189240260137
073560,2023-03-31,0.0008736908062497062,G1,-0.024573596756117803,0.01757003936405243,-3.3612824550427964
073640,2023-03-31,0.024930892693308372,G1,1.0995000433518989,0.10101902952648613,10.542724277310345
074430,2023-03-31,0.11799311457053728,G4,-0.2656459313255083,0.01914425778171375,-15.677296191909313
074600,2023-03-31,0.14969748169046457,G4,0.18204077715949263,0.02499175014300034,5.904208709774459
074610,2023-03-31,0.5807295757919083,G5,-0.30817380014993734,0.050544696811410765,-6.7793080196152875
075130,2023-03-31,0.06036561066557745,G3,-0.036402448935749156,0.020254219176472552,-3.499849419560671
075180,2023-03-31,0.15257234344393758,G4,-0.031979596428621096,0.013800587502761119,-4.816017050578928
075580,2023-03-31,0.08953425070129087,G4,0.11474013523059606,0.023771926856299502,3.376077480931906
075970,2023-03-31,0.03424898120725535,G2,0.19216839393646074,0.05122950165577502,3.0779945255626417
076610,2023-03-31,0.0677203836620224,G3,-0.17729058680452506,0.02933978414753096,-7.218009990541445
077360,2023-03-31,0.01009515099980912,G1,0.4133034533922275,0.042141391730366136,8.989242394350637
077500,2023-03-31,0.04925197447591409,G2,0.4165989047109843,0.036942463111062994,10.343507287792926
077970,2023-03-31,0.002991938861866457,G1,0.11659733980576331,0.020941356388682213,3.921096130977386
078000,2023-03-31,0.3193868478540587,G5,-0.04098769025992399,0.00846499597260062,-8.915770166565169
078070,2023-03-31,0.15344647472203296,G4,-0.03309774627566851,0.012368460220139384,-5.464060470381642
078130,2023-03-31,0.10160214672039358,G4,,,
078140,2023-03-31,0.07014661638118852,G3,0.7109075250296104,0.05595644228646699,12.088389273821287
078150,2023-03-31,0.4033674447690213,G5,-0.014467703878054959,0.032014283455431156,-1.529066619244707
078160,2023-03-31,0.248972900828758,G5,-0.40807327405051824,0.038648562972610365,-11.450814941213592
078340,2023-03-31,0.07679297993204859,G3,-0.2612144357469604,0.02361889775065673,-12.519581021998427
078350,2023-03-31,0.0332825172881078,G2,0.12659341860436568,0.03443768504485419,2.674661499218457
078520,2023-03-31,0.06382708537454025,G3,-0.19169100981152312,0.030874802415838173,-7.325561960136869
078600,2023-03-31,0.004665943622764417,G1,0.06051459332970558,0.04293187520673421,0.6063169827005274
078860,2023-03-31,0.2401260697042218,G5,-0.3429091249962441,0.05462413491627917,-6.908912953355636
078890,2023-03-31,0.08699555063128842,G3,-0.42248813978268296,0.021337806704541842,-21.41609090394925
078930,2023-03-31,0.15540830715042156,G4,-0.0634904052577908,0.011801290998435335,-8.302030139199484
078940,2023-03-31,1.3861635635321206,G5,1.43791113153897,0.08985288330463401,15.619163366056478
079160,2023-03-31,0.035815538563120364,G2,-0.079178936569142,0.042050658585538046,-2.7030065327185073
079190,2023-03-31,0.06602085067182241,G3,0.35006364464189144,0.058592262515064636,5.386024754856838
079370,2023-03-31,0.00322316674145533,G1,0.5747038815827801,0.04685759282963253,11.528966399410614
079430,2023-03-31,0.020541706588370744,G1,-0.08699003450490803,0.015472809685962796,-7.850823816943509
079550,2023-03-31,0.12469787053821604,G4,0.08206000665733112,0.02434678829016292,1.9540868305767753
079650,2023-03-31,0.03672308127240918,G2,-0.07144862418492748,0.016918451251070714,-6.261382375109911
079810,2023-03-31,0.08117992002682214,G3,0.9566237978650581,0.0640957470806589,14.386906644709876
079940,2023-03-31,0.14217605012852497,G4,-0.019129273009561083,0.017744578649515546,-3.0214040221072103
079950,2023-03-31,1.9735539280960852,G5,-0.12028698144931696,0.050051258334803804,-3.0922549180822023
079960,2023-03-31,0.0760025234441673,G3,0.2882919112909164,0.023782633518761323,10.671973850079015
079970,2023-03-31,0.12944290966752564,G4,0.08918683251176089,0.04157192632091815,1.3158534872018368
079980,2023-03-31,0.09716246820316851,G4,-0.20367676583194091,0.017688012982955456,-13.464544285111101
080000,2023-03-31,0.07634182836431207,G3,-0.17959298043625027,0.04541859052467305,-4.713427833315051
080010,2023-03-31,0.20559901795371618,G5,0.030274239959044567,0.018407802127315312,-0.2287089085660637
080160,2023-03-31,0.14872172392917565,G4,-0.1984708032531662,0.017889847484832903,-13.021635413233653
080220,2023-03-31,0.10293076750703901,G4,-0.22101282137907433,0.026583159715740382,-9.611238558690697
080420,2023-03-31,0.05442180475461849,G3,-0.20031837624155707,0.018258258893641455,-12.860078603442926
080470,2023-03-31,0.03541409280431882,G2,-0.09595530995615785,0.019287635510785356,-6.762859977102996
080530,2023-03-31,0.0015702168860795868,G1,0.2689842018278196,0.0212881002797981,11.015540628473625
080580,2023-03-31,0.02792485266808608,G2,-0.9416205122044733,0.058622456502870804,-16.650697338985708
081000,2023-03-31,0.026420573415230356,G1,-0.10332888325376394,0.01983271803570638,-6.948777837628263
081580,2023-03-31,0.01745314567105189,G1,-0.009095614706337796,0.029434014048171985,-1.4805959842139595
081660,2023-03-31,0.14466796553978498,G4,0.09418659794014882,0.015839773005941738,3.7691404810580718
082210,2023-03-31,0.005074635866701848,G1,-0.3466436324913712,0.0221799446339776,-17.183446896445442
082660,2023-03-31,0.7650824355385692,G5,1.158390559285481,0.08892150871796124,12.639307488108111
082800,2023-03-31,0.14034211471284266,G4,-0.393522482190569,0.02743611328376247,-15.60012331398848
082850,2023-03-31,0.0030768478661678724,G1,-0.3349675762520633,0.02522084182175124,-14.648672203562985
082920,2023-03-31,0.24086669872167074,G5,0.1735407197767158,0.03846970465952065,3.6147002612773793
083310,2023-03-31,0.09650285002389959,G4,0.6652002508363349,0.036841214703146274,17.11984763873131
083450,2023-03-31,0.1377367085040236,G4,0.0442008115644544,0.027346839226053223,0.35530772647811415
083470,2023-03-31,0.042432265745887196,G2,-0.6393863421236071,0.05624804418892868,-11.980338519022288
083500,2023-03-31,0.4171726463566608,G5,-0.06202509257455459,0.026861263537532775,-3.592882394842918
083550,2023-03-31,0.01746575322714741,G1,-0.16823919767855333,0.012981395242577657,-15.616462035322973
083650,2023-03-31,0.018897908182586878,G1,0.07427572496656612,0.05343159047170357,0.7447178031310158
083660,2023-03-31,0.13016523806287467,G4,0.7431937405262118,0.06871899035647622,10.313153155439785
083790,2023-03-31,0.48931759032645256,G5,0.1665761951382889,0.042639906561785575,3.0978474742716355
083930,2023-03-31,0.5254905704762387,G5,0.13447836920322434,0.04929921387306641,2.0283102519241405
084010,2023-03-31,0.07740176793146465,G3,-0.023366992074807476,0.0203561291301635,-2.8419578200536666
084110,2023-03-31,0.14060676097424435,G4,0.02591586500146511,0.01674887835707065,-0.511580722514508
084370,2023-03-31,0.12563673043402254,G4,0.17294508783021278,0.02634165254581768,5.25634522347056
084440,2023-03-31,0.005634818861329435,G1,0.3886200716399201,0.06872450232259501,5.152977342562807
084650,2023-03-31,0.07612042490247928,G3,0.6110399882724538,0.03994456006511988,14.43389835912167
084670,2023-03-31,0.06732169108013725,G3,-0.006251215630895109,0.012433467691422144,-3.2762769755441163
084730,2023-03-31,0.005895868428867347,G1,-0.1013048216853328,0.022138697375450826,-6.133562769080966
084850,2023-03-31,0.12437335095018137,G4,-0.20040138513499756,0.023714980119230445,-9.90452668510618
084870,2023-03-31,0.006883197672475627,G1,-0.04666853264421131,0.02274274051356649,-3.5682947219348957
085310,2023-03-31,0.07875795006598994,G3,0.14101863227533307,0.019379374410269875,5.497306658474667
085370,2023-03-31,0.15930752153040226,G4,0.3905756398442134,0.02622893686871421,13.576279257291404
085660,2023-03-31,0.051086144291829554,G3,0.019045298025601794,0.018838866548086954,-0.819527556377797
085670,2023-03-31,0.025677596134617352,G1,-0.235578192141195,0.029765010285457794,-9.07315192717476
085910,2023-03-31,0.054283283614164124,G3,-0.10864402918419,0.01424861453387921,-10.045067689672843
086040,2023-03-31,0.2160061793712649,G5,-0.19981144343664925,0.028005066974829056,-8.36619001625374
086060,2023-03-31,0.05053944697891871,G3,0.038331542598086944,0.026867036864840325,0.14319682236483547
086280,2023-03-31,0.06452643681551626,G3,0.10954472688181749,0.018988471578490065,3.9529489395113955
086390,2023-03-31,0.011965436447272673,G1,0.01846386630796345,0.027209868275971633,-0.5887717581810822
086450,2023-03-31,0.10679686833406934,G4,-0.12077224217709771,0.015298965139523585,-10.148170745790415
086520,2023-03-31,0.08833928454647363,G4,1.0859119070433239,0.07050988853903255,14.91177564645555
086670,2023-03-31,0.17298391590645343,G4,0.1396180468749879,0.018279087458588437,5.751587918187231
086710,2023-03-31,0.14864967150821162,G4,0.28953070875963266,0.03800575232951689,6.710732582153618
086900,2023-03-31,0.04141407889507835,G2,0.02669268036639492,0.0340470189124458,-0.22884787494390008
086960,2023-03-31,0.08268100204234091,G3,-0.3901618345772408,0.0344055085351839,-12.342387046413524
086980,2023-03-31,0.06661518857461128,G3,0.022837569979711217,0.02906118829550615,-0.4007646966993665
087260,2023-03-31,0.0636077051737097,G3,-0.22910505335981657,0.02142724482940499,-12.30159657721235
088130,2023-03-31,0.10924337544962376,G4,-0.2531342048896739,0.02813002733970329,-10.224606955017292
088390,2023-03-31,0.12673610358722773,G4,0.22059288529788942,0.053760433795311945,3.4618139004197483
088800,2023-03-31,0.1875906040104857,G5,-0.5710590792612273,0.03514806006446898,-17.228357594792303
088910,2023-03-31,0.01857065184522243,G1,-0.02261377630256659,0.020602086268914393,-2.771469056578134
089010,2023-03-31,0.02338218925397788,G1,0.07611756932193767,0.03164664133302739,1.3155677593440218
089030,2023-03-31,0.013676449277375963,G1,0.14564027331608648,0.027326114311717966,4.067757448256656
089140,2023-03-31,0.02978951481261758,G2,0.2630887540403875,0.07100938085348331,3.219356132950856
089230,2023-03-31,0.22421512347713224,G5,-0.042142140623993594,0.04268010221584492,-1.795366105946885
089470,2023-03-31,0.04169713670194321,G2,-0.050948305440593936,0.015551470883400066,-5.493536551868492
089530,2023-03-31,0.9361605205475804,G5,0.0195010325278058,0.050765188383753226,-0.2951478413044227
089590,2023-03-31,0.16617879301820576,G4,-0.17324381774089367,0.020523407617420462,-10.121520261443086
089600,2023-03-31,0.07598329868687691,G3,-0.22582240367315154,0.024831282536668015,-10.483013576984723
089790,2023-03-31,0.05031291387184197,G3,0.12177987400362032,0.03526066804052648,2.4757218329104007
089850,2023-03-31,0.03345659581433852,G2,0.0938646721512311,0.019815840676347157,2.9966129032025672
089980,2023-03-31,0.059395921502901315,G3,-0.1936077075594058,0.02255102467598259,-10.11448389283226
090080,2023-03-31,0.001553091679451963,G1,0.2526200315428396,0.04453176120177963,4.898431082969143
090120,2023-03-31,0.051262787383970915,G3,,,
090350,2023-03-31,0.03328824709105899,G2,0.03984639090640379,0.023534304438378582,0.22784283375618208
090360,2023-03-31,0.10304715596890661,G4,-0.3142450819154021,0.025484927331981294,-13.683749051560412
090370,2023-03-31,0.16041507662821813,G4,-0.026463708588154247,0.03734873614085285,-1.6318618292995184
090410,2023-03-31,0.13401454956971204,G4,0.25755142067883696,0.029181228760234892,7.644200119843016
090430,2023-03-31,0.07043095623006615,G3,-0.1660748675433235,0.02632753379733667,-7.617847436066924
090460,2023-03-31,0.028402894043902227,G2,-0.020388385312926673,0.023615525813408072,-2.323583816814903
090470,2023-03-31,0.09927949774917338,G4,-0.11991960647216879,0.032193624130480526,-4.796101058366523
090710,2023-03-31,0.038901910314634996,G2,-0.390811109875037,0.02175449900935716,-19.54976660160225
090850,2023-03-31,0.23999726369553107,G5,-0.0158751219191665,0.02123666918755178,-2.3713412761248076
091120,2023-03-31,0.013679406860859554,G1,0.4372779250625406,0.029474305657192234,13.665925211424588
091340,2023-03-31,0.037640586959982125,G2,-0.08651530419305704,0.04591082258157476,-2.6355348408481865
091440,2023-03-31,0.15798094102722632,G4,-0.18345643519844018,0.028398882389896327,-7.674270434271083
091580,2023-03-31,0.04568572931520936,G2,-0.08666358391352336,0.03517230141219414,-3.444410724974756
091590,2023-03-31,0.08547251751787495,G3,-0.04460493332416208,0.029176873494110703,-2.710681171264255
091700,2023-03-31,0.04940080890133432,G2,0.005609449046828077,0.015108148953769125,-1.911208271391265
091970,2023-03-31,0.06414997425279617,G3,-0.22768037599969893,0.03709249062686511,-7.067863059659384
091990,2023-03-31,0.1011979984693452,G4,0.11764700256008431,0.02684741960579822,3.09760623138027
092040,2023-03-31,0.019074747246627183,G1,0.06909610710212621,0.021989639635645278,1.5740066405334534
092070,2023-03-31,0.01797009568841346,G1,0.44225674676683385,0.029622477823012083,13.765643809761748
092130,2023-03-31,0.16691008004266325,G4,-0.11771249232388821,0.006319060567622421,-24.08534607128096
092190,2023-03-31,0.17836414107185425,G5,0.021316794188289738,0.044862998732124335,-0.29350410085192447
092200,2023-03-31,0.05097357788310979,G3,0.44831091816301866,0.04322522166620877,9.573731120824856
092220,2023-03-31,0.07011057256129892,G3,-0.3079383185485993,0.028723273840132527,-11.92143307713221
092230,2023-03-31,0.049917653512555546,G2,-0.0577743773658272,0.008364696337622126,-11.029527186008636
092300,2023-03-31,0.04100502362032567,G2,0.0511989320225814,0.027208827156410632,0.6143103351649012
092460,2023-03-31,0.04491035390249375,G2,0.14889109170281517,0.02855930770157802,4.005938260324524
092600,2023-03-31,0.5650340986683324,G5,-0.17279770335729452,0.023567351578611586,-8.795301880169472
092730,2023-03-31,0.29847570151091074,G5,0.301878023845887,0.030734893713296046,8.70000586458929
092780,2023-03-31,0.029838284737564325,G2,0.20795990632558925,0.01826887748185562,9.49569223424919
092870,2023-03-31,0.08626807453049164,G3,0.4321971803218461,0.02620208051410231,15.17867681595394
093050,2023-03-31,0.026838247100105527,G1,-0.21430292252358515,0.013887882214865158,-17.913976153252076
093190,2023-03-31,0.12050473438872249,G4,-0.09090937204648164,0.017276046287313936,-7.258237113618005
093230,2023-03-31,0.02396906017677727,G1,-0.04742976609674121,0.07541883153719789,-1.0861217645492518
093240,2023-03-31,0.027989594029621184,G2,0.05249444805158582,0.02822463856104383,0.63810134255398
093320,2023-03-31,0.22590381871448276,G5,0.11414316970483036,0.03139014455175723,2.537704191861968
093370,2023-03-31,0.1138558697484355,G4,-0.12342285498963729,0.024759869078983174,-6.377542739769812
093380,2023-03-31,0.025876776944171325,G1,-0.006130896407989807,0.017332814141624995,-2.3432527671969225
093520,2023-03-31,0.18703354311983547,G5,0.22489499244370825,0.03730078313349371,5.104737974791974
093920,2023-03-31,0.056098327816238136,G3,-0.12552960828780377,0.01413218604643874,-11.322655677945141
094190,2023-03-31,0.890721874030379,G5,,,
094280,2023-03-31,0.0408535747061362,G2,-0.07664237343604709,0.0070015658102718275,-15.871684240359322
094360,2023-03-31,0.23957370102018172,G5,0.636738077424975,0.05216410458733382,11.545368484644282
094480,2023-03-31,0.09124232627471811,G4,-0.119190603099594,0.029979964658330787,-5.125919031047756
094820,2023-03-31,0.10014124396460948,G4,-0.15009331381915683,0.029466820044412662,-6.263912489832385
094840,2023-03-31,0.13070038206424195,G4,0.35542870154889206,0.057907208837532066,5.542391693522478
094860,2023-03-31,0.03608401642006567,G2,-0.2536030012350087,0.02565025160684663,-11.231362325147508
094940,2023-03-31,0.016578178773661738,G1,-0.20874577208910472,0.028597741827934592,-8.505218413581098
094970,2023-03-31,0.08884121070150104,G4,-0.19514099144378091,0.022286292791540364,-10.303430089710888
095190,2023-03-31,0.0027933455657200195,G1,-0.06955907028754371,0.018942762018838013,-5.4925115184764834
095270,2023-03-31,0.09118605899411611,G4,0.261130390398362,0.03045540483727021,7.441901472553005
095500,2023-03-31,0.016160712777309055,G1,-0.12810036312275683,0.04759345444442796,-3.4161132725778525
095570,2023-03-31,0.08109221382371068,G3,-0.09075404214648083,0.014483593561522418,-8.646908649237155
095610,2023-03-31,0.06395292974972688,G3,0.07204960286002969,0.027175030049705003,1.3823474895386385
095660,2023-03-31,0.018273180323238068,G1,-0.11025114581183301,0.030464819145112034,-4.750903440952748
095700,2023-03-31,16.45955939430059,G5,-0.20284217629823956,0.03029743961522765,-7.833217842990303
095720,2023-03-31,0.024005000401414574,G1,-0.2119687540916943,0.021913048240448315,-11.246861672556381
095910,2023-03-31,0.008150111620436811,G1,-0.3330375584751042,0.023210272303276214,-15.834447005428284
096040,2023-03-31,0.14026264404088326,G4,0.3216539797238939,0.06850486893368697,4.191960599314373
096240,2023-03-31,0.15333109043716497,G4,-0.1223521960852488,0.011315088843704796,-13.860824828184043
096350,2023-03-31,0.11051456095618548,G4,0.8760904587305427,0.04165244760246248,20.205443830583064
096530,2023-03-31,0.15295033162184796,G4,-0.028948247115762188,0.029274759248025552,-2.16679887513416
096610,2023-03-31,0.21232723417791546,G5,0.9896708950610533,0.10282992266856962,9.28899489545495
096640,2023-03-31,0.004268887325366379,G1,-0.9852760438563091,0.11829214751675306,-8.620693203702038
096690,2023-03-31,0.24096291646920656,G5,-0.4087810220290727,0.022028921757770825,-20.12196943617503
096770,2023-03-31,0.01958913643163271,G1,0.22767002975240597,0.032305111461719355,5.98003698853176
097230,2023-03-31,0.027383765286244418,G2,0.14894769244461162,0.028240228579633694,4.053204591781438
097520,2023-03-31,0.01121307179945736,G1,-0.122786902693009,0.02087194644898361,-7.535050522005842
097780,2023-03-31,0.09057483841202732,G4,0.0114065708103996,0.04662176341771056,-0.49499838252614486
097950,2023-03-31,0.035748109461805934,G2,-0.1394857633167781,0.017602259523371275,-9.883392037168496
098120,2023-03-31,0.14499373248724107,G4,0.06345237270157325,0.03338209947644826,0.8677735931296925
098460,2023-03-31,0.15254730094562194,G4,-0.1645446425857667,0.030394505846674705,-6.548187092840145
098660,2023-03-31,0.004880166581031294,G1,-0.04824692579077222,0.02790020071517415,-2.9652544412865076
099190,2023-03-31,0.07424831195602112,G3,0.7091981167651539,0.04530898626295409,14.891391402065777
099220,2023-03-31,0.035808307942823726,G2,-0.24506319192784845,0.022301638031253603,-12.534839809917658
099320,2023-03-31,0.012750314057231354,G1,-0.32567461862444125,0.019786329971107398,-18.202409817436543
099390,2023-03-31,0.46398218861317947,G5,-0.23386416612112362,0.027695823109662787,-9.689130138911903
099430,2023-03-31,0.4452799403902045,G5,0.08932327330791923,0.025552744310438035,2.1461101926666695
099440,2023-03-31,0.10694890640756431,G4,-0.10673897519383305,0.028922740420642298,-4.882775332925378
099520,2023-03-31,0.5847467163956739,G5,,,
099750,2023-03-31,0.01357861849959386,G1,-0.32022795148309374,0.027076604141392905,-13.100321514599251
100030,2023-03-31,0.1298741973575812,G4,-0.2774817462380348,0.019209889117496624,-16.23986544756132
100090,2023-03-31,0.08453617603493167,G3,0.15196042930950396,0.018703515128304548,6.280966984598585
100120,2023-03-31,0.10679483990467863,G4,0.08500551212518516,0.021914001753348598,2.305432134264673
100130,2023-03-31,0.04344394552518936,G2,-0.2932226138517629,0.0208150271973146,-15.743764302490277
100220,2023-03-31,0.10931035802818337,G4,-0.1775783554883123,0.037485438986904825,-5.657199955830242
100250,2023-03-31,0.012050735414331293,G1,0.05806426333234089,0.012001880863137228,1.964691643630787
100590,2023-03-31,0.03749386351281656,G2,-0.2125946233459182,0.01950569182630264,-12.667015035346
100700,2023-03-31,0.25648430959317314,G5,-0.06691767312843001,0.011463142631854993,-8.845911167442555
101000,2023-03-31,0.009516616366849608,G1,4.094418070558142,0.42155593576637435,9.630830591638182
101160,2023-03-31,0.22623461526639518,G5,0.168992114813878,0.02127842143589176,6.321326369366458
101170,2023-03-31,0.044116725623719745,G2,-0.21522699642030643,0.026259056156710505,-9.509529330481119
101330,2023-03-31,0.034322862783109497,G2,-0.14373855131806956,0.03370783081667795,-5.287282370082725
101360,2023-03-31,0.1591782746251569,G4,-0.19967793362725592,0.041027408485194324,-5.707457784091861
101390,2023-03-31,0.030506575875142692,G2,-0.20816770987161923,0.052734224191345304,-4.601413633845134
101400,2023-03-31,0.04434922489839284,G2,-0.1509582872975107,0.024391657230786217,-7.602704229384427
101490,2023-03-31,0.1964900316070441,G5,0.3513626952082755,0.03842854021203255,8.24591371848086
101530,2023-03-31,0.05825472164590102,G3,-0.09970701256635008,0.013764667525598373,-9.748966374195039
101730,2023-03-31,0.1582747775973173,G4,-0.5101914420043149,0.02901196286989182,-18.77417645747279
101930,2023-03-31,0.04435256550080714,G2,0.1811903689234047,0.017146990861687927,8.55579278102445
102120,2023-03-31,0.07076815786142153,G3,-0.11269761715773308,0.024348632077404165,-6.044770194174589
102260,2023-03-31,0.05746001963772807,G3,0.0761540041153761,0.009037042236552321,4.610992704465924
102280,2023-03-31,0.022031078233559764,G1,-0.10584274467376908,0.030496234272824364,-4.601453796264263
102370,2023-03-31,0.05473966969336242,G3,-0.1641330378935645,0.02332639584877233,-8.514701862812668
102460,2023-03-31,0.06357006256576506,G3,-0.11232078186831984,0.019843317139760893,-7.3982111522495035
102940,2023-03-31,0.18190607331164604,G5,-0.19803095124139614,0.017009200746027114,-13.669967390348326
103140,2023-03-31,0.08120214470502629,G3,0.012243551600195794,0.02239173036642823,-0.9932558283138528
103160,2023-03-31,0.011707087287225505,G1,,,
104460,2023-03-31,0.03305020987784533,G2,-0.5394012899591957,0.05590794033843024,-10.26483098425643
104540,2023-03-31,0.03973467997387432,G2,0.001874836860850066,0.021649809713544965,-1.5062225425210607
104830,2023-03-31,0.06545154297497323,G3,0.029222369160618506,0.02275558009374146,-0.231235552351909
105330,2023-03-31,0.0637648680612779,G3,-0.19543689723303728,0.02885382321756374,-7.968481812343117
105550,2023-03-31,0.06896666150957251,G3,0.05702946329363216,0.03332996669970547,0.6764241681990181
105740,2023-03-31,0.16148831781978037,G4,0.08045970552483121,0.018872160390490132,2.4361512556514606
105840,2023-03-31,0.14856816039309603,G4,0.031016236046078234,0.03437910852929857,-0.10087615400641227
106080,2023-03-31,0.043212153299705354,G2,0.30948362934765844,0.03350941037331595,8.206630853581407
106240,2023-03-31,0.04867806331673865,G2,-0.18686444139454955,0.029377426083153805,-7.534652935920846
106520,2023-03-31,1.6761834278004453,G5,0.027009077513878602,0.010966132452743851,-0.6816615439414958
107590,2023-03-31,0.032362232105538166,G2,-0.0370439266803311,0.004864498148999578,-14.704126259709719
108230,2023-03-31,0.09629509184064704,G4,-0.28951132150157965,0.02288394680459852,-14.158204114036648
108320,2023-03-31,0.07506289932091706,G3,-0.061432111543420376,0.026758887963307044,-3.584468082815251
108380,2023-03-31,0.02894194865588976,G2,0.1765569022603129,0.019875678529399424,7.148064593492041
108490,2023-03-31,0.21233035746651932,G5,-0.4006547642520642,0.025895672899238584,-16.803542207143867
108670,2023-03-31,0.019161638169535814,G1,0.5502166337884752,0.031216721694426682,16.52102903514911
108860,2023-03-31,0.05281606145273076,G3,-0.10889561488703178,0.045145388714596474,-3.1759585477521184
109070,2023-03-31,0.006048742924217499,G1,,,
109610,2023-03-31,0.05186627150076784,G3,0.378561785423389,0.04117786635822457,8.355885031473528
109740,2023-03-31,0.3780904106130315,G5,-0.1559520912229981,0.015950558179435057,-11.939165850710435
109860,2023-03-31,0.12821351322021352,G4,-0.7741533045281621,0.054661973658153715,-14.793420703722132
109960,2023-03-31,0.043139307529818295,G2,5.036335261483871,0.5536021213185118,9.035100843324626
110790,2023-03-31,0.09841049491984914,G4,-0.1481765433205395,0.01635604456929024,-11.167786370317335
110990,2023-03-31,0.06367689769536462,G3,0.4087486621968316,0.03361004858193997,11.135491012210435
111110,2023-03-31,0.07581539415977102,G3,0.012917872759645822,0.015056058603097179,-1.4324064552060576
111770,2023-03-31,0.19886706959683526,G5,0.25147100623575525,0.01944558620955881,11.158662721950177
111870,2023-03-31,0.958912270077766,G5,0.06965467234659659,0.01823533917198971,1.9286948118813698
112040,2023-03-31,0.4981194155225261,G5,-0.2659661691749067,0.03570199632609383,-8.415508049559591
112610,2023-03-31,0.0700059358256318,G3,0.04541405883102804,0.026283769403336866,0.4158380166338518
113810,2023-03-31,0.022879593660202122,G1,0.49950479266847325,0.0820513634714955,5.667432016986989
114090,2023-03-31,0.2493425661203264,G5,-0.3513899773328661,0.021998602335910486,-17.540852811164665
114120,2023-03-31,0.22621525430585368,G5,,,
114190,2023-03-31,0.02887562082627103,G2,-0.19050920382359737,0.05513143505503836,-4.081037830625426
114630,2023-03-31,0.06368280358262686,G3,-0.16914087014436477,0.017123993005569688,-11.891218267305838
114810,2023-03-31,0.08819582885373901,G4,0.1803555571239839,0.024147784437178115,6.0407731902193245
115160,2023-03-31,0.0029846435914666343,G1,-0.1182940593691463,0.02870182509292004,-5.32294818072442
115180,2023-03-31,3.343542859843532,G5,-0.02553038227962985,0.04019588330458692,-1.4930546523271513
115310,2023-03-31,0.3902678371474543,G5,-0.34249848761941226,0.03638531032544341,-10.360850369014987
115390,2023-03-31,0.00978935749365894,G1,-0.0295084439716181,0.010008906370727289,-6.393576869842478
115440,2023-03-31,0.12090435631376414,G4,0.01992266829775901,0.026394473430210688,-0.5516912482996132
115450,2023-03-31,0.11452772546667131,G4,-0.30590519916388814,0.03033070980981898,-11.222601435670212
115480,2023-03-31,0.1782757019612202,G5,0.010929244652203358,0.01770949835762926,-1.33007853552961
115530,2023-03-31,0.007110916924357192,G1,-0.28337401603976387,0.021665777949404132,-14.670984124121366
115570,2023-03-31,0.04766523302248873,G2,-0.20713254333924722,0.020412430395812853,-11.836748831314685
115960,2023-03-31,0.04980295622810894,G2,-0.18959443528769632,0.018266928183755055,-12.2669066920433
117580,2023-03-31,0.0461198131676936,G2,-0.19347112150783702,0.021246665468847202,-10.728996045744598
117670,2023-03-31,0.13379206169344762,G4,-0.3063178920669881,0.024644274085341002,-13.828857737075252
117730,2023-03-31,0.29591249342614856,G5,1.1364771898974828,0.06582823399927465,16.740429670602172
118000,2023-03-31,0.07079640726433929,G3,0.005975000223330296,0.053191571432008436,-0.5359734127387887
118990,2023-03-31,0.10272415963357641,G4,0.05550407214001492,0.030793854537208242,0.6825973611693772
119610,2023-03-31,0.2670519740108596,G5,0.16804470971572172,0.025858290624683745,5.165091666791965
119650,2023-03-31,0.024186217406442195,G1,0.1542097611383819,0.06184195861360455,1.9359912837456716
119830,2023-03-31,0.29491587370799655,G5,0.16122330550330452,0.031033931417420703,4.083885973256918
119850,2023-03-31,0.04765465400774982,G2,0.22547011192751146,0.05767028438200013,3.3116854838059107
120110,2023-03-31,0.023510137422524294,G1,0.18251257148256872,0.029034044749483418,5.098438900509016
121440,2023-03-31,0.13788782809244654,G4,-0.15903075430756922,0.01128339460063661,-17.15042586468916
121600,2023-03-31,0.11449542420690915,G4,0.21047825726516026,0.04744524979420702,3.7094122116723662
121800,2023-03-31,0.26286089450340017,G5,,,
121850,2023-03-31,0.38446999537753096,G5,-0.20045307969327014,0.05239120535029086,-4.48428980427435
122310,2023-03-31,0.08335186532760766,G3,-0.115275851858908,0.01260350862971982,-11.882415012471023
122640,2023-03-31,0.0828898827717859,G3,0.6568500736354127,0.03400250285478336,18.303529243147388
122690,2023-03-31,0.028915203648207516,G2,0.0325159991116276,0.03700412638733417,-0.05319053233287573
122870,2023-03-31,0.231435969816328,G5,0.34195767432700236,0.03473087000944304,8.853029191342454
122900,2023-03-31,0.016099521380582987,G1,-0.09521632309545389,0.008707168452402107,-14.895840375335268
122990,2023-03-31,0.03864397108704184,G2,-0.06252867981126228,0.016393948871404954,-5.917607091794672
123040,2023-03-31,0.0773184650698674,G3,-0.04866648123153948,0.02560661683211575,-3.2472368399692284
123330,2023-03-31,0.10570886378789922,G4,-0.04574177924898391,0.03720955652412393,-2.1560602983713117
123410,2023-03-31,0.0731721994933748,G3,0.1921035335546646,0.0290594564937431,5.424026608891301
123420,2023-03-31,0.011751236240657766,G1,-0.5993466109252861,0.022342206722279004,-28.369215588088313
123570,2023-03-31,0.01690806355632727,G1,-0.02338960340183964,0.04646278879565172,-1.24559616834577
123690,2023-03-31,0.05361544555845352,G3,-0.3229306023208834,0.017813291030167003,-20.064505206156475
123700,2023-03-31,0.10003002799425051,G4,0.19259044976461498,0.055715328760682824,2.837750130687632
123750,2023-03-31,0.05659747050508101,G3,-0.21506443297337186,0.030429569586773064,-8.20086201201239
123840,2023-03-31,1.0502199661967133,G5,0.0015106255938530516,0.04983508995993993,-0.6616551254414473
124500,2023-03-31,0.0013473193963008388,G1,-0.1016588494115217,0.021143989543734157,-6.43885665108785
124560,2023-03-31,0.04490530694444146,G2,-0.12488817146762446,0.02416764533905323,-6.594454591021849
126340,2023-03-31,0.0426519169534003,G2,0.2799465104280243,0.05037379093289169,4.8728165498274265
126560,2023-03-31,0.057641818612655236,G3,-0.1487713470570594,0.01699861454931382,-10.780620668708544
126600,2023-03-31,0.06969325332073707,G3,-0.2962190001107809,0.02491187674502303,-13.27492391634174
126700,2023-03-31,0.11862516974173698,G4,0.11387096174979941,0.02564797952366396,3.0952416108984653
126720,2023-03-31,0.1899811803037291,G5,-0.09226941662407752,0.020995546383422044,-6.037170102743521
126870,2023-03-31,0.0790171125249222,G3,,,
127120,2023-03-31,0.5469377543388851,G5,0.02866587126974629,0.041146525079538546,-0.14140676549694875
127710,2023-03-31,0.18928986995525302,G5,-0.3008735061991548,0.017344343399935964,-19.33528221616483
128540,2023-03-31,0.03288527843672357,G2,-0.09920365362914563,0.023691420703699825,-5.6428832864780825
128820,2023-03-31,0.02169703436371067,G1,-0.029250393324123117,0.020990494859472686,-3.036358220399152
129260,2023-03-31,0.06297971825713325,G3,-0.0007231554133505791,0.015012914047918898,-2.345142561507836
129920,2023-03-31,0.011391387958974536,G1,-0.18016071411942966,0.03852087767233275,-5.572172686145189
130500,2023-03-31,0.00417069458917392,G1,-0.08946165107940453,0.01986064367983112,-6.2407805794309175
130580,2023-03-31,0.07454567582434103,G3,-0.14067299601181357,0.011653715633804053,-15.030164610883075
130660,2023-03-31,0.04899894916976398,G2,-0.00199598187783169,0.04202024294169671,-0.8681589542719
130740,2023-03-31,0.060622127064433214,G3,-0.17737643349547716,0.022396887638278153,-9.459381375208242
131090,2023-03-31,0.08877044168760868,G4,-0.07826916710704981,0.015322418795460346,-7.358722986552149
131100,2023-03-31,0.06077784889840958,G3,-0.03782119734469914,0.055045924133240595,-1.3135480378595177
131180,2023-03-31,0.02364123404285224,G1,-0.11062199739915272,0.011694050142291114,-12.408555113601235
131220,2023-03-31,0.06619856003298903,G3,-0.05213534573488892,0.015397467591354911,-5.62557534306521
131290,2023-03-31,0.14696472548496708,G4,0.24488541341648107,0.03687062895572434,5.706470192750329
131370,2023-03-31,0.026737420678944322,G1,-0.22602934132490698,0.017904592401411058,-14.550099984239734
131400,2023-03-31,0.015055531410568845,G1,1.4345875651283837,0.11154070601023333,12.552397657472671
131760,2023-03-31,0.07979419733297234,G3,-0.3213927043738309,0.018968689899418266,-18.761283702435765
133750,2023-03-31,0.35946883092933124,G5,-0.25426899255029956,0.02675558303755888,-10.792261952865584
134580,2023-03-31,0.14848389794863506,G4,-0.09787235127148941,0.036190351549136045,-3.6572349783469296
134790,2023-03-31,0.01166646020159959,G1,-0.1255706455452429,0.013873012124517177,-11.537142215501106
136410,2023-03-31,0.1332110050451519,G4,-0.3988377541736523,0.022688521304941894,-19.09873352442547
136480,2023-03-31,0.0010941181392412549,G1,-0.13903110459463752,0.017231724927123077,-10.069530103408498
136490,2023-03-31,0.0437623054992996,G2,-0.04147112192925338,0.018118559098700117,-4.192131935446543
136540,2023-03-31,0.08394795631719397,G3,-0.055377907826569484,0.010878697187131098,-8.260380317006565
137080,2023-03-31,0.09487063589932984,G4,-0.3640531507040348,0.023357168219424376,-17.062745588537766
137310,2023-03-31,0.6786100497947894,G5,-0.4255158939696628,0.03949858631171448,-11.645990533233817
137400,2023-03-31,0.16627112426631135,G4,0.5371347506649159,0.036670518464856874,13.707209590012946
137940,2023-03-31,1.3866368523845776,G5,-0.09127610738950633,0.04697106752286171,-2.677400840868249
137950,2023-03-31,0.07509714628427354,G3,0.11213398886566248,0.02651865260676168,2.928117115316054
138070,2023-03-31,0.08779789066826776,G3,0.04712098758186398,0.037202994786862946,0.33966940999178147
138080,2023-03-31,0.430350812436127,G5,-0.47538560730965046,0.01866144692891615,-27.322097667158037
138490,2023-03-31,0.08501558691523843,G3,-0.19010821391638472,0.019311646989294554,-11.6298978711433
138580,2023-03-31,0.3347013790181196,G5,0.1926398983817422,0.027168305385696596,5.821328487139433
138690,2023-03-31,6.48546754687687,G5,,,
139050,2023-03-31,0.04682498690812853,G2,14.04408619073963,1.5941449755950943,8.788160510443639
139480,2023-03-31,0.0019134327494079609,G1,-0.3213295972891874,0.01622969957501966,-21.923626123648646
139670,2023-03-31,0.2075944750683123,G5,-0.3578815925514358,0.028264515021667515,-13.881924403915367
139990,2023-03-31,0.03257292231933316,G2,-0.10096773327613748,0.01864560182307515,-7.264555086722365
140070,2023-03-31,0.1326866502899126,G4,-0.1704209791203575,0.02682970396836585,-7.637253383587029
140520,2023-03-31,0.03644895044107854,G2,0.014490896489108928,0.016377183013509218,-1.2208065200884577
140670,2023-03-31,0.0194620489605307,G1,-0.20012828905367502,0.024555651710075708,-9.554320126233563
140860,2023-03-31,0.07944126987452069,G3,0.3102520102732666,0.026388987919025688,10.450106795560856
141000,2023-03-31,1.2388592227539843,G5,-0.07203057493523027,0.01600338519811061,-6.655769508096857
142210,2023-03-31,0.06106112060022711,G3,-0.006358683847587037,0.025527060468239663,-1.5999865002508247
142280,2023-03-31,0.049478263828827286,G2,-0.043316737364800975,0.023360478429660155,-3.3304542923531097
142760,2023-03-31,0.07471420618636077,G3,-0.4049446443013203,0.02579198907499065,-17.037418530085297
143160,2023-03-31,0.08419271596917295,G3,-0.19963504111909733,0.024816337575476407,-9.43407981535268
143210,2023-03-31,0.0017683209143150775,G1,0.07569274135061149,0.018130115458569063,2.272929433466553
143540,2023-03-31,0.7100092046403624,G5,-0.33606575172050485,0.022099119232025597,-16.767637484673784
144510,2023-03-31,0.01939713119737128,G1,-0.07880015869041251,0.022880600976316435,-4.951112389939207
144960,2023-03-31,0.011360944298271268,G1,0.08692637172136368,0.028114562957812502,1.865300325221954
145020,2023-03-31,0.28735690139813125,G5,-0.13529774635771857,0.029420770344379257,-5.77082152041059
145210,2023-03-31,0.1394730396636388,G4,0.7019003119134537,0.10359931983561078,6.442282098761001
145270,2023-03-31,0.683311489195236,G5,0.099962370762373,0.010208222385780124,6.414251178628312
145720,2023-03-31,0.31289342410381277,G5,0.06734132861886932,0.031224964107770932,1.052268954186221
145990,2023-03-31,0.017517359407203847,G1,0.06840016540704211,0.03888303788484058,0.8722543031438925
146320,2023-03-31,0.044352379890955626,G2,0.11760003253104499,0.04471386499024701,1.8588364986227714
148250,2023-03-31,0.10365229302309795,G4,-0.3113917700579982,0.025170202692703845,-13.74148800362824
148930,2023-03-31,0.18851529688646734,G5,-0.07746093589014671,0.03193174341787385,-3.5057654922833965
149980,2023-03-31,0.14040211387933912,G4,0.4208157121692602,0.03853605357828122,10.025194798211311
150840,2023-03-31,0.20141377868201957,G5,,,
150900,2023-03-31,0.23514201251230638,G5,-0.039300950108120694,0.020138935367044968,-3.663809285645981
151860,2023-03-31,0.050235403409864515,G3,-0.32734925772853213,0.052300412111521935,-6.918368544585561
151910,2023-03-31,0.00549714527490071,G1,-0.2642884064253173,0.04241069988566083,-7.044747564258331
153490,2023-03-31,0.05110289021332245,G3,0.0025925538143029975,0.03270739087776586,-0.9750614042424145
154030,2023-03-31,0.39393861072000236,G5,-0.023972247500904605,0.018562133943480295,-3.149234671594405
154040,2023-03-31,0.03845481463376643,G2,0.0009837351202347591,0.05964524801826005,-0.5616630709992548
155650,2023-03-31,0.10813218259272435,G4,0.1139578926329685,0.03719177468641399,2.1368602334891262
155660,2023-03-31,0.0867737377168461,G3,-0.08718958569485806,0.014891497566180313,-8.170692937147654
155900,2023-03-31,0.42342269972632585,G5,-0.009966992964267295,0.0031213738792602373,-14.24092818623994
156100,2023-03-31,0.10597376582656287,G4,0.27292995819535587,0.060876516850836115,3.916874720131068
158310,2023-03-31,0.07678966333484782,G3,,,
158430,2023-03-31,0.054085178906211395,G3,-0.1449837428697974,0.019169493781140287,-9.362167473564071
159580,2023-03-31,0.08777597206406312,G3,-0.44812755786537695,0.026307356054564923,-18.3451284559748
159910,2023-03-31,0.35712303060688955,G5,-0.30142711083903867,0.03139444732230325,-10.699706724669216
160550,2023-03-31,0.032037459941169154,G2,0.16227848002943338,0.03121756133975976,4.093664150952988
160600,2023-03-31,0.06470209130105865,G3,,,
160980,2023-03-31,0.05423224813552657,G3,0.004045467303211099,0.020869538719614188,-1.4585277326165327
161000,2023-03-31,0.02479571891371387,G1,1.1316821179982028,0.09063264162324451,12.10598996183426
161570,2023-03-31,0.01543218646739487,G1,1.0687445587175772,0.0497257759212385,20.79927907134273
161580,2023-03-31,0.06417719341835915,G3,0.18713596776665753,0.05909667867024042,2.583084242784123
161890,2023-03-31,0.02472737204570952,G1,0.1630999108645534,0.02221618343544785,5.789277125190327
162300,2023-03-31,0.042957089355384094,G2,-0.23946180813293283,0.04779817051644447,-5.731308823448952
163560,2023-03-31,0.05087062506309593,G3,0.10231978449903502,0.01863419712424173,3.640377728864049
163730,2023-03-31,0.02527418436626459,G1,-0.3230261201995098,0.022358243239624858,-15.99009298989053
164060,2023-03-31,0.036486201842460694,G2,0.40468355903237063,0.04383652347742813,8.44499657757548
166090,2023-03-31,0.22936949296073358,G5,0.17365718446560544,0.03386305110091652,4.109875266648838
166480,2023-03-31,0.08103699433911715,G3,-0.08990283303782332,0.02682362980025997,-4.637221071746997
168330,2023-03-31,0.45071293841779775,G5,-0.2511652951760427,0.023355277254801753,-12.230621814176802
168360,2023-03-31,0.12706600266913134,G4,0.30766387670363654,0.05191907864361484,5.2616420696932
170030,2023-03-31,0.07050766835310217,G3,0.17627424426120278,0.03525043366221972,4.022361180778487
170900,2023-03-31,0.027570188542216354,G2,-0.028172658966626705,0.017790371118975287,-3.52195729028269
170920,2023-03-31,0.12566248239502945,G4,-0.3052150551932171,0.02380070570313625,-14.272657614565498
171010,2023-03-31,0.027898098229018113,G2,0.0712991691735651,0.024980075040791187,1.473770628021146
171090,2023-03-31,0.16800400472987767,G4,-0.1764118107426989,0.050140440728315624,-4.206107404961107
171120,2023-03-31,0.07204504300281656,G3,0.5001844453051666,0.0592657446885652,7.857830513388223
172670,2023-03-31,0.28581799288763277,G5,0.050514526124282,0.01758822086355761,0.9114200893856983
173940,2023-03-31,0.05438741112578425,G3,0.2684762816558123,0.02936434459250279,7.9685760608759315
174880,2023-03-31,0.07663647552877069,G3,0.055142149847212996,0.004617636484579354,4.473691600349507
175140,2023-03-31,0.16381674758776746,G4,0.3041153070181737,0.03868040174140257,6.970740390136233
175250,2023-03-31,0.3131231033737699,G5,-0.46591596569581323,0.032146027116935566,-15.566472092125782
177350,2023-03-31,0.49636083128082487,G5,0.07443901143437219,0.0431645748981367,0.9256373597093854
177830,2023-03-31,0.01557549979374377,G1,0.03558203472072464,0.023387658982848798,0.04693784995098316
178320,2023-03-31,0.044076782252298725,G2,-0.018409264437367876,0.02493576940261075,-2.1211911241252053
178780,2023-03-31,0.5700285659443989,G5,,,
179530,2023-03-31,0.5125198750789547,G5,-0.14553516767940863,0.01661520262781161,-10.834621762046
179900,2023-03-31,0.9562466204256596,G5,-0.06904662346761038,0.025717657018903432,-4.025673555106294
180400,2023-03-31,0.12518431439325836,G4,0.14179566342195532,0.042464767571322115,2.5270689389512495
180640,2023-03-31,0.17924422419127684,G5,-0.051501464251275296,0.026887792816469268,-3.1979468575527843
181340,2023-03-31,6.265779618859135,G5,,,
181710,2023-03-31,0.03485067134153407,G2,-0.026309016670899698,0.022555252174319765,-2.69530504441882
182360,2023-03-31,0.039019717602588024,G2,-0.04470798302885477,0.03993760269248266,-1.9828994727428602
183190,2023-03-31,0.05978652117421131,G3,-0.026812473243673612,0.01759354937627864,-3.4840463527503354
183300,2023-03-31,0.10735497412238922,G4,0.2156714453406295,0.025479575699622843,7.111075128720788
184230,2023-03-31,0.15986763234151943,G4,-0.12807203405689838,0.028074996636764174,-5.790073796009436
185490,2023-03-31,10.550154680296817,G5,-0.18440306317373598,0.03326569810717888,-6.579971078953009
185750,2023-03-31,0.086237367055266,G3,0.0039640263646496775,0.015017101005775121,-2.0323657619600537
186230,2023-03-31,0.03865375656540944,G2,-0.07829907345891053,0.019017478013612435,-5.930509906248598
187220,2023-03-31,0.025850452498760442,G1,0.08631242992837396,0.041628019703682316,1.24503067896613
187270,2023-03-31,0.08046311156889652,G3,-0.2029876316282657,0.02531096327541707,-9.38217551568217
187420,2023-03-31,0.41084716856272285,G5,-0.09383437118345486,0.045931063574480374,-2.7937223632555406
187660,2023-03-31,0.2510905090167009,G5,0.20073187269174753,0.04742621520122424,3.5053947209089786
187790,2023-03-31,0.11478186880726793,G4,0.1380824289408148,0.035038060589478684,2.956732162260162
187870,2023-03-31,0.09204488741419654,G4,-0.2887059953232501,0.021781257196978876,-14.837998591778277
189300,2023-03-31,0.01206612379517511,G1,-0.10770369535044437,0.03295946791019026,-4.314024851085847
189690,2023-03-31,0.12427802280557787,G4,0.06388626813214397,0.04580382297497671,0.6419114809592158
189980,2023-03-31,0.12131599248460029,G4,-0.06236692685093419,0.01715217035807004,-5.646585424569838
190510,2023-03-31,0.07287682285772051,G3,-0.11502622453181063,0.02330834476091182,-6.4144620460232415
191410,2023-03-31,0.01827845703589757,G1,0.2757969025368557,0.04273980175951603,5.646086886456942
191420,2023-03-31,0.30116882252582655,G5,-0.2289924432198101,0.025475193427725844,-10.342481294989462
192390,2023-03-31,0.1584845113399489,G4,0.08207774715433597,0.029001878730683602,1.6410481301440578
192440,2023-03-31,0.12221442862944962,G4,0.05234439978771072,0.012980919539679968,1.3758756797184593
192650,2023-03-31,0.03700698378120639,G2,0.32606550605494405,0.029346695762915955,9.9357433667445
192820,2023-03-31,0.03425045017648652,G2,0.2667644893533163,0.02731151446798746,8.504845871249474
193250,2023-03-31,0.12526547586445508,G4,-0.1684234422740657,0.024392761011165394,-8.318357666599155
194370,2023-03-31,0.05307252977005406,G3,0.006115952667475312,0.02038498533273687,-1.3916279635310829
194700,2023-03-31,0.07175020977464373,G3,-0.0779265776418891,0.014186312751977289,-7.923894524241628
195870,2023-03-31,0.16163297387051118,G4,0.4140032381380251,0.030058334405644975,12.62608116350147
195990,2023-03-31,0.23719150720944246,G5,-0.14649042900943424,0.059085746649017154,-3.0629163134240858
196170,2023-03-31,1.0143803294532452,G5,0.17158155160703448,0.0371286351972784,3.6924945553722117
196490,2023-03-31,0.2147561583667079,G5,-0.016274128665610836,0.03681853258917693,-1.3786099930884954
196700,2023-03-31,0.07737593211030792,G3,-0.23475741125632502,0.03243092562531698,-8.302004162928554
197140,2023-03-31,0.20275223476798593,G5,0.07553465958777775,0.034083903337176945,1.2043923164844563
198080,2023-03-31,0.009331256919825039,G1,-0.2505405065184226,0.024273284873314066,-11.742323970517084
198940,2023-03-31,0.0353672358989647,G2,-0.03342939346279857,0.051312194584666466,-1.3235384357498523
200130,2023-03-31,0.06950967546644167,G3,-0.3074295491060663,0.02073841515785767,-16.486979105980524
200230,2023-03-31,0.11566357687105341,G4,-0.12889650355813068,0.024797919943323754,-6.588486946656183
200350,2023-03-31,0.15534420414195999,G4,-0.20723500714577658,0.0339506138493656,-7.119732105903476
200710,2023-03-31,0.33002665677728543,G5,0.16344099957911387,0.03999554750476247,3.2242771841309446
200880,2023-03-31,0.068731051901081,G3,0.6487134603520464,0.044510269152514145,13.7997186661512
201490,2023-03-31,0.1783997409723038,G5,-0.22608635382269684,0.02228980065902616,-11.69012796935278
203400,2023-03-31,37.58286578419726,G5,-0.2753494821724902,0.029921552440105605,-10.354868821909282
203450,2023-03-31,0.02542436862508737,G1,-0.03850275593005428,0.02446006315448493,-2.9839262377110627
203650,2023-03-31,0.13469290097785788,G4,-0.042157094954731106,0.01944011108365863,-3.9424344293916507
203690,2023-03-31,0.24667878949187158,G5,0.7242792893005505,0.06025711160669968,11.447528808054797
204020,2023-03-31,0.038654430420507334,G2,0.1727517083143177,0.016418244303346905,8.42157282270727
204210,2023-03-31,0.2776239342786337,G5,0.19445613785650293,0.023809779546991094,6.718746355803033
204270,2023-03-31,0.03887945796125611,G2,0.28233601627996996,0.028141248049021354,8.80741847538302
204320,2023-03-31,0.03515047342325868,G2,0.021940798113940195,0.019567504782731004,-0.6410357538183798
204620,2023-03-31,0.07031826955941052,G3,-0.0008133242105184506,0.031974749938295674,-1.1039208303839143
204630,2023-03-31,1.3260589479217317,G5,0.31512286426111313,0.08227052199668934,3.4111682915993096
204840,2023-03-31,0.0893608175909601,G4,0.12270305262771736,0.0574175907864909,1.536441761603665
205100,2023-03-31,0.30651824245701786,G5,-0.13546473203405424,0.017818853588562146,-9.537594519314462
205470,2023-03-31,4.624200188362839,G5,-0.5635702714978101,0.04918466946628805,-12.15936889034924
205500,2023-03-31,2.5349650703406525,G5,-0.18743146296243446,0.0278085231122211,-7.980133657568869
206400,2023-03-31,0.7580126835643753,G5,0.337251242496886,0.04610588580670502,6.566774911852419
207760,2023-03-31,0.041928595019423476,G2,-0.3032686389298434,0.021553267508711338,-15.670612684875476
207940,2023-03-31,0.2659673253584119,G5,-0.018872847114503804,0.01542856403730569,-3.4583332109307916
208140,2023-03-31,0.14613175664112318,G4,0.05662352926859292,0.017933311552130696,1.2345327806051296
208340,2023-03-31,752.4958234545454,G5,0.09969423864346082,0.04953798918894632,1.3163628846955409
208350,2023-03-31,0.3776061951346689,G5,-0.12474200167913542,0.027338610914606303,-5.824226785668467
208370,2023-03-31,0.10412076043962866,G4,-0.16739145640105066,0.06773752396269994,-2.980264303798551
208640,2023-03-31,0.5364857673574583,G5,-0.3449488555761424,0.029690693684531953,-12.77953044480398
208710,2023-03-31,0.06309596690296433,G3,0.13963773449398223,0.040691738067307894,2.5841478195737366
210540,2023-03-31,0.10166970247335481,G4,0.3499152648820547,0.029336818356694716,10.752052003532613
210980,2023-03-31,0.12428039623843151,G4,0.08667726967773592,0.020083817813802106,2.5987589545442233
211050,2023-03-31,0.09640262045961444,G4,0.44829712298190405,0.031169926019555743,13.276029414686404
213420,2023-03-31,0.0030134244499255658,G1,-0.16703988094223166,0.020470822288071427,-9.844457950882848
213500,2023-03-31,0.013872333282652957,G1,-0.10230371398110819,0.010197500559990639,-13.413873475081886
214150,2023-03-31,0.5103863876321064,G5,0.37506395483839045,0.027938062148126823,12.190526484620285
214180,2023-03-31,0.14600130144551285,G4,0.014795094070335501,0.012614075289231296,-1.5608892265892982
214260,2023-03-31,0.0810398783574925,G3,0.13081827301985047,0.04927964185438437,1.9548438483344375
214270,2023-03-31,0.12455127574712245,G4,-0.2037038417527617,0.03481438171766596,-6.8416584840448325
214310,2023-03-31,0.13942175067531917,G4,,,
214320,2023-03-31,0.04183438915969394,G2,-0.01749049092829389,0.012377868227416756,-4.199007314187886
214330,2023-03-31,0.018391681482729134,G1,0.049273186561014315,0.033133781517264455,0.4463395842887896
214370,2023-03-31,0.5076720363135835,G5,0.1644018116388754,0.03561532917936499,3.6477984716048857
214420,2023-03-31,0.017193298438223877,G1,0.006500356969562143,0.037073751566391755,-0.7548173610919069
214450,2023-03-31,0.37407092118596835,G5,0.682568125477754,0.031501625577292754,20.573029020198497
214610,2023-03-31,2.2720844036839343,G5,0.07835380617217179,0.061952583496441914,0.7081147452391297
214680,2023-03-31,0.07966024531232416,G3,0.38250902853760715,0.05998623988059319,5.8017432154055975
214870,2023-03-31,0.9487380360399131,G5,,,
215000,2023-03-31,0.222063831915935,G5,-0.26331152178490114,0.020424422390212346,-14.580377568977998
215100,2023-03-31,0.012938983586278728,G1,-0.3682672985719351,0.020657987823008508,-19.496166340849534
215200,2023-03-31,0.09962503945899119,G4,-0.15191406336084082,0.02208372969896982,-8.440527673286049
215360,2023-03-31,0.04000764239014453,G2,0.3465184698387713,0.03115865046274849,10.014368302604721
215480,2023-03-31,0.08363996110177387,G3,-0.0852827752291703,0.013806637089857673,-8.674599233859333
215600,2023-03-31,4.942627587795306,G5,-0.14629252928836597,0.03246303173731514,-5.56869731218764
215790,2023-03-31,0.002639157908140917,G1,0.3022002079521875,0.05291737058150218,5.059131561481769
216050,2023-03-31,0.21193631194410598,G5,-0.3987668928602333,0.027054995283343163,-16.013721555503437
217190,2023-03-31,0.10168595340924803,G4,0.7576676915181408,0.04526164845104507,15.977841019371002
217270,2023-03-31,0.07810834391165523,G3,-0.3097390085675969,0.02816922087927247,-12.21983662010215
217330,2023-03-31,4.667405178342147,G5,-0.005345446315946754,0.02657663642437321,-1.4986740222740216
217480,2023-03-31,0.5182102597529977,G5,,,
217500,2023-03-31,0.08812910872552802,G4,-0.06277519446704856,0.02716615626931385,-3.5801701865932767
217730,2023-03-31,1.7473561865275418,G5,-0.0469908843976142,0.020339480219469016,-4.005763756554056
217820,2023-03-31,0.5369213804312235,G5,0.019918167783781165,0.031769142398510176,-0.4584983858294152
218150,2023-03-31,0.02028755831719502,G1,0.5701176063262096,0.06583548356602888,8.135936869003475
218410,2023-03-31,0.04754388967072603,G2,-0.37956621667943885,0.023705666613419298,-17.46630844532911
219420,2023-03-31,0.1848372155425161,G5,-0.13710361902149135,0.02241185583115582,-7.656121322877757
219750,2023-03-31,0.010595471607767396,G1,,,
220100,2023-03-31,0.6056690742398897,G5,0.405117220831306,0.03675357868299419,10.084268411938734
220180,2023-03-31,0.1736010226966153,G5,-0.053541242169004,0.034049644428443514,-2.5852108572433266
221980,2023-03-31,0.07102331690789643,G3,0.03039241368253348,0.01531716563966482,-0.26714176149883156
222080,2023-03-31,0.09149670936553139,G4,-0.10931926607545747,0.028343799224435844,-5.073544771801941
222160,2023-03-31,0.19120673920175726,G5,0.45215710074654075,0.05576947878139464,7.48927265558735
222800,2023-03-31,0.15774099720747353,G4,0.1781177120276209,0.027729614125581913,5.1797851598096765
222980,2023-03-31,0.054667500721612,G3,-0.0005586041782562959,0.01938934479038813,-1.8073262840893418
223250,2023-03-31,0.05113092785751037,G3,0.13589003515855244,0.02709393635893132,3.742747658460556
224060,2023-03-31,0.307255589207461,G5,0.012860246045077461,0.046731259426416864,-0.46273142459716254
224110,2023-03-31,0.1410570841556175,G4,0.1508526683004325,0.03539120458755032,3.2880598827846867
225190,2023-03-31,0.2224003125828831,G5,-0.1175686686871636,0.00654357310766013,-23.23698910032015
225530,2023-03-31,0.2169653905163588,G5,-0.13307438389243753,0.013902598581831575,-12.052326131611988
225570,2023-03-31,0.24379523418656515,G5,0.21225470474392355,0.039290669963039516,4.52449491491156
225590,2023-03-31,0.06687068569933327,G3,-0.03693321395244791,0.02419928318108714,-2.95122304700938
226320,2023-03-31,0.06861911217456806,G3,-0.30655760730263293,0.021290945616008763,-16.01816479860269
226330,2023-03-31,955.8813676784621,G5,0.5693028351267988,0.0606396977955087,8.819611348289525
226340,2023-03-31,0.022532014112647422,G1,0.4359762784195757,0.044152274991359104,9.09334819565849
226350,2023-03-31,0.47748582682732815,G5,,,
226360,2023-03-31,0.034297227216163205,G2,0.069629176161719,0.00544119696511064,6.459039820537254
227100,2023-03-31,0.005601337370868213,G1,0.11578642308611509,0.044403704451807864,1.8309768474761121
227610,2023-03-31,0.10047676235459524,G4,0.6796091747453984,0.06649702503161756,9.701560425387088
227950,2023-03-31,0.1025741241613992,G4,0.15827014760566924,0.0775147320569208,1.59693358963155
228670,2023-03-31,0.21554989489616133,G5,0.18943672644721046,0.03071777283021766,5.044391043939808
228850,2023-03-31,0.15140529188457977,G4,-0.10391871985939728,0.014131607096249955,-9.79386047244461
229000,2023-03-31,6.111221402799359,G5,0.27727800286228677,0.0697551670598322,3.4806559112868087
229640,2023-03-31,0.029881307498604404,G2,0.23763636775717148,0.04639577132902287,4.378677057092201
230240,2023-03-31,0.025751739024726376,G1,-0.36741796465870047,0.034711070610221204,-11.578502935401744
230360,2023-03-31,0.09400768296929504,G4,-0.19221310811716022,0.021710739707463306,-10.441715918684862
230980,2023-03-31,2.870882079602386,G5,0.38819068951194835,0.044139001919245635,8.013466681153956
232140,2023-03-31,0.036641792349099145,G2,0.050100545229009676,0.024761742270130227,0.6306614763196398
234080,2023-03-31,0.17729372690733072,G5,0.1831652262817032,0.014092561856856603,10.550314378551475
234100,2023-03-31,0.04992417561068506,G2,-0.14028118696057468,0.026079432292640564,-6.701275292045954
236200,2023-03-31,0.08514924966411042,G3,-0.012200318943122117,0.022282822406052068,-2.0950930894250357
237690,2023-03-31,0.07323394739450051,G3,0.0429534556665869,0.024207566987968675,0.34985702520675555
237880,2023-03-31,0.0697368682753626,G3,-0.20545047166328947,0.026942049224679368,-8.905586132482757
238090,2023-03-31,0.18109018784208206,G5,-0.3737687001546366,0.04980068104780558,-8.197738662558086
238120,2023-03-31,0.039232310363344826,G2,-0.0565089686491154,0.02302218477998576,-3.9524153685406476
238200,2023-03-31,0.1365879641112124,G4,-0.2483302744549924,0.023206978838815544,-12.186616134395106
239610,2023-03-31,0.2142478958097499,G5,-0.26300889553203993,0.03998325238132724,-7.440444338731596
240810,2023-03-31,0.0713600429297886,G3,0.10096046925061711,0.02592669710376165,2.5640057694926863
241560,2023-03-31,0.15370384430452927,G4,0.3245212887320016,0.028342035916171338,10.23345751509086
241590,2023-03-31,0.003123133952425434,G1,0.02317488266210392,0.023510126062538078,-0.48104317265230656
241690,2023-03-31,0.09746933230402771,G4,-0.054471762718738846,0.024194275857577843,-3.6767387267579665
241710,2023-03-31,0.07982291697381282,G3,1.197648740814013,0.05108767255147809,22.768006730963847
241770,2023-03-31,0.0397056316490126,G2,0.10703441576586983,0.017394883833714993,4.170775048958319
241790,2023-03-31,0.2378860604488662,G5,0.06755000846960965,0.0219999977723499,1.5029883420481303
241820,2023-03-31,5.550234793078099,G5,-0.331516306079175,0.037773024186520725,-9.68946972751165
241840,2023-03-31,0.21223449409058656,G5,-0.3891924602267695,0.022989861429426297,-18.42885090108284
242040,2023-03-31,0.08561960663538637,G3,0.2261430261975351,0.05381070424618773,3.5617217910399384
243070,2023-03-31,0.08745733961984706,G3,0.03267902091826931,0.017559014790439875,-0.10281028838796163
244460,2023-03-31,5.704625053477205,G5,-0.7248539774295367,0.06782807518119188,-11.195043404869866
244920,2023-03-31,0.007932459027145962,G1,-0.1241245586726546,0.015860532185771953,-10.000220995586838
245620,2023-03-31,0.060975946181604165,G3,0.20448829247732914,0.05987228585587792,2.8394443565069962
247540,2023-03-31,0.053370235011247796,G3,0.7291958604677655,0.050581336510726854,13.734544005727372
248070,2023-03-31,0.0866380506122055,G3,0.24508502466527848,0.02669031351482288,7.890531381567892
248170,2023-03-31,0.04077051672442302,G2,0.043535070366552985,0.040062973303698075,0.22591438746346412
249420,2023-03-31,0.1015796249848533,G4,-0.2618076320634955,0.023700064348992494,-12.501734003467968
250000,2023-03-31,0.18045716871941023,G5,0.39917370148046993,0.05520219577922074,6.606429835623744
250030,2023-03-31,0.17090736190195865,G4,0.11069168355245478,0.028095970401966496,2.712396623767725
250060,2023-03-31,0.2760625449199367,G5,0.27654170425830393,0.04971779934664386,4.868627315500054
250930,2023-03-31,0.2156334232028485,G5,-0.0785451055110002,0.023454333869383233,-4.819125302519427
251270,2023-03-31,0.046784406907205776,G2,-0.274168695766482,0.024143385008094383,-12.784162782297718
251630,2023-03-31,0.25211672121620404,G5,0.3946774572751896,0.0341304884046318,10.553414434398348
251970,2023-03-31,0.11527933217172809,G4,0.5719809132446104,0.030656447093201523,17.53290729737317
253450,2023-03-31,0.10236011134066468,G4,-0.3140866618338976,0.019814762423992074,-17.591476630803534
253590,2023-03-31,0.01856547515626089,G1,0.33183917074061414,0.0478449446149369,6.2149701466076905
253840,2023-03-31,4.323398754549875,G5,-0.006864639093778213,0.026071706654889566,-1.5859685725140833
254120,2023-03-31,0.018885104178450834,G1,0.8427181733086058,0.07171127987081158,11.270666295064911
254490,2023-03-31,0.02613502022973921,G1,-0.09659739804558863,0.056374608082094754,-2.3251898469499896
255220,2023-03-31,0.5512412759872285,G5,0.20708112463347447,0.048284997369729084,3.5745441802384
255440,2023-03-31,0.5841076253223104,G5,-0.12118206539360696,0.0434790727360879,-3.5802588208622455
256630,2023-03-31,0.23157034820953465,G5,-0.15255105005399516,0.013021121921979656,-14.363994091089987
256840,2023-03-31,0.13635782320310272,G4,-0.08955324629317059,0.0275733965744486,-4.498448867224257
256940,2023-03-31,0.17110943516582616,G4,0.019929450940419893,0.03370714124663647,-0.4318021883186372
257720,2023-03-31,0.1278482406607062,G4,0.9184164944441503,0.05606740939335769,15.765526456733113
258610,2023-03-31,0.05445386263917095,G3,0.46401299117095224,0.07118494699823388,6.033982477909635
258790,2023-03-31,0.40392477684135747,G5,-0.23884233976518907,0.028935075052596907,-9.446203528452266
259630,2023-03-31,0.05263507417283918,G3,0.12905704804910384,0.028767316125788093,3.2875079254140904
260930,2023-03-31,0.008146442894315853,G1,0.049864752611466376,0.023422237478262765,0.6566616162549571
261200,2023-03-31,0.08729048037088548,G3,0.44752482537806676,0.043874618733855814,9.414111598117694
262260,2023-03-31,0.13793343538402442,G4,0.2819065657664248,0.03857606138172355,6.413881786048922
262840,2023-03-31,0.04114623026857608,G2,-0.11700655686624462,0.014090619548657264,-10.751182702492562
263020,2023-03-31,0.09105889367539259,G4,-0.013599752933570353,0.028126428981595224,-1.709567227951955
263600,2023-03-31,0.028575179868248465,G2,-0.1867700927480127,0.03608453555107836,-6.131556293069251
263690,2023-03-31,0.06978618959160234,G3,-0.07135629620890387,0.021133193381624407,-5.008261770491182
263720,2023-03-31,0.054536238144592325,G3,-0.07635514087936271,0.03239460383875291,-3.421539270051237
263810,2023-03-31,0.024131926604360324,G1,0.39916451682819126,0.06632251601649762,5.498588872062615
263860,2023-03-31,0.1470170041191306,G4,0.34469826778662294,0.044033765412134517,7.044911934977367
264450,2023-03-31,0.17045441396448266,G4,-0.054965114887231784,0.011055168251556538,-8.091182435628735
264660,2023-03-31,0.10964623667311803,G4,0.07898977125062968,0.015886230295053906,2.8015144015508398
264850,2023-03-31,0.08619695856577995,G3,-0.11568444580510592,0.02915837532796439,-5.150105669768552
265520,2023-03-31,0.12456054267527036,G4,-0.0907795758843842,0.016121545132541534,-7.769965170659761
265560,2023-03-31,0.04966093984899489,G2,-0.16105273914838159,0.020019725791559913,-9.767217067653377
265740,2023-03-31,0.09369913084411964,G4,-0.07483333449818128,0.01953924468202099,-5.594771167969079
267250,2023-03-31,0.03492208971910814,G2,0.066330003072542,0.013936649820832661,2.285035154736809
267260,2023-03-31,0.0814504567868829,G3,0.7317039034963964,0.03725470310596604,18.714942734090915
267270,2023-03-31,0.07856573140970968,G3,0.5124889544377443,0.039282962422891136,12.168244365056248
267290,2023-03-31,0.02273075315447129,G1,-0.12894590307821988,0.0103576685322921,-15.77866397842107
267790,2023-03-31,0.08880601280593138,G4,-0.08328898047794259,0.02757452620221494,-4.271088754415852
267980,2023-03-31,0.028097495669272107,G2,-0.1489186067243246,0.016043254766673967,-11.431774766675353
268280,2023-03-31,0.03248476930569395,G2,0.04205545587291199,0.017248371618069965,0.43895086144231993
269620,2023-03-31,0.08839040862056509,G4,,,
270870,2023-03-31,0.008463558080442114,G1,-0.30936184408598233,0.014806376040778184,-23.22284071616714
271560,2023-03-31,0.1493652267834554,G4,-0.16791784081186148,0.02054217729033818,-9.853001765287186
271830,2023-03-31,0.4375004279321722,G5,-0.3015948546776257,0.03671603045071134,-9.153471081833613
271980,2023-03-31,0.08464259386463635,G3,-0.03765450512208392,0.01823017746864257,-3.95710757829163
272110,2023-03-31,0.18782535206868992,G5,0.2792089063275363,0.038690908695295165,6.325119938695367
272210,2023-03-31,0.019079352115928545,G1,0.12265961521853161,0.0275147791952983,3.2046539897698327
272290,2023-03-31,0.05452464943671125,G3,0.1566233801748951,0.034111217291682774,3.5806142840875093
272550,2023-03-31,0.0008127581056146209,G1,-0.1546869997640843,0.011920481651825151,-15.8694315869194
274090,2023-03-31,0.017948828442403406,G1,-0.2692589040872697,0.02609664590558935,-11.639165181564472
276730,2023-03-31,0.4387162927743796,G5,-0.2986825013279721,0.02495300812883007,-13.35176776685784
277070,2023-03-31,0.4612148337406416,G5,-0.17785241245170588,0.03793213309674297,-5.597804906010441
277410,2023-03-31,0.005033686028086724,G1,0.29701857142041427,0.06058699531254554,4.333179121582371
277880,2023-03-31,0.03607861482634155,G2,0.22475915421798648,0.04805146486446679,3.9598144710466148
278470,2023-03-31,0.18979800743629902,G5,,,
278650,2023-03-31,0.060707534479188946,G3,-0.15360144579321092,0.03845431724609218,-4.891146886894931
280360,2023-03-31,0.01939116736113242,G1,-0.135610895119229,0.011543558227795637,-14.735072154991274
281740,2023-03-31,0.27498254751867585,G5,1.0364996672476567,0.06921966575457525,14.47587745522656
282330,2023-03-31,0.020010608202798683,G1,-0.06608003433761378,0.01906878240319801,-5.273766332004038
282690,2023-03-31,0.05963775561752009,G3,-0.0509045222238107,0.006203849281375235,-13.763840261697187
282720,2023-03-31,0.05441991760962377,G3,-0.29268028109830146,0.04345477404982529,-7.528851697994267
282880,2023-03-31,0.10430271203285695,G4,0.26410605896117384,0.03549111762111006,6.469838259810456
284620,2023-03-31,50.607965087870724,G5,-0.5303082339519024,0.029830010349913512,-18.933701182782958
284740,2023-03-31,0.1412033151813077,G4,-0.1947988248512531,0.017059240610876134,-13.440404433814972
285130,2023-03-31,0.02372749406264719,G1,-0.14370943645414927,0.01984644278284473,-8.97862184657408
285490,2023-03-31,0.3322530522507272,G5,0.41219121642383455,0.051759458678459776,7.297351204492759
286750,2023-03-31,0.9326789809309516,G5,0.6159482893900773,0.071097246735657,8.178432327475432
286940,2023-03-31,0.04386763654385236,G2,0.016182417183174445,0.02536149865157749,-0.7216391807496791
287410,2023-03-31,0.26159288713259143,G5,0.2923443312134206,0.02814745153148799,9.16104474439808
288620,2023-03-31,0.020026675720146183,G1,-0.17471351081739928,0.017311814789199506,-12.084104506512887
288980,2023-03-31,0.34784140858809065,G5,-0.5385041809613089,0.02934593861149866,-19.52530661362036
289010,2023-03-31,0.309792417604946,G5,-0.2623705911055073,0.021927289252598858,-13.538146734804737
289220,2023-03-31,0.6507148045345772,G5,-0.3622743635343694,0.029340136935164282,-13.52272597444954
290090,2023-03-31,0.1533003343401013,G4,-0.09547969642140441,0.015066351915985153,-8.626107065519802
290270,2023-03-31,0.06894262339365087,G3,0.07859562428299961,0.03952143344844848,1.1161375522437789
290520,2023-03-31,0.1794493182172703,G5,-0.40817048252366167,0.03561379431790154,-12.429306095976436
290550,2023-03-31,0.03833665275106638,G2,-0.022374552510093272,0.02786703124900219,-2.0403616120684576
290650,2023-03-31,0.14332821953244473,G4,0.42723119800662324,0.030629629617715776,12.822451156470422
290660,2023-03-31,0.3396468721882317,G5,0.04403349312997591,0.048261192658454105,0.19786549629788766
290670,2023-03-31,0.18339965643530295,G5,-0.41029460934902623,0.03783416701134125,-11.756010843542063
290720,2023-03-31,0.05410337352841589,G3,0.025801223711115047,0.03440657732449087,-0.25236583399962925
290740,2023-03-31,0.023096029088489865,G1,0.0580510897178701,0.0361829212688619,0.6513244536025947
291230,2023-03-31,0.12969684201377749,G4,-0.5187827763513546,0.029892485163770764,-18.508566337421446
294090,2023-03-31,11.151409277688469,G5,0.04264341992175171,0.03317642150728569,0.24593223917404736
294870,2023-03-31,0.04659860674661383,G2,-0.07402841109040806,0.017187578205431993,-6.313436255306547
296640,2023-03-31,0.13920537764171534,G4,-0.28574198848758053,0.02670030501053773,-11.993355755819294
297090,2023-03-31,0.02702517967413526,G1,0.16083444051322887,0.03123715102578424,4.044868628264213
297890,2023-03-31,0.1464170596085355,G4,0.29370639483064226,0.04200770307509502,6.170823624290079
298000,2023-03-31,0.06761189169439319,G3,-0.3352366121399296,0.03020580570761702,-12.240060206021248
298020,2023-03-31,0.03725823779393241,G2,-0.24372896707354827,0.023417638616031806,-11.880499136909789
298040,2023-03-31,0.016661666575755844,G1,1.0586448183706696,0.04952166333673294,20.681061197682155
298050,2023-03-31,0.08068361782937021,G3,0.1186207732873319,0.02443523287544618,3.4432454735961944
298380,2023-03-31,0.5723233848484099,G5,-0.07316603458323388,0.028518006941439033,-3.774818594334935
298540,2023-03-31,0.10583266383259936,G4,-0.2718429059743197,0.02639155233398282,-11.607016153898742
299030,2023-03-31,0.06651814636605778,G3,0.6949724938326515,0.048599963187124694,13.590303000783916
299170,2023-03-31,0.16177239255790757,G4,-0.09333726240085971,0.02065767672175973,-6.187604366898724
299900,2023-03-31,0.1069706540671871,G4,-0.2255432809818095,0.037531396569776415,-6.928267345209571
299910,2023-03-31,0.44770796215799763,G5,,,
300080,2023-03-31,0.1712394453549735,G4,0.4158502163701036,0.05027191548244511,7.586063598682513
300120,2023-03-31,0.9970138478973531,G5,-0.00547631762242505,0.043193669292315794,-0.9251491380524369
300720,2023-03-31,0.07058433754081245,G3,-0.049481654404596336,0.015175011901233264,-5.533170138104168
301300,2023-03-31,0.6433559243516441,G5,-0.3999270581671242,0.027957450119421547,-15.538302835351542
302430,2023-03-31,0.01508159411585892,G1,0.0413704688601976,0.029770443434038014,0.23130997637883186
302440,2023-03-31,1.4171505631066101,G5,0.05481835343286163,0.03134965369097257,0.6486223210189433
306040,2023-03-31,0.1399782982367273,G4,-0.3309398731992923,0.01826667355080388,-20.00496371031351
306620,2023-03-31,0.026724863751091968,G1,-0.0963554266796772,0.023697098735532426,-5.52133813647717
307180,2023-03-31,0.012631785422859525,G1,0.13642475867530032,0.02748093942881187,3.7094980194068556
307280,2023-03-31,0.23576340617066027,G5,0.2713016651378276,0.032197820098097844,7.35507547168186
307750,2023-03-31,0.0844533055245789,G3,0.13882177439945637,0.03412278229052855,3.057708050252818
307950,2023-03-31,0.04591974482232599,G2,0.342627843072294,0.0299808594595985,10.278010048206193
308170,2023-03-31,0.008408116333939604,G1,-0.13708313003880288,0.02502093567784743,-6.856953734283604
310200,2023-03-31,0.25938795966312395,G5,-0.08034982236590843,0.029006286474439577,-3.9589380308914577
310870,2023-03-31,0.08678169793434237,G3,0.09732118060300192,0.03770311227199641,1.666624013874591
311390,2023-03-31,0.04778503753327309,G2,0.0673322157638704,0.031492682781496174,1.043034272408434
314130,2023-03-31,4.890315766888562,G5,-0.2954122859993169,0.040529192574890543,-8.139726782921008
317120,2023-03-31,0.111023356243948,G4,-0.26303821768063707,0.020294509974483937,-14.660244881368987
317240,2023-03-31,0.03583228210666445,G2,1.1499179163908604,0.06466506599893321,17.249400907076765
317330,2023-03-31,0.004331349308572887,G1,-0.14700149311327804,0.03355008875609882,-5.409397355855579
317400,2023-03-31,0.06192414843523985,G3,-0.1295849088681569,0.020755154291154414,-7.9049847020777895
317530,2023-03-31,0.14785652497232993,G4,-0.250632148515323,0.04407537037852541,-6.468837683254536
317770,2023-03-31,0.03957957430806392,G2,2.234311528340342,0.120936137538993,18.18999105489355
317830,2023-03-31,0.0032870382622324787,G1,0.16074747567868092,0.05297230984264201,2.3835699776179626
317850,2023-03-31,0.060617280234284455,G3,-0.03894236914353711,0.037980671052028236,-1.9332632995250596
317870,2023-03-31,0.27940741437516686,G5,0.6434052203029379,0.03619614997102608,16.822809953480625
318020,2023-03-31,0.013475792567097598,G1,,,
318160,2023-03-31,0.10531397690306472,G4,-0.6526941917193728,0.05965417424439734,-11.519369243076813
318410,2023-03-31,0.06451188817508893,G3,0.11563778833311429,0.01883937239969442,4.307655176546524
319400,2023-03-31,0.07934282140283012,G3,0.1477275937027228,0.050856691234928454,2.2267143744550997
319660,2023-03-31,0.13454967532672474,G4,0.10846270183510884,0.028506366390139436,2.595154799105354
321260,2023-03-31,0.024256285592019405,G1,0.2239867873119517,0.050045790403170184,3.7865825975098324
321820,2023-03-31,0.15630279472238695,G4,-0.2828935281543093,0.03440099455941917,-9.225832000258043
322000,2023-03-31,0.057161619327950566,G3,-0.39834011076026193,0.026781748251974293,-16.16116972576792
322180,2023-03-31,0.08638007683604379,G3,0.1601836445702295,0.043970394772032934,2.8587274899223054
322310,2023-03-31,0.3016707194212275,G5,0.3511380981051317,0.04761084585875679,6.6508759527574846
322510,2023-03-31,1.207044800528757,G5,2.109571621493434,0.07751616916803472,26.769735598033826
322780,2023-03-31,0.297581453162229,G5,0.03620037240256498,0.025939425969058013,0.06615813749807452
323280,2023-03-31,0.019739403248072773,G1,0.538139309138176,0.052091990480500505,9.668569701402086
326030,2023-03-31,0.3727315445936927,G5,0.2823334837143653,0.027744910324708414,8.933141701343276
327260,2023-03-31,0.0009243607297233743,G1,-0.2251170267919712,0.03205721414106158,-8.098061607672106
328130,2023-03-31,0.21806265720461862,G5,1.7297769086086454,0.06988910773438818,24.256893459834686
328380,2023-03-31,0.06449612381739991,G3,0.342530564785199,0.05781230011534667,5.328386794469419
329180,2023-03-31,0.01575026905384569,G1,0.35073258557636244,0.019778058711851357,15.989856329740695
331520,2023-03-31,0.10870118567335604,G4,0.15454612983516947,0.03387676639531199,3.544076791198738
332370,2023-03-31,0.20907718007652754,G5,-0.07638356104405519,0.015638915561002532,-7.0892274406289415
332570,2023-03-31,0.09770809051196148,G4,0.5493286308019735,0.047251240488941575,10.89589092649921
333430,2023-03-31,0.03840307597444796,G2,0.5024827421686056,0.05314310463299348,8.80638188355615
333620,2023-03-31,0.125843007606115,G4,0.08519080007228662,0.03246927100157085,1.5616775559004863
335810,2023-03-31,0.02497998047919391,G1,0.14188925786504222,0.02323410737352975,4.6227293282944935
336060,2023-03-31,0.007273961947020626,G1,0.17928230569844067,0.05047232565614289,2.86886002424845
336370,2023-03-31,0.16855891200017215,G4,-0.23986200197990162,0.027866825761532037,-9.844905645884433
337930,2023-03-31,0.07186906442123146,G3,0.030338181142612046,0.02270431969181181,-0.18261226085387336
338220,2023-03-31,2.4158257422276597,G5,1.0720058293361105,0.06492940722421776,15.979224289859935
339770,2023-03-31,0.048700045687929246,G2,-0.13049862734989573,0.011612313926225555,-14.20758142526417
339950,2023-03-31,0.15470341298054957,G4,-0.04993447004410481,0.029741310986994663,-2.8384336646660437
340570,2023-03-31,0.3273541060874022,G5,0.07325316600714593,0.025630307388238075,1.5126193036707132
340930,2023-03-31,0.07910761194893068,G3,0.03346891228524625,0.04655646698467619,-0.021809129283174994
344820,2023-03-31,0.03947477762889287,G2,0.10088673628286099,0.01926850430677358,3.4461661856564128
347000,2023-03-31,0.017275016073971146,G1,-0.006042873096962132,0.047539191903670765,-0.8524995854318618
347700,2023-03-31,3.5125235816185745,G5,-0.09850297835771024,0.0389013811385953,-3.4185739106947097
347740,2023-03-31,0.14632878026235133,G4,-0.13450590228797274,0.02388498650847319,-7.075162907071622
347770,2023-03-31,0.016255507069850468,G1,0.21878152657820235,0.03432036923860158,5.369908960018777
348150,2023-03-31,0.5409877973820925,G5,-0.4937298091019823,0.03756231783780946,-14.062339807555107
348210,2023-03-31,0.45147708421458577,G5,0.2881494553214636,0.02996055108275186,8.466639559738086
348340,2023-03-31,2.6125227223657834,G5,-0.12364803996404464,0.043203418849339995,-3.660180431742459
348350,2023-03-31,0.06761283147431596,G3,0.24344816445858328,0.045749042609953834,4.567612440493675
348370,2023-03-31,0.10252054121096167,G4,0.05641589066307402,0.03811677110891108,0.5753798585857617
351320,2023-03-31,0.16998531928077468,G4,-0.2974034333198572,0.025640081385572545,-12.944097041723529
352480,2023-03-31,0.1290194721994819,G4,0.1791004936306253,0.03207393569421426,4.508839411436163
352700,2023-03-31,0.11836105514863242,G4,-0.18046600494544351,0.017889022335951167,-12.015764148616757
352770,2023-03-31,0.8148935406397504,G5,-0.24758660466229845,0.04131036258147946,-6.828089983442587
352820,2023-03-31,0.12787915163793911,G4,0.3592159451036311,0.027062017376664225,11.999536926281285
353190,2023-03-31,0.05555786141727749,G3,0.17642583986740729,0.030684335943273553,4.625864214142786
353200,2023-03-31,0.04720015815470536,G2,0.4739861001127262,0.03490656560207287,12.590807036998912
353590,2023-03-31,0.05511383062289793,G3,-0.21755539144062938,0.018086676395137325,-13.935100856953143
353810,2023-03-31,0.12061881480659216,G4,-0.031264495943775034,0.026466107198333654,-2.4842627494759633
354200,2023-03-31,2.0534812975727004,G5,-0.058395959574899216,0.022058426967491614,-4.210646026775319
355690,2023-03-31,0.10023351046495485,G4,,,
356860,2023-03-31,0.03720848614453358,G2,0.4072531744853193,0.042640863583803944,8.742058083791324
357230,2023-03-31,0.13094099196754622,G4,0.12456203963316805,0.021345399383168304,4.220008711175254
357550,2023-03-31,0.045389471166849375,G2,0.19101932056446025,0.0630227099335618,2.483788025567224
359090,2023-03-31,0.08849921121615462,G4,0.057317960495189786,0.02507676422880517,0.9105517759056916
361610,2023-03-31,0.025616294414733197,G1,0.47221951628893877,0.03929776445351032,11.138935104415454
362320,2023-03-31,0.037880115295514445,G2,-0.4338197159776221,0.0265045874434217,-17.66878979987804
363260,2023-03-31,0.1373319805520254,G4,-0.07844823727639763,0.0425702481114929,-2.6528505371476
363280,2023-03-31,0.10728422866521077,G4,-0.40222189852754064,0.017202793365592797,-25.38577064429995
365900,2023-03-31,0.45561084542968616,G5,-0.2565969768064826,0.020563482050007645,-14.15525076887731
368600,2023-03-31,0.4450916860204729,G5,-0.2514718477326526,0.024448874549087382,-11.69608504682722
368770,2023-03-31,0.062039154093597684,G3,0.39516510872333865,0.055009970284762934,6.556644887527957
368970,2023-03-31,0.06012981718553523,G3,-0.18766770472550118,0.02351896306833651,-9.44565338075072
369370,2023-03-31,1.283035797268098,G5,-0.1845946468189072,0.02474087600504451,-8.854937677506703
372170,2023-03-31,0.07699002461672068,G3,0.7519082934616287,0.05771545561990119,12.430362326058928
372800,2023-03-31,0.2096370142640983,G5,-0.15527651056761832,0.04277031841541424,-4.436739914283927
372910,2023-03-31,0.40148581908737063,G5,0.1187446383625553,0.0419622754027532,2.0080028849995095
373200,2023-03-31,0.023855380080083994,G1,-0.251444869408591,0.05009989460076911,-5.707180423826371
373220,2023-03-31,0.07238567861845223,G3,-0.024680893295554472,0.020609297968537832,-2.8707994652976034
375500,2023-03-31,0.04873163377100561,G2,-0.04443918500848,0.016568771282750822,-4.763386008190445
376180,2023-03-31,0.05231912966600105,G3,-0.22627685470102712,0.035522284630746595,-7.340775676573633
377030,2023-03-31,56.782877452953336,G5,-0.392804475598391,0.026441189176882637,-16.159966975488746
377220,2023-03-31,0.1697252917609537,G4,-0.037389209157170665,0.021149699524809162,-3.398321444971078
377460,2023-03-31,0.04022659429725841,G2,-0.15243109662551463,0.015233688449314314,-12.269869213887647
377480,2023-03-31,0.03576124396874536,G2,0.12713644858997647,0.046967160626894676,1.9727013313263477
377740,2023-03-31,0.03413778233195379,G2,-0.08085284254054935,0.02582943769568947,-4.465335722445101
378850,2023-03-31,0.0476399248062104,G2,0.09677612259579751,0.026436741845931668,2.356260641577534
380540,2023-03-31,0.10895609519260063,G4,-0.6605795887519015,0.03839356016329136,-18.103657334417896
382840,2023-03-31,0.13811483349048273,G4,0.07897864114476635,0.03098852439534656,1.435833868190413
383220,2023-03-31,0.2992050461473727,G5,-0.27977637449313275,0.021103028689623514,-14.891731770252463
383310,2023-03-31,0.20097926543655484,G5,0.2692616434022357,0.05108993201770424,4.595374584334839
383800,2023-03-31,4.737106771137879,G5,-0.024006911647400507,0.009106267898785051,-6.42317803409751
389260,2023-03-31,0.39119332783948574,G5,-0.06581151774104885,0.033601745410513424,-2.98483857931829
393890,2023-03-31,0.2141703261389252,G5,0.6536813723072212,0.041261548571856245,15.006637546242786
394280,2023-03-31,7.309926591972551,G5,0.20269380035895024,0.046047300250578765,3.652972729148287
399720,2023-03-31,0.05064015790783117,G3,0.4613981313728906,0.04044393703978426,10.555694977476035
403550,2023-03-31,0.058173057824550914,G3,-0.3175804690571944,0.016574121241619173,-21.241834316127104
405000,2023-03-31,3.7292727205520904,G5,-0.11203317137822943,0.028722227342588086,-5.101186545294925
405100,2023-03-31,0.03701223217315159,G2,-0.08334421996731287,0.026944742835896197,-4.372967631482564
407400,2023-03-31,0.1747477985063742,G5,-0.7694796044696364,0.060099880465803356,-13.377129314254995
408900,2023-03-31,0.3056784315154506,G5,-0.2087321656914154,0.036065556905857464,-6.743731550270256
408920,2023-03-31,0.26725858884665077,G5,0.031046206244967324,0.0344868415363748,-0.09969199539741316
412350,2023-03-31,3.678235689885013,G5,0.7306287182398606,0.062037562598069154,11.221337860376295
417010,2023-03-31,0.13663976653871143,G4,-0.35952655827694296,0.033708152234247675,-11.688888309021834
417500,2023-03-31,0.1710955602869506,G4,0.14735918834160794,0.06799259617778244,1.6601060467493742
417970,2023-03-31,0.0359574339866706,G2,-0.3334112621865085,0.0332721986243514,-11.057145174948987
419120,2023-03-31,0.28591065265817517,G5,-0.3612246715441304,0.02128697716363317,-18.589249981103254
419530,2023-03-31,0.012159868629213652,G1,-0.0826791716186123,0.03265379961449611,-3.588049210030751
425040,2023-03-31,0.14862036601506445,G4,0.3166334331485722,0.03885388248473848,7.261801055961792
425420,2023-03-31,0.10640943702561222,G4,0.9985733693300817,0.06688243700432663,14.414682601577928
441270,2023-03-31,0.02061802545581765,G1,-0.20647518495787315,0.028405862424945055,-8.482736755035248
450140,2023-03-31,0.01790130423222398,G1,-0.06541152212966272,0.03549642264029106,-2.814249521273069
452260,2023-03-31,0.03999865802622487,G2,-0.4516508930332872,0.02668837880579233,-18.215237608230495
453340,2023-03-31,0.06021694089718935,G3,0.03479687430710279,0.02159386026726276,0.014476615600490824
900070,2023-03-31,0.042641075958579765,G2,0.035112409744983614,0.034613331685131095,0.01814738488668883
900100,2023-03-31,0.30273685193340233,G5,0.22154029856972324,0.043949890589788716,4.2561204992055375
900110,2023-03-31,0.004321249399800291,G1,-0.1419050334451517,0.02430352303613689,-7.257766763919845
900120,2023-03-31,0.3450422361040726,G5,-0.11986394431728753,0.0266139621713307,-5.799520252427451
900140,2023-03-31,0.02822012184680835,G2,0.5646863349008718,0.03729955973716781,14.214700397116474
900250,2023-03-31,0.23663619075285997,G5,1.412799324346975,0.09635742472354614,14.304191503755327
900260,2023-03-31,0.0056942207294503845,G1,-0.004810432263860513,0.026204410350915558,-1.499545306699508
900270,2023-03-31,0.08068398544859692,G3,-0.27253229379063654,0.02833396580560608,-10.835636782711653
900280,2023-03-31,0.01579094974093514,G1,-0.19143513250104757,0.03204664301010723,-7.049705665659817
900300,2023-03-31,0.5196203518205428,G5,0.31400781439611025,0.07861648441741585,3.555533526776538
900310,2023-03-31,0.2070800834305174,G5,0.16960383207568364,0.03529780091859662,3.8279881541235925
900340,2023-03-31,0.12054491287376815,G4,0.0003942601369911862,0.02109550569953443,-1.615984401665426
950110,2023-03-31,0.1014141760621189,G4,-0.1524874007407389,0.022207641221961526,-8.419249354970768
950130,2023-03-31,0.2258922918686783,G5,-0.052504563289402735,0.025390735136411366,-3.4260068136956012
950140,2023-03-31,0.1207692922258678,G4,0.8168207454373092,0.046839420330327335,16.702522610812142
950170,2023-03-31,0.0010879931190536966,G1,-0.08475759142185636,0.02037127850144668,-5.85343034341567
950190,2023-03-31,0.22318138719049818,G5,-0.1492707765622893,0.017180328285710613,-10.695665519255922
