종목코드,날짜,Y2,그룹,기간수익률,표준편차,성과
000020,2024-09-30,0.0052859355248923824,G1,-0.20144025249574699,0.014849921022576781,-15.440231627433691
000040,2024-09-30,0.044515080991429055,G2,-0.187606083286796,0.027168681529526374,-7.930162190409666
000050,2024-09-30,0.04520974508066911,G2,0.05258114037885091,0.023011330898780574,1.0749127351963033
000070,2024-09-30,0.0444626088828584,G2,-0.1670232578217741,0.014221003261139368,-13.702916874804014
000080,2024-09-30,0.10237176985626611,G4,-0.03513565959396849,0.014765793583959954,-4.265373681257521
000100,2024-09-30,0.07945753825100352,G3,-0.14649819131727457,0.031787340044516194,-5.484704250656137
000120,2024-09-30,0.04758738898195266,G2,-0.08625066916178152,0.019795500788271705,-5.763766126660263
000140,2024-09-30,0.10818823057495545,G4,-0.023967132418302502,0.011766016288517192,-4.403623018166645
000180,2024-09-30,0.05264903796759001,G2,-0.18830897673229183,0.018469261995707607,-11.70349657308794
000210,2024-09-30,0.08535032507405915,G3,-0.3141507073085144,0.0223227373693956,-15.320552734689528
000220,2024-09-30,0.10469526331245241,G4,-0.00691204110110041,0.021605418008822506,-1.6087635438871193
000230,2024-09-30,0.0006315469487322642,G1,0.0395934768571204,0.03762831398098965,0.3121986576682637
000250,2024-09-30,0.015547104929291409,G1,0.1579854530598694,0.0587158182456796,2.2164297323321356
000270,2024-09-30,0.10864605442928714,G4,0.021797862738855478,0.021566105275995954,-0.2804449354984743
000300,2024-09-30,0.17656420780986115,G4,,,
000390,2024-09-30,0.029055767209681428,G2,-0.10214898120804158,0.025076982672948937,-5.183835337981283
000430,2024-09-30,0.047052469394483175,G2,-0.05280039393870099,0.015310999135307075,-5.2672174407394765
000440,2024-09-30,0.004179505695286599,G1,-0.18905644971500501,0.05216676522576252,-4.157865961560971
000480,2024-09-30,0.06598467746640808,G3,-0.0015596801786881963,0.008027746512698426,-3.6630015501995876
000490,2024-09-30,0.02899483104583212,G2,0.09452483397625751,0.04198467198728813,1.5881716607077618
000500,2024-09-30,0.031924280318826645,G2,0.4498296414590992,0.05801071107809688,7.274237220589633
000520,2024-09-30,0.004494827805671555,G1,-0.13498980869680471,0.045495777641199275,-3.5791404143685237
000590,2024-09-30,0.1522622507756077,G4,0.0278497935253883,0.01205946313472135,0.0003172432644878064
000640,2024-09-30,0.06316832270147331,G3,-0.049686384827820736,0.023442885831276614,-3.30728704340297
000660,2024-09-30,0.40004156359939175,G5,0.021845599928926526,0.029364194588999176,-0.2043430067466208
000670,2024-09-30,0.027297567383949436,G2,0.1686517481486854,0.04576353887277995,3.076811450228576
000680,2024-09-30,0.011085987823810983,G1,-0.19546133943324584,0.028663285779652208,-7.79070860514202
000700,2024-09-30,0.0715425528393641,G3,0.049737484105833896,0.007488244189121286,2.9234511870889324
000760,2024-09-30,0.027297527665202468,G2,-0.19476455490629496,0.021253914733890003,-10.473859777618816
000850,2024-09-30,0.029846198914555037,G2,-0.09077020260602589,0.01633484860129435,-7.261540847006221
000880,2024-09-30,0.04300382141062113,G2,-0.056276086469787115,0.022656200517247944,-3.7129815366738694
000890,2024-09-30,0.005917208905216347,G1,0.1643835306452013,0.05105633037724833,2.674253356917903
000910,2024-09-30,0.03267904738374773,G2,0.2426214105661314,0.040942442553233066,5.24578968499367
000950,2024-09-30,0.2283504665865588,G5,-0.04208318892211823,0.017482183696865158,-4.000024131801861
000970,2024-09-30,0.04329521812184866,G2,-0.038136386153801806,0.009826943331774226,-6.714433132263149
000990,2024-09-30,0.16349098910998497,G4,-0.1650995825276069,0.03167856624225831,-6.09072862685807
001020,2024-09-30,0.03175726706844573,G2,0.18058844466122126,0.026785276624906616,5.702478979711425
001060,2024-09-30,0.14855143666771572,G4,-0.12096350576266748,0.02374681562072256,-6.266502249452974
001070,2024-09-30,0.033273489622402105,G2,-0.10587000001171877,0.016047473897190658,-8.332524396694183
001120,2024-09-30,0.03391754124207471,G2,-0.0951204829356728,0.01662585420163837,-7.396098220655075
001130,2024-09-30,0.052290337704636786,G2,-0.0943415010900204,0.010744441735492216,-11.372156119413152
001140,2024-09-30,0.20208881329242498,G5,,,
001210,2024-09-30,0.1438849504367751,G4,0.15593121557293937,0.035631624659699296,3.594706922692557
001260,2024-09-30,0.01153280729616257,G1,0.36122202927248004,0.07054272242855279,4.725874619712829
001340,2024-09-30,0.04743595006952492,G2,-0.16257991461284466,0.04258236308869073,-4.471942572988734
001390,2024-09-30,0.003373806792193113,G1,-0.12258506980188874,0.024703589537535015,-6.089440456224265
001430,2024-09-30,0.027644049195877148,G2,0.004703069218858281,0.039413810822273534,-0.5871773888456041
001440,2024-09-30,0.03382670838115346,G2,-0.04325897344334119,0.03343853698009449,-2.1264369678495347
001460,2024-09-30,0.15212907586361374,G4,-0.09570668190241681,0.013678627461731206,-9.032532685754942
001470,2024-09-30,0.4166974970784823,G5,0.847043638940931,0.10037357983425725,8.161487042224685
001530,2024-09-30,0.0027831971144536573,G1,0.35130486720439347,0.019112427997521098,16.92400879178778
001540,2024-09-30,0.01048174009641627,G1,-0.0828684918921432,0.014503562234508131,-7.633604616847662
001560,2024-09-30,0.07993829881022647,G3,0.09809544454359483,0.020447234686103183,3.43564681875559
001570,2024-09-30,0.5240395717091781,G5,-0.7898787929993821,0.059953156379377946,-13.639394656168427
001620,2024-09-30,0.08483482866480863,G3,-0.1777045822111911,0.015337523278188419,-13.401808507468816
001680,2024-09-30,0.04638116731990554,G2,-0.09649230043212788,0.01833866452883422,-6.78011574826313
001740,2024-09-30,0.014020615326928226,G1,-0.13925300116087622,0.023946031251400615,-6.978148785846839
001790,2024-09-30,0.0468548433307666,G2,-0.09281199749130181,0.016764894384441804,-7.197060862203258
001800,2024-09-30,0.15669285097559355,G4,-0.0496224318957014,0.012411290100244662,-6.241768503671487
001810,2024-09-30,0.023289541091892695,G1,-0.024497151248292038,0.03444571916465375,-1.5195827017001013
001820,2024-09-30,0.06499394252401755,G3,-0.24459178015475433,0.02964228293275249,-9.190849048798013
001880,2024-09-30,0.018088044909545967,G1,,,
001890,2024-09-30,0.09338808476625592,G3,,,
001970,2024-09-30,0.14631296513102354,G4,,,
002030,2024-09-30,0.07788138637464598,G3,-0.009440823604458718,0.012144882186889161,-3.070164928124756
002070,2024-09-30,0.026130888778935105,G2,0.048442477995976896,0.04328153778671582,0.4758728850055556
002100,2024-09-30,0.03735868129457005,G2,-0.0242730388369778,0.010195288852241134,-5.112067675008192
002150,2024-09-30,0.03161563471293165,G2,-0.02547089045527652,0.01746298850529059,-3.053134816017265
002200,2024-09-30,0.038518838141215275,G2,0.08900887226450621,0.008995429026070497,6.799331565543876
002230,2024-09-30,0.055142299755744834,G3,0.00758133760910207,0.012974245561339528,-1.5619120230942491
002310,2024-09-30,0.030364592570177925,G2,-0.0842368713488662,0.015583284323888415,-7.192504273247723
002320,2024-09-30,0.052800583282163624,G2,-0.004715598377116603,0.014462078255358096,-2.251513616792127
002350,2024-09-30,0.07376622010377037,G3,-0.1663992369387161,0.018081342961012017,-10.742852734970723
002360,2024-09-30,0.08491818613273326,G3,0.03692242794586356,0.03825951163312789,0.2372340841922568
002380,2024-09-30,0.07669070732303097,G3,-0.22918350793445905,0.024027905240978517,-10.697123744188996
002390,2024-09-30,0.023703960705488608,G1,-0.10859920643286997,0.02807983577214286,-4.859187043756449
002410,2024-09-30,0.25852643936686776,G5,1.1072616866507463,0.11053842855116469,9.765072048307472
002460,2024-09-30,0.030827563816726435,G2,0.1449138374693921,0.02065337375224512,5.668220172248168
002600,2024-09-30,0.07928844544713684,G3,-0.02551883666532721,0.01087435320144619,-4.907400322454641
002620,2024-09-30,0.017245705574034997,G1,-0.11105417229093795,0.023780143503502996,-5.841013533514311
002680,2024-09-30,0.04639268993394602,G2,0.06431480958491173,0.05359729628598812,0.6804231625487845
002710,2024-09-30,0.02170028340086333,G1,-0.2706921056093143,0.04977937438024951,-5.997224293555965
002720,2024-09-30,0.04231697690442649,G2,-0.0405015662890975,0.030755768358355487,-2.2222671609003988
002790,2024-09-30,0.07021186838107264,G3,-0.27833880342493605,0.020677868116465437,-14.807366477159306
002800,2024-09-30,0.06936259790491313,G3,-0.15806568129035567,0.023764189423848288,-7.8231849492716785
002810,2024-09-30,0.03198342709573003,G2,-0.010512332848385495,0.008094633227265962,-4.7387323814888695
002820,2024-09-30,0.01720794707348146,G1,-0.14075733790876574,0.025155378522363884,-6.702475397092825
002840,2024-09-30,0.13506159560383246,G4,-0.05007382636883389,0.01557973139188645,-5.001356708328625
002870,2024-09-30,0.16451008673806178,G4,0.38320579788807974,0.0578072810283678,6.147319573320847
002880,2024-09-30,0.06502437216723664,G3,0.10525280072617617,0.022508222833625458,3.4390468566270442
002900,2024-09-30,0.0008614567900828577,G1,0.4224096411252377,0.05536792368046365,7.1262140090422506
002920,2024-09-30,0.04604288283227925,G2,-0.14754338972770092,0.010129647868004682,-17.314457496949917
002990,2024-09-30,0.4065640376115147,G5,-0.16733554977368914,0.027310939254645457,-7.14664243861277
003000,2024-09-30,0.07463516258071813,G3,-0.08313168038884593,0.023297544927033224,-4.763491109400496
003030,2024-09-30,0.022543352768691523,G1,0.061458385817882114,0.02957781194889884,1.1364065108676171
003060,2024-09-30,0.9037106636782484,G5,-0.298614271884285,0.02771649562935056,-11.778553969878983
003070,2024-09-30,0.02966531567754449,G2,-0.02620075481677734,0.041081229672362045,-1.3156062510727005
003080,2024-09-30,0.5104627398632207,G5,-0.0554269928338304,0.006741632414836959,-12.352047019427973
003100,2024-09-30,0.21151078336430557,G5,-0.10220391918440211,0.009014772238596461,-14.426308672506789
003160,2024-09-30,0.032411457332266407,G2,0.050892910530753316,0.050443613756473306,0.45688524418733356
003200,2024-09-30,0.026702812188543795,G2,-0.08404258657873283,0.01185097099120759,-9.44129847281544
003220,2024-09-30,0.07256626448477839,G3,-0.0207589060608944,0.01599567695515047,-3.0386256198540895
003230,2024-09-30,0.198906908512118,G5,0.3810832339372553,0.035827477884485336,9.85939527572174
003240,2024-09-30,0.032693819318314596,G2,-0.06594743688735827,0.018306216569221736,-5.123582159898005
003280,2024-09-30,0.1902588027154545,G5,-0.3719626126321175,0.022085642376486365,-18.102646667851147
003300,2024-09-30,0.143115620867074,G4,0.02340892528677261,0.02203588040019293,-0.20135535202505514
003310,2024-09-30,0.09568924669222725,G4,-0.0037348192669672854,0.022058236250811727,-1.4317004609895136
003380,2024-09-30,0.08358793075981934,G3,-0.015963955355966716,0.01777743762737201,-2.4643553259018516
003410,2024-09-30,0.07756521296499178,G3,,,
003480,2024-09-30,0.055082307859883925,G3,0.04984114357184292,0.013371707374517287,1.6449040660150898
003490,2024-09-30,0.14237923983794598,G4,0.011610697541258614,0.017679273371126084,-0.9183222556642184
003550,2024-09-30,0.24519651149154517,G5,-0.08613148561288458,0.016155480515491562,-7.055033321078043
003570,2024-09-30,0.11262319561704644,G4,-0.2128644366977482,0.03720890416689585,-6.469161342672374
003580,2024-09-30,0.16108000598655337,G4,-0.18042695361653638,0.03689028642708729,-5.645738798209604
003610,2024-09-30,0.005274220688920092,G1,0.3422186940455482,0.03621379023177723,8.681022458338367
003620,2024-09-30,0.04451406314633832,G2,-0.32443864499472025,0.022518408970864594,-15.644294105878377
003670,2024-09-30,0.0014820241001388952,G1,-0.5222911755279985,0.036373417153119675,-15.1247033225953
003720,2024-09-30,0.07068795326378476,G3,-0.36405873270211847,0.0313348508020987,-12.506991110926418
003780,2024-09-30,0.11138106973675763,G4,0.33267120950229306,0.05059258228635525,6.025097513999963
003800,2024-09-30,0.16249537801348926,G4,-0.09444961113068259,0.011550594502153386,-10.587816830537893
003850,2024-09-30,0.07178189928824366,G3,-0.03399159004551541,0.023283841221110553,-2.655814270515862
003920,2024-09-30,0.002095738515735942,G1,0.04778464273434626,0.024555167373390908,0.8119950757907373
004000,2024-09-30,0.02456471111712167,G2,-0.17902883933405553,0.02548174269492725,-8.118550193082923
004020,2024-09-30,0.009164076056025055,G1,-0.2565300231646679,0.0290124260698933,-9.80186869658947
004060,2024-09-30,0.01985704035941391,G1,-0.12649474792472049,0.02084637221465033,-7.403720612749542
004080,2024-09-30,0.037693506515377284,G2,0.0014810689775019027,0.0016473946589508229,-16.0039967479466
004090,2024-09-30,0.01448298299319962,G1,-0.2977583117250071,0.030037443472602683,-10.839946474270622
004100,2024-09-30,0.0327085210967012,G2,-0.07224496905889762,0.06520634692499092,-1.5349876433956822
004140,2024-09-30,0.0558886864660063,G3,-0.2427102855665487,0.026577904018891527,-10.179743787025991
004150,2024-09-30,0.023276276390492553,G1,0.0064609447123234855,0.011999715423307624,-1.7821275151304694
004170,2024-09-30,0.0603535832156403,G3,-0.1660193415957865,0.020684671834907922,-9.372414069946734
004270,2024-09-30,0.03507154134460694,G2,-0.19876222671448915,0.026066555315028148,-8.693446131172468
004360,2024-09-30,0.015981945707327534,G1,-0.15130016243259942,0.012800774964174767,-13.994944108923642
004370,2024-09-30,0.04421763527553433,G2,-0.011149055426218612,0.02421778651009714,-1.610181143181515
004380,2024-09-30,0.00481877429433114,G1,-0.12831541713877878,0.024663434468811203,-6.331696628796458
004430,2024-09-30,0.07755293426039002,G3,-0.13992734271407703,0.0289879367142843,-5.7876941056428945
004450,2024-09-30,0.07290550115148957,G3,-0.0429805519509241,0.012890444528461513,-5.4944978457863
004490,2024-09-30,0.06950405483333048,G3,-0.13444019902728518,0.031211766877133097,-5.1995187394571225
004540,2024-09-30,0.007157997411248595,G1,0.11128280278021335,0.06258654467573249,1.3331433372871588
004650,2024-09-30,0.1552150736769511,G4,-0.0419872816724547,0.009243221934743265,-7.555076563930824
004690,2024-09-30,0.032320595196949714,G2,-0.013996802466685993,0.009571544071689636,-4.3715799556711525
004720,2024-09-30,0.0734320534909725,G3,-0.1710770342942785,0.020937732206908286,-9.500694729994706
004800,2024-09-30,0.08211273741457115,G3,-0.07601771245043228,0.02786233514999505,-3.727744987389767
004830,2024-09-30,0.09208367555418005,G3,0.0402839765141533,0.04600986195243947,0.2703335381678615
004840,2024-09-30,0.01730940986380533,G1,-0.1256727125033518,0.02548705530544685,-6.023398089950341
004890,2024-09-30,0.018616356984812305,G1,-0.064890381353523,0.010753088749436153,-8.624159184059666
004910,2024-09-30,0.010831016371766021,G1,-0.09484892606334899,0.024184657779074532,-5.073253255270152
004920,2024-09-30,0.009913216200547748,G1,-0.07076922703370737,0.03471119889406652,-2.8410195532744904
004960,2024-09-30,0.06925912340162808,G3,-0.06670581356310043,0.027024494269629478,-3.4987437826466405
004970,2024-09-30,0.00842352627479055,G1,0.011536305629365903,0.01431802715108842,-1.139099817346676
004980,2024-09-30,0.0244183213955343,G2,-0.06307563750307899,0.016357078056105496,-5.558548105789393
005160,2024-09-30,0.032138019310034044,G2,-0.39548673462476924,0.03461867711536548,-12.22844827247338
005180,2024-09-30,0.13945307174389357,G4,0.25309105013471883,0.024895088050490094,9.047772071983054
005290,2024-09-30,0.17213814674910696,G4,-0.29997077662469357,0.029835840238998164,-10.987347490155235
005300,2024-09-30,0.0739121244503603,G3,-0.14108828651133992,0.01611303642579982,-10.484321501488186
005320,2024-09-30,0.039801709732106616,G2,-0.10393107024867125,0.03760424057381345,-3.5043132364803715
005360,2024-09-30,0.04166658779327939,G2,-0.09548623234325335,0.02388576023627685,-5.163419496184853
005380,2024-09-30,0.08341577306101713,G3,-0.1267784796407163,0.02135229278371,-7.241585198785641
005430,2024-09-30,0.10327390860325106,G4,0.09102794524395012,0.02820358729200374,2.2402106812819502
005440,2024-09-30,0.033118574893640916,G2,0.0776785989770992,0.02278795604044801,2.1867968828231956
005450,2024-09-30,0.7091869808952643,G5,,,
005490,2024-09-30,0.04056283250934402,G2,-0.393366643792991,0.02763410254101184,-15.242492891158808
005670,2024-09-30,0.08041507271211612,G3,-0.012437592326006006,0.01756591879114524,-2.2932794206157845
005680,2024-09-30,0.048600012295657045,G2,0.0424414108198506,0.013200306061517252,1.105689747638891
005710,2024-09-30,0.09610804013104692,G4,0.012955072698615101,0.01224972025285601,-1.2156110291456306
005720,2024-09-30,0.07705485768311944,G3,0.004629158554961595,0.010863010178048096,-2.1372353340780497
005740,2024-09-30,0.06256039768800868,G3,-0.08613515534489939,0.01736318425620367,-6.564528798691444
005750,2024-09-30,0.043317721699504645,G2,0.04369626859183248,0.017347417936990923,0.9136979870703685
005800,2024-09-30,0.05081884284838355,G2,-0.0131967457285199,0.011786052816730879,-3.482312026651809
005810,2024-09-30,0.2181328247707096,G5,-0.02528030243054359,0.01909709652969735,-2.7819030023681304
005820,2024-09-30,0.009591747111622625,G1,-0.2469274856710815,0.01513078038180519,-18.15989965351905
005850,2024-09-30,0.05682699587975242,G3,-0.14579506753645893,0.023022296769971976,-7.5422985383836565
005860,2024-09-30,0.004931501379802483,G1,-0.18728128129176982,0.02923637047523481,-7.358206423602843
005880,2024-09-30,0.16178613426512614,G4,-0.1977181779967691,0.019899472813818844,-11.335181984422496
005930,2024-09-30,0.11610010532280221,G4,-0.1298895691454956,0.022402476598647844,-7.04098657096473
005950,2024-09-30,0.03632428791664968,G2,-0.34434226523312444,0.02846824845053481,-13.073801629269816
005960,2024-09-30,0.05366657751694428,G3,-0.11583274087098097,0.015112970990420244,-9.506979713253667
005990,2024-09-30,0.035284950644172766,G2,0.026459553637854995,0.007060684229731646,-0.19635690521925084
006040,2024-09-30,0.07456045500536439,G3,0.28141311097494387,0.018439656712862063,13.75118567452179
006060,2024-09-30,0.05598662055174652,G3,0.12222046784040648,0.016361147109683873,5.768208027578483
006110,2024-09-30,0.0781653388593117,G3,-0.3524620558224029,0.04347523293881729,-8.747693752430171
006120,2024-09-30,0.00961103468533391,G1,0.12784532067372048,0.018614577722034457,5.3720989229540095
006280,2024-09-30,0.08513079111363042,G3,0.20155907994185754,0.03262232959065739,5.32497569547183
006340,2024-09-30,0.0397093396547665,G2,0.06214821637794875,0.051294671002605735,0.6687292844566787
006360,2024-09-30,0.026305503096336724,G2,-0.03804709644154699,0.02406485176948182,-2.738145441936429
006370,2024-09-30,0.23574185248100266,G5,-0.42413102059429036,0.025042293683831172,-18.048545953602073
006570,2024-09-30,0.032675584497473605,G2,-0.10459301270346527,0.02660833599256098,-4.977349221778744
006620,2024-09-30,0.10628377211184162,G4,-0.158665047157993,0.02341599860798761,-7.965110436772332
006650,2024-09-30,0.04188668528541593,G2,-0.36908160715648924,0.03351649573986159,-11.842752833684631
006660,2024-09-30,4.813484767860202e-05,G1,-0.2991222218879161,0.028815807995371128,-11.346833990647585
006740,2024-09-30,0.18360741963722507,G4,-0.1804276646778518,0.02596554764764296,-8.021153077381499
006840,2024-09-30,0.05055539506720851,G2,-0.27375192974766804,0.022667163814998177,-13.305497765452479
006890,2024-09-30,0.21714328768419844,G5,0.0687871227309706,0.02006694375593503,2.040228720774996
006920,2024-09-30,0.04317003622767563,G2,0.05418388735364707,0.030242677175322332,0.8708858497885574
006980,2024-09-30,0.013553459632836298,G1,-0.07455763490481782,0.021806134839227356,-4.696091416555769
007070,2024-09-30,0.026398412966415992,G2,-0.09129687084100413,0.018192316243336126,-6.54907472964482
007160,2024-09-30,0.022993455367877596,G1,-0.5272871233393314,0.05110833765807684,-10.861889009092769
007310,2024-09-30,0.07030438724722522,G3,-0.068763309894274,0.014904774714355218,-6.481767050337385
007340,2024-09-30,0.15313259958462241,G4,-0.09504378569286132,0.021864604445921285,-5.620488298278872
007460,2024-09-30,0.5991278765286762,G5,-0.4023418859382585,0.040696197565331146,-10.570713713230754
007530,2024-09-30,0.03077837134316169,G2,-0.06943937407757071,0.03263878667120103,-2.9806666160585658
007540,2024-09-30,0.04280898129353528,G2,-0.18425650792556483,0.018124695817504755,-11.702401949424862
007570,2024-09-30,0.05547905235964355,G3,-0.12492182553194489,0.018260834305953103,-8.365871499314654
007590,2024-09-30,0.21248906988001656,G5,-0.005439844978457596,0.005789883234403657,-5.74896096740048
007610,2024-09-30,0.5145731111672531,G5,,,
007660,2024-09-30,0.1255459255734845,G4,-0.15051216289116187,0.06817260213356378,-2.616272887510705
007680,2024-09-30,0.06683936969644577,G3,-0.0818729549070555,0.021034283668886062,-5.216194873861444
007690,2024-09-30,0.02101082498648967,G1,-0.06681943174617704,0.02141249899169387,-4.421034626777295
007720,2024-09-30,0.028625945409581483,G2,0.3467837313288786,0.0722296457716119,4.415607472247826
007770,2024-09-30,0.0687939179469055,G3,-0.08011150268958839,0.02117868174192362,-5.0974594050308575
007810,2024-09-30,0.028217719584383603,G2,-0.1522645757328468,0.02824623965611488,-6.376443224568871
007820,2024-09-30,0.04323477963569459,G2,-0.2905950399161274,0.028625804908096433,-11.124263882899447
007860,2024-09-30,0.07206657610104913,G3,-0.049588762564314194,0.025241171630285494,-3.0677946111399996
008060,2024-09-30,0.013536052333352947,G1,0.06817312804083521,0.008959689857886834,4.500954936894546
008250,2024-09-30,0.034371109711786973,G2,0.009823439545299002,0.01411558244553043,-1.276782468324085
008350,2024-09-30,0.01081129225453039,G1,0.10199269125897267,0.04046089479564372,1.8325527374402089
008470,2024-09-30,0.03507840107927001,G2,-0.07023749922851219,0.010990796603939926,-8.924145401370378
008490,2024-09-30,0.04459599412996941,G2,-0.28416599841874624,0.01950021101969013,-16.000440500137714
008500,2024-09-30,0.07750330432060823,G3,-0.19155437365823844,0.0347405846343983,-6.315390017441882
008600,2024-09-30,0.053012972830987895,G3,0.5741333618320088,0.06701606796086246,8.151588278934932
008700,2024-09-30,0.07116770858547132,G3,0.05486728289076848,0.03302527996680063,0.8182009410971465
008730,2024-09-30,0.05238374989955854,G2,-0.049115307382547234,0.03801134360883649,-2.0246923107077834
008770,2024-09-30,0.016715160709328963,G1,-0.2459372025642775,0.02023477053781916,-13.530332345232537
008970,2024-09-30,0.03196411517515448,G2,-0.2839547883824048,0.029890979668757936,-10.431265872835695
009070,2024-09-30,0.043841408948570304,G2,-0.30587025333597384,0.03034062457572993,-10.998989827811771
009140,2024-09-30,0.013779953283650717,G1,-0.024721479608818275,0.01969898378677017,-2.668535997580648
009150,2024-09-30,0.08598399686127338,G3,-0.05173323014707199,0.023397985489380557,-3.401113225116128
009160,2024-09-30,0.0026057642802012307,G1,-0.07006735068943161,0.024531853306818608,-3.9912727834611728
009180,2024-09-30,0.029906945317349345,G2,-0.1577229178005046,0.016092679222094796,-11.531261077251772
009200,2024-09-30,0.051477853300991624,G2,-0.030124328020095383,0.020726403447817683,-2.7969298150535926
009240,2024-09-30,0.01604565907686362,G1,-0.1573724596036986,0.01923664130195167,-9.628418206604632
009270,2024-09-30,0.019452871244285633,G1,0.2433294602275344,0.037103083356307597,5.807697716555579
009290,2024-09-30,0.003230554126998526,G1,-0.058427407167123094,0.01738804096069976,-4.961650084909082
009300,2024-09-30,0.07445391463828524,G3,-0.2245515792107541,0.02080268474676568,-12.132931399247944
009310,2024-09-30,0.8193978522734185,G5,-0.2195609611046302,0.0288770467067725,-8.56759804279229
009440,2024-09-30,0.021073821260611882,G1,0.0196542158061382,0.05497384042138,-0.14901181858510648
009450,2024-09-30,0.11416762586128312,G4,0.2419702005799102,0.03220684239495061,6.648408130551323
009470,2024-09-30,0.11281901266977934,G4,-0.40285562157850974,0.04124375878181023,-10.442830674065476
009580,2024-09-30,0.034818546097551584,G2,-0.01653787569174702,0.017893021665514486,-2.480511355956395
009620,2024-09-30,0.005872459000572056,G1,0.2884605744768275,0.07515046969779955,3.467903897113273
009780,2024-09-30,0.16017556146169404,G4,0.13180198967299014,0.04754905317411132,2.1862900518838266
009810,2024-09-30,0.005202069521603793,G1,0.1197392407820492,0.0413175606736804,2.2240730464673932
009830,2024-09-30,0.02920440346674245,G2,-0.43692542198010303,0.0334158796799235,-13.908698324685329
009900,2024-09-30,0.10118770736263344,G4,-0.1985414588273346,0.03377229416965467,-6.703347585213367
009970,2024-09-30,0.10796702438894933,G4,-0.09171032410815907,0.015934423509998644,-7.503019596226655
010040,2024-09-30,0.01765870903330899,G1,-0.07011343248842851,0.01634868439399331,-5.99188276375042
010060,2024-09-30,0.0225687114855821,G1,-0.16813832112426913,0.024896209938578086,-7.872053190012504
010100,2024-09-30,0.018781343790302045,G1,-0.19488045106645532,0.027748170831193714,-8.026706342675677
010120,2024-09-30,0.06507159172494269,G3,0.02716388919648176,0.037932128590968936,-0.017981552071826036
010130,2024-09-30,0.04677139433935182,G2,0.6482105046083549,0.09402527198108508,6.597848895254642
010140,2024-09-30,0.05160205875962259,G2,0.1406910466066614,0.026880630409730693,4.198007157744203
010170,2024-09-30,0.10105239403278304,G4,0.023923607511121218,0.048353470847414134,-0.0811184835767382
010240,2024-09-30,0.05874490834899138,G3,0.09780547938997751,0.022381399850380394,3.1257880255802233
010280,2024-09-30,0.019617931049741792,G1,0.04230859742179939,0.015611038773168984,0.926436087310291
010400,2024-09-30,0.0077117887974976086,G1,0.00033172844473997043,0.035405010115416496,-0.7771284122643112
010420,2024-09-30,0.01819950272200355,G1,0.0945240186823292,0.03253234192952006,2.049592712533543
010580,2024-09-30,0.006792650310376726,G1,0.13033348897456526,0.04010983352648967,2.5551719421858015
010620,2024-09-30,0.03270982928258668,G2,0.32473380282412306,0.03012412785527304,9.855483169788075
010640,2024-09-30,0.06573059505837664,G3,0.030729042270517003,0.041771341166293864,0.06902039647479509
010690,2024-09-30,0.015060458513788032,G1,-0.25334621881290553,0.03262861230118898,-8.617963398480004
010770,2024-09-30,0.01388500241802133,G1,-0.09659542537341839,0.018344448893080744,-6.783599433302753
010780,2024-09-30,0.062320076904557674,G3,-0.052921583849677205,0.023403957450543432,-3.4510211259052377
010950,2024-09-30,0.04693651114859213,G2,-0.10007158837953159,0.018594785930828986,-6.87921638879358
010960,2024-09-30,0.06817909579935617,G3,-0.055942637948596795,0.011790425846604757,-7.106495285296293
011040,2024-09-30,0.010649274797392498,G1,-0.010185738482256894,0.01408449002534645,-2.700254404366115
011070,2024-09-30,0.022942593911514375,G1,-0.2748070048417831,0.02635963437712588,-11.481683253025391
011090,2024-09-30,0.004935455845352787,G1,0.033000182769362875,0.0482300081781752,0.10686738862631509
011150,2024-09-30,0.014693405789384068,G1,-0.15411271929650888,0.02784201459989865,-6.535399454862247
011160,2024-09-30,0.07365996508795096,G3,,,
011170,2024-09-30,0.07953267690366861,G3,-0.47944402802202496,0.0394456788476205,-12.860470667107352
011210,2024-09-30,0.025183708046983572,G2,-0.2950200562041884,0.02116694922902817,-15.253309319764808
011230,2024-09-30,0.25911842425062864,G5,0.07327009229756407,0.05027918617588014,0.9034379434211962
011280,2024-09-30,0.030593403916259563,G2,-0.15712308508943454,0.01882183497669755,-9.82736556028526
011300,2024-09-30,0.4763816471700558,G5,0.3741648710733028,0.06368659938853136,5.437861444266912
011320,2024-09-30,0.026752962199846304,G2,-0.2352440295888533,0.025757686067795212,-10.214038506344314
011370,2024-09-30,0.029093845713786176,G2,0.05203372072242429,0.017102388338510625,1.4142909459039468
011390,2024-09-30,0.002547761578793303,G1,0.5050976813870168,0.06214988059754747,7.679044739209273
011400,2024-09-30,0.017166750300670282,G1,,,
011560,2024-09-30,0.04418769404381635,G2,0.08181350996793803,0.030669561823995068,1.759645036199368
011690,2024-09-30,0.016146685397154227,G1,-0.3687035276137356,0.02968249511272991,-13.35970894123396
011700,2024-09-30,0.08458403805269303,G3,-0.18404647848729042,0.03197454968440327,-6.626909473961536
011760,2024-09-30,0.02057756445121703,G1,0.035041302135049884,0.0223728849114787,0.32160959221770963
011780,2024-09-30,0.035602396744817834,G2,-0.5222550733688369,0.03193308983430923,-17.22667752995635
011790,2024-09-30,0.13403237087794714,G4,-0.25467368088372594,0.042572337876335783,-6.636225838626131
011930,2024-09-30,0.027363989454460214,G2,-0.3443820482888642,0.027080643020149044,-13.745169040256824
012160,2024-09-30,0.009422136351322781,G1,-0.16390108755195543,0.022723614456935756,-8.438228683085468
012170,2024-09-30,0.5362450699229102,G5,-0.34377703285980915,0.04337641718982343,-8.567397325036135
012200,2024-09-30,0.04740770271103353,G2,-0.006318171015134003,0.018858786086459325,-1.8115767685386412
012320,2024-09-30,0.048889030274345824,G2,-0.1939442688395771,0.025046159051131115,-8.855259448314342
012330,2024-09-30,0.0648884772595082,G3,0.09509119540507469,0.019555932656154257,3.438610105970943
012340,2024-09-30,0.12722669183203786,G4,-0.14525899075055168,0.017322863774821017,-9.99286034587983
012450,2024-09-30,0.18137045367114632,G4,0.1387681824251184,0.038167215041799075,2.9062171437372557
012510,2024-09-30,0.20698072039876697,G5,0.235290219357245,0.036470013907795036,5.688077118363006
012600,2024-09-30,0.00495760419375533,G1,,,
012610,2024-09-30,0.05706157087088968,G3,-0.1681558209942008,0.016663112122779343,-11.76261596824951
012620,2024-09-30,0.0290563766307755,G2,-0.05230302126050169,0.014197187978825793,-5.645412959381415
012700,2024-09-30,0.06281290871730316,G3,-0.1305529363914105,0.013051554674660055,-12.136401224360014
012750,2024-09-30,0.08824288858517013,G3,0.010986985921757019,0.017590248253669376,-0.9584277366103471
012800,2024-09-30,0.007949649922766427,G1,-0.033744821604247764,0.041123675802564354,-1.497696597986083
013030,2024-09-30,0.3015490109073469,G5,0.01702278156624933,0.022468449147074757,-0.4817059737785796
013120,2024-09-30,0.06530570600358818,G3,-0.11149669403591572,0.01225399511486386,-11.371202654457667
013310,2024-09-30,0.06343540165624717,G3,-0.21934422920097707,0.020842568102373917,-11.859872340527854
013360,2024-09-30,0.007851289706127066,G1,1.2888283423029643,0.10003549274691294,12.605349760722225
013570,2024-09-30,0.02003710225333277,G1,-0.23312127231562943,0.0200880693086295,-12.99115589697103
013700,2024-09-30,0.006077561830434772,G1,-0.038988374907447915,0.02217488508602168,-3.0139656819017095
013720,2024-09-30,0.10205251075642106,G4,-0.330378012250368,0.027335928582461325,-13.104511116631292
013810,2024-09-30,0.16011722397195394,G4,-0.12159980033332854,0.055084824084103035,-2.713011624528227
013870,2024-09-30,0.002032767446549748,G1,-0.07846952706914978,0.01126530168277248,-9.437429889131932
013890,2024-09-30,0.04369295413599267,G2,0.3291519107023732,0.040371301497315173,7.463369566633258
013990,2024-09-30,0.0762009875201894,G3,0.2058658059647367,0.03499021022803016,5.087704162468623
014440,2024-09-30,0.16064383604674357,G4,0.03939525460109801,0.011019888674070395,1.0480402480233588
014470,2024-09-30,0.008639182455617853,G1,0.009802890575755077,0.0463707362125025,-0.3891048242903595
014530,2024-09-30,0.020049718315619112,G1,-0.06105173880036299,0.017314364156030042,-5.134332727508115
014580,2024-09-30,0.13808788544965472,G4,0.04066001740062408,0.024776107770815195,0.5171938133794692
014620,2024-09-30,0.17203687640998702,G4,0.5693162149798504,0.040220102171499905,13.462677069517802
014680,2024-09-30,0.19414676145382162,G5,-0.30135599309654726,0.02826111057996093,-11.648585426501588
014710,2024-09-30,0.04220679100951007,G2,-0.5140314108435468,0.036619318766494185,-14.797582173518949
014790,2024-09-30,0.037490456910380804,G2,-0.08636095420334852,0.021827534137196385,-5.232241133031309
014820,2024-09-30,0.08084849286605518,G3,-0.055486944954942094,0.033583645447228194,-2.481353992014449
014830,2024-09-30,0.07060714554453196,G3,-0.04551593296102888,0.030709233645226923,-2.3889199434440087
014910,2024-09-30,0.005273737018849778,G1,-0.1620144828632294,0.019737320712953914,-9.619362899674446
014940,2024-09-30,0.1857329310222176,G4,0.34340525823613416,0.0406139516705882,7.769726350531911
014970,2024-09-30,0.012047189264733194,G1,-0.17161471243948773,0.015165853296105935,-13.151958962483027
015230,2024-09-30,0.0851781940499266,G3,-0.021607603915269134,0.020017488642576353,-2.470518282299356
015260,2024-09-30,0.06453122848834103,G3,-0.19368567048044102,0.03336573472878902,-6.639495279306165
015360,2024-09-30,0.10776260773317804,G4,0.11356234809422941,0.02322483925835815,3.690720069093539
015590,2024-09-30,0.11032170579550103,G4,0.22390050031979777,0.025889833128152417,7.572645663933385
015760,2024-09-30,0.13010031621603305,G4,-0.011314121961725387,0.020943965883977202,-1.8697552278587108
015860,2024-09-30,0.030444498800503393,G2,0.0007141749237434807,0.015600453044234651,-1.73916698068066
016250,2024-09-30,0.004543241990728961,G1,-0.18684654396189948,0.02109887445787023,-10.175543351022267
016380,2024-09-30,0.05114678040900833,G2,-0.17258527464852183,0.02410845905963675,-8.313730956203107
016450,2024-09-30,0.044978023612115184,G2,0.05158124020237691,0.06641224194686277,0.35739303123409555
016590,2024-09-30,0.012066811815577819,G1,0.028267769384513093,0.015320988763505681,0.027530967425702078
016670,2024-09-30,0.02539986905114435,G2,-0.22998480893996984,0.051886457569646285,-4.969134312856559
016710,2024-09-30,0.035089030503592196,G2,-0.12862059292806996,0.009948902389932032,-15.727017367096146
016740,2024-09-30,0.04160752152179049,G2,-0.0751042954562364,0.021169638467945246,-4.8631091812955445
017180,2024-09-30,0.01920151172266725,G1,-0.1291426505117688,0.029709201975517116,-5.284174862154698
017370,2024-09-30,0.07420772574749523,G3,-0.0789934320716681,0.032031604682001696,-3.3354370121093493
017550,2024-09-30,0.09198012028487977,G3,0.12372276639026997,0.02097351167666656,4.571327879012236
017650,2024-09-30,0.018489703652087085,G1,-0.0714093343228237,0.00721729167243236,-13.752430491881219
017670,2024-09-30,0.11766308820732381,G4,-0.0070569107727577116,0.013622665027643836,-2.562118237794617
017800,2024-09-30,0.10013127404610421,G4,0.16807314366542933,0.03020897732599908,4.6419041071876554
017810,2024-09-30,0.03993162023732533,G2,-0.008122133495098504,0.025749292852112384,-1.396857826100777
017860,2024-09-30,0.009861456755491733,G1,0.3972252981250801,0.09094572731716932,4.061535833288243
017890,2024-09-30,0.053195311520847485,G3,-0.1294957934658391,0.014350993566778754,-10.963823548218043
017900,2024-09-30,0.018289346663045027,G1,-0.08081401612364641,0.016419953928645144,-6.617557170853019
017940,2024-09-30,0.002666266406759528,G1,-0.0959499114357608,0.012822723211928878,-9.654414053212186
018120,2024-09-30,0.07763091432311992,G3,-0.013631263711611987,0.011470253077751073,-3.616069425181309
018250,2024-09-30,0.05778490999633031,G3,-0.3253449665806077,0.02429791323622023,-14.535854618002798
018290,2024-09-30,0.29607605596803893,G5,0.2638854543604456,0.05899755765341297,4.000834882100503
018310,2024-09-30,0.10307793699700259,G4,-0.25518724495729556,0.026394580197346175,-10.72315644284005
018620,2024-09-30,0.010790941115785498,G1,-0.15320851800781446,0.018075137620711678,-10.016769418246964
018670,2024-09-30,0.02480772352672695,G2,0.20631709857841127,0.01805549063618796,9.884590479018756
018700,2024-09-30,0.025890449311219952,G2,-0.1613349665990506,0.022054300025827086,-8.577961400699289
018880,2024-09-30,0.03748994414437824,G2,-0.037001124609606986,0.02701432259342151,-2.4004707920136386
019010,2024-09-30,0.1367296424529047,G4,-0.0326081311325054,0.01870572840776305,-3.231849493193318
019170,2024-09-30,0.0029620267490426955,G1,-0.17256323845083552,0.022865413934703004,-8.76473116843988
019180,2024-09-30,0.060202284385774026,G3,-0.0608751445062348,0.016226717551270285,-5.467594537702721
019210,2024-09-30,0.10440854371557705,G4,-0.0346864482981255,0.013528095144138531,-4.6224110175005
019540,2024-09-30,0.03209311124540007,G2,-0.20129894566110487,0.01945412513666571,-11.77873133812452
019680,2024-09-30,0.04662071276914571,G2,0.1641244638003811,0.023652005014669058,5.761815794218088
019770,2024-09-30,0.06267663273502345,G3,-0.07060091215077247,0.023804381137395407,-4.135662226398029
019990,2024-09-30,0.053107680481983444,G3,-0.19643887254606482,0.03570507598782492,-6.2815953777686735
020000,2024-09-30,0.01918793324992897,G1,-0.11155195558934376,0.015763229786908552,-8.843233602231058
020120,2024-09-30,0.010739616106718263,G1,-0.0760448830625089,0.034144074292289085,-3.0427197971481252
020150,2024-09-30,0.15009853062198492,G4,-0.5140596634647433,0.03712735199781725,-14.595859980494648
020560,2024-09-30,0.08120402290221375,G3,0.11140885954998789,0.023566972147728432,3.545762743055936
020710,2024-09-30,0.0698530171602784,G3,0.10475513753657884,0.04860904421212805,1.5821987665302495
020760,2024-09-30,0.002451866444870251,G1,-0.1977348706599786,0.014226887905457779,-15.855951062591545
021040,2024-09-30,0.005399395887467735,G1,-0.6458704918433085,0.026398238109904274,-25.521266108001136
021050,2024-09-30,0.014496602808928881,G1,-0.11431580468646652,0.021133102109257545,-6.726971350132585
021240,2024-09-30,0.18817069212003326,G4,0.016389487404756285,0.02124457696515032,-0.5392661080506539
021820,2024-09-30,0.11960113211576315,G4,-0.04742462411703369,0.018375115002480093,-4.096333103156626
021880,2024-09-30,0.2684843554440105,G5,-0.14780067612609632,0.02597889504925691,-6.761128351879459
023160,2024-09-30,0.12271588549779082,G4,0.28832713762350803,0.0325206342294321,8.009719861054545
023410,2024-09-30,0.04853884586463419,G2,-0.04682855440866911,0.010672226652642208,-6.997089228058778
023440,2024-09-30,0.6926136791606974,G5,0.2889035820369785,0.048868916815092964,5.3419971488792335
023460,2024-09-30,1.260924979331269,G5,-0.9497137322150235,0.0771364686885116,-12.673119687452752
023530,2024-09-30,0.04343378668047085,G2,-0.11627953450597808,0.019782514788831137,-7.285499532611713
023590,2024-09-30,0.10287967092222705,G4,-0.030310737853933394,0.011227340581900494,-5.1799181802343135
023600,2024-09-30,0.04861906435516486,G2,-0.1287566014610027,0.009596055354886645,-16.31947330557975
023800,2024-09-30,0.06633487873356152,G3,-0.05916412566725103,0.026003363255299866,-3.346109214985972
023960,2024-09-30,0.054083022655467626,G3,-0.43725277209176816,0.04077657928752873,-11.4060263994717
024120,2024-09-30,0.013977070057533608,G1,-0.1967598261103282,0.018829743947240456,-11.92824472183968
024720,2024-09-30,0.04133480069929289,G2,-0.12021516254618968,0.027441299524794294,-5.395558258979174
024740,2024-09-30,0.03078150553197343,G2,0.16779574148193654,0.07539396789952596,1.8562462971375326
024800,2024-09-30,0.0027271692423663256,G1,-0.051565753365250995,0.008821350952546445,-9.002217634733467
024810,2024-09-30,0.04166874769862048,G2,,,
024880,2024-09-30,0.04202200809768214,G2,-0.0620547408420311,0.023337307974887183,-3.8522313147989027
024890,2024-09-30,0.011341659565074364,G1,-0.15173714074143477,0.05038430293989675,-3.56426700390386
024900,2024-09-30,0.00045245761506975264,G1,-0.1946451615987293,0.024115947290410625,-9.225892172568122
024910,2024-09-30,0.001686342637318178,G1,-0.18314507235232358,0.020700821037436257,-10.192399601575888
024940,2024-09-30,0.0033473787231890107,G1,0.5507227045620446,0.08810315802917,5.934824000826286
024950,2024-09-30,0.028588391630565493,G2,0.025898127018850466,0.03827929251033314,-0.05088497188288427
025000,2024-09-30,0.05205577840566566,G2,-0.0811898666017439,0.011444982372381847,-9.526955201503524
025320,2024-09-30,0.0654894638323752,G3,-0.1298249184023934,0.039469658233066224,-3.9947365445449448
025440,2024-09-30,0.015082887765801764,G1,-0.2930723868355381,0.03097444771856539,-10.360745008057798
025530,2024-09-30,0.07178535862456796,G3,-0.1025593262234013,0.012037939278665083,-10.83285859370091
025540,2024-09-30,0.12842997263982325,G4,-0.027811884072327916,0.023150610830581758,-2.4041634245235484
025550,2024-09-30,0.023991461714425857,G2,0.35511888589176727,0.04439509927535071,7.371825347658183
025560,2024-09-30,1.1866817600677142,G5,-0.10638889100307433,0.06063765373004846,-2.2137211862221324
025750,2024-09-30,0.024249761593986383,G2,-0.11261946411313521,0.020605701378846434,-6.816823619470231
025770,2024-09-30,0.065137415208016,G3,-0.06067285729724879,0.014012299005976407,-6.317223533513663
025870,2024-09-30,0.026441377029737787,G2,0.03364597772908199,0.04344633107041348,0.13349826888135713
025880,2024-09-30,0.10081550964255302,G4,-0.07718502742764628,0.029196499160586257,-3.5973831859734777
025980,2024-09-30,0.18030416485750297,G4,0.08471293437535626,0.03893533125369308,1.4605491927855851
026150,2024-09-30,0.026781840137909723,G2,0.11695026751284529,0.04036431493463398,2.207501846995432
026910,2024-09-30,0.12707676007620025,G4,-0.161048526729449,0.01942858472985134,-9.722504088584213
026960,2024-09-30,0.08680495853813872,G3,0.462580572069963,0.06099504258822783,7.127376027309016
027040,2024-09-30,0.006105776988028917,G1,-0.18383605689170543,0.01930266705786575,-10.966465100343811
027050,2024-09-30,0.01151144081664449,G1,-0.12855005757676222,0.03399374541177286,-4.600729440791009
027410,2024-09-30,0.1901901310059916,G5,-0.026285202403581277,0.012953673905765834,-4.178827608237252
027580,2024-09-30,0.005207891330171196,G1,0.010589765494394422,0.04150546041266154,-0.41575739856813926
027710,2024-09-30,0.02126485780221598,G1,-0.17490452620400873,0.022121496501203295,-9.165315462944182
027740,2024-09-30,0.007311237092792081,G1,-0.14535585501207587,0.014156293318059645,-12.234969907910296
027970,2024-09-30,0.002858410359111535,G1,-0.17039651394040575,0.04718707013233271,-4.2012034467574395
028050,2024-09-30,0.08801192523783362,G3,-0.2688919947352102,0.022353410042297777,-13.274840926536463
028080,2024-09-30,0.015623250078640991,G1,-0.053190148384887385,0.0688760543911992,-1.1765499177196976
028100,2024-09-30,0.023141869444685173,G1,0.10269460804030112,0.02116693243449682,3.536111835288
028260,2024-09-30,0.0714024507399186,G3,-0.16815950264848928,0.02148018339194474,-9.124943992048436
028300,2024-09-30,1.1537241163822016,G5,-0.099265084272936,0.045983169517792945,-2.7642951398921407
028670,2024-09-30,0.10030960528263524,G4,-0.18100300260470012,0.018083463946110018,-11.54916839876586
029460,2024-09-30,0.0458606444028337,G2,-0.20799594771887,0.01637857946012241,-14.399412112327527
029530,2024-09-30,0.03125025664008813,G2,-0.09579135836654909,0.011931041617444953,-10.362659864307945
030200,2024-09-30,0.06974257714383177,G3,0.10173855207796009,0.02229142561428191,3.3148433668900172
030520,2024-09-30,0.11917003457104626,G4,0.17073339260793066,0.04075931237964732,3.505638749130232
030720,2024-09-30,0.0008362073842115628,G1,-0.14463647010357322,0.019512275578010992,-8.839688490248912
031310,2024-09-30,0.01411575205332107,G1,0.05365782676519361,0.02716663405002392,0.9501309207364027
031330,2024-09-30,0.02003783560086832,G1,-0.17154195963450916,0.022170414607177696,-8.993423483920438
031430,2024-09-30,0.007028647023898867,G1,-0.2906701646696293,0.02155878758023265,-14.77430635772921
031440,2024-09-30,0.02197008364919502,G1,0.0325976894749948,0.03543272429327944,0.13410545838160665
031510,2024-09-30,0.16507760554482168,G4,-0.09196228865420192,0.019935355755571312,-6.00983789128793
031820,2024-09-30,0.015594361376804977,G1,-0.0668028561651666,0.018669094716189865,-5.069813258005621
031860,2024-09-30,0.7066257704551939,G5,0.46037405750766436,0.0759211546485988,5.697069436940018
031980,2024-09-30,0.36556619323319123,G5,-0.08635434394477494,0.04693337061977962,-2.43324334431207
032040,2024-09-30,0.006675336404527268,G1,,,
032190,2024-09-30,0.10133647423970261,G4,-0.13477360645034092,0.016195603263496075,-10.04097047491965
032350,2024-09-30,0.15927886090430865,G4,-0.2723708686629971,0.02050814355814638,-14.63890846842051
032500,2024-09-30,0.545892580997161,G5,0.20699864079151298,0.03932598053140584,4.555580576217436
032560,2024-09-30,0.061625735184720545,G3,-0.13755609260856183,0.013251955953432879,-12.481331882758818
032620,2024-09-30,0.012987076691097773,G1,-0.10758711583222531,0.036483482115944287,-3.7121753659301286
032640,2024-09-30,0.06472101482349209,G3,0.057888971011286705,0.014393276873720027,2.0872941952645454
032680,2024-09-30,0.010579855477531685,G1,-0.49022706511822095,0.028820119871551742,-17.976088759143046
032750,2024-09-30,0.04182364809246162,G2,-0.056949387351058305,0.02041293628067427,-4.154000871166823
032800,2024-09-30,0.018268681352545814,G1,-0.3349916716321877,0.02110670626810681,-17.190632909047835
032820,2024-09-30,0.09394615763966287,G3,-0.26245478853060394,0.0328516124911215,-8.836727766437532
032850,2024-09-30,0.26965805029766454,G5,-0.044991275610040585,0.0216585940012283,-3.362971915344335
032960,2024-09-30,0.058288915174082696,G3,-0.055049910697883696,0.011434664952721791,-7.249524037876376
033130,2024-09-30,0.09327274568118797,G3,0.07964503979568362,0.044451509576669275,1.1652938797141617
033160,2024-09-30,0.018190977773008217,G1,-0.16382976991937168,0.032548395571308016,-5.888945808139086
033170,2024-09-30,0.2952868157827712,G5,-0.1374725793164849,0.05060238407011027,-3.267011033104079
033180,2024-09-30,0.003010071367336805,G1,,,
033200,2024-09-30,0.11044900197839005,G4,-0.11275899185773618,0.016964078181909314,-8.28839375131001
033230,2024-09-30,0.0017021865418933042,G1,-0.17440708459061824,0.028290725879829646,-7.149093776938168
033250,2024-09-30,0.05942616152986013,G3,-0.07775739751865246,0.053267959982278276,-1.9824931402614465
033310,2024-09-30,0.03492018958277351,G2,-0.21416674335361185,0.016200544138551945,-14.938554472354852
033340,2024-09-30,0.01027117617563804,G1,0.04924002525402707,0.054023533068105596,0.3960136684344738
033430,2024-09-30,0.020695478013557703,G1,,,
033530,2024-09-30,0.031336690749667113,G2,-0.1922567952660473,0.0205067966730043,-10.733161620397397
033540,2024-09-30,0.01036169471402454,G1,-0.11543721211524913,0.05489219170457697,-2.610265238238565
033560,2024-09-30,0.043126309747361445,G2,-0.2275585266748512,0.019329148144658713,-13.2134376799923
033630,2024-09-30,0.07960279686174201,G3,,,
033640,2024-09-30,0.14400048586578276,G4,-0.27442455649075553,0.03059512123926386,-9.879696892482844
033780,2024-09-30,0.25529426215833195,G5,0.012361856835189842,0.031270053017008,-0.49517379770106923
033830,2024-09-30,0.03851758033379591,G2,0.060461518423739695,0.022805858416392814,1.4301391373350025
033920,2024-09-30,0.0640439618124655,G3,0.0608160515279513,0.018698887802844007,1.7632109531670241
034020,2024-09-30,0.033805699240672706,G2,0.011437079450214035,0.032510405984376545,-0.5047272648519683
034220,2024-09-30,0.011815781183091026,G1,-0.1683989422189902,0.02018039822495644,-9.72453109068165
034230,2024-09-30,0.13496930435986346,G4,-0.21762631569623875,0.018987373375879815,-12.928185409257525
034730,2024-09-30,0.016746776535359727,G1,-0.14152325104173405,0.019193529948511968,-8.824287102894292
034810,2024-09-30,0.018156577922344777,G1,-0.123100281205477,0.020385185419826177,-7.404703260663282
034950,2024-09-30,0.2537574066917779,G5,0.022188942744513017,0.006775246315585617,-0.8349548833979905
035000,2024-09-30,0.06509937071802135,G3,-0.006201412032399596,0.007396735301711082,-4.6030280097300365
035080,2024-09-30,0.0033048960499769933,G1,0.01743568145852269,0.03173506207634978,-0.32803736946747414
035150,2024-09-30,0.14093136356503363,G4,-0.1226460755827436,0.01997275819962868,-7.534865331092675
035200,2024-09-30,0.037780076258662726,G2,0.1999509455096931,0.032966113099068085,5.220663329357529
035250,2024-09-30,0.24827990089443447,G5,-0.05289982921817608,0.016057387556652394,-5.0285762036464945
035420,2024-09-30,0.19342979476890232,G5,0.17310975080023447,0.020293031568013962,7.158308632765592
035430,2024-09-30,0.01603574735545874,G1,,,
035460,2024-09-30,0.0503146194116896,G2,0.007179561325733693,0.016711893708882358,-1.2366286416253116
035600,2024-09-30,0.014763965966224285,G1,-0.0730267368811984,0.020491580496804614,-4.922641503365912
035610,2024-09-30,0.19374078468745187,G5,-0.012394201626352002,0.016092081217736948,-2.500619330949817
035620,2024-09-30,0.6098308825203304,G5,-0.15987690563570747,0.028225038017570123,-6.650934296732752
035720,2024-09-30,0.06793269555844154,G3,0.08026020430797376,0.02897271043855055,1.8090898563738407
035760,2024-09-30,0.014080163843698677,G1,-0.24046656815850684,0.029071475878896583,-9.229408820458763
035810,2024-09-30,0.04289733196182815,G2,0.02776510252910592,0.0177188057072149,-0.004563807186881935
035890,2024-09-30,0.17516816252732348,G4,0.030540885669713795,0.01968632154146565,0.13689291430610695
035900,2024-09-30,0.28391641442914295,G5,0.35609078768147984,0.030849655977685884,10.64014523134293
036000,2024-09-30,0.22855554091155286,G5,0.34094069532967924,0.0901151641849603,3.474384477013442
036010,2024-09-30,0.04197235939662977,G2,-0.23039329084786475,0.02978756225431588,-8.669365300357342
036090,2024-09-30,0.03300175636555706,G2,0.0381293394535247,0.033124422801061065,0.31044681965778514
036120,2024-09-30,0.026491623413354603,G2,-0.05773966723443057,0.02227084781757498,-3.842944627766993
036180,2024-09-30,0.4487024945011212,G5,,,
036190,2024-09-30,0.043796280796491754,G2,-0.1036412910400213,0.011881457984396493,-11.066592917690272
036200,2024-09-30,0.056295526960408154,G3,-0.24183386371400414,0.030714347847180794,-8.780255820430613
036220,2024-09-30,0.34974075199662297,G5,-0.08284418564756721,0.030439057132576938,-3.6364514481310337
036420,2024-09-30,0.05621425807917167,G3,-0.137057982985385,0.0320018219718547,-5.152955068381791
036460,2024-09-30,0.05422512031845154,G3,-0.24166090186345277,0.0408156495781371,-6.603027818764632
036530,2024-09-30,0.10243567136324139,G4,0.014402545661130684,0.01603462776247729,-0.8383993866239792
036540,2024-09-30,0.002660592231412097,G1,-0.169139676324812,0.025171116632698717,-7.825860367706209
036570,2024-09-30,0.03555606625462584,G2,-0.003878435163182488,0.03527716152125048,-0.8992901224778986
036580,2024-09-30,0.051836688296199786,G2,-0.0017565382685656508,0.05712801657507804,-0.5181784312710612
036630,2024-09-30,0.0006809261269071483,G1,-0.27415353277943777,0.014204332697704766,-21.261083286944725
036640,2024-09-30,0.17968483505279856,G4,-0.1329706704868586,0.017016580455728868,-9.450584895548324
036690,2024-09-30,0.2681224027104561,G5,,,
036710,2024-09-30,0.04730065446893712,G2,-0.4850963161086085,0.028286388162025597,-18.13389114624283
036800,2024-09-30,0.039442661077506234,G2,-0.044775963421193395,0.010248190610880142,-7.086317372554403
036810,2024-09-30,0.005082550908130125,G1,-0.27622107362980414,0.0346472895281755,-8.776070091268451
036890,2024-09-30,0.043722873920913584,G2,0.0499076637624985,0.026625749234844065,0.828584984631785
036930,2024-09-30,0.3544144301069219,G5,0.13364741026337013,0.03658936754144182,2.8915898150358
037030,2024-09-30,0.04341223492268594,G2,-0.0910584337541868,0.02774032426003109,-4.286337837349743
037270,2024-09-30,0.027200013827567284,G2,0.4538264431335927,0.08072725553497088,5.276786291924954
037330,2024-09-30,0.015858069413959165,G1,-0.14180450503019693,0.013138153018681573,-12.91280993080997
037340,2024-09-30,0.10464771702632282,G4,,,
037350,2024-09-30,0.04162829188099557,G2,-0.00030854667806689065,0.02510062359943004,-1.1216659342535884
037370,2024-09-30,0.08785391216182037,G3,-0.21776680346207278,0.02604936852169054,-9.428741852206274
037400,2024-09-30,0.017267365239972958,G1,-0.24989635692100978,0.018976913405357152,-14.635800813874138
037440,2024-09-30,0.07579292452644033,G3,0.024013245259906293,0.050287014046814724,-0.07621694297579694
037460,2024-09-30,0.02465034479784723,G2,0.0012034955298790978,0.010821612152097457,-2.461968867262767
037560,2024-09-30,0.010178076589789592,G1,-0.0844091531335269,0.016124968598347274,-6.961571440639452
037760,2024-09-30,0.0038592844224716815,G1,-0.0624424929468685,0.020299289890431896,-4.447863012753051
037950,2024-09-30,0.08309571974327444,G3,-0.20334381052215725,0.02273188352027768,-10.170286947751729
038010,2024-09-30,0.0861585254142412,G3,-0.20839678647963297,0.020428570074658585,-11.564331392661934
038060,2024-09-30,0.01718540786140926,G1,0.04527778834701503,0.035440308274439426,0.49186424875575613
038070,2024-09-30,0.008878168861988325,G1,0.03750453941908533,0.0557611277833911,0.1732133488165701
038340,2024-09-30,0.09857383194055004,G4,,,
038390,2024-09-30,0.11976052826843647,G4,0.08617735000931069,0.01657008837484942,3.5202819048275176
038460,2024-09-30,0.03160532060040912,G2,-0.11830019409728582,0.03394036748504702,-4.305968752507124
038500,2024-09-30,0.14620787870633292,G4,-0.032499253828158284,0.01573980282654721,-3.833924874097771
038530,2024-09-30,0.003365811663779082,G1,-0.24957804383355742,0.02518431386211632,-11.015746273429745
038540,2024-09-30,0.2815753874471015,G5,-0.19115508684210508,0.02342992009270536,-9.34706792500859
038620,2024-09-30,0.026522917002991905,G2,0.24018287032467234,0.04581313562712233,4.634847619053366
038680,2024-09-30,0.02400969446149219,G2,0.02758944888316973,0.031485552570110105,-0.008147192532020496
038870,2024-09-30,0.5168386129559412,G5,0.016102870055693594,0.04296837220233344,-0.27329631271449834
038880,2024-09-30,0.093358100452026,G3,-0.27477474783637756,0.030617231200793005,-9.884000078050002
038950,2024-09-30,0.08703044199849783,G3,-0.1418188393456375,0.032654204371413593,-5.195802817847931
039020,2024-09-30,0.011978347239360991,G1,0.3242731209619394,0.02785151424620616,10.64312520316134
039030,2024-09-30,0.1256915077717317,G4,-0.02967893820349872,0.04727957490237907,-1.216696767350579
039200,2024-09-30,0.6761346320078009,G5,-0.31254076956856647,0.03677385503023376,-9.256215782398982
039290,2024-09-30,0.08602272429801791,G3,0.26683711725955295,0.0491566380711806,4.861828613493657
039310,2024-09-30,0.060061119506724506,G3,-0.0031635305516825828,0.022558618605344298,-1.3746186695257874
039420,2024-09-30,0.19110696236263533,G5,-0.006789002540461709,0.015005058987861067,-2.308219535185866
039440,2024-09-30,0.0384815856440794,G2,-0.1680837953963037,0.03441594890156527,-5.692993202036283
039560,2024-09-30,0.03821644405398927,G2,0.15363759554760703,0.05226646673216237,2.406736779248657
039570,2024-09-30,0.0020908050270839022,G1,0.061446560062049106,0.013239223103612956,2.5379580098581545
039610,2024-09-30,0.03658569852317334,G2,-0.39694006833771706,0.05565280894022959,-7.6327869907854495
039740,2024-09-30,0.0009737285552070063,G1,-0.08042417106837431,0.022802501381487303,-4.748169378391583
039830,2024-09-30,0.16201184887113143,G4,0.10514258691984651,0.018757089075804985,4.1209282989233635
039840,2024-09-30,0.013436678807487425,G1,-0.00246203109310119,0.018629283855858613,-1.6269009087810575
039860,2024-09-30,0.029173002936665957,G2,0.12419646018464614,0.06027165534354416,1.5986037199993877
040160,2024-09-30,0.07725001843683234,G3,0.04023880525920923,0.02705106453521304,0.4581275350972491
040420,2024-09-30,0.09727787943010624,G4,-0.05144327368048591,0.011869569134066529,-6.680043776387424
040610,2024-09-30,0.10774309680162952,G4,-0.0035849286743646312,0.019571214723513457,-1.6059757588034667
040910,2024-09-30,0.096684994686183,G4,-0.28737751889228336,0.028459703518161506,-11.076133889907165
041440,2024-09-30,0.018735111842015584,G1,0.19258424182804346,0.05714063940063162,2.8830316883763643
041460,2024-09-30,0.06838486218492042,G3,-0.1677809509853714,0.021936438342479322,-8.91789795923619
041510,2024-09-30,0.0550421747507679,G3,0.1452820724516611,0.027576746375301192,4.2585192289002585
041520,2024-09-30,0.05319421928365609,G3,-0.15860878353390434,0.02010135185096513,-9.275731933764819
041590,2024-09-30,0.7622871673732445,G5,,,
041650,2024-09-30,0.03744055289365367,G2,-0.1634501614900783,0.018396915755189286,-10.39827174172139
041830,2024-09-30,0.19367448254553105,G5,-0.05215182523346641,0.020291511722712728,-3.9424264721419755
041920,2024-09-30,0.05332276108655491,G3,-0.03369016164732247,0.03338174920595336,-1.8434063778264644
041930,2024-09-30,0.056122045866709235,G3,-0.29430826512060576,0.024414820749283427,-13.19502756832636
041960,2024-09-30,0.08160324535660951,G3,-0.04075053652475071,0.015591930553989202,-4.399487544480868
042000,2024-09-30,0.0878156558000385,G3,0.16734413970541323,0.044091468748941105,3.1638359057119847
042110,2024-09-30,0.0638482759147143,G3,-0.042016034177237184,0.012382796838401596,-5.641859656658199
042420,2024-09-30,0.04523368529520741,G2,-0.022495793847239404,0.04912496984705506,-1.024769312752927
042500,2024-09-30,0.12945824181376625,G4,0.009998190638399003,0.026300157547688417,-0.6786186383550827
042600,2024-09-30,0.08086091015555809,G3,-0.35378724605106876,0.03286981069600763,-11.610447572165587
042660,2024-09-30,0.009463742760295844,G1,0.26299202960082463,0.04676918820786496,5.027798661242226
042700,2024-09-30,0.4762240832624814,G5,-0.23031557819087892,0.03732385718624778,-6.916797067478215
042940,2024-09-30,1.2788416122389896,G5,-0.31568514693876654,0.03539317588647627,-9.706139844092522
043090,2024-09-30,0.5250683220226392,G5,-0.7228099667581642,0.04680620290916828,-16.037531092979627
043150,2024-09-30,0.14269344073336504,G4,-0.2381672675372429,0.01572861107595277,-16.912697122117915
043200,2024-09-30,0.04149095412890627,G2,-0.019944677474212892,0.017423283888183094,-2.7429183570016424
043220,2024-09-30,0.38245647163295754,G5,-0.5101686885684009,0.04796060201371027,-11.217846184594112
043260,2024-09-30,0.04169295333289921,G2,-0.3367357243518597,0.028368960977825992,-12.851429150992272
043370,2024-09-30,0.04051906936495956,G2,0.014281998242813202,0.017563445719062716,-0.7722840788809702
043590,2024-09-30,0.35448929613974495,G5,0.27125829236683174,0.07861117407960276,3.096408716379348
043650,2024-09-30,0.0082509453751766,G1,-0.0670681977360233,0.021807865560550928,-4.35229047127164
043910,2024-09-30,0.1384472036060332,G4,-0.11833508823850908,0.02717314455292459,-5.379614998026107
044180,2024-09-30,0.08765220361117108,G3,0.4722319254400607,0.08567929378561058,5.18662022133471
044340,2024-09-30,0.021292434478381392,G1,-0.2963622718488347,0.0189577076816905,-17.10165833519487
044380,2024-09-30,0.034340668993599284,G2,-0.1695814623679877,0.02166174187685588,-9.11410685402272
044450,2024-09-30,0.21317161660086284,G5,-0.07009425380819487,0.017226209625917685,-5.685535220863354
044480,2024-09-30,0.08455051552759871,G3,-0.27441162262085217,0.03731524128649239,-8.100110837879019
044780,2024-09-30,0.13249110575708237,G4,-0.1214656459080915,0.025561688505190666,-5.841226553547397
044820,2024-09-30,0.02204402287161517,G1,-0.004424675024802984,0.012543387178132068,-2.5727215710122184
045060,2024-09-30,0.0438162237621838,G2,-0.060650543679809724,0.011816999439804505,-7.488915597613775
045100,2024-09-30,0.09455163052842207,G4,-0.059959731335869695,0.01774752897460843,-4.94748870129637
045300,2024-09-30,0.0057148048082799364,G1,-0.07987254713137729,0.017613710627072034,-6.115606027258723
045390,2024-09-30,0.048992901121557186,G2,0.16966109297245194,0.027388468124640002,5.177913733077049
045510,2024-09-30,0.012521522213004121,G1,-0.1815426830816134,0.01897898496839373,-11.032658025297454
045520,2024-09-30,0.025032172539427015,G2,-0.1870223428625469,0.018780215771558865,-11.441205639920454
045970,2024-09-30,0.09491287372780984,G4,-0.2524478929913833,0.03989569542879542,-7.025666747270479
046120,2024-09-30,0.08839580777578025,G3,-0.173597136383955,0.02989118915706322,-6.739213454085346
046390,2024-09-30,0.0264470241585401,G2,-0.06949150798311532,0.034300566083027326,-2.8377804462304637
046400,2024-09-30,0.43112414598242255,G5,,,
046440,2024-09-30,0.26045382270769607,G5,0.0569954179551137,0.018887723916473923,1.543301370884292
046890,2024-09-30,0.012881942075644763,G1,-0.1442420149413694,0.03225194065316184,-5.335740398816409
046970,2024-09-30,0.05248255402410547,G2,0.3016097570631852,0.042627363133371274,6.422254842850716
047040,2024-09-30,0.02446592136326675,G2,-0.1953983672293033,0.021700758944434934,-10.287397576410054
047050,2024-09-30,0.04275193379811423,G2,-0.33105381072047013,0.03274428782573109,-10.960683596861596
047080,2024-09-30,0.006856469871832707,G1,-0.18585527409521035,0.02921369300428184,-7.315105344806072
047310,2024-09-30,0.042732087567580984,G2,0.1567203465369353,0.03940273860849977,3.2706959806900247
047400,2024-09-30,0.11880588596464779,G4,0.051695703751757735,0.03314571948522168,0.7195419613822499
047730,2024-09-30,0.0641342967378246,G3,,,
047770,2024-09-30,0.014098617201306974,G1,-0.013595159225718976,0.02813475382444468,-1.472951468715131
047810,2024-09-30,0.08408112929982615,G3,0.07417552602887473,0.02698123712253543,1.7171028176555925
047820,2024-09-30,0.02338624043340401,G1,,,
048260,2024-09-30,0.13223176963281666,G4,,,
048410,2024-09-30,7.227029594009096,G5,-0.21004211354119165,0.03449770530487097,-6.895765361226447
048430,2024-09-30,0.04634725170282691,G2,0.12354686147066592,0.02719596104187953,3.518937741577104
048550,2024-09-30,0.05012417884043075,G2,-0.1859082418731632,0.02794373573054422,-7.649450011848351
048770,2024-09-30,0.057315772085431246,G3,-0.32906413271628526,0.027920689633110903,-12.782997309456288
048830,2024-09-30,0.024847741600846695,G2,-0.1208400634727866,0.012641233225991599,-11.761987818483501
048870,2024-09-30,0.1682381039328282,G4,-0.06814143131208769,0.030133198008715542,-3.1854368403333875
048910,2024-09-30,0.0263155637019854,G2,-0.12489001941064479,0.015479089878407121,-9.867245965516519
049120,2024-09-30,0.11996009902021716,G4,-0.22714825804328692,0.02337986287094916,-10.9065749099011
049180,2024-09-30,0.036852755975978174,G2,0.018717910775546243,0.07949897342309434,-0.11481980927992134
049480,2024-09-30,0.03346341095061171,G2,0.0549565616698922,0.018584792595504787,1.4587514920405475
049520,2024-09-30,0.03917941557128917,G2,-0.001855269467660181,0.02826805956622111,-1.050699540943628
049550,2024-09-30,0.02350421097765302,G1,-0.10404146498197268,0.011112490795443089,-11.868395227647015
049630,2024-09-30,0.006790859692442921,G1,0.06477455948627012,0.022826724859306445,1.6177788084775937
049720,2024-09-30,0.0866634179558454,G3,0.012154343578689802,0.01036100043323707,-1.5144892874348777
049770,2024-09-30,0.05482889967739973,G3,-0.042792304999781296,0.018687237976700924,-3.780027462045912
049800,2024-09-30,0.002856624153976503,G1,-0.095995469301631,0.01810725248329635,-6.839327896808651
049950,2024-09-30,0.09874101460652841,G4,-0.022591717115246178,0.034914249665098776,-1.444616033309761
049960,2024-09-30,0.17174338525568175,G4,0.03859582505315999,0.014772022778070968,0.72771735277735
050110,2024-09-30,0.0497538111011233,G2,-0.2443402371619837,0.02939664994246623,-9.259089230801111
050120,2024-09-30,0.6443966345722119,G5,0.03153342006955612,0.021458786081285326,0.17183881295301015
050540,2024-09-30,0.023219920332770084,G1,,,
050890,2024-09-30,0.09091782311884233,G3,0.40943139864241074,0.032187854479543525,11.85495079030464
051160,2024-09-30,0.05325162773629395,G3,-0.1742103571608156,0.017756253974749135,-11.379445528887562
051360,2024-09-30,0.10876738413916247,G4,0.060979991368812714,0.028729681043287998,1.153302870886491
051370,2024-09-30,0.06490895779862146,G3,-0.20415763598041653,0.02335228913818237,-9.934940525509871
051490,2024-09-30,0.05253340832995826,G2,-0.15579213291702998,0.04147191431925656,-4.428011189579865
051500,2024-09-30,0.03389916893686366,G2,-0.07604710946982139,0.021842985356411403,-4.756358872953323
051600,2024-09-30,0.11845894439566564,G4,0.0606063892549194,0.021469988040491366,1.5258705058987154
051780,2024-09-30,0.12497871698733508,G4,-0.41698912120415116,0.024604133655911888,-18.079689176099137
051900,2024-09-30,0.06190315873054992,G3,-0.2011809437007942,0.022717006700566093,-10.081738076743292
051910,2024-09-30,0.03933230826687528,G2,-0.33156893550028427,0.027176103218257825,-13.225402492611694
051980,2024-09-30,0.5822212469820677,G5,-0.08469260929591084,0.05740080763273081,-1.9605748016283155
052020,2024-09-30,1.9782223359045705,G5,0.5907893181464681,0.06744793823240644,8.34633889719193
052220,2024-09-30,0.0028307114000657428,G1,0.3672267010544297,0.07197352179743918,4.715355381214226
052260,2024-09-30,0.10246771400386213,G4,-0.2571850598574807,0.029024435402083857,-9.820381469985525
052270,2024-09-30,0.03698473967117258,G2,,,
052300,2024-09-30,0.7401705870317186,G5,-0.17441265862136462,0.01869847877200022,-10.816849265094735
052330,2024-09-30,0.0894214202191229,G3,0.012064926716076705,0.013698095406162191,-1.1520609659909031
052400,2024-09-30,0.18196962034317973,G4,0.7358233747102089,0.0616921336862634,11.475975374246364
052420,2024-09-30,0.14192276104539653,G4,-0.3042074323603683,0.03551648990542491,-9.349274125526263
052460,2024-09-30,0.08289848364156419,G3,-0.15866969022226068,0.02230572691253478,-8.361783442232634
052690,2024-09-30,0.05353501112510651,G3,-0.20184476926878583,0.03117137646229492,-7.368642744684584
052710,2024-09-30,0.0719993017123504,G3,0.072869721437017,0.038736816956923555,1.16229874398687
052770,2024-09-30,0.7717856782794386,G5,-0.266672793439146,0.049047889188012415,-6.0047183692680415
052900,2024-09-30,0.11037203436494736,G4,-0.1438569024129986,0.02032548351186404,-8.447664728600953
053060,2024-09-30,0.039788365796761184,G2,-0.07123218379027865,0.021562920783077973,-4.594839100367522
053080,2024-09-30,0.062297189189258355,G3,-0.2368469605905026,0.02865076839125711,-9.238597887420363
053160,2024-09-30,0.2207727444877718,G5,0.4548950158310169,0.07798461514149703,5.476067905371258
053260,2024-09-30,0.0005658162735041967,G1,-0.1585302550493891,0.023606361102472176,-7.895169525802363
053270,2024-09-30,0.07155710400146699,G3,-0.1620589415413993,0.022096572807090657,-8.594315097696754
053280,2024-09-30,0.019602024555120175,G1,0.008178207462072186,0.06333407965392462,-0.3105399239608992
053300,2024-09-30,0.19260730507339202,G5,0.07179221695075312,0.020341830993072244,2.160388080295441
053450,2024-09-30,0.02872276623303795,G2,-0.0379401315246982,0.026383485513851557,-2.4934574786222012
053610,2024-09-30,0.09334968654726904,G3,-0.3088700629317598,0.03007133165871803,-11.197243756781797
053620,2024-09-30,0.00358037749638525,G1,0.0317602706384411,0.0139650904845249,0.2802919824145196
053690,2024-09-30,0.07749337172607801,G3,0.1708133551850039,0.04223584909050816,3.3849772295733973
053700,2024-09-30,0.05456672055816862,G3,-0.053612825635912104,0.02572046840703146,-3.1670804780358655
053800,2024-09-30,0.1245067035965217,G4,0.26340506001373054,0.045424775862535384,5.18569630337076
053950,2024-09-30,0.014060188038844785,G1,0.12395011197324693,0.06206743031190537,1.5483828434391844
054040,2024-09-30,0.03703332045299231,G2,-0.05579177713936449,0.02988767981781612,-2.7984020636972726
054090,2024-09-30,0.006766341671860734,G1,-0.3515164785324985,0.029347778562089716,-12.926445027920415
054180,2024-09-30,0.29473581390313736,G5,-0.14568536487195427,0.06079781915038265,-2.854236139369772
054210,2024-09-30,0.04912543245619452,G2,-0.16458924146943657,0.030154015775837015,-6.381743998607774
054220,2024-09-30,0.10881462944133656,G4,0.1379917706875694,0.01876493850495342,5.869766262040161
054340,2024-09-30,0.14414299162229374,G4,,,
054450,2024-09-30,0.02976439536448791,G2,-0.0664837063596699,0.03472388159375976,-2.7165647897658243
054540,2024-09-30,0.09622433304592774,G4,0.1256285445250333,0.026916451829001587,3.6328182259795603
054630,2024-09-30,0.7383385912083503,G5,,,
054800,2024-09-30,0.09990572545792861,G4,0.018580697637038294,0.009124434526200497,-1.0154349925238957
054940,2024-09-30,0.02852690963403198,G2,-0.07347173838152692,0.020738962298966927,-4.885379734188018
055490,2024-09-30,0.022223603520686582,G1,-0.353737679201433,0.02529918017879716,-15.082846331248618
056190,2024-09-30,0.33215802717245135,G5,-0.27431762144537736,0.029415566940761577,-10.27223407918072
056360,2024-09-30,0.08329704192540437,G3,0.5842443404383517,0.045780730609648906,12.153549436346212
057030,2024-09-30,0.08558330661409091,G3,0.23352349000130257,0.04144267403209629,4.962940424647191
057050,2024-09-30,0.02028005047682398,G1,-0.019332519645822492,0.014987399375411591,-3.1478768401380726
057680,2024-09-30,0.09688934692646285,G4,0.2975214912085629,0.07287303245964785,3.7006216753221497
058110,2024-09-30,1.4288814200081335,G5,-0.27217959533890324,0.029841459635103353,-10.05398418004695
058400,2024-09-30,0.015946693346411342,G1,0.057172369791922285,0.026039191626179937,1.126240878403533
058430,2024-09-30,0.0362833031972659,G2,-0.3144372359039206,0.026160956851734137,-13.083741760124767
058450,2024-09-30,0.39057400569127176,G5,-0.14615079794966085,0.04019565504567883,-4.328745619243281
058610,2024-09-30,0.035903579843065817,G2,0.006081321634470477,0.03350849892700505,-0.6495261442440954
058630,2024-09-30,0.21687810432353238,G5,-0.17200664777518115,0.03839399046480519,-5.205309817960092
058650,2024-09-30,0.017743179013918236,G1,-0.04102271820888018,0.020661287028477582,-3.3332234267833125
058730,2024-09-30,0.05314432560354402,G3,-0.07202518241044394,0.03703369417662238,-2.6967644566072844
058820,2024-09-30,0.005432468238432185,G1,-0.1920032795442287,0.023792255820315113,-9.240370015626892
058970,2024-09-30,0.18931502741545916,G5,0.2514656021170207,0.039335351002530175,5.684953322539343
059090,2024-09-30,0.19613786911973177,G5,-0.19065235422484195,0.03242955981600642,-6.737628361484331
060150,2024-09-30,0.10603232934540424,G4,-0.10106749661535627,0.02652038450662107,-4.860919883160338
060240,2024-09-30,0.18136485617487905,G4,-0.5850838125970154,0.07093681953507922,-8.640502694596405
060260,2024-09-30,0.15475593613023642,G4,-0.016104056491848304,0.05088971435064398,-0.8636327555497
060310,2024-09-30,0.021822649009843632,G1,-0.10056674508468572,0.027323433581232,-4.699728255047187
060380,2024-09-30,0.01344188929868413,G1,-0.11876202244834672,0.02332315688909728,-6.285941087967215
060540,2024-09-30,0.031067132924988916,G2,0.04500997205382852,0.03821786131938949,0.4491094927696816
060560,2024-09-30,0.01826742505493788,G1,-0.13605308324611298,0.03701679653820184,-4.427694082574174
060570,2024-09-30,0.023745706294356968,G2,-0.05779908814127714,0.05211980413492626,-1.643234415491991
060850,2024-09-30,0.12061972140098277,G4,-0.3115680739491787,0.018431850697191103,-18.414539444096015
060980,2024-09-30,0.055430337370517904,G3,-0.029444052039353505,0.010907568401817941,-5.252318176775364
061040,2024-09-30,0.0246296481612804,G2,0.22478214181109943,0.024855279290654328,7.923313665729464
061970,2024-09-30,0.018093652104387827,G1,-0.13568949201054964,0.040403072972270276,-4.0475995443397075
063570,2024-09-30,0.0724573743153951,G3,-0.0198238283021186,0.013892919555861454,-3.4312295448325743
063760,2024-09-30,0.25755810717574096,G5,-0.17356588152698474,0.021371810100378367,-9.424182992593332
064090,2024-09-30,0.6963133821511274,G5,-0.30732538743064425,0.03825860193732821,-8.76067964327675
064290,2024-09-30,0.10299049317942845,G4,-0.30439673153880625,0.034595991412755225,-9.603502767613906
064400,2024-09-30,0.09926988914398717,G4,,,
064510,2024-09-30,0.21773555525946514,G5,,,
064520,2024-09-30,0.0794367747091846,G3,-0.29692968979655365,0.02758749625813282,-11.77256734353865
064820,2024-09-30,0.08029732582352114,G3,0.19359585362308504,0.023639247962238683,7.011639547329015
064850,2024-09-30,0.24876670902023088,G5,-0.6386158956081477,0.027327505875965982,-24.387950600944656
064960,2024-09-30,0.09972365922770059,G4,-0.14361328007500834,0.013792994295997264,-12.430893839106524
065150,2024-09-30,0.022749827783865396,G1,,,
065160,2024-09-30,0.37104771263843467,G5,,,
065170,2024-09-30,0.04132708635596735,G2,-0.4489524541338153,0.058635042044421645,-8.131629231450544
065350,2024-09-30,0.03254366236897926,G2,1.0126617958233186,0.060766272032954524,16.20661915128349
065370,2024-09-30,0.15255257920077553,G4,0.3153776328643264,0.07272090308763883,3.953906688643225
065440,2024-09-30,0.1633200473399459,G4,0.0982686336218107,0.02861402398114683,2.4611241650693807
065450,2024-09-30,0.010123073580897424,G1,-0.1491295594085673,0.02563950465572936,-6.902455001639673
065500,2024-09-30,0.006389968142619945,G1,2.0195615785334056,0.11401326333539362,17.469157118434776
065560,2024-09-30,0.15509169216694366,G4,,,
065650,2024-09-30,0.15951361901551891,G4,-0.0003409291006505723,0.027576228595033024,-1.0221447340214975
065680,2024-09-30,0.11310569892985586,G4,0.12928466520866674,0.03280285176230039,3.092374352138267
065710,2024-09-30,0.10934673760576238,G4,-0.012151422883756396,0.012443834721674624,-3.2142335156561157
065950,2024-09-30,0.2104822509037874,G5,-0.09475283088187078,0.020859535511572328,-5.8773503636162765
066310,2024-09-30,0.09059041551501318,G3,0.42249864681719584,0.05696526499664373,6.927953009584217
066360,2024-09-30,0.06368752913319344,G3,-0.03236336965179229,0.030445704684410043,-1.9775971033627746
066410,2024-09-30,0.6199509096034991,G5,,,
066570,2024-09-30,0.03390455696761914,G2,-0.21118735534565453,0.018968285218333852,-12.601736020742225
066620,2024-09-30,0.15166741190342284,G4,0.07570825767630252,0.015155005268834091,3.158183655191114
066700,2024-09-30,0.047542119170198106,G2,-0.08654240953744621,0.02369700766187109,-4.827123276979592
066790,2024-09-30,0.004231668980759896,G1,-0.12689366727714768,0.05764465321496402,-2.6843709934734097
066900,2024-09-30,0.07982868646313913,G3,0.12655022052619136,0.026912955481756533,3.6675367315627776
066910,2024-09-30,0.4059311819623839,G5,-0.46818297292293537,0.03806167331280612,-13.032242082167691
066970,2024-09-30,0.20594646933465657,G5,-0.28127277522525984,0.04302051980770794,-7.185379078376706
066980,2024-09-30,0.002758396102003586,G1,0.011159211702866038,0.05225960047146541,-0.3193050824829913
067160,2024-09-30,0.21698613498882427,G5,-0.0780555137685767,0.026183506376546754,-4.044587458514375
067170,2024-09-30,0.0009994229721298686,G1,-0.07776065625113326,0.02835569271022615,-3.7243535212589935
067290,2024-09-30,0.2577959692192671,G5,-0.020263825388890405,0.03697310873378654,-1.3012103871823597
067310,2024-09-30,0.055964117379368954,G3,-0.20633771429925932,0.03299832189399368,-7.096836099529674
067390,2024-09-30,0.09579623059987791,G4,-0.08727060797435879,0.01901574262484165,-6.053751251655515
067570,2024-09-30,0.05453876724967451,G3,-0.09369627972589072,0.02053326987782679,-5.919283591508028
067630,2024-09-30,0.23339059595687184,G5,-0.021918665735149705,0.04794593870120475,-1.037932196660376
067770,2024-09-30,0.048391119077919174,G2,-0.05636821153757692,0.02614626733202864,-3.22088725744618
067900,2024-09-30,0.2553300893456056,G5,-0.07709661326493172,0.019825364466574482,-5.293349395104445
067990,2024-09-30,0.0050958491922665815,G1,-0.01584863337356371,0.020096143647464038,-2.1742779053538994
068050,2024-09-30,0.006639931486849848,G1,-0.05142828986604599,0.022109144975221876,-3.5855867649710365
068060,2024-09-30,0.12016945579983856,G4,,,
068100,2024-09-30,0.10388162301784036,G4,-0.2571290440044622,0.03663528420968411,-7.7787034519870835
068240,2024-09-30,0.02573005476648378,G2,-0.16291472519573988,0.02620397668852699,-7.279837530201933
068270,2024-09-30,0.2354898766499133,G5,0.018061051938912463,0.021148698518729823,-0.4626722440795701
068400,2024-09-30,0.08690932370318018,G3,,,
068420,2024-09-30,0.21200626474425385,G5,,,
068940,2024-09-30,0.023408630581367575,G1,,,
069080,2024-09-30,0.19581883934757746,G5,-0.20860872855066145,0.02130987371120678,-11.096015842095127
069110,2024-09-30,0.9632786219581272,G5,,,
069140,2024-09-30,0.0027801680104891763,G1,-0.03895758558117421,0.041964877802462976,-1.5918920016297269
069260,2024-09-30,0.06635637698792819,G3,-0.11275832462030323,0.016291896340481254,-8.630320830907356
069330,2024-09-30,0.02581156122773475,G2,0.007161307390372002,0.013689543608984854,-1.5109824653312411
069410,2024-09-30,0.026215853204042648,G2,0.14642284732419372,0.032407589209724606,3.658923186630515
069510,2024-09-30,0.10048433530933691,G4,-0.027411992122743,0.015333289950933937,-3.603790187331112
069540,2024-09-30,0.8658746120864963,G5,-0.28145852265667526,0.05016806531144799,-6.165366124414403
069620,2024-09-30,0.10398366307280266,G4,-0.06642616694354121,0.028114147270931134,-3.3531920344939707
069640,2024-09-30,0.1779496715560845,G4,-0.3137639495309509,0.04722385971859697,-7.233841522241327
069960,2024-09-30,0.0622960032016929,G3,-0.022160760984591403,0.020234686402126837,-2.471336977145875
070300,2024-09-30,0.09864480879987299,G4,-0.4264906660329709,0.04530337534688303,-10.028759011797689
070590,2024-09-30,0.04879732233746891,G2,-0.1525259062635095,0.02385244726269806,-7.561986072914276
071090,2024-09-30,0.00040837934879907486,G1,-0.20226121496810578,0.03461347250961327,-6.647908055053799
071200,2024-09-30,0.15843300463476662,G4,-0.022124426883337392,0.020199865001785645,-2.4737984447349293
071280,2024-09-30,0.2588029463753651,G5,0.03232738053613246,0.03630873961004104,0.12342518199000423
071320,2024-09-30,0.049336154460780546,G2,-0.10199419010514778,0.03785740272034113,-3.4297164759620165
071460,2024-09-30,0.9939123540528185,G5,,,
071670,2024-09-30,0.005415276012984424,G1,-0.1612122488839198,0.02856951777804859,-6.617480144208744
071850,2024-09-30,0.1461446061950263,G4,-0.13299912451104892,0.031227848837023363,-5.150693955655645
072130,2024-09-30,0.062237868141383296,G3,0.4140999401980371,0.03684414255817242,10.483456680970484
072470,2024-09-30,0.0005510446739820194,G1,-0.2328813705690691,0.020662407763650574,-12.618439307430455
072710,2024-09-30,0.09561627146931266,G4,-0.04314692076327478,0.010090990431664055,-7.035274583399161
072770,2024-09-30,0.12872180303259256,G4,-0.4363960168131625,0.03965470849720867,-11.707108743159123
072870,2024-09-30,0.2075387557488522,G5,-0.0474784750866829,0.009342298643702382,-8.062731207955375
072950,2024-09-30,0.02193181223734087,G1,-0.17770255462858883,0.019439054586386194,-10.573997899798925
072990,2024-09-30,0.11413420885793585,G4,-0.25859414996371727,0.02293385523011749,-12.48983717877011
073110,2024-09-30,0.18578960866452945,G4,-0.012137434352241008,0.010954669565893792,-3.6498957685278417
073240,2024-09-30,0.12576101893103636,G4,0.06915082136791167,0.02352732618537337,1.7556118914887526
073490,2024-09-30,0.0912217488293474,G3,0.2491356170066649,0.025242460952251574,8.766563992445866
073540,2024-09-30,0.0013044502178545807,G1,0.03513700585385951,0.020276460909069587,0.35958139562031677
073560,2024-09-30,0.11257481842957263,G4,-0.078562482737467,0.017023841663293255,-6.250554521359299
073640,2024-09-30,0.6032500163511904,G5,,,
074600,2024-09-30,0.13291566186328352,G4,-0.3352718334330607,0.028328204689464197,-12.818242636817951
074610,2024-09-30,0.5338744447708935,G5,-0.42672239115018706,0.04540839290089285,-10.010668289543991
075130,2024-09-30,0.08966158520397767,G3,0.1548762972202583,0.044614306182341905,2.8473003470936127
075580,2024-09-30,0.008610172773133326,G1,0.18082003871458407,0.03756678809354417,4.072056162792824
075970,2024-09-30,0.002962652491591398,G1,0.049068396766521,0.02674066272940662,0.7936388577702411
076080,2024-09-30,0.219527155236415,G5,-0.41151463937289556,0.023941094622780917,-18.351734289407208
077360,2024-09-30,0.042125194281483175,G2,-0.23637231139900577,0.029671718456671145,-8.9047177879762
077500,2024-09-30,0.04632664591006329,G2,0.38345632765223125,0.051183946739454624,6.947693223433611
078070,2024-09-30,0.12353057148300535,G4,0.022237559278030908,0.011915767809157578,-0.4706711773616766
078130,2024-09-30,0.10497718354751055,G4,,,
078140,2024-09-30,0.1303547890151707,G4,-0.42424683277021097,0.03262502564250959,-13.8572396989347
078150,2024-09-30,0.12815436269495817,G4,-0.2499354216522548,0.03601709626754963,-7.712487073658499
078160,2024-09-30,0.8436133112736588,G5,0.8519788227952537,0.06990361559962774,11.7895597814787
078340,2024-09-30,0.00830822507188119,G1,0.1310216007051004,0.02997562604224156,3.441984258069211
078350,2024-09-30,0.03357545038161801,G2,-0.4479911253324338,0.02942646341479024,-16.1703799184786
078520,2024-09-30,0.06136986380901854,G3,-0.0864118787865371,0.02438759436620874,-4.68508065259554
078600,2024-09-30,0.14598077035862203,G4,-0.3587396256784697,0.037818996884348643,-10.221994903846676
078860,2024-09-30,0.31331670252427396,G5,-0.10544293929973897,0.027338230621862768,-4.8755498805062185
078890,2024-09-30,0.11959210876330024,G4,-0.26861719182541716,0.02838457010974798,-10.444518216097263
078930,2024-09-30,0.09812353535530373,G4,-0.07433809651815569,0.013000500355516092,-7.860010112359608
078940,2024-09-30,1.6958791729804343,G5,,,
079160,2024-09-30,0.05863106526026566,G3,-0.07968384081915808,0.017092811223557804,-6.290937585087986
079190,2024-09-30,0.14930913146684643,G4,-0.06575946768245258,0.04793829304144238,-1.9526234558136373
079370,2024-09-30,0.13276256261990058,G4,-0.08284631367465349,0.03475286350725654,-3.1851269289932316
079430,2024-09-30,0.021500776342900815,G1,-0.0323686690009611,0.02137996445557848,-2.816404904133754
079550,2024-09-30,0.07016017125506982,G3,0.08475824930203477,0.03679593326768953,1.5467003145718254
079810,2024-09-30,0.057846166068622376,G3,-0.44651412768237086,0.034787032054948354,-13.636118616702456
079950,2024-09-30,0.2470748136813773,G5,-0.08681164922384772,0.05183781836180063,-2.211852670294369
079970,2024-09-30,0.09179664418561036,G3,-0.2075169135958828,0.053267564176765064,-4.418502797627115
080000,2024-09-30,0.06738776054339575,G3,-0.1424783166820393,0.019394891813264738,-8.781914643498295
080010,2024-09-30,0.19350221329955064,G5,-0.018840721067037602,0.011915955866943868,-3.9179977947456925
080160,2024-09-30,0.024222464020962772,G2,-0.05807659368703216,0.0315345863484587,-2.72470868904127
080220,2024-09-30,0.048815813629410364,G2,-0.36276857736473617,0.032485500300186085,-12.024273645077097
080420,2024-09-30,0.03787139085652534,G2,0.06066323703949279,0.018384470728262832,1.7850537979919459
080470,2024-09-30,0.041674770902821956,G2,-0.1582514703667333,0.023388999256943082,-7.9566225157506585
080520,2024-09-30,0.0633681725399223,G3,-0.18285550604645529,0.016878514712735444,-12.483413225300504
080580,2024-09-30,0.02697422519782543,G2,-0.3152154745697917,0.03153348985154711,-10.879272923066452
081000,2024-09-30,0.03580464632715754,G2,-0.1748469424944737,0.024555540687203923,-8.254467405885059
081580,2024-09-30,0.03541063003541557,G2,-0.24711109067583686,0.029308472424944478,-9.381487183335972
081660,2024-09-30,0.08897029501662894,G3,-0.03731061375754831,0.018212417147266007,-3.5775911002162
082270,2024-09-30,0.6961391095497438,G5,-0.13440661451029387,0.06960236744125711,-2.331135968746566
082660,2024-09-30,1.3031364045686558,G5,,,
082800,2024-09-30,0.05412543004065018,G3,0.7738792772902126,0.087842362713132,8.492864792180148
082920,2024-09-30,0.2484932539084744,G5,0.1410584233170318,0.02132654164945246,5.308523877710053
083310,2024-09-30,0.04532642576698884,G2,-0.2234973900465329,0.025958518835452922,-9.682499967802302
083450,2024-09-30,0.20963060397756175,G5,0.03360931904584595,0.035043265971926515,0.16446387470070722
083470,2024-09-30,0.025086207246117292,G2,0.03351518096060471,0.020398733161975137,0.277919867555163
083500,2024-09-30,0.11784000110271384,G4,-0.23946069657354785,0.03586542040576295,-7.4530470099419714
083650,2024-09-30,0.048549903843427854,G2,0.8250127890184491,0.06209520811087907,12.837815437433893
083790,2024-09-30,2.3963032619839786,G5,0.0036158028567910595,0.025777701578691692,-0.9399660714969832
083930,2024-09-30,0.076649907531502,G3,-0.1330944169249118,0.027017222325614258,-5.956955260876848
084010,2024-09-30,0.007130948098335666,G1,0.25079524566431594,0.018664739421240965,11.944944576545135
084370,2024-09-30,0.2034087837958989,G5,-0.16555138406760234,0.029832258047446752,-6.482826459262613
084650,2024-09-30,0.17600830381951765,G4,-0.23877975625333536,0.04149843435498878,-6.424958631318054
084730,2024-09-30,0.06541493616040957,G3,-0.2564155955437422,0.027274521982123243,-10.422238141221815
084850,2024-09-30,0.03284833573729454,G2,-0.4530320369455874,0.02410665711332154,-19.94793398466624
084870,2024-09-30,0.08873735733666131,G3,-0.14336413233720433,0.03049373906397104,-5.61459844986435
085310,2024-09-30,0.05607726161398614,G3,0.09201865290031,0.024240870529552257,2.6472929295233456
085670,2024-09-30,0.08638241905007554,G3,-0.11651827584514915,0.037563292419445664,-3.8432265727684327
085910,2024-09-30,0.0011566320563477224,G1,-0.0762245588139851,0.01712710520227214,-6.076364063094225
086040,2024-09-30,0.18257302355631175,G4,-0.18209568169387141,0.03313818547391953,-6.335339320284616
086060,2024-09-30,0.03422514599779349,G2,-0.0714071333782007,0.018426477916312068,-5.386439099806058
086280,2024-09-30,0.06280416897050471,G3,-0.020966907259381093,0.020406790892431248,-2.3919917275881413
086390,2024-09-30,0.057797494000032604,G3,-0.03461606439006241,0.03067427416288194,-2.036300249529014
086450,2024-09-30,0.11215992924305693,G4,-0.012783054237992211,0.02095638490927849,-1.938741923085173
086520,2024-09-30,0.1830070554077354,G4,-0.39997715197248523,0.0319956175864607,-13.37130369677436
086670,2024-09-30,0.00020424557686325525,G1,-0.281543021194056,0.022219090592658516,-13.924466784352449
086710,2024-09-30,0.13824655775012037,G4,-0.2122708907245306,0.03577008345934913,-6.712784406537564
086900,2024-09-30,0.1114107012752619,G4,-0.38614427162502485,0.03877592323807073,-10.676476658600848
086960,2024-09-30,0.08000830723107245,G3,-0.10494793196620648,0.03385714179004423,-3.9221828154197675
086980,2024-09-30,0.11992946855934054,G4,-0.12329074284986317,0.04529427789475099,-3.3367727142706785
087260,2024-09-30,0.05544263695703384,G3,-0.18951321288542758,0.03263560988403324,-6.660184424305936
088340,2024-09-30,0.05775416164898799,G3,-0.10163716481861193,0.05394904368725455,-2.400100608106567
088390,2024-09-30,0.1287972809019596,G4,-0.45358660756370167,0.034458631342752205,-13.971320291770626
088800,2024-09-30,0.27561019856672303,G5,-0.34067500179857374,0.04587920828464321,-8.03241780577677
088910,2024-09-30,0.07427865307745037,G3,-0.043488899483565005,0.012258467141592734,-5.819232241808007
089030,2024-09-30,0.13220402004452697,G4,0.10588450318397917,0.04983652307750041,1.5658904478686555
089140,2024-09-30,0.0471643427461162,G2,0.09664469783240041,0.08207459424407697,0.8382463626426019
089230,2024-09-30,0.40061312594919546,G5,-0.4087612052353356,0.029501147533708576,-14.799667452881126
089530,2024-09-30,0.2204271298583787,G5,,,
089590,2024-09-30,0.09686370871977253,G4,-0.16568772547879312,0.023984900773006364,-8.06898035778158
089600,2024-09-30,0.18132642150243497,G4,-0.1282141217295056,0.019129823202742032,-8.157947296087489
089850,2024-09-30,0.07115544386980772,G3,-0.09316542306631949,0.01543224824063533,-7.841462172025885
089860,2024-09-30,0.1120232078561375,G4,0.0028469753867953144,0.02289568573213726,-1.091864757736896
089890,2024-09-30,0.20719642209512104,G5,-0.3313617135572397,0.03509884647816839,-10.234173408593461
089980,2024-09-30,0.03129956273664972,G2,-0.1891175011776937,0.02548141717742272,-8.514576226626245
090080,2024-09-30,0.0021951678894500666,G1,-0.11971329760369412,0.017859525696222508,-8.262216357562062
090120,2024-09-30,0.022076818262873308,G1,,,
090350,2024-09-30,0.0711165649149275,G3,-0.1026323423454026,0.015136627045619579,-8.620038644943522
090360,2024-09-30,0.11968089294423265,G4,-0.02104106985905621,0.030454489357726804,-1.6052489676234953
090370,2024-09-30,0.11708373043430005,G4,-0.21322785522015383,0.02541798460314098,-9.48437992728578
090410,2024-09-30,0.06760149524626259,G3,0.07423893032331393,0.030020172343846435,1.5453929461163847
090430,2024-09-30,0.06669102159472634,G3,-0.3202039480501481,0.027030271623797442,-12.876301083325428
090460,2024-09-30,0.10533195067890364,G4,-0.0260497134900737,0.028588143048044936,-1.8852459616363557
090470,2024-09-30,0.19269285571604008,G5,0.032055858491021744,0.03936492329453587,0.1069452293247739
091120,2024-09-30,0.2503126503670116,G5,0.11043400825658764,0.05520690793185094,1.495972942672343
091340,2024-09-30,0.06186739994866194,G3,-0.0493701591140154,0.029047085645309646,-2.658308919484295
091440,2024-09-30,0.6478291189959623,G5,0.17754712627550676,0.05609135460997243,2.668881141746505
091580,2024-09-30,0.09671557506514182,G4,-0.4302594015098957,0.029420159512596553,-15.571138186918684
091590,2024-09-30,0.018815622615730675,G1,-0.03331665767268774,0.03194187224412951,-1.9148102824769164
091970,2024-09-30,0.06391299489409855,G3,-0.0008984893942742024,0.03423437770386424,-0.8396372028390956
092040,2024-09-30,0.034335571736111986,G2,-0.15554840630165725,0.04213076108044813,-4.352980324599491
092130,2024-09-30,0.1782477994145936,G4,0.018438129344242105,0.009713772724190156,-0.9685050973310376
092190,2024-09-30,0.02830630672334557,G2,-0.23637828148211587,0.029818521893194297,-8.861078029637586
092200,2024-09-30,0.01831552821514745,G1,-0.03347842595686783,0.0414108652731093,-1.4808768977504345
092220,2024-09-30,0.09339575539186573,G3,-0.22133437487031385,0.028163182645994267,-8.847733785786847
092300,2024-09-30,0.02037328646860028,G1,-0.1622350201524275,0.025619224309612745,-7.419466943932472
092460,2024-09-30,0.1370310920883061,G4,0.2345323695358445,0.024013712439404207,8.607015775484859
092600,2024-09-30,0.25289682858652984,G5,0.016494774920690382,0.024242635547808207,-0.46823262259830317
092730,2024-09-30,0.19438314868549966,G5,-0.11149106861000571,0.025856310078660037,-5.388898722518805
092780,2024-09-30,0.0013307142756435757,G1,-0.1866647738174921,0.02136266389538482,-10.041385410073806
092790,2024-09-30,0.08864372802051754,G3,-0.008061364736701087,0.05288261834785823,-0.6790006546657844
093050,2024-09-30,0.111869256225369,G4,0.04832351422615998,0.016503528903917524,1.2407980501287608
093190,2024-09-30,0.0804431170797353,G3,-0.06829035457306297,0.014207050041430446,-6.766803948366954
093230,2024-09-30,0.019380098455362375,G1,,,
093240,2024-09-30,0.044413816352344836,G2,0.27485095196917697,0.0903780626137254,2.733019242544924
093370,2024-09-30,0.016817621997973677,G1,-0.25112779191335927,0.028775804454355382,-9.69473364672766
093380,2024-09-30,0.0484131661109854,G2,-0.3089403917507288,0.023624102291581874,-14.256048984882423
093520,2024-09-30,0.1332196273439015,G4,-0.11227688659421547,0.02701568124480757,-5.18672296531788
093640,2024-09-30,1.182834660272277,G5,-0.1597150453860971,0.03329086780207989,-5.634007928033479
093920,2024-09-30,0.021707035420490364,G1,-0.0368967954762246,0.00914182376067133,-7.08204018291047
094190,2024-09-30,9.101368008820844,G5,,,
094280,2024-09-30,0.0324910565255528,G2,-0.0467524379704483,0.00810702634758247,-9.20169770197295
094360,2024-09-30,0.24541878378102017,G5,0.09220576160639798,0.040816480660650425,1.5768089953553805
094480,2024-09-30,0.10156995781520939,G4,-0.021201779934727525,0.05998803956654563,-0.8176254471902452
094820,2024-09-30,0.01654501249156503,G1,-0.12549346636893716,0.031419762759809296,-4.880349838510472
094840,2024-09-30,0.0980931319667542,G4,0.18414880731717181,0.058917061675888886,2.6529299854612645
094860,2024-09-30,0.07256125371073308,G3,-0.30778143560736393,0.03515955000829381,-9.545838990263757
094940,2024-09-30,0.09972893947572932,G4,0.08980636981689148,0.03987284544409163,1.5539498469411925
094970,2024-09-30,0.08985016493000333,G3,-0.17279291343239958,0.029595048326931966,-6.779474693127987
095270,2024-09-30,0.0267641807455059,G2,-0.1355131547247979,0.029873526366199176,-5.468357517094748
095340,2024-09-30,0.27412922437570447,G5,0.2714266072528361,0.041664336218375786,5.8462623341511675
095500,2024-09-30,0.031862121601489546,G2,-0.3959276219969691,0.03252632758905675,-13.028633145829849
095610,2024-09-30,0.0799916174378825,G3,-0.09072270525689,0.026224044455772786,-4.521372483134445
095660,2024-09-30,0.06940576026056493,G3,-0.1167410881157824,0.018431231753265092,-7.8446767852129184
095720,2024-09-30,0.012780814516972511,G1,-0.07889456616713862,0.030041933864566748,-3.553051357821217
095910,2024-09-30,0.06333206131009948,G3,-0.10529945067193391,0.022394461508250287,-5.945461933291749
096040,2024-09-30,0.09986272627422751,G4,,,
096240,2024-09-30,0.026068239646581635,G2,-0.090229339527224,0.009165587701263406,-12.88245894509129
096250,2024-09-30,0.010186100516398518,G1,,,
096350,2024-09-30,0.04507979928879136,G2,-0.21294187171487014,0.022418213600356535,-10.740723759228352
096530,2024-09-30,0.04830498493214722,G2,-0.065071659603345,0.023688183119662778,-3.9225307773035842
096610,2024-09-30,0.2567916804267675,G5,,,
096630,2024-09-30,0.06085398779729996,G3,-0.18296343663590792,0.05445012093851108,-3.871605806273677
096690,2024-09-30,0.46385537737206534,G5,0.23894064799592749,0.03040063546620907,6.943758806904813
096760,2024-09-30,0.20895191729197407,G5,-0.01246949100626089,0.015574492835101875,-2.588556762332136
096770,2024-09-30,0.023975574606138944,G2,-0.015444898717065603,0.031400726121474536,-1.3786581333033259
097230,2024-09-30,0.07251943724546464,G3,0.9444236385594612,0.06970487423356343,13.149405703628492
097520,2024-09-30,0.01255721884655297,G1,0.06209687215301959,0.028557357937848953,1.1993723118793538
097780,2024-09-30,0.03316846875067915,G2,8.763418415908691e-05,0.023960009689828005,-1.1585276432321696
097950,2024-09-30,0.056134059100316575,G3,-0.1581909552050479,0.022692543888873845,-8.198151950614813
098120,2024-09-30,0.14261737146224612,G4,-0.1131117881731414,0.027791680622378273,-5.071940694424057
098460,2024-09-30,0.015009133965877271,G1,-0.24609491735901393,0.025219158395003934,-10.862411854125105
098660,2024-09-30,0.12314328863343503,G4,0.007905802431564465,0.034072410929932254,-0.5852290685087325
099190,2024-09-30,0.05344796497628302,G3,-0.09652003981239043,0.033412931188285235,-3.7220921101926354
099220,2024-09-30,0.019822572881451186,G1,-0.2523152304856164,0.03857648974499338,-7.262485521091571
099320,2024-09-30,0.017948333291396716,G1,0.15824256586458224,0.038581375789386814,3.3797809293912477
099390,2024-09-30,0.13742578302634248,G4,-0.22299500668531122,0.02861314823491716,-8.766633170450666
099430,2024-09-30,0.287334444783955,G5,0.3936400899595831,0.04216857154658621,8.674567546437574
099440,2024-09-30,0.15195655239790856,G4,0.1059798469096262,0.040397133384290726,1.9341441489032667
099520,2024-09-30,0.08230847238817907,G3,,,
099750,2024-09-30,0.056663680240669846,G3,0.09027041212502222,0.021192281563310485,2.945621697059753
100030,2024-09-30,0.20147614733740862,G5,-0.062128292190224005,0.023478281196361573,-3.8322336792738807
100090,2024-09-30,0.0762924030064265,G3,-0.11523904458052038,0.03434811544604202,-4.165731087844696
100120,2024-09-30,0.09351173294672614,G3,-0.22922952067568259,0.018302877240462687,-14.045632554934809
100220,2024-09-30,0.26678015464660093,G5,-0.055054792631688304,0.05642755919002052,-1.4691537533008368
100250,2024-09-30,0.00012938954260339333,G1,-0.028054801546960002,0.008865872203521932,-6.305162989681841
100590,2024-09-30,0.01260025595763009,G1,0.2136661699224124,0.04741333670106485,3.9191547169955587
100700,2024-09-30,0.17525835747103763,G4,-0.08256322371265469,0.0185979289885108,-5.936639048508971
101160,2024-09-30,0.23229738792560461,G5,-0.14499585805931586,0.02141899643580777,-8.069557615327788
101170,2024-09-30,0.07268888574508126,G3,-0.1255868659142645,0.03397318797622584,-4.516291899469989
101330,2024-09-30,0.023961982667184727,G2,-0.192631038602545,0.022164370372269895,-9.947361582638136
101360,2024-09-30,0.016689880655621683,G1,-0.6684369151811991,0.03950935332363074,-17.623241697218173
101390,2024-09-30,0.057256875084290844,G3,-0.4066068262555956,0.03878708134324548,-11.20096637725458
101490,2024-09-30,0.2060831742220822,G5,0.020106757352874614,0.03273147419097108,-0.23644551858271337
101530,2024-09-30,0.07709026703648733,G3,0.0503857763705354,0.023458053474319843,0.960855880615792
101930,2024-09-30,0.05780453902248126,G3,0.4226018155003605,0.03904488364040532,10.110309237800232
102120,2024-09-30,0.03526659666929594,G2,-0.3545911354372578,0.03094138800464068,-12.360050012036766
102260,2024-09-30,0.08141537694250027,G3,-0.13694614778228878,0.015363840064997846,-10.725971816099307
102280,2024-09-30,0.005231616575936949,G1,,,
102370,2024-09-30,0.20827540623335045,G5,-0.2863865982948756,0.0448777275083472,-7.001971434011766
102460,2024-09-30,0.04319043431009735,G2,-0.05381206745883403,0.028802103466011798,-2.835141374210077
102940,2024-09-30,0.2495849249214673,G5,0.2618750574962,0.0374078093681556,6.256155966018369
103140,2024-09-30,0.06584556425108448,G3,-0.1754492899809023,0.030982815112740328,-6.561548941988861
103160,2024-09-30,0.028435679556690244,G2,,,
104460,2024-09-30,0.09488809390918121,G4,-0.014346418836023188,0.04051231962888627,-1.0414705196953093
105330,2024-09-30,0.018162535925599674,G1,-0.19304352742381747,0.0532440064722612,-4.148626480256156
105550,2024-09-30,0.18077547262928817,G4,0.14012638807940828,0.055234545377702955,2.0327934188591708
105740,2024-09-30,0.017219954013536806,G1,-0.08477163755552138,0.02898419858160923,-3.885482808170997
105760,2024-09-30,0.09160436908625588,G3,-0.1976834995408644,0.0283921503035964,-7.943373956224525
105840,2024-09-30,0.011494247904161335,G1,-0.1755599640575926,0.02939087375695071,-6.920717413221654
106080,2024-09-30,0.33656856357172393,G5,-0.2391888550746908,0.07761237061795731,-3.44062190976089
106240,2024-09-30,0.07541119395104869,G3,0.0001677279633342868,0.04605405754012012,-0.6009945975876112
107640,2024-09-30,0.03337133053720584,G2,-0.6171607197144483,0.049149887341274505,-13.123258716296746
108230,2024-09-30,0.18480953632353408,G4,-0.19564681261826972,0.023779246262633794,-9.39864863216447
108380,2024-09-30,0.0651614904252621,G3,0.08065335378691993,0.024012729840699437,2.1991413052705338
108490,2024-09-30,0.20522132050029632,G5,0.2171098384587183,0.03752587332777939,5.043556723213579
108860,2024-09-30,0.023616869769988204,G1,0.08033652063352333,0.04156375185112927,1.2628925579094878
109070,2024-09-30,0.061436694851954875,G3,,,
109610,2024-09-30,0.03463627770947009,G2,0.042200400691549754,0.04386434281925196,0.32724605059657147
109670,2024-09-30,0.041377696822158326,G2,-0.294561149109781,0.03723067341146465,-8.659717574499627
109740,2024-09-30,1.0894675962632734,G5,-0.15252136224299526,0.016650790505513446,-10.832358375129823
109860,2024-09-30,0.004911703749023003,G1,-0.10328524007507468,0.01013474095556832,-12.938782391370632
109960,2024-09-30,0.02224611127698993,G1,0.0298829168911271,0.047827169675955745,0.0425897907610383
110790,2024-09-30,0.0006551982992228824,G1,-0.03642121772022138,0.027109203540365272,-2.3706777429467376
110990,2024-09-30,0.193338766217791,G5,-0.1468619024759767,0.03910041273124701,-4.468184809678358
111110,2024-09-30,0.11169446616500263,G4,0.08705974550861516,0.03197150214475231,1.8520799397722019
111380,2024-09-30,0.06143183470019158,G3,-0.04380884913147987,0.02827925638058146,-2.533829599657317
111770,2024-09-30,0.09781296107262602,G4,0.06328434347339149,0.022400982956990008,1.58200092377633
112040,2024-09-30,0.24159448835719716,G5,0.08296404408346135,0.041063800717946526,1.3422546227543197
112240,2024-09-30,0.09938329577274527,G4,,,
112610,2024-09-30,0.13612595061243543,G4,-0.4592208256315336,0.03489171464470143,-13.959382573577074
113810,2024-09-30,0.014581428692474542,G1,0.9115502602553359,0.0996321202159122,8.869672657756654
114090,2024-09-30,0.061805467446609794,G3,-0.1098313574559172,0.01911618296303964,-7.202134728677067
114810,2024-09-30,0.1283975837542718,G4,-0.2527121608990458,0.028403659832088216,-9.87753445505036
114840,2024-09-30,0.18136909319964034,G4,-0.25192032062639275,0.04368871299648993,-6.4036285159236765
115160,2024-09-30,0.014038961960407579,G1,-0.33347690300121996,0.03552757307261847,-10.170209769313834
115180,2024-09-30,2.660334391302558,G5,-0.0012677282575828189,0.03428406221618659,-0.849190385198076
115310,2024-09-30,0.30627944186174744,G5,-0.0036083272196930152,0.01423999228516147,-2.2088702249091012
115390,2024-09-30,0.02827003787696767,G2,0.004683198605244901,0.001539519928869817,-15.045449365306157
115440,2024-09-30,0.11951465591097717,G4,0.3379213664208709,0.0480647369563334,6.451203487509721
115450,2024-09-30,0.12975146442289284,G4,0.2713989776458647,0.04739177097216996,5.139141351078686
115480,2024-09-30,0.07556010792175456,G3,-0.1230219439660865,0.01857488528073832,-8.122145005356675
115530,2024-09-30,0.08964622772439816,G3,-0.3058338659432206,0.0513207092179006,-6.501855464787088
115570,2024-09-30,0.026472967529658067,G2,-0.16760854743604545,0.06521722913466516,-2.996976685016663
115960,2024-09-30,0.014370615907958333,G1,,,
117580,2024-09-30,0.048285304099458054,G2,-0.1202916077395788,0.021424582418213475,-6.9143739929129024
117670,2024-09-30,0.006531446327781453,G1,,,
117730,2024-09-30,0.06571798580568168,G3,-0.09023707709707804,0.04014743670636533,-2.941234971055863
118000,2024-09-30,0.04221126120333125,G2,-0.22506065322443797,0.0184675926951981,-13.694617654857293
118990,2024-09-30,0.09813049669631574,G4,-0.2083519734066273,0.029393168169112156,-8.03581089964884
119610,2024-09-30,0.11979701622971023,G4,,,
119850,2024-09-30,0.17880902801565884,G4,0.4704802590481447,0.05898870780006179,7.50371228348463
119860,2024-09-30,0.06885628669149166,G3,,,
121440,2024-09-30,0.12056821252371228,G4,-0.1436193800043009,0.01412784947458243,-12.136691295778709
121600,2024-09-30,0.008052369077867312,G1,-0.44025872313447884,0.03580862866832227,-13.072399259190796
121800,2024-09-30,0.9717751114288927,G5,,,
121850,2024-09-30,0.35593703820701694,G5,0.629756932615748,0.08859205462698265,6.794186763227946
122310,2024-09-30,0.04290707606877681,G2,-0.12588518331559484,0.012863183136770493,-11.951252611655422
122450,2024-09-30,0.21119009873545977,G5,-0.21427283224078492,0.018178485612115127,-13.318975251786613
122640,2024-09-30,0.18613897320757267,G4,-0.33714760100878133,0.06524479905144316,-5.594217072581258
122690,2024-09-30,0.009922412823842207,G1,-0.241580438587084,0.019794408657746093,-13.611237950449485
122870,2024-09-30,0.04263896461882418,G2,0.22836882908957729,0.026830888700496554,7.473582540854518
122900,2024-09-30,0.012568742595770625,G1,-0.0502537899688967,0.008318169305452922,-9.389056034196656
122990,2024-09-30,0.052575975887506,G2,-0.21063695585285783,0.018001201349360056,-13.248167106539885
123010,2024-09-30,0.08013112923184405,G3,0.5316826749705054,0.08776893454774745,5.740490183966813
123040,2024-09-30,0.06822147535238976,G3,-0.3482587381298766,0.03203731317557594,-11.739583273123552
123330,2024-09-30,0.13725415079299644,G4,0.3886001399499194,0.06056436869145644,5.956541445116622
123410,2024-09-30,0.038185862154376846,G2,-0.3141946078758443,0.028032395670375618,-12.201617715436472
123570,2024-09-30,0.10303369636216146,G4,-0.11560099059438328,0.022006923813974493,-6.518264867406381
123690,2024-09-30,0.021354600778844546,G1,-0.19186189726553088,0.027560639746789437,-7.9717984424893595
123700,2024-09-30,0.06786128679654062,G3,-0.15270550811771658,0.013712857039072553,-13.166583400176929
123750,2024-09-30,0.33832188273517055,G5,-0.11338286424835102,0.01761031863022072,-8.019663639017098
123840,2024-09-30,0.2491401765123977,G5,-0.12677999054520625,0.06052347143957869,-2.5548098053414976
124500,2024-09-30,0.00821930104345398,G1,-0.11502797268320004,0.044795351431442205,-3.1894814050917613
124560,2024-09-30,0.0643439912384395,G3,-0.23018495434465172,0.0266994279890838,-9.664286522995342
125210,2024-09-30,0.02229413033285024,G1,-0.19886859963602105,0.03914661053819808,-5.791422661145472
126340,2024-09-30,0.17895842033694964,G4,-0.20753323531008347,0.04258361928798986,-5.527458844213472
126560,2024-09-30,0.0442077964234466,G2,-0.15053063042320147,0.02773771785126913,-6.430831805327323
126600,2024-09-30,0.0377030974891798,G2,-0.22541501228341454,0.02415020224985189,-10.486909277412085
126700,2024-09-30,0.12651130404778352,G4,0.0102852241076032,0.035888921631611476,-0.48930819974441686
126730,2024-09-30,0.06035826653083269,G3,-0.32485029748572486,0.03522721914415244,-10.01203824191744
126870,2024-09-30,0.019616371076607384,G1,,,
127120,2024-09-30,0.6061414581778916,G5,0.7037300667335843,0.03953829667782958,17.094416193468426
127710,2024-09-30,0.16380957356352774,G4,0.19454465417187727,0.025756582532800085,6.472080922135419
127980,2024-09-30,0.01967279736392654,G1,-0.1631851872242267,0.022851476818614092,-8.359685305352091
128540,2024-09-30,0.06452170890170807,G3,0.01804618707780522,0.07141580586662946,-0.13722145322327597
128660,2024-09-30,0.004016496236340174,G1,0.00694199456478319,0.03850931438395136,-0.54282901452704
128820,2024-09-30,0.01794106184367797,G1,-0.0773008929122148,0.02332019418473523,-4.508832980600847
129260,2024-09-30,0.04072564297568518,G2,0.11254135704720439,0.03994425598379978,2.120339638811119
129920,2024-09-30,0.11108457416586721,G4,-0.3340585877136247,0.025460641933957216,-14.214274580912392
130500,2024-09-30,0.12575463065557826,G4,-0.042175313119366765,0.05455243720188994,-1.283559167158097
130580,2024-09-30,0.15550121670050862,G4,-0.0770229125306526,0.009387677460516563,-11.170907896405039
130660,2024-09-30,0.015926097402500637,G1,-0.3182663878471112,0.029153101832801773,-11.872230871831842
130740,2024-09-30,0.05334845334816063,G3,-0.01576007928676964,0.05185898270422635,-0.8408581263039575
131180,2024-09-30,0.017504897971820987,G1,-0.19613043199850774,0.020980329170299437,-10.675542691556663
131220,2024-09-30,0.06318622430593918,G3,-0.06477466121247019,0.011586222543683983,-7.994031584081396
131370,2024-09-30,0.0006030929001092581,G1,-0.1405528639925029,0.02615573975339381,-6.438312711556474
131400,2024-09-30,0.065632502975418,G3,-0.23680808282195137,0.04028423053914665,-6.5696687518136
131970,2024-09-30,0.11194287149838597,G4,-0.18203906705805367,0.035670975360479806,-5.8839163403567225
133750,2024-09-30,0.13543872005832053,G4,-0.0432687007233738,0.038624836941591634,-1.8411642377377195
133820,2024-09-30,0.2216933205344865,G5,0.05032212791603114,0.033824520307884576,0.6644930946398795
134790,2024-09-30,0.007308496219308811,G1,-0.202465258090369,0.03332419764313377,-6.911230940912349
136410,2024-09-30,0.17130764512339045,G4,-0.04864321702463248,0.019631785988067835,-3.8961908413762223
136480,2024-09-30,0.07304788752376737,G3,-0.0037931769465934942,0.0105038770283973,-3.0121396702372207
136490,2024-09-30,0.05903752555303051,G3,-0.2329547862578716,0.018993358411800106,-13.731155298884792
136510,2024-09-30,0.16557055894741887,G4,,,
136540,2024-09-30,0.1979078474635009,G5,-0.023721818953348704,0.024429105808292963,-2.1109158517696716
137080,2024-09-30,0.5307229127169779,G5,0.0826076513812336,0.037540487987057516,1.4587365954906555
137400,2024-09-30,0.15416770909216235,G4,-0.3581426121966333,0.03275884080334102,-11.7827301111095
137940,2024-09-30,2.5371519474463766,G5,0.19041922410127635,0.06302717387423934,2.579415296071023
137950,2024-09-30,0.028471755421746705,G2,-0.245112675625446,0.03080727878077445,-8.860199737528381
138070,2024-09-30,0.019692081552112214,G1,0.0526142581047475,0.048969803838310094,0.5057870038563496
138080,2024-09-30,1.2433116768980763,G5,-0.019027545498019223,0.02156459932179188,-2.1736324677540915
138580,2024-09-30,0.179631535043195,G4,4.511951228829993e-05,0.0016291512274531393,-17.064620988628775
139050,2024-09-30,0.4666279014695965,G5,,,
139670,2024-09-30,0.029158813502325336,G2,0.04394880309499309,0.05239569798629943,0.30733124992949296
139990,2024-09-30,0.12152914765077055,G4,-0.2952402208434791,0.018940525616758793,-17.05793150215136
140070,2024-09-30,0.02441916111541994,G2,-0.1030178918515394,0.03783615051254233,-3.4586990965186777
140520,2024-09-30,0.002458194719826769,G1,-0.07636621227917031,0.01851926005086024,-5.627232391299836
140670,2024-09-30,0.013207899164881859,G1,0.22953197439086787,0.05155281947744628,3.912220683432601
140860,2024-09-30,0.21142487865726814,G5,0.12808069472404854,0.03486928683939532,2.874584944733308
141000,2024-09-30,0.20940425008974517,G5,0.06870930180741221,0.01658881397999491,2.4633065458902252
142210,2024-09-30,0.028436653988614117,G2,-0.11100526149024026,0.02847986908944844,-4.875416695072485
142760,2024-09-30,0.17039121921064673,G4,-0.24973565419584753,0.03184866394127277,-8.71564416170263
143160,2024-09-30,0.08030645345093419,G3,0.05707460724460263,0.018819377938763263,1.553114008219336
143210,2024-09-30,0.07139619051812277,G3,-0.14764525949117568,0.015798882671303232,-11.107825210441613
144510,2024-09-30,0.05998526238151971,G3,-0.2603575248256792,0.03300372406225993,-8.73245370807042
144960,2024-09-30,0.025830196361936713,G2,-0.14036549623800762,0.029791354898952765,-5.64631801911957
145210,2024-09-30,0.04422870293323363,G2,-0.4215971506466031,0.0576542918059272,-7.795484157561591
145270,2024-09-30,0.6080616479225792,G5,-0.0739790323524861,0.009438684003566107,-10.788050543481509
145720,2024-09-30,0.2573509145232888,G5,-0.2392103245150227,0.032140478341646406,-8.309032909162301
145990,2024-09-30,0.059040169129167236,G3,-0.041306200064705825,0.012696741975309862,-5.44644980114701
146060,2024-09-30,0.08905541054582126,G3,-0.15120203662401657,0.020218014633380355,-8.85586481228182
146320,2024-09-30,0.009819674875706428,G1,-0.5031548892970732,0.03154794711680587,-16.831550245503607
148250,2024-09-30,0.14150899414169602,G4,-0.08726570699050969,0.04885201190088505,-2.356334370956781
148930,2024-09-30,0.05608445285160911,G3,-0.2942222490502905,0.029888534080947285,-10.775644463524602
149980,2024-09-30,0.048057559484077056,G2,-0.047237618670453105,0.03817927693534969,-1.9666057725380772
150840,2024-09-30,0.008575698240609482,G1,,,
150900,2024-09-30,0.06305699108154043,G3,-0.03700482925085488,0.029912745452366843,-2.167998824984453
151860,2024-09-30,0.0031940319421557054,G1,-0.171821149990872,0.03168738399830503,-6.301154987849037
153490,2024-09-30,0.004035397462191259,G1,-0.1593133272331934,0.02590201239729171,-7.225666180080205
154030,2024-09-30,0.08939653172672105,G3,-0.20521165853841938,0.01980170818383925,-11.769571802424599
155650,2024-09-30,0.043104896621625276,G2,-0.19737729413793326,0.026900752683647847,-8.37237769992864
155660,2024-09-30,0.02142850872978198,G1,0.00011506118902941675,0.029942974108102986,-0.9261239866417172
156100,2024-09-30,0.1291395961128106,G4,0.006680802133446736,0.04876148265112932,-0.43405500525728063
158430,2024-09-30,0.25359985745193947,G5,0.42865766888623724,0.05834761685742964,6.86937569573186
159910,2024-09-30,0.43489676891137546,G5,-0.2127158339921698,0.030541043655260797,-7.876672599977366
160190,2024-09-30,0.023079351366422272,G1,0.4507390976672545,0.06295230371548884,6.717675207512224
160550,2024-09-30,0.08734978510750382,G3,-0.06313728386590237,0.03536528399708936,-2.572671312785894
160600,2024-09-30,0.04954416552966874,G2,,,
160980,2024-09-30,0.15739056869017928,G4,-0.2749010268574904,0.02668240150628209,-11.346317329350857
161000,2024-09-30,0.01415325022748425,G1,-0.4949835511038975,0.0286617592475171,-18.241361750714045
161580,2024-09-30,0.03972367795537688,G2,-0.03674180863812303,0.04794073873796414,-1.3472419925167238
162300,2024-09-30,0.019006138931158593,G1,0.014567544406282426,0.030362265580200443,-0.43733308703788054
163560,2024-09-30,0.0021257372692254873,G1,-0.09319128268115608,0.028176908374581,-4.295618554528214
163730,2024-09-30,0.005928829260610952,G1,-0.13490189126016086,0.0590071770243443,-2.7581027801915052
166090,2024-09-30,0.18915962869741793,G5,-0.3143712718422817,0.025898437568100115,-13.213817964282773
166480,2024-09-30,0.6853624455560244,G5,-0.8693997579569748,0.08562558662217648,-10.478710407649684
168330,2024-09-30,0.14737969600980988,G4,-0.19882149185420103,0.02586142166092795,-8.76469447689301
168360,2024-09-30,0.018057681817667537,G1,0.15271832267223612,0.05710798718516603,2.1866005279684697
169330,2024-09-30,0.1153728444708454,G4,-0.04124455939256519,0.018029921318880857,-3.831992714363615
170030,2024-09-30,0.038779399175506,G2,-0.1675500546449019,0.018026001790229337,-10.839676188912188
170790,2024-09-30,0.049196183210619075,G2,-0.0020025834038172744,0.015352551745368844,-1.9442078190524044
170900,2024-09-30,0.02269905861205397,G1,-0.17200191563659437,0.025142485057254062,-7.948612992050684
170920,2024-09-30,0.10502372913955227,G4,-0.07185471327993567,0.029106136829505462,-3.4254178631086005
171010,2024-09-30,0.0003469438071702504,G1,-0.3444201904673867,0.025343001473118926,-14.689110861796747
171090,2024-09-30,0.12166727249706069,G4,-0.1818333178279771,0.037223190865058,-5.633028246558568
172670,2024-09-30,0.48185825249169234,G5,0.03347647246815326,0.054665485217808826,0.10299926368134556
173940,2024-09-30,0.0465331295415798,G2,-0.24263835984247367,0.02256252048823988,-11.988214159202291
174880,2024-09-30,0.05063948494497968,G2,,,
175140,2024-09-30,0.01469492863756736,G1,-0.1573597014863149,0.05354716197771632,-3.4587392195560955
177350,2024-09-30,0.18428195477157525,G4,-0.31735410036476575,0.04313511475139527,-8.00276225289363
177830,2024-09-30,0.04334669366818861,G2,-0.03242653088861899,0.01642889923547698,-3.6686875831827193
178780,2024-09-30,0.1574175880378085,G4,,,
179530,2024-09-30,0.6456163451462094,G5,-0.47413660596756246,0.03870491178881125,-12.969479854353015
179900,2024-09-30,1.5705081304421393,G5,0.1786126918207595,0.03948604270040218,3.818228259103017
180640,2024-09-30,0.1702768230884998,G4,-0.068697072499665,0.026555217774076975,-3.635558219215402
182360,2024-09-30,0.08269572061587631,G3,0.14471338299497077,0.034854402245482516,3.353017344263378
183190,2024-09-30,0.11548032128097323,G4,-0.045461478146989504,0.015873257620649714,-4.618298753846118
183300,2024-09-30,0.22695251771526428,G5,-0.42498616955210067,0.02892201802329035,-15.657003495723536
184230,2024-09-30,0.15869840735208526,G4,-0.028756097754287713,0.02257191282141121,-2.5076326470006447
185490,2024-09-30,3.7526678601793804,G5,-0.1583145153578367,0.02243565427412726,-8.297528604478988
185750,2024-09-30,0.06304961296878417,G3,-0.17521408448482667,0.020182274555122923,-10.061306602095494
186230,2024-09-30,0.059173327334972894,G3,-0.33517800265939895,0.029728918942374317,-12.211139298573544
187270,2024-09-30,0.10971305612119167,G4,-0.14987355620259743,0.01827767577471909,-9.723310892205836
187420,2024-09-30,0.005471239061873843,G1,0.49808876745003217,0.06580209843670351,7.146319203793077
187660,2024-09-30,1.2609503502026629,G5,0.15175483061778972,0.05516135489394687,2.246298393396631
187870,2024-09-30,0.21217184832278696,G5,-0.2397309433643759,0.022439278414000924,-11.924488219699503
189300,2024-09-30,0.09197203244956109,G3,-0.3402667822712082,0.03712672008774517,-9.915035563150939
189690,2024-09-30,0.058920185891359715,G3,-0.160886479750774,0.015704400858127333,-12.017806295044789
189980,2024-09-30,0.13716785769153897,G4,-0.10727383850138772,0.02263117234446615,-5.97051731066699
190510,2024-09-30,0.04702351595144446,G2,0.008943583518111548,0.026502179947666453,-0.7132388453006598
191410,2024-09-30,0.18648144272339198,G4,-0.16739678518170073,0.020760456909270482,-9.404549898728456
191420,2024-09-30,0.07455029855874666,G3,-0.15629925268492886,0.039739992758766725,-4.6337507292635705
192080,2024-09-30,0.3860048159829978,G5,0.0843393990762375,0.01745983198394542,3.2356228505662936
192390,2024-09-30,0.12985673786742485,G4,0.13142152557295156,0.06894745964459542,1.5022389275097108
192410,2024-09-30,0.6955546624796374,G5,-0.40315596160660394,0.04440609150524958,-9.70591904711063
192440,2024-09-30,0.053477242356966645,G3,-0.15268994329831817,0.016259479985471954,-11.103424660663483
192650,2024-09-30,0.023211172460409227,G1,-0.1433695175213499,0.025519718145533384,-6.709144837998634
192820,2024-09-30,0.08193759575280067,G3,0.06307172661748467,0.03773118872374847,0.9335979084427223
194370,2024-09-30,0.11830220562124939,G4,-3.238578297902689e-05,0.025556159946704255,-1.0908662953688282
194700,2024-09-30,0.0717223736622083,G3,-0.22937898986603958,0.03510134607415712,-7.3280653415554715
195870,2024-09-30,0.07836678555633678,G3,-0.19542313993001387,0.03285850319389194,-6.79486543725013
195990,2024-09-30,0.12262348357535888,G4,0.02516858335332109,0.05016403485066368,-0.05337258848066842
196170,2024-09-30,1.6683547670866885,G5,0.029390719996439607,0.05314934615307678,0.02906436986176756
196700,2024-09-30,0.060454497326151074,G3,-0.11659422893839914,0.04724043913244338,-3.0575540645458825
197140,2024-09-30,0.016657405237628223,G1,-0.1813121051980883,0.0265747967050897,-7.870542727424329
198080,2024-09-30,0.08001925370171628,G3,-0.11821865264778267,0.029908272684141726,-4.883753131860605
198940,2024-09-30,0.07234088863580455,G3,-0.284832180164104,0.02303197182739884,-13.575830599709118
199480,2024-09-30,0.22629569006159603,G5,-0.17719977969610884,0.07821158952012357,-2.6216798392172653
199800,2024-09-30,11.491991385953908,G5,-0.380400166363769,0.03198786652888241,-12.76253087204462
200130,2024-09-30,0.027580486261036093,G2,-0.24700380621322235,0.023972289072678177,-11.46531201596476
200230,2024-09-30,0.17268057161411723,G4,0.011421682400287014,0.02579715089842084,-0.636670514752614
200350,2024-09-30,0.0262995440524592,G2,0.3795109314667189,0.09466027170111108,3.715021702400794
200880,2024-09-30,0.05571841287776184,G3,-0.17776847450154526,0.0268175383019466,-7.667163179871578
201490,2024-09-30,0.10111607642739118,G4,-0.22948095086833098,0.021548328497469932,-11.941850554231163
203400,2024-09-30,53.09297995707345,G5,-0.08328054197357912,0.026198777847825257,-4.241667697668543
203450,2024-09-30,0.03991294038312748,G2,0.049910040754631096,0.020180608450178338,1.0933304150450749
203650,2024-09-30,0.09482859538652946,G4,0.24532493783668985,0.0373968726304324,5.815432008017077
203690,2024-09-30,0.10530043165907925,G4,0.15022079025241442,0.03205057108042902,3.818179158286651
204020,2024-09-30,0.07728187203771436,G3,0.08898741867403089,0.014515522190649851,4.212142706893423
204210,2024-09-30,0.235916617215679,G5,-0.04101101356157652,0.042832177854759124,-1.607599350586401
204270,2024-09-30,0.7729906649359506,G5,-0.03197032462708721,0.04850894757635304,-1.2330981263790952
204630,2024-09-30,1.5917438862661886,G5,,,
205100,2024-09-30,0.04099075269064306,G2,0.08018255697128149,0.026873131698091905,1.9475433610539004
205470,2024-09-30,0.10492191117530456,G4,0.12285465838782374,0.06310138090843925,1.5056515289855041
205500,2024-09-30,0.21422984971209444,G5,1.0257444623311844,0.0735101539893138,13.574974890330305
206400,2024-09-30,0.2281457421668511,G5,-0.08138847936691715,0.033590352031815034,-3.2519589852881396
207760,2024-09-30,0.23632287362285806,G5,-0.18932616155553536,0.0356285481537217,-6.095452679139983
207940,2024-09-30,0.285220638993755,G5,-0.0173906471870398,0.019763813116430388,-2.2888606901149253
208140,2024-09-30,0.07076913160361654,G3,0.06755841848367128,0.022649837620822486,1.7533216531860385
208340,2024-09-30,3.752619389299209,G5,,,
208350,2024-09-30,0.06805035585997124,G3,-0.0007075262669339645,0.024235016024052418,-1.1781916702894306
208710,2024-09-30,0.050155422330562374,G2,-0.06883627204480773,0.031998723495948636,-3.0214405208690325
210540,2024-09-30,0.045911121532160565,G2,-0.10801015193506262,0.019046391212365538,-7.1329060798035
210980,2024-09-30,0.043736300137755896,G2,-0.17369609562833355,0.02291993171707952,-8.793309939055513
213420,2024-09-30,0.22855511554088115,G5,-0.0896654516153931,0.03363620282097993,-3.493599440541877
213500,2024-09-30,0.007801263707750569,G1,-0.08741925953363218,0.012312705698057667,-9.361486427288746
214150,2024-09-30,0.48727979639124697,G5,-0.08694892247814656,0.03623687361234616,-3.1679027128038606
214180,2024-09-30,0.17351231587934876,G4,-0.012203862455824872,0.014390806640266178,-2.7830149621841884
214260,2024-09-30,0.17694659601363813,G4,-0.16237811094339114,0.05617952178451441,-3.3860038790462057
214270,2024-09-30,0.033157144997967056,G2,-0.003302225615266035,0.03710433592770262,-0.8394758342500297
214310,2024-09-30,0.021753916272732297,G1,-1.5554959249247875,0.1328449924037426,-11.918717175688709
214320,2024-09-30,0.0896363967045463,G3,0.017710668280836006,0.012555892783671302,-0.8072145593884194
214330,2024-09-30,0.03311638662556143,G2,0.08178535413912948,0.03295806526387374,1.6366065776415124
214370,2024-09-30,0.6244188222597117,G5,0.44666285985336923,0.04044944462404877,10.354082633372691
214420,2024-09-30,0.08557178155700873,G3,-0.4541585662512461,0.03613049072739543,-13.340658382691396
214450,2024-09-30,0.3914778145544323,G5,0.34799862226250344,0.03603025243498904,8.885662266680852
214610,2024-09-30,2.323221975109457,G5,-0.10074684813461912,0.07556613575162646,-1.7017254435137208
214680,2024-09-30,0.09264405202239061,G3,-0.18030973196648387,0.03880031950405225,-5.364793444205526
214870,2024-09-30,0.866703077936845,G5,,,
215100,2024-09-30,0.14298951430779952,G4,0.13592134967104025,0.04755120247736633,2.272821217939695
215200,2024-09-30,0.21227697698038864,G5,0.009548962789029985,0.027079766127116517,-0.6756707154344161
215360,2024-09-30,0.026132133031595055,G2,-0.20474378520656794,0.01688237511625774,-13.777075283946232
215480,2024-09-30,0.016702063409563588,G1,0.01789830152919669,0.030422727918898072,-0.326981401511975
215600,2024-09-30,5.89254901707424,G5,-0.07790913104997606,0.03339172145907328,-3.167105323441643
215790,2024-09-30,0.47221994541746215,G5,-0.09507100549608742,0.03840704024504649,-3.2003760887009767
216050,2024-09-30,0.404530090384082,G5,0.08359359624777152,0.024382316466272803,2.286395904300142
216080,2024-09-30,0.01632837336562418,G1,-0.02664295425972063,0.038073763398367315,-1.4311409521442975
217190,2024-09-30,0.01115817809829237,G1,-0.13938082886869022,0.039473096507198366,-4.23647525549788
217270,2024-09-30,0.13601247263263883,G4,-0.03044850494331762,0.031467321407134416,-1.852540034501834
217330,2024-09-30,0.6550365637309531,G5,-0.296884322864078,0.06619435755203078,-4.905709528954422
217480,2024-09-30,0.26662500351032015,G5,,,
217500,2024-09-30,0.0776549564375672,G3,-0.25377221130099353,0.022913786675100575,-12.290337823077989
217730,2024-09-30,5.084962891574375,G5,0.26984769378340534,0.0596610222507795,4.056278570357684
217820,2024-09-30,0.6139615926231636,G5,-0.35059075512999005,0.030101485543535807,-12.572028125475473
218150,2024-09-30,0.029744407971190212,G2,-0.24300788125682027,0.04061705097352149,-6.668476477411595
218410,2024-09-30,0.04570494111930452,G2,0.12401598420435972,0.040715543632689574,2.3619976029304826
219420,2024-09-30,0.11085755260018881,G4,0.17293458339955933,0.050491172386902844,2.873544201862485
219750,2024-09-30,0.010742820848874441,G1,,,
220100,2024-09-30,0.5599072234760076,G5,-0.35142957964375504,0.05526646212298027,-6.862671009078117
220180,2024-09-30,0.14595217638273164,G4,-0.08021851064559732,0.021330045091146464,-5.066303325930965
222800,2024-09-30,0.0015708357868860945,G1,-0.5253070633793567,0.029511961176620263,-18.743350460880478
222980,2024-09-30,0.016446336965720516,G1,-0.2165815871404868,0.024062176864031507,-10.158164669124188
223250,2024-09-30,0.08008714623829902,G3,-0.13866721914218916,0.05015074781050934,-3.3202533193180215
223310,2024-09-30,0.2395908937609297,G5,0.19220651470695868,0.07105003353768764,2.313307098973291
224060,2024-09-30,0.030810829897127773,G2,-0.2563705687917559,0.026295682919518396,-10.808486602290412
224110,2024-09-30,0.019302245636013328,G1,0.5123607441495845,0.08331412447843906,5.8155178301494015
225190,2024-09-30,0.002497675729698923,G1,0.47411577369220376,0.07566832626733336,5.897709490409683
225220,2024-09-30,1.477861477209649,G5,-0.3160315713616684,0.024359486426522473,-14.116781162068833
225530,2024-09-30,0.11347607715541212,G4,0.07515311468541216,0.0420332849597593,1.1254687086380792
225570,2024-09-30,0.42002485672511625,G5,-0.13632451193132236,0.024998453061550033,-6.567225550678871
226330,2024-09-30,6853.827610318864,G5,0.01159923183476494,0.05871768514382278,-0.2766923775584113
226340,2024-09-30,0.024330105741509848,G2,-0.31241087667616124,0.03150022487342855,-10.801727472908114
226360,2024-09-30,0.12675427661213376,G4,,,
226400,2024-09-30,0.20053097788635438,G5,0.13421921674523388,0.035357283603565166,3.0085243593931668
227100,2024-09-30,1.0524373374818625,G5,-0.3131541501336501,0.07981357077494877,-4.272457861046055
227610,2024-09-30,0.02068268583084012,G1,-0.4694191084670168,0.029024051657455845,-17.132862154385407
227950,2024-09-30,0.23428683074185927,G5,-0.04646816230822472,0.05144420073585954,-1.4445579674126223
228670,2024-09-30,0.015159840956201246,G1,-0.348664548506823,0.034595867648046,-10.883106620684048
228760,2024-09-30,5.60365507691215,G5,0.3945632559761791,0.05949193757162793,6.164151029586458
228850,2024-09-30,0.05127791019112884,G2,-0.1291058882080908,0.01687381593516128,-9.301503379740767
229640,2024-09-30,0.05617938517964606,G3,0.1979363612919927,0.036997755633719216,4.5973165300610646
230240,2024-09-30,0.08864853088377656,G3,0.7520375050259575,0.04720024274399165,15.342962137121802
230360,2024-09-30,0.1533986148654156,G4,-0.033653056732067144,0.03186285313085749,-1.9301166854528813
234080,2024-09-30,0.16022763846284988,G4,0.004236279780883406,0.013160112949880926,-1.7940338392966215
234100,2024-09-30,0.025604420932492777,G2,-0.18727550295472511,0.0262989126129989,-8.179861801218784
234340,2024-09-30,0.1050305206397006,G4,-0.13094615989714123,0.02928910673489217,-5.421542182094181
234690,2024-09-30,0.11877127978841288,G4,-0.09258603965224359,0.03334039334282903,-3.612195157861927
236200,2024-09-30,0.2282759420151571,G5,-0.02012924310835539,0.016539017389031678,-2.9007292103161455
237880,2024-09-30,0.07317645342410417,G3,-0.5481274367466347,0.03574877511650128,-16.111696208094877
238120,2024-09-30,0.2047145346605226,G5,0.048925767911235804,0.04940401023541699,0.4266819650642154
238200,2024-09-30,0.6642190401071287,G5,-0.4334040102049664,0.0267043252314058,-17.27248203989239
239340,2024-09-30,0.21919386766569388,G5,0.07745532400751046,0.0648141519415397,0.7654093246536814
240600,2024-09-30,0.35245385607288937,G5,-0.4476796032849355,0.033212044437844826,-14.31786507201628
240810,2024-09-30,0.07837010369414756,G3,-0.30890846285482426,0.024945217626809596,-13.499759177680481
241520,2024-09-30,0.5041335472452603,G5,0.01611740187379191,0.02062103527357054,-0.5687670726782456
241560,2024-09-30,0.07037747460645052,G3,0.05555140048789857,0.028450776220523336,0.9738023501087266
241590,2024-09-30,0.0495042425839574,G2,0.05576499028097138,0.026959447538185487,1.0355932739159908
241690,2024-09-30,0.1036889101162536,G4,-0.27634120331124706,0.02391802329926368,-12.717905959333478
241710,2024-09-30,0.12009491712234366,G4,-0.45837402316865533,0.03871829796952333,-12.557886488019525
241770,2024-09-30,0.04397969054044933,G2,0.10205393608370722,0.0174494650797279,4.252736000943871
241820,2024-09-30,6.077977062058228,G5,-0.737651104257287,0.03924244345177233,-19.506865645101666
241840,2024-09-30,0.524927538391235,G5,0.07700875313046372,0.03159585673510362,1.5559883626737496
242040,2024-09-30,0.08196291238341928,G3,-0.05735126576351207,0.03778563348821405,-2.2547520218768313
247540,2024-09-30,0.07899308895229692,G3,-0.47632493756238353,0.03623632323016784,-13.913412299087272
248070,2024-09-30,0.05711997774030379,G3,-0.028492812223114488,0.02996582523091212,-1.8801010661615971
248170,2024-09-30,0.04525604152473342,G2,-0.11356273912591683,0.023622850705706532,-5.98609831766377
249420,2024-09-30,0.023109612043611324,G1,-0.14947062988163448,0.022463128626171842,-7.893673253376556
250000,2024-09-30,0.12835815061638597,G4,-0.018638167173737112,0.018848763902449536,-2.4661635721179374
250930,2024-09-30,0.060356302000546036,G3,-0.19922957081006018,0.05571665414243049,-4.075541542238238
251270,2024-09-30,0.10118089364047501,G4,-0.11758572426577409,0.027573331876742598,-5.274360481998096
251630,2024-09-30,0.006878161078026738,G1,-0.18127148161151035,0.030742959697437285,-6.802124825049871
253450,2024-09-30,0.010371060190275866,G1,0.1651696019413696,0.027793064277131577,4.940931767369942
253590,2024-09-30,0.31513238502505986,G5,-0.239630110354392,0.03589997828677538,-7.450591639908002
254120,2024-09-30,0.09420560391805317,G4,-0.47593150350060837,0.028247912936307178,-17.834148398094083
254490,2024-09-30,0.02235683718253754,G1,-0.3311694349164186,0.03566643807966612,-10.065916923255458
255220,2024-09-30,0.03767449325255255,G2,0.38466781634927727,0.07607507451530315,4.690391049640891
255440,2024-09-30,0.20868152743759785,G5,-0.04202630078574003,0.03415903403964643,-2.0454989578036304
256630,2024-09-30,0.00581067026305669,G1,-0.21338523314969268,0.01671302031687059,-14.433728692839715
256940,2024-09-30,0.03234668730445816,G2,-0.0894376606393216,0.024288194348729166,-4.8288327529540584
257720,2024-09-30,0.22818424737342846,G5,-0.24799684422437537,0.05579547887026402,-4.943820136532965
258610,2024-09-30,0.04096788407187967,G2,-0.2243693443761171,0.0405196745897482,-6.224514749234069
258790,2024-09-30,0.13819823476425516,G4,0.14898601672289782,0.04380398904309304,2.765502677433976
259630,2024-09-30,0.1603486944163561,G4,-0.2780499581464642,0.03130019660601862,-9.772971388607186
259960,2024-09-30,0.4510379874964769,G5,-0.07207712875049523,0.025414324560980105,-3.9317628234687643
260930,2024-09-30,0.019092187421722168,G1,-0.01584704638393402,0.03819016026773491,-1.144090881513888
261200,2024-09-30,0.050560724450853585,G2,-0.2239940396790349,0.021254280181870477,-11.848907856017885
262260,2024-09-30,0.015374878409918937,G1,-0.44759408093010616,0.028420754389891865,-16.728621701932614
262840,2024-09-30,0.1342200905298097,G4,-0.010956386054643148,0.030683710433631762,-1.2645913172889347
263020,2024-09-30,0.07821782754677063,G3,-0.08668141165065098,0.031350579724925304,-3.653118391987226
263050,2024-09-30,1.7840870670487756,G5,-0.22050882865786353,0.03332166398343696,-7.453253130553371
263600,2024-09-30,0.049926121914988984,G2,-0.2319661382467274,0.02801603567481463,-9.273692716711675
263690,2024-09-30,0.026928586234601714,G2,-0.28741611213798207,0.023913215183913494,-13.183592313090358
263720,2024-09-30,0.19586472438658406,G5,0.18014687987775327,0.03253727149497054,4.680813883221885
263810,2024-09-30,0.0016782856034537632,G1,-0.14626253946179327,0.018715542006302807,-9.3028835149468
263860,2024-09-30,0.2156487227905369,G5,-0.037902698377524004,0.021817701304389862,-3.0135468994724217
263920,2024-09-30,0.13309067221094553,G4,-0.07341104416520401,0.01227871345703843,-8.246548977743
264450,2024-09-30,0.1182936711582802,G4,-0.0407205674821142,0.019202807380163216,-3.5706516170588642
264660,2024-09-30,0.05074773924572942,G2,-0.33334163279479867,0.02727681033094731,-13.241562930360057
264850,2024-09-30,0.09408333623044211,G4,-0.24002989616359108,0.035960908554275806,-7.449084983523746
265520,2024-09-30,0.10861775025082139,G4,-0.19570716851268696,0.024729145068312024,-9.04006732287255
265560,2024-09-30,0.14224996314017221,G4,-0.26811613138599205,0.023953960371015506,-12.3554558220796
267250,2024-09-30,0.025998688624065965,G2,0.04470396484575139,0.018236609496133014,0.9244041282668568
267260,2024-09-30,0.20769204773892674,G5,0.1830568288209882,0.034229655673801,4.534397382146307
267270,2024-09-30,0.05263203862935218,G2,0.1426132277602562,0.03622328661863575,3.1683281869645854
267290,2024-09-30,0.005039442773950936,G1,-0.066727271378555,0.0081204312677385,-11.646332073053632
268280,2024-09-30,0.12655874202818598,G4,0.1064090105141456,0.011052253751791204,7.108327815897066
269620,2024-09-30,1.3307753068867363,G5,,,
270870,2024-09-30,0.31669259131723126,G5,-0.5426391822136535,0.0381295002933448,-14.961778821296608
271560,2024-09-30,0.17689046821662652,G4,0.05794195519811421,0.017282587027582737,1.7414052310655816
271830,2024-09-30,0.23492483101703412,G5,-0.39368509949063346,0.030841277896369337,-13.667756201573994
271980,2024-09-30,0.023258485201820438,G1,-0.25288738387516363,0.022833650457398814,-12.29472055468611
272110,2024-09-30,0.2698865464144929,G5,-0.18014709595368816,0.032789479573166545,-6.343286517601089
272550,2024-09-30,0.10992591743386758,G4,-0.045974268286870706,0.009743311231737575,-7.576503949534766
273060,2024-09-30,0.1547797049420566,G4,-0.27116018884762105,0.028923647284573462,-10.33777495789864
275630,2024-09-30,0.018457230481342263,G1,-0.04375912041111838,0.013773325996278315,-5.198823303274913
276730,2024-09-30,0.11202484062919402,G4,-0.04863956708704889,0.04430782734463428,-1.7262307680777498
277070,2024-09-30,0.42452386040546236,G5,-0.020742378630217394,0.05121993638291337,-0.9486217633874614
277410,2024-09-30,0.08619216319837925,G3,-0.0821124640009065,0.019012179581250475,-5.783578430496275
277880,2024-09-30,0.06669981136853062,G3,-0.2871258443981525,0.026336166166159688,-11.95966831895247
278470,2024-09-30,0.1564653728664379,G4,-0.017422304874311217,0.03933015233360831,-1.150981370025464
280360,2024-09-30,0.07051054192418657,G3,-0.2189417255402507,0.02250236884145835,-10.96718727796803
281740,2024-09-30,0.12191473462276552,G4,-0.4073243619514695,0.03409743808914808,-12.762552088389983
282330,2024-09-30,0.03919698043229122,G2,-0.09962230798331259,0.020495168316328524,-6.219430538840412
282720,2024-09-30,0.18931781133938355,G5,-0.15735563741229885,0.04818603808250184,-3.843470277368332
284620,2024-09-30,11.77898400462537,G5,-0.21245538394297755,0.07430730024586724,-3.2338861846656566
284740,2024-09-30,0.07684890115331731,G3,-0.10366443700733,0.01870208814905504,-7.031856747820444
285130,2024-09-30,0.029207409426201973,G2,-0.12179136646163968,0.025234971482156043,-5.929760384686211
285490,2024-09-30,0.20740070320585544,G5,0.20201596758781154,0.04983909311999662,3.494646249411688
285800,2024-09-30,0.09451300928391446,G4,-0.15838451473825144,0.02861860315478755,-6.507322578706389
286750,2024-09-30,2.728255671544639,G5,0.17503457828438343,0.05958807264555074,2.4701018846166374
286940,2024-09-30,0.028801541129279483,G2,-0.2030843368076316,0.025206509440559074,-9.161534447843213
287410,2024-09-30,0.25333501963005156,G5,0.0015570131878291996,0.00068348870246411,-38.46289552311467
288620,2024-09-30,0.18196209746909986,G4,-0.25018432170356203,0.027072727783961855,-10.269755292638274
288980,2024-09-30,0.22256137120772418,G5,-0.18195640883339126,0.03528893603972935,-5.945273508363213
289220,2024-09-30,0.6557702915251277,G5,-0.3506321155926367,0.041258379949143595,-9.173362691436175
290090,2024-09-30,0.42425373748008405,G5,-0.09762688058425992,0.034641020018486623,-3.6220887335082854
290270,2024-09-30,0.10173005248697353,G4,-0.1400976145463603,0.019361086914882905,-8.67428481813163
290520,2024-09-30,0.35647731846376535,G5,0.015108365290279119,0.03205546594114155,-0.3973613259917801
290550,2024-09-30,0.06145109396998541,G3,-0.2142934353243905,0.03291830864950697,-7.355766836154038
290650,2024-09-30,0.009426447615855357,G1,0.18864109392037656,0.03157481798823177,5.092511578004058
290660,2024-09-30,0.11763547348817686,G4,-0.006610558329967904,0.029474328972053782,-1.1690351323883736
290670,2024-09-30,0.6931241957926069,G5,0.004488286593924057,0.03872155579760244,-0.603221659535118
290720,2024-09-30,0.2607356726187815,G5,-0.23688291751517296,0.039496257627409,-6.702632126680173
290740,2024-09-30,0.005651803553111109,G1,-0.10444226833319131,0.015762645308934335,-8.392514928959624
293780,2024-09-30,6.869892903149469,G5,-0.1767693131744057,0.03527295242550839,-5.800911657408334
294090,2024-09-30,9.5095178597994,G5,-0.14579464668138784,0.11733743465335385,-1.4798398732365685
294570,2024-09-30,0.266174771194382,G5,0.0813200118872262,0.03989884567983898,1.3402403812477048
294870,2024-09-30,0.04359112976094505,G2,-0.18311501084219828,0.030525838240315677,-6.910898790832096
296640,2024-09-30,0.10814492196390768,G4,0.09417240386971679,0.045524776511445784,1.456930515872068
297890,2024-09-30,0.13603819784774546,G4,-0.4501829436639852,0.03536767262613309,-13.515984397930279
298040,2024-09-30,0.0972979303898006,G4,0.1557399487022434,0.03438667619491217,3.7192888383678975
298050,2024-09-30,0.05332654673826069,G3,-0.4732105915442044,0.03171298066443121,-15.799730860622544
298380,2024-09-30,1.8508357340604007,G5,0.026067198220696287,0.045894188636919866,-0.03875805573798163
298540,2024-09-30,0.025861797714529684,G2,-0.20631412091106072,0.024560730197758097,-9.533922109301551
299030,2024-09-30,0.2442424041695217,G5,-0.5224533770570816,0.039308394289618374,-13.999537624063038
299170,2024-09-30,0.054183434471888836,G3,-0.19881456451884189,0.024698302804240607,-9.177170352849533
299900,2024-09-30,0.0633726588823784,G3,0.13238445462958254,0.07516238736261324,1.3908351045758012
299910,2024-09-30,0.016467128356025883,G1,,,
300080,2024-09-30,0.1779045118979259,G4,0.15022133781718347,0.06558687796571597,1.8658514305135383
300120,2024-09-30,0.2533524910707855,G5,-0.05907219521796102,0.04151815359229093,-2.093497794083873
300720,2024-09-30,0.18813909337328094,G4,0.07175720080670442,0.024744109435209247,1.7746135976219917
302430,2024-09-30,0.06896795581011579,G3,-0.3293427801762921,0.02460323671157553,-14.517957621005797
302440,2024-09-30,0.6425804197062115,G5,-0.05000139313194164,0.03923128512958477,-1.9843183983583426
303530,2024-09-30,0.16562970437764815,G4,-0.07234977473257491,0.028980784743399404,-3.4573164033224026
306040,2024-09-30,0.09167838722117197,G3,-0.30179801675068196,0.019657460271710316,-16.769408658910976
306620,2024-09-30,0.04648665533235403,G2,0.3324737473569361,0.055572528364556104,5.481625338632078
307180,2024-09-30,0.023022297072598983,G1,-0.2393530390039315,0.027646657351843594,-9.664785270254345
307280,2024-09-30,0.2449271068131339,G5,-0.1696347288811717,0.022778900868114998,-8.669456782242415
307750,2024-09-30,6.0087971744948894e-05,G1,-0.19246162828881788,0.02672263072585837,-8.244233073114726
307870,2024-09-30,0.10632444540270376,G4,-0.2645031557567391,0.07464605056032539,-3.9164714181684928
308080,2024-09-30,7262.49074,G5,-0.28194829127081233,0.05862918704132789,-5.283959656380241
308170,2024-09-30,0.010913799290258626,G1,0.008845050623547197,0.028288424362986127,-0.6716852403858147
309930,2024-09-30,0.1576872008278486,G4,0.053688475417309256,0.035577308667181166,0.7263761269050855
309960,2024-09-30,0.1329846312034943,G4,-0.23572988142968537,0.024007545157858922,-10.978875492621482
310200,2024-09-30,0.1566651872350354,G4,-0.09759824297801283,0.02665300141686067,-4.70656976893388
310870,2024-09-30,0.011274510218523702,G1,0.36989150343947813,0.02000614300777935,17.09702542686708
311320,2024-09-30,0.13325383973846588,G4,0.020817823926486404,0.049360196129967254,-0.14238484379080868
311390,2024-09-30,0.2099888772116051,G5,-0.1767417598784145,0.03249527477066722,-6.295922378383053
314130,2024-09-30,1.6978044730687805,G5,-0.19617623165805917,0.05233629537348544,-4.280436698878165
317240,2024-09-30,0.027814102063573064,G2,,,
317330,2024-09-30,0.23303729871565887,G5,-0.3545764936672188,0.045429687523938396,-8.41789768436429
317400,2024-09-30,0.006621287054779322,G1,-0.263314249060632,0.01933148268970761,-15.061452940574798
317530,2024-09-30,0.16048917290192402,G4,0.3602642422822158,0.05434199614965447,6.117152443661089
317770,2024-09-30,0.03768230744038224,G2,0.02747337023369198,0.04173452242177498,-0.008927800933672325
317830,2024-09-30,0.010778052307242209,G1,-0.23422669904183613,0.03290370696271287,-7.964837125517727
317850,2024-09-30,0.01523737502996072,G1,0.011628847883684146,0.04221823015901434,-0.3841259995307663
317870,2024-09-30,0.31155180292794654,G5,-0.3102949487398391,0.019314606047837284,-17.507005612451373
318000,2024-09-30,0.01234832754448468,G1,-0.26381736238250514,0.02902422115825123,-10.04896319298905
318010,2024-09-30,0.05005561348560288,G2,-0.230666282922965,0.05734532350769358,-4.507991844011794
318160,2024-09-30,0.1665851273538259,G4,0.026201642356115506,0.039901545918730505,-0.04120956589423992
318410,2024-09-30,0.1708060682990607,G4,-0.14831346220526967,0.014433163211308834,-12.205185195243875
319400,2024-09-30,0.08664460696550245,G3,0.14807445526395296,0.020128622159098785,5.973011295642526
319660,2024-09-30,0.24680731121551444,G5,-0.3053326552940512,0.02532708457854771,-13.155032589822527
321260,2024-09-30,0.020620456691987695,G1,-0.0643883599764758,0.0340663895359046,-2.7074876138899313
321370,2024-09-30,1.2151332126556742,G5,-0.195986429955946,0.06222684981330268,-3.597038872599834
321820,2024-09-30,0.21797265159415943,G5,-0.03396500878857281,0.08390850391259529,-0.7366473438126692
322000,2024-09-30,0.034007385989878264,G2,-0.1900371128453288,0.03288754738708566,-6.625093626556748
322180,2024-09-30,0.15586802159481622,G4,-0.12060136156366222,0.029548574855513512,-5.023840575441447
322310,2024-09-30,0.14778711617214038,G4,-0.010008530209982124,0.05331491364918166,-0.7100170545338327
322780,2024-09-30,0.33867613051508993,G5,0.10197996861126975,0.05987983693115226,1.2380461382112806
323280,2024-09-30,0.08038998475475516,G3,0.06943694612072834,0.07820308581233644,0.5318329570600134
323990,2024-09-30,7.309406391798755,G5,-0.30335304599257307,0.02918052612442712,-11.350001446932813
326030,2024-09-30,0.14160835601456118,G4,0.09302047515480795,0.03020101384351159,2.1580238249807837
327260,2024-09-30,0.13048471303359926,G4,-0.297883271054327,0.041216674587161495,-7.90285101985698
328130,2024-09-30,0.9799883637380501,G5,0.5196958265550595,0.06642597614583301,7.404480706964792
331520,2024-09-30,0.12185765891695495,G4,-0.14634576257268067,0.022554919062177135,-7.723004007880582
331920,2024-09-30,0.3557969273692313,G5,-0.23455321596614914,0.033479286164154666,-7.837657661561138
332370,2024-09-30,0.28602863484963553,G5,-0.0075962184575656955,0.015513424231333362,-2.284614000815921
332570,2024-09-30,0.0714754221769389,G3,0.044102087059074487,0.022197155797849564,0.7323514537260621
333430,2024-09-30,0.2005563432671193,G5,0.46876324918270196,0.05739916407044501,7.681597608279386
335810,2024-09-30,0.2719206819102942,G5,-0.13565161461974798,0.04837156832909874,-3.3800347602814584
336060,2024-09-30,0.012634604334073185,G1,-0.22937273241837325,0.0368537550806383,-6.979443467768706
336260,2024-09-30,0.09333748614393374,G3,-0.13565404848265245,0.035759767376468354,-4.5721778473363
336370,2024-09-30,0.13854282140351326,G4,-0.39247952564379857,0.03037643466292007,-13.837222769886727
337930,2024-09-30,0.07070022072001696,G3,-0.6411567396341648,0.04245095427103547,-15.759426822415735
338220,2024-09-30,0.40280992754044187,G5,-0.27367958564437067,0.04500901589759503,-6.6992256411990905
339770,2024-09-30,0.05990610811432899,G3,0.2780808751794921,0.03711377617822693,6.742372595983881
339950,2024-09-30,0.27227532803807175,G5,0.16454443928689216,0.03877160224753888,3.5257369729576737
340810,2024-09-30,0.41667387700399044,G5,0.013390515281892461,0.0489601451668032,-0.2952493790775021
340930,2024-09-30,0.7653214519602928,G5,-0.6175928607773483,0.053938289925627984,-11.966245674626274
347000,2024-09-30,0.0023735325656010133,G1,-0.2089723930511393,0.02571020263074668,-9.211065513340806
347740,2024-09-30,0.154928498275518,G4,-0.209532549237258,0.022008430146861015,-10.785799595663116
347770,2024-09-30,0.18187095134960332,G4,-0.4272356363737829,0.031780908421651904,-14.31933908489782
347850,2024-09-30,3.6028207427204118,G5,0.272568230657505,0.051426421296521606,4.758687397369456
348150,2024-09-30,0.07680172710731838,G3,-0.1569778792931219,0.038573629122371125,-4.791456008682033
348210,2024-09-30,0.4144916679022515,G5,-0.003282956833596376,0.028064478374888773,-1.1091930574909614
348340,2024-09-30,0.911068239588018,G5,0.28480546361168335,0.04461929985067805,5.758931599771461
348350,2024-09-30,0.016538110008122574,G1,-0.2078074141268267,0.052873162853171424,-4.456956405713249
348370,2024-09-30,0.05291382329678155,G3,-0.23632900967811482,0.051201251588733586,-5.159541402268765
351320,2024-09-30,2.7252024490134756,G5,-0.271004977146667,0.02743105115358913,-10.894622419509442
352090,2024-09-30,0.20843897391472901,G5,-0.14999641223414728,0.016166238126678764,-11.000851192621841
352480,2024-09-30,0.096523892141229,G4,-0.6409171272822786,0.05030271822870989,-13.294770512869077
352700,2024-09-30,0.01474461316490744,G1,-0.04388515017371718,0.01822964665511533,-3.9348605747947696
352770,2024-09-30,5.516652868323178,G5,-0.17920932325954236,0.0668487137749069,-3.0973713525539885
352820,2024-09-30,0.10265350553966923,G4,0.15508740428000314,0.025252415838675428,5.038782718887062
352910,2024-09-30,0.22545727297098941,G5,-0.035155178924763004,0.018054109744100447,-3.4895737070217714
353190,2024-09-30,0.033684960836469185,G2,-0.17030090909182086,0.021349745201666222,-9.280994923456609
353200,2024-09-30,0.039621886095036404,G2,-0.16019683366801327,0.03327747153001254,-5.650753881356499
353590,2024-09-30,0.00010077742985110949,G1,-0.31990977732245135,0.026037513594887023,-13.355950590177532
353810,2024-09-30,0.08379008674061174,G3,0.11828029239984018,0.025090637222212653,3.604305616353319
354200,2024-09-30,1.9856904159502218,G5,-0.6685845224097099,0.0513696785049599,-13.557228902734964
354320,2024-09-30,0.03631880269701029,G2,-0.13283217403509984,0.058228653252801583,-2.759434278506253
355390,2024-09-30,1.7018184509245409,G5,0.2370377922949527,0.053643487764267056,3.8996685948590364
355690,2024-09-30,0.1699476375380788,G4,-0.45400537960999615,0.04138899667327911,-11.642015658306997
356860,2024-09-30,0.059632046853806374,G3,0.06125508471917163,0.04221643388521267,0.7913770516021372
356890,2024-09-30,0.20961630145279972,G5,-0.09246718432533271,0.020058574580449132,-5.998090820697501
357230,2024-09-30,0.02991106277216467,G2,-0.1977070256921318,0.015897726803587562,-14.187751256561272
357550,2024-09-30,0.2933327311208464,G5,-0.17374457429779172,0.01939430906008576,-10.394314198828992
357780,2024-09-30,0.18062342013402147,G4,-0.27719130319720997,0.023324233072825877,-13.078126512744038
359090,2024-09-30,0.1578918768694834,G4,-0.0794077042341592,0.028804820759985503,-3.723462571413989
360350,2024-09-30,0.14235526293659923,G4,-0.017063789296820217,0.03441760569680877,-1.3048483800521824
361610,2024-09-30,1.4381590960467558,G5,-0.43192318211709224,0.03661667176083304,-12.556279086807093
362320,2024-09-30,0.06738846028555996,G3,-0.33041450864052774,0.036638963797770596,-9.778127961256988
362990,2024-09-30,0.09239952391608985,G3,-0.030672736456951646,0.03607146102895856,-1.6222992506987082
363250,2024-09-30,2.632974768508669,G5,-0.05716834486593502,0.031096578064491506,-2.7338799925689075
363260,2024-09-30,0.022794780711586637,G1,0.07453026560296327,0.06977219126003427,0.6690960541434037
363280,2024-09-30,0.10246016723511307,G4,-0.2575080473137447,0.023576403546345083,-12.103373379012128
365340,2024-09-30,0.41708826531959436,G5,-0.4781615308974051,0.026289261071404123,-19.247688144028707
365900,2024-09-30,0.050489186296520626,G2,-0.24557640267767375,0.026261889679453972,-10.411374571934235
366030,2024-09-30,0.1188484767095954,G4,-0.2938594980256501,0.03174881321751496,-10.132834369698877
368600,2024-09-30,0.03966777688597532,G2,-0.24156335679995639,0.043895730757007465,-6.137483529622837
368770,2024-09-30,0.13923701599213897,G4,0.35700650930378935,0.05334131719129139,6.170836396510907
368970,2024-09-30,0.1241316788840076,G4,-0.2498961403553146,0.02322305663852246,-11.959756737471452
369370,2024-09-30,0.1286821384219707,G4,-0.007983873088625502,0.02431028751884443,-1.4738550830707786
372170,2024-09-30,0.02402528013309095,G2,-0.4607241266788393,0.03652385991538071,-13.37673771481724
372800,2024-09-30,0.09927544688638937,G4,-0.32641640177561043,0.021457019255173723,-16.5103253767238
372910,2024-09-30,0.014500390506239007,G1,-0.16977811505628176,0.025219241042327135,-7.836242274957108
373110,2024-09-30,5.904911838339765,G5,-0.6300680986813701,0.04835575857431332,-13.60570252273513
373200,2024-09-30,0.012519275544060552,G1,0.27568724673737416,0.07371761757546506,3.3620359304439327
373220,2024-09-30,0.06517435771651083,G3,-0.14550382631419836,0.030860628298544336,-5.6171829160169935
375500,2024-09-30,0.04343362713637727,G2,0.09144370281285302,0.021525280096773677,2.954560162980175
376300,2024-09-30,0.35755435515184836,G5,0.6721535410641513,0.053118300034676706,12.129672314467872
376900,2024-09-30,0.7548679609539233,G5,,,
377030,2024-09-30,0.5530584899417282,G5,-0.7450601949842428,0.06088468809903503,-12.694590164754874
377220,2024-09-30,0.2978787082665678,G5,-0.20231507361016127,0.02381177385875866,-9.665850293947624
377300,2024-09-30,0.04021047463469038,G2,0.13925803755802574,0.04778677237341032,2.3314416162176825
377330,2024-09-30,0.08125444621507415,G3,-0.3654933177490296,0.02766286769488813,-14.219035055561175
377460,2024-09-30,0.038276537523992245,G2,,,
377480,2024-09-30,1.0286651705939036,G5,0.5876119544327875,0.05630352931657405,9.94193425324181
378340,2024-09-30,0.038590306385367895,G2,-0.24936095811038805,0.04512030697854088,-6.143728720289127
378850,2024-09-30,0.03689660191951415,G2,-0.2513726357996497,0.027683398195582586,-10.086139048714758
380540,2024-09-30,0.3049950033545483,G5,0.2593290844732629,0.03888367464320772,5.9532212131541264
382150,2024-09-30,8.08728190154764,G5,-0.3314167366464148,0.04349595606793266,-8.25968059713984
382480,2024-09-30,0.055176963052420994,G3,-0.2422855492171768,0.019054026348300977,-14.177135688867121
382840,2024-09-30,0.010380407772903789,G1,-0.33398157773460124,0.04412940790248202,-8.199238618295308
382900,2024-09-30,0.12166911784822344,G4,-0.1879659941501207,0.026156366891759864,-8.250838611689767
383220,2024-09-30,0.24016329801572062,G5,-0.20119198195182572,0.03207124872837569,-7.1415351373928635
383310,2024-09-30,0.1014186520817654,G4,-0.41593343173601693,0.03968562102350431,-11.18237255793776
383800,2024-09-30,4.985180470951905,G5,-0.037344561095144786,0.009376551142547991,-6.952506080968844
388050,2024-09-30,0.07491300673606506,G3,0.13751549301228502,0.06999851216349649,1.5667408046358604
389030,2024-09-30,1.1781865692274993,G5,-0.12507370295295167,0.025649378155390326,-5.961925071573341
389260,2024-09-30,0.04959420020947151,G2,-0.22511449787780038,0.03258701386952098,-7.762615704298477
393210,2024-09-30,0.16496345476864205,G4,-0.5808143421461351,0.032941345550738556,-18.477093139700976
393890,2024-09-30,0.2964843746907587,G5,-0.5465730384053055,0.04036358235184135,-14.231120546738005
394280,2024-09-30,0.373943429389588,G5,0.10521000280616175,0.04306842534914521,1.7963051687414835
396470,2024-09-30,0.20001170229540433,G5,-0.2259871321789823,0.045594211227812015,-5.567222089941149
399720,2024-09-30,0.07733137451917192,G3,-0.041524308469514125,0.0426395687138468,-1.6268991057811109
402340,2024-09-30,2.5398446345589747,G5,0.0160793624676692,0.03409137086261595,-0.3451490795628094
402490,2024-09-30,0.07168275535855644,G3,0.17077326426808176,0.06025363585205197,2.372094140129451
403490,2024-09-30,0.11790628881798454,G4,-0.24932670848518762,0.02379761122063151,-11.6470797702093
403550,2024-09-30,0.03972479984613173,G2,0.021857647482060212,0.013265237443175513,-0.4514295568042043
405000,2024-09-30,3.0511780833108326,G5,-0.47066162273243567,0.040519436923514306,-12.302924925027188
405100,2024-09-30,0.10835857784750005,G4,-0.17410565772720393,0.036912342019383204,-5.471113844878542
405920,2024-09-30,0.04536798588271948,G2,-0.2684237450359231,0.03468648021876573,-8.54135994512276
406820,2024-09-30,0.07019760397382642,G3,-0.4249992282502583,0.03580729828588758,-12.646728953875579
407400,2024-09-30,0.01296820528920745,G1,0.25442139231617966,0.04780988771876058,4.739091334141245
408900,2024-09-30,0.18044476420195793,G4,-0.3028271880815723,0.05551495301056585,-5.956470066012171
408920,2024-09-30,0.22878462943393715,G5,-0.11829610339469086,0.01543671016875727,-9.467177237829262
412350,2024-09-30,1.0890948718233058,G5,-0.4422568601638128,0.03954423554740078,-11.888024168332871
412540,2024-09-30,0.030644877700103088,G2,-0.6509351374005143,0.032343608032887224,-20.986561068024944
413630,2024-09-30,0.09102016225341565,G3,-0.470185162245419,0.058228021120402575,-8.553117904479993
416180,2024-09-30,0.06626705644417774,G3,0.03606292209103593,0.03925140434523429,0.2093416652517332
417010,2024-09-30,0.20443544034451894,G5,-0.3416997851894868,0.058726789039823736,-6.292626567422686
417200,2024-09-30,0.031842801802375066,G2,-0.4175027586690967,0.03149875178140064,-14.138615063280108
417500,2024-09-30,0.16130511412519524,G4,-0.19214624695109717,0.03528825590297843,-6.234148134095363
417840,2024-09-30,0.05347658894729506,G3,-0.2878208335751304,0.03968882033978998,-7.9535445653091
417970,2024-09-30,0.10065296356005522,G4,-0.1307246648600247,0.02720793206319115,-5.828103077943434
418620,2024-09-30,3.405900286650067,G5,-0.8828427172920552,0.04776698274165231,-19.065233614596295
419120,2024-09-30,0.23722313970613573,G5,-0.16549458602698416,0.023302653686206896,-8.296932888950758
419530,2024-09-30,0.2200891166678589,G5,-0.1706131845531862,0.03667834881823972,-5.410798432573667
420570,2024-09-30,0.02039521954737027,G1,-0.6589748528449041,0.039873781313364234,-17.224873035972696
424960,2024-09-30,1.5254328885046144,G5,0.4145356845638288,0.05426344927936315,7.126154381213556
425040,2024-09-30,0.11652142374101913,G4,-0.1971436033648322,0.03656623681441839,-6.152932068143591
425420,2024-09-30,0.014089669281745928,G1,-0.06979593670254872,0.04645258100994505,-2.1019694131436957
430690,2024-09-30,0.30383864380404335,G5,-0.4550011914589155,0.044401640266180015,-10.874534280856906
432430,2024-09-30,0.3376636957059986,G5,-0.24454646792235318,0.031988497438126644,-8.51532449097243
432470,2024-09-30,0.04969770579812897,G2,-0.3887082518432067,0.040498574097332304,-10.285651504273114
434480,2024-09-30,0.06742641967023824,G3,-0.2866720196398806,0.0458430393134322,-6.86075775280591
437730,2024-09-30,0.07655860465153103,G3,0.3297325126051599,0.07820567822603211,3.8601614577231076
438700,2024-09-30,3.2761244197711274,G5,-0.37219929543485936,0.029770079366204894,-13.43782991828123
439090,2024-09-30,0.08894322213610519,G3,-0.32746653724640984,0.03614796647787233,-9.829391238531962
439580,2024-09-30,0.004965145543381761,G1,-0.6336982924764925,0.05327669468652163,-12.417141568389955
440110,2024-09-30,3.0257092339877603,G5,0.06019647896955504,0.04373808181170172,0.7396417466795375
441270,2024-09-30,0.010194077217914434,G1,-0.06907553328489031,0.04808994093203792,-2.015421502883483
443060,2024-09-30,0.18077242740299965,G4,0.4773937612104987,0.03348963812819007,13.423489132602901
443250,2024-09-30,0.1787443933088636,G4,0.3651376821327139,0.05589900438017408,6.033948513587605
443670,2024-09-30,0.0783681154788373,G3,0.1467050379727322,0.07006557480600831,1.696397561282895
445090,2024-09-30,0.3891077120464417,G5,0.36955531536728453,0.0749739454848508,4.557707953283513
445680,2024-09-30,3.4257076454490147,G5,0.052189377357317226,0.04059290352193081,0.5996961907942834
448280,2024-09-30,0.5682675335711175,G5,0.1834785187513619,0.05416893628273883,2.873095941871382
450140,2024-09-30,0.00413130065753376,G1,0.10767130559439919,0.06736856652898704,1.1849048000467226
450520,2024-09-30,0.016264654294466795,G1,0.11870082137104489,0.06385106431372212,1.422918389938004
451220,2024-09-30,0.08671542221149171,G3,-0.17325364054033307,0.03870759535073429,-5.195352655210953
451760,2024-09-30,0.00702839001114093,G1,0.18555245171215745,0.06028275706285654,2.6161126606366425
452160,2024-09-30,0.24841905552544877,G5,-0.3326911381232778,0.029975617185863036,-12.02767915101505
452190,2024-09-30,0.13771149496663157,G4,-0.3655515129759725,0.03936829151519011,-9.992749636242584
452260,2024-09-30,0.016946933448730665,G1,-0.22871942071483192,0.01709019824522682,-15.012429041215157
452400,2024-09-30,0.02047862982313664,G1,-0.24078878233610151,0.036294734752568496,-7.401479909121703
453340,2024-09-30,0.06369061827424226,G3,0.20655524433077135,0.01778078708059367,10.050695493895375
453450,2024-09-30,0.072990868439817,G3,-0.2906221550359769,0.040273233399321,-7.907686964694563
454910,2024-09-30,0.9555421402259872,G5,-0.16787972643216467,0.03102443156451061,-6.308760041811505
456040,2024-09-30,0.030097639520108216,G2,-0.3102071085765249,0.026819212446497244,-12.604884539128673
460930,2024-09-30,0.07662458755635115,G3,0.27381146647113436,0.05583710750295644,4.405054447280881
462520,2024-09-30,0.0870993205070898,G3,-0.08455413031626517,0.016903703478766623,-6.649436213749882
464500,2024-09-30,0.5394542055995537,G5,-0.7337482497188401,0.06766410069401785,-11.25551377538825
472850,2024-09-30,0.07372856622918521,G3,-0.3555023555376395,0.039418966606169344,-9.724971410579249
483650,2024-09-30,0.19063119951025567,G5,,,
487570,2024-09-30,0.02081359746913373,G1,-0.34064739136105293,0.019581680760712147,-18.81827017843728
489790,2024-09-30,0.038876403378849705,G2,0.04259930974952045,0.05630026259221481,0.2620474812780903
900070,2024-09-30,0.054272769053089046,G3,-0.11166429673577542,0.01708134326071013,-8.167405943922878
900100,2024-09-30,0.6920779915310812,G5,-0.2339520941404388,0.042886606656170674,-6.104424721248162
900110,2024-09-30,0.09164541201543405,G3,-0.16257149853767192,0.02546123654122122,-7.478720288047495
900120,2024-09-30,0.09343477657184954,G3,-0.3340454621446596,0.03160237286639941,-11.451400545665003
900140,2024-09-30,0.011480990471298644,G1,-0.36263958523937356,0.02993413806049983,-13.044823678974803
900250,2024-09-30,0.20440151606601736,G5,-0.2425329656223344,0.02264611939078527,-11.939305304302481
900260,2024-09-30,0.01894555753016339,G1,-0.1854069092271676,0.027864880012099986,-7.653105876519137
900270,2024-09-30,0.10916610108021405,G4,-0.2380114142679227,0.062115810537211595,-4.2800275760805135
900300,2024-09-30,0.4925781547814201,G5,8.335940054781913,1.1504720621187494,7.2214653102827215
900310,2024-09-30,0.03958342464187546,G2,-0.35701190810233663,0.026080845506087292,-14.75634199644509
900340,2024-09-30,0.06971718947806221,G3,0.04218659786721546,0.07865039431782883,0.18233386176462166
950110,2024-09-30,0.09304530647449799,G3,0.7549821772440382,0.041464950422110854,17.53616493206665
950140,2024-09-30,0.09897848178951951,G4,-0.5695325424047083,0.04829023093340948,-12.37058714774853
950170,2024-09-30,0.10663435485751352,G4,-0.132029154548962,0.020400463212040473,-7.8368378516296735
950190,2024-09-30,0.15609313602660527,G4,-0.1727041036023357,0.013737512174462634,-14.598718370352675
950200,2024-09-30,0.11659763591287205,G4,-0.07932292633024039,0.0254080437075124,-4.217912063827614
950220,2024-09-30,10.538799561438324,G5,-0.19348459922155584,0.02990061311800258,-7.402208312251378
