날짜,국고채(3년),국고채(10년),미국국채(10년)
1990-01-02,,,7.94
1990-01-03,,,7.99
1990-01-04,,,7.98
1990-01-05,,,7.99
1990-01-08,,,8.02
1990-01-09,,,8.02
1990-01-10,,,8.03
1990-01-11,,,8.04
1990-01-12,,,8.1
1990-01-16,,,8.2
1990-01-17,,,8.19
1990-01-18,,,8.32
1990-01-19,,,8.26
1990-01-22,,,8.27
1990-01-23,,,8.26
1990-01-24,,,8.38
1990-01-25,,,8.42
1990-01-26,,,8.49
1990-01-29,,,8.5
1990-01-30,,,8.51
1990-01-31,,,8.43
1990-02-01,,,8.42
1990-02-02,,,8.5
1990-02-05,,,8.53
1990-02-06,,,8.57
1990-02-07,,,8.52
1990-02-08,,,8.49
1990-02-09,,,8.31
1990-02-12,,,8.4
1990-02-13,,,8.35
1990-02-14,,,8.36
1990-02-15,,,8.43
1990-02-16,,,8.42
1990-02-20,,,8.62
1990-02-21,,,8.62
1990-02-22,,,8.54
1990-02-23,,,8.53
1990-02-26,,,8.46
1990-02-27,,,8.41
1990-02-28,,,8.51
1990-03-01,,,8.59
1990-03-02,,,8.54
1990-03-05,,,8.65
1990-03-06,,,8.59
1990-03-07,,,8.58
1990-03-08,,,8.57
1990-03-09,,,8.65
1990-03-12,,,8.63
1990-03-13,,,8.73
1990-03-14,,,8.65
1990-03-15,,,8.66
1990-03-16,,,8.59
1990-03-19,,,8.59
1990-03-20,,,8.54
1990-03-21,,,8.55
1990-03-22,,,8.53
1990-03-23,,,8.52
1990-03-26,,,8.51
1990-03-27,,,8.52
1990-03-28,,,8.51
1990-03-29,,,8.6
1990-03-30,,,8.65
1990-04-02,,,8.65
1990-04-03,,,8.63
1990-04-04,,,8.55
1990-04-05,,,8.57
1990-04-06,,,8.56
1990-04-09,,,8.59
1990-04-10,,,8.6
1990-04-11,,,8.63
1990-04-12,,,8.64
1990-04-16,,,8.68
1990-04-17,,,8.77
1990-04-18,,,8.86
1990-04-19,,,8.87
1990-04-20,,,8.95
1990-04-23,,,8.98
1990-04-24,,,9
1990-04-25,,,9.01
1990-04-26,,,9.07
1990-04-27,,,9.06
1990-04-30,,,9.04
1990-05-01,,,9.08
1990-05-02,,,9.09
1990-05-03,,,9.04
1990-05-04,,,8.84
1990-05-07,,,8.87
1990-05-08,,,8.84
1990-05-09,,,8.88
1990-05-10,,,8.82
1990-05-11,,,8.64
1990-05-14,,,8.61
1990-05-15,,,8.65
1990-05-16,,,8.68
1990-05-17,,,8.69
1990-05-18,,,8.75
1990-05-21,,,8.74
1990-05-22,,,8.65
1990-05-23,,,8.61
1990-05-24,,,8.63
1990-05-25,,,8.69
1990-05-29,,,8.66
1990-05-30,,,8.62
1990-05-31,,,8.6
1990-06-01,,,8.44
1990-06-04,,,8.44
1990-06-05,,,8.47
1990-06-06,,,8.46
1990-06-07,,,8.46
1990-06-08,,,8.46
1990-06-11,,,8.48
1990-06-12,,,8.48
1990-06-13,,,8.4
1990-06-14,,,8.38
1990-06-15,,,8.46
1990-06-18,,,8.5
1990-06-19,,,8.51
1990-06-20,,,8.55
1990-06-21,,,8.52
1990-06-22,,,8.51
1990-06-25,,,8.58
1990-06-26,,,8.56
1990-06-27,,,8.52
1990-06-28,,,8.47
1990-06-29,,,8.43
1990-07-02,,,8.43
1990-07-03,,,8.4
1990-07-05,,,8.42
1990-07-06,,,8.51
1990-07-09,,,8.57
1990-07-10,,,8.57
1990-07-11,,,8.57
1990-07-12,,,8.5
1990-07-13,,,8.45
1990-07-16,,,8.44
1990-07-17,,,8.44
1990-07-18,,,8.5
1990-07-19,,,8.51
1990-07-20,,,8.48
1990-07-23,,,8.48
1990-07-24,,,8.53
1990-07-25,,,8.49
1990-07-26,,,8.49
1990-07-27,,,8.42
1990-07-30,,,8.34
1990-07-31,,,8.36
1990-08-01,,,8.29
1990-08-02,,,8.41
1990-08-03,,,8.43
1990-08-06,,,8.71
1990-08-07,,,8.78
1990-08-08,,,8.77
1990-08-09,,,8.66
1990-08-10,,,8.68
1990-08-13,,,8.71
1990-08-14,,,8.66
1990-08-15,,,8.64
1990-08-16,,,8.76
1990-08-17,,,8.8
1990-08-20,,,8.81
1990-08-21,,,8.84
1990-08-22,,,8.91
1990-08-23,,,9
1990-08-24,,,9.05
1990-08-27,,,8.9
1990-08-28,,,8.94
1990-08-29,,,8.84
1990-08-30,,,8.86
1990-08-31,,,8.86
1990-09-04,,,8.9
1990-09-05,,,8.86
1990-09-06,,,8.84
1990-09-07,,,8.81
1990-09-10,,,8.85
1990-09-11,,,8.83
1990-09-12,,,8.82
1990-09-13,,,8.82
1990-09-14,,,8.87
1990-09-17,,,8.9
1990-09-18,,,8.9
1990-09-19,,,8.88
1990-09-20,,,8.91
1990-09-21,,,8.99
1990-09-24,,,9.04
1990-09-25,,,9.02
1990-09-26,,,9
1990-09-27,,,8.91
1990-09-28,,,8.82
1990-10-01,,,8.71
1990-10-02,,,8.69
1990-10-03,,,8.71
1990-10-04,,,8.67
1990-10-05,,,8.65
1990-10-09,,,8.83
1990-10-10,,,8.89
1990-10-11,,,8.92
1990-10-12,,,8.84
1990-10-15,,,8.8
1990-10-16,,,8.79
1990-10-17,,,8.76
1990-10-18,,,8.71
1990-10-19,,,8.62
1990-10-22,,,8.63
1990-10-23,,,8.65
1990-10-24,,,8.66
1990-10-25,,,8.62
1990-10-26,,,8.63
1990-10-29,,,8.7
1990-10-30,,,8.7
1990-10-31,,,8.65
1990-11-01,,,8.57
1990-11-02,,,8.57
1990-11-05,,,8.5
1990-11-06,,,8.52
1990-11-07,,,8.57
1990-11-08,,,8.58
1990-11-09,,,8.49
1990-11-13,,,8.37
1990-11-14,,,8.36
1990-11-15,,,8.37
1990-11-16,,,8.3
1990-11-19,,,8.35
1990-11-20,,,8.31
1990-11-21,,,8.27
1990-11-23,,,8.28
1990-11-26,,,8.27
1990-11-27,,,8.28
1990-11-28,,,8.3
1990-11-29,,,8.32
1990-11-30,,,8.26
1990-12-03,,,8.22
1990-12-04,,,8.2
1990-12-05,,,8.16
1990-12-06,,,8.18
1990-12-07,,,8.03
1990-12-10,,,7.98
1990-12-11,,,7.94
1990-12-12,,,7.91
1990-12-13,,,7.98
1990-12-14,,,8.05
1990-12-17,,,8.02
1990-12-18,,,7.99
1990-12-19,,,8
1990-12-20,,,8.05
1990-12-21,,,8.11
1990-12-24,,,8.2
1990-12-26,,,8.15
1990-12-27,,,8.11
1990-12-28,,,8.14
1990-12-31,,,8.08
1991-01-02,,,7.97
1991-01-03,,,7.93
1991-01-04,,,8.02
1991-01-07,,,8.13
1991-01-08,,,8.16
1991-01-09,,,8.25
1991-01-10,,,8.16
1991-01-11,,,8.2
1991-01-14,,,8.23
1991-01-15,,,8.22
1991-01-16,,,8.24
1991-01-17,,,8.05
1991-01-18,,,8.03
1991-01-22,,,8.07
1991-01-23,,,8.04
1991-01-24,,,8
1991-01-25,,,8.06
1991-01-28,,,8.06
1991-01-29,,,8.03
1991-01-30,,,8.05
1991-01-31,,,8.03
1991-02-01,,,7.91
1991-02-04,,,7.88
1991-02-05,,,7.85
1991-02-06,,,7.79
1991-02-07,,,7.82
1991-02-08,,,7.77
1991-02-11,,,7.78
1991-02-12,,,7.78
1991-02-13,,,7.78
1991-02-14,,,7.8
1991-02-15,,,7.78
1991-02-19,,,7.8
1991-02-20,,,7.84
1991-02-21,,,7.88
1991-02-22,,,7.91
1991-02-25,,,7.91
1991-02-26,,,7.96
1991-02-27,,,7.98
1991-02-28,,,8.02
1991-03-01,,,8.12
1991-03-04,,,8.12
1991-03-05,,,8.08
1991-03-06,,,8.11
1991-03-07,,,8.07
1991-03-08,,,8.13
1991-03-11,,,8.06
1991-03-12,,,8.09
1991-03-13,,,8.02
1991-03-14,,,8.02
1991-03-15,,,8.1
1991-03-18,,,8.15
1991-03-19,,,8.25
1991-03-20,,,8.2
1991-03-21,,,8.16
1991-03-22,,,8.13
1991-03-25,,,8.13
1991-03-26,,,8.13
1991-03-27,,,8.08
1991-03-28,,,8.05
1991-04-01,,,8.07
1991-04-02,,,8.03
1991-04-03,,,8.05
1991-04-04,,,8
1991-04-05,,,7.99
1991-04-08,,,7.98
1991-04-09,,,8.03
1991-04-10,,,8.1
1991-04-11,,,8.09
1991-04-12,,,7.98
1991-04-15,,,7.95
1991-04-16,,,7.97
1991-04-17,,,7.95
1991-04-18,,,8.02
1991-04-19,,,8.1
1991-04-22,,,8.15
1991-04-23,,,8.12
1991-04-24,,,8.06
1991-04-25,,,8.07
1991-04-26,,,8.06
1991-04-29,,,8.07
1991-04-30,,,8.02
1991-05-01,,,8.01
1991-05-02,,,7.97
1991-05-03,,,8.04
1991-05-06,,,8.05
1991-05-07,,,8.06
1991-05-08,,,8.04
1991-05-09,,,8.02
1991-05-10,,,8.12
1991-05-13,,,8.07
1991-05-14,,,8.14
1991-05-15,,,8.13
1991-05-16,,,8.12
1991-05-17,,,8.08
1991-05-20,,,8.1
1991-05-21,,,8.06
1991-05-22,,,8.06
1991-05-23,,,8.1
1991-05-24,,,8.1
1991-05-28,,,8.07
1991-05-29,,,8.07
1991-05-30,,,8.02
1991-05-31,,,8.06
1991-06-03,,,8.14
1991-06-04,,,8.14
1991-06-05,,,8.19
1991-06-06,,,8.23
1991-06-07,,,8.29
1991-06-10,,,8.29
1991-06-11,,,8.29
1991-06-12,,,8.36
1991-06-13,,,8.34
1991-06-14,,,8.29
1991-06-17,,,8.3
1991-06-18,,,8.32
1991-06-19,,,8.33
1991-06-20,,,8.3
1991-06-21,,,8.32
1991-06-24,,,8.33
1991-06-25,,,8.33
1991-06-26,,,8.33
1991-06-27,,,8.32
1991-06-28,,,8.24
1991-07-01,,,8.26
1991-07-02,,,8.27
1991-07-03,,,8.26
1991-07-05,,,8.34
1991-07-08,,,8.34
1991-07-09,,,8.36
1991-07-10,,,8.35
1991-07-11,,,8.3
1991-07-12,,,8.26
1991-07-15,,,8.26
1991-07-16,,,8.27
1991-07-17,,,8.3
1991-07-18,,,8.31
1991-07-19,,,8.28
1991-07-22,,,8.28
1991-07-23,,,8.31
1991-07-24,,,8.24
1991-07-25,,,8.2
1991-07-26,,,8.2
1991-07-29,,,8.2
1991-07-30,,,8.21
1991-07-31,,,8.2
1991-08-01,,,8.2
1991-08-02,,,8.06
1991-08-05,,,8.04
1991-08-06,,,7.97
1991-08-07,,,7.93
1991-08-08,,,7.98
1991-08-09,,,7.98
1991-08-12,,,7.95
1991-08-13,,,7.91
1991-08-14,,,7.82
1991-08-15,,,7.84
1991-08-16,,,7.84
1991-08-19,,,7.83
1991-08-20,,,7.81
1991-08-21,,,7.8
1991-08-22,,,7.78
1991-08-23,,,7.88
1991-08-26,,,7.91
1991-08-27,,,7.89
1991-08-28,,,7.82
1991-08-29,,,7.74
1991-08-30,,,7.82
1991-09-03,,,7.81
1991-09-04,,,7.81
1991-09-05,,,7.83
1991-09-06,,,7.76
1991-09-09,,,7.73
1991-09-10,,,7.73
1991-09-11,,,7.74
1991-09-12,,,7.67
1991-09-13,,,7.66
1991-09-16,,,7.63
1991-09-17,,,7.62
1991-09-18,,,7.62
1991-09-19,,,7.61
1991-09-20,,,7.57
1991-09-23,,,7.55
1991-09-24,,,7.56
1991-09-25,,,7.58
1991-09-26,,,7.56
1991-09-27,,,7.49
1991-09-30,,,7.47
1991-10-01,,,7.45
1991-10-02,,,7.47
1991-10-03,,,7.47
1991-10-04,,,7.39
1991-10-07,,,7.4
1991-10-08,,,7.43
1991-10-09,,,7.51
1991-10-10,,,7.58
1991-10-11,,,7.49
1991-10-15,,,7.46
1991-10-16,,,7.45
1991-10-17,,,7.55
1991-10-18,,,7.53
1991-10-21,,,7.62
1991-10-22,,,7.67
1991-10-23,,,7.69
1991-10-24,,,7.65
1991-10-25,,,7.68
1991-10-28,,,7.65
1991-10-29,,,7.51
1991-10-30,,,7.48
1991-10-31,,,7.47
1991-11-01,,,7.48
1991-11-04,,,7.5
1991-11-05,,,7.56
1991-11-06,,,7.51
1991-11-07,,,7.43
1991-11-08,,,7.41
1991-11-12,,,7.37
1991-11-13,,,7.41
1991-11-14,,,7.35
1991-11-15,,,7.33
1991-11-18,,,7.33
1991-11-19,,,7.37
1991-11-20,,,7.38
1991-11-21,,,7.39
1991-11-22,,,7.44
1991-11-25,,,7.45
1991-11-26,,,7.42
1991-11-27,,,7.42
1991-11-29,,,7.38
1991-12-02,,,7.32
1991-12-03,,,7.28
1991-12-04,,,7.17
1991-12-05,,,7.21
1991-12-06,,,7.26
1991-12-09,,,7.22
1991-12-10,,,7.21
1991-12-11,,,7.22
1991-12-12,,,7.19
1991-12-13,,,7.22
1991-12-16,,,7.21
1991-12-17,,,7.18
1991-12-18,,,7.19
1991-12-19,,,7.11
1991-12-20,,,6.97
1991-12-23,,,6.88
1991-12-24,,,6.88
1991-12-26,,,6.85
1991-12-27,,,6.82
1991-12-30,,,6.76
1991-12-31,,,6.71
1992-01-02,,,6.78
1992-01-03,,,6.85
1992-01-06,,,6.82
1992-01-07,,,6.76
1992-01-08,,,6.77
1992-01-09,,,6.79
1992-01-10,,,6.85
1992-01-13,,,6.92
1992-01-14,,,7.03
1992-01-15,,,7.05
1992-01-16,,,7.13
1992-01-17,,,7.09
1992-01-21,,,7.03
1992-01-22,,,7.09
1992-01-23,,,7.2
1992-01-24,,,7.25
1992-01-27,,,7.24
1992-01-28,,,7.16
1992-01-29,,,7.25
1992-01-30,,,7.31
1992-01-31,,,7.31
1992-02-03,,,7.36
1992-02-04,,,7.29
1992-02-05,,,7.21
1992-02-06,,,7.2
1992-02-07,,,7.2
1992-02-10,,,7.21
1992-02-11,,,7.23
1992-02-12,,,7.3
1992-02-13,,,7.4
1992-02-14,,,7.41
1992-02-18,,,7.47
1992-02-19,,,7.42
1992-02-20,,,7.41
1992-02-21,,,7.45
1992-02-24,,,7.47
1992-02-25,,,7.44
1992-02-26,,,7.33
1992-02-27,,,7.35
1992-02-28,,,7.27
1992-03-02,,,7.38
1992-03-03,,,7.43
1992-03-04,,,7.43
1992-03-05,,,7.51
1992-03-06,,,7.48
1992-03-09,,,7.42
1992-03-10,,,7.43
1992-03-11,,,7.51
1992-03-12,,,7.62
1992-03-13,,,7.71
1992-03-16,,,7.69
1992-03-17,,,7.62
1992-03-18,,,7.62
1992-03-19,,,7.57
1992-03-20,,,7.64
1992-03-23,,,7.62
1992-03-24,,,7.53
1992-03-25,,,7.53
1992-03-26,,,7.57
1992-03-27,,,7.54
1992-03-30,,,7.54
1992-03-31,,,7.54
1992-04-01,,,7.46
1992-04-02,,,7.47
1992-04-03,,,7.42
1992-04-06,,,7.41
1992-04-07,,,7.41
1992-04-08,,,7.44
1992-04-09,,,7.35
1992-04-10,,,7.37
1992-04-13,,,7.33
1992-04-14,,,7.35
1992-04-15,,,7.37
1992-04-16,,,7.45
1992-04-20,,,7.59
1992-04-21,,,7.58
1992-04-22,,,7.57
1992-04-23,,,7.59
1992-04-24,,,7.55
1992-04-27,,,7.6
1992-04-28,,,7.57
1992-04-29,,,7.6
1992-04-30,,,7.61
1992-05-01,,,7.56
1992-05-04,,,7.58
1992-05-05,,,7.56
1992-05-06,,,7.46
1992-05-07,,,7.49
1992-05-08,,,7.41
1992-05-11,,,7.4
1992-05-12,,,7.36
1992-05-13,,,7.34
1992-05-14,,,7.34
1992-05-15,,,7.28
1992-05-18,,,7.28
1992-05-19,,,7.2
1992-05-20,,,7.25
1992-05-21,,,7.39
1992-05-22,,,7.35
1992-05-26,,,7.46
1992-05-27,,,7.44
1992-05-28,,,7.36
1992-05-29,,,7.33
1992-06-01,,,7.39
1992-06-02,,,7.35
1992-06-03,,,7.34
1992-06-04,,,7.34
1992-06-05,,,7.31
1992-06-08,,,7.31
1992-06-09,,,7.33
1992-06-10,,,7.35
1992-06-11,,,7.33
1992-06-12,,,7.29
1992-06-15,,,7.28
1992-06-16,,,7.24
1992-06-17,,,7.23
1992-06-18,,,7.19
1992-06-19,,,7.24
1992-06-22,,,7.24
1992-06-23,,,7.25
1992-06-24,,,7.2
1992-06-25,,,7.14
1992-06-26,,,7.15
1992-06-29,,,7.12
1992-06-30,,,7.14
1992-07-01,,,7.1
1992-07-02,,,6.93
1992-07-06,,,6.9
1992-07-07,,,6.87
1992-07-08,,,6.91
1992-07-09,,,6.91
1992-07-10,,,6.93
1992-07-13,,,6.97
1992-07-14,,,6.97
1992-07-15,,,6.9
1992-07-16,,,6.87
1992-07-17,,,6.9
1992-07-20,,,6.9
1992-07-21,,,6.89
1992-07-22,,,6.85
1992-07-23,,,6.72
1992-07-24,,,6.73
1992-07-27,,,6.69
1992-07-28,,,6.63
1992-07-29,,,6.6
1992-07-30,,,6.69
1992-07-31,,,6.72
1992-08-03,,,6.72
1992-08-04,,,6.66
1992-08-05,,,6.64
1992-08-06,,,6.65
1992-08-07,,,6.57
1992-08-10,,,6.52
1992-08-11,,,6.5
1992-08-12,,,6.48
1992-08-13,,,6.55
1992-08-14,,,6.53
1992-08-17,,,6.56
1992-08-18,,,6.48
1992-08-19,,,6.47
1992-08-20,,,6.46
1992-08-21,,,6.53
1992-08-24,,,6.68
1992-08-25,,,6.73
1992-08-26,,,6.68
1992-08-27,,,6.64
1992-08-28,,,6.63
1992-08-31,,,6.62
1992-09-01,,,6.56
1992-09-02,,,6.54
1992-09-03,,,6.54
1992-09-04,,,6.4
1992-09-08,,,6.29
1992-09-09,,,6.31
1992-09-10,,,6.31
1992-09-11,,,6.37
1992-09-14,,,6.32
1992-09-15,,,6.4
1992-09-16,,,6.41
1992-09-17,,,6.4
1992-09-18,,,6.41
1992-09-21,,,6.42
1992-09-22,,,6.5
1992-09-23,,,6.54
1992-09-24,,,6.48
1992-09-25,,,6.41
1992-09-28,,,6.37
1992-09-29,,,6.37
1992-09-30,,,6.37
1992-10-01,,,6.23
1992-10-02,,,6.26
1992-10-05,,,6.24
1992-10-06,,,6.3
1992-10-07,,,6.46
1992-10-08,,,6.41
1992-10-09,,,6.52
1992-10-13,,,6.51
1992-10-14,,,6.51
1992-10-15,,,6.53
1992-10-16,,,6.6
1992-10-19,,,6.69
1992-10-20,,,6.86
1992-10-21,,,6.8
1992-10-22,,,6.74
1992-10-23,,,6.83
1992-10-26,,,6.83
1992-10-27,,,6.78
1992-10-28,,,6.76
1992-10-29,,,6.71
1992-10-30,,,6.8
1992-11-02,,,6.88
1992-11-03,,,6.87
1992-11-04,,,6.89
1992-11-05,,,6.87
1992-11-06,,,6.97
1992-11-09,,,7
1992-11-10,,,6.91
1992-11-12,,,6.79
1992-11-13,,,6.82
1992-11-16,,,6.9
1992-11-17,,,6.86
1992-11-18,,,6.78
1992-11-19,,,6.81
1992-11-20,,,6.84
1992-11-23,,,6.86
1992-11-24,,,6.82
1992-11-25,,,6.84
1992-11-27,,,6.93
1992-11-30,,,6.95
1992-12-01,,,6.94
1992-12-02,,,6.93
1992-12-03,,,6.91
1992-12-04,,,6.84
1992-12-07,,,6.78
1992-12-08,,,6.73
1992-12-09,,,6.76
1992-12-10,,,6.77
1992-12-11,,,6.8
1992-12-14,,,6.83
1992-12-15,,,6.83
1992-12-16,,,6.77
1992-12-17,,,6.77
1992-12-18,,,6.76
1992-12-21,,,6.71
1992-12-22,,,6.65
1992-12-23,,,6.68
1992-12-24,,,6.69
1992-12-28,,,6.72
1992-12-29,,,6.69
1992-12-30,,,6.68
1992-12-31,,,6.7
1993-01-04,,,6.6
1993-01-05,,,6.61
1993-01-06,,,6.63
1993-01-07,,,6.76
1993-01-08,,,6.75
1993-01-11,,,6.71
1993-01-12,,,6.72
1993-01-13,,,6.71
1993-01-14,,,6.65
1993-01-15,,,6.6
1993-01-19,,,6.59
1993-01-20,,,6.61
1993-01-21,,,6.6
1993-01-22,,,6.57
1993-01-25,,,6.48
1993-01-26,,,6.5
1993-01-27,,,6.48
1993-01-28,,,6.44
1993-01-29,,,6.39
1993-02-01,,,6.38
1993-02-02,,,6.46
1993-02-03,,,6.45
1993-02-04,,,6.39
1993-02-05,,,6.32
1993-02-08,,,6.37
1993-02-09,,,6.41
1993-02-10,,,6.4
1993-02-11,,,6.37
1993-02-12,,,6.35
1993-02-16,,,6.34
1993-02-17,,,6.28
1993-02-18,,,6.17
1993-02-19,,,6.15
1993-02-22,,,6.09
1993-02-23,,,5.92
1993-02-24,,,6.01
1993-02-25,,,6.03
1993-02-26,,,6.03
1993-03-01,,,5.94
1993-03-02,,,5.95
1993-03-03,,,5.88
1993-03-04,,,5.83
1993-03-05,,,5.9
1993-03-08,,,5.85
1993-03-09,,,5.91
1993-03-10,,,5.97
1993-03-11,,,5.96
1993-03-12,,,6.11
1993-03-15,,,6.17
1993-03-16,,,6.06
1993-03-17,,,6.02
1993-03-18,,,5.93
1993-03-19,,,5.95
1993-03-22,,,5.96
1993-03-23,,,5.91
1993-03-24,,,5.95
1993-03-25,,,5.98
1993-03-26,,,6.09
1993-03-29,,,6.06
1993-03-30,,,6.02
1993-03-31,,,6.03
1993-04-01,,,6.06
1993-04-02,,,6.16
1993-04-05,,,6.13
1993-04-06,,,6.08
1993-04-07,,,6.07
1993-04-08,,,5.97
1993-04-12,,,5.92
1993-04-13,,,5.93
1993-04-14,,,5.9
1993-04-15,,,5.88
1993-04-16,,,5.89
1993-04-19,,,5.87
1993-04-20,,,5.87
1993-04-21,,,5.86
1993-04-22,,,5.85
1993-04-23,,,5.89
1993-04-26,,,5.94
1993-04-27,,,6.02
1993-04-28,,,6.03
1993-04-29,,,5.99
1993-04-30,,,6.05
1993-05-03,,,5.96
1993-05-04,,,5.92
1993-05-05,,,5.93
1993-05-06,,,5.89
1993-05-07,,,5.92
1993-05-10,,,5.89
1993-05-11,,,5.89
1993-05-12,,,5.96
1993-05-13,,,6.02
1993-05-14,,,6.03
1993-05-17,,,6.07
1993-05-18,,,6.15
1993-05-19,,,6.11
1993-05-20,,,6.09
1993-05-21,,,6.16
1993-05-24,,,6.16
1993-05-25,,,6.17
1993-05-26,,,6.12
1993-05-27,,,6.11
1993-05-28,,,6.16
1993-06-01,,,6.07
1993-06-02,,,6.06
1993-06-03,,,6.02
1993-06-04,,,6.11
1993-06-07,,,6.08
1993-06-08,,,6.09
1993-06-09,,,6.07
1993-06-10,,,6.07
1993-06-11,,,5.97
1993-06-14,,,5.97
1993-06-15,,,5.96
1993-06-16,,,5.96
1993-06-17,,,5.93
1993-06-18,,,5.97
1993-06-21,,,5.92
1993-06-22,,,5.91
1993-06-23,,,5.91
1993-06-24,,,5.88
1993-06-25,,,5.84
1993-06-28,,,5.8
1993-06-29,,,5.79
1993-06-30,,,5.8
1993-07-01,,,5.8
1993-07-02,,,5.76
1993-07-06,,,5.8
1993-07-07,,,5.8
1993-07-08,,,5.78
1993-07-09,,,5.76
1993-07-12,,,5.75
1993-07-13,,,5.78
1993-07-14,,,5.72
1993-07-15,,,5.72
1993-07-16,,,5.71
1993-07-19,,,5.71
1993-07-20,,,5.75
1993-07-21,,,5.83
1993-07-22,,,5.9
1993-07-23,,,5.95
1993-07-26,,,5.93
1993-07-27,,,5.92
1993-07-28,,,5.9
1993-07-29,,,5.81
1993-07-30,,,5.83
1993-08-02,,,5.85
1993-08-03,,,5.83
1993-08-04,,,5.87
1993-08-05,,,5.86
1993-08-06,,,5.86
1993-08-09,,,5.82
1993-08-10,,,5.82
1993-08-11,,,5.75
1993-08-12,,,5.77
1993-08-13,,,5.72
1993-08-16,,,5.68
1993-08-17,,,5.7
1993-08-18,,,5.69
1993-08-19,,,5.64
1993-08-20,,,5.61
1993-08-23,,,5.6
1993-08-24,,,5.54
1993-08-25,,,5.51
1993-08-26,,,5.42
1993-08-27,,,5.48
1993-08-30,,,5.44
1993-08-31,,,5.45
1993-09-01,,,5.46
1993-09-02,,,5.41
1993-09-03,,,5.31
1993-09-07,,,5.23
1993-09-08,,,5.23
1993-09-09,,,5.35
1993-09-10,,,5.29
1993-09-13,,,5.26
1993-09-14,,,5.37
1993-09-15,,,5.39
1993-09-16,,,5.37
1993-09-17,,,5.38
1993-09-20,,,5.42
1993-09-21,,,5.47
1993-09-22,,,5.45
1993-09-23,,,5.42
1993-09-24,,,5.42
1993-09-27,,,5.3
1993-09-28,,,5.28
1993-09-29,,,5.35
1993-09-30,,,5.4
1993-10-01,,,5.34
1993-10-04,,,5.34
1993-10-05,,,5.35
1993-10-06,,,5.35
1993-10-07,,,5.33
1993-10-08,,,5.26
1993-10-12,,,5.27
1993-10-13,,,5.27
1993-10-14,,,5.23
1993-10-15,,,5.19
1993-10-18,,,5.27
1993-10-19,,,5.27
1993-10-20,,,5.26
1993-10-21,,,5.35
1993-10-22,,,5.42
1993-10-25,,,5.47
1993-10-26,,,5.43
1993-10-27,,,5.44
1993-10-28,,,5.41
1993-10-29,,,5.43
1993-11-01,,,5.56
1993-11-02,,,5.63
1993-11-03,,,5.67
1993-11-04,,,5.67
1993-11-05,,,5.75
1993-11-08,,,5.7
1993-11-09,,,5.64
1993-11-10,,,5.72
1993-11-12,,,5.66
1993-11-15,,,5.69
1993-11-16,,,5.66
1993-11-17,,,5.65
1993-11-18,,,5.72
1993-11-19,,,5.84
1993-11-22,,,5.89
1993-11-23,,,5.82
1993-11-24,,,5.84
1993-11-26,,,5.78
1993-11-29,,,5.76
1993-11-30,,,5.83
1993-12-01,,,5.82
1993-12-02,,,5.81
1993-12-03,,,5.8
1993-12-06,,,5.72
1993-12-07,,,5.71
1993-12-08,,,5.71
1993-12-09,,,5.68
1993-12-10,,,5.73
1993-12-13,,,5.78
1993-12-14,,,5.82
1993-12-15,,,5.83
1993-12-16,,,5.84
1993-12-17,,,5.81
1993-12-20,,,5.83
1993-12-21,,,5.85
1993-12-22,,,5.74
1993-12-23,,,5.72
1993-12-27,,,5.72
1993-12-28,,,5.72
1993-12-29,,,5.74
1993-12-30,,,5.82
1993-12-31,,,5.83
1994-01-03,,,5.92
1994-01-04,,,5.88
1994-01-05,,,5.9
1994-01-06,,,5.84
1994-01-07,,,5.7
1994-01-10,,,5.67
1994-01-11,,,5.67
1994-01-12,,,5.6
1994-01-13,,,5.71
1994-01-14,,,5.78
1994-01-18,,,5.74
1994-01-19,,,5.76
1994-01-20,,,5.71
1994-01-21,,,5.73
1994-01-24,,,5.74
1994-01-25,,,5.78
1994-01-26,,,5.77
1994-01-27,,,5.73
1994-01-28,,,5.68
1994-01-31,,,5.7
1994-02-01,,,5.77
1994-02-02,,,5.77
1994-02-03,,,5.81
1994-02-04,,,5.94
1994-02-07,,,5.96
1994-02-08,,,6.01
1994-02-09,,,5.92
1994-02-10,,,5.91
1994-02-11,,,5.88
1994-02-14,,,5.9
1994-02-15,,,5.88
1994-02-16,,,5.89
1994-02-17,,,6
1994-02-18,,,6.09
1994-02-22,,,6.05
1994-02-23,,,6.13
1994-02-24,,,6.22
1994-02-25,,,6.21
1994-02-28,,,6.15
1994-03-01,,,6.28
1994-03-02,,,6.3
1994-03-03,,,6.35
1994-03-04,,,6.38
1994-03-07,,,6.32
1994-03-08,,,6.38
1994-03-09,,,6.38
1994-03-10,,,6.48
1994-03-11,,,6.46
1994-03-14,,,6.5
1994-03-15,,,6.47
1994-03-16,,,6.4
1994-03-17,,,6.4
1994-03-18,,,6.49
1994-03-21,,,6.55
1994-03-22,,,6.44
1994-03-23,,,6.44
1994-03-24,,,6.58
1994-03-25,,,6.61
1994-03-28,,,6.63
1994-03-29,,,6.71
1994-03-30,,,6.78
1994-03-31,,,6.77
1994-04-04,,,7.16
1994-04-05,,,6.97
1994-04-06,,,6.93
1994-04-07,,,6.86
1994-04-08,,,6.94
1994-04-11,,,6.92
1994-04-12,,,6.87
1994-04-13,,,6.93
1994-04-14,,,6.97
1994-04-15,,,6.97
1994-04-18,,,7.14
1994-04-19,,,7.1
1994-04-20,,,7.05
1994-04-21,,,6.91
1994-04-22,,,6.93
1994-04-25,,,6.86
1994-04-26,,,6.86
1994-04-28,,,7.04
1994-04-29,,,7.06
1994-05-02,,,7.09
1994-05-03,,,7.13
1994-05-04,,,7.14
1994-05-05,,,7.11
1994-05-06,,,7.35
1994-05-09,,,7.49
1994-05-10,,,7.33
1994-05-11,,,7.4
1994-05-12,,,7.36
1994-05-13,,,7.29
1994-05-16,,,7.24
1994-05-17,,,7.03
1994-05-18,,,7.03
1994-05-19,,,6.96
1994-05-20,,,7.02
1994-05-23,,,7.19
1994-05-24,,,7.17
1994-05-25,,,7.14
1994-05-26,,,7.09
1994-05-27,,,7.12
1994-05-31,,,7.17
1994-06-01,,,7.12
1994-06-02,,,7.07
1994-06-03,,,6.98
1994-06-06,,,6.91
1994-06-07,,,6.95
1994-06-08,,,6.96
1994-06-09,,,6.98
1994-06-10,,,7.03
1994-06-13,,,7.07
1994-06-14,,,7
1994-06-15,,,7.1
1994-06-16,,,7.07
1994-06-17,,,7.14
1994-06-20,,,7.16
1994-06-21,,,7.22
1994-06-22,,,7.13
1994-06-23,,,7.1
1994-06-24,,,7.22
1994-06-27,,,7.18
1994-06-28,,,7.26
1994-06-29,,,7.24
1994-06-30,,,7.34
1994-07-01,,,7.34
1994-07-05,,,7.31
1994-07-06,,,7.32
1994-07-07,,,7.3
1994-07-08,,,7.42
1994-07-11,,,7.47
1994-07-12,,,7.43
1994-07-13,,,7.41
1994-07-14,,,7.25
1994-07-15,,,7.25
1994-07-18,,,7.2
1994-07-19,,,7.15
1994-07-20,,,7.25
1994-07-21,,,7.27
1994-07-22,,,7.29
1994-07-25,,,7.27
1994-07-26,,,7.28
1994-07-27,,,7.34
1994-07-28,,,7.29
1994-07-29,,,7.12
1994-08-01,,,7.13
1994-08-02,,,7.11
1994-08-03,,,7.09
1994-08-04,,,7.12
1994-08-05,,,7.28
1994-08-08,,,7.28
1994-08-09,,,7.33
1994-08-10,,,7.3
1994-08-11,,,7.36
1994-08-12,,,7.27
1994-08-15,,,7.3
1994-08-16,,,7.19
1994-08-17,,,7.15
1994-08-18,,,7.28
1994-08-19,,,7.27
1994-08-22,,,7.31
1994-08-23,,,7.28
1994-08-24,,,7.22
1994-08-25,,,7.29
1994-08-26,,,7.24
1994-08-29,,,7.24
1994-08-30,,,7.2
1994-08-31,,,7.19
1994-09-01,,,7.19
1994-09-02,,,7.21
1994-09-06,,,7.27
1994-09-07,,,7.29
1994-09-08,,,7.3
1994-09-09,,,7.44
1994-09-12,,,7.46
1994-09-13,,,7.44
1994-09-14,,,7.41
1994-09-15,,,7.35
1994-09-16,,,7.52
1994-09-19,,,7.49
1994-09-20,,,7.53
1994-09-21,,,7.56
1994-09-22,,,7.56
1994-09-23,,,7.57
1994-09-26,,,7.57
1994-09-27,,,7.61
1994-09-28,,,7.57
1994-09-29,,,7.64
1994-09-30,,,7.62
1994-10-03,,,7.66
1994-10-04,,,7.7
1994-10-05,,,7.77
1994-10-06,,,7.78
1994-10-07,,,7.7
1994-10-11,,,7.65
1994-10-12,,,7.69
1994-10-13,,,7.64
1994-10-14,,,7.61
1994-10-17,,,7.62
1994-10-18,,,7.64
1994-10-19,,,7.68
1994-10-20,,,7.8
1994-10-21,,,7.81
1994-10-24,,,7.86
1994-10-25,,,7.88
1994-10-26,,,7.88
1994-10-27,,,7.88
1994-10-28,,,7.82
1994-10-31,,,7.81
1994-11-01,,,7.91
1994-11-02,,,7.96
1994-11-03,,,7.96
1994-11-04,,,8.04
1994-11-07,,,8.05
1994-11-08,,,8.01
1994-11-09,,,7.94
1994-11-10,,,7.98
1994-11-14,,,7.94
1994-11-15,,,7.92
1994-11-16,,,7.97
1994-11-17,,,8.03
1994-11-18,,,8.01
1994-11-21,,,8.03
1994-11-22,,,8
1994-11-23,,,7.81
1994-11-25,,,7.8
1994-11-28,,,7.88
1994-11-29,,,7.95
1994-11-30,,,7.91
1994-12-01,,,7.92
1994-12-02,,,7.81
1994-12-05,,,7.83
1994-12-06,,,7.73
1994-12-07,,,7.81
1994-12-08,,,7.79
1994-12-09,,,7.79
1994-12-12,,,7.85
1994-12-13,,,7.83
1994-12-14,,,7.8
1994-12-15,,,7.79
1994-12-16,,,7.81
1994-12-19,,,7.81
1994-12-20,,,7.81
1994-12-21,,,7.8
1994-12-22,,,7.84
1994-12-23,,,7.85
1994-12-27,,,7.76
1994-12-28,,,7.8
1994-12-29,,,7.82
1994-12-30,,,7.84
1995-01-03,,,7.88
1995-01-04,,,7.82
1995-01-05,,,7.88
1995-01-06,,,7.87
1995-01-09,,,7.89
1995-01-10,,,7.84
1995-01-11,,,7.79
1995-01-12,,,7.8
1995-01-13,,,7.69
1995-01-17,,,7.7
1995-01-18,,,7.71
1995-01-19,,,7.74
1995-01-20,,,7.82
1995-01-23,,,7.83
1995-01-24,,,7.86
1995-01-25,,,7.8
1995-01-26,,,7.76
1995-01-27,,,7.66
1995-01-30,,,7.65
1995-01-31,,,7.6
1995-02-01,,,7.66
1995-02-02,,,7.68
1995-02-03,,,7.49
1995-02-06,,,7.53
1995-02-07,,,7.52
1995-02-08,,,7.53
1995-02-09,,,7.58
1995-02-10,,,7.62
1995-02-13,,,7.61
1995-02-14,,,7.51
1995-02-15,,,7.45
1995-02-16,,,7.4
1995-02-17,,,7.43
1995-02-21,,,7.44
1995-02-22,,,7.34
1995-02-23,,,7.34
1995-02-24,,,7.33
1995-02-27,,,7.24
1995-02-28,,,7.22
1995-03-01,,,7.23
1995-03-02,,,7.3
1995-03-03,,,7.36
1995-03-06,,,7.41
1995-03-07,,,7.44
1995-03-08,,,7.36
1995-03-09,,,7.3
1995-03-10,,,7.23
1995-03-13,,,7.19
1995-03-14,,,7.09
1995-03-15,,,7.09
1995-03-16,,,7.05
1995-03-17,,,7.12
1995-03-20,,,7.12
1995-03-21,,,7.16
1995-03-22,,,7.21
1995-03-23,,,7.21
1995-03-24,,,7.09
1995-03-27,,,7.05
1995-03-28,,,7.16
1995-03-29,,,7.16
1995-03-30,,,7.18
1995-03-31,,,7.2
1995-04-03,,,7.14
1995-04-04,,,7.12
1995-04-05,,,7.12
1995-04-06,,,7.09
1995-04-07,,,7.11
1995-04-10,,,7.12
1995-04-11,,,7.09
1995-04-12,,,7.06
1995-04-13,,,7.03
1995-04-17,,,7.04
1995-04-18,,,7.04
1995-04-19,,,7.06
1995-04-20,,,7.02
1995-04-21,,,7.01
1995-04-24,,,7.01
1995-04-25,,,7.01
1995-04-26,,,7.01
1995-04-27,,,7.04
1995-04-28,,,7.07
1995-05-01,,,7.09
1995-05-02,14.7,,7.04
1995-05-03,14.75,,6.96
1995-05-04,14.75,,6.85
1995-05-05,,,6.69
1995-05-08,14.7,,6.7
1995-05-09,14.7,,6.61
1995-05-10,14.7,,6.66
1995-05-11,14.75,,6.68
1995-05-12,14.8,,6.67
1995-05-15,14.85,,6.62
1995-05-16,14.85,,6.57
1995-05-17,14.85,,6.53
1995-05-18,14.85,,6.61
1995-05-19,14.85,,6.61
1995-05-22,14.85,,6.63
1995-05-23,14.85,,6.57
1995-05-24,14.85,,6.44
1995-05-25,14.9,,6.39
1995-05-26,14.9,,6.4
1995-05-29,14.9,,
1995-05-30,14.9,,6.3
1995-05-31,14.85,,6.3
1995-06-01,14.8,,6.2
1995-06-02,14.8,,6.1
1995-06-05,14.6,,6.08
1995-06-06,,,6.08
1995-06-07,14.6,,6.2
1995-06-08,14.6,,6.22
1995-06-09,14.55,,6.4
1995-06-12,14.4,,6.37
1995-06-13,14.45,,6.14
1995-06-14,14.55,,6.15
1995-06-15,14.6,,6.18
1995-06-16,14.55,,6.21
1995-06-19,14.5,,6.13
1995-06-20,14.55,,6.16
1995-06-21,14.55,,6.13
1995-06-22,14.6,,6.04
1995-06-23,14.55,,6.06
1995-06-26,14.6,,6.11
1995-06-27,,,6.15
1995-06-28,14.6,,6.1
1995-06-29,14.6,,6.28
1995-06-30,14.6,,6.21
1995-07-03,14.5,,6.21
1995-07-04,14.45,,
1995-07-05,14.4,,6.19
1995-07-06,14.3,,6.05
1995-07-07,14.2,,6.04
1995-07-10,14.3,,6.04
1995-07-11,14.25,,6.09
1995-07-12,14.15,,6.1
1995-07-13,14.05,,6.09
1995-07-14,14,,6.15
1995-07-17,,,6.22
1995-07-18,13.9,,6.25
1995-07-19,13.8,,6.43
1995-07-20,13.85,,6.43
1995-07-21,14,,6.53
1995-07-24,14,,6.46
1995-07-25,13.95,,6.43
1995-07-26,14,,6.48
1995-07-27,13.95,,6.43
1995-07-28,13.8,,6.49
1995-07-31,13.8,,6.45
1995-08-01,13.8,,6.5
1995-08-02,13.8,,6.44
1995-08-03,13.8,,6.53
1995-08-04,13.7,,6.5
1995-08-07,13.55,,6.48
1995-08-08,13.35,,6.47
1995-08-09,13.2,,6.47
1995-08-10,13.25,,6.51
1995-08-11,13.2,,6.59
1995-08-14,13.15,,6.59
1995-08-15,,,6.57
1995-08-16,13,,6.54
1995-08-17,12.75,,6.57
1995-08-18,12.5,,6.57
1995-08-21,12.55,,6.54
1995-08-22,12.75,,6.57
1995-08-23,12.9,,6.6
1995-08-24,13,,6.5
1995-08-25,13,,6.38
1995-08-28,13,,6.34
1995-08-29,12.95,,6.36
1995-08-30,12.95,,6.33
1995-08-31,12.9,,6.28
1995-09-01,12.9,,6.22
1995-09-04,12.8,,
1995-09-05,12.75,,6.18
1995-09-06,12.8,,6.17
1995-09-07,13,,6.21
1995-09-08,,,6.24
1995-09-11,12.9,,6.24
1995-09-12,12.95,,6.16
1995-09-13,13,,6.18
1995-09-14,13.1,,6.08
1995-09-15,13.15,,6.11
1995-09-18,13.05,,6.17
1995-09-19,12.85,,6.14
1995-09-20,12.65,,6.1
1995-09-21,12.75,,6.21
1995-09-22,12.7,,6.25
1995-09-25,12.65,,6.26
1995-09-26,12.6,,6.28
1995-09-27,12.6,,6.3
1995-09-28,12.55,,6.28
1995-09-29,12.6,,6.17
1995-10-02,12.3,,6.15
1995-10-03,,,6.13
1995-10-04,12.25,,6.12
1995-10-05,12.25,,6.06
1995-10-06,12.25,,6.06
1995-10-09,12.2,,
1995-10-10,12.1,,6.07
1995-10-11,12.1,,6.09
1995-10-12,12.1,,6.07
1995-10-13,12.1,,5.97
1995-10-16,12.1,,5.97
1995-10-17,12.1,,5.97
1995-10-18,12.1,,5.99
1995-10-19,12.1,,5.98
1995-10-20,12,,6.04
1995-10-23,12,,6.07
1995-10-24,12,,6.02
1995-10-25,12,,6
1995-10-26,12,,6.06
1995-10-27,12,,6.05
1995-10-30,12,,6.04
1995-10-31,12,,6.03
1995-11-01,11.95,,5.98
1995-11-02,11.95,,5.92
1995-11-03,11.95,,5.94
1995-11-06,11.95,,5.96
1995-11-07,11.95,,5.99
1995-11-08,11.95,,5.92
1995-11-09,11.95,,5.97
1995-11-10,11.95,,6
1995-11-13,11.95,,5.98
1995-11-14,11.95,,5.97
1995-11-15,11.95,,6
1995-11-16,11.95,,5.93
1995-11-17,11.95,,5.92
1995-11-20,11.95,,5.93
1995-11-21,11.95,,5.92
1995-11-22,11.95,,5.93
1995-11-23,11.95,,
1995-11-24,11.9,,5.91
1995-11-27,11.85,,5.88
1995-11-28,11.8,,5.88
1995-11-29,11.8,,5.85
1995-11-30,11.75,,5.76
1995-12-01,11.6,,5.71
1995-12-04,11.55,,5.63
1995-12-05,11.55,,5.65
1995-12-06,11.55,,5.67
1995-12-07,11.6,,5.72
1995-12-08,11.6,,5.73
1995-12-11,11.6,,5.71
1995-12-12,11.6,,5.72
1995-12-13,11.55,,5.74
1995-12-14,11.5,,5.74
1995-12-15,11.5,,5.75
1995-12-18,11.5,,5.85
1995-12-19,11.55,,5.81
1995-12-20,11.65,,5.76
1995-12-21,11.75,,5.77
1995-12-22,11.75,,5.71
1995-12-26,11.75,,5.69
1995-12-27,11.8,,5.66
1995-12-28,11.85,,5.63
1995-12-29,11.8,,5.58
1996-01-02,,,5.6
1996-01-03,11.8,,5.58
1996-01-04,11.8,,5.65
1996-01-05,11.85,,5.69
1996-01-08,11.8,,5.68
1996-01-09,11.8,,5.7
1996-01-10,11.8,,5.8
1996-01-11,11.8,,5.78
1996-01-12,11.8,,5.75
1996-01-15,11.8,,
1996-01-16,11.9,,5.66
1996-01-17,11.95,,5.58
1996-01-18,12.05,,5.53
1996-01-19,12.05,,5.54
1996-01-22,12.05,,5.61
1996-01-23,12.05,,5.66
1996-01-24,12.05,,5.62
1996-01-25,12.1,,5.7
1996-01-26,12.1,,5.65
1996-01-29,12.1,,5.69
1996-01-30,12.1,,5.63
1996-01-31,12.1,,5.6
1996-02-01,12.1,,5.63
1996-02-02,12.05,,5.66
1996-02-05,12.05,,5.7
1996-02-06,12.05,,5.68
1996-02-07,12,,5.66
1996-02-08,12,,5.66
1996-02-09,12,,5.66
1996-02-12,12,,5.61
1996-02-13,12,,5.58
1996-02-14,12,,5.62
1996-02-15,12,,5.7
1996-02-16,12,,5.76
1996-02-20,,,6.01
1996-02-21,12,,5.98
1996-02-22,12,,5.92
1996-02-23,12,,5.97
1996-02-26,12,,6.01
1996-02-27,12,,6.06
1996-02-28,12,,6.11
1996-02-29,12,,6.13
1996-03-01,,,5.99
1996-03-04,12,,5.92
1996-03-05,12,,5.96
1996-03-06,12,,6.05
1996-03-07,12,,6.07
1996-03-08,12,,6.41
1996-03-11,12,,6.33
1996-03-12,12,,6.36
1996-03-13,12,,6.35
1996-03-14,12,,6.36
1996-03-15,12,,6.46
1996-03-18,12,,6.43
1996-03-19,12,,6.41
1996-03-20,12,,6.34
1996-03-21,12,,6.28
1996-03-22,11.85,,6.32
1996-03-25,11.75,,6.26
1996-03-26,11.75,,6.25
1996-03-27,11.75,,6.34
1996-03-28,11.7,,6.41
1996-03-29,11.65,,6.34
1996-04-01,11.5,,6.31
1996-04-02,11.5,,6.25
1996-04-03,11.45,,6.27
1996-04-04,11.45,,6.33
1996-04-05,,,6.57
1996-04-08,11.4,,6.63
1996-04-09,11.4,,6.56
1996-04-10,11.4,,6.63
1996-04-11,,,6.68
1996-04-12,11.4,,6.52
1996-04-15,11.1,,6.47
1996-04-16,11,,6.48
1996-04-17,11,,6.52
1996-04-18,11,,6.58
1996-04-19,11,,6.53
1996-04-22,10.95,,6.48
1996-04-23,10.85,,6.52
1996-04-24,10.7,,6.57
1996-04-25,10.55,,6.56
1996-04-26,10.45,,6.54
1996-04-29,10.4,,6.59
1996-04-30,10.4,,6.66
1996-05-01,,,6.68
1996-05-02,10.5,,6.85
1996-05-03,10.65,,6.9
1996-05-06,10.85,,6.86
1996-05-07,10.8,,6.87
1996-05-08,10.85,,6.78
1996-05-09,10.85,,6.84
1996-05-10,10.8,,6.75
1996-05-13,10.85,,6.72
1996-05-14,10.9,,6.66
1996-05-15,11.05,,6.65
1996-05-16,11.2,,6.7
1996-05-17,11.2,,6.65
1996-05-20,11.15,,6.62
1996-05-21,11.15,,6.65
1996-05-22,11.15,,6.63
1996-05-23,11.1,,6.68
1996-05-24,,,6.65
1996-05-27,11.2,,
1996-05-28,11.35,,6.67
1996-05-29,11.4,,6.77
1996-05-30,11.35,,6.78
1996-05-31,11.35,,6.85
1996-06-03,11.3,,6.87
1996-06-04,11.3,,6.86
1996-06-05,11.25,,6.82
1996-06-06,,,6.76
1996-06-07,11.25,,6.93
1996-06-10,11.25,,6.97
1996-06-11,11.25,,6.99
1996-06-12,11.35,,7.03
1996-06-13,11.45,,7.01
1996-06-14,11.5,,6.95
1996-06-17,11.65,,6.9
1996-06-18,11.65,,6.93
1996-06-19,11.65,,6.96
1996-06-20,11.65,,6.98
1996-06-21,11.7,,6.96
1996-06-24,11.75,,6.94
1996-06-25,11.75,,6.91
1996-06-26,11.75,,6.91
1996-06-27,11.75,,6.83
1996-06-28,11.7,,6.73
1996-07-01,11.7,,6.74
1996-07-02,11.7,,6.8
1996-07-03,11.7,,6.78
1996-07-04,11.7,,
1996-07-05,11.75,,7.06
1996-07-08,11.9,,7.05
1996-07-09,11.9,,7
1996-07-10,11.9,,6.95
1996-07-11,11.85,,6.9
1996-07-12,11.85,,6.85
1996-07-15,11.85,,6.89
1996-07-16,11.85,,6.84
1996-07-17,,,6.83
1996-07-18,11.85,,6.72
1996-07-19,11.85,,6.78
1996-07-22,11.85,,6.84
1996-07-23,11.85,,6.8
1996-07-24,11.85,,6.87
1996-07-25,11.9,,6.87
1996-07-26,11.95,,6.85
1996-07-29,11.95,,6.93
1996-07-30,11.95,,6.89
1996-07-31,12,,6.8
1996-08-01,12.05,,6.65
1996-08-02,12.05,,6.51
1996-08-05,12.1,,6.53
1996-08-06,12.2,,6.54
1996-08-07,12.2,,6.55
1996-08-08,12.2,,6.56
1996-08-09,12.15,,6.5
1996-08-12,12.2,,6.49
1996-08-13,12.2,,6.57
1996-08-14,12.25,,6.58
1996-08-15,,,6.62
1996-08-16,12.25,,6.56
1996-08-19,12.35,,6.59
1996-08-20,12.4,,6.59
1996-08-21,12.4,,6.61
1996-08-22,12.4,,6.62
1996-08-23,12.4,,6.72
1996-08-26,12.4,,6.8
1996-08-27,12.4,,6.78
1996-08-28,12.4,,6.79
1996-08-29,12.4,,6.86
1996-08-30,12.3,,6.96
1996-09-02,12.3,,
1996-09-03,12.25,,6.92
1996-09-04,12.25,,6.94
1996-09-05,12.2,,6.98
1996-09-06,12.2,,6.94
1996-09-09,12.2,,6.9
1996-09-10,12.2,,6.94
1996-09-11,12.2,,6.94
1996-09-12,12.15,,6.88
1996-09-13,12.15,,6.74
1996-09-16,12.1,,6.73
1996-09-17,12.1,,6.81
1996-09-18,12.1,,6.83
1996-09-19,12.1,,6.87
1996-09-20,12.1,,6.85
1996-09-23,12.25,,6.83
1996-09-24,12.25,,6.77
1996-09-25,12.25,,6.71
1996-09-26,,,6.66
1996-09-27,,,6.68
1996-09-30,12.25,,6.72
1996-10-01,12.25,,6.65
1996-10-02,12.25,,6.61
1996-10-03,,,6.61
1996-10-04,12.25,,6.48
1996-10-07,12.25,,6.53
1996-10-08,12.25,,6.53
1996-10-09,12.05,,6.55
1996-10-10,12,,6.61
1996-10-11,12,,6.55
1996-10-14,12,,
1996-10-15,12,,6.56
1996-10-16,12,,6.57
1996-10-17,12,,6.51
1996-10-18,12,,6.5
1996-10-21,11.95,,6.52
1996-10-22,12.05,,6.56
1996-10-23,12.05,,6.56
1996-10-24,12.05,,6.57
1996-10-25,12.1,,6.54
1996-10-28,12.05,,6.56
1996-10-29,12.1,,6.4
1996-10-30,12.1,,6.4
1996-10-31,12.1,,6.37
1996-11-01,12.1,,6.38
1996-11-04,12.1,,6.36
1996-11-05,12.1,,6.28
1996-11-06,12.1,,6.3
1996-11-07,12.1,,6.26
1996-11-08,12.1,,6.29
1996-11-11,12.1,,
1996-11-12,12.1,,6.19
1996-11-13,12.1,,6.2
1996-11-14,12.1,,6.15
1996-11-15,12.1,,6.19
1996-11-18,12.1,,6.2
1996-11-19,12.1,,6.17
1996-11-20,12.1,,6.14
1996-11-21,12.1,,6.15
1996-11-22,12.1,,6.15
1996-11-25,12.2,,6.13
1996-11-26,12.2,,6.13
1996-11-27,12.15,,6.14
1996-11-28,12.15,,
1996-11-29,12.15,,6.06
1996-12-02,12.15,,6.08
1996-12-03,12.15,,6.06
1996-12-04,12.15,,6.11
1996-12-05,12.2,,6.22
1996-12-06,12.2,,6.26
1996-12-09,12.2,,6.21
1996-12-10,12.2,,6.23
1996-12-11,12.2,,6.38
1996-12-12,12.2,,6.4
1996-12-13,12.2,,6.33
1996-12-16,12.2,,6.39
1996-12-17,12.2,,6.42
1996-12-18,12.2,,6.46
1996-12-19,12.2,,6.36
1996-12-20,12.2,,6.35
1996-12-23,12.2,,6.34
1996-12-24,12.2,,6.36
1996-12-26,12.2,,6.35
1996-12-27,12.2,,6.3
1996-12-30,12.2,,6.31
1996-12-31,12.2,,6.43
1997-01-02,,,6.54
1997-01-03,12.2,,6.52
1997-01-06,12.2,,6.54
1997-01-07,12.2,,6.57
1997-01-08,12.2,,6.6
1997-01-09,12.2,,6.52
1997-01-10,12.2,,6.63
1997-01-13,12.2,,6.63
1997-01-14,12.2,,6.53
1997-01-15,12.2,,6.53
1997-01-16,12.15,,6.57
1997-01-17,12.1,,6.56
1997-01-20,12.1,,
1997-01-21,12.1,,6.52
1997-01-22,12.1,,6.56
1997-01-23,12.1,,6.6
1997-01-24,12.2,,6.64
1997-01-27,12.2,,6.69
1997-01-28,12.2,,6.64
1997-01-29,12.2,,6.63
1997-01-30,12.2,,6.61
1997-01-31,12.2,,6.53
1997-02-03,12.15,,6.47
1997-02-04,12.15,,6.45
1997-02-05,12.15,,6.47
1997-02-06,12.15,,6.49
1997-02-07,,,6.43
1997-02-10,12.05,,6.43
1997-02-11,12,,6.43
1997-02-12,12,,6.39
1997-02-13,12,,6.32
1997-02-14,12,,6.28
1997-02-17,12.05,,
1997-02-18,12,,6.28
1997-02-19,12.05,,6.3
1997-02-20,12.05,,6.38
1997-02-21,12.1,,6.36
1997-02-24,12.15,,6.39
1997-02-25,12.2,,6.4
1997-02-26,12.2,,6.56
1997-02-27,12.2,,6.58
1997-02-28,12.2,,6.56
1997-03-03,12.2,,6.58
1997-03-04,12.2,,6.6
1997-03-05,12.2,,6.6
1997-03-06,12.2,,6.62
1997-03-07,12.2,,6.57
1997-03-10,12.25,,6.56
1997-03-11,12.3,,6.57
1997-03-12,12.3,,6.6
1997-03-13,12.3,,6.72
1997-03-14,12.3,,6.71
1997-03-17,12.3,,6.72
1997-03-18,12.3,,6.72
1997-03-19,12.3,,6.74
1997-03-20,12.4,,6.75
1997-03-21,12.4,,6.74
1997-03-24,12.5,,6.72
1997-03-25,12.45,,6.75
1997-03-26,12.45,,6.8
1997-03-27,12.4,,6.9
1997-03-28,12.4,,
1997-03-31,12.4,,6.92
1997-04-01,12.35,,6.9
1997-04-02,12.4,,6.88
1997-04-03,12.4,,6.86
1997-04-04,12.4,,6.92
1997-04-07,12.4,,6.87
1997-04-08,12.4,,6.91
1997-04-09,12.4,,6.91
1997-04-10,12.4,,6.91
1997-04-11,12.4,,6.98
1997-04-14,12.4,,6.98
1997-04-15,12.4,,6.88
1997-04-16,12.4,,6.9
1997-04-17,12.4,,6.86
1997-04-18,12.4,,6.84
1997-04-21,12.4,,6.87
1997-04-22,12.4,,6.84
1997-04-23,12.4,,6.89
1997-04-24,12.4,,6.93
1997-04-25,12.4,,6.94
1997-04-28,12.4,,6.92
1997-04-29,12.4,,6.77
1997-04-30,12.4,,6.72
1997-05-01,,,6.69
1997-05-02,12.4,,6.68
1997-05-05,,,6.67
1997-05-06,12.4,,6.67
1997-05-07,12.4,,6.76
1997-05-08,12.4,,6.72
1997-05-09,12.4,,6.67
1997-05-12,12.4,,6.65
1997-05-13,12.4,,6.71
1997-05-14,,,6.68
1997-05-15,12.4,,6.67
1997-05-16,12.4,,6.7
1997-05-19,12.4,,6.71
1997-05-20,12.4,,6.7
1997-05-21,12.4,,6.74
1997-05-22,12.4,,6.76
1997-05-23,12.4,,6.74
1997-05-26,12.4,,
1997-05-27,12.4,,6.79
1997-05-28,12.4,,6.8
1997-05-29,12.4,,6.75
1997-05-30,12.4,,6.67
1997-06-02,12.15,,6.66
1997-06-03,12.1,,6.63
1997-06-04,11.95,,6.62
1997-06-05,11.85,,6.62
1997-06-06,,,6.51
1997-06-09,11.75,,6.55
1997-06-10,11.7,,6.57
1997-06-11,11.65,,6.56
1997-06-12,11.65,,6.48
1997-06-13,11.65,,6.43
1997-06-16,11.65,,6.4
1997-06-17,11.65,,6.43
1997-06-18,11.65,,6.4
1997-06-19,11.65,,6.4
1997-06-20,11.65,,6.37
1997-06-23,11.65,,6.4
1997-06-24,11.65,,6.42
1997-06-25,11.65,,6.45
1997-06-26,11.65,,6.5
1997-06-27,11.65,,6.46
1997-06-30,11.65,,6.51
1997-07-01,11.65,,6.45
1997-07-02,11.65,,6.42
1997-07-03,11.65,,6.31
1997-07-04,11.65,,
1997-07-07,11.65,,6.27
1997-07-08,11.65,,6.27
1997-07-09,11.65,,6.25
1997-07-10,11.65,,6.26
1997-07-11,11.65,,6.23
1997-07-14,11.65,,6.26
1997-07-15,11.65,,6.26
1997-07-16,11.65,,6.2
1997-07-17,,,6.19
1997-07-18,11.65,,6.24
1997-07-21,11.65,,6.27
1997-07-22,11.65,,6.15
1997-07-23,11.65,,6.14
1997-07-24,11.65,,6.16
1997-07-25,11.65,,6.18
1997-07-28,11.65,,6.16
1997-07-29,11.65,,6.11
1997-07-30,11.65,,6.05
1997-07-31,11.65,,6.02
1997-08-01,11.65,,6.2
1997-08-04,11.65,,6.23
1997-08-05,11.65,,6.23
1997-08-06,11.65,,6.21
1997-08-07,11.65,,6.24
1997-08-08,11.65,,6.38
1997-08-11,11.65,,6.36
1997-08-12,11.65,,6.39
1997-08-13,11.65,,6.36
1997-08-14,11.65,,6.27
1997-08-15,,,6.27
1997-08-18,11.65,,6.21
1997-08-19,11.65,,6.21
1997-08-20,11.65,,6.24
1997-08-21,11.65,,6.3
1997-08-22,11.65,,6.38
1997-08-25,11.65,,6.39
1997-08-26,11.65,,6.38
1997-08-27,11.65,,6.38
1997-08-28,11.65,,6.3
1997-08-29,11.65,,6.34
1997-09-01,11.65,,
1997-09-02,11.65,,6.31
1997-09-03,11.65,,6.33
1997-09-04,11.65,,6.33
1997-09-05,11.65,,6.37
1997-09-08,11.65,,6.33
1997-09-09,11.65,,6.34
1997-09-10,11.65,,6.37
1997-09-11,11.65,,6.39
1997-09-12,11.65,,6.29
1997-09-15,,,6.28
1997-09-16,,,6.11
1997-09-17,,,6.1
1997-09-18,11.65,,6.11
1997-09-19,11.65,,6.09
1997-09-22,11.65,,6.06
1997-09-23,11.65,,6.1
1997-09-24,11.65,,6.04
1997-09-25,11.65,,6.13
1997-09-26,11.65,,6.08
1997-09-29,11.65,,6.1
1997-09-30,11.65,,6.12
1997-10-01,11.65,,6.04
1997-10-02,11.65,,6.01
1997-10-03,,,6.01
1997-10-06,11.65,,5.96
1997-10-07,11.65,,5.94
1997-10-08,11.65,,6.08
1997-10-09,11.65,,6.09
1997-10-10,11.65,,6.15
1997-10-13,11.65,,
1997-10-14,11.65,,6.07
1997-10-15,11.65,,6.1
1997-10-16,11.65,,6.09
1997-10-17,11.65,,6.17
1997-10-20,11.65,,6.15
1997-10-21,11.65,,6.14
1997-10-22,11.65,,6.12
1997-10-23,11.65,,6.04
1997-10-24,11.65,,6.01
1997-10-27,11.65,,5.91
1997-10-28,11.65,,5.98
1997-10-29,11.65,,5.91
1997-10-30,11.65,,5.84
1997-10-31,11.65,,5.84
1997-11-03,11.65,,5.91
1997-11-04,11.65,,5.95
1997-11-05,11.65,,5.95
1997-11-06,11.65,,5.9
1997-11-07,11.65,,5.9
1997-11-10,11.65,,5.91
1997-11-11,11.65,,
1997-11-12,11.65,,5.89
1997-11-13,11.65,,5.87
1997-11-14,11.65,,5.86
1997-11-17,11.65,,5.85
1997-11-18,11.65,,5.85
1997-11-19,11.65,,5.82
1997-11-20,12.55,,5.84
1997-11-21,12.55,,5.82
1997-11-24,13.95,,5.86
1997-11-25,14.35,,5.85
1997-11-26,15.1,,5.86
1997-11-27,14.75,,
1997-11-28,13.9,,5.86
1997-12-01,14.55,,5.86
1997-12-02,14.85,,5.86
1997-12-03,14.75,,5.83
1997-12-04,14.75,,5.84
1997-12-05,15,,5.92
1997-12-08,15,,5.96
1997-12-09,15,,5.95
1997-12-10,15,,5.9
1997-12-11,15,,5.82
1997-12-12,15,,5.74
1997-12-15,15,,5.78
1997-12-16,15,,5.77
1997-12-17,15,,5.81
1997-12-18,,,5.76
1997-12-19,15,,5.72
1997-12-22,15,,5.72
1997-12-23,15,,5.73
1997-12-24,15,,5.76
1997-12-26,15,,5.75
1997-12-29,15,,5.76
1997-12-30,15,,5.8
1997-12-31,15,,5.75
1998-01-02,,,5.67
1998-01-05,15,,5.52
1998-01-06,15,,5.49
1998-01-07,15,,5.55
1998-01-08,15,,5.49
1998-01-09,15,,5.4
1998-01-12,15,,5.39
1998-01-13,15,,5.41
1998-01-14,15,,5.45
1998-01-15,15,,5.48
1998-01-16,15,,5.54
1998-01-19,15,,
1998-01-20,15,,5.57
1998-01-21,15,,5.54
1998-01-22,15,,5.56
1998-01-23,15,,5.7
1998-01-26,15,,5.63
1998-01-27,,,5.7
1998-01-28,,,5.69
1998-01-29,,,5.58
1998-01-30,15,,5.53
1998-02-02,15,,5.57
1998-02-03,15,,5.56
1998-02-04,15,,5.57
1998-02-05,15,,5.62
1998-02-06,15,,5.62
1998-02-09,15,,5.65
1998-02-10,15,,5.64
1998-02-11,15,,5.53
1998-02-12,15,,5.52
1998-02-13,15,,5.49
1998-02-16,15,,
1998-02-17,15,,5.44
1998-02-18,15,,5.49
1998-02-19,15,,5.51
1998-02-20,15,,5.54
1998-02-23,15,,5.58
1998-02-24,15,,5.69
1998-02-25,15,,5.63
1998-02-26,15,,5.65
1998-02-27,15,,5.62
1998-03-02,15,,5.72
1998-03-03,15,,5.77
1998-03-04,15,,5.76
1998-03-05,15,,5.78
1998-03-06,15,,5.73
1998-03-09,15,,5.67
1998-03-10,15,,5.67
1998-03-11,15,,5.63
1998-03-12,15,,5.56
1998-03-13,15,,5.58
1998-03-16,15,,5.54
1998-03-17,15,,5.56
1998-03-18,15,,5.58
1998-03-19,15,,5.58
1998-03-20,15,,5.57
1998-03-23,15,,5.57
1998-03-24,15,,5.58
1998-03-25,15,,5.64
1998-03-26,15,,5.68
1998-03-27,15,,5.68
1998-03-30,15,,5.72
1998-03-31,17.45,,5.67
1998-04-01,17.4,,5.62
1998-04-02,17.35,,5.56
1998-04-03,17.4,,5.47
1998-04-06,17.5,,5.51
1998-04-07,17.5,,5.53
1998-04-08,17.5,,5.58
1998-04-09,17.5,,5.59
1998-04-10,17.35,,
1998-04-13,16.7,,5.66
1998-04-14,17,,5.63
1998-04-15,17,,5.6
1998-04-16,17,,5.59
1998-04-17,17,,5.59
1998-04-20,17,,5.65
1998-04-21,17,,5.68
1998-04-22,17,,5.68
1998-04-23,17,,5.69
1998-04-24,17,,5.67
1998-04-27,17,,5.8
1998-04-28,17,,5.8
1998-04-29,17,,5.81
1998-04-30,16.8,,5.68
1998-05-01,,,5.67
1998-05-04,16.75,,5.67
1998-05-05,,,5.7
1998-05-06,16.8,,5.67
1998-05-07,16.8,,5.67
1998-05-08,16.8,,5.71
1998-05-11,16.75,,5.79
1998-05-12,16.75,,5.7
1998-05-13,16.75,,5.64
1998-05-14,16.7,,5.67
1998-05-15,16.75,,5.68
1998-05-18,16.8,,5.64
1998-05-19,16.8,,5.65
1998-05-20,16.85,,5.61
1998-05-21,17,,5.65
1998-05-22,17,,5.64
1998-05-25,17,,
1998-05-26,17,,5.59
1998-05-27,17,,5.56
1998-05-28,17,,5.58
1998-05-29,17,,5.56
1998-06-01,16.65,,5.53
1998-06-02,16.55,,5.56
1998-06-03,16.55,,5.57
1998-06-04,,,5.59
1998-06-05,16.5,,5.58
1998-06-08,16.3,,5.58
1998-06-09,15.9,,5.59
1998-06-10,15.65,,5.51
1998-06-11,15.5,,5.44
1998-06-12,15.45,,5.43
1998-06-15,15.25,,5.38
1998-06-16,15.15,,5.45
1998-06-17,15.15,,5.54
1998-06-18,14.85,,5.5
1998-06-19,14.2,,5.47
1998-06-22,13.85,,5.46
1998-06-23,13.9,,5.45
1998-06-24,14,,5.46
1998-06-25,14,,5.46
1998-06-26,14,,5.46
1998-06-29,14,,5.47
1998-06-30,14,,5.44
1998-07-01,13.85,,5.44
1998-07-02,13,,5.42
1998-07-03,12.75,,
1998-07-06,12.6,,5.39
1998-07-07,12.55,,5.42
1998-07-08,12.7,,5.43
1998-07-09,12.85,,5.41
1998-07-10,13.15,,5.42
1998-07-13,13.25,,5.46
1998-07-14,13.25,,5.49
1998-07-15,13.1,,5.48
1998-07-16,12.6,,5.5
1998-07-17,,,5.51
1998-07-20,12.05,,5.48
1998-07-21,12.05,,5.45
1998-07-22,12.05,,5.46
1998-07-23,12.05,,5.45
1998-07-24,12.1,,5.45
1998-07-27,12.1,,5.47
1998-07-28,12.1,,5.5
1998-07-29,12,,5.52
1998-07-30,11.85,,5.5
1998-07-31,11.75,,5.5
1998-08-03,11.5,,5.46
1998-08-04,11.35,,5.43
1998-08-05,11.3,,5.43
1998-08-06,11.3,,5.44
1998-08-07,11.3,,5.4
1998-08-10,11.3,,5.41
1998-08-11,11.3,,5.37
1998-08-12,11.55,,5.4
1998-08-13,11.6,,5.44
1998-08-14,11.9,,5.4
1998-08-17,11.95,,5.4
1998-08-18,12.25,,5.41
1998-08-19,12.3,,5.42
1998-08-20,12.3,,5.38
1998-08-21,12.2,,5.32
1998-08-24,12.2,,5.3
1998-08-25,12.2,,5.25
1998-08-26,12.1,,5.26
1998-08-27,11.6,,5.12
1998-08-28,11.45,,5.09
1998-08-31,11.3,,5.05
1998-09-01,11.4,,5.05
1998-09-02,11.4,,5.1
1998-09-03,11.65,,5.03
1998-09-04,11.6,,5.02
1998-09-07,11.6,,
1998-09-08,11.8,,5.04
1998-09-09,11.8,,4.95
1998-09-10,11.8,,4.76
1998-09-11,12.05,,4.85
1998-09-14,12.3,,4.87
1998-09-15,12.25,,4.9
1998-09-16,12.05,,4.88
1998-09-17,11.95,,4.8
1998-09-18,11.95,,4.7
1998-09-21,11.95,,4.69
1998-09-22,11.95,,4.73
1998-09-23,11.95,,4.69
1998-09-24,11.9,,4.64
1998-09-25,11.9,,4.6
1998-09-28,11.9,,4.61
1998-09-29,11.8,,4.59
1998-09-30,11.5,,4.44
1998-10-01,11,,4.33
1998-10-02,10.5,,4.31
1998-10-05,,,4.16
1998-10-06,,,4.24
1998-10-07,10.45,,4.34
1998-10-08,10.25,,4.56
1998-10-09,10.05,,4.77
1998-10-12,10,,
1998-10-13,9.9,,4.73
1998-10-14,9.8,,4.58
1998-10-15,9,,4.58
1998-10-16,8.6,,4.44
1998-10-19,9.1,,4.47
1998-10-20,9.1,,4.57
1998-10-21,9.05,,4.59
1998-10-22,9.05,,4.62
1998-10-23,9.1,,4.7
1998-10-26,9.35,,4.73
1998-10-27,9.05,,4.63
1998-10-28,8.8,,4.6
1998-10-29,8.8,,4.54
1998-10-30,8.5,,4.64
1998-11-02,8.3,,4.77
1998-11-03,8.3,,4.78
1998-11-04,8.4,,4.83
1998-11-05,8.4,,4.82
1998-11-06,8.4,,4.93
1998-11-09,8.35,,4.88
1998-11-10,8.35,,4.81
1998-11-11,8.45,,
1998-11-12,8.65,,4.77
1998-11-13,8.6,,4.82
1998-11-16,8.5,,4.85
1998-11-17,8.45,,4.87
1998-11-18,8.45,,4.85
1998-11-19,8.35,,4.85
1998-11-20,8.35,,4.82
1998-11-23,8.3,,4.84
1998-11-24,8.2,,4.85
1998-11-25,7.9,,4.83
1998-11-26,8,,
1998-11-27,8.15,,4.81
1998-11-30,8.1,,4.74
1998-12-01,8.15,,4.67
1998-12-02,8.2,,4.59
1998-12-03,8.15,,4.58
1998-12-04,7.9,,4.62
1998-12-07,7.25,,4.69
1998-12-08,7.3,,4.6
1998-12-09,7.3,,4.56
1998-12-10,7.1,,4.53
1998-12-11,7,,4.61
1998-12-14,6.8,,4.58
1998-12-15,6.95,,4.62
1998-12-16,7,,4.58
1998-12-17,7,,4.58
1998-12-18,7.1,,4.58
1998-12-21,7.1,,4.64
1998-12-22,7.1,,4.7
1998-12-23,7,,4.81
1998-12-24,6.95,,4.86
1998-12-28,6.95,,4.78
1998-12-29,6.95,,4.71
1998-12-30,6.95,,4.65
1998-12-31,6.95,,4.65
1999-01-04,6.78,,4.69
1999-01-05,6.39,,4.74
1999-01-06,6.28,,4.73
1999-01-07,5.97,,4.77
1999-01-08,5.93,,4.86
1999-01-11,6.04,,4.9
1999-01-12,6.29,,4.82
1999-01-13,6.32,,4.74
1999-01-14,6.58,,4.63
1999-01-15,6.49,,4.66
1999-01-18,6.6,,
1999-01-19,6.65,,4.71
1999-01-20,6.65,,4.76
1999-01-21,7.08,,4.7
1999-01-22,7.1,,4.64
1999-01-25,7.16,,4.67
1999-01-26,7.38,,4.69
1999-01-27,7.33,,4.68
1999-01-28,7.05,,4.67
1999-01-29,7.05,,4.66
1999-02-01,7.09,,4.75
1999-02-02,7,,4.79
1999-02-03,7.01,,4.83
1999-02-04,7,,4.89
1999-02-05,7,,4.94
1999-02-08,7,,4.94
1999-02-09,7.36,,4.91
1999-02-10,7.27,,4.9
1999-02-11,7.2,,4.93
1999-02-12,7.11,,5.06
1999-02-16,,,5.03
1999-02-17,,,4.98
1999-02-18,7.1,,5.04
1999-02-19,7.1,,5.07
1999-02-22,7.1,,5.03
1999-02-23,7.1,,5.1
1999-02-24,7.1,,5.18
1999-02-25,7.03,,5.32
1999-02-26,6.96,,5.29
1999-03-01,,,5.4
1999-03-02,6.48,,5.35
1999-03-03,6.59,,5.39
1999-03-04,6.67,,5.41
1999-03-05,7.03,,5.34
1999-03-08,7,,5.29
1999-03-09,7,,5.18
1999-03-10,7.02,,5.2
1999-03-11,7.06,,5.21
1999-03-12,7.04,,5.16
1999-03-15,7.04,,5.15
1999-03-16,7,,5.11
1999-03-17,6.95,,5.14
1999-03-18,6.96,,5.11
1999-03-19,6.92,,5.17
1999-03-22,6.74,,5.21
1999-03-23,6.7,,5.2
1999-03-24,6.65,,5.17
1999-03-25,6.6,,5.21
1999-03-26,6.59,,5.21
1999-03-29,6.49,,5.28
1999-03-30,6.5,,5.21
1999-03-31,6.5,,5.25
1999-04-01,6.57,,5.27
1999-04-02,6.61,,5.2
1999-04-05,,,5.2
1999-04-06,6.55,,5.13
1999-04-07,6.51,,5.14
1999-04-08,6.33,,5.03
1999-04-09,6.42,,5.05
1999-04-12,6.41,,5.06
1999-04-13,6.39,,5.12
1999-04-14,6.37,,5.13
1999-04-15,6.34,,5.18
1999-04-16,6.32,,5.23
1999-04-19,6.21,,5.18
1999-04-20,6.04,,5.16
1999-04-21,6.06,,5.17
1999-04-22,6.11,,5.25
1999-04-23,6.08,,5.26
1999-04-26,6.28,,5.23
1999-04-27,6.43,,5.22
1999-04-28,6.53,,5.27
1999-04-29,6.64,,5.22
1999-04-30,6.66,,5.36
1999-05-03,6.86,,5.38
1999-05-04,7.08,,5.42
1999-05-05,,,5.4
1999-05-06,5.91,,5.52
1999-05-07,6.17,,5.54
1999-05-10,6.37,,5.54
1999-05-11,6.57,,5.59
1999-05-12,7,,5.51
1999-05-13,7,,5.41
1999-05-14,7,,5.62
1999-05-17,7,,5.66
1999-05-18,7,,5.68
1999-05-19,7.01,,5.6
1999-05-20,6.98,,5.6
1999-05-21,6.99,,5.52
1999-05-24,6.96,,5.5
1999-05-25,6.7,,5.49
1999-05-26,6.6,,5.55
1999-05-27,6.63,,5.62
1999-05-28,6.73,,5.64
1999-05-31,6.67,,
1999-06-01,6.7,,5.78
1999-06-02,6.7,,5.8
1999-06-03,6.71,,5.8
1999-06-04,6.45,,5.82
1999-06-07,6.35,,5.81
1999-06-08,6.39,,5.83
1999-06-09,6.58,,5.87
1999-06-10,6.58,,5.92
1999-06-11,6.65,,6.02
1999-06-14,6.7,,5.98
1999-06-15,6.7,,5.98
1999-06-16,6.85,,5.94
1999-06-17,6.86,,5.79
1999-06-18,7.03,,5.84
1999-06-21,7.22,,5.9
1999-06-22,7.23,,5.94
1999-06-23,7.35,,6
1999-06-24,7.35,,6.05
1999-06-25,7.35,,6.02
1999-06-28,7.35,,5.96
1999-06-29,7.2,,5.93
1999-06-30,7.2,,5.81
1999-07-01,7.22,,5.85
1999-07-02,7.21,,5.82
1999-07-05,7.22,,
1999-07-06,7.23,,5.88
1999-07-07,7.23,,5.92
1999-07-08,7.26,,5.85
1999-07-09,7.33,,5.84
1999-07-12,7.57,,5.74
1999-07-13,7.68,,5.71
1999-07-14,7.67,,5.74
1999-07-15,7.92,,5.72
1999-07-16,8.05,,5.68
1999-07-19,8.31,,5.66
1999-07-20,8.3,,5.65
1999-07-21,8.4,,5.66
1999-07-22,8.4,,5.78
1999-07-23,8.72,,5.84
1999-07-26,8.44,,5.86
1999-07-27,8.25,,5.82
1999-07-28,8.26,,5.81
1999-07-29,8.26,,5.88
1999-07-30,8.44,,5.92
1999-08-02,8.58,,5.92
1999-08-03,8.59,,5.95
1999-08-04,8.59,,5.96
1999-08-05,8.73,,5.88
1999-08-06,8.78,,6.02
1999-08-09,8.87,,6.13
1999-08-10,9,,6.16
1999-08-11,8.96,,6.05
1999-08-12,8.75,,6.08
1999-08-13,8.85,,5.98
1999-08-16,8.91,,5.98
1999-08-17,8.88,,5.89
1999-08-18,8.9,,5.88
1999-08-19,8.96,,5.9
1999-08-20,9.21,,5.88
1999-08-23,9.18,,5.89
1999-08-24,9,,5.85
1999-08-25,8.98,,5.73
1999-08-26,8.98,,5.75
1999-08-27,8.99,,5.85
1999-08-30,9,,5.95
1999-08-31,9.11,,5.98
1999-09-01,9.15,,5.99
1999-09-02,9.17,,6.03
1999-09-03,9.35,,5.89
1999-09-06,9.37,,
1999-09-07,9.37,,5.95
1999-09-08,9.37,,5.93
1999-09-09,9.35,,5.97
1999-09-10,9.3,,5.89
1999-09-13,9.3,,5.92
1999-09-14,9.4,,5.96
1999-09-15,9.49,,5.94
1999-09-16,9.57,,5.9
1999-09-17,9.77,,5.87
1999-09-20,9.78,,5.91
1999-09-21,9.41,,5.94
1999-09-22,9.17,,5.92
1999-09-23,,,5.87
1999-09-24,,,5.75
1999-09-27,8.88,,5.83
1999-09-28,8.9,,5.89
1999-09-29,9.12,,5.97
1999-09-30,9.03,,5.9
1999-10-01,9.01,,6
1999-10-04,8.57,,5.95
1999-10-05,8.49,,6.02
1999-10-06,8.55,,6.04
1999-10-07,8.35,,6.05
1999-10-08,8.35,,6.04
1999-10-11,8.38,,
1999-10-12,8.35,,6.07
1999-10-13,8.41,,6.12
1999-10-14,8.47,,6.17
1999-10-15,8.45,,6.09
1999-10-18,8.4,,6.12
1999-10-19,8.3,,6.18
1999-10-20,8,,6.19
1999-10-21,7.74,,6.2
1999-10-22,7.7,,6.21
1999-10-25,7.99,,6.22
1999-10-26,7.86,,6.24
1999-10-27,8.03,,6.19
1999-10-28,8.05,,6.12
1999-10-29,8.18,,6.02
1999-11-01,8.2,,6.06
1999-11-02,8.29,,6.04
1999-11-03,8.27,,6.01
1999-11-04,8.3,,5.95
1999-11-05,8.44,,5.92
1999-11-08,8.45,,5.95
1999-11-09,8.38,,5.97
1999-11-10,8.35,,6
1999-11-11,8.23,,
1999-11-12,8.3,,5.93
1999-11-15,8.34,,5.94
1999-11-16,8.38,,5.97
1999-11-17,8.46,,6.04
1999-11-18,8.59,,6.06
1999-11-19,8.6,,6.07
1999-11-22,8.63,,6.09
1999-11-23,8.87,,6.08
1999-11-24,8.6,,6.09
1999-11-25,8.6,,
1999-11-26,8.6,,6.12
1999-11-29,8.61,,6.21
1999-11-30,8.62,,6.18
1999-12-01,8.69,,6.21
1999-12-02,8.72,,6.24
1999-12-03,8.7,,6.17
1999-12-06,8.67,,6.16
1999-12-07,8.68,,6.11
1999-12-08,8.69,,6.15
1999-12-09,8.69,,6.14
1999-12-10,8.78,,6.08
1999-12-13,8.8,,6.11
1999-12-14,8.8,,6.22
1999-12-15,8.8,,6.25
1999-12-16,8.88,,6.31
1999-12-17,8.89,,6.3
1999-12-20,8.9,,6.36
1999-12-21,8.99,,6.38
1999-12-22,9,,6.39
1999-12-23,9.03,,6.41
1999-12-24,9.03,,
1999-12-27,9.03,,6.4
1999-12-28,9.03,,6.43
1999-12-29,9.03,,6.4
1999-12-30,9.03,,6.39
1999-12-31,,,6.45
2000-01-03,,,6.58
2000-01-04,9.04,,6.49
2000-01-05,9.11,,6.62
2000-01-06,9.16,,6.57
2000-01-07,9.17,,6.52
2000-01-10,9.23,,6.57
2000-01-11,9.3,,6.67
2000-01-12,9.38,,6.72
2000-01-13,9.47,,6.63
2000-01-14,9.49,,6.69
2000-01-17,9.55,,
2000-01-18,9.58,,6.75
2000-01-19,9.53,,6.73
2000-01-20,9.3,,6.79
2000-01-21,9.28,,6.79
2000-01-24,9.28,,6.69
2000-01-25,9.29,,6.7
2000-01-26,9.36,,6.69
2000-01-27,9.22,,6.68
2000-01-28,9.01,,6.66
2000-01-31,9,,6.68
2000-02-01,9.07,,6.62
2000-02-02,9.06,,6.6
2000-02-03,8.98,,6.49
2000-02-04,,,6.53
2000-02-07,8.92,,6.64
2000-02-08,9.05,,6.59
2000-02-09,9.1,,6.56
2000-02-10,9.08,,6.67
2000-02-11,9.11,,6.63
2000-02-14,9,,6.56
2000-02-15,8.9,,6.56
2000-02-16,8.9,,6.56
2000-02-17,8.95,,6.58
2000-02-18,8.95,,6.49
2000-02-21,8.96,,
2000-02-22,8.96,,6.36
2000-02-23,9,,6.44
2000-02-24,8.98,,6.36
2000-02-25,8.93,,6.36
2000-02-28,8.9,,6.37
2000-02-29,8.91,,6.42
2000-03-01,,,6.39
2000-03-02,8.95,,6.4
2000-03-03,8.97,,6.39
2000-03-06,9,,6.42
2000-03-07,9.02,,6.39
2000-03-08,9.06,,6.38
2000-03-09,9.04,,6.35
2000-03-10,9.04,,6.39
2000-03-13,9.04,,6.36
2000-03-14,9.08,,6.31
2000-03-15,9.1,,6.29
2000-03-16,9.11,,6.26
2000-03-17,9.09,,6.2
2000-03-20,9.11,,6.18
2000-03-21,9.11,,6.13
2000-03-22,9.11,,6.13
2000-03-23,9.11,,6.08
2000-03-24,9.08,,6.2
2000-03-27,9.07,,6.21
2000-03-28,9.05,,6.17
2000-03-29,9.05,,6.18
2000-03-30,9.06,,6.06
2000-03-31,9,,6.03
2000-04-03,9.01,,6
2000-04-04,9,,5.9
2000-04-05,,,5.9
2000-04-06,8.99,,5.93
2000-04-07,8.91,,5.86
2000-04-10,8.86,,5.8
2000-04-11,8.9,,5.89
2000-04-12,8.98,,5.97
2000-04-13,,,5.94
2000-04-14,9,,5.85
2000-04-17,9.04,,6.01
2000-04-18,8.93,,6.05
2000-04-19,8.9,,5.99
2000-04-20,8.94,,5.99
2000-04-21,8.93,,
2000-04-24,8.91,,6
2000-04-25,8.94,,6.14
2000-04-26,8.97,,6.14
2000-04-27,8.97,,6.23
2000-04-28,8.92,,6.23
2000-05-01,,,6.29
2000-05-02,8.89,,6.32
2000-05-03,8.87,,6.4
2000-05-04,8.86,,6.46
2000-05-05,,,6.51
2000-05-08,8.85,,6.57
2000-05-09,8.87,,6.53
2000-05-10,8.89,,6.47
2000-05-11,,,6.43
2000-05-12,8.91,,6.51
2000-05-15,8.94,,6.47
2000-05-16,8.95,,6.43
2000-05-17,8.95,,6.48
2000-05-18,9,,6.56
2000-05-19,9.09,,6.51
2000-05-22,9.1,,6.44
2000-05-23,9.16,,6.45
2000-05-24,9.02,,6.47
2000-05-25,8.98,,6.39
2000-05-26,8.99,,6.33
2000-05-29,8.99,,
2000-05-30,8.94,,6.38
2000-05-31,8.87,,6.29
2000-06-01,8.82,,6.2
2000-06-02,8.75,,6.15
2000-06-05,8.74,,6.12
2000-06-06,,,6.14
2000-06-07,8.69,,6.13
2000-06-08,8.69,,6.13
2000-06-09,8.69,,6.13
2000-06-12,8.69,,6.09
2000-06-13,8.71,,6.11
2000-06-14,8.71,,6.06
2000-06-15,8.71,,6.05
2000-06-16,8.72,,5.99
2000-06-19,8.7,,6
2000-06-20,8.7,,6.03
2000-06-21,8.68,,6.11
2000-06-22,8.63,,6.12
2000-06-23,8.57,,6.19
2000-06-26,8.58,,6.11
2000-06-27,8.58,,6.1
2000-06-28,8.57,,6.11
2000-06-29,8.47,,6.04
2000-06-30,8.31,,6.03
2000-07-03,8.15,,6
2000-07-04,8.25,,
2000-07-05,8.14,,5.99
2000-07-06,8.06,,6.05
2000-07-07,7.9,,6.01
2000-07-10,7.94,,6.04
2000-07-11,7.93,,6.06
2000-07-12,7.96,,6.09
2000-07-13,7.98,,6.01
2000-07-14,7.93,,6.1
2000-07-17,,,6.17
2000-07-18,7.79,,6.16
2000-07-19,7.77,,6.16
2000-07-20,7.87,,6.01
2000-07-21,7.87,,6.01
2000-07-24,8.01,,6.04
2000-07-25,8.16,,6.04
2000-07-26,8.13,,6.04
2000-07-27,8.1,,6.02
2000-07-28,8.05,,6.04
2000-07-31,8.07,,6.04
2000-08-01,8.05,,6
2000-08-02,7.92,,5.98
2000-08-03,7.84,,5.95
2000-08-04,7.9,,5.91
2000-08-07,7.9,,5.97
2000-08-08,7.84,,5.93
2000-08-09,7.77,,5.81
2000-08-10,7.69,,5.76
2000-08-11,7.73,,5.79
2000-08-14,7.74,,5.78
2000-08-15,,,5.81
2000-08-16,7.75,,5.83
2000-08-17,7.83,,5.81
2000-08-18,7.9,,5.78
2000-08-21,7.9,,5.79
2000-08-22,7.86,,5.78
2000-08-23,7.88,,5.73
2000-08-24,7.91,,5.73
2000-08-25,7.92,,5.73
2000-08-28,7.91,,5.78
2000-08-29,7.87,,5.81
2000-08-30,7.76,,5.81
2000-08-31,7.79,,5.73
2000-09-01,7.8,,5.68
2000-09-04,7.7,,
2000-09-05,7.7,,5.69
2000-09-06,7.7,,5.72
2000-09-07,7.7,,5.76
2000-09-08,7.76,,5.73
2000-09-11,,,5.77
2000-09-12,,,5.78
2000-09-13,,,5.74
2000-09-14,7.85,,5.79
2000-09-15,7.92,,5.84
2000-09-18,8.11,,5.88
2000-09-19,8.1,,5.86
2000-09-20,8.09,,5.91
2000-09-21,8.12,,5.88
2000-09-22,8.2,,5.85
2000-09-25,8.15,,5.84
2000-09-26,8.12,,5.81
2000-09-27,8.08,,5.83
2000-09-28,8.08,,5.82
2000-09-29,8.07,,5.8
2000-10-02,8.02,,5.83
2000-10-03,,,5.87
2000-10-04,7.99,,5.9
2000-10-05,7.96,,5.87
2000-10-06,7.86,,5.82
2000-10-09,7.83,,
2000-10-10,7.86,,5.8
2000-10-11,7.93,,5.77
2000-10-12,7.91,,5.73
2000-10-13,8.01,,5.73
2000-10-16,7.92,,5.74
2000-10-17,7.91,,5.68
2000-10-18,7.89,,5.66
2000-10-19,7.86,,5.66
2000-10-20,7.79,,5.64
2000-10-23,7.79,,5.59
2000-10-24,7.78,,5.63
2000-10-25,7.75,,5.67
2000-10-26,7.71,,5.69
2000-10-27,7.63,,5.72
2000-10-30,7.62,,5.74
2000-10-31,7.64,,5.77
2000-11-01,7.59,,5.74
2000-11-02,7.61,,5.74
2000-11-03,7.63,,5.83
2000-11-06,7.65,,5.87
2000-11-07,7.66,,5.87
2000-11-08,7.54,,5.87
2000-11-09,7.27,,5.82
2000-11-10,7.1,,5.82
2000-11-13,7.05,,5.77
2000-11-14,7.1,,5.76
2000-11-15,7.18,,5.72
2000-11-16,7.23,,5.68
2000-11-17,7.2,,5.71
2000-11-20,7.25,,5.68
2000-11-21,7.32,,5.67
2000-11-22,7.24,,5.62
2000-11-23,7.32,,
2000-11-24,7.29,,5.63
2000-11-27,7.2,,5.64
2000-11-28,7.18,,5.59
2000-11-29,7.19,,5.55
2000-11-30,7.16,,5.48
2000-12-01,7,,5.52
2000-12-04,6.91,,5.53
2000-12-05,6.82,,5.43
2000-12-06,6.82,,5.32
2000-12-07,6.84,,5.32
2000-12-08,6.79,,5.35
2000-12-11,6.77,,5.37
2000-12-12,6.84,,5.36
2000-12-13,6.83,,5.29
2000-12-14,6.69,,5.23
2000-12-15,6.71,,5.2
2000-12-18,6.74,7.15,5.17
2000-12-19,6.75,7.2,5.19
2000-12-20,6.75,7.2,5.08
2000-12-21,6.75,7.24,5.03
2000-12-22,6.75,7.24,5.02
2000-12-26,6.75,7.25,5.04
2000-12-27,6.81,7.3,5.11
2000-12-28,6.74,7.26,5.13
2000-12-29,6.7,7.21,5.12
2001-01-02,6.67,7.18,4.92
2001-01-03,6.64,7.15,5.14
2001-01-04,6.37,6.85,5.03
2001-01-05,6.19,6.68,4.93
2001-01-08,6.1,6.6,4.94
2001-01-09,6.14,6.68,4.98
2001-01-10,6.14,6.69,5.1
2001-01-11,5.95,6.57,5.14
2001-01-12,6,6.6,5.25
2001-01-15,5.99,6.61,
2001-01-16,5.86,6.6,5.24
2001-01-17,5.73,6.58,5.19
2001-01-18,5.8,6.53,5.12
2001-01-19,5.77,6.54,5.19
2001-01-22,5.77,6.54,5.25
2001-01-23,,,5.3
2001-01-24,,,5.33
2001-01-25,,,5.29
2001-01-26,5.77,6.55,5.29
2001-01-29,5.75,6.55,5.32
2001-01-30,5.73,6.55,5.24
2001-01-31,5.68,6.54,5.19
2001-02-01,5.63,6.54,5.1
2001-02-02,5.48,6.48,5.17
2001-02-05,5.38,6.46,5.18
2001-02-06,5.28,6.42,5.22
2001-02-07,5.2,6.29,5.1
2001-02-08,5.25,6.27,5.1
2001-02-09,5.18,6.13,5.03
2001-02-12,5,5.93,5.05
2001-02-13,5.06,5.98,5.07
2001-02-14,5.19,6.03,5.13
2001-02-15,5.14,6.01,5.19
2001-02-16,5.32,6.1,5.11
2001-02-19,5.4,6.25,
2001-02-20,5.4,6.23,5.11
2001-02-21,5.72,6.62,5.14
2001-02-22,5.66,6.75,5.15
2001-02-23,6,7.08,5.1
2001-02-26,5.87,6.99,5.05
2001-02-27,5.74,6.89,4.96
2001-02-28,5.43,6.49,4.92
2001-03-01,,,4.87
2001-03-02,5.55,6.55,4.95
2001-03-05,5.58,6.58,4.98
2001-03-06,5.83,6.76,4.99
2001-03-07,6.04,7.01,4.92
2001-03-08,6.3,7.21,4.89
2001-03-09,5.99,7.03,4.95
2001-03-12,6.09,7.12,4.92
2001-03-13,6.09,7.12,4.95
2001-03-14,5.74,6.88,4.84
2001-03-15,5.57,6.75,4.81
2001-03-16,5.61,6.84,4.78
2001-03-19,5.64,6.9,4.82
2001-03-20,5.63,6.91,4.78
2001-03-21,5.71,7.05,4.77
2001-03-22,5.85,7.15,4.73
2001-03-23,5.76,7.09,4.8
2001-03-26,5.68,7.01,4.85
2001-03-27,5.72,7.02,5
2001-03-28,5.88,7.15,4.97
2001-03-29,6.12,7.32,4.98
2001-03-30,6.31,7.51,4.93
2001-04-02,6.66,7.76,4.98
2001-04-03,6.46,7.62,4.94
2001-04-04,6.7,7.82,4.94
2001-04-05,,,4.98
2001-04-06,6.58,7.76,4.89
2001-04-09,6.5,7.72,4.93
2001-04-10,6.44,7.67,5.09
2001-04-11,6.4,7.63,5.12
2001-04-12,6.38,7.63,5.17
2001-04-13,6.4,7.62,
2001-04-16,6.42,7.64,5.28
2001-04-17,6.4,7.63,5.21
2001-04-18,6.47,7.66,5.14
2001-04-19,6.48,7.66,5.27
2001-04-20,6.6,7.7,5.29
2001-04-23,6.72,7.82,5.2
2001-04-24,6.72,7.83,5.22
2001-04-25,6.75,7.85,5.28
2001-04-26,6.93,7.95,5.2
2001-04-27,6.85,7.9,5.34
2001-04-30,6.8,7.85,5.35
2001-05-01,,,5.3
2001-05-02,6.57,7.64,5.31
2001-05-03,6.5,7.6,5.22
2001-05-04,6.45,7.58,5.21
2001-05-07,6.5,7.64,5.21
2001-05-08,6.47,7.63,5.24
2001-05-09,6.42,7.57,5.2
2001-05-10,6.43,7.57,5.31
2001-05-11,6.44,7.59,5.51
2001-05-14,6.54,7.65,5.46
2001-05-15,6.65,7.72,5.5
2001-05-16,6.61,7.73,5.48
2001-05-17,6.61,7.72,5.46
2001-05-18,6.59,7.7,5.41
2001-05-21,6.54,7.64,5.41
2001-05-22,6.53,7.62,5.42
2001-05-23,6.53,7.6,5.41
2001-05-24,6.4,7.51,5.52
2001-05-25,6.42,7.51,5.52
2001-05-28,6.26,7.4,
2001-05-29,6.3,7.38,5.54
2001-05-30,6.16,7.29,5.54
2001-05-31,6.17,7.29,5.43
2001-06-01,6.15,7.28,5.39
2001-06-04,6.11,7.26,5.35
2001-06-05,6.23,7.34,5.29
2001-06-06,,,5.27
2001-06-07,6.23,7.34,5.33
2001-06-08,6.1,7.25,5.38
2001-06-11,6.1,7.26,5.32
2001-06-12,6.13,7.28,5.27
2001-06-13,6.1,7.26,5.28
2001-06-14,6.07,7.24,5.26
2001-06-15,6.05,7.23,5.27
2001-06-18,6.14,7.39,5.27
2001-06-19,6.12,7.36,5.26
2001-06-20,6,7.16,5.24
2001-06-21,5.98,7.07,5.22
2001-06-22,5.93,7.01,5.14
2001-06-25,5.86,6.91,5.16
2001-06-26,5.89,6.91,5.24
2001-06-27,5.92,6.89,5.26
2001-06-28,5.9,6.8,5.35
2001-06-29,5.93,6.78,5.42
2001-07-02,5.96,6.84,5.37
2001-07-03,6.05,6.93,5.41
2001-07-04,6.03,6.93,
2001-07-05,5.98,6.88,5.44
2001-07-06,5.92,6.87,5.41
2001-07-09,5.9,6.86,5.37
2001-07-10,5.9,6.86,5.32
2001-07-11,5.8,6.85,5.31
2001-07-12,5.75,6.84,5.27
2001-07-13,5.79,6.87,5.27
2001-07-16,5.79,6.89,5.21
2001-07-17,,,5.22
2001-07-18,5.66,6.84,5.12
2001-07-19,5.57,6.77,5.13
2001-07-20,5.57,6.78,5.15
2001-07-23,5.61,6.8,5.13
2001-07-24,5.58,6.78,5.13
2001-07-25,5.58,6.75,5.2
2001-07-26,5.57,6.73,5.19
2001-07-27,5.6,6.76,5.13
2001-07-30,5.63,6.78,5.11
2001-07-31,5.58,6.78,5.07
2001-08-01,5.48,6.71,5.11
2001-08-02,5.47,6.71,5.17
2001-08-03,5.42,6.68,5.2
2001-08-06,5.41,6.69,5.19
2001-08-07,5.37,6.68,5.2
2001-08-08,5.34,6.66,4.99
2001-08-09,5.14,6.45,5.04
2001-08-10,5.02,6.33,4.99
2001-08-13,4.96,6.19,4.97
2001-08-14,5.1,6.22,4.97
2001-08-15,,,5
2001-08-16,5.12,6.23,4.95
2001-08-17,5.02,6.14,4.84
2001-08-20,4.97,5.9,4.91
2001-08-21,4.99,5.93,4.87
2001-08-22,4.94,5.91,4.91
2001-08-23,5.06,6.01,4.89
2001-08-24,5.07,6.05,4.93
2001-08-27,5.15,6.16,4.94
2001-08-28,5.12,6.16,4.85
2001-08-29,5.02,6.08,4.78
2001-08-30,5.14,6.19,4.79
2001-08-31,5.15,6.24,4.85
2001-09-03,5.01,6.12,
2001-09-04,5.02,6.12,4.99
2001-09-05,5.12,6.21,4.97
2001-09-06,5.17,6.26,4.86
2001-09-07,5.2,6.28,4.8
2001-09-10,5.16,6.3,4.84
2001-09-11,5.18,6.34,
2001-09-12,5.05,6.18,
2001-09-13,4.99,6.12,4.64
2001-09-14,4.92,6.08,4.57
2001-09-17,4.97,6.34,4.63
2001-09-18,4.9,6.3,4.72
2001-09-19,4.67,6.16,4.69
2001-09-20,4.7,6.2,4.75
2001-09-21,4.72,6.22,4.7
2001-09-24,4.68,6.22,4.73
2001-09-25,4.66,6.19,4.72
2001-09-26,4.65,6.18,4.65
2001-09-27,4.57,6.1,4.58
2001-09-28,4.45,6.03,4.6
2001-10-01,,,4.55
2001-10-02,,,4.53
2001-10-03,,,4.5
2001-10-04,4.34,6.02,4.53
2001-10-05,4.39,6.08,4.52
2001-10-08,4.41,6.16,
2001-10-09,4.38,6.15,4.62
2001-10-10,4.5,6.26,4.61
2001-10-11,4.82,6.53,4.69
2001-10-12,4.85,6.63,4.68
2001-10-15,4.7,6.49,4.62
2001-10-16,4.74,6.57,4.59
2001-10-17,4.81,6.6,4.59
2001-10-18,4.82,6.63,4.58
2001-10-19,4.76,6.56,4.63
2001-10-22,4.72,6.56,4.63
2001-10-23,4.77,6.63,4.66
2001-10-24,4.9,6.74,4.61
2001-10-25,4.98,6.84,4.56
2001-10-26,4.98,6.85,4.53
2001-10-29,4.98,6.85,4.5
2001-10-30,5.03,6.85,4.44
2001-10-31,4.98,6.85,4.3
2001-11-01,4.87,6.78,4.24
2001-11-02,4.79,6.73,4.37
2001-11-05,4.86,6.73,4.31
2001-11-06,4.83,6.65,4.3
2001-11-07,4.87,6.64,4.22
2001-11-08,4.87,6.63,4.32
2001-11-09,4.9,6.63,4.34
2001-11-12,4.94,6.64,
2001-11-13,4.95,6.64,4.41
2001-11-14,5.25,6.83,4.54
2001-11-15,5.53,7.01,4.79
2001-11-16,5.59,7.01,4.91
2001-11-19,5.63,7.12,4.8
2001-11-20,5.55,7.01,4.88
2001-11-21,5.68,7.09,4.98
2001-11-22,5.89,7.18,
2001-11-23,5.82,7.13,5.04
2001-11-26,5.89,7.1,5.05
2001-11-27,5.92,7.08,4.98
2001-11-28,5.7,6.92,4.98
2001-11-29,5.78,6.98,4.79
2001-11-30,5.68,6.88,4.78
2001-12-03,5.61,6.81,4.75
2001-12-04,5.72,6.87,4.7
2001-12-05,5.84,6.94,4.92
2001-12-06,6.14,7.16,5.04
2001-12-07,6.18,7.18,5.2
2001-12-10,6.2,7.2,5.17
2001-12-11,6.13,7.12,5.13
2001-12-12,6.15,7.12,5.02
2001-12-13,6.08,7.06,5.13
2001-12-14,5.94,6.99,5.24
2001-12-17,5.89,6.98,5.26
2001-12-18,5.79,6.91,5.16
2001-12-19,5.83,6.94,5.08
2001-12-20,5.88,6.99,5.08
2001-12-21,5.87,6.99,5.12
2001-12-24,5.87,6.99,5.18
2001-12-26,5.81,6.95,5.22
2001-12-27,5.84,6.98,5.13
2001-12-28,5.91,7.02,5.15
2001-12-31,5.91,7.02,5.07
2002-01-02,6.15,7.13,5.2
2002-01-03,6.17,7.12,5.16
2002-01-04,6.17,7.09,5.18
2002-01-07,6.15,7.06,5.09
2002-01-08,6.21,7.08,5.1
2002-01-09,6.15,7.09,5.1
2002-01-10,6.14,7.09,5
2002-01-11,6,7.03,4.92
2002-01-14,6.06,7.07,4.91
2002-01-15,6.02,7.04,4.88
2002-01-16,5.98,7.03,4.88
2002-01-17,5.96,7.04,4.98
2002-01-18,5.96,7.04,4.94
2002-01-21,5.96,7.09,
2002-01-22,6.05,7.16,4.96
2002-01-23,6.08,7.16,5.05
2002-01-24,6.15,7.19,5.07
2002-01-25,6.12,7.16,5.1
2002-01-28,6.18,7.17,5.12
2002-01-29,6.15,7.16,5.02
2002-01-30,6.05,7.12,5.02
2002-01-31,6.03,7.11,5.07
2002-02-01,5.95,7.08,5.02
2002-02-04,5.95,7.08,4.94
2002-02-05,5.92,7.05,4.92
2002-02-06,5.94,7.04,4.92
2002-02-07,5.85,7,4.93
2002-02-08,5.9,7.02,4.9
2002-02-11,,,4.91
2002-02-12,,,4.97
2002-02-13,,,5.01
2002-02-14,6,7.05,4.95
2002-02-15,5.99,7.04,4.86
2002-02-18,5.97,7.04,
2002-02-19,5.95,7,4.88
2002-02-20,5.96,7,4.88
2002-02-21,5.93,6.96,4.88
2002-02-22,5.93,6.96,4.84
2002-02-25,5.89,6.93,4.86
2002-02-26,5.85,6.91,4.93
2002-02-27,5.85,6.91,4.84
2002-02-28,5.71,6.81,4.88
2002-03-01,,,4.98
2002-03-04,5.9,6.9,5.02
2002-03-05,5.93,6.9,5.02
2002-03-06,6.05,6.96,5.06
2002-03-07,6.05,6.96,5.22
2002-03-08,6.19,7.06,5.33
2002-03-11,6.22,7.08,5.33
2002-03-12,6.23,7.08,5.32
2002-03-13,6.35,7.15,5.28
2002-03-14,6.36,7.15,5.4
2002-03-15,6.44,7.25,5.35
2002-03-18,6.4,7.31,5.32
2002-03-19,6.55,7.37,5.33
2002-03-20,6.48,7.35,5.4
2002-03-21,6.48,7.34,5.39
2002-03-22,6.46,7.32,5.4
2002-03-25,6.44,7.3,5.41
2002-03-26,6.48,7.33,5.35
2002-03-27,6.46,7.31,5.35
2002-03-28,6.37,7.26,5.42
2002-03-29,6.39,7.25,
2002-04-01,6.46,7.3,5.44
2002-04-02,6.53,7.34,5.36
2002-04-03,6.49,7.34,5.3
2002-04-04,6.52,7.35,5.28
2002-04-05,,,5.22
2002-04-08,6.52,7.34,5.25
2002-04-09,6.58,7.36,5.22
2002-04-10,6.52,7.33,5.24
2002-04-11,6.53,7.34,5.22
2002-04-12,6.48,7.3,5.18
2002-04-15,6.46,7.29,5.15
2002-04-16,6.51,7.31,5.2
2002-04-17,6.51,7.31,5.24
2002-04-18,6.49,7.29,5.23
2002-04-19,6.47,7.28,5.21
2002-04-22,6.49,7.29,5.19
2002-04-23,6.47,7.28,5.18
2002-04-24,6.44,7.27,5.11
2002-04-25,6.4,7.27,5.1
2002-04-26,6.37,7.25,5.08
2002-04-29,6.33,7.22,5.13
2002-04-30,6.33,7.22,5.11
2002-05-01,,,5.08
2002-05-02,6.31,7.2,5.13
2002-05-03,6.28,7.18,5.08
2002-05-06,6.29,7.19,5.1
2002-05-07,6.34,7.22,5.09
2002-05-08,6.38,7.19,5.24
2002-05-09,6.4,7.2,5.2
2002-05-10,6.29,7.13,5.15
2002-05-13,6.25,7.09,5.23
2002-05-14,6.24,7.08,5.32
2002-05-15,6.32,7.09,5.28
2002-05-16,6.31,7.08,5.2
2002-05-17,6.32,7.08,5.27
2002-05-20,6.32,7.08,5.21
2002-05-21,6.28,7.06,5.18
2002-05-22,6.33,7.08,5.13
2002-05-23,6.31,7.05,5.16
2002-05-24,6.31,7.05,5.16
2002-05-27,6.31,7.05,
2002-05-28,6.32,7.05,5.16
2002-05-29,6.28,7.02,5.11
2002-05-30,6.15,6.93,5.06
2002-05-31,6.14,6.92,5.08
2002-06-03,6.14,6.92,5.06
2002-06-04,6.08,6.88,5.04
2002-06-05,6.1,6.89,5.08
2002-06-06,,,5.04
2002-06-07,6.05,6.86,5.1
2002-06-10,6.06,6.87,5.07
2002-06-11,6.08,6.88,5.02
2002-06-12,6.09,6.89,4.98
2002-06-13,,,4.94
2002-06-14,6.08,6.89,4.83
2002-06-17,5.98,6.8,4.89
2002-06-18,5.95,6.78,4.88
2002-06-19,5.89,6.74,4.76
2002-06-20,5.89,6.74,4.85
2002-06-21,5.86,6.72,4.79
2002-06-24,5.83,6.7,4.87
2002-06-25,5.75,6.64,4.88
2002-06-26,5.52,6.46,4.75
2002-06-27,5.61,6.5,4.84
2002-06-28,5.66,6.51,4.86
2002-07-01,,,4.85
2002-07-02,5.62,6.47,4.77
2002-07-03,5.66,6.48,4.78
2002-07-04,5.76,6.55,
2002-07-05,5.91,6.68,4.9
2002-07-08,5.86,6.64,4.84
2002-07-09,5.93,6.68,4.78
2002-07-10,5.91,6.67,4.66
2002-07-11,5.8,6.6,4.66
2002-07-12,5.88,6.66,4.63
2002-07-15,5.84,6.64,4.66
2002-07-16,5.83,6.65,4.75
2002-07-17,,,4.71
2002-07-18,5.84,6.66,4.66
2002-07-19,5.7,6.58,4.61
2002-07-22,5.45,6.38,4.51
2002-07-23,5.64,6.5,4.47
2002-07-24,5.54,6.44,4.49
2002-07-25,5.5,6.41,4.43
2002-07-26,5.43,6.35,4.43
2002-07-29,5.46,6.38,4.62
2002-07-30,5.57,6.47,4.65
2002-07-31,5.54,6.45,4.51
2002-08-01,5.48,6.4,4.47
2002-08-02,5.39,6.32,4.33
2002-08-05,5.26,6.16,4.29
2002-08-06,5.32,6.21,4.42
2002-08-07,5.3,6.19,4.35
2002-08-08,5.28,6.18,4.4
2002-08-09,5.27,6.18,4.27
2002-08-12,5.26,6.17,4.22
2002-08-13,5.26,6.17,4.12
2002-08-14,5.24,6.14,4.06
2002-08-15,,,4.17
2002-08-16,5.27,6.16,4.32
2002-08-19,5.29,6.16,4.29
2002-08-20,5.35,6.18,4.17
2002-08-21,5.41,6.23,4.2
2002-08-22,5.44,6.25,4.3
2002-08-23,5.48,6.28,4.25
2002-08-26,5.57,6.35,4.22
2002-08-27,5.56,6.37,4.29
2002-08-28,5.56,6.36,4.22
2002-08-29,5.53,6.34,4.16
2002-08-30,5.45,6.26,4.14
2002-09-02,5.5,6.28,
2002-09-03,5.45,6.22,3.98
2002-09-04,5.35,6.13,3.96
2002-09-05,5.34,6.12,3.91
2002-09-06,5.29,6.09,4.05
2002-09-09,5.31,6.1,4.05
2002-09-10,5.39,6.18,4
2002-09-11,5.5,6.28,4.07
2002-09-12,5.47,6.26,3.98
2002-09-13,5.34,6.17,3.92
2002-09-16,5.34,6.16,3.9
2002-09-17,5.51,6.28,3.87
2002-09-18,5.37,6.17,3.86
2002-09-19,5.38,6.18,3.79
2002-09-20,,,3.79
2002-09-23,5.32,6.13,3.7
2002-09-24,5.31,6.11,3.69
2002-09-25,5.32,6.11,3.77
2002-09-26,5.29,6.1,3.79
2002-09-27,5.3,6.1,3.69
2002-09-30,5.3,6.1,3.63
2002-10-01,5.31,6.11,3.72
2002-10-02,5.34,6.11,3.71
2002-10-03,,,3.7
2002-10-04,5.38,6.14,3.69
2002-10-07,5.38,6.14,3.64
2002-10-08,5.41,6.16,3.65
2002-10-09,5.39,6.16,3.61
2002-10-10,5.33,6.1,3.68
2002-10-11,5.33,6.1,3.83
2002-10-14,5.36,6.12,
2002-10-15,5.38,6.13,4.07
2002-10-16,5.4,6.14,4.06
2002-10-17,5.5,6.19,4.16
2002-10-18,5.49,6.18,4.14
2002-10-21,5.45,6.15,4.24
2002-10-22,5.45,6.15,4.27
2002-10-23,5.46,6.15,4.26
2002-10-24,5.43,6.13,4.16
2002-10-25,5.4,6.11,4.12
2002-10-28,5.37,6.03,4.1
2002-10-29,5.35,6.01,3.97
2002-10-30,5.35,6.01,3.99
2002-10-31,5.33,5.98,3.93
2002-11-01,5.31,5.96,4.01
2002-11-04,5.35,5.99,4.07
2002-11-05,5.34,5.98,4.1
2002-11-06,5.35,5.99,4.09
2002-11-07,5.28,5.91,3.88
2002-11-08,5.24,5.85,3.85
2002-11-11,5.23,5.84,
2002-11-12,5.2,5.78,3.84
2002-11-13,5.17,5.72,3.84
2002-11-14,5.18,5.69,4.03
2002-11-15,5.27,5.74,4.05
2002-11-18,5.24,5.67,4.02
2002-11-19,5.22,5.63,3.99
2002-11-20,5.24,5.65,4.08
2002-11-21,5.27,5.67,4.14
2002-11-22,5.3,5.7,4.18
2002-11-25,5.37,5.79,4.19
2002-11-26,5.35,5.77,4.08
2002-11-27,5.39,5.81,4.26
2002-11-28,5.41,5.85,
2002-11-29,5.35,5.8,4.22
2002-12-02,5.39,5.87,4.22
2002-12-03,5.4,5.88,4.24
2002-12-04,5.37,5.85,4.18
2002-12-05,5.39,5.86,4.13
2002-12-06,5.39,5.86,4.09
2002-12-09,5.34,5.81,4.06
2002-12-10,5.34,5.81,4.06
2002-12-11,5.31,5.78,4.01
2002-12-12,5.3,5.78,4.01
2002-12-13,5.27,5.76,4.07
2002-12-16,5.27,5.76,4.15
2002-12-17,5.28,5.77,4.13
2002-12-18,5.27,5.76,4.06
2002-12-19,,,3.96
2002-12-20,5.24,5.72,3.97
2002-12-23,5.23,5.71,3.98
2002-12-24,5.24,5.72,3.95
2002-12-26,5.19,5.69,3.93
2002-12-27,5.19,5.69,3.83
2002-12-30,5.13,5.63,3.82
2002-12-31,5.11,5.61,3.83
2003-01-02,5.07,5.57,4.07
2003-01-03,5.09,5.59,4.05
2003-01-06,5.1,5.59,4.09
2003-01-07,5.05,5.55,4.04
2003-01-08,5.06,5.52,4
2003-01-09,5.06,5.52,4.19
2003-01-10,5.03,5.49,4.16
2003-01-13,5.05,5.5,4.15
2003-01-14,5.01,5.46,4.1
2003-01-15,4.98,5.43,4.1
2003-01-16,4.96,5.42,4.1
2003-01-17,4.96,5.42,4.05
2003-01-20,4.96,5.42,
2003-01-21,4.93,5.4,4.01
2003-01-22,4.89,5.37,3.95
2003-01-23,4.91,5.38,3.98
2003-01-24,4.9,5.38,3.94
2003-01-27,4.87,5.36,3.98
2003-01-28,4.81,5.25,4
2003-01-29,4.74,5.16,4.06
2003-01-30,4.77,5.19,4
2003-01-31,,,4
2003-02-03,4.79,5.2,4.01
2003-02-04,4.76,5.17,3.96
2003-02-05,4.76,5.17,4.02
2003-02-06,4.7,5.1,3.97
2003-02-07,4.68,5.09,3.96
2003-02-10,4.68,5.09,3.99
2003-02-11,4.75,5.15,3.98
2003-02-12,4.81,5.2,3.93
2003-02-13,4.78,5.19,3.89
2003-02-14,4.77,5.19,3.95
2003-02-17,4.86,5.27,
2003-02-18,4.85,5.26,3.94
2003-02-19,4.78,5.19,3.88
2003-02-20,4.79,5.2,3.85
2003-02-21,4.73,5.14,3.9
2003-02-24,4.71,5.14,3.86
2003-02-25,4.65,5.09,3.81
2003-02-26,4.6,5.05,3.78
2003-02-27,4.57,5.04,3.76
2003-02-28,4.6,5.07,3.71
2003-03-03,4.64,5.1,3.68
2003-03-04,4.6,5.06,3.65
2003-03-05,4.6,5.06,3.63
2003-03-06,4.6,5.06,3.67
2003-03-07,4.62,5.08,3.63
2003-03-10,4.65,5.1,3.59
2003-03-11,4.69,5.15,3.6
2003-03-12,5.2,5.59,3.6
2003-03-13,5.24,5.63,3.74
2003-03-14,5.08,5.5,3.72
2003-03-17,5.1,5.54,3.82
2003-03-18,5,5.43,3.91
2003-03-19,4.86,5.25,3.98
2003-03-20,4.82,5.21,4.01
2003-03-21,4.75,5.13,4.11
2003-03-24,4.75,5.09,3.98
2003-03-25,4.72,5.07,3.97
2003-03-26,4.65,5.02,3.96
2003-03-27,4.61,5,3.95
2003-03-28,4.68,5.06,3.92
2003-03-31,4.62,5.04,3.83
2003-04-01,4.61,5.04,3.84
2003-04-02,4.63,5.06,3.94
2003-04-03,4.6,5.04,3.93
2003-04-04,4.61,5.04,3.96
2003-04-07,4.65,5.08,4.03
2003-04-08,4.65,5.09,3.95
2003-04-09,4.68,5.11,3.93
2003-04-10,4.62,5.05,3.95
2003-04-11,4.58,5.02,4
2003-04-14,4.59,5.04,4.04
2003-04-15,4.59,5.04,3.98
2003-04-16,4.6,5.05,3.96
2003-04-17,4.6,5.05,3.98
2003-04-18,4.62,5.05,
2003-04-21,4.64,5.06,4
2003-04-22,4.61,5.04,4.01
2003-04-23,4.58,5.02,4.02
2003-04-24,4.57,5.01,3.93
2003-04-25,4.56,4.99,3.91
2003-04-28,4.52,4.95,3.92
2003-04-29,4.52,4.96,3.96
2003-04-30,4.46,4.9,3.89
2003-05-01,,,3.88
2003-05-02,4.4,4.84,3.94
2003-05-05,,,3.92
2003-05-06,4.4,4.84,3.84
2003-05-07,4.39,4.83,3.72
2003-05-08,,,3.7
2003-05-09,4.37,4.82,3.69
2003-05-12,4.39,4.84,3.64
2003-05-13,4.34,4.79,3.63
2003-05-14,4.25,4.72,3.53
2003-05-15,4.22,4.69,3.53
2003-05-16,4.22,4.69,3.46
2003-05-19,4.19,4.6,3.46
2003-05-20,4.25,4.63,3.38
2003-05-21,4.21,4.58,3.39
2003-05-22,4.26,4.62,3.34
2003-05-23,4.26,4.62,3.34
2003-05-26,4.28,4.64,
2003-05-27,4.24,4.61,3.41
2003-05-28,4.2,4.55,3.44
2003-05-29,4.11,4.49,3.34
2003-05-30,4.1,4.47,3.37
2003-06-02,4.13,4.49,3.43
2003-06-03,4.09,4.46,3.34
2003-06-04,4.08,4.45,3.3
2003-06-05,4.07,4.44,3.34
2003-06-06,,,3.37
2003-06-09,4.07,4.43,3.29
2003-06-10,4.04,4.4,3.2
2003-06-11,4.03,4.38,3.21
2003-06-12,4.06,4.4,3.18
2003-06-13,4.05,4.41,3.13
2003-06-16,3.95,4.34,3.18
2003-06-17,3.98,4.37,3.27
2003-06-18,3.95,4.35,3.37
2003-06-19,4,4.41,3.35
2003-06-20,4.09,4.5,3.4
2003-06-23,4.15,4.55,3.32
2003-06-24,4.09,4.53,3.29
2003-06-25,4.09,4.53,3.38
2003-06-26,4.12,4.56,3.55
2003-06-27,4.16,4.61,3.58
2003-06-30,4.16,4.61,3.54
2003-07-01,4.13,4.59,3.56
2003-07-02,4.08,4.54,3.56
2003-07-03,4.07,4.54,3.67
2003-07-04,4.21,4.66,
2003-07-07,4.22,4.68,3.74
2003-07-08,4.29,4.74,3.75
2003-07-09,4.31,4.77,3.73
2003-07-10,4.32,4.85,3.7
2003-07-11,4.2,4.78,3.66
2003-07-14,4.27,4.94,3.74
2003-07-15,4.32,5,3.94
2003-07-16,4.49,5.14,3.97
2003-07-17,,,3.98
2003-07-18,4.47,5.13,4
2003-07-21,4.44,5.12,4.19
2003-07-22,4.46,5.15,4.17
2003-07-23,4.42,5.12,4.12
2003-07-24,4.46,5.13,4.2
2003-07-25,4.48,5.15,4.22
2003-07-28,4.57,5.19,4.31
2003-07-29,4.68,5.24,4.42
2003-07-30,4.58,5.2,4.34
2003-07-31,4.58,5.24,4.49
2003-08-01,4.75,5.39,4.44
2003-08-04,4.67,5.34,4.35
2003-08-05,4.66,5.32,4.47
2003-08-06,4.65,5.31,4.32
2003-08-07,4.62,5.27,4.3
2003-08-08,4.58,5.17,4.27
2003-08-11,4.61,5.2,4.38
2003-08-12,4.63,5.19,4.37
2003-08-13,4.6,5.18,4.58
2003-08-14,4.66,5.24,4.55
2003-08-15,,,4.55
2003-08-18,4.67,5.34,4.49
2003-08-19,4.66,5.34,4.38
2003-08-20,4.63,5.32,4.45
2003-08-21,4.63,5.32,4.53
2003-08-22,4.64,5.32,4.48
2003-08-25,4.58,5.25,4.53
2003-08-26,4.57,5.23,4.5
2003-08-27,4.57,5.22,4.54
2003-08-28,4.5,5.15,4.42
2003-08-29,4.46,5.05,4.45
2003-09-01,4.42,5.03,
2003-09-02,4.43,5.03,4.61
2003-09-03,4.43,5.02,4.6
2003-09-04,4.4,4.89,4.52
2003-09-05,4.38,4.87,4.35
2003-09-08,4.31,4.8,4.41
2003-09-09,4.39,4.88,4.37
2003-09-10,,,4.28
2003-09-11,,,4.35
2003-09-12,,,4.27
2003-09-15,4.27,4.8,4.28
2003-09-16,4.27,4.81,4.29
2003-09-17,4.2,4.75,4.2
2003-09-18,4.17,4.72,4.19
2003-09-19,4.12,4.64,4.17
2003-09-22,4.13,4.63,4.26
2003-09-23,4.09,4.56,4.24
2003-09-24,4.08,4.56,4.16
2003-09-25,4.2,4.69,4.12
2003-09-26,4.18,4.69,4.04
2003-09-29,4.11,4.66,4.09
2003-09-30,4.11,4.66,3.96
2003-10-01,4,4.55,3.96
2003-10-02,3.98,4.54,4.03
2003-10-03,,,4.21
2003-10-06,4.06,4.62,4.17
2003-10-07,4.08,4.62,4.27
2003-10-08,4.12,4.67,4.27
2003-10-09,4.12,4.67,4.32
2003-10-10,4.17,4.74,4.29
2003-10-13,4.16,4.74,
2003-10-14,4.22,4.8,4.37
2003-10-15,4.21,4.8,4.43
2003-10-16,4.31,4.9,4.47
2003-10-17,4.33,4.91,4.41
2003-10-20,4.41,5,4.41
2003-10-21,4.41,5.02,4.38
2003-10-22,4.42,5.03,4.29
2003-10-23,4.35,4.99,4.34
2003-10-24,4.44,5.07,4.24
2003-10-27,4.47,5.1,4.3
2003-10-28,4.47,5.11,4.23
2003-10-29,4.39,5.02,4.31
2003-10-30,4.51,5.11,4.36
2003-10-31,4.48,5.09,4.33
2003-11-03,4.55,5.17,4.4
2003-11-04,4.65,5.25,4.33
2003-11-05,4.69,5.29,4.38
2003-11-06,4.68,5.29,4.45
2003-11-07,4.77,5.36,4.48
2003-11-10,4.7,5.3,4.49
2003-11-11,4.71,5.3,
2003-11-12,4.81,5.37,4.44
2003-11-13,4.92,5.44,4.3
2003-11-14,4.95,5.45,4.22
2003-11-17,4.88,5.45,4.18
2003-11-18,4.97,5.53,4.17
2003-11-19,4.87,5.45,4.24
2003-11-20,4.78,5.32,4.16
2003-11-21,4.71,5.29,4.15
2003-11-24,4.71,5.29,4.23
2003-11-25,4.71,5.3,4.19
2003-11-26,4.7,5.29,4.25
2003-11-27,4.76,5.33,
2003-11-28,4.88,5.43,4.34
2003-12-01,5.01,5.52,4.4
2003-12-02,5,5.52,4.38
2003-12-03,5.06,5.55,4.41
2003-12-04,5.06,5.55,4.38
2003-12-05,4.99,5.5,4.23
2003-12-08,4.88,5.43,4.29
2003-12-09,4.91,5.46,4.32
2003-12-10,4.9,5.45,4.3
2003-12-11,4.83,5.4,4.27
2003-12-12,4.84,5.4,4.26
2003-12-15,4.96,5.5,4.28
2003-12-16,4.84,5.43,4.24
2003-12-17,4.84,5.43,4.19
2003-12-18,4.84,5.43,4.16
2003-12-19,4.81,5.41,4.15
2003-12-22,4.8,5.39,4.18
2003-12-23,4.79,5.38,4.28
2003-12-24,4.77,5.36,4.2
2003-12-26,4.73,5.32,4.17
2003-12-29,4.73,5.32,4.24
2003-12-30,4.81,5.37,4.29
2003-12-31,4.82,5.38,4.27
2004-01-02,4.8,5.36,4.38
2004-01-05,4.87,5.42,4.41
2004-01-06,4.87,5.42,4.29
2004-01-07,4.89,5.43,4.27
2004-01-08,4.94,5.47,4.27
2004-01-09,4.97,5.45,4.11
2004-01-12,4.87,5.37,4.11
2004-01-13,4.84,5.34,4.05
2004-01-14,4.82,5.33,4.01
2004-01-15,4.8,5.31,3.99
2004-01-16,4.83,5.33,4.04
2004-01-19,4.92,5.48,
2004-01-20,4.94,5.49,4.08
2004-01-21,,,4.05
2004-01-22,,,3.99
2004-01-23,,,4.09
2004-01-26,4.93,5.49,4.16
2004-01-27,4.9,5.47,4.11
2004-01-28,4.87,5.44,4.22
2004-01-29,4.92,5.49,4.22
2004-01-30,4.94,5.5,4.16
2004-02-02,4.95,5.5,4.18
2004-02-03,4.91,5.47,4.13
2004-02-04,4.89,5.46,4.15
2004-02-05,4.9,5.47,4.2
2004-02-06,4.94,5.48,4.12
2004-02-09,4.89,5.44,4.09
2004-02-10,4.87,5.43,4.13
2004-02-11,4.84,5.42,4.05
2004-02-12,4.8,5.39,4.1
2004-02-13,4.82,5.41,4.05
2004-02-16,4.82,5.46,
2004-02-17,4.78,5.43,4.05
2004-02-18,4.75,5.4,4.05
2004-02-19,4.75,5.4,4.05
2004-02-20,4.75,5.4,4.1
2004-02-23,4.8,5.44,4.05
2004-02-24,4.77,5.42,4.04
2004-02-25,4.73,5.38,4.02
2004-02-26,4.76,5.42,4.05
2004-02-27,4.78,5.43,3.99
2004-03-01,,,4
2004-03-02,4.75,5.39,4.05
2004-03-03,4.79,5.41,4.07
2004-03-04,4.78,5.4,4.04
2004-03-05,4.77,5.39,3.85
2004-03-08,4.68,5.3,3.78
2004-03-09,4.66,5.29,3.73
2004-03-10,4.66,5.29,3.74
2004-03-11,4.6,5.23,3.74
2004-03-12,4.57,5.21,3.78
2004-03-15,4.57,5.23,3.78
2004-03-16,4.6,5.27,3.7
2004-03-17,4.56,5.25,3.71
2004-03-18,4.52,5.23,3.76
2004-03-19,4.52,5.23,3.8
2004-03-22,4.48,5.21,3.74
2004-03-23,4.4,5.11,3.73
2004-03-24,4.41,5.11,3.73
2004-03-25,4.42,5.11,3.75
2004-03-26,4.51,5.22,3.85
2004-03-29,4.56,5.27,3.91
2004-03-30,4.53,5.25,3.91
2004-03-31,4.5,5.21,3.86
2004-04-01,4.4,5.12,3.91
2004-04-02,4.42,5.14,4.15
2004-04-05,,,4.24
2004-04-06,4.63,5.32,4.19
2004-04-07,4.57,5.26,4.19
2004-04-08,4.56,5.25,4.21
2004-04-09,4.49,5.19,
2004-04-12,4.54,5.24,4.25
2004-04-13,4.55,5.25,4.35
2004-04-14,4.65,5.33,4.4
2004-04-15,,,4.42
2004-04-16,4.6,5.29,4.37
2004-04-19,4.59,5.3,4.39
2004-04-20,4.58,5.29,4.43
2004-04-21,4.63,5.34,4.45
2004-04-22,4.6,5.31,4.4
2004-04-23,4.55,5.26,4.48
2004-04-26,4.54,5.25,4.46
2004-04-27,4.52,5.24,4.43
2004-04-28,4.51,5.23,4.5
2004-04-29,4.49,5.22,4.55
2004-04-30,4.43,5.18,4.53
2004-05-03,4.49,5.23,4.53
2004-05-04,4.49,5.23,4.56
2004-05-05,,,4.61
2004-05-06,4.44,5.2,4.63
2004-05-07,4.42,5.18,4.79
2004-05-10,4.42,5.19,4.81
2004-05-11,4.43,5.2,4.79
2004-05-12,4.41,5.19,4.83
2004-05-13,4.39,5.17,4.85
2004-05-14,4.39,5.15,4.79
2004-05-17,4.4,5.17,4.7
2004-05-18,4.41,5.18,4.74
2004-05-19,4.43,5.2,4.79
2004-05-20,4.43,5.2,4.72
2004-05-21,4.39,5.16,4.76
2004-05-24,4.37,5.15,4.75
2004-05-25,4.31,5.12,4.73
2004-05-26,,,4.67
2004-05-27,4.28,5.08,4.6
2004-05-28,4.23,5,4.66
2004-05-31,4.24,4.95,
2004-06-01,4.28,4.98,4.71
2004-06-02,4.27,4.97,4.74
2004-06-03,4.18,4.88,4.71
2004-06-04,4.19,4.88,4.78
2004-06-07,4.22,4.9,4.78
2004-06-08,4.24,4.92,4.78
2004-06-09,4.26,4.96,4.82
2004-06-10,4.23,4.94,4.81
2004-06-11,4.23,4.94,
2004-06-14,4.31,5.02,4.89
2004-06-15,4.33,5.05,4.69
2004-06-16,4.28,5.01,4.74
2004-06-17,4.37,5.09,4.71
2004-06-18,4.39,5.1,4.72
2004-06-21,4.35,5.15,4.7
2004-06-22,4.32,5.13,4.72
2004-06-23,4.31,5.12,4.71
2004-06-24,4.3,5.1,4.66
2004-06-25,4.31,5.09,4.66
2004-06-28,4.28,5.06,4.76
2004-06-29,4.29,5.06,4.7
2004-06-30,4.24,4.97,4.62
2004-07-01,4.22,4.93,4.57
2004-07-02,4.24,4.95,4.48
2004-07-05,4.21,4.9,
2004-07-06,4.21,4.9,4.49
2004-07-07,4.2,4.89,4.5
2004-07-08,4.23,4.92,4.49
2004-07-09,4.23,4.92,4.49
2004-07-12,4.25,4.96,4.46
2004-07-13,4.25,4.96,4.5
2004-07-14,4.22,4.94,4.5
2004-07-15,4.21,4.93,4.5
2004-07-16,4.21,4.93,4.38
2004-07-19,4.19,4.92,4.38
2004-07-20,4.19,4.9,4.47
2004-07-21,4.2,4.91,4.5
2004-07-22,4.2,4.91,4.48
2004-07-23,4.18,4.89,4.45
2004-07-26,4.15,4.82,4.49
2004-07-27,4.12,4.77,4.62
2004-07-28,4.1,4.74,4.61
2004-07-29,4.11,4.72,4.6
2004-07-30,4.08,4.69,4.5
2004-08-02,4.08,4.66,4.48
2004-08-03,4.07,4.61,4.45
2004-08-04,4.06,4.55,4.45
2004-08-05,4.09,4.61,4.43
2004-08-06,4.12,4.63,4.24
2004-08-09,4.08,4.57,4.28
2004-08-10,4.04,4.5,4.32
2004-08-11,4.04,4.48,4.3
2004-08-12,3.87,4.31,4.27
2004-08-13,3.74,4.19,4.22
2004-08-16,3.74,4.22,4.26
2004-08-17,3.71,4.19,4.21
2004-08-18,3.7,4.18,4.23
2004-08-19,3.67,4.18,4.22
2004-08-20,3.67,4.2,4.24
2004-08-23,3.72,4.25,4.28
2004-08-24,3.69,4.23,4.28
2004-08-25,3.64,4.15,4.26
2004-08-26,3.62,4.14,4.22
2004-08-27,3.59,4.13,4.23
2004-08-30,3.57,4.12,4.19
2004-08-31,3.56,4.11,4.13
2004-09-01,3.59,4.15,4.13
2004-09-02,3.62,4.17,4.2
2004-09-03,3.62,4.16,4.3
2004-09-06,3.64,4.17,
2004-09-07,3.65,4.17,4.26
2004-09-08,3.63,4.15,4.18
2004-09-09,3.65,4.18,4.22
2004-09-10,3.63,4.18,4.19
2004-09-13,3.65,4.22,4.16
2004-09-14,3.62,4.21,4.15
2004-09-15,3.59,4.2,4.18
2004-09-16,3.57,4.19,4.08
2004-09-17,3.56,4.15,4.14
2004-09-20,3.54,4.11,4.07
2004-09-21,3.52,4.05,4.05
2004-09-22,3.52,4.04,4
2004-09-23,3.55,4.04,4.02
2004-09-24,3.55,4.04,4.04
2004-09-27,,,4.01
2004-09-28,,,4.02
2004-09-29,,,4.1
2004-09-30,3.53,4.02,4.14
2004-10-01,3.51,3.99,4.21
2004-10-04,3.42,3.88,4.19
2004-10-05,3.4,3.87,4.18
2004-10-06,3.46,3.94,4.23
2004-10-07,3.63,4.14,4.26
2004-10-08,3.68,4.22,4.15
2004-10-11,3.64,4.18,
2004-10-12,3.63,4.17,4.12
2004-10-13,3.61,4.15,4.09
2004-10-14,3.56,4.07,4.03
2004-10-15,3.56,4.06,4.07
2004-10-18,3.57,4.09,4.07
2004-10-19,3.57,4.1,4.07
2004-10-20,3.56,4.09,4.01
2004-10-21,3.55,4.07,4.01
2004-10-22,3.54,4.04,4
2004-10-25,3.52,4.02,3.99
2004-10-26,3.48,3.98,4.01
2004-10-27,3.48,3.98,4.11
2004-10-28,3.5,3.99,4.09
2004-10-29,3.45,3.95,4.05
2004-11-01,3.47,3.97,4.11
2004-11-02,3.51,4,4.1
2004-11-03,3.56,4.06,4.09
2004-11-04,3.54,4.04,4.1
2004-11-05,3.56,4.06,4.21
2004-11-08,3.51,3.99,4.22
2004-11-09,3.51,3.99,4.22
2004-11-10,3.57,4.07,4.25
2004-11-11,3.37,3.88,
2004-11-12,3.37,3.89,4.2
2004-11-15,3.41,3.93,4.2
2004-11-16,3.38,3.91,4.21
2004-11-17,3.37,3.91,4.14
2004-11-18,3.4,3.97,4.12
2004-11-19,3.37,3.95,4.2
2004-11-22,3.37,3.96,4.18
2004-11-23,3.33,3.93,4.19
2004-11-24,3.33,3.93,4.2
2004-11-25,3.32,3.92,
2004-11-26,3.31,3.91,4.24
2004-11-29,3.31,3.93,4.34
2004-11-30,3.31,3.93,4.36
2004-12-01,3.28,3.91,4.38
2004-12-02,3.29,3.92,4.4
2004-12-03,3.29,3.93,4.27
2004-12-06,3.28,3.9,4.24
2004-12-07,3.24,3.87,4.23
2004-12-08,3.26,3.88,4.14
2004-12-09,3.29,3.89,4.19
2004-12-10,3.31,3.91,4.16
2004-12-13,3.31,3.91,4.16
2004-12-14,3.28,3.86,4.14
2004-12-15,3.28,3.84,4.09
2004-12-16,3.26,3.82,4.19
2004-12-17,3.26,3.82,4.21
2004-12-20,3.27,3.83,4.21
2004-12-21,3.26,3.81,4.18
2004-12-22,3.27,3.81,4.21
2004-12-23,3.27,3.81,4.23
2004-12-24,3.27,3.81,
2004-12-27,3.28,3.82,4.3
2004-12-28,3.29,3.83,4.31
2004-12-29,3.28,3.82,4.33
2004-12-30,3.28,3.82,4.27
2004-12-31,3.28,3.81,4.24
2005-01-03,3.38,3.93,4.23
2005-01-04,3.37,3.99,4.29
2005-01-05,3.34,4,4.29
2005-01-06,3.37,4.13,4.29
2005-01-07,3.36,4.13,4.29
2005-01-10,3.35,4.16,4.29
2005-01-11,3.44,4.31,4.26
2005-01-12,3.45,4.32,4.25
2005-01-13,3.58,4.38,4.2
2005-01-14,3.72,4.52,4.23
2005-01-17,3.77,4.63,
2005-01-18,3.67,4.47,4.21
2005-01-19,3.68,4.44,4.2
2005-01-20,3.73,4.46,4.17
2005-01-21,3.94,4.68,4.16
2005-01-24,3.92,4.69,4.14
2005-01-25,3.87,4.67,4.2
2005-01-26,3.84,4.66,4.21
2005-01-27,3.83,4.63,4.22
2005-01-28,3.94,4.75,4.16
2005-01-31,4.06,4.85,4.14
2005-02-01,4.03,4.8,4.15
2005-02-02,4.02,4.8,4.15
2005-02-03,4.06,4.8,4.18
2005-02-04,4.14,4.87,4.09
2005-02-07,4.27,4.99,4.07
2005-02-08,,,4.05
2005-02-09,,,4
2005-02-10,,,4.07
2005-02-11,4.46,5.11,4.1
2005-02-14,4.43,5.09,4.08
2005-02-15,4.31,4.97,4.1
2005-02-16,4.19,4.88,4.16
2005-02-17,4.25,4.92,4.19
2005-02-18,4.13,4.8,4.27
2005-02-21,4.18,4.85,
2005-02-22,4.22,4.88,4.29
2005-02-23,4.21,4.86,4.27
2005-02-24,4.15,4.82,4.29
2005-02-25,4.09,4.78,4.27
2005-02-28,4.04,4.74,4.36
2005-03-01,,,4.38
2005-03-02,4.1,4.79,4.38
2005-03-03,4.11,4.8,4.39
2005-03-04,4.18,4.87,4.32
2005-03-07,4.16,4.86,4.31
2005-03-08,4.12,4.82,4.38
2005-03-09,4.14,4.81,4.52
2005-03-10,4.08,4.76,4.48
2005-03-11,4.08,4.76,4.56
2005-03-14,4.04,4.73,4.52
2005-03-15,4.03,4.72,4.54
2005-03-16,4.01,4.7,4.52
2005-03-17,3.97,4.68,4.47
2005-03-18,3.94,4.65,4.51
2005-03-21,3.98,4.7,4.53
2005-03-22,3.96,4.69,4.63
2005-03-23,4.01,4.77,4.61
2005-03-24,4.08,4.86,4.6
2005-03-25,4.11,4.92,
2005-03-28,4.07,4.89,4.64
2005-03-29,3.92,4.76,4.6
2005-03-30,3.9,4.72,4.56
2005-03-31,3.91,4.74,4.5
2005-04-01,3.9,4.72,4.46
2005-04-04,3.92,4.72,4.47
2005-04-05,,,4.48
2005-04-06,3.93,4.72,4.44
2005-04-07,3.88,4.68,4.49
2005-04-08,3.87,4.66,4.5
2005-04-11,3.89,4.68,4.45
2005-04-12,3.93,4.73,4.38
2005-04-13,3.92,4.75,4.38
2005-04-14,3.9,4.74,4.37
2005-04-15,3.85,4.68,4.27
2005-04-18,3.83,4.7,4.27
2005-04-19,3.83,4.71,4.21
2005-04-20,3.81,4.67,4.22
2005-04-21,3.82,4.66,4.32
2005-04-22,3.82,4.67,4.26
2005-04-25,3.8,4.65,4.26
2005-04-26,3.81,4.65,4.28
2005-04-27,3.82,4.66,4.25
2005-04-28,3.81,4.65,4.19
2005-04-29,3.76,4.59,4.21
2005-05-02,3.78,4.57,4.21
2005-05-03,3.76,4.53,4.21
2005-05-04,3.77,4.53,4.2
2005-05-05,,,4.19
2005-05-06,3.77,4.53,4.28
2005-05-09,3.78,4.54,4.29
2005-05-10,3.78,4.54,4.23
2005-05-11,3.78,4.54,4.21
2005-05-12,3.75,4.5,4.18
2005-05-13,3.72,4.44,4.12
2005-05-16,3.69,4.4,4.13
2005-05-17,3.69,4.4,4.12
2005-05-18,3.67,4.38,4.07
2005-05-19,3.65,4.35,4.11
2005-05-20,3.66,4.35,4.13
2005-05-23,3.68,4.37,4.07
2005-05-24,3.65,4.33,4.04
2005-05-25,3.63,4.31,4.08
2005-05-26,3.62,4.27,4.08
2005-05-27,3.7,4.33,4.08
2005-05-30,3.7,4.33,
2005-05-31,3.67,4.31,4
2005-06-01,3.63,4.27,3.91
2005-06-02,3.61,4.23,3.89
2005-06-03,3.61,4.2,3.98
2005-06-06,,,3.96
2005-06-07,3.65,4.21,3.92
2005-06-08,3.65,4.2,3.95
2005-06-09,3.65,4.2,3.98
2005-06-10,3.68,4.23,4.05
2005-06-13,3.8,4.4,4.09
2005-06-14,3.79,4.43,4.13
2005-06-15,3.89,4.58,4.12
2005-06-16,3.86,4.55,4.09
2005-06-17,3.86,4.55,4.09
2005-06-20,3.83,4.54,4.11
2005-06-21,3.85,4.56,4.06
2005-06-22,3.93,4.67,3.95
2005-06-23,3.93,4.67,3.96
2005-06-24,3.86,4.6,3.92
2005-06-27,3.8,4.54,3.9
2005-06-28,3.8,4.54,3.97
2005-06-29,3.89,4.64,3.99
2005-06-30,4.02,4.78,3.94
2005-07-01,3.95,4.72,4.06
2005-07-04,4.09,4.83,
2005-07-05,4.05,4.8,4.11
2005-07-06,4.02,4.77,4.08
2005-07-07,4.03,4.77,4.05
2005-07-08,4.03,4.76,4.11
2005-07-11,4.06,4.8,4.11
2005-07-12,4.06,4.82,4.15
2005-07-13,4.17,4.93,4.17
2005-07-14,4.21,4.97,4.19
2005-07-15,4.2,4.99,4.18
2005-07-18,4.2,5,4.22
2005-07-19,4.22,5.04,4.2
2005-07-20,4.19,5.01,4.17
2005-07-21,4.1,4.92,4.28
2005-07-22,4.03,4.83,4.23
2005-07-25,4.05,4.84,4.25
2005-07-26,4.16,4.96,4.24
2005-07-27,4.17,4.97,4.27
2005-07-28,4.22,5.02,4.2
2005-07-29,4.23,5.02,4.28
2005-08-01,4.41,5.17,4.32
2005-08-02,4.36,5.11,4.34
2005-08-03,4.36,5.12,4.3
2005-08-04,4.36,5.12,4.32
2005-08-05,4.41,5.15,4.4
2005-08-08,4.4,5.16,4.42
2005-08-09,4.43,5.21,4.41
2005-08-10,4.37,5.13,4.4
2005-08-11,4.36,5.12,4.32
2005-08-12,4.31,5.08,4.24
2005-08-15,,,4.27
2005-08-16,4.27,5.05,4.23
2005-08-17,4.28,5.05,4.28
2005-08-18,4.28,5.04,4.21
2005-08-19,4.24,4.99,4.21
2005-08-22,4.28,5.03,4.22
2005-08-23,4.41,5.15,4.2
2005-08-24,4.38,5.12,4.19
2005-08-25,4.4,5.13,4.18
2005-08-26,4.36,5.06,4.2
2005-08-29,4.31,5,4.2
2005-08-30,4.22,4.89,4.16
2005-08-31,4.16,4.83,4.02
2005-09-01,4.16,4.84,4.02
2005-09-02,4.14,4.82,4.03
2005-09-05,4.13,4.8,
2005-09-06,4.2,4.86,4.09
2005-09-07,4.27,4.95,4.15
2005-09-08,4.5,5.14,4.15
2005-09-09,4.53,5.18,4.14
2005-09-12,4.49,5.12,4.18
2005-09-13,4.55,5.18,4.14
2005-09-14,4.55,5.18,4.17
2005-09-15,4.58,5.24,4.22
2005-09-16,4.68,5.33,4.26
2005-09-19,,,4.25
2005-09-20,4.66,5.33,4.26
2005-09-21,4.62,5.29,4.19
2005-09-22,4.63,5.29,4.19
2005-09-23,4.71,5.35,4.25
2005-09-26,4.8,5.41,4.3
2005-09-27,4.8,5.37,4.3
2005-09-28,4.67,5.19,4.26
2005-09-29,4.64,5.14,4.29
2005-09-30,4.6,5.11,4.34
2005-10-03,,,4.39
2005-10-04,4.77,5.32,4.38
2005-10-05,4.77,5.32,4.36
2005-10-06,4.66,5.22,4.37
2005-10-07,4.64,5.18,4.35
2005-10-10,4.68,5.22,
2005-10-11,4.64,5.18,4.39
2005-10-12,4.67,5.21,4.45
2005-10-13,4.74,5.3,4.48
2005-10-14,4.79,5.35,4.48
2005-10-17,4.84,5.45,4.5
2005-10-18,4.84,5.45,4.49
2005-10-19,4.78,5.38,4.47
2005-10-20,4.78,5.37,4.46
2005-10-21,4.82,5.4,4.39
2005-10-24,4.9,5.45,4.45
2005-10-25,4.93,5.47,4.54
2005-10-26,4.95,5.48,4.6
2005-10-27,5.01,5.54,4.57
2005-10-28,4.97,5.5,4.58
2005-10-31,4.95,5.49,4.57
2005-11-01,4.92,5.46,4.58
2005-11-02,4.98,5.52,4.61
2005-11-03,5.04,5.59,4.65
2005-11-04,5.07,5.61,4.66
2005-11-07,5.11,5.64,4.65
2005-11-08,5.15,5.7,4.57
2005-11-09,5.13,5.69,4.64
2005-11-10,5.16,5.76,4.55
2005-11-11,5.15,5.78,
2005-11-14,5.15,5.78,4.61
2005-11-15,5.22,5.85,4.56
2005-11-16,5.2,5.83,4.49
2005-11-17,5.18,5.79,4.46
2005-11-18,5.12,5.72,4.5
2005-11-21,5.15,5.76,4.46
2005-11-22,5.11,5.71,4.43
2005-11-23,5.06,5.67,4.47
2005-11-24,5.03,5.63,
2005-11-25,5.03,5.63,4.43
2005-11-28,5.01,5.6,4.41
2005-11-29,5.04,5.63,4.48
2005-11-30,5.1,5.69,4.49
2005-12-01,5.14,5.73,4.52
2005-12-02,5.16,5.74,4.52
2005-12-05,5.27,5.84,4.57
2005-12-06,5.27,5.84,4.49
2005-12-07,5.25,5.81,4.52
2005-12-08,5.07,5.61,4.47
2005-12-09,4.99,5.51,4.54
2005-12-12,5.06,5.59,4.56
2005-12-13,5.04,5.56,4.54
2005-12-14,4.94,5.47,4.45
2005-12-15,4.97,5.49,4.47
2005-12-16,4.99,5.51,4.45
2005-12-19,4.95,5.46,4.45
2005-12-20,4.97,5.47,4.47
2005-12-21,5.01,5.51,4.49
2005-12-22,5.02,5.53,4.44
2005-12-23,5.04,5.57,4.38
2005-12-26,5.03,5.57,
2005-12-27,5.05,5.59,4.34
2005-12-28,4.99,5.54,4.38
2005-12-29,5.08,5.62,4.37
2005-12-30,5.08,5.62,4.39
2006-01-02,5.16,5.72,
2006-01-03,5.12,5.68,4.37
2006-01-04,5.06,5.62,4.36
2006-01-05,5.12,5.71,4.36
2006-01-06,5.1,5.7,4.38
2006-01-09,5.06,5.66,4.38
2006-01-10,5.1,5.69,4.43
2006-01-11,5.08,5.67,4.46
2006-01-12,5.01,5.57,4.42
2006-01-13,4.98,5.54,4.36
2006-01-16,5.03,5.59,
2006-01-17,5.02,5.58,4.34
2006-01-18,4.97,5.51,4.34
2006-01-19,4.98,5.52,4.38
2006-01-20,4.97,5.51,4.37
2006-01-23,4.96,5.5,4.36
2006-01-24,5,5.54,4.4
2006-01-25,4.95,5.49,4.49
2006-01-26,4.93,5.45,4.53
2006-01-27,4.93,5.45,4.52
2006-01-30,,,4.54
2006-01-31,4.92,5.44,4.53
2006-02-01,4.89,5.38,4.57
2006-02-02,4.9,5.39,4.57
2006-02-03,4.95,5.43,4.54
2006-02-06,4.93,5.4,4.55
2006-02-07,4.95,5.42,4.57
2006-02-08,4.95,5.42,4.56
2006-02-09,4.85,5.28,4.54
2006-02-10,4.85,5.27,4.59
2006-02-13,4.87,5.29,4.58
2006-02-14,4.83,5.24,4.62
2006-02-15,4.81,5.2,4.61
2006-02-16,4.82,5.21,4.59
2006-02-17,4.83,5.23,4.54
2006-02-20,4.84,5.23,
2006-02-21,4.83,5.21,4.57
2006-02-22,4.82,5.19,4.53
2006-02-23,4.83,5.19,4.56
2006-02-24,4.83,5.18,4.58
2006-02-27,4.87,5.22,4.59
2006-02-28,4.9,5.25,4.55
2006-03-01,,,4.59
2006-03-02,4.92,5.3,4.64
2006-03-03,4.93,5.33,4.68
2006-03-06,4.98,5.41,4.74
2006-03-07,5.05,5.5,4.74
2006-03-08,5.01,5.46,4.73
2006-03-09,4.93,5.38,4.74
2006-03-10,4.88,5.31,4.76
2006-03-13,4.94,5.4,4.77
2006-03-14,4.91,5.38,4.71
2006-03-15,4.88,5.37,4.73
2006-03-16,4.91,5.43,4.65
2006-03-17,4.89,5.42,4.68
2006-03-20,4.9,5.46,4.66
2006-03-21,4.92,5.47,4.71
2006-03-22,4.92,5.47,4.7
2006-03-23,4.92,5.47,4.73
2006-03-24,4.94,5.49,4.67
2006-03-27,4.94,5.49,4.7
2006-03-28,4.9,5.44,4.79
2006-03-29,4.88,5.41,4.81
2006-03-30,4.89,5.41,4.86
2006-03-31,4.93,5.44,4.86
2006-04-03,4.98,5.49,4.88
2006-04-04,5,5.51,4.87
2006-04-05,4.98,5.49,4.84
2006-04-06,4.96,5.46,4.9
2006-04-07,4.92,5.42,4.97
2006-04-10,4.97,5.48,4.97
2006-04-11,4.96,5.48,4.93
2006-04-12,4.97,5.5,4.98
2006-04-13,5.01,5.54,5.05
2006-04-14,5.04,5.58,
2006-04-17,5.03,5.56,5.01
2006-04-18,5.03,5.54,4.99
2006-04-19,4.97,5.46,5.04
2006-04-20,4.97,5.46,5.04
2006-04-21,4.91,5.39,5.01
2006-04-24,4.88,5.36,4.99
2006-04-25,4.9,5.38,5.07
2006-04-26,4.87,5.33,5.12
2006-04-27,4.87,5.33,5.09
2006-04-28,4.81,5.25,5.07
2006-05-01,,,5.14
2006-05-02,4.82,5.26,5.12
2006-05-03,4.84,5.27,5.15
2006-05-04,4.8,5.22,5.16
2006-05-05,,,5.12
2006-05-08,4.8,5.22,5.12
2006-05-09,4.81,5.22,5.13
2006-05-10,4.82,5.23,5.13
2006-05-11,4.76,5.17,5.14
2006-05-12,4.76,5.17,5.19
2006-05-15,4.81,5.23,5.15
2006-05-16,4.8,5.23,5.1
2006-05-17,4.77,5.21,5.16
2006-05-18,4.75,5.2,5.08
2006-05-19,4.72,5.16,5.05
2006-05-22,4.74,5.17,5.04
2006-05-23,4.77,5.2,5.07
2006-05-24,4.75,5.19,5.03
2006-05-25,4.75,5.18,5.07
2006-05-26,4.76,5.19,5.06
2006-05-29,4.75,5.18,
2006-05-30,4.72,5.15,5.09
2006-05-31,,,5.12
2006-06-01,4.71,5.14,5.11
2006-06-02,4.74,5.17,5
2006-06-05,4.74,5.17,5.02
2006-06-06,,,5.01
2006-06-07,4.77,5.19,5.02
2006-06-08,4.8,5.18,5
2006-06-09,4.82,5.17,4.98
2006-06-12,4.84,5.19,4.99
2006-06-13,4.84,5.19,4.97
2006-06-14,4.85,5.21,5.05
2006-06-15,4.89,5.25,5.1
2006-06-16,4.89,5.25,5.13
2006-06-19,4.94,5.3,5.14
2006-06-20,4.94,5.31,5.15
2006-06-21,4.94,5.29,5.16
2006-06-22,4.96,5.3,5.2
2006-06-23,5.04,5.36,5.23
2006-06-26,5.03,5.34,5.25
2006-06-27,5.04,5.34,5.21
2006-06-28,5.04,5.34,5.25
2006-06-29,5.01,5.3,5.22
2006-06-30,4.92,5.2,5.15
2006-07-03,4.92,5.19,5.15
2006-07-04,4.89,5.18,
2006-07-05,4.85,5.17,5.23
2006-07-06,4.85,5.18,5.19
2006-07-07,4.93,5.25,5.14
2006-07-10,4.95,5.26,5.13
2006-07-11,4.92,5.22,5.1
2006-07-12,4.94,5.22,5.1
2006-07-13,4.93,5.2,5.08
2006-07-14,4.91,5.19,5.07
2006-07-17,,,5.07
2006-07-18,4.88,5.15,5.13
2006-07-19,4.89,5.15,5.06
2006-07-20,4.86,5.12,5.03
2006-07-21,4.86,5.12,5.05
2006-07-24,4.87,5.12,5.05
2006-07-25,4.9,5.13,5.07
2006-07-26,4.89,5.12,5.04
2006-07-27,4.87,5.1,5.07
2006-07-28,4.86,5.08,5
2006-07-31,4.83,5.05,4.99
2006-08-01,4.79,4.97,4.99
2006-08-02,4.8,4.98,4.96
2006-08-03,4.79,4.98,4.96
2006-08-04,4.81,5,4.91
2006-08-07,4.79,4.99,4.93
2006-08-08,4.76,4.96,4.93
2006-08-09,4.75,4.96,4.92
2006-08-10,4.8,4.98,4.93
2006-08-11,4.75,4.88,4.97
2006-08-14,4.81,4.94,5
2006-08-15,,,4.93
2006-08-16,4.8,4.95,4.87
2006-08-17,4.77,4.89,4.87
2006-08-18,4.77,4.88,4.84
2006-08-21,4.78,4.9,4.82
2006-08-22,4.77,4.9,4.82
2006-08-23,4.74,4.88,4.82
2006-08-24,4.76,4.91,4.81
2006-08-25,4.75,4.9,4.79
2006-08-28,4.75,4.91,4.8
2006-08-29,4.75,4.93,4.79
2006-08-30,4.76,4.96,4.76
2006-08-31,4.76,4.96,4.74
2006-09-01,4.73,4.9,4.73
2006-09-04,4.72,4.89,
2006-09-05,4.74,4.91,4.78
2006-09-06,4.78,4.96,4.8
2006-09-07,4.73,4.9,4.8
2006-09-08,4.73,4.9,4.78
2006-09-11,4.73,4.91,4.8
2006-09-12,4.73,4.91,4.78
2006-09-13,4.71,4.9,4.77
2006-09-14,4.72,4.91,4.79
2006-09-15,4.71,4.91,4.8
2006-09-18,4.72,4.94,4.81
2006-09-19,4.72,4.94,4.74
2006-09-20,4.67,4.9,4.73
2006-09-21,4.66,4.89,4.65
2006-09-22,4.62,4.85,4.6
2006-09-25,4.63,4.87,4.56
2006-09-26,4.62,4.86,4.59
2006-09-27,4.61,4.84,4.6
2006-09-28,4.61,4.83,4.63
2006-09-29,4.57,4.73,4.64
2006-10-02,4.59,4.75,4.62
2006-10-03,,,4.62
2006-10-04,4.57,4.72,4.57
2006-10-05,,,4.61
2006-10-06,,,4.7
2006-10-09,4.59,4.73,
2006-10-10,4.58,4.72,4.75
2006-10-11,4.61,4.76,4.78
2006-10-12,4.61,4.77,4.79
2006-10-13,4.62,4.79,4.81
2006-10-16,4.63,4.81,4.79
2006-10-17,4.6,4.79,4.78
2006-10-18,4.6,4.79,4.77
2006-10-19,4.57,4.75,4.79
2006-10-20,4.57,4.75,4.79
2006-10-23,4.6,4.78,4.83
2006-10-24,4.67,4.85,4.83
2006-10-25,4.67,4.85,4.78
2006-10-26,4.65,4.83,4.73
2006-10-27,4.66,4.84,4.68
2006-10-30,4.7,4.9,4.68
2006-10-31,4.71,4.91,4.61
2006-11-01,4.66,4.87,4.57
2006-11-02,4.62,4.81,4.6
2006-11-03,4.62,4.81,4.72
2006-11-06,4.72,4.92,4.71
2006-11-07,4.73,4.93,4.66
2006-11-08,4.78,4.97,4.64
2006-11-09,4.7,4.87,4.62
2006-11-10,4.68,4.85,4.59
2006-11-13,4.7,4.87,4.61
2006-11-14,4.73,4.9,4.57
2006-11-15,4.71,4.88,4.61
2006-11-16,4.71,4.88,4.66
2006-11-17,4.71,4.89,4.61
2006-11-20,4.69,4.87,4.6
2006-11-21,4.73,4.91,4.58
2006-11-22,4.72,4.91,4.57
2006-11-23,4.76,4.95,
2006-11-24,4.76,4.95,4.55
2006-11-27,4.77,4.95,4.54
2006-11-28,4.8,4.97,4.51
2006-11-29,4.82,4.98,4.52
2006-11-30,4.82,4.98,4.46
2006-12-01,4.81,4.97,4.43
2006-12-04,4.79,4.94,4.43
2006-12-05,4.77,4.88,4.45
2006-12-06,4.73,4.84,4.48
2006-12-07,4.71,4.83,4.49
2006-12-08,4.74,4.86,4.56
2006-12-11,4.78,4.93,4.52
2006-12-12,4.76,4.89,4.49
2006-12-13,4.76,4.89,4.58
2006-12-14,4.81,4.94,4.6
2006-12-15,4.81,4.94,4.6
2006-12-18,4.83,4.96,4.6
2006-12-19,4.83,4.96,4.6
2006-12-20,4.85,4.99,4.6
2006-12-21,4.83,4.98,4.55
2006-12-22,4.85,5,4.63
2006-12-26,4.94,5.09,4.61
2006-12-27,4.93,5.07,4.66
2006-12-28,4.92,5.06,4.7
2006-12-29,4.92,5.06,4.71
2007-01-02,4.93,5.06,4.68
2007-01-03,4.9,5.02,4.67
2007-01-04,4.91,5.03,4.62
2007-01-05,4.88,5,4.65
2007-01-08,4.89,5,4.66
2007-01-09,4.9,4.98,4.66
2007-01-10,4.9,4.97,4.69
2007-01-11,4.93,4.98,4.74
2007-01-12,4.97,5.02,4.77
2007-01-15,4.98,5.03,
2007-01-16,4.98,5.04,4.75
2007-01-17,4.98,5.04,4.79
2007-01-18,4.99,5.07,4.75
2007-01-19,4.96,5.05,4.78
2007-01-22,4.97,5.06,4.76
2007-01-23,4.98,5.07,4.81
2007-01-24,5.02,5.1,4.81
2007-01-25,5.02,5.09,4.87
2007-01-26,5.06,5.1,4.88
2007-01-29,5.04,5.08,4.9
2007-01-30,5.03,5.07,4.88
2007-01-31,5.02,5.06,4.83
2007-02-01,4.96,5.03,4.84
2007-02-02,5,5.13,4.83
2007-02-05,5,5.16,4.81
2007-02-06,4.97,5.1,4.77
2007-02-07,4.94,5.05,4.74
2007-02-08,4.93,5.02,4.73
2007-02-09,4.92,5.01,4.79
2007-02-12,4.92,5.01,4.8
2007-02-13,4.93,5.02,4.82
2007-02-14,4.92,5,4.74
2007-02-15,4.87,4.95,4.7
2007-02-16,4.86,4.95,4.69
2007-02-20,4.89,4.99,4.68
2007-02-21,4.86,4.96,4.69
2007-02-22,4.86,4.95,4.73
2007-02-23,4.86,4.95,4.68
2007-02-26,4.84,4.94,4.63
2007-02-27,4.86,4.96,4.5
2007-02-28,4.86,4.96,4.56
2007-03-01,,,4.56
2007-03-02,4.86,4.96,4.52
2007-03-05,4.81,4.94,4.51
2007-03-06,4.83,4.96,4.53
2007-03-07,4.8,4.92,4.5
2007-03-08,4.81,4.93,4.51
2007-03-09,4.8,4.93,4.59
2007-03-12,4.83,4.96,4.56
2007-03-13,4.84,4.97,4.5
2007-03-14,4.81,4.94,4.53
2007-03-15,4.81,4.95,4.54
2007-03-16,4.79,4.93,4.55
2007-03-19,4.8,4.94,4.58
2007-03-20,4.8,4.94,4.56
2007-03-21,4.79,4.93,4.53
2007-03-22,4.76,4.93,4.6
2007-03-23,4.75,4.94,4.62
2007-03-26,4.76,4.94,4.6
2007-03-27,4.76,4.94,4.62
2007-03-28,4.75,4.92,4.62
2007-03-29,4.76,4.93,4.64
2007-03-30,4.76,4.93,4.65
2007-04-02,4.78,4.95,4.65
2007-04-03,4.81,4.97,4.67
2007-04-04,4.83,4.98,4.66
2007-04-05,4.82,4.97,4.68
2007-04-06,4.84,4.98,4.76
2007-04-09,4.92,5.06,4.75
2007-04-10,4.92,5.07,4.73
2007-04-11,4.94,5.08,4.74
2007-04-12,4.95,5.09,4.74
2007-04-13,4.97,5.11,4.76
2007-04-16,4.99,5.12,4.74
2007-04-17,4.97,5.1,4.69
2007-04-18,4.94,5.08,4.66
2007-04-19,4.94,5.08,4.68
2007-04-20,5.02,5.15,4.68
2007-04-23,4.99,5.12,4.66
2007-04-24,4.99,5.11,4.63
2007-04-25,5,5.11,4.66
2007-04-26,5.02,5.12,4.69
2007-04-27,5.03,5.13,4.71
2007-04-30,5.05,5.15,4.63
2007-05-01,,,4.64
2007-05-02,5.02,5.12,4.65
2007-05-03,5,5.1,4.68
2007-05-04,4.99,5.1,4.65
2007-05-07,5.01,5.12,4.64
2007-05-08,5.04,5.15,4.63
2007-05-09,5.06,5.18,4.67
2007-05-10,5.07,5.19,4.65
2007-05-11,5.06,5.18,4.67
2007-05-14,5.07,5.19,4.69
2007-05-15,5.08,5.19,4.71
2007-05-16,5.08,5.19,4.71
2007-05-17,5.12,5.23,4.76
2007-05-18,5.15,5.26,4.81
2007-05-21,5.15,5.26,4.79
2007-05-22,5.16,5.26,4.83
2007-05-23,5.17,5.29,4.86
2007-05-24,,,4.86
2007-05-25,5.17,5.3,4.86
2007-05-28,5.16,5.3,
2007-05-29,5.15,5.29,4.88
2007-05-30,5.18,5.32,4.88
2007-05-31,5.17,5.32,4.9
2007-06-01,5.15,5.3,4.95
2007-06-04,5.15,5.29,4.93
2007-06-05,5.16,5.3,4.98
2007-06-06,,,4.97
2007-06-07,5.21,5.35,5.11
2007-06-08,5.28,5.44,5.12
2007-06-11,5.26,5.46,5.14
2007-06-12,5.27,5.5,5.26
2007-06-13,5.26,5.5,5.2
2007-06-14,5.25,5.49,5.23
2007-06-15,5.25,5.49,5.16
2007-06-18,5.24,5.49,5.15
2007-06-19,5.24,5.49,5.09
2007-06-20,5.26,5.53,5.14
2007-06-21,5.32,5.65,5.16
2007-06-22,5.29,5.62,5.14
2007-06-25,5.25,5.58,5.09
2007-06-26,5.27,5.59,5.1
2007-06-27,5.23,5.53,5.09
2007-06-28,5.22,5.48,5.12
2007-06-29,5.26,5.51,5.03
2007-07-02,5.28,5.53,5
2007-07-03,5.3,5.54,5.05
2007-07-04,5.33,5.56,
2007-07-05,5.36,5.59,5.16
2007-07-06,5.35,5.57,5.19
2007-07-09,5.35,5.55,5.16
2007-07-10,5.35,5.55,5.03
2007-07-11,5.32,5.48,5.09
2007-07-12,5.37,5.55,5.13
2007-07-13,5.41,5.58,5.11
2007-07-16,5.42,5.59,5.05
2007-07-17,,,5.08
2007-07-18,5.4,5.56,5.02
2007-07-19,5.4,5.56,5.04
2007-07-20,5.41,5.57,4.96
2007-07-23,5.38,5.54,4.97
2007-07-24,5.41,5.56,4.94
2007-07-25,5.36,5.5,4.92
2007-07-26,5.32,5.45,4.79
2007-07-27,5.25,5.38,4.8
2007-07-30,5.27,5.41,4.82
2007-07-31,5.22,5.37,4.78
2007-08-01,5.16,5.31,4.76
2007-08-02,5.19,5.34,4.77
2007-08-03,5.19,5.34,4.71
2007-08-06,5.19,5.34,4.72
2007-08-07,5.22,5.38,4.77
2007-08-08,5.26,5.42,4.84
2007-08-09,5.32,5.47,4.79
2007-08-10,5.27,5.36,4.81
2007-08-13,5.29,5.39,4.78
2007-08-14,5.3,5.4,4.73
2007-08-15,,,4.69
2007-08-16,5.24,5.34,4.6
2007-08-17,5.23,5.34,4.68
2007-08-20,5.26,5.38,4.64
2007-08-21,5.26,5.38,4.6
2007-08-22,5.28,5.42,4.63
2007-08-23,5.31,5.45,4.62
2007-08-24,5.3,5.45,4.63
2007-08-27,5.34,5.49,4.6
2007-08-28,5.37,5.53,4.53
2007-08-29,5.39,5.55,4.57
2007-08-30,5.36,5.52,4.51
2007-08-31,5.43,5.57,4.54
2007-09-03,5.45,5.58,
2007-09-04,5.44,5.56,4.56
2007-09-05,5.42,5.55,4.48
2007-09-06,5.41,5.55,4.51
2007-09-07,5.36,5.5,4.38
2007-09-10,5.32,5.44,4.34
2007-09-11,5.36,5.48,4.37
2007-09-12,5.34,5.46,4.41
2007-09-13,5.34,5.46,4.49
2007-09-14,5.37,5.49,4.47
2007-09-17,5.37,5.5,4.48
2007-09-18,5.36,5.48,4.5
2007-09-19,5.37,5.5,4.53
2007-09-20,5.4,5.53,4.69
2007-09-21,5.43,5.57,4.64
2007-09-24,,,4.63
2007-09-25,,,4.63
2007-09-26,,,4.63
2007-09-27,5.46,5.6,4.58
2007-09-28,5.46,5.6,4.59
2007-10-01,5.47,5.61,4.56
2007-10-02,5.46,5.61,4.54
2007-10-03,,,4.55
2007-10-04,5.43,5.58,4.54
2007-10-05,5.4,5.55,4.65
2007-10-08,5.43,5.57,
2007-10-09,5.46,5.6,4.67
2007-10-10,5.46,5.6,4.65
2007-10-11,5.47,5.61,4.66
2007-10-12,5.48,5.61,4.7
2007-10-15,5.51,5.64,4.69
2007-10-16,5.48,5.61,4.66
2007-10-17,5.45,5.58,4.57
2007-10-18,5.46,5.6,4.52
2007-10-19,5.41,5.55,4.41
2007-10-22,5.34,5.48,4.42
2007-10-23,5.35,5.49,4.41
2007-10-24,5.32,5.46,4.36
2007-10-25,5.36,5.5,4.37
2007-10-26,5.37,5.51,4.41
2007-10-29,5.38,5.52,4.39
2007-10-30,5.41,5.54,4.4
2007-10-31,5.43,5.56,4.48
2007-11-01,5.46,5.59,4.36
2007-11-02,5.42,5.54,4.31
2007-11-05,5.43,5.55,4.35
2007-11-06,5.42,5.54,4.38
2007-11-07,5.39,5.5,4.34
2007-11-08,5.32,5.42,4.28
2007-11-09,5.34,5.43,4.23
2007-11-12,5.37,5.47,
2007-11-13,5.37,5.46,4.26
2007-11-14,5.41,5.49,4.28
2007-11-15,5.43,5.5,4.17
2007-11-16,5.46,5.53,4.15
2007-11-19,5.52,5.62,4.07
2007-11-20,5.55,5.65,4.06
2007-11-21,5.65,5.75,4
2007-11-22,5.65,5.75,
2007-11-23,5.62,5.72,4.01
2007-11-26,5.66,5.72,3.83
2007-11-27,5.69,5.72,3.95
2007-11-28,5.93,5.87,4.03
2007-11-29,6.03,5.9,3.94
2007-11-30,5.77,5.69,3.97
2007-12-03,5.75,5.69,3.89
2007-12-04,5.82,5.77,3.89
2007-12-05,6,5.9,3.92
2007-12-06,6,5.9,4.02
2007-12-07,6.11,6,4.12
2007-12-10,6.07,6,4.15
2007-12-11,6.06,5.99,3.98
2007-12-12,6.02,5.94,4.05
2007-12-13,5.89,5.82,4.18
2007-12-14,5.89,5.82,4.24
2007-12-17,5.89,5.8,4.2
2007-12-18,5.88,5.8,4.14
2007-12-19,,,4.06
2007-12-20,5.81,5.76,4.04
2007-12-21,5.81,5.76,4.18
2007-12-24,5.82,5.78,4.23
2007-12-26,5.78,5.75,4.3
2007-12-27,5.74,5.7,4.21
2007-12-28,5.74,5.7,4.11
2007-12-31,5.74,5.7,4.04
2008-01-02,5.86,5.81,3.91
2008-01-03,5.86,5.83,3.91
2008-01-04,5.83,5.83,3.88
2008-01-07,5.82,5.88,3.86
2008-01-08,5.9,5.99,3.86
2008-01-09,5.85,5.99,3.82
2008-01-10,5.73,5.89,3.91
2008-01-11,5.52,5.69,3.82
2008-01-14,5.53,5.71,3.81
2008-01-15,5.43,5.57,3.72
2008-01-16,5.35,5.45,3.74
2008-01-17,5.45,5.51,3.66
2008-01-18,5.36,5.43,3.66
2008-01-21,5.35,5.41,
2008-01-22,5.3,5.41,3.52
2008-01-23,5.05,5.27,3.51
2008-01-24,5.1,5.31,3.68
2008-01-25,5.19,5.39,3.61
2008-01-28,5.06,5.24,3.61
2008-01-29,5.08,5.26,3.69
2008-01-30,5.09,5.27,3.78
2008-01-31,5.04,5.24,3.67
2008-02-01,5.05,5.25,3.62
2008-02-04,5.16,5.35,3.68
2008-02-05,5.14,5.33,3.61
2008-02-06,,,3.61
2008-02-07,,,3.74
2008-02-08,,,3.64
2008-02-11,5.12,5.31,3.62
2008-02-12,5.08,5.28,3.66
2008-02-13,5.01,5.21,3.7
2008-02-14,5.01,5.21,3.85
2008-02-15,5.02,5.22,3.76
2008-02-18,5,5.22,
2008-02-19,5.05,5.27,3.89
2008-02-20,5.03,5.25,3.93
2008-02-21,5.12,5.35,3.77
2008-02-22,5.05,5.3,3.79
2008-02-25,5.08,5.31,3.91
2008-02-26,5.09,5.32,3.88
2008-02-27,5.06,5.3,3.85
2008-02-28,5.03,5.28,3.71
2008-02-29,4.97,5.23,3.53
2008-03-03,4.92,5.19,3.54
2008-03-04,4.94,5.2,3.63
2008-03-05,4.92,5.19,3.7
2008-03-06,4.95,5.23,3.62
2008-03-07,5,5.27,3.56
2008-03-10,5.14,5.38,3.46
2008-03-11,5.16,5.36,3.6
2008-03-12,5.16,5.35,3.49
2008-03-13,5.27,5.44,3.56
2008-03-14,5.25,5.41,3.44
2008-03-17,5.33,5.48,3.34
2008-03-18,5.13,5.32,3.48
2008-03-19,5.25,5.46,3.38
2008-03-20,5.2,5.4,3.34
2008-03-21,5.18,5.4,
2008-03-24,5.29,5.5,3.56
2008-03-25,5.28,5.48,3.51
2008-03-26,5.28,5.48,3.51
2008-03-27,5.17,5.37,3.56
2008-03-28,5.17,5.36,3.47
2008-03-31,5.1,5.29,3.45
2008-04-01,5.13,5.27,3.57
2008-04-02,5.1,5.24,3.6
2008-04-03,5.14,5.27,3.61
2008-04-04,5.14,5.27,3.5
2008-04-07,5.11,5.25,3.57
2008-04-08,5.03,5.19,3.58
2008-04-09,,,3.49
2008-04-10,4.91,5.09,3.55
2008-04-11,4.94,5.12,3.49
2008-04-14,4.95,5.14,3.53
2008-04-15,4.94,5.13,3.6
2008-04-16,4.94,5.13,3.72
2008-04-17,4.95,5.14,3.75
2008-04-18,4.98,5.16,3.77
2008-04-21,4.97,5.16,3.75
2008-04-22,4.93,5.13,3.74
2008-04-23,4.95,5.16,3.77
2008-04-24,4.92,5.14,3.87
2008-04-25,4.94,5.16,3.91
2008-04-28,4.92,5.15,3.86
2008-04-29,4.91,5.15,3.85
2008-04-30,4.88,5.14,3.77
2008-05-01,,,3.78
2008-05-02,4.9,5.16,3.89
2008-05-05,,,3.88
2008-05-06,4.92,5.18,3.93
2008-05-07,4.98,5.22,3.87
2008-05-08,5.22,5.43,3.79
2008-05-09,5.22,5.42,3.77
2008-05-12,,,3.78
2008-05-13,5.3,5.48,3.9
2008-05-14,5.27,5.45,3.92
2008-05-15,5.26,5.43,3.83
2008-05-16,5.31,5.49,3.85
2008-05-19,5.46,5.65,3.83
2008-05-20,5.33,5.55,3.78
2008-05-21,5.39,5.6,3.81
2008-05-22,5.34,5.57,3.92
2008-05-23,5.39,5.62,3.85
2008-05-26,5.4,5.65,
2008-05-27,5.35,5.61,3.93
2008-05-28,5.36,5.61,4.03
2008-05-29,5.43,5.68,4.08
2008-05-30,5.46,5.7,4.06
2008-06-02,5.54,5.77,3.98
2008-06-03,5.5,5.77,3.92
2008-06-04,5.49,5.75,3.98
2008-06-05,5.48,5.74,4.06
2008-06-06,,,3.94
2008-06-09,5.67,5.92,4.02
2008-06-10,5.78,6.01,4.11
2008-06-11,5.73,5.94,4.1
2008-06-12,5.74,5.93,4.23
2008-06-13,5.74,5.91,4.27
2008-06-16,5.7,5.87,4.25
2008-06-17,5.66,5.84,4.23
2008-06-18,5.68,5.86,4.16
2008-06-19,5.66,5.83,4.22
2008-06-20,5.72,5.88,4.16
2008-06-23,5.87,6.02,4.19
2008-06-24,5.85,6,4.1
2008-06-25,5.82,5.97,4.12
2008-06-26,5.74,5.9,4.07
2008-06-27,5.77,5.92,3.99
2008-06-30,5.9,6.05,3.99
2008-07-01,5.87,6.02,4.01
2008-07-02,5.97,6.12,3.99
2008-07-03,6.06,6.2,3.99
2008-07-04,6.05,6.19,
2008-07-07,6.05,6.19,3.95
2008-07-08,6.02,6.14,3.91
2008-07-09,5.99,6.07,3.85
2008-07-10,6.01,6.09,3.83
2008-07-11,6.15,6.12,3.96
2008-07-14,6.17,6.11,3.9
2008-07-15,6.13,6.07,3.87
2008-07-16,6.11,6.02,3.97
2008-07-17,5.99,5.94,4.07
2008-07-18,5.97,5.96,4.11
2008-07-21,6.06,6.07,4.09
2008-07-22,5.9,5.93,4.14
2008-07-23,5.84,5.92,4.16
2008-07-24,5.81,5.9,4.03
2008-07-25,5.77,5.88,4.13
2008-07-28,5.85,5.96,4.06
2008-07-29,5.81,5.93,4.09
2008-07-30,5.77,5.89,4.07
2008-07-31,5.8,5.92,3.99
2008-08-01,5.72,5.85,3.97
2008-08-04,5.8,5.91,3.98
2008-08-05,5.76,5.86,4.04
2008-08-06,5.7,5.79,4.06
2008-08-07,5.66,5.74,3.92
2008-08-08,5.7,5.76,3.94
2008-08-11,5.72,5.78,3.99
2008-08-12,5.76,5.82,3.91
2008-08-13,5.76,5.84,3.94
2008-08-14,5.85,5.97,3.89
2008-08-15,,,3.84
2008-08-18,5.87,6.03,3.82
2008-08-19,5.77,5.95,3.83
2008-08-20,5.72,5.91,3.79
2008-08-21,5.71,5.91,3.84
2008-08-22,5.81,6.01,3.87
2008-08-25,5.88,6.07,3.79
2008-08-26,5.84,6.03,3.79
2008-08-27,5.81,6,3.77
2008-08-28,5.76,5.95,3.79
2008-08-29,5.77,5.96,3.83
2008-09-01,5.88,6.07,
2008-09-02,5.97,6.14,3.74
2008-09-03,5.87,6.05,3.71
2008-09-04,5.82,5.99,3.64
2008-09-05,5.8,5.96,3.66
2008-09-08,5.76,5.91,3.66
2008-09-09,5.76,5.91,3.62
2008-09-10,5.73,5.89,3.65
2008-09-11,5.69,5.86,3.64
2008-09-12,5.66,5.85,3.74
2008-09-15,,,3.47
2008-09-16,5.49,5.73,3.48
2008-09-17,5.6,5.83,3.41
2008-09-18,5.89,6.1,3.54
2008-09-19,5.8,6,3.78
2008-09-22,5.85,6.04,3.83
2008-09-23,5.88,6.06,3.85
2008-09-24,5.91,6.08,3.8
2008-09-25,5.93,6.1,3.88
2008-09-26,6.01,6.15,3.85
2008-09-29,5.98,6.11,3.61
2008-09-30,5.74,5.86,3.85
2008-10-01,5.75,5.87,3.77
2008-10-02,5.7,5.82,3.66
2008-10-03,,,3.63
2008-10-06,5.77,5.89,3.48
2008-10-07,5.6,5.72,3.5
2008-10-08,5.61,5.73,3.72
2008-10-09,5.33,5.47,3.84
2008-10-10,5.23,5.4,3.89
2008-10-13,5.29,5.49,
2008-10-14,5.28,5.5,4.08
2008-10-15,5.17,5.47,4.04
2008-10-16,5.27,5.6,3.99
2008-10-17,5.03,5.48,3.98
2008-10-20,5.03,5.5,3.91
2008-10-21,5,5.49,3.76
2008-10-22,4.8,5.37,3.65
2008-10-23,4.84,5.42,3.63
2008-10-24,4.84,5.47,3.76
2008-10-27,4.52,5.22,3.79
2008-10-28,4.56,5.32,3.89
2008-10-29,4.54,5.53,3.93
2008-10-30,4.39,5.5,4
2008-10-31,4.47,5.49,4.01
2008-11-03,4.71,5.58,3.96
2008-11-04,4.68,5.51,3.81
2008-11-05,4.6,5.42,3.73
2008-11-06,4.55,5.33,3.75
2008-11-07,4.72,5.43,3.83
2008-11-10,5,5.59,3.82
2008-11-11,5.01,5.61,
2008-11-12,4.94,5.56,3.75
2008-11-13,5.24,5.85,3.84
2008-11-14,5.4,6.05,3.72
2008-11-17,5.23,5.91,3.68
2008-11-18,5.36,6.06,3.53
2008-11-19,5.16,5.91,3.38
2008-11-20,5.15,5.91,3.1
2008-11-21,4.99,5.81,3.2
2008-11-24,5.06,5.88,3.35
2008-11-25,5.05,5.88,3.11
2008-11-26,4.88,5.77,2.99
2008-11-27,4.86,5.74,
2008-11-28,4.87,5.75,2.93
2008-12-01,4.7,5.63,2.72
2008-12-02,4.44,5.5,2.68
2008-12-03,4.26,5.35,2.67
2008-12-04,4.33,5.41,2.55
2008-12-05,4.17,5.23,2.67
2008-12-08,4.22,5.26,2.77
2008-12-09,4.16,5.21,2.67
2008-12-10,4.21,5.2,2.69
2008-12-11,4.01,4.96,2.64
2008-12-12,3.95,4.85,2.6
2008-12-15,3.97,4.81,2.53
2008-12-16,3.85,4.74,2.37
2008-12-17,3.84,4.74,2.2
2008-12-18,3.82,4.67,2.08
2008-12-19,3.81,4.57,2.13
2008-12-22,3.88,4.6,2.16
2008-12-23,3.87,4.59,2.18
2008-12-24,3.75,4.49,2.2
2008-12-26,3.68,4.45,2.16
2008-12-29,3.61,4.4,2.13
2008-12-30,3.41,4.22,2.11
2008-12-31,3.41,4.22,2.25
2009-01-02,3.42,4.25,2.46
2009-01-05,3.35,4.22,2.49
2009-01-06,3.34,4.24,2.51
2009-01-07,3.45,4.35,2.52
2009-01-08,3.26,4.16,2.47
2009-01-09,3.48,4.37,2.43
2009-01-12,3.53,4.42,2.34
2009-01-13,3.5,4.39,2.33
2009-01-14,3.36,4.28,2.24
2009-01-15,3.56,4.47,2.23
2009-01-16,3.61,4.53,2.36
2009-01-19,3.42,4.43,
2009-01-20,3.48,4.52,2.4
2009-01-21,3.39,4.49,2.56
2009-01-22,3.39,4.5,2.62
2009-01-23,3.38,4.5,2.65
2009-01-26,,,2.7
2009-01-27,,,2.59
2009-01-28,3.36,4.51,2.71
2009-01-29,3.41,4.57,2.87
2009-01-30,3.59,4.71,2.87
2009-02-02,3.78,5.05,2.76
2009-02-03,3.84,5.2,2.89
2009-02-04,3.7,5.2,2.95
2009-02-05,3.79,5.31,2.95
2009-02-06,3.73,5.27,3.05
2009-02-09,3.74,5.29,3.07
2009-02-10,3.73,5.31,2.9
2009-02-11,3.66,5.27,2.78
2009-02-12,3.62,5.25,2.75
2009-02-13,3.57,5.19,2.89
2009-02-16,3.69,5.26,
2009-02-17,3.97,5.51,2.64
2009-02-18,3.74,5.45,2.74
2009-02-19,3.75,5.34,2.85
2009-02-20,3.92,5.27,2.78
2009-02-23,3.83,5.15,2.78
2009-02-24,3.9,5.15,2.8
2009-02-25,3.99,5.16,2.95
2009-02-26,3.88,5.06,2.98
2009-02-27,3.82,5.06,3.02
2009-03-02,3.87,5.1,2.91
2009-03-03,3.74,5.04,2.93
2009-03-04,3.7,5.03,3.01
2009-03-05,3.71,5.07,2.83
2009-03-06,3.63,5.03,2.83
2009-03-09,3.66,5.06,2.89
2009-03-10,3.62,4.88,2.99
2009-03-11,3.69,4.91,2.95
2009-03-12,3.62,4.84,2.89
2009-03-13,3.72,4.88,2.89
2009-03-16,3.74,4.95,2.97
2009-03-17,3.62,4.85,3.02
2009-03-18,3.66,4.87,2.51
2009-03-19,3.49,4.73,2.61
2009-03-20,3.49,4.77,2.65
2009-03-23,3.55,4.94,2.68
2009-03-24,3.64,5.01,2.68
2009-03-25,3.64,5,2.81
2009-03-26,3.71,5.08,2.76
2009-03-27,3.74,5.06,2.78
2009-03-30,3.89,5.15,2.73
2009-03-31,3.94,5.17,2.71
2009-04-01,3.83,5.08,2.68
2009-04-02,3.87,5.06,2.77
2009-04-03,3.95,5.05,2.91
2009-04-06,3.99,5.13,2.95
2009-04-07,3.94,5.13,2.93
2009-04-08,3.89,5.08,2.86
2009-04-09,3.88,5.03,2.96
2009-04-10,3.88,5.04,
2009-04-13,3.88,5.04,2.88
2009-04-14,3.78,4.99,2.8
2009-04-15,3.75,4.89,2.82
2009-04-16,3.8,4.9,2.86
2009-04-17,3.72,4.84,2.98
2009-04-20,3.7,4.82,2.88
2009-04-21,3.69,4.81,2.94
2009-04-22,3.72,4.84,2.98
2009-04-23,3.7,4.83,2.96
2009-04-24,3.57,4.72,3.03
2009-04-27,3.58,4.73,2.95
2009-04-28,3.5,4.56,3.05
2009-04-29,3.51,4.56,3.12
2009-04-30,3.59,4.69,3.16
2009-05-01,,,3.21
2009-05-04,3.78,4.86,3.19
2009-05-05,,,3.2
2009-05-06,3.8,4.88,3.18
2009-05-07,3.91,5.06,3.29
2009-05-08,3.9,5.07,3.29
2009-05-11,3.93,5.12,3.17
2009-05-12,3.83,5.02,3.17
2009-05-13,3.85,5.03,3.11
2009-05-14,3.77,4.97,3.1
2009-05-15,3.79,5.01,3.14
2009-05-18,3.75,4.99,3.22
2009-05-19,3.86,5.1,3.25
2009-05-20,3.87,5.11,3.19
2009-05-21,3.84,5.09,3.35
2009-05-22,3.85,5.08,3.45
2009-05-25,3.81,5.05,
2009-05-26,3.79,5.05,3.5
2009-05-27,3.82,5.09,3.71
2009-05-28,3.87,5.17,3.67
2009-05-29,3.83,5.17,3.47
2009-06-01,3.81,5.15,3.71
2009-06-02,3.93,5.19,3.65
2009-06-03,3.91,5.14,3.56
2009-06-04,3.88,5.11,3.72
2009-06-05,3.87,5.12,3.84
2009-06-08,4.02,5.28,3.91
2009-06-09,4.03,5.3,3.86
2009-06-10,4.04,5.32,3.98
2009-06-11,4.22,5.48,3.88
2009-06-12,4.3,5.41,3.81
2009-06-15,4.27,5.38,3.76
2009-06-16,4.25,5.35,3.67
2009-06-17,4.24,5.32,3.68
2009-06-18,4.2,5.24,3.86
2009-06-19,4.17,5.25,3.79
2009-06-22,4.2,5.29,3.72
2009-06-23,4.12,5.25,3.65
2009-06-24,4.07,5.22,3.72
2009-06-25,4.17,5.26,3.55
2009-06-26,4.12,5.21,3.52
2009-06-29,4.1,5.15,3.51
2009-06-30,4.16,5.19,3.53
2009-07-01,4.08,5.08,3.55
2009-07-02,4.06,5.05,3.51
2009-07-03,4.04,5.04,
2009-07-06,4.09,5.08,3.52
2009-07-07,4.13,5.14,3.47
2009-07-08,4.06,5.09,3.33
2009-07-09,4,5.04,3.44
2009-07-10,3.91,4.98,3.32
2009-07-13,3.95,5.03,3.38
2009-07-14,3.96,5.07,3.5
2009-07-15,3.99,5.15,3.63
2009-07-16,3.99,5.16,3.59
2009-07-17,4.1,5.26,3.67
2009-07-20,4.18,5.38,3.61
2009-07-21,4.16,5.35,3.5
2009-07-22,4.21,5.37,3.58
2009-07-23,4.16,5.26,3.72
2009-07-24,4.16,5.26,3.7
2009-07-27,4.17,5.27,3.75
2009-07-28,4.16,5.27,3.72
2009-07-29,4.17,5.3,3.69
2009-07-30,4.15,5.25,3.67
2009-07-31,4.26,5.33,3.52
2009-08-03,4.37,5.39,3.66
2009-08-04,4.35,5.37,3.7
2009-08-05,4.43,5.4,3.8
2009-08-06,4.49,5.43,3.79
2009-08-07,4.46,5.4,3.89
2009-08-10,4.47,5.44,3.8
2009-08-11,4.41,5.44,3.71
2009-08-12,4.45,5.46,3.72
2009-08-13,4.52,5.49,3.59
2009-08-14,4.61,5.53,3.55
2009-08-17,4.46,5.46,3.48
2009-08-18,4.51,5.49,3.51
2009-08-19,4.37,5.41,3.45
2009-08-20,4.39,5.47,3.42
2009-08-21,4.34,5.42,3.56
2009-08-24,4.4,5.52,3.48
2009-08-25,4.34,5.46,3.45
2009-08-26,4.36,5.44,3.44
2009-08-27,4.31,5.4,3.47
2009-08-28,4.35,5.44,3.46
2009-08-31,4.38,5.46,3.4
2009-09-01,4.37,5.45,3.38
2009-09-02,4.31,5.38,3.29
2009-09-03,4.28,5.34,3.33
2009-09-04,4.3,5.35,3.45
2009-09-07,4.33,5.37,
2009-09-08,4.31,5.35,3.47
2009-09-09,4.29,5.34,3.48
2009-09-10,4.5,5.45,3.36
2009-09-11,4.49,5.43,3.34
2009-09-14,4.49,5.44,3.42
2009-09-15,4.47,5.4,3.47
2009-09-16,4.4,5.38,3.48
2009-09-17,4.4,5.35,3.42
2009-09-18,4.37,5.32,3.49
2009-09-21,4.43,5.37,3.49
2009-09-22,4.49,5.4,3.46
2009-09-23,4.47,5.37,3.44
2009-09-24,4.44,5.36,3.4
2009-09-25,4.43,5.35,3.34
2009-09-28,4.45,5.36,3.31
2009-09-29,4.47,5.38,3.31
2009-09-30,4.39,5.34,3.31
2009-10-01,4.36,5.32,3.21
2009-10-02,,,3.24
2009-10-05,4.34,5.3,3.24
2009-10-06,4.44,5.37,3.27
2009-10-07,4.45,5.36,3.21
2009-10-08,4.47,5.35,3.27
2009-10-09,4.36,5.28,3.4
2009-10-12,4.39,5.37,
2009-10-13,4.37,5.38,3.34
2009-10-14,4.37,5.39,3.45
2009-10-15,4.43,5.43,3.49
2009-10-16,4.56,5.52,3.43
2009-10-19,4.54,5.53,3.41
2009-10-20,4.55,5.53,3.35
2009-10-21,4.53,5.53,3.42
2009-10-22,4.55,5.55,3.44
2009-10-23,4.59,5.6,3.51
2009-10-26,4.62,5.63,3.59
2009-10-27,4.54,5.54,3.49
2009-10-28,4.51,5.51,3.44
2009-10-29,4.45,5.44,3.53
2009-10-30,4.44,5.43,3.41
2009-11-02,4.43,5.4,3.45
2009-11-03,4.43,5.4,3.5
2009-11-04,4.47,5.44,3.57
2009-11-05,4.46,5.43,3.57
2009-11-06,4.46,5.47,3.54
2009-11-09,4.49,5.5,3.52
2009-11-10,4.47,5.5,3.5
2009-11-11,4.42,5.47,
2009-11-12,4.34,5.38,3.45
2009-11-13,4.27,5.38,3.43
2009-11-16,4.29,5.46,3.33
2009-11-17,4.24,5.4,3.33
2009-11-18,4.27,5.41,3.36
2009-11-19,4.24,5.35,3.35
2009-11-20,4.26,5.34,3.36
2009-11-23,4.3,5.38,3.37
2009-11-24,4.28,5.37,3.32
2009-11-25,4.25,5.34,3.28
2009-11-26,4.2,5.31,
2009-11-27,4.05,5.24,3.21
2009-11-30,4.1,5.25,3.21
2009-12-01,4.05,5.22,3.28
2009-12-02,4.13,5.3,3.32
2009-12-03,4.12,5.28,3.39
2009-12-04,4.16,5.27,3.48
2009-12-07,4.24,5.32,3.44
2009-12-08,4.2,5.25,3.4
2009-12-09,4.17,5.24,3.45
2009-12-10,4.26,5.32,3.49
2009-12-11,4.22,5.3,3.55
2009-12-14,4.25,5.3,3.56
2009-12-15,4.18,5.25,3.6
2009-12-16,4.25,5.3,3.61
2009-12-17,4.24,5.3,3.5
2009-12-18,4.2,5.25,3.55
2009-12-21,4.19,5.28,3.69
2009-12-22,4.31,5.37,3.76
2009-12-23,4.28,5.34,3.77
2009-12-24,4.32,5.36,3.82
2009-12-28,4.36,5.39,3.85
2009-12-29,4.39,5.4,3.82
2009-12-30,4.41,5.39,3.8
2009-12-31,4.41,5.39,3.85
2010-01-04,4.44,5.43,3.85
2010-01-05,4.36,5.35,3.77
2010-01-06,4.43,5.38,3.85
2010-01-07,4.32,5.29,3.85
2010-01-08,4.36,5.36,3.83
2010-01-11,4.27,5.38,3.85
2010-01-12,4.25,5.37,3.74
2010-01-13,4.26,5.36,3.8
2010-01-14,4.23,5.34,3.76
2010-01-15,4.24,5.36,3.7
2010-01-18,4.28,5.39,
2010-01-19,4.24,5.34,3.73
2010-01-20,4.24,5.34,3.68
2010-01-21,4.26,5.34,3.62
2010-01-22,4.24,5.33,3.62
2010-01-25,4.26,5.35,3.66
2010-01-26,4.21,5.31,3.65
2010-01-27,4.23,5.33,3.66
2010-01-28,4.31,5.38,3.68
2010-01-29,4.27,5.34,3.63
2010-02-01,4.3,5.36,3.68
2010-02-02,4.27,5.34,3.67
2010-02-03,4.27,5.35,3.73
2010-02-04,4.26,5.36,3.62
2010-02-05,4.22,5.32,3.59
2010-02-08,4.26,5.35,3.62
2010-02-09,4.27,5.36,3.67
2010-02-10,4.27,5.36,3.72
2010-02-11,4.18,5.31,3.73
2010-02-12,4.12,5.29,3.69
2010-02-16,4.12,5.3,3.66
2010-02-17,4.1,5.3,3.74
2010-02-18,4.1,5.29,3.79
2010-02-19,4.18,5.31,3.78
2010-02-22,4.2,5.3,3.8
2010-02-23,4.16,5.27,3.69
2010-02-24,4.14,5.22,3.7
2010-02-25,4.09,5.13,3.64
2010-02-26,4.1,5.14,3.61
2010-03-01,,,3.61
2010-03-02,4.11,5.14,3.62
2010-03-03,4.09,5.11,3.63
2010-03-04,4.08,5.06,3.61
2010-03-05,4.1,5.04,3.69
2010-03-08,4.12,5.04,3.72
2010-03-09,4.1,5.03,3.71
2010-03-10,4.08,5.01,3.73
2010-03-11,3.97,4.89,3.73
2010-03-12,3.93,4.84,3.71
2010-03-15,3.93,4.85,3.71
2010-03-16,3.84,4.83,3.66
2010-03-17,3.8,4.79,3.65
2010-03-18,3.76,4.74,3.68
2010-03-19,3.79,4.72,3.7
2010-03-22,3.77,4.68,3.67
2010-03-23,3.9,4.81,3.69
2010-03-24,3.94,4.94,3.84
2010-03-25,3.82,4.86,3.91
2010-03-26,3.84,4.91,3.86
2010-03-29,3.92,4.98,3.88
2010-03-30,3.9,4.99,3.88
2010-03-31,3.89,4.95,3.84
2010-04-01,3.84,4.91,3.89
2010-04-02,3.84,4.93,3.96
2010-04-05,3.85,4.96,4.01
2010-04-06,3.84,4.94,3.98
2010-04-07,3.82,4.88,3.89
2010-04-08,3.74,4.81,3.91
2010-04-09,3.77,4.83,3.9
2010-04-12,3.85,4.94,3.87
2010-04-13,3.83,4.95,3.84
2010-04-14,3.87,4.98,3.88
2010-04-15,3.85,4.97,3.86
2010-04-16,3.8,4.93,3.79
2010-04-19,3.78,4.94,3.83
2010-04-20,3.76,4.94,3.82
2010-04-21,3.8,4.97,3.77
2010-04-22,3.77,4.94,3.8
2010-04-23,3.76,4.91,3.84
2010-04-26,3.75,4.9,3.83
2010-04-27,3.66,4.84,3.71
2010-04-28,3.62,4.83,3.8
2010-04-29,3.58,4.81,3.76
2010-04-30,3.61,4.82,3.69
2010-05-03,3.7,4.86,3.72
2010-05-04,3.71,4.86,3.63
2010-05-05,,,3.58
2010-05-06,3.79,4.93,3.41
2010-05-07,3.69,4.89,3.45
2010-05-10,3.71,4.96,3.57
2010-05-11,3.64,4.9,3.56
2010-05-12,3.77,4.97,3.56
2010-05-13,3.79,4.98,3.55
2010-05-14,3.78,4.99,3.44
2010-05-17,3.78,5.04,3.47
2010-05-18,3.77,5.04,3.38
2010-05-19,3.76,5.03,3.36
2010-05-20,3.74,5,3.25
2010-05-21,,,3.2
2010-05-24,3.64,4.94,3.23
2010-05-25,3.59,4.92,3.18
2010-05-26,3.61,4.96,3.21
2010-05-27,3.6,4.93,3.34
2010-05-28,3.61,4.94,3.31
2010-05-31,3.58,4.93,
2010-06-01,3.57,4.89,3.29
2010-06-02,,,3.35
2010-06-03,3.63,4.9,3.39
2010-06-04,3.68,4.91,3.2
2010-06-07,3.6,4.88,3.17
2010-06-08,3.63,4.9,3.18
2010-06-09,3.61,4.89,3.2
2010-06-10,3.64,4.92,3.33
2010-06-11,3.68,4.94,3.24
2010-06-14,3.71,4.94,3.28
2010-06-15,3.73,4.92,3.32
2010-06-16,3.72,4.9,3.27
2010-06-17,3.7,4.9,3.21
2010-06-18,3.72,4.91,3.24
2010-06-21,3.88,4.98,3.26
2010-06-22,3.9,4.99,3.18
2010-06-23,3.93,4.99,3.13
2010-06-24,3.9,4.98,3.14
2010-06-25,3.9,4.99,3.12
2010-06-28,3.95,4.99,3.05
2010-06-29,3.89,4.96,2.97
2010-06-30,3.86,4.95,2.97
2010-07-01,3.8,4.92,2.96
2010-07-02,3.82,4.91,3
2010-07-05,3.85,4.92,
2010-07-06,3.84,4.91,2.95
2010-07-07,3.9,4.93,3
2010-07-08,3.94,4.96,3.04
2010-07-09,3.94,4.94,3.07
2010-07-12,3.96,4.95,3.08
2010-07-13,3.96,4.94,3.15
2010-07-14,3.98,4.94,3.07
2010-07-15,3.94,4.91,3
2010-07-16,3.92,4.91,2.96
2010-07-19,3.92,4.91,2.99
2010-07-20,3.92,4.91,2.98
2010-07-21,3.87,4.91,2.9
2010-07-22,3.82,4.89,2.96
2010-07-23,3.85,4.9,3.02
2010-07-26,3.88,4.89,3.03
2010-07-27,3.86,4.87,3.08
2010-07-28,3.86,4.87,3.03
2010-07-29,3.8,4.84,3.03
2010-07-30,3.8,4.84,2.94
2010-08-02,3.86,4.86,2.99
2010-08-03,3.87,4.85,2.94
2010-08-04,3.84,4.82,2.98
2010-08-05,3.87,4.84,2.94
2010-08-06,3.89,4.85,2.86
2010-08-09,3.92,4.85,2.86
2010-08-10,3.91,4.84,2.79
2010-08-11,3.83,4.8,2.72
2010-08-12,3.76,4.76,2.74
2010-08-13,3.73,4.75,2.68
2010-08-16,3.74,4.75,2.58
2010-08-17,3.76,4.75,2.64
2010-08-18,3.7,4.7,2.64
2010-08-19,3.68,4.61,2.58
2010-08-20,3.61,4.52,2.62
2010-08-23,3.62,4.53,2.6
2010-08-24,3.58,4.54,2.5
2010-08-25,3.57,4.54,2.54
2010-08-26,3.54,4.47,2.5
2010-08-27,3.56,4.43,2.66
2010-08-30,3.58,4.44,2.54
2010-08-31,3.55,4.38,2.47
2010-09-01,3.65,4.42,2.58
2010-09-02,3.6,4.38,2.63
2010-09-03,3.65,4.43,2.72
2010-09-06,3.69,4.49,
2010-09-07,3.63,4.43,2.61
2010-09-08,3.61,4.37,2.66
2010-09-09,3.35,4.21,2.77
2010-09-10,3.4,4.24,2.81
2010-09-13,3.43,4.24,2.74
2010-09-14,3.39,4.23,2.68
2010-09-15,3.43,4.24,2.74
2010-09-16,3.39,4.19,2.77
2010-09-17,3.45,4.25,2.75
2010-09-20,3.5,4.3,2.72
2010-09-21,,,2.61
2010-09-22,,,2.56
2010-09-23,,,2.56
2010-09-24,3.44,4.25,2.62
2010-09-27,3.39,4.21,2.54
2010-09-28,3.37,4.2,2.48
2010-09-29,3.34,4.13,2.52
2010-09-30,3.32,4.11,2.53
2010-10-01,3.26,4,2.54
2010-10-04,3.3,4.01,2.5
2010-10-05,3.29,3.98,2.5
2010-10-06,3.31,4,2.41
2010-10-07,3.31,4,2.41
2010-10-08,3.27,3.99,2.41
2010-10-11,3.28,4.06,
2010-10-12,3.26,4.04,2.44
2010-10-13,3.28,4.07,2.46
2010-10-14,3.08,3.91,2.52
2010-10-15,3.05,3.92,2.59
2010-10-18,3.06,3.97,2.52
2010-10-19,3.2,4.08,2.5
2010-10-20,3.26,4.14,2.51
2010-10-21,3.29,4.18,2.57
2010-10-22,3.23,4.22,2.59
2010-10-25,3.29,4.3,2.59
2010-10-26,3.25,4.33,2.67
2010-10-27,3.3,4.39,2.75
2010-10-28,3.23,4.26,2.69
2010-10-29,3.25,4.36,2.63
2010-11-01,3.35,4.39,2.66
2010-11-02,3.41,4.45,2.63
2010-11-03,3.43,4.44,2.67
2010-11-04,3.5,4.5,2.53
2010-11-05,3.6,4.53,2.58
2010-11-08,3.55,4.57,2.6
2010-11-09,3.58,4.58,2.72
2010-11-10,3.51,4.5,2.65
2010-11-11,3.48,4.52,
2010-11-12,3.46,4.54,2.76
2010-11-15,3.47,4.57,2.92
2010-11-16,3.32,4.46,2.85
2010-11-17,3.35,4.44,2.89
2010-11-18,3.33,4.44,2.9
2010-11-19,3.32,4.48,2.88
2010-11-22,3.38,4.49,2.8
2010-11-23,3.42,4.56,2.77
2010-11-24,3.34,4.48,2.93
2010-11-25,3.31,4.43,
2010-11-26,3.3,4.47,2.87
2010-11-29,3.22,4.42,2.84
2010-11-30,3.19,4.38,2.81
2010-12-01,3.21,4.36,2.97
2010-12-02,3.18,4.37,3.01
2010-12-03,3.12,4.36,3.03
2010-12-06,3.11,4.32,2.95
2010-12-07,2.89,4.31,3.15
2010-12-08,3.08,4.37,3.26
2010-12-09,3.17,4.38,3.23
2010-12-10,3.14,4.36,3.32
2010-12-13,3.26,4.47,3.29
2010-12-14,3.3,4.48,3.49
2010-12-15,3.43,4.58,3.53
2010-12-16,3.35,4.55,3.47
2010-12-17,3.36,4.57,3.33
2010-12-20,3.35,4.55,3.36
2010-12-21,3.24,4.49,3.35
2010-12-22,3.19,4.47,3.36
2010-12-23,3.23,4.47,3.41
2010-12-24,3.28,4.49,
2010-12-27,3.35,4.51,3.36
2010-12-28,3.37,4.53,3.5
2010-12-29,3.38,4.53,3.35
2010-12-30,3.38,4.52,3.38
2010-12-31,3.38,4.52,3.3
2011-01-03,3.5,4.57,3.36
2011-01-04,3.5,4.59,3.36
2011-01-05,3.5,4.63,3.5
2011-01-06,3.58,4.7,3.44
2011-01-07,3.59,4.71,3.34
2011-01-10,3.57,4.72,3.32
2011-01-11,3.6,4.7,3.37
2011-01-12,3.54,4.65,3.4
2011-01-13,3.64,4.71,3.34
2011-01-14,3.69,4.69,3.35
2011-01-17,3.71,4.69,
2011-01-18,3.66,4.67,3.39
2011-01-19,3.79,4.72,3.37
2011-01-20,3.81,4.71,3.47
2011-01-21,3.81,4.73,3.44
2011-01-24,3.88,4.76,3.43
2011-01-25,3.9,4.76,3.35
2011-01-26,3.88,4.73,3.45
2011-01-27,3.86,4.71,3.42
2011-01-28,3.88,4.71,3.36
2011-01-31,3.96,4.72,3.42
2011-02-01,3.98,4.72,3.48
2011-02-02,,,3.52
2011-02-03,,,3.58
2011-02-04,,,3.68
2011-02-07,4.1,4.8,3.68
2011-02-08,4.06,4.81,3.75
2011-02-09,4,4.82,3.65
2011-02-10,3.96,4.79,3.7
2011-02-11,3.94,4.81,3.64
2011-02-14,3.97,4.83,3.62
2011-02-15,3.95,4.82,3.61
2011-02-16,3.93,4.82,3.62
2011-02-17,3.96,4.82,3.58
2011-02-18,3.94,4.8,3.59
2011-02-21,3.96,4.76,
2011-02-22,3.89,4.68,3.46
2011-02-23,3.89,4.71,3.49
2011-02-24,3.81,4.67,3.46
2011-02-25,3.84,4.66,3.42
2011-02-28,3.84,4.67,3.42
2011-03-01,,,3.41
2011-03-02,3.84,4.68,3.46
2011-03-03,3.93,4.71,3.58
2011-03-04,3.94,4.71,3.49
2011-03-07,3.92,4.7,3.51
2011-03-08,3.89,4.68,3.56
2011-03-09,3.83,4.63,3.48
2011-03-10,3.71,4.49,3.37
2011-03-11,3.69,4.44,3.4
2011-03-14,3.64,4.35,3.36
2011-03-15,3.57,4.27,3.33
2011-03-16,3.64,4.37,3.22
2011-03-17,3.66,4.41,3.25
2011-03-18,3.65,4.46,3.28
2011-03-21,3.71,4.5,3.34
2011-03-22,3.7,4.5,3.34
2011-03-23,3.66,4.49,3.36
2011-03-24,3.66,4.47,3.42
2011-03-25,3.71,4.48,3.46
2011-03-28,3.73,4.47,3.47
2011-03-29,3.71,4.47,3.5
2011-03-30,3.74,4.49,3.47
2011-03-31,3.73,4.48,3.47
2011-04-01,3.67,4.46,3.46
2011-04-04,3.68,4.45,3.45
2011-04-05,3.69,4.44,3.5
2011-04-06,3.7,4.46,3.56
2011-04-07,3.68,4.45,3.58
2011-04-08,3.76,4.48,3.59
2011-04-11,3.78,4.49,3.59
2011-04-12,3.72,4.49,3.52
2011-04-13,3.74,4.5,3.49
2011-04-14,3.73,4.5,3.51
2011-04-15,3.72,4.49,3.43
2011-04-18,3.7,4.45,3.4
2011-04-19,3.71,4.44,3.39
2011-04-20,3.74,4.45,3.43
2011-04-21,3.78,4.48,3.42
2011-04-22,3.8,4.5,
2011-04-25,3.84,4.52,3.39
2011-04-26,3.82,4.53,3.34
2011-04-27,3.82,4.54,3.39
2011-04-28,3.79,4.52,3.34
2011-04-29,3.77,4.48,3.32
2011-05-02,3.77,4.47,3.31
2011-05-03,3.78,4.47,3.28
2011-05-04,3.79,4.47,3.25
2011-05-05,,,3.18
2011-05-06,3.75,4.43,3.19
2011-05-09,3.75,4.44,3.17
2011-05-10,,,3.23
2011-05-11,3.72,4.41,3.19
2011-05-12,3.67,4.34,3.22
2011-05-13,3.66,4.37,3.18
2011-05-16,3.61,4.35,3.15
2011-05-17,3.62,4.34,3.12
2011-05-18,3.62,4.33,3.18
2011-05-19,3.62,4.33,3.17
2011-05-20,3.62,4.33,3.15
2011-05-23,3.58,4.27,3.13
2011-05-24,3.59,4.26,3.12
2011-05-25,3.57,4.22,3.13
2011-05-26,3.61,4.26,3.07
2011-05-27,3.6,4.24,3.07
2011-05-30,3.58,4.21,
2011-05-31,3.59,4.23,3.05
2011-06-01,3.64,4.28,2.96
2011-06-02,3.57,4.21,3.04
2011-06-03,3.57,4.21,2.99
2011-06-06,,,3.01
2011-06-07,3.52,4.2,3.01
2011-06-08,3.52,4.19,2.98
2011-06-09,3.57,4.22,3.01
2011-06-10,3.65,4.25,2.99
2011-06-13,3.66,4.25,3
2011-06-14,3.7,4.27,3.11
2011-06-15,3.68,4.27,2.98
2011-06-16,3.61,4.2,2.93
2011-06-17,3.67,4.24,2.94
2011-06-20,3.66,4.24,2.97
2011-06-21,3.67,4.25,2.99
2011-06-22,3.67,4.24,3.01
2011-06-23,3.68,4.23,2.93
2011-06-24,3.71,4.26,2.88
2011-06-27,3.72,4.25,2.95
2011-06-28,3.72,4.26,3.05
2011-06-29,3.77,4.29,3.14
2011-06-30,3.76,4.29,3.18
2011-07-01,3.77,4.33,3.22
2011-07-04,3.78,4.33,
2011-07-05,3.76,4.29,3.16
2011-07-06,3.79,4.31,3.12
2011-07-07,3.79,4.31,3.17
2011-07-08,3.85,4.34,3.03
2011-07-11,3.81,4.31,2.94
2011-07-12,3.71,4.2,2.92
2011-07-13,3.71,4.18,2.92
2011-07-14,3.7,4.19,2.98
2011-07-15,3.68,4.17,2.94
2011-07-18,3.69,4.15,2.94
2011-07-19,3.71,4.15,2.91
2011-07-20,3.75,4.17,2.96
2011-07-21,3.75,4.17,3.03
2011-07-22,3.79,4.18,2.99
2011-07-25,3.82,4.19,3.03
2011-07-26,3.84,4.23,2.99
2011-07-27,3.82,4.23,3.01
2011-07-28,3.81,4.19,2.98
2011-07-29,3.85,4.2,2.82
2011-08-01,3.9,4.24,2.77
2011-08-02,3.87,4.21,2.66
2011-08-03,3.82,4.15,2.64
2011-08-04,3.77,4.12,2.47
2011-08-05,3.61,4.01,2.58
2011-08-08,3.6,4.06,2.4
2011-08-09,3.57,4.08,2.2
2011-08-10,3.45,3.94,2.17
2011-08-11,3.52,3.92,2.34
2011-08-12,3.49,3.9,2.24
2011-08-15,,,2.29
2011-08-16,3.5,3.92,2.23
2011-08-17,3.54,3.94,2.17
2011-08-18,3.56,3.93,2.08
2011-08-19,3.49,3.84,2.07
2011-08-22,3.49,3.86,2.1
2011-08-23,3.52,3.89,2.15
2011-08-24,3.46,3.84,2.29
2011-08-25,3.46,3.84,2.23
2011-08-26,3.48,3.87,2.19
2011-08-29,3.51,3.88,2.28
2011-08-30,3.48,3.84,2.19
2011-08-31,3.49,3.86,2.23
2011-09-01,3.45,3.81,2.15
2011-09-02,3.44,3.79,2.02
2011-09-05,3.35,3.63,
2011-09-06,3.35,3.63,1.98
2011-09-07,3.45,3.7,2.05
2011-09-08,3.4,3.64,2
2011-09-09,3.36,3.6,1.93
2011-09-12,,,1.94
2011-09-13,,,2
2011-09-14,3.31,3.55,2.03
2011-09-15,3.37,3.62,2.09
2011-09-16,3.4,3.68,2.08
2011-09-19,3.51,3.79,1.97
2011-09-20,3.49,3.82,1.95
2011-09-21,3.5,3.86,1.88
2011-09-22,3.49,3.82,1.72
2011-09-23,3.45,3.76,1.84
2011-09-26,3.51,3.84,1.91
2011-09-27,3.46,3.81,2
2011-09-28,3.53,3.88,2.03
2011-09-29,3.55,3.9,1.99
2011-09-30,3.55,3.95,1.92
2011-10-03,,,1.8
2011-10-04,3.46,3.8,1.81
2011-10-05,3.44,3.78,1.92
2011-10-06,3.43,3.81,2.01
2011-10-07,3.43,3.83,2.1
2011-10-10,3.48,3.85,
2011-10-11,3.48,3.86,2.18
2011-10-12,3.42,3.81,2.24
2011-10-13,3.4,3.78,2.19
2011-10-14,3.41,3.77,2.26
2011-10-17,3.46,3.84,2.18
2011-10-18,3.45,3.84,2.19
2011-10-19,3.45,3.85,2.18
2011-10-20,3.44,3.85,2.2
2011-10-21,3.49,3.9,2.23
2011-10-24,3.53,3.94,2.25
2011-10-25,3.53,3.94,2.14
2011-10-26,3.5,3.92,2.23
2011-10-27,3.53,3.93,2.42
2011-10-28,3.54,3.93,2.34
2011-10-31,3.51,3.87,2.17
2011-11-01,3.48,3.85,2.01
2011-11-02,3.47,3.84,2.03
2011-11-03,3.43,3.81,2.09
2011-11-04,3.43,3.83,2.06
2011-11-07,3.41,3.83,2.04
2011-11-08,3.39,3.79,2.1
2011-11-09,3.38,3.78,2
2011-11-10,3.33,3.76,2.04
2011-11-11,3.37,3.79,
2011-11-14,3.39,3.84,2.04
2011-11-15,3.36,3.81,2.06
2011-11-16,3.34,3.79,2.01
2011-11-17,3.37,3.82,1.96
2011-11-18,3.36,3.81,2.01
2011-11-21,3.37,3.8,1.97
2011-11-22,3.39,3.79,1.94
2011-11-23,3.36,3.76,1.89
2011-11-24,3.38,3.76,
2011-11-25,3.41,3.8,1.97
2011-11-28,3.44,3.81,1.97
2011-11-29,3.43,3.82,2
2011-11-30,3.38,3.77,2.08
2011-12-01,3.38,3.8,2.11
2011-12-02,3.38,3.79,2.05
2011-12-05,3.38,3.79,2.04
2011-12-06,3.34,3.79,2.08
2011-12-07,3.33,3.79,2.02
2011-12-08,3.35,3.79,1.99
2011-12-09,3.35,3.79,2.07
2011-12-12,3.36,3.81,2.03
2011-12-13,3.35,3.8,1.96
2011-12-14,3.34,3.79,1.92
2011-12-15,3.33,3.78,1.92
2011-12-16,3.33,3.79,1.86
2011-12-19,3.42,3.88,1.82
2011-12-20,3.38,3.83,1.94
2011-12-21,3.36,3.83,1.98
2011-12-22,3.36,3.83,1.97
2011-12-23,3.37,3.84,2.03
2011-12-26,3.38,3.85,
2011-12-27,3.39,3.85,2.02
2011-12-28,3.39,3.85,1.93
2011-12-29,3.34,3.79,1.91
2011-12-30,3.34,3.79,1.89
2012-01-02,3.34,3.79,
2012-01-03,3.35,3.8,1.97
2012-01-04,3.35,3.8,2
2012-01-05,3.34,3.79,2.02
2012-01-06,3.35,3.79,1.98
2012-01-09,3.38,3.79,1.98
2012-01-10,3.38,3.79,2
2012-01-11,3.38,3.79,1.93
2012-01-12,3.38,3.79,1.94
2012-01-13,3.37,3.79,1.89
2012-01-16,3.35,3.79,
2012-01-17,3.37,3.81,1.87
2012-01-18,3.36,3.8,1.92
2012-01-19,3.38,3.79,2.01
2012-01-20,3.4,3.82,2.05
2012-01-23,,,2.09
2012-01-24,,,2.08
2012-01-25,3.42,3.82,2.01
2012-01-26,3.4,3.82,1.96
2012-01-27,3.38,3.8,1.93
2012-01-30,3.36,3.77,1.87
2012-01-31,3.38,3.77,1.83
2012-02-01,3.37,3.76,1.87
2012-02-02,3.38,3.77,1.86
2012-02-03,3.38,3.77,1.97
2012-02-06,3.4,3.78,1.93
2012-02-07,3.42,3.8,2
2012-02-08,3.44,3.82,2.01
2012-02-09,3.45,3.82,2.04
2012-02-10,3.44,3.81,1.96
2012-02-13,3.46,3.83,1.99
2012-02-14,3.44,3.82,1.92
2012-02-15,3.46,3.83,1.93
2012-02-16,3.43,3.81,1.99
2012-02-17,3.45,3.83,2.01
2012-02-20,3.47,3.85,
2012-02-21,3.47,3.85,2.05
2012-02-22,3.46,3.85,2.01
2012-02-23,3.44,3.83,1.99
2012-02-24,3.45,3.83,1.98
2012-02-27,3.44,3.82,1.92
2012-02-28,3.42,3.8,1.94
2012-02-29,3.45,3.82,1.98
2012-03-01,,,2.03
2012-03-02,3.48,3.85,1.99
2012-03-05,3.51,3.88,2
2012-03-06,3.5,3.88,1.96
2012-03-07,3.5,3.9,1.98
2012-03-08,3.48,3.87,2.03
2012-03-09,3.49,3.87,2.04
2012-03-12,3.47,3.85,2.04
2012-03-13,3.48,3.85,2.14
2012-03-14,3.52,3.89,2.29
2012-03-15,3.57,3.95,2.29
2012-03-16,3.59,3.97,2.31
2012-03-19,3.62,4.01,2.39
2012-03-20,3.6,4.01,2.38
2012-03-21,3.63,4.05,2.31
2012-03-22,3.63,4.07,2.29
2012-03-23,3.64,4.07,2.25
2012-03-26,3.62,4.04,2.26
2012-03-27,3.63,4.04,2.2
2012-03-28,3.59,4,2.21
2012-03-29,3.57,3.99,2.18
2012-03-30,3.55,3.96,2.23
2012-04-02,3.58,3.99,2.22
2012-04-03,3.56,3.96,2.3
2012-04-04,3.56,3.97,2.25
2012-04-05,3.56,3.98,2.19
2012-04-06,3.54,3.95,2.07
2012-04-09,3.5,3.91,2.06
2012-04-10,3.5,3.91,2.01
2012-04-11,,,2.05
2012-04-12,3.5,3.91,2.08
2012-04-13,3.49,3.9,2.02
2012-04-16,3.47,3.88,2
2012-04-17,3.47,3.87,2.03
2012-04-18,3.49,3.88,2
2012-04-19,3.49,3.88,1.98
2012-04-20,3.46,3.85,1.99
2012-04-23,3.47,3.86,1.96
2012-04-24,3.47,3.86,2
2012-04-25,3.49,3.88,2.01
2012-04-26,3.49,3.87,1.98
2012-04-27,3.46,3.83,1.96
2012-04-30,3.45,3.81,1.95
2012-05-01,,,1.98
2012-05-02,3.46,3.82,1.96
2012-05-03,3.44,3.8,1.96
2012-05-04,3.42,3.79,1.91
2012-05-07,3.38,3.75,1.92
2012-05-08,3.39,3.77,1.88
2012-05-09,3.37,3.76,1.87
2012-05-10,3.4,3.79,1.89
2012-05-11,3.37,3.75,1.84
2012-05-14,3.38,3.75,1.78
2012-05-15,3.38,3.74,1.76
2012-05-16,3.38,3.73,1.76
2012-05-17,3.39,3.74,1.7
2012-05-18,3.36,3.71,1.71
2012-05-21,3.37,3.74,1.75
2012-05-22,3.36,3.74,1.79
2012-05-23,3.36,3.73,1.73
2012-05-24,3.35,3.73,1.77
2012-05-25,3.35,3.73,1.75
2012-05-29,3.36,3.74,1.74
2012-05-30,3.35,3.73,1.63
2012-05-31,3.32,3.69,1.59
2012-06-01,3.3,3.64,1.47
2012-06-04,3.26,3.57,1.53
2012-06-05,3.28,3.62,1.57
2012-06-06,,,1.66
2012-06-07,3.3,3.65,1.66
2012-06-08,3.25,3.57,1.65
2012-06-11,3.32,3.66,1.6
2012-06-12,3.29,3.62,1.67
2012-06-13,3.31,3.64,1.61
2012-06-14,3.29,3.64,1.64
2012-06-15,3.27,3.64,1.6
2012-06-18,3.3,3.67,1.59
2012-06-19,3.29,3.65,1.64
2012-06-20,3.31,3.67,1.65
2012-06-21,3.31,3.66,1.63
2012-06-22,3.29,3.64,1.69
2012-06-25,3.29,3.63,1.63
2012-06-26,3.29,3.63,1.66
2012-06-27,3.27,3.61,1.65
2012-06-28,3.26,3.58,1.6
2012-06-29,3.3,3.62,1.67
2012-07-02,3.3,3.61,1.61
2012-07-03,3.29,3.58,1.65
2012-07-04,3.28,3.57,
2012-07-05,3.27,3.56,1.62
2012-07-06,3.23,3.54,1.57
2012-07-09,3.21,3.52,1.53
2012-07-10,3.22,3.53,1.53
2012-07-11,3.19,3.51,1.54
2012-07-12,2.97,3.29,1.5
2012-07-13,2.95,3.27,1.52
2012-07-16,2.95,3.24,1.5
2012-07-17,2.92,3.2,1.53
2012-07-18,2.89,3.16,1.52
2012-07-19,2.91,3.18,1.54
2012-07-20,2.88,3.15,1.49
2012-07-23,2.82,3.06,1.47
2012-07-24,2.83,3.07,1.44
2012-07-25,2.78,3.01,1.43
2012-07-26,2.81,3.04,1.45
2012-07-27,2.86,3.13,1.58
2012-07-30,2.85,3.13,1.53
2012-07-31,2.85,3.14,1.51
2012-08-01,2.83,3.14,1.56
2012-08-02,2.79,3.1,1.51
2012-08-03,2.77,3.03,1.6
2012-08-06,2.78,3.03,1.59
2012-08-07,2.78,3.03,1.66
2012-08-08,2.76,3.01,1.68
2012-08-09,2.82,3.06,1.69
2012-08-10,2.79,3.04,1.65
2012-08-13,2.82,3.06,1.65
2012-08-14,2.87,3.11,1.73
2012-08-15,,,1.8
2012-08-16,2.95,3.21,1.83
2012-08-17,2.93,3.19,1.81
2012-08-20,2.95,3.21,1.82
2012-08-21,2.9,3.16,1.8
2012-08-22,2.9,3.16,1.71
2012-08-23,2.88,3.12,1.68
2012-08-24,2.83,3.08,1.68
2012-08-27,2.81,3.06,1.65
2012-08-28,2.81,3.06,1.64
2012-08-29,2.79,3.03,1.66
2012-08-30,2.78,3.03,1.63
2012-08-31,2.76,3.02,1.57
2012-09-03,2.75,3,
2012-09-04,2.77,3.02,1.59
2012-09-05,2.74,2.98,1.6
2012-09-06,2.75,2.99,1.68
2012-09-07,2.82,3.06,1.67
2012-09-10,2.8,3.04,1.68
2012-09-11,2.78,3.01,1.7
2012-09-12,2.8,3.02,1.77
2012-09-13,2.87,3.07,1.75
2012-09-14,2.86,3.08,1.88
2012-09-17,2.9,3.13,1.85
2012-09-18,2.86,3.09,1.82
2012-09-19,2.88,3.12,1.79
2012-09-20,2.82,3.05,1.8
2012-09-21,2.84,3.07,1.77
2012-09-24,2.81,3.05,1.74
2012-09-25,2.8,3.04,1.7
2012-09-26,2.79,3.03,1.64
2012-09-27,2.81,3.05,1.66
2012-09-28,2.79,3.02,1.65
2012-10-01,,,1.64
2012-10-02,2.76,2.97,1.64
2012-10-03,,,1.64
2012-10-04,2.74,2.95,1.7
2012-10-05,2.75,2.95,1.75
2012-10-08,2.76,2.96,
2012-10-09,2.76,2.96,1.74
2012-10-10,2.71,2.91,1.72
2012-10-11,2.74,2.92,1.7
2012-10-12,2.77,2.95,1.69
2012-10-15,2.76,2.94,1.7
2012-10-16,2.78,2.96,1.75
2012-10-17,2.81,2.98,1.83
2012-10-18,2.84,3.02,1.86
2012-10-19,2.81,3.02,1.79
2012-10-22,2.84,3.04,1.83
2012-10-23,2.82,3.02,1.79
2012-10-24,2.81,3.01,1.8
2012-10-25,2.81,3.01,1.86
2012-10-26,2.78,2.98,1.78
2012-10-29,2.79,2.98,1.74
2012-10-30,2.78,2.98,
2012-10-31,2.77,2.96,1.72
2012-11-01,2.77,2.96,1.75
2012-11-02,2.78,2.97,1.75
2012-11-05,2.8,2.99,1.72
2012-11-06,2.78,2.99,1.78
2012-11-07,2.78,2.99,1.68
2012-11-08,2.76,2.96,1.62
2012-11-09,2.79,2.98,1.61
2012-11-12,2.79,2.98,
2012-11-13,2.78,2.96,1.59
2012-11-14,2.79,2.97,1.59
2012-11-15,2.78,2.97,1.58
2012-11-16,2.77,2.96,1.58
2012-11-19,2.79,2.98,1.61
2012-11-20,2.8,2.99,1.66
2012-11-21,2.8,2.99,1.69
2012-11-22,2.82,3.01,
2012-11-23,2.84,3.03,1.7
2012-11-26,2.82,3.02,1.66
2012-11-27,2.84,3.04,1.64
2012-11-28,2.83,3.02,1.63
2012-11-29,2.83,3.02,1.62
2012-11-30,2.84,3.03,1.62
2012-12-03,2.84,3.03,1.63
2012-12-04,2.84,3.04,1.62
2012-12-05,2.86,3.08,1.6
2012-12-06,2.83,3.07,1.59
2012-12-07,2.81,3.06,1.64
2012-12-10,2.83,3.09,1.63
2012-12-11,2.83,3.09,1.66
2012-12-12,2.83,3.1,1.72
2012-12-13,2.86,3.14,1.74
2012-12-14,2.87,3.15,1.72
2012-12-17,2.88,3.16,1.78
2012-12-18,2.9,3.19,1.84
2012-12-19,,,1.82
2012-12-20,2.88,3.2,1.81
2012-12-21,2.85,3.18,1.77
2012-12-24,2.87,3.21,1.79
2012-12-26,2.88,3.24,1.77
2012-12-27,2.85,3.21,1.74
2012-12-28,2.82,3.16,1.73
2012-12-31,2.82,3.16,1.78
2013-01-02,2.82,3.19,1.86
2013-01-03,2.77,3.13,1.92
2013-01-04,2.74,3.13,1.93
2013-01-07,2.76,3.1,1.92
2013-01-08,2.74,3.05,1.89
2013-01-09,2.75,3.05,1.88
2013-01-10,2.7,3.02,1.91
2013-01-11,2.76,3.05,1.89
2013-01-14,2.76,3.04,1.89
2013-01-15,2.73,3.01,1.86
2013-01-16,2.74,3.02,1.84
2013-01-17,2.73,3,1.89
2013-01-18,2.75,3.02,1.87
2013-01-21,2.74,3.02,
2013-01-22,2.73,3.02,1.86
2013-01-23,2.72,3.01,1.86
2013-01-24,2.71,3,1.88
2013-01-25,2.71,2.99,1.98
2013-01-28,2.74,3.03,2
2013-01-29,2.75,3.04,2.03
2013-01-30,2.78,3.1,2.03
2013-01-31,2.76,3.1,2.02
2013-02-01,2.76,3.12,2.04
2013-02-04,2.76,3.11,2
2013-02-05,2.75,3.08,2.04
2013-02-06,2.72,3.07,2
2013-02-07,2.72,3.06,1.99
2013-02-08,2.72,3.06,1.99
2013-02-11,,,1.99
2013-02-12,2.71,3.04,2.02
2013-02-13,2.73,3.08,2.05
2013-02-14,2.73,3.09,2
2013-02-15,2.72,3.08,2.01
2013-02-18,2.71,3.06,
2013-02-19,2.69,3.03,2.03
2013-02-20,2.71,3.04,2.02
2013-02-21,2.68,3.02,1.99
2013-02-22,2.69,3.02,1.97
2013-02-25,2.68,3.02,1.88
2013-02-26,2.65,2.98,1.88
2013-02-27,2.63,2.93,1.91
2013-02-28,2.63,2.94,1.89
2013-03-01,,,1.86
2013-03-04,2.63,2.94,1.88
2013-03-05,2.63,2.93,1.9
2013-03-06,2.64,2.96,1.95
2013-03-07,2.66,2.99,2
2013-03-08,2.66,2.99,2.06
2013-03-11,2.66,3,2.07
2013-03-12,2.61,2.95,2.03
2013-03-13,2.61,2.96,2.04
2013-03-14,2.62,2.95,2.04
2013-03-15,2.61,2.93,2.01
2013-03-18,2.59,2.9,1.96
2013-03-19,2.6,2.88,1.92
2013-03-20,2.6,2.9,1.96
2013-03-21,2.59,2.89,1.95
2013-03-22,2.58,2.87,1.93
2013-03-25,2.58,2.88,1.93
2013-03-26,2.58,2.88,1.92
2013-03-27,2.58,2.86,1.87
2013-03-28,2.45,2.73,1.87
2013-03-29,2.52,2.8,
2013-04-01,2.49,2.81,1.86
2013-04-02,2.47,2.8,1.88
2013-04-03,2.47,2.78,1.83
2013-04-04,2.48,2.79,1.78
2013-04-05,2.44,2.76,1.72
2013-04-08,2.47,2.77,1.76
2013-04-09,2.49,2.79,1.78
2013-04-10,2.48,2.79,1.84
2013-04-11,2.63,2.91,1.82
2013-04-12,2.67,2.96,1.75
2013-04-15,2.66,2.97,1.72
2013-04-16,2.61,2.9,1.75
2013-04-17,2.63,2.9,1.73
2013-04-18,2.59,2.86,1.72
2013-04-19,2.61,2.87,1.73
2013-04-22,2.62,2.87,1.72
2013-04-23,2.6,2.85,1.74
2013-04-24,2.61,2.85,1.73
2013-04-25,2.56,2.82,1.74
2013-04-26,2.52,2.8,1.7
2013-04-29,2.52,2.81,1.7
2013-04-30,2.49,2.77,1.7
2013-05-01,,,1.66
2013-05-02,2.44,2.73,1.66
2013-05-03,2.47,2.74,1.78
2013-05-06,2.56,2.81,1.8
2013-05-07,2.54,2.8,1.82
2013-05-08,2.55,2.82,1.81
2013-05-09,2.55,2.84,1.81
2013-05-10,2.55,2.87,1.9
2013-05-13,2.57,2.89,1.92
2013-05-14,2.56,2.87,1.96
2013-05-15,2.56,2.88,1.94
2013-05-16,2.56,2.89,1.87
2013-05-17,,,1.95
2013-05-20,2.6,2.92,1.97
2013-05-21,2.6,2.92,1.94
2013-05-22,2.61,2.93,2.03
2013-05-23,2.61,2.93,2.02
2013-05-24,2.62,2.94,2.01
2013-05-27,2.61,2.92,
2013-05-28,2.64,2.94,2.15
2013-05-29,2.75,3.04,2.13
2013-05-30,2.75,3.05,2.13
2013-05-31,2.78,3.12,2.16
2013-06-03,2.78,3.12,2.13
2013-06-04,2.78,3.13,2.14
2013-06-05,2.81,3.16,2.1
2013-06-06,,,2.08
2013-06-07,2.77,3.13,2.17
2013-06-10,2.79,3.15,2.22
2013-06-11,2.8,3.2,2.2
2013-06-12,2.88,3.31,2.25
2013-06-13,2.82,3.25,2.19
2013-06-14,2.76,3.19,2.14
2013-06-17,2.81,3.27,2.19
2013-06-18,2.77,3.21,2.2
2013-06-19,2.81,3.24,2.33
2013-06-20,2.94,3.41,2.41
2013-06-21,3.04,3.58,2.52
2013-06-24,3.12,3.68,2.57
2013-06-25,3.02,3.58,2.6
2013-06-26,2.97,3.5,2.55
2013-06-27,2.97,3.44,2.49
2013-06-28,2.88,3.4,2.52
2013-07-01,2.99,3.51,2.5
2013-07-02,2.94,3.42,2.48
2013-07-03,2.95,3.45,2.52
2013-07-04,2.93,3.46,
2013-07-05,2.95,3.5,2.73
2013-07-08,3,3.61,2.65
2013-07-09,2.99,3.6,2.65
2013-07-10,2.94,3.53,2.7
2013-07-11,2.84,3.37,2.6
2013-07-12,2.86,3.38,2.61
2013-07-15,2.89,3.45,2.57
2013-07-16,2.88,3.44,2.55
2013-07-17,2.89,3.47,2.52
2013-07-18,2.85,3.41,2.56
2013-07-19,2.85,3.42,2.5
2013-07-22,2.85,3.41,2.5
2013-07-23,2.88,3.41,2.53
2013-07-24,2.89,3.43,2.61
2013-07-25,2.95,3.52,2.61
2013-07-26,2.94,3.51,2.58
2013-07-29,2.9,3.46,2.61
2013-07-30,2.91,3.47,2.63
2013-07-31,2.92,3.49,2.6
2013-08-01,2.92,3.49,2.74
2013-08-02,2.96,3.58,2.63
2013-08-05,2.92,3.51,2.67
2013-08-06,2.92,3.52,2.67
2013-08-07,2.94,3.59,2.61
2013-08-08,2.92,3.58,2.58
2013-08-09,2.91,3.58,2.57
2013-08-12,2.9,3.54,2.61
2013-08-13,2.92,3.57,2.71
2013-08-14,2.97,3.66,2.71
2013-08-15,,,2.77
2013-08-16,2.96,3.67,2.84
2013-08-19,2.99,3.74,2.88
2013-08-20,2.94,3.64,2.82
2013-08-21,2.97,3.66,2.87
2013-08-22,2.99,3.73,2.9
2013-08-23,2.96,3.72,2.82
2013-08-26,2.94,3.67,2.79
2013-08-27,2.94,3.66,2.72
2013-08-28,2.93,3.61,2.78
2013-08-29,2.91,3.58,2.75
2013-08-30,2.88,3.53,2.78
2013-09-02,2.92,3.59,
2013-09-03,2.93,3.6,2.86
2013-09-04,2.93,3.63,2.9
2013-09-05,2.99,3.7,2.98
2013-09-06,2.99,3.69,2.94
2013-09-09,2.95,3.59,2.9
2013-09-10,2.97,3.62,2.96
2013-09-11,2.94,3.55,2.93
2013-09-12,2.91,3.53,2.92
2013-09-13,2.93,3.57,2.9
2013-09-16,2.87,3.5,2.88
2013-09-17,2.85,3.47,2.86
2013-09-18,,,2.69
2013-09-19,,,2.76
2013-09-20,,,2.75
2013-09-23,2.8,3.4,2.72
2013-09-24,2.82,3.39,2.67
2013-09-25,2.84,3.4,2.63
2013-09-26,2.85,3.46,2.66
2013-09-27,2.83,3.44,2.64
2013-09-30,2.82,3.42,2.64
2013-10-01,2.84,3.45,2.66
2013-10-02,2.82,3.41,2.63
2013-10-03,,,2.62
2013-10-04,2.83,3.4,2.66
2013-10-07,2.84,3.42,2.65
2013-10-08,2.85,3.46,2.66
2013-10-09,,,2.68
2013-10-10,2.87,3.51,2.71
2013-10-11,2.86,3.5,2.7
2013-10-14,2.88,3.54,
2013-10-15,2.88,3.53,2.75
2013-10-16,2.87,3.51,2.69
2013-10-17,2.85,3.49,2.61
2013-10-18,2.82,3.44,2.6
2013-10-21,2.84,3.45,2.63
2013-10-22,2.83,3.44,2.54
2013-10-23,2.79,3.35,2.51
2013-10-24,2.8,3.37,2.53
2013-10-25,2.8,3.36,2.53
2013-10-28,2.828,3.42,2.54
2013-10-29,2.804,3.385,2.53
2013-10-30,2.794,3.357,2.55
2013-10-31,2.819,3.398,2.57
2013-11-01,2.844,3.45,2.65
2013-11-04,2.865,3.476,2.63
2013-11-05,2.888,3.513,2.69
2013-11-06,2.884,3.497,2.67
2013-11-07,2.9,3.512,2.63
2013-11-08,2.886,3.492,2.77
2013-11-11,2.956,3.58,
2013-11-12,2.96,3.593,2.8
2013-11-13,2.939,3.56,2.75
2013-11-14,2.938,3.574,2.69
2013-11-15,2.94,3.593,2.71
2013-11-18,2.935,3.588,2.67
2013-11-19,2.954,3.636,2.71
2013-11-20,2.957,3.637,2.8
2013-11-21,2.975,3.678,2.79
2013-11-22,2.945,3.638,2.75
2013-11-25,2.967,3.653,2.74
2013-11-26,2.96,3.634,2.71
2013-11-27,2.97,3.635,2.74
2013-11-28,2.986,3.653,
2013-11-29,3.01,3.672,2.75
2013-12-02,3.039,3.729,2.81
2013-12-03,3.04,3.726,2.79
2013-12-04,3.025,3.726,2.84
2013-12-05,3.019,3.755,2.88
2013-12-06,3.008,3.728,2.88
2013-12-09,2.983,3.683,2.86
2013-12-10,2.991,3.69,2.81
2013-12-11,3.005,3.716,2.86
2013-12-12,3.006,3.713,2.89
2013-12-13,2.96,3.681,2.88
2013-12-16,2.92,3.631,2.89
2013-12-17,2.883,3.605,2.85
2013-12-18,2.901,3.623,2.89
2013-12-19,2.893,3.633,2.94
2013-12-20,2.878,3.626,2.89
2013-12-23,2.881,3.58,2.94
2013-12-24,2.887,3.568,2.99
2013-12-26,2.883,3.574,3
2013-12-27,2.834,3.55,3.02
2013-12-30,2.858,3.583,2.99
2013-12-31,2.858,3.583,3.04
2014-01-02,2.913,3.678,3
2014-01-03,2.924,3.7,3.01
2014-01-06,2.863,3.648,2.98
2014-01-07,2.864,3.65,2.96
2014-01-08,2.858,3.645,3.01
2014-01-09,2.895,3.674,2.97
2014-01-10,2.911,3.65,2.88
2014-01-13,2.89,3.622,2.84
2014-01-14,2.904,3.644,2.88
2014-01-15,2.906,3.666,2.9
2014-01-16,2.889,3.648,2.86
2014-01-17,2.895,3.65,2.84
2014-01-20,2.904,3.65,
2014-01-21,2.908,3.662,2.85
2014-01-22,2.919,3.683,2.87
2014-01-23,2.902,3.656,2.79
2014-01-24,2.861,3.587,2.75
2014-01-27,2.881,3.605,2.78
2014-01-28,2.871,3.6,2.77
2014-01-29,2.88,3.612,2.69
2014-01-30,,,2.72
2014-01-31,,,2.67
2014-02-03,2.882,3.609,2.61
2014-02-04,2.85,3.542,2.64
2014-02-05,2.855,3.546,2.7
2014-02-06,2.85,3.543,2.73
2014-02-07,2.855,3.564,2.71
2014-02-10,2.845,3.546,2.7
2014-02-11,2.84,3.526,2.75
2014-02-12,2.842,3.53,2.8
2014-02-13,2.837,3.495,2.73
2014-02-14,2.842,3.481,2.75
2014-02-17,2.851,3.501,
2014-02-18,2.862,3.524,2.71
2014-02-19,2.855,3.499,2.73
2014-02-20,2.856,3.493,2.76
2014-02-21,2.878,3.529,2.73
2014-02-24,2.87,3.512,2.75
2014-02-25,2.86,3.498,2.7
2014-02-26,2.857,3.511,2.67
2014-02-27,2.848,3.5,2.65
2014-02-28,2.85,3.498,2.66
2014-03-03,2.892,3.552,2.6
2014-03-04,2.911,3.582,2.7
2014-03-05,2.895,3.562,2.7
2014-03-06,2.895,3.57,2.74
2014-03-07,2.895,3.58,2.8
2014-03-10,2.883,3.568,2.79
2014-03-11,2.88,3.562,2.77
2014-03-12,2.865,3.538,2.73
2014-03-13,2.866,3.531,2.66
2014-03-14,2.826,3.47,2.65
2014-03-17,2.847,3.515,2.7
2014-03-18,2.84,3.538,2.68
2014-03-19,2.83,3.516,2.78
2014-03-20,2.865,3.54,2.79
2014-03-21,2.885,3.561,2.75
2014-03-24,2.889,3.567,2.74
2014-03-25,2.879,3.544,2.75
2014-03-26,2.885,3.546,2.71
2014-03-27,2.878,3.538,2.69
2014-03-28,2.868,3.515,2.73
2014-03-31,2.87,3.518,2.73
2014-04-01,2.873,3.537,2.77
2014-04-02,2.881,3.56,2.82
2014-04-03,2.882,3.562,2.8
2014-04-04,2.886,3.562,2.74
2014-04-07,2.87,3.529,2.71
2014-04-08,2.875,3.541,2.69
2014-04-09,2.856,3.519,2.71
2014-04-10,2.86,3.533,2.65
2014-04-11,2.856,3.53,2.63
2014-04-14,2.874,3.539,2.65
2014-04-15,2.879,3.54,2.64
2014-04-16,2.89,3.549,2.65
2014-04-17,2.87,3.519,2.73
2014-04-18,2.881,3.542,
2014-04-21,2.885,3.56,2.73
2014-04-22,2.878,3.551,2.73
2014-04-23,2.881,3.548,2.7
2014-04-24,2.88,3.549,2.7
2014-04-25,2.874,3.53,2.68
2014-04-28,2.878,3.529,2.7
2014-04-29,2.875,3.525,2.71
2014-04-30,2.873,3.527,2.67
2014-05-01,,,2.63
2014-05-02,2.86,3.506,2.6
2014-05-05,,,2.63
2014-05-06,,,2.61
2014-05-07,2.852,3.468,2.62
2014-05-08,2.85,3.461,2.61
2014-05-09,2.836,3.425,2.62
2014-05-12,2.849,3.44,2.66
2014-05-13,2.86,3.453,2.61
2014-05-14,2.852,3.442,2.54
2014-05-15,2.829,3.378,2.5
2014-05-16,2.836,3.386,2.52
2014-05-19,2.837,3.377,2.54
2014-05-20,2.847,3.385,2.52
2014-05-21,2.842,3.378,2.54
2014-05-22,2.85,3.407,2.56
2014-05-23,2.831,3.383,2.54
2014-05-26,2.829,3.371,
2014-05-27,2.83,3.369,2.52
2014-05-28,2.819,3.351,2.44
2014-05-29,2.805,3.323,2.45
2014-05-30,2.816,3.338,2.48
2014-06-02,2.825,3.362,2.54
2014-06-03,2.837,3.375,2.6
2014-06-04,,,2.61
2014-06-05,2.839,3.383,2.59
2014-06-06,,,2.6
2014-06-09,2.84,3.38,2.62
2014-06-10,2.819,3.34,2.64
2014-06-11,2.823,3.355,2.65
2014-06-12,2.789,3.318,2.58
2014-06-13,2.74,3.307,2.6
2014-06-16,2.721,3.315,2.61
2014-06-17,2.728,3.302,2.66
2014-06-18,2.725,3.301,2.61
2014-06-19,2.681,3.251,2.64
2014-06-20,2.662,3.213,2.63
2014-06-23,2.69,3.235,2.63
2014-06-24,2.683,3.215,2.59
2014-06-25,2.687,3.216,2.57
2014-06-26,2.705,3.205,2.53
2014-06-27,2.694,3.183,2.54
2014-06-30,2.681,3.17,2.53
2014-07-01,2.664,3.168,2.58
2014-07-02,2.58,3.089,2.64
2014-07-03,2.595,3.105,2.65
2014-07-04,2.608,3.123,
2014-07-07,2.612,3.127,2.63
2014-07-08,2.647,3.159,2.58
2014-07-09,2.611,3.153,2.57
2014-07-10,2.59,3.085,2.55
2014-07-11,2.586,3.063,2.53
2014-07-14,2.595,3.075,2.55
2014-07-15,2.59,3.062,2.56
2014-07-16,2.58,3.027,2.55
2014-07-17,2.514,2.958,2.47
2014-07-18,2.519,2.971,2.5
2014-07-21,2.521,3,2.49
2014-07-22,2.513,2.995,2.48
2014-07-23,2.464,2.97,2.48
2014-07-24,2.497,3.015,2.52
2014-07-25,2.494,3.004,2.48
2014-07-28,2.505,3.017,2.5
2014-07-29,2.518,3.034,2.47
2014-07-30,2.512,3.035,2.57
2014-07-31,2.515,3.052,2.58
2014-08-01,2.54,3.105,2.52
2014-08-04,2.545,3.105,2.51
2014-08-05,2.518,3.065,2.49
2014-08-06,2.535,3.095,2.49
2014-08-07,2.526,3.085,2.43
2014-08-08,2.5,3.034,2.44
2014-08-11,2.51,3.043,2.44
2014-08-12,2.519,3.061,2.46
2014-08-13,2.515,3.07,2.43
2014-08-14,2.538,3.069,2.4
2014-08-15,,,2.34
2014-08-18,2.562,3.101,2.39
2014-08-19,2.573,3.143,2.4
2014-08-20,2.575,3.142,2.43
2014-08-21,2.582,3.149,2.41
2014-08-22,2.584,3.148,2.4
2014-08-25,2.569,3.11,2.39
2014-08-26,2.54,3.063,2.39
2014-08-27,2.526,3.045,2.37
2014-08-28,2.526,3.058,2.34
2014-08-29,2.511,3.034,2.35
2014-09-01,2.518,3.038,
2014-09-02,2.512,3.063,2.42
2014-09-03,2.534,3.101,2.41
2014-09-04,2.54,3.1,2.45
2014-09-05,2.508,3.067,2.46
2014-09-08,,,2.48
2014-09-09,,,2.5
2014-09-10,,,2.54
2014-09-11,2.496,3.082,2.54
2014-09-12,2.406,3.008,2.62
2014-09-15,2.403,3.045,2.6
2014-09-16,2.37,3.05,2.6
2014-09-17,2.369,3.034,2.62
2014-09-18,2.365,3.022,2.63
2014-09-19,2.37,3.027,2.59
2014-09-22,2.354,2.99,2.57
2014-09-23,2.35,2.981,2.54
2014-09-24,2.335,2.971,2.57
2014-09-25,2.327,2.954,2.52
2014-09-26,2.317,2.929,2.54
2014-09-29,2.323,2.914,2.5
2014-09-30,2.297,2.854,2.52
2014-10-01,2.219,2.804,2.42
2014-10-02,2.247,2.832,2.44
2014-10-03,,,2.45
2014-10-06,2.258,2.845,2.43
2014-10-07,2.285,2.859,2.36
2014-10-08,2.288,2.845,2.35
2014-10-09,,,2.34
2014-10-10,2.26,2.819,2.31
2014-10-13,2.257,2.819,
2014-10-14,2.278,2.835,2.21
2014-10-15,2.284,2.822,2.15
2014-10-16,2.252,2.738,2.17
2014-10-17,2.245,2.731,2.22
2014-10-20,2.259,2.785,2.2
2014-10-21,2.244,2.757,2.23
2014-10-22,2.235,2.755,2.25
2014-10-23,2.217,2.725,2.29
2014-10-24,2.209,2.699,2.29
2014-10-27,2.219,2.72,2.27
2014-10-28,2.217,2.719,2.3
2014-10-29,2.207,2.706,2.34
2014-10-30,2.196,2.684,2.32
2014-10-31,2.138,2.645,2.35
2014-11-03,2.12,2.657,2.36
2014-11-04,2.096,2.629,2.35
2014-11-05,2.093,2.636,2.36
2014-11-06,2.081,2.642,2.39
2014-11-07,2.09,2.67,2.32
2014-11-10,2.118,2.686,2.38
2014-11-11,2.176,2.719,
2014-11-12,2.204,2.758,2.37
2014-11-13,2.21,2.773,2.35
2014-11-14,2.2,2.772,2.32
2014-11-17,2.189,2.762,2.34
2014-11-18,2.18,2.748,2.32
2014-11-19,2.18,2.742,2.36
2014-11-20,2.156,2.715,2.34
2014-11-21,2.161,2.725,2.31
2014-11-24,2.121,2.682,2.3
2014-11-25,2.105,2.654,2.27
2014-11-26,2.098,2.634,2.24
2014-11-27,2.114,2.649,
2014-11-28,2.074,2.589,2.18
2014-12-01,2.073,2.59,2.22
2014-12-02,2.079,2.604,2.28
2014-12-03,2.122,2.681,2.29
2014-12-04,2.163,2.72,2.25
2014-12-05,2.166,2.725,2.31
2014-12-08,2.217,2.798,2.26
2014-12-09,2.179,2.75,2.22
2014-12-10,2.18,2.766,2.18
2014-12-11,2.126,2.7,2.19
2014-12-12,2.112,2.695,2.1
2014-12-15,2.124,2.693,2.12
2014-12-16,2.129,2.668,2.07
2014-12-17,2.169,2.695,2.14
2014-12-18,2.183,2.725,2.22
2014-12-19,2.18,2.722,2.17
2014-12-22,2.156,2.666,2.17
2014-12-23,2.156,2.671,2.26
2014-12-24,2.147,2.658,2.27
2014-12-26,2.158,2.65,2.25
2014-12-29,2.134,2.608,2.22
2014-12-30,2.099,2.597,2.2
2014-12-31,2.098,2.598,2.17
2015-01-02,2.135,2.66,2.12
2015-01-05,2.118,2.622,2.04
2015-01-06,2.079,2.555,1.97
2015-01-07,2.076,2.56,1.96
2015-01-08,2.072,2.552,2.03
2015-01-09,2.056,2.536,1.98
2015-01-12,2.006,2.449,1.92
2015-01-13,2.024,2.433,1.91
2015-01-14,1.974,2.369,1.86
2015-01-15,2.044,2.45,1.77
2015-01-16,2.012,2.344,1.83
2015-01-19,2.038,2.385,
2015-01-20,2.031,2.36,1.82
2015-01-21,2.045,2.372,1.87
2015-01-22,2.063,2.405,1.9
2015-01-23,2.027,2.329,1.81
2015-01-26,2.024,2.3,1.83
2015-01-27,2.029,2.3,1.83
2015-01-28,2.004,2.259,1.73
2015-01-29,1.998,2.227,1.77
2015-01-30,1.97,2.24,1.68
2015-02-02,1.985,2.245,1.68
2015-02-03,1.935,2.211,1.79
2015-02-04,1.961,2.249,1.81
2015-02-05,1.975,2.278,1.83
2015-02-06,1.962,2.273,1.95
2015-02-09,1.977,2.295,1.96
2015-02-10,2.056,2.356,2.01
2015-02-11,2.051,2.352,2
2015-02-12,2.075,2.406,1.99
2015-02-13,2.05,2.4,2.02
2015-02-16,2.091,2.477,
2015-02-17,2.054,2.383,2.14
2015-02-18,,,2.07
2015-02-19,,,2.11
2015-02-20,,,2.13
2015-02-23,2.061,2.426,2.06
2015-02-24,2.063,2.434,1.99
2015-02-25,2.037,2.375,1.96
2015-02-26,2.04,2.366,2.03
2015-02-27,2.034,2.353,2
2015-03-02,2,2.33,2.08
2015-03-03,1.99,2.352,2.12
2015-03-04,1.98,2.367,2.12
2015-03-05,1.978,2.355,2.11
2015-03-06,1.943,2.329,2.24
2015-03-09,1.924,2.371,2.2
2015-03-10,1.937,2.387,2.14
2015-03-11,1.907,2.316,2.11
2015-03-12,1.896,2.347,2.1
2015-03-13,1.869,2.356,2.13
2015-03-16,1.856,2.315,2.1
2015-03-17,1.872,2.319,2.06
2015-03-18,1.859,2.282,1.93
2015-03-19,1.825,2.212,1.98
2015-03-20,1.797,2.207,1.93
2015-03-23,1.793,2.194,1.92
2015-03-24,1.795,2.193,1.88
2015-03-25,1.785,2.171,1.93
2015-03-26,1.779,2.178,2.01
2015-03-27,1.77,2.18,1.95
2015-03-30,1.748,2.152,1.96
2015-03-31,1.721,2.16,1.94
2015-04-01,1.72,2.15,1.87
2015-04-02,1.721,2.119,1.92
2015-04-03,1.714,2.086,1.85
2015-04-06,1.714,2.068,1.92
2015-04-07,1.721,2.104,1.89
2015-04-08,1.727,2.112,1.92
2015-04-09,1.698,2.077,1.97
2015-04-10,1.714,2.07,1.96
2015-04-13,1.732,2.103,1.94
2015-04-14,1.731,2.121,1.9
2015-04-15,1.721,2.122,1.91
2015-04-16,1.724,2.157,1.9
2015-04-17,1.691,2.112,1.87
2015-04-20,1.693,2.143,1.9
2015-04-21,1.71,2.174,1.92
2015-04-22,1.71,2.175,1.99
2015-04-23,1.745,2.266,1.96
2015-04-24,1.771,2.285,1.93
2015-04-27,1.786,2.29,1.94
2015-04-28,1.829,2.367,2
2015-04-29,1.842,2.38,2.06
2015-04-30,1.843,2.414,2.05
2015-05-01,,,2.12
2015-05-04,1.896,2.486,2.16
2015-05-05,,,2.19
2015-05-06,1.969,2.569,2.25
2015-05-07,1.966,2.551,2.18
2015-05-08,1.888,2.415,2.16
2015-05-11,1.876,2.46,2.28
2015-05-12,1.942,2.597,2.28
2015-05-13,1.864,2.538,2.27
2015-05-14,1.857,2.498,2.23
2015-05-15,1.881,2.508,2.14
2015-05-18,1.889,2.517,2.23
2015-05-19,1.903,2.547,2.27
2015-05-20,1.878,2.495,2.26
2015-05-21,1.88,2.511,2.19
2015-05-22,1.871,2.48,2.21
2015-05-26,1.846,2.489,2.14
2015-05-27,1.809,2.447,2.14
2015-05-28,1.798,2.41,2.13
2015-05-29,1.745,2.308,2.12
2015-06-01,1.746,2.343,2.19
2015-06-02,1.726,2.333,2.27
2015-06-03,1.757,2.429,2.38
2015-06-04,1.767,2.482,2.31
2015-06-05,1.741,2.468,2.41
2015-06-08,1.729,2.483,2.39
2015-06-09,1.733,2.434,2.42
2015-06-10,1.773,2.465,2.5
2015-06-11,1.797,2.526,2.39
2015-06-12,1.762,2.463,2.39
2015-06-15,1.764,2.5,2.36
2015-06-16,1.766,2.508,2.32
2015-06-17,1.8,2.557,2.32
2015-06-18,1.778,2.516,2.35
2015-06-19,1.77,2.445,2.26
2015-06-22,1.787,2.506,2.37
2015-06-23,1.795,2.48,2.42
2015-06-24,1.806,2.469,2.38
2015-06-25,1.814,2.494,2.4
2015-06-26,1.818,2.495,2.49
2015-06-29,1.793,2.45,2.33
2015-06-30,1.793,2.451,2.35
2015-07-01,1.805,2.471,2.43
2015-07-02,1.828,2.53,2.4
2015-07-03,1.826,2.522,
2015-07-06,1.829,2.465,2.3
2015-07-07,1.825,2.497,2.27
2015-07-08,1.807,2.469,2.22
2015-07-09,1.802,2.484,2.32
2015-07-10,1.806,2.502,2.42
2015-07-13,1.804,2.508,2.44
2015-07-14,1.796,2.504,2.41
2015-07-15,1.795,2.495,2.36
2015-07-16,1.789,2.481,2.36
2015-07-17,1.784,2.47,2.34
2015-07-20,1.775,2.467,2.38
2015-07-21,1.771,2.454,2.35
2015-07-22,1.749,2.421,2.33
2015-07-23,1.716,2.37,2.28
2015-07-24,1.706,2.336,2.27
2015-07-27,1.703,2.351,2.23
2015-07-28,1.731,2.383,2.26
2015-07-29,1.716,2.362,2.29
2015-07-30,1.735,2.39,2.28
2015-07-31,1.768,2.428,2.2
2015-08-03,1.76,2.402,2.16
2015-08-04,1.774,2.409,2.23
2015-08-05,1.792,2.423,2.28
2015-08-06,1.786,2.408,2.23
2015-08-07,1.783,2.41,2.18
2015-08-10,1.763,2.356,2.24
2015-08-11,1.737,2.323,2.15
2015-08-12,1.705,2.257,2.14
2015-08-13,1.729,2.294,2.19
2015-08-14,,,2.2
2015-08-17,1.723,2.279,2.16
2015-08-18,1.716,2.273,2.2
2015-08-19,1.73,2.307,2.12
2015-08-20,1.714,2.276,2.09
2015-08-21,1.709,2.256,2.05
2015-08-24,1.693,2.189,2.01
2015-08-25,1.708,2.222,2.12
2015-08-26,1.719,2.249,2.18
2015-08-27,1.705,2.252,2.18
2015-08-28,1.718,2.285,2.19
2015-08-31,1.735,2.295,2.21
2015-09-01,1.725,2.303,2.17
2015-09-02,1.696,2.266,2.2
2015-09-03,1.674,2.28,2.18
2015-09-04,1.645,2.241,2.13
2015-09-07,1.651,2.224,
2015-09-08,1.668,2.227,2.2
2015-09-09,1.68,2.253,2.21
2015-09-10,1.65,2.225,2.23
2015-09-11,1.655,2.237,2.2
2015-09-14,1.667,2.27,2.18
2015-09-15,1.653,2.252,2.28
2015-09-16,1.67,2.274,2.3
2015-09-17,1.683,2.271,2.21
2015-09-18,1.635,2.195,2.13
2015-09-21,1.617,2.158,2.2
2015-09-22,1.624,2.148,2.14
2015-09-23,1.619,2.136,2.16
2015-09-24,1.63,2.16,2.13
2015-09-25,1.615,2.134,2.17
2015-09-28,,,2.1
2015-09-29,,,2.05
2015-09-30,1.568,2.061,2.06
2015-10-01,1.596,2.107,2.05
2015-10-02,1.584,2.082,1.99
2015-10-05,1.577,2.042,2.07
2015-10-06,1.591,2.05,2.05
2015-10-07,1.614,2.087,2.08
2015-10-08,1.615,2.091,2.12
2015-10-09,,,2.12
2015-10-12,1.646,2.149,
2015-10-13,1.638,2.124,2.06
2015-10-14,1.657,2.124,1.99
2015-10-15,1.623,2.06,2.04
2015-10-16,1.622,2.064,2.04
2015-10-19,1.622,2.076,2.04
2015-10-20,1.64,2.099,2.08
2015-10-21,1.649,2.109,2.04
2015-10-22,1.654,2.122,2.04
2015-10-23,1.65,2.105,2.09
2015-10-26,1.645,2.097,2.07
2015-10-27,1.63,2.064,2.05
2015-10-28,1.626,2.036,2.1
2015-10-29,1.641,2.053,2.19
2015-10-30,1.657,2.111,2.16
2015-11-02,1.658,2.118,2.2
2015-11-03,1.665,2.153,2.23
2015-11-04,1.677,2.165,2.25
2015-11-05,1.691,2.157,2.26
2015-11-06,1.729,2.208,2.34
2015-11-09,1.803,2.306,2.36
2015-11-10,1.781,2.274,2.32
2015-11-11,1.798,2.308,
2015-11-12,1.787,2.326,2.32
2015-11-13,1.778,2.332,2.28
2015-11-16,1.749,2.283,2.27
2015-11-17,1.758,2.304,2.25
2015-11-18,1.752,2.292,2.27
2015-11-19,1.736,2.26,2.24
2015-11-20,1.762,2.269,2.26
2015-11-23,1.761,2.288,2.25
2015-11-24,1.767,2.279,2.24
2015-11-25,1.769,2.25,2.23
2015-11-26,1.778,2.239,
2015-11-27,1.798,2.271,2.22
2015-11-30,1.785,2.247,2.21
2015-12-01,1.772,2.275,2.15
2015-12-02,1.762,2.256,2.18
2015-12-03,1.755,2.264,2.33
2015-12-04,1.781,2.301,2.28
2015-12-07,1.787,2.299,2.23
2015-12-08,1.763,2.23,2.24
2015-12-09,1.762,2.21,2.22
2015-12-10,1.745,2.216,2.24
2015-12-11,1.748,2.243,2.13
2015-12-14,1.732,2.221,2.23
2015-12-15,1.733,2.21,2.28
2015-12-16,1.748,2.218,2.3
2015-12-17,1.726,2.162,2.24
2015-12-18,1.693,2.118,2.19
2015-12-21,1.658,2.1,2.2
2015-12-22,1.672,2.114,2.24
2015-12-23,1.668,2.114,2.27
2015-12-24,1.662,2.102,2.25
2015-12-28,1.677,2.097,2.24
2015-12-29,1.655,2.07,2.32
2015-12-30,1.662,2.076,2.31
2015-12-31,1.662,2.076,2.27
2016-01-04,1.634,2.039,2.24
2016-01-05,1.643,2.057,2.25
2016-01-06,1.639,2.035,2.18
2016-01-07,1.639,2.015,2.16
2016-01-08,1.665,2.057,2.13
2016-01-11,1.635,2.025,2.17
2016-01-12,1.638,2.036,2.12
2016-01-13,1.633,2.025,2.08
2016-01-14,1.648,2.033,2.1
2016-01-15,1.648,2.024,2.03
2016-01-18,1.646,2.039,
2016-01-19,1.644,2.065,2.06
2016-01-20,1.617,2.002,2.01
2016-01-21,1.611,1.995,2.02
2016-01-22,1.621,2.037,2.07
2016-01-25,1.621,2.02,2.03
2016-01-26,1.599,1.99,2.01
2016-01-27,1.604,2.013,2.02
2016-01-28,1.618,2.018,2
2016-01-29,1.564,1.979,1.94
2016-02-01,1.525,1.922,1.97
2016-02-02,1.516,1.916,1.87
2016-02-03,1.496,1.865,1.88
2016-02-04,1.494,1.862,1.87
2016-02-05,1.506,1.882,1.86
2016-02-08,,,1.75
2016-02-09,,,1.74
2016-02-10,,,1.71
2016-02-11,1.45,1.766,1.63
2016-02-12,1.475,1.8,1.74
2016-02-15,1.484,1.825,
2016-02-16,1.431,1.781,1.78
2016-02-17,1.435,1.784,1.81
2016-02-18,1.451,1.805,1.75
2016-02-19,1.468,1.814,1.76
2016-02-22,1.48,1.83,1.77
2016-02-23,1.481,1.831,1.74
2016-02-24,1.469,1.814,1.75
2016-02-25,1.464,1.802,1.71
2016-02-26,1.452,1.778,1.76
2016-02-29,1.454,1.786,1.74
2016-03-01,,,1.83
2016-03-02,1.469,1.827,1.84
2016-03-03,1.504,1.87,1.83
2016-03-04,1.522,1.882,1.88
2016-03-07,1.502,1.867,1.91
2016-03-08,1.481,1.845,1.83
2016-03-09,1.47,1.85,1.9
2016-03-10,1.5,1.863,1.93
2016-03-11,1.55,1.922,1.98
2016-03-14,1.532,1.915,1.97
2016-03-15,1.533,1.907,1.97
2016-03-16,1.542,1.912,1.94
2016-03-17,1.515,1.862,1.91
2016-03-18,1.499,1.835,1.88
2016-03-21,1.496,1.828,1.92
2016-03-22,1.512,1.847,1.94
2016-03-23,1.512,1.867,1.88
2016-03-24,1.5,1.848,1.91
2016-03-25,1.495,1.835,
2016-03-28,1.479,1.834,1.89
2016-03-29,1.449,1.798,1.81
2016-03-30,1.45,1.781,1.83
2016-03-31,1.444,1.793,1.78
2016-04-01,1.448,1.796,1.79
2016-04-04,1.44,1.766,1.78
2016-04-05,1.453,1.787,1.73
2016-04-06,1.458,1.787,1.76
2016-04-07,1.468,1.801,1.7
2016-04-08,1.463,1.794,1.72
2016-04-11,1.466,1.794,1.73
2016-04-12,1.465,1.791,1.79
2016-04-13,,,1.77
2016-04-14,1.502,1.844,1.8
2016-04-15,1.494,1.84,1.76
2016-04-18,1.507,1.845,1.78
2016-04-19,1.501,1.838,1.79
2016-04-20,1.474,1.804,1.85
2016-04-21,1.483,1.825,1.88
2016-04-22,1.472,1.828,1.89
2016-04-25,1.455,1.831,1.91
2016-04-26,1.452,1.816,1.94
2016-04-27,1.456,1.811,1.87
2016-04-28,1.45,1.801,1.84
2016-04-29,1.453,1.794,1.83
2016-05-02,1.465,1.807,1.88
2016-05-03,1.445,1.795,1.81
2016-05-04,1.434,1.773,1.79
2016-05-05,,,1.76
2016-05-06,,,1.79
2016-05-09,1.413,1.767,1.77
2016-05-10,1.412,1.768,1.77
2016-05-11,1.417,1.765,1.73
2016-05-12,1.422,1.764,1.75
2016-05-13,1.442,1.768,1.71
2016-05-16,1.443,1.774,1.75
2016-05-17,1.455,1.791,1.76
2016-05-18,1.472,1.801,1.87
2016-05-19,1.492,1.829,1.85
2016-05-20,1.471,1.803,1.85
2016-05-23,1.467,1.8,1.84
2016-05-24,1.444,1.767,1.86
2016-05-25,1.461,1.785,1.87
2016-05-26,1.468,1.79,1.83
2016-05-27,1.468,1.778,1.85
2016-05-30,1.503,1.813,
2016-05-31,1.496,1.811,1.84
2016-06-01,1.438,1.757,1.85
2016-06-02,1.443,1.763,1.81
2016-06-03,1.423,1.738,1.71
2016-06-06,,,1.73
2016-06-07,1.405,1.715,1.72
2016-06-08,1.378,1.697,1.71
2016-06-09,1.345,1.66,1.68
2016-06-10,1.322,1.652,1.64
2016-06-13,1.311,1.615,1.62
2016-06-14,1.337,1.635,1.62
2016-06-15,1.339,1.622,1.6
2016-06-16,1.318,1.579,1.57
2016-06-17,1.334,1.596,1.62
2016-06-20,1.359,1.641,1.67
2016-06-21,1.343,1.616,1.71
2016-06-22,1.355,1.638,1.69
2016-06-23,1.337,1.627,1.74
2016-06-24,1.249,1.5,1.57
2016-06-27,1.236,1.484,1.46
2016-06-28,1.248,1.486,1.46
2016-06-29,1.238,1.459,1.5
2016-06-30,1.247,1.469,1.49
2016-07-01,1.21,1.409,1.46
2016-07-04,1.224,1.415,
2016-07-05,1.217,1.421,1.37
2016-07-06,1.203,1.383,1.38
2016-07-07,1.208,1.38,1.4
2016-07-08,1.216,1.388,1.37
2016-07-11,1.213,1.38,1.43
2016-07-12,1.217,1.388,1.53
2016-07-13,1.211,1.393,1.48
2016-07-14,1.205,1.374,1.53
2016-07-15,1.221,1.392,1.6
2016-07-18,1.229,1.415,1.59
2016-07-19,1.227,1.426,1.56
2016-07-20,1.221,1.418,1.59
2016-07-21,1.233,1.439,1.57
2016-07-22,1.227,1.418,1.57
2016-07-25,1.225,1.425,1.58
2016-07-26,1.22,1.411,1.57
2016-07-27,1.222,1.403,1.52
2016-07-28,1.203,1.357,1.52
2016-07-29,1.216,1.386,1.46
2016-08-01,1.212,1.363,1.51
2016-08-02,1.212,1.378,1.55
2016-08-03,1.247,1.425,1.55
2016-08-04,1.238,1.413,1.51
2016-08-05,1.225,1.388,1.59
2016-08-08,1.246,1.429,1.59
2016-08-09,1.247,1.427,1.55
2016-08-10,1.215,1.391,1.5
2016-08-11,1.222,1.396,1.57
2016-08-12,1.23,1.41,1.51
2016-08-15,,,1.55
2016-08-16,1.219,1.395,1.57
2016-08-17,1.233,1.434,1.56
2016-08-18,1.228,1.415,1.53
2016-08-19,1.231,1.422,1.58
2016-08-22,1.232,1.435,1.55
2016-08-23,1.228,1.422,1.55
2016-08-24,1.229,1.418,1.56
2016-08-25,1.236,1.422,1.58
2016-08-26,1.241,1.423,1.62
2016-08-29,1.272,1.445,1.57
2016-08-30,1.283,1.449,1.57
2016-08-31,1.308,1.478,1.58
2016-09-01,1.333,1.524,1.57
2016-09-02,1.326,1.53,1.6
2016-09-05,1.307,1.511,
2016-09-06,1.3,1.506,1.55
2016-09-07,1.278,1.459,1.54
2016-09-08,1.288,1.469,1.61
2016-09-09,1.328,1.512,1.67
2016-09-12,1.356,1.567,1.68
2016-09-13,1.35,1.572,1.73
2016-09-14,,,1.7
2016-09-15,,,1.71
2016-09-16,,,1.7
2016-09-19,1.345,1.582,1.7
2016-09-20,1.336,1.575,1.69
2016-09-21,1.327,1.592,1.66
2016-09-22,1.296,1.519,1.63
2016-09-23,1.303,1.5,1.62
2016-09-26,1.308,1.495,1.59
2016-09-27,1.305,1.494,1.56
2016-09-28,1.304,1.468,1.57
2016-09-29,1.297,1.456,1.56
2016-09-30,1.247,1.398,1.6
2016-10-03,,,1.63
2016-10-04,1.276,1.455,1.69
2016-10-05,1.316,1.51,1.72
2016-10-06,1.321,1.536,1.75
2016-10-07,1.326,1.531,1.73
2016-10-10,1.335,1.546,
2016-10-11,1.373,1.616,1.77
2016-10-12,1.353,1.595,1.79
2016-10-13,1.323,1.543,1.75
2016-10-14,1.319,1.55,1.8
2016-10-17,1.35,1.615,1.77
2016-10-18,1.353,1.616,1.75
2016-10-19,1.352,1.612,1.76
2016-10-20,1.354,1.613,1.76
2016-10-21,1.381,1.626,1.74
2016-10-24,1.385,1.612,1.77
2016-10-25,1.398,1.64,1.77
2016-10-26,1.405,1.633,1.79
2016-10-27,1.418,1.669,1.85
2016-10-28,1.438,1.718,1.86
2016-10-31,1.438,1.688,1.84
2016-11-01,1.451,1.73,1.83
2016-11-02,1.436,1.694,1.81
2016-11-03,1.428,1.679,1.82
2016-11-04,1.431,1.694,1.79
2016-11-07,1.426,1.707,1.83
2016-11-08,1.425,1.702,1.88
2016-11-09,1.402,1.671,2.07
2016-11-10,1.465,1.819,2.15
2016-11-11,1.508,1.938,
2016-11-14,1.61,2.061,2.23
2016-11-15,1.635,2.043,2.23
2016-11-16,1.689,2.084,2.22
2016-11-17,1.713,2.086,2.29
2016-11-18,1.736,2.132,2.34
2016-11-21,1.725,2.12,2.33
2016-11-22,1.735,2.124,2.31
2016-11-23,1.775,2.139,2.36
2016-11-24,1.811,2.182,
2016-11-25,1.811,2.184,2.36
2016-11-28,1.764,2.153,2.32
2016-11-29,1.709,2.141,2.3
2016-11-30,1.71,2.144,2.37
2016-12-01,1.726,2.202,2.45
2016-12-02,1.745,2.258,2.4
2016-12-05,1.727,2.19,2.39
2016-12-06,1.737,2.203,2.39
2016-12-07,1.736,2.199,2.34
2016-12-08,1.714,2.163,2.4
2016-12-09,1.735,2.207,2.47
2016-12-12,1.734,2.27,2.49
2016-12-13,1.676,2.202,2.48
2016-12-14,1.644,2.131,2.54
2016-12-15,1.697,2.196,2.6
2016-12-16,1.688,2.167,2.6
2016-12-19,1.694,2.168,2.54
2016-12-20,1.714,2.163,2.57
2016-12-21,1.687,2.11,2.55
2016-12-22,1.657,2.102,2.55
2016-12-23,1.665,2.114,2.55
2016-12-26,1.669,2.114,
2016-12-27,1.654,2.117,2.57
2016-12-28,1.643,2.084,2.51
2016-12-29,1.638,2.074,2.49
2016-12-30,1.638,2.074,2.45
2017-01-02,1.638,2.055,
2017-01-03,1.617,2.061,2.45
2017-01-04,1.63,2.096,2.46
2017-01-05,1.607,2.064,2.37
2017-01-06,1.626,2.077,2.42
2017-01-09,1.663,2.132,2.38
2017-01-10,1.647,2.104,2.38
2017-01-11,1.653,2.126,2.38
2017-01-12,1.624,2.066,2.36
2017-01-13,1.635,2.096,2.4
2017-01-16,1.633,2.119,
2017-01-17,1.628,2.102,2.33
2017-01-18,1.649,2.123,2.42
2017-01-19,1.677,2.169,2.47
2017-01-20,1.655,2.129,2.48
2017-01-23,1.64,2.125,2.41
2017-01-24,1.628,2.102,2.47
2017-01-25,1.647,2.133,2.53
2017-01-26,1.687,2.193,2.51
2017-01-27,,,2.49
2017-01-30,,,2.49
2017-01-31,1.675,2.155,2.45
2017-02-01,1.685,2.173,2.48
2017-02-02,1.674,2.155,2.48
2017-02-03,1.685,2.184,2.49
2017-02-06,1.662,2.156,2.42
2017-02-07,1.641,2.134,2.4
2017-02-08,1.652,2.13,2.34
2017-02-09,1.648,2.122,2.4
2017-02-10,1.668,2.151,2.41
2017-02-13,1.663,2.15,2.43
2017-02-14,1.653,2.135,2.47
2017-02-15,1.661,2.153,2.51
2017-02-16,1.656,2.144,2.45
2017-02-17,1.655,2.135,2.42
2017-02-20,1.67,2.184,
2017-02-21,1.671,2.202,2.43
2017-02-22,1.69,2.246,2.42
2017-02-23,1.676,2.206,2.38
2017-02-24,1.666,2.175,2.31
2017-02-27,1.663,2.172,2.36
2017-02-28,1.67,2.162,2.36
2017-03-01,,,2.46
2017-03-02,1.713,2.224,2.49
2017-03-03,1.713,2.231,2.49
2017-03-06,1.746,2.264,2.49
2017-03-07,1.784,2.31,2.52
2017-03-08,1.784,2.302,2.57
2017-03-09,1.789,2.318,2.6
2017-03-10,1.78,2.318,2.58
2017-03-13,1.765,2.301,2.62
2017-03-14,1.758,2.29,2.6
2017-03-15,1.759,2.272,2.51
2017-03-16,1.695,2.176,2.53
2017-03-17,1.675,2.179,2.5
2017-03-20,1.67,2.185,2.47
2017-03-21,1.67,2.186,2.43
2017-03-22,1.663,2.153,2.4
2017-03-23,1.666,2.151,2.41
2017-03-24,1.678,2.175,2.4
2017-03-27,1.65,2.15,2.38
2017-03-28,1.657,2.161,2.42
2017-03-29,1.653,2.159,2.39
2017-03-30,1.665,2.184,2.42
2017-03-31,1.662,2.177,2.4
2017-04-03,1.668,2.177,2.35
2017-04-04,1.646,2.139,2.36
2017-04-05,1.654,2.141,2.34
2017-04-06,1.679,2.182,2.34
2017-04-07,1.681,2.193,2.38
2017-04-10,1.722,2.253,2.37
2017-04-11,1.693,2.204,2.32
2017-04-12,1.686,2.205,2.28
2017-04-13,1.674,2.172,2.24
2017-04-14,1.677,2.185,
2017-04-17,1.673,2.173,2.26
2017-04-18,1.676,2.174,2.18
2017-04-19,1.67,2.144,2.21
2017-04-20,1.674,2.144,2.24
2017-04-21,1.684,2.165,2.24
2017-04-24,1.701,2.205,2.28
2017-04-25,1.677,2.194,2.35
2017-04-26,1.682,2.207,2.32
2017-04-27,1.673,2.196,2.3
2017-04-28,1.675,2.196,2.29
2017-05-01,,,2.33
2017-05-02,1.69,2.236,2.29
2017-05-03,,,2.33
2017-05-04,1.681,2.211,2.36
2017-05-05,,,2.36
2017-05-08,1.707,2.242,2.39
2017-05-09,,,2.42
2017-05-10,1.733,2.299,2.41
2017-05-11,1.727,2.306,2.39
2017-05-12,1.71,2.289,2.33
2017-05-15,1.71,2.301,2.34
2017-05-16,1.717,2.301,2.33
2017-05-17,1.684,2.249,2.22
2017-05-18,1.683,2.248,2.23
2017-05-19,1.671,2.238,2.23
2017-05-22,1.685,2.272,2.25
2017-05-23,1.676,2.249,2.29
2017-05-24,1.691,2.269,2.26
2017-05-25,1.681,2.246,2.25
2017-05-26,1.677,2.237,2.25
2017-05-29,1.672,2.245,
2017-05-30,1.658,2.223,2.21
2017-05-31,1.661,2.23,2.21
2017-06-01,1.645,2.212,2.21
2017-06-02,1.63,2.209,2.15
2017-06-05,1.623,2.177,2.18
2017-06-06,,,2.14
2017-06-07,1.621,2.16,2.18
2017-06-08,1.637,2.173,2.19
2017-06-09,1.632,2.173,2.21
2017-06-12,1.697,2.222,2.21
2017-06-13,1.661,2.177,2.21
2017-06-14,1.681,2.17,2.15
2017-06-15,1.682,2.123,2.16
2017-06-16,1.695,2.153,2.16
2017-06-19,1.683,2.158,2.19
2017-06-20,1.685,2.142,2.16
2017-06-21,1.692,2.138,2.16
2017-06-22,1.701,2.135,2.15
2017-06-23,1.688,2.129,2.15
2017-06-26,1.686,2.124,2.14
2017-06-27,1.681,2.118,2.21
2017-06-28,1.711,2.178,2.22
2017-06-29,1.7,2.184,2.27
2017-06-30,1.698,2.214,2.31
2017-07-03,1.716,2.235,2.35
2017-07-04,1.74,2.272,
2017-07-05,1.745,2.277,2.33
2017-07-06,1.75,2.281,2.37
2017-07-07,1.781,2.323,2.39
2017-07-10,1.756,2.289,2.38
2017-07-11,1.762,2.28,2.37
2017-07-12,1.762,2.272,2.33
2017-07-13,1.745,2.238,2.35
2017-07-14,1.75,2.249,2.33
2017-07-17,1.754,2.272,2.31
2017-07-18,1.746,2.256,2.27
2017-07-19,1.747,2.258,2.27
2017-07-20,1.74,2.237,2.27
2017-07-21,1.721,2.219,2.24
2017-07-24,1.72,2.22,2.26
2017-07-25,1.709,2.207,2.33
2017-07-26,1.729,2.245,2.29
2017-07-27,1.712,2.215,2.32
2017-07-28,1.723,2.229,2.3
2017-07-31,1.724,2.226,2.3
2017-08-01,1.733,2.258,2.26
2017-08-02,1.73,2.247,2.27
2017-08-03,1.737,2.25,2.24
2017-08-04,1.742,2.251,2.27
2017-08-07,1.772,2.285,2.26
2017-08-08,1.805,2.311,2.29
2017-08-09,1.833,2.338,2.24
2017-08-10,1.824,2.322,2.2
2017-08-11,1.804,2.302,2.19
2017-08-14,1.802,2.301,2.22
2017-08-15,,,2.27
2017-08-16,1.821,2.332,2.23
2017-08-17,1.801,2.32,2.19
2017-08-18,1.777,2.314,2.19
2017-08-21,1.784,2.304,2.18
2017-08-22,1.803,2.308,2.22
2017-08-23,1.797,2.297,2.17
2017-08-24,1.801,2.289,2.19
2017-08-25,1.755,2.253,2.17
2017-08-28,1.758,2.251,2.16
2017-08-29,1.772,2.261,2.13
2017-08-30,1.752,2.249,2.15
2017-08-31,1.747,2.262,2.12
2017-09-01,1.747,2.271,2.16
2017-09-04,1.782,2.305,
2017-09-05,1.78,2.306,2.07
2017-09-06,1.775,2.28,2.1
2017-09-07,1.782,2.275,2.05
2017-09-08,1.758,2.24,2.06
2017-09-11,1.757,2.251,2.14
2017-09-12,1.753,2.251,2.17
2017-09-13,1.742,2.242,2.2
2017-09-14,1.742,2.244,2.2
2017-09-15,1.739,2.248,2.2
2017-09-18,1.742,2.265,2.23
2017-09-19,1.779,2.294,2.24
2017-09-20,1.775,2.28,2.28
2017-09-21,1.781,2.28,2.27
2017-09-22,1.775,2.268,2.26
2017-09-25,1.786,2.27,2.22
2017-09-26,1.832,2.31,2.24
2017-09-27,1.887,2.36,2.31
2017-09-28,1.888,2.394,2.31
2017-09-29,1.888,2.379,2.33
2017-10-02,,,2.34
2017-10-03,,,2.33
2017-10-04,,,2.33
2017-10-05,,,2.35
2017-10-06,,,2.37
2017-10-10,1.938,2.418,2.35
2017-10-11,1.929,2.418,2.35
2017-10-12,1.9,2.388,2.33
2017-10-13,1.916,2.391,2.28
2017-10-16,1.927,2.398,2.3
2017-10-17,1.947,2.401,2.3
2017-10-18,1.935,2.392,2.34
2017-10-19,2.006,2.429,2.33
2017-10-20,2.088,2.471,2.39
2017-10-23,2.032,2.454,2.38
2017-10-24,2.057,2.456,2.42
2017-10-25,2.094,2.5,2.44
2017-10-26,2.182,2.543,2.46
2017-10-27,2.164,2.536,2.42
2017-10-30,2.137,2.521,2.37
2017-10-31,2.164,2.571,2.38
2017-11-01,2.14,2.547,2.37
2017-11-02,2.126,2.526,2.35
2017-11-03,2.133,2.526,2.34
2017-11-06,2.152,2.549,2.32
2017-11-07,2.133,2.539,2.32
2017-11-08,2.151,2.538,2.32
2017-11-09,2.147,2.537,2.33
2017-11-10,2.157,2.564,2.4
2017-11-13,2.18,2.583,2.4
2017-11-14,2.211,2.61,2.38
2017-11-15,2.177,2.571,2.33
2017-11-16,2.171,2.564,2.37
2017-11-17,2.174,2.569,2.35
2017-11-20,2.156,2.546,2.37
2017-11-21,2.156,2.543,2.36
2017-11-22,2.17,2.541,2.32
2017-11-23,2.134,2.521,
2017-11-24,2.169,2.537,2.34
2017-11-27,2.153,2.531,2.32
2017-11-28,2.119,2.484,2.34
2017-11-29,2.112,2.48,2.37
2017-11-30,2.075,2.477,2.42
2017-12-01,2.081,2.489,2.37
2017-12-04,2.083,2.485,2.37
2017-12-05,2.112,2.502,2.36
2017-12-06,2.084,2.467,2.33
2017-12-07,2.094,2.482,2.37
2017-12-08,2.094,2.486,2.38
2017-12-11,2.087,2.482,2.39
2017-12-12,2.077,2.456,2.4
2017-12-13,2.078,2.453,2.36
2017-12-14,2.08,2.45,2.35
2017-12-15,2.078,2.433,2.35
2017-12-18,2.09,2.433,2.39
2017-12-19,2.097,2.451,2.46
2017-12-20,2.087,2.467,2.49
2017-12-21,2.094,2.483,2.48
2017-12-22,2.131,2.496,2.48
2017-12-26,2.129,2.491,2.47
2017-12-27,2.15,2.497,2.42
2017-12-28,2.134,2.469,2.43
2017-12-29,2.135,2.469,2.4
2018-01-02,2.119,2.489,2.46
2018-01-03,2.127,2.508,2.44
2018-01-04,2.142,2.523,2.46
2018-01-05,2.099,2.518,2.47
2018-01-08,2.135,2.54,2.49
2018-01-09,2.149,2.565,2.55
2018-01-10,2.172,2.637,2.55
2018-01-11,2.152,2.589,2.54
2018-01-12,2.174,2.623,2.55
2018-01-15,2.223,2.658,
2018-01-16,2.225,2.641,2.54
2018-01-17,2.227,2.636,2.57
2018-01-18,2.172,2.62,2.62
2018-01-19,2.17,2.638,2.64
2018-01-22,2.203,2.652,2.66
2018-01-23,2.192,2.654,2.63
2018-01-24,2.197,2.644,2.65
2018-01-25,2.215,2.661,2.63
2018-01-26,2.222,2.679,2.66
2018-01-29,2.281,2.744,2.7
2018-01-30,2.304,2.784,2.73
2018-01-31,2.274,2.769,2.72
2018-02-01,2.249,2.756,2.78
2018-02-02,2.25,2.756,2.84
2018-02-05,2.287,2.803,2.77
2018-02-06,2.253,2.749,2.79
2018-02-07,2.248,2.718,2.84
2018-02-08,2.272,2.744,2.85
2018-02-09,2.278,2.757,2.83
2018-02-12,2.302,2.806,2.86
2018-02-13,2.278,2.78,2.83
2018-02-14,2.265,2.763,2.91
2018-02-15,,,2.9
2018-02-16,,,2.87
2018-02-19,2.302,2.798,
2018-02-20,2.316,2.807,2.88
2018-02-21,2.306,2.801,2.94
2018-02-22,2.303,2.803,2.92
2018-02-23,2.285,2.792,2.88
2018-02-26,2.263,2.763,2.86
2018-02-27,2.258,2.73,2.9
2018-02-28,2.266,2.736,2.87
2018-03-01,,,2.81
2018-03-02,2.29,2.741,2.86
2018-03-05,2.311,2.737,2.88
2018-03-06,2.312,2.759,2.88
2018-03-07,2.297,2.727,2.89
2018-03-08,2.286,2.73,2.86
2018-03-09,2.293,2.744,2.9
2018-03-12,2.305,2.759,2.87
2018-03-13,2.301,2.746,2.84
2018-03-14,2.274,2.711,2.81
2018-03-15,2.268,2.704,2.82
2018-03-16,2.276,2.713,2.85
2018-03-19,2.275,2.724,2.85
2018-03-20,2.286,2.732,2.89
2018-03-21,2.291,2.723,2.89
2018-03-22,2.256,2.694,2.83
2018-03-23,2.223,2.648,2.82
2018-03-26,2.244,2.687,2.85
2018-03-27,2.232,2.676,2.78
2018-03-28,2.222,2.64,2.77
2018-03-29,2.227,2.642,2.74
2018-03-30,2.216,2.624,
2018-04-02,2.225,2.643,2.73
2018-04-03,2.193,2.634,2.79
2018-04-04,2.168,2.617,2.79
2018-04-05,2.175,2.633,2.83
2018-04-06,2.156,2.607,2.77
2018-04-09,2.167,2.613,2.78
2018-04-10,2.185,2.622,2.8
2018-04-11,2.165,2.596,2.79
2018-04-12,2.156,2.58,2.83
2018-04-13,2.155,2.603,2.82
2018-04-16,2.169,2.625,2.83
2018-04-17,2.178,2.636,2.82
2018-04-18,2.196,2.652,2.87
2018-04-19,2.195,2.647,2.92
2018-04-20,2.2,2.671,2.96
2018-04-23,2.235,2.725,2.98
2018-04-24,2.227,2.726,3
2018-04-25,2.246,2.762,3.03
2018-04-26,2.234,2.749,3
2018-04-27,2.201,2.7,2.96
2018-04-30,2.216,2.713,2.95
2018-05-01,,,2.97
2018-05-02,2.237,2.751,2.97
2018-05-03,2.246,2.751,2.94
2018-05-04,2.28,2.761,2.95
2018-05-07,,,2.95
2018-05-08,2.311,2.787,2.97
2018-05-09,2.309,2.805,3
2018-05-10,2.276,2.772,2.97
2018-05-11,2.286,2.785,2.97
2018-05-14,2.309,2.795,3
2018-05-15,2.312,2.814,3.08
2018-05-16,2.285,2.794,3.09
2018-05-17,2.262,2.796,3.11
2018-05-18,2.231,2.765,3.06
2018-05-21,2.251,2.769,3.06
2018-05-22,,,3.06
2018-05-23,2.235,2.747,3.01
2018-05-24,2.191,2.72,2.98
2018-05-25,2.198,2.716,2.93
2018-05-28,2.208,2.726,
2018-05-29,2.189,2.693,2.77
2018-05-30,2.192,2.697,2.84
2018-05-31,2.195,2.695,2.83
2018-06-01,2.193,2.703,2.89
2018-06-04,2.213,2.733,2.94
2018-06-05,2.201,2.716,2.92
2018-06-06,,,2.97
2018-06-07,2.217,2.75,2.93
2018-06-08,2.189,2.714,2.93
2018-06-11,2.223,2.732,2.96
2018-06-12,2.223,2.721,2.96
2018-06-13,,,2.98
2018-06-14,2.227,2.711,2.94
2018-06-15,2.186,2.672,2.93
2018-06-18,2.178,2.65,2.92
2018-06-19,2.164,2.62,2.89
2018-06-20,2.163,2.618,2.93
2018-06-21,2.149,2.594,2.9
2018-06-22,2.147,2.608,2.9
2018-06-25,2.143,2.605,2.87
2018-06-26,2.148,2.618,2.88
2018-06-27,2.122,2.576,2.83
2018-06-28,2.115,2.558,2.84
2018-06-29,2.122,2.556,2.85
2018-07-02,2.123,2.53,2.87
2018-07-03,2.138,2.577,2.83
2018-07-04,2.116,2.547,
2018-07-05,2.093,2.545,2.84
2018-07-06,2.101,2.555,2.82
2018-07-09,2.107,2.558,2.86
2018-07-10,2.095,2.553,2.87
2018-07-11,2.054,2.512,2.85
2018-07-12,2.09,2.542,2.85
2018-07-13,2.105,2.556,2.83
2018-07-16,2.088,2.546,2.85
2018-07-17,2.094,2.552,2.86
2018-07-18,2.087,2.53,2.88
2018-07-19,2.089,2.54,2.84
2018-07-20,2.077,2.522,2.89
2018-07-23,2.077,2.535,2.96
2018-07-24,2.092,2.575,2.95
2018-07-25,2.079,2.546,2.94
2018-07-26,2.071,2.55,2.98
2018-07-27,2.112,2.571,2.96
2018-07-30,2.128,2.573,2.98
2018-07-31,2.123,2.567,2.96
2018-08-01,2.124,2.589,3
2018-08-02,2.113,2.574,2.98
2018-08-03,2.108,2.58,2.95
2018-08-06,2.097,2.561,2.94
2018-08-07,2.082,2.557,2.98
2018-08-08,2.07,2.557,2.96
2018-08-09,2.05,2.521,2.93
2018-08-10,2.04,2.49,2.87
2018-08-13,2.051,2.505,2.88
2018-08-14,2.063,2.503,2.89
2018-08-15,,,2.86
2018-08-16,2.05,2.475,2.87
2018-08-17,1.997,2.431,2.87
2018-08-20,1.985,2.407,2.82
2018-08-21,1.919,2.381,2.85
2018-08-22,1.962,2.402,2.82
2018-08-23,1.963,2.395,2.82
2018-08-24,1.963,2.381,2.82
2018-08-27,1.963,2.371,2.85
2018-08-28,1.965,2.354,2.88
2018-08-29,1.955,2.362,2.89
2018-08-30,1.98,2.367,2.86
2018-08-31,1.916,2.311,2.86
2018-09-03,1.922,2.292,
2018-09-04,1.917,2.298,2.9
2018-09-05,1.9,2.269,2.9
2018-09-06,1.912,2.274,2.88
2018-09-07,1.919,2.268,2.94
2018-09-10,1.918,2.258,2.94
2018-09-11,1.923,2.273,2.98
2018-09-12,1.893,2.254,2.97
2018-09-13,1.921,2.262,2.97
2018-09-14,1.96,2.309,2.99
2018-09-17,1.967,2.316,2.99
2018-09-18,1.98,2.337,3.05
2018-09-19,1.996,2.374,3.08
2018-09-20,2.035,2.428,3.07
2018-09-21,2.022,2.412,3.07
2018-09-24,,,3.08
2018-09-25,,,3.1
2018-09-26,,,3.06
2018-09-27,2.006,2.375,3.06
2018-09-28,2.005,2.357,3.05
2018-10-01,2.022,2.384,3.09
2018-10-02,2.015,2.371,3.05
2018-10-03,,,3.15
2018-10-04,2.066,2.445,3.19
2018-10-05,2.084,2.453,3.23
2018-10-08,2.091,2.453,
2018-10-09,,,3.21
2018-10-10,2.059,2.413,3.22
2018-10-11,2.012,2.361,3.14
2018-10-12,2.05,2.399,3.15
2018-10-15,2.051,2.38,3.16
2018-10-16,2.048,2.38,3.16
2018-10-17,2.023,2.341,3.19
2018-10-18,1.981,2.293,3.17
2018-10-19,1.989,2.318,3.2
2018-10-22,2.009,2.344,3.2
2018-10-23,1.989,2.307,3.17
2018-10-24,2.007,2.309,3.1
2018-10-25,1.982,2.269,3.14
2018-10-26,1.968,2.248,3.08
2018-10-29,1.894,2.171,3.08
2018-10-30,1.931,2.221,3.12
2018-10-31,1.939,2.243,3.15
2018-11-01,1.942,2.251,3.14
2018-11-02,1.982,2.283,3.22
2018-11-05,1.982,2.279,3.2
2018-11-06,1.984,2.295,3.22
2018-11-07,1.964,2.259,3.22
2018-11-08,1.966,2.257,3.24
2018-11-09,1.96,2.233,3.19
2018-11-12,1.945,2.21,
2018-11-13,1.94,2.211,3.14
2018-11-14,1.922,2.195,3.12
2018-11-15,1.943,2.231,3.11
2018-11-16,1.947,2.22,3.08
2018-11-19,1.942,2.201,3.06
2018-11-20,1.94,2.206,3.06
2018-11-21,1.946,2.209,3.06
2018-11-22,1.942,2.206,
2018-11-23,1.914,2.169,3.05
2018-11-26,1.914,2.167,3.07
2018-11-27,1.908,2.15,3.06
2018-11-28,1.92,2.155,3.06
2018-11-29,1.889,2.114,3.03
2018-11-30,1.897,2.106,3.01
2018-12-03,1.924,2.128,2.98
2018-12-04,1.914,2.102,2.91
2018-12-05,1.901,2.058,
2018-12-06,1.839,1.983,2.87
2018-12-07,1.834,1.993,2.85
2018-12-10,1.803,1.978,2.85
2018-12-11,1.792,1.98,2.89
2018-12-12,1.803,2.01,2.91
2018-12-13,1.795,2.018,2.91
2018-12-14,1.781,2.002,2.89
2018-12-17,1.795,2.004,2.86
2018-12-18,1.795,1.981,2.82
2018-12-19,1.783,1.932,2.77
2018-12-20,1.8,1.932,2.79
2018-12-21,1.838,1.97,2.79
2018-12-24,1.846,1.99,2.74
2018-12-26,1.807,1.948,2.81
2018-12-27,1.81,1.943,2.77
2018-12-28,1.817,1.948,2.72
2018-12-31,1.817,1.948,2.69
2019-01-02,1.802,1.948,2.66
2019-01-03,1.796,1.955,2.56
2019-01-04,1.797,1.972,2.67
2019-01-07,1.807,1.977,2.7
2019-01-08,1.81,1.994,2.73
2019-01-09,1.809,1.985,2.74
2019-01-10,1.796,1.964,2.74
2019-01-11,1.804,1.992,2.71
2019-01-14,1.797,1.973,2.71
2019-01-15,1.797,1.968,2.72
2019-01-16,1.803,1.982,2.73
2019-01-17,1.795,1.976,2.75
2019-01-18,1.814,2.008,2.79
2019-01-21,1.821,2.028,
2019-01-22,1.803,1.997,2.74
2019-01-23,1.803,1.984,2.76
2019-01-24,1.81,1.993,2.72
2019-01-25,1.812,2.005,2.76
2019-01-28,1.82,2.019,2.75
2019-01-29,1.823,2.035,2.72
2019-01-30,1.827,2.051,2.7
2019-01-31,1.809,2.001,2.63
2019-02-01,1.803,1.983,2.7
2019-02-04,,,2.73
2019-02-05,,,2.71
2019-02-06,,,2.7
2019-02-07,1.801,1.995,2.65
2019-02-08,1.786,1.965,2.63
2019-02-11,1.781,1.943,2.65
2019-02-12,1.796,1.978,2.68
2019-02-13,1.801,1.987,2.71
2019-02-14,1.794,1.99,2.66
2019-02-15,1.779,1.962,2.66
2019-02-18,1.804,1.997,
2019-02-19,1.8,1.996,2.65
2019-02-20,1.802,1.992,2.65
2019-02-21,1.811,2.01,2.69
2019-02-22,1.814,2.008,2.65
2019-02-25,1.819,2.012,2.67
2019-02-26,1.816,2.003,2.64
2019-02-27,1.808,1.985,2.69
2019-02-28,1.813,1.987,2.73
2019-03-01,,,2.76
2019-03-04,1.834,2.027,2.72
2019-03-05,1.836,2.029,2.72
2019-03-06,1.828,2.021,2.69
2019-03-07,1.817,2.005,2.64
2019-03-08,1.802,1.973,2.62
2019-03-11,1.81,1.986,2.64
2019-03-12,1.81,1.991,2.61
2019-03-13,1.795,1.966,2.61
2019-03-14,1.793,1.978,2.63
2019-03-15,1.803,1.989,2.59
2019-03-18,1.812,1.994,2.6
2019-03-19,1.81,1.979,2.61
2019-03-20,1.813,1.981,2.54
2019-03-21,1.793,1.932,2.54
2019-03-22,1.8,1.934,2.44
2019-03-25,1.77,1.888,2.43
2019-03-26,1.763,1.905,2.41
2019-03-27,1.722,1.845,2.39
2019-03-28,1.679,1.81,2.39
2019-03-29,1.69,1.833,2.41
2019-04-01,1.726,1.866,2.49
2019-04-02,1.706,1.856,2.48
2019-04-03,1.72,1.889,2.52
2019-04-04,1.72,1.877,2.51
2019-04-05,1.735,1.893,2.5
2019-04-08,1.723,1.868,2.52
2019-04-09,1.725,1.872,2.51
2019-04-10,1.731,1.871,2.48
2019-04-11,1.732,1.867,2.51
2019-04-12,1.733,1.881,2.56
2019-04-15,1.761,1.926,2.55
2019-04-16,1.765,1.932,2.6
2019-04-17,1.778,1.947,2.59
2019-04-18,1.741,1.893,2.57
2019-04-19,1.756,1.899,
2019-04-22,1.769,1.929,2.59
2019-04-23,1.768,1.923,2.57
2019-04-24,1.749,1.912,2.53
2019-04-25,1.724,1.879,2.54
2019-04-26,1.72,1.876,2.51
2019-04-29,1.712,1.864,2.54
2019-04-30,1.699,1.845,2.51
2019-05-01,,,2.52
2019-05-02,1.732,1.885,2.55
2019-05-03,1.739,1.9,2.54
2019-05-06,,,2.51
2019-05-07,1.723,1.885,2.45
2019-05-08,1.717,1.878,2.49
2019-05-09,1.708,1.861,2.45
2019-05-10,1.719,1.873,2.47
2019-05-13,1.721,1.874,2.4
2019-05-14,1.711,1.868,2.42
2019-05-15,1.71,1.865,2.37
2019-05-16,1.675,1.82,2.4
2019-05-17,1.67,1.822,2.39
2019-05-20,1.681,1.847,2.41
2019-05-21,1.663,1.83,2.43
2019-05-22,1.667,1.828,2.39
2019-05-23,1.648,1.808,2.31
2019-05-24,1.643,1.792,2.32
2019-05-27,1.652,1.797,
2019-05-28,1.654,1.793,2.26
2019-05-29,1.619,1.741,2.25
2019-05-30,1.626,1.741,2.22
2019-05-31,1.587,1.682,2.14
2019-06-03,1.575,1.691,2.07
2019-06-04,1.57,1.684,2.12
2019-06-05,1.542,1.654,2.12
2019-06-06,,,2.12
2019-06-07,1.537,1.656,2.09
2019-06-10,1.533,1.661,2.15
2019-06-11,1.542,1.68,2.15
2019-06-12,1.469,1.6,2.13
2019-06-13,1.48,1.613,2.1
2019-06-14,1.47,1.591,2.09
2019-06-17,1.491,1.621,2.09
2019-06-18,1.493,1.614,2.06
2019-06-19,1.484,1.601,2.03
2019-06-20,1.42,1.545,2.01
2019-06-21,1.44,1.569,2.07
2019-06-24,1.44,1.563,2.02
2019-06-25,1.478,1.584,2
2019-06-26,1.496,1.605,2.05
2019-06-27,1.494,1.616,2.01
2019-06-28,1.472,1.596,2
2019-07-01,1.479,1.608,2.03
2019-07-02,1.463,1.586,1.98
2019-07-03,1.429,1.534,1.96
2019-07-04,1.416,1.523,
2019-07-05,1.423,1.533,2.04
2019-07-08,1.422,1.53,2.05
2019-07-09,1.424,1.538,2.07
2019-07-10,1.438,1.562,2.07
2019-07-11,1.419,1.547,2.13
2019-07-12,1.424,1.569,2.12
2019-07-15,1.434,1.582,2.09
2019-07-16,1.431,1.573,2.13
2019-07-17,1.399,1.546,2.06
2019-07-18,1.345,1.472,2.04
2019-07-19,1.327,1.456,2.05
2019-07-22,1.333,1.465,2.05
2019-07-23,1.339,1.472,2.08
2019-07-24,1.321,1.465,2.05
2019-07-25,1.302,1.431,2.08
2019-07-26,1.308,1.426,2.08
2019-07-29,1.306,1.412,2.06
2019-07-30,1.301,1.409,2.06
2019-07-31,1.292,1.39,2.02
2019-08-01,1.309,1.41,1.9
2019-08-02,1.26,1.349,1.86
2019-08-05,1.172,1.253,1.75
2019-08-06,1.163,1.256,1.73
2019-08-07,1.153,1.251,1.71
2019-08-08,1.165,1.27,1.72
2019-08-09,1.186,1.286,1.74
2019-08-12,1.182,1.285,1.65
2019-08-13,1.15,1.229,1.68
2019-08-14,1.149,1.231,1.59
2019-08-15,,,1.52
2019-08-16,1.095,1.172,1.55
2019-08-19,1.093,1.184,1.6
2019-08-20,1.101,1.198,1.55
2019-08-21,1.156,1.277,1.59
2019-08-22,1.13,1.229,1.62
2019-08-23,1.169,1.261,1.52
2019-08-26,1.121,1.191,1.54
2019-08-27,1.171,1.238,1.49
2019-08-28,1.18,1.244,1.47
2019-08-29,1.167,1.248,1.5
2019-08-30,1.168,1.276,1.5
2019-09-02,1.233,1.344,
2019-09-03,1.228,1.331,1.47
2019-09-04,1.241,1.344,1.47
2019-09-05,1.259,1.367,1.57
2019-09-06,1.265,1.381,1.55
2019-09-09,1.235,1.353,1.63
2019-09-10,1.242,1.37,1.72
2019-09-11,1.258,1.397,1.75
2019-09-12,,,1.79
2019-09-13,,,1.9
2019-09-16,1.348,1.536,1.84
2019-09-17,1.315,1.5,1.81
2019-09-18,1.309,1.468,1.8
2019-09-19,1.329,1.463,1.79
2019-09-20,1.332,1.455,1.74
2019-09-23,1.331,1.462,1.72
2019-09-24,1.325,1.454,1.64
2019-09-25,1.304,1.424,1.73
2019-09-26,1.301,1.433,1.7
2019-09-27,1.301,1.438,1.69
2019-09-30,1.297,1.456,1.68
2019-10-01,1.323,1.498,1.65
2019-10-02,1.303,1.497,1.6
2019-10-03,,,1.54
2019-10-04,1.21,1.373,1.52
2019-10-07,1.232,1.386,1.56
2019-10-08,1.264,1.429,1.54
2019-10-09,,,1.59
2019-10-10,1.276,1.459,1.67
2019-10-11,1.281,1.488,1.76
2019-10-14,1.281,1.488,
2019-10-15,1.281,1.499,1.77
2019-10-16,1.32,1.53,1.75
2019-10-17,1.375,1.578,1.76
2019-10-18,1.375,1.587,1.76
2019-10-21,1.408,1.66,1.8
2019-10-22,1.379,1.655,1.78
2019-10-23,1.388,1.654,1.77
2019-10-24,1.396,1.641,1.77
2019-10-25,1.435,1.677,1.8
2019-10-28,1.523,1.765,1.85
2019-10-29,1.499,1.777,1.84
2019-10-30,1.481,1.753,1.78
2019-10-31,1.466,1.728,1.69
2019-11-01,1.467,1.732,1.73
2019-11-04,1.55,1.827,1.79
2019-11-05,1.522,1.817,1.86
2019-11-06,1.53,1.82,1.81
2019-11-07,1.541,1.822,1.92
2019-11-08,1.518,1.803,1.94
2019-11-11,1.5,1.788,
2019-11-12,1.564,1.842,1.92
2019-11-13,1.51,1.787,1.88
2019-11-14,1.515,1.785,1.82
2019-11-15,1.513,1.79,1.84
2019-11-18,1.518,1.781,1.81
2019-11-19,1.485,1.734,1.79
2019-11-20,1.45,1.671,1.73
2019-11-21,1.462,1.672,1.77
2019-11-22,1.456,1.687,1.77
2019-11-25,1.475,1.725,1.76
2019-11-26,1.475,1.707,1.74
2019-11-27,1.456,1.671,1.77
2019-11-28,1.43,1.667,
2019-11-29,1.385,1.63,1.78
2019-12-02,1.425,1.688,1.83
2019-12-03,1.46,1.736,1.72
2019-12-04,1.406,1.657,1.77
2019-12-05,1.423,1.661,1.8
2019-12-06,1.43,1.68,1.84
2019-12-09,1.412,1.664,1.83
2019-12-10,1.39,1.616,1.85
2019-12-11,1.381,1.621,1.79
2019-12-12,1.382,1.619,1.9
2019-12-13,1.402,1.649,1.82
2019-12-16,1.369,1.612,1.89
2019-12-17,1.363,1.605,1.89
2019-12-18,1.357,1.606,1.92
2019-12-19,1.383,1.655,1.92
2019-12-20,1.392,1.673,1.92
2019-12-23,1.38,1.642,1.93
2019-12-24,1.37,1.631,1.9
2019-12-26,1.367,1.641,1.9
2019-12-27,1.37,1.683,1.88
2019-12-30,1.36,1.683,1.9
2019-12-31,1.36,1.683,1.92
2020-01-02,1.327,1.638,1.88
2020-01-03,1.27,1.555,1.8
2020-01-06,1.277,1.541,1.81
2020-01-07,1.331,1.613,1.83
2020-01-08,1.363,1.63,1.87
2020-01-09,1.416,1.687,1.85
2020-01-10,1.425,1.706,1.83
2020-01-13,1.418,1.729,1.85
2020-01-14,1.386,1.716,1.82
2020-01-15,1.391,1.695,1.79
2020-01-16,1.426,1.701,1.81
2020-01-17,1.433,1.741,1.84
2020-01-20,1.455,1.762,
2020-01-21,1.395,1.689,1.78
2020-01-22,1.437,1.723,1.77
2020-01-23,1.424,1.704,1.74
2020-01-24,,,1.7
2020-01-27,,,1.61
2020-01-28,1.352,1.603,1.65
2020-01-29,1.33,1.582,1.6
2020-01-30,1.301,1.553,1.57
2020-01-31,1.303,1.558,1.51
2020-02-03,1.291,1.547,1.54
2020-02-04,1.331,1.628,1.61
2020-02-05,1.307,1.601,1.66
2020-02-06,1.311,1.63,1.65
2020-02-07,1.28,1.601,1.59
2020-02-10,1.296,1.603,1.56
2020-02-11,1.299,1.602,1.59
2020-02-12,1.297,1.613,1.62
2020-02-13,1.275,1.609,1.61
2020-02-14,1.33,1.653,1.59
2020-02-17,1.32,1.622,
2020-02-18,1.271,1.56,1.55
2020-02-19,1.284,1.559,1.56
2020-02-20,1.234,1.515,1.52
2020-02-21,1.182,1.443,1.46
2020-02-24,1.139,1.416,1.38
2020-02-25,1.171,1.429,1.33
2020-02-26,1.135,1.395,1.33
2020-02-27,1.194,1.443,1.3
2020-02-28,1.104,1.333,1.13
2020-03-02,1.128,1.372,1.1
2020-03-03,1.11,1.371,1.02
2020-03-04,1.029,1.299,1.02
2020-03-05,1.051,1.337,0.92
2020-03-06,1.078,1.37,0.74
2020-03-09,1.038,1.286,0.54
2020-03-10,1.082,1.355,0.76
2020-03-11,1.086,1.369,0.82
2020-03-12,1.062,1.387,0.88
2020-03-13,1.149,1.57,0.94
2020-03-16,1.099,1.524,0.73
2020-03-17,1.03,1.441,1.02
2020-03-18,1.05,1.502,1.18
2020-03-19,1.193,1.657,1.12
2020-03-20,1.107,1.611,0.92
2020-03-23,1.153,1.718,0.76
2020-03-24,1.127,1.708,0.84
2020-03-25,1.131,1.647,0.88
2020-03-26,1.067,1.502,0.83
2020-03-27,1.06,1.532,0.72
2020-03-30,1.098,1.562,0.7
2020-03-31,1.07,1.551,0.7
2020-04-01,1.092,1.545,0.62
2020-04-02,1.059,1.518,0.63
2020-04-03,1.066,1.548,0.62
2020-04-06,1.052,1.543,0.67
2020-04-07,1.047,1.58,0.75
2020-04-08,1.024,1.511,0.77
2020-04-09,0.986,1.438,0.73
2020-04-10,0.97,1.444,
2020-04-13,0.996,1.469,0.76
2020-04-14,0.996,1.464,0.76
2020-04-15,,,0.63
2020-04-16,0.982,1.411,0.61
2020-04-17,1.006,1.438,0.65
2020-04-20,1.013,1.444,0.63
2020-04-21,1.035,1.458,0.58
2020-04-22,1.046,1.532,0.63
2020-04-23,1.036,1.545,0.61
2020-04-24,1.018,1.546,0.6
2020-04-27,1.026,1.576,0.67
2020-04-28,1.033,1.56,0.62
2020-04-29,1.006,1.518,0.63
2020-04-30,,,0.64
2020-05-01,,,0.64
2020-05-04,0.975,1.499,0.64
2020-05-05,,,0.66
2020-05-06,0.96,1.508,0.72
2020-05-07,0.946,1.48,0.63
2020-05-08,0.914,1.426,0.69
2020-05-11,0.926,1.462,0.73
2020-05-12,0.886,1.424,0.69
2020-05-13,0.856,1.392,0.64
2020-05-14,0.869,1.381,0.63
2020-05-15,0.874,1.383,0.64
2020-05-18,0.887,1.394,0.73
2020-05-19,0.876,1.391,0.7
2020-05-20,0.868,1.358,0.68
2020-05-21,0.856,1.342,0.68
2020-05-22,0.837,1.347,0.66
2020-05-25,0.815,1.316,
2020-05-26,0.839,1.328,0.69
2020-05-27,0.863,1.34,0.68
2020-05-28,0.818,1.343,0.7
2020-05-29,0.826,1.374,0.65
2020-06-01,0.831,1.395,0.66
2020-06-02,0.851,1.378,0.68
2020-06-03,0.866,1.426,0.77
2020-06-04,0.886,1.432,0.82
2020-06-05,0.894,1.452,0.91
2020-06-08,0.902,1.453,0.88
2020-06-09,0.861,1.397,0.84
2020-06-10,0.84,1.398,0.75
2020-06-11,0.837,1.383,0.66
2020-06-12,0.841,1.388,0.71
2020-06-15,0.861,1.424,0.71
2020-06-16,0.86,1.402,0.75
2020-06-17,0.874,1.409,0.74
2020-06-18,0.842,1.37,0.71
2020-06-19,0.844,1.38,0.7
2020-06-22,0.846,1.39,0.71
2020-06-23,0.827,1.385,0.72
2020-06-24,0.819,1.363,0.69
2020-06-25,0.817,1.344,0.68
2020-06-26,0.811,1.327,0.64
2020-06-29,0.842,1.365,0.64
2020-06-30,0.842,1.373,0.66
2020-07-01,0.847,1.402,0.69
2020-07-02,0.831,1.377,0.68
2020-07-03,0.838,1.387,
2020-07-06,0.854,1.41,0.69
2020-07-07,0.843,1.388,0.65
2020-07-08,0.839,1.377,0.67
2020-07-09,0.84,1.391,0.62
2020-07-10,0.849,1.397,0.65
2020-07-13,0.86,1.42,0.64
2020-07-14,0.854,1.418,0.63
2020-07-15,0.847,1.414,0.64
2020-07-16,0.829,1.378,0.62
2020-07-17,0.812,1.348,0.64
2020-07-20,0.801,1.334,0.62
2020-07-21,0.818,1.356,0.61
2020-07-22,0.81,1.346,0.6
2020-07-23,0.798,1.318,0.59
2020-07-24,0.799,1.305,0.59
2020-07-27,0.803,1.304,0.62
2020-07-28,0.813,1.329,0.59
2020-07-29,0.811,1.309,0.58
2020-07-30,0.799,1.281,0.55
2020-07-31,0.796,1.296,0.55
2020-08-03,0.799,1.306,0.56
2020-08-04,0.802,1.306,0.52
2020-08-05,0.795,1.293,0.55
2020-08-06,0.807,1.306,0.55
2020-08-07,0.81,1.319,0.57
2020-08-10,0.83,1.363,0.59
2020-08-11,0.818,1.345,0.64
2020-08-12,0.827,1.373,0.69
2020-08-13,0.815,1.362,0.71
2020-08-14,0.828,1.396,0.71
2020-08-17,,,0.69
2020-08-18,0.81,1.357,0.67
2020-08-19,0.805,1.347,0.68
2020-08-20,0.813,1.379,0.65
2020-08-21,0.854,1.41,0.64
2020-08-24,0.824,1.378,0.65
2020-08-25,0.825,1.387,0.69
2020-08-26,0.835,1.404,0.69
2020-08-27,0.852,1.421,0.74
2020-08-28,0.893,1.486,0.74
2020-08-31,0.94,1.516,0.72
2020-09-01,0.977,1.582,0.68
2020-09-02,0.923,1.539,0.66
2020-09-03,0.919,1.524,0.63
2020-09-04,0.929,1.527,0.72
2020-09-07,0.973,1.572,
2020-09-08,0.949,1.555,0.69
2020-09-09,0.915,1.518,0.71
2020-09-10,0.915,1.517,0.68
2020-09-11,0.926,1.53,0.67
2020-09-14,0.919,1.517,0.68
2020-09-15,0.907,1.503,0.68
2020-09-16,0.91,1.485,0.69
2020-09-17,0.914,1.508,0.69
2020-09-18,0.907,1.503,0.7
2020-09-21,0.904,1.493,0.68
2020-09-22,0.897,1.472,0.68
2020-09-23,0.883,1.447,0.68
2020-09-24,0.857,1.437,0.67
2020-09-25,0.855,1.424,0.66
2020-09-28,0.843,1.426,0.67
2020-09-29,0.846,1.43,0.66
2020-09-30,,,0.69
2020-10-01,,,0.68
2020-10-02,,,0.7
2020-10-05,0.881,1.479,0.78
2020-10-06,0.905,1.531,0.76
2020-10-07,0.91,1.533,0.81
2020-10-08,0.907,1.543,0.78
2020-10-09,,,0.79
2020-10-12,0.925,1.553,
2020-10-13,0.923,1.527,0.74
2020-10-14,0.901,1.513,0.73
2020-10-15,0.877,1.478,0.74
2020-10-16,0.888,1.493,0.76
2020-10-19,0.891,1.441,0.78
2020-10-20,0.911,1.462,0.81
2020-10-21,0.934,1.522,0.83
2020-10-22,0.925,1.507,0.87
2020-10-23,0.91,1.495,0.85
2020-10-26,0.908,1.482,0.81
2020-10-27,0.917,1.503,0.79
2020-10-28,0.914,1.497,0.79
2020-10-29,0.927,1.527,0.85
2020-10-30,0.935,1.546,0.88
2020-11-02,0.971,1.602,0.87
2020-11-03,0.98,1.607,0.9
2020-11-04,0.955,1.569,0.78
2020-11-05,0.927,1.527,0.79
2020-11-06,0.943,1.559,0.83
2020-11-09,0.959,1.568,0.96
2020-11-10,0.976,1.624,0.98
2020-11-11,0.989,1.662,
2020-11-12,0.969,1.65,0.88
2020-11-13,0.965,1.627,0.89
2020-11-16,0.97,1.623,0.91
2020-11-17,0.96,1.62,0.87
2020-11-18,0.949,1.602,0.88
2020-11-19,0.955,1.608,0.86
2020-11-20,0.963,1.607,0.83
2020-11-23,0.955,1.581,0.86
2020-11-24,0.963,1.598,0.88
2020-11-25,0.971,1.629,0.88
2020-11-26,0.981,1.655,
2020-11-27,0.979,1.641,0.84
2020-11-30,0.983,1.659,0.84
2020-12-01,0.982,1.649,0.92
2020-12-02,0.982,1.675,0.95
2020-12-03,0.975,1.669,0.92
2020-12-04,0.966,1.655,0.97
2020-12-07,0.961,1.646,0.94
2020-12-08,0.959,1.642,0.92
2020-12-09,0.966,1.656,0.95
2020-12-10,0.973,1.655,0.92
2020-12-11,0.98,1.661,0.9
2020-12-14,0.986,1.67,0.9
2020-12-15,0.984,1.671,0.92
2020-12-16,0.989,1.692,0.92
2020-12-17,0.999,1.732,0.94
2020-12-18,0.963,1.708,0.95
2020-12-21,0.959,1.679,0.95
2020-12-22,0.945,1.657,0.93
2020-12-23,0.932,1.64,0.96
2020-12-24,0.95,1.682,0.94
2020-12-28,0.958,1.681,0.94
2020-12-29,0.973,1.698,0.94
2020-12-30,0.978,1.713,0.93
2020-12-31,0.976,1.713,0.93
2021-01-04,0.954,1.723,0.93
2021-01-05,0.936,1.691,0.96
2021-01-06,0.953,1.731,1.04
2021-01-07,0.964,1.724,1.08
2021-01-08,0.978,1.729,1.13
2021-01-11,0.969,1.692,1.15
2021-01-12,0.976,1.718,1.15
2021-01-13,0.979,1.719,1.1
2021-01-14,0.988,1.734,1.15
2021-01-15,0.973,1.731,1.11
2021-01-18,0.968,1.714,
2021-01-19,0.974,1.711,1.1
2021-01-20,0.976,1.703,1.1
2021-01-21,0.971,1.706,1.12
2021-01-22,0.993,1.758,1.1
2021-01-25,1.006,1.78,1.05
2021-01-26,1.007,1.77,1.05
2021-01-27,0.982,1.757,1.04
2021-01-28,0.977,1.764,1.07
2021-01-29,0.971,1.768,1.11
2021-02-01,0.994,1.803,1.09
2021-02-02,0.98,1.758,1.12
2021-02-03,0.978,1.768,1.15
2021-02-04,0.984,1.793,1.15
2021-02-05,0.982,1.791,1.19
2021-02-08,1.001,1.822,1.19
2021-02-09,0.99,1.813,1.18
2021-02-10,0.995,1.831,1.15
2021-02-11,,,1.16
2021-02-12,,,1.2
2021-02-15,0.998,1.871,
2021-02-16,0.984,1.85,1.3
2021-02-17,0.986,1.862,1.29
2021-02-18,0.985,1.854,1.29
2021-02-19,0.996,1.875,1.34
2021-02-22,1.02,1.922,1.37
2021-02-23,1.02,1.906,1.37
2021-02-24,1.006,1.851,1.38
2021-02-25,0.995,1.884,1.54
2021-02-26,1.02,1.96,1.44
2021-03-01,,,1.45
2021-03-02,1.021,1.966,1.42
2021-03-03,1.019,1.951,1.47
2021-03-04,1.03,1.972,1.54
2021-03-05,1.066,1.992,1.56
2021-03-08,1.139,2.028,1.59
2021-03-09,1.206,2.034,1.55
2021-03-10,1.182,2.036,1.53
2021-03-11,1.179,2.027,1.54
2021-03-12,1.223,2.092,1.64
2021-03-15,1.238,2.152,1.62
2021-03-16,1.177,2.098,1.62
2021-03-17,1.177,2.134,1.63
2021-03-18,1.133,2.15,1.71
2021-03-19,1.146,2.099,1.74
2021-03-22,1.13,2.057,1.69
2021-03-23,1.132,2.032,1.63
2021-03-24,1.115,1.992,1.62
2021-03-25,1.089,1.967,1.63
2021-03-26,1.117,2.005,1.67
2021-03-29,1.119,1.98,1.73
2021-03-30,1.155,2.063,1.73
2021-03-31,1.133,2.057,1.74
2021-04-01,1.138,2.023,1.69
2021-04-02,1.151,2.049,1.72
2021-04-05,1.202,2.094,1.73
2021-04-06,1.181,2.069,1.67
2021-04-07,1.181,2.064,1.68
2021-04-08,1.152,2.012,1.64
2021-04-09,1.168,2.029,1.67
2021-04-12,1.14,2.003,1.69
2021-04-13,1.138,2.027,1.64
2021-04-14,1.102,1.99,1.64
2021-04-15,1.147,2.02,1.56
2021-04-16,1.154,2.023,1.59
2021-04-19,1.129,1.981,1.61
2021-04-20,1.134,2.003,1.58
2021-04-21,1.11,2.005,1.57
2021-04-22,1.105,1.989,1.57
2021-04-23,1.12,2.043,1.58
2021-04-26,1.119,2.089,1.58
2021-04-27,1.097,2.071,1.63
2021-04-28,1.105,2.082,1.63
2021-04-29,1.121,2.098,1.65
2021-04-30,1.141,2.128,1.65
2021-05-03,1.149,2.124,1.63
2021-05-04,1.158,2.13,1.61
2021-05-05,,,1.59
2021-05-06,1.14,2.102,1.58
2021-05-07,1.137,2.123,1.6
2021-05-10,1.136,2.134,1.63
2021-05-11,1.128,2.139,1.64
2021-05-12,1.121,2.125,1.69
2021-05-13,1.123,2.156,1.66
2021-05-14,1.116,2.158,1.63
2021-05-17,1.107,2.117,1.64
2021-05-18,1.099,2.118,1.64
2021-05-19,,,1.68
2021-05-20,1.103,2.135,1.63
2021-05-21,1.095,2.123,1.63
2021-05-24,1.116,2.12,1.61
2021-05-25,1.142,2.129,1.56
2021-05-26,1.161,2.128,1.58
2021-05-27,1.124,2.111,1.61
2021-05-28,1.162,2.132,1.58
2021-05-31,1.227,2.179,
2021-06-01,1.213,2.186,1.62
2021-06-02,1.206,2.202,1.59
2021-06-03,1.191,2.195,1.63
2021-06-04,1.22,2.173,1.56
2021-06-07,1.201,2.156,1.57
2021-06-08,1.174,2.116,1.53
2021-06-09,1.137,2.103,1.5
2021-06-10,1.282,2.085,1.45
2021-06-11,1.276,2.101,1.47
2021-06-14,1.287,2.096,1.51
2021-06-15,1.307,2.071,1.51
2021-06-16,1.286,2.07,1.57
2021-06-17,1.327,2.079,1.52
2021-06-18,1.313,2.041,1.45
2021-06-21,1.351,2.006,1.5
2021-06-22,1.331,2.05,1.48
2021-06-23,1.338,2.041,1.5
2021-06-24,1.384,2.06,1.49
2021-06-25,1.441,2.1,1.54
2021-06-28,1.47,2.137,1.49
2021-06-29,1.459,2.109,1.49
2021-06-30,1.448,2.092,1.45
2021-07-01,1.469,2.09,1.48
2021-07-02,1.484,2.101,1.44
2021-07-05,1.462,2.089,
2021-07-06,1.465,2.119,1.37
2021-07-07,1.41,2.039,1.33
2021-07-08,1.358,2.002,1.3
2021-07-09,1.375,2.033,1.37
2021-07-12,1.384,2.022,1.38
2021-07-13,1.424,2.035,1.42
2021-07-14,1.39,2.008,1.37
2021-07-15,1.497,2.024,1.31
2021-07-16,1.451,2.008,1.31
2021-07-19,1.459,1.972,1.19
2021-07-20,1.41,1.893,1.23
2021-07-21,1.383,1.878,1.3
2021-07-22,1.397,1.921,1.27
2021-07-23,1.393,1.888,1.3
2021-07-26,1.369,1.863,1.29
2021-07-27,1.38,1.868,1.25
2021-07-28,1.419,1.862,1.26
2021-07-29,1.431,1.889,1.28
2021-07-30,1.417,1.874,1.24
2021-08-02,1.435,1.907,1.2
2021-08-03,1.442,1.89,1.19
2021-08-04,1.418,1.866,1.19
2021-08-05,1.414,1.878,1.23
2021-08-06,1.433,1.9,1.31
2021-08-09,1.436,1.914,1.33
2021-08-10,1.432,1.916,1.36
2021-08-11,1.419,1.934,1.35
2021-08-12,1.413,1.922,1.36
2021-08-13,1.407,1.924,1.29
2021-08-16,,,1.26
2021-08-17,1.402,1.886,1.26
2021-08-18,1.389,1.881,1.27
2021-08-19,1.36,1.868,1.24
2021-08-20,1.364,1.853,1.26
2021-08-23,1.389,1.889,1.25
2021-08-24,1.438,1.939,1.29
2021-08-25,1.435,1.936,1.35
2021-08-26,1.398,1.928,1.34
2021-08-27,1.408,1.939,1.31
2021-08-30,1.398,1.913,1.29
2021-08-31,1.395,1.912,1.3
2021-09-01,1.417,1.942,1.31
2021-09-02,1.422,1.941,1.29
2021-09-03,1.437,1.943,1.33
2021-09-06,1.459,1.97,
2021-09-07,1.464,1.975,1.38
2021-09-08,1.489,2.016,1.35
2021-09-09,1.499,2,1.3
2021-09-10,1.501,2.006,1.35
2021-09-13,1.525,2.037,1.33
2021-09-14,1.535,2.06,1.28
2021-09-15,1.492,2.025,1.31
2021-09-16,1.51,2.043,1.34
2021-09-17,1.535,2.068,1.37
2021-09-20,,,1.31
2021-09-21,,,1.33
2021-09-22,,,1.32
2021-09-23,1.558,2.099,1.41
2021-09-24,1.575,2.152,1.47
2021-09-27,1.566,2.168,1.48
2021-09-28,1.609,2.256,1.54
2021-09-29,1.603,2.223,1.55
2021-09-30,1.593,2.237,1.52
2021-10-01,1.633,2.258,1.48
2021-10-04,,,1.49
2021-10-05,1.65,2.291,1.54
2021-10-06,1.719,2.399,1.53
2021-10-07,1.704,2.387,1.58
2021-10-08,1.701,2.374,1.61
2021-10-12,1.815,2.447,1.59
2021-10-13,1.824,2.401,1.56
2021-10-14,1.813,2.351,1.52
2021-10-15,1.795,2.356,1.59
2021-10-18,1.875,2.4,1.59
2021-10-19,1.866,2.379,1.65
2021-10-20,1.847,2.392,1.65
2021-10-21,1.836,2.388,1.68
2021-10-22,1.889,2.411,1.66
2021-10-25,1.919,2.426,1.64
2021-10-26,1.947,2.457,1.63
2021-10-27,2.044,2.487,1.54
2021-10-28,2.017,2.397,1.57
2021-10-29,2.103,2.575,1.55
2021-11-01,2.108,2.506,1.58
2021-11-02,2.038,2.48,1.56
2021-11-03,2.036,2.47,1.6
2021-11-04,2.04,2.428,1.53
2021-11-05,1.944,2.35,1.45
2021-11-08,1.906,2.329,1.51
2021-11-09,1.865,2.293,1.46
2021-11-10,1.877,2.309,1.56
2021-11-11,1.913,2.341,
2021-11-12,1.968,2.344,1.58
2021-11-15,1.912,2.298,1.63
2021-11-16,1.963,2.333,1.63
2021-11-17,1.974,2.359,1.6
2021-11-18,1.953,2.338,1.59
2021-11-19,1.966,2.372,1.54
2021-11-22,2.018,2.386,1.63
2021-11-23,2.031,2.4,1.67
2021-11-24,2.013,2.394,1.64
2021-11-25,1.933,2.348,
2021-11-26,1.863,2.255,1.48
2021-11-29,1.844,2.266,1.52
2021-11-30,1.799,2.213,1.43
2021-12-01,1.813,2.182,1.43
2021-12-02,1.845,2.198,1.44
2021-12-03,1.9,2.234,1.35
2021-12-06,1.865,2.213,1.43
2021-12-07,1.872,2.24,1.48
2021-12-08,1.831,2.185,1.52
2021-12-09,1.794,2.188,1.49
2021-12-10,1.805,2.201,1.48
2021-12-13,1.79,2.169,1.42
2021-12-14,1.784,2.169,1.44
2021-12-15,1.808,2.166,1.47
2021-12-16,1.766,2.147,1.44
2021-12-17,1.767,2.153,1.41
2021-12-20,1.74,2.107,1.43
2021-12-21,1.72,2.099,1.48
2021-12-22,1.757,2.147,1.46
2021-12-23,1.805,2.212,1.5
2021-12-24,1.798,2.206,
2021-12-27,1.776,2.211,1.48
2021-12-28,1.786,2.198,1.49
2021-12-29,1.783,2.18,1.55
2021-12-30,1.799,2.248,1.52
2021-12-31,1.798,2.25,1.52
2022-01-03,1.855,2.325,1.63
2022-01-04,1.868,2.32,1.66
2022-01-05,1.913,2.375,1.71
2022-01-06,2.013,2.481,1.73
2022-01-07,2.015,2.458,1.76
2022-01-10,2.058,2.484,1.78
2022-01-11,2.038,2.485,1.75
2022-01-12,1.998,2.428,1.74
2022-01-13,1.953,2.397,1.7
2022-01-14,2.044,2.453,1.78
2022-01-17,2.148,2.568,
2022-01-18,2.127,2.553,1.87
2022-01-19,2.073,2.537,1.83
2022-01-20,2.119,2.558,1.83
2022-01-21,2.132,2.54,1.75
2022-01-24,2.112,2.54,1.75
2022-01-25,2.174,2.576,1.78
2022-01-26,2.156,2.573,1.85
2022-01-27,2.217,2.612,1.81
2022-01-28,2.189,2.586,1.78
2022-01-31,,,1.79
2022-02-01,,,1.81
2022-02-02,,,1.78
2022-02-03,2.158,2.566,1.82
2022-02-04,2.194,2.619,1.93
2022-02-07,2.237,2.638,1.92
2022-02-08,2.303,2.733,1.96
2022-02-09,2.279,2.691,1.94
2022-02-10,2.264,2.686,2.03
2022-02-11,2.343,2.747,1.92
2022-02-14,2.347,2.714,1.98
2022-02-15,2.345,2.71,2.05
2022-02-16,2.325,2.702,2.03
2022-02-17,2.295,2.708,1.97
2022-02-18,2.322,2.728,1.92
2022-02-21,2.363,2.77,
2022-02-22,2.327,2.717,1.94
2022-02-23,2.317,2.722,1.99
2022-02-24,2.226,2.624,1.96
2022-02-25,2.244,2.671,1.97
2022-02-28,2.242,2.675,1.83
2022-03-01,,,1.72
2022-03-02,2.187,2.613,1.86
2022-03-03,2.195,2.648,1.86
2022-03-04,2.214,2.658,1.74
2022-03-07,2.288,2.707,1.78
2022-03-08,2.287,2.722,1.86
2022-03-09,,,1.94
2022-03-10,2.267,2.726,1.98
2022-03-11,2.255,2.7,2
2022-03-14,2.283,2.739,2.14
2022-03-15,2.285,2.753,2.15
2022-03-16,2.268,2.768,2.19
2022-03-17,2.217,2.704,2.2
2022-03-18,2.231,2.737,2.14
2022-03-21,2.268,2.741,2.32
2022-03-22,2.399,2.832,2.38
2022-03-23,2.426,2.828,2.32
2022-03-24,2.455,2.856,2.34
2022-03-25,2.505,2.871,2.48
2022-03-28,2.747,3.031,2.46
2022-03-29,2.7,2.972,2.41
2022-03-30,2.615,2.885,2.35
2022-03-31,2.663,2.969,2.32
2022-04-01,2.784,3.007,2.39
2022-04-04,2.837,3.065,2.42
2022-04-05,2.879,3.08,2.54
2022-04-06,2.941,3.129,2.61
2022-04-07,2.905,3.128,2.66
2022-04-08,2.987,3.169,2.72
2022-04-11,3.186,3.305,2.79
2022-04-12,3.105,3.313,2.72
2022-04-13,3.001,3.287,2.7
2022-04-14,2.888,3.22,2.83
2022-04-15,2.944,3.301,
2022-04-18,2.99,3.355,2.85
2022-04-19,2.981,3.35,2.93
2022-04-20,2.957,3.313,2.85
2022-04-21,2.927,3.296,2.9
2022-04-22,2.971,3.314,2.9
2022-04-25,2.857,3.188,2.81
2022-04-26,2.83,3.19,2.77
2022-04-27,2.899,3.185,2.82
2022-04-28,2.925,3.166,2.85
2022-04-29,2.958,3.242,2.89
2022-05-02,3.086,3.38,2.99
2022-05-03,3.139,3.406,2.97
2022-05-04,3.178,3.434,2.93
2022-05-05,,,3.05
2022-05-06,3.146,3.431,3.12
2022-05-09,3.062,3.414,3.05
2022-05-10,3.046,3.403,2.99
2022-05-11,2.928,3.269,2.91
2022-05-12,2.9,3.169,2.84
2022-05-13,2.911,3.221,2.93
2022-05-16,3.046,3.277,2.88
2022-05-17,3.031,3.287,2.98
2022-05-18,3.069,3.32,2.89
2022-05-19,3.046,3.307,2.84
2022-05-20,3.011,3.245,2.78
2022-05-23,3.018,3.258,2.86
2022-05-24,2.967,3.214,2.76
2022-05-25,2.946,3.177,2.75
2022-05-26,2.955,3.238,2.75
2022-05-27,2.947,3.212,2.74
2022-05-30,2.942,3.211,
2022-05-31,3.027,3.326,2.85
2022-06-01,,,2.94
2022-06-02,3.125,3.421,2.92
2022-06-03,3.121,3.405,2.96
2022-06-06,,,3.04
2022-06-07,3.232,3.538,2.98
2022-06-08,3.209,3.472,3.03
2022-06-09,3.171,3.471,3.04
2022-06-10,3.275,3.495,3.15
2022-06-13,3.514,3.654,3.43
2022-06-14,3.548,3.691,3.49
2022-06-15,3.666,3.795,3.33
2022-06-16,3.728,3.767,3.28
2022-06-17,3.745,3.795,3.25
2022-06-20,3.675,3.784,
2022-06-21,3.663,3.775,3.31
2022-06-22,3.522,3.682,3.16
2022-06-23,3.608,3.726,3.09
2022-06-24,3.523,3.635,3.13
2022-06-27,3.568,3.72,3.2
2022-06-28,3.552,3.68,3.2
2022-06-29,3.552,3.667,3.1
2022-06-30,3.55,3.636,2.98
2022-07-01,3.439,3.49,2.88
2022-07-04,3.43,3.489,
2022-07-05,3.301,3.379,2.82
2022-07-06,3.239,3.295,2.93
2022-07-07,3.262,3.307,3.01
2022-07-08,3.315,3.36,3.09
2022-07-11,3.324,3.385,2.99
2022-07-12,3.291,3.349,2.96
2022-07-13,3.211,3.301,2.91
2022-07-14,3.26,3.295,2.96
2022-07-15,3.205,3.242,2.93
2022-07-18,3.212,3.27,2.96
2022-07-19,3.192,3.253,3.01
2022-07-20,3.296,3.36,3.04
2022-07-21,3.294,3.374,2.91
2022-07-22,3.218,3.302,2.77
2022-07-25,3.153,3.211,2.81
2022-07-26,3.121,3.183,2.81
2022-07-27,3.09,3.121,2.78
2022-07-28,3.13,3.201,2.68
2022-07-29,3.009,3.127,2.67
2022-08-01,3.081,3.184,2.6
2022-08-02,3.012,3.088,2.75
2022-08-03,3.065,3.131,2.73
2022-08-04,3.114,3.152,2.68
2022-08-05,3.079,3.124,2.83
2022-08-08,3.134,3.177,2.77
2022-08-09,3.134,3.166,2.8
2022-08-10,3.154,3.207,2.78
2022-08-11,3.124,3.219,2.87
2022-08-12,3.181,3.282,2.84
2022-08-15,,,2.79
2022-08-16,3.078,3.156,2.82
2022-08-17,3.087,3.188,2.89
2022-08-18,3.125,3.221,2.88
2022-08-19,3.197,3.31,2.98
2022-08-22,3.245,3.342,3.03
2022-08-23,3.281,3.361,3.05
2022-08-24,3.311,3.433,3.11
2022-08-25,3.531,3.593,3.03
2022-08-26,3.525,3.616,3.04
2022-08-29,3.653,3.715,3.12
2022-08-30,3.642,3.695,3.11
2022-08-31,3.685,3.721,3.15
2022-09-01,3.778,3.805,3.26
2022-09-02,3.678,3.738,3.2
2022-09-05,3.616,3.67,
2022-09-06,3.682,3.712,3.33
2022-09-07,3.685,3.736,3.27
2022-09-08,3.543,3.622,3.29
2022-09-09,,,3.33
2022-09-12,,,3.37
2022-09-13,3.536,3.62,3.42
2022-09-14,3.585,3.651,3.41
2022-09-15,3.77,3.791,3.45
2022-09-16,3.767,3.772,3.45
2022-09-19,3.759,3.794,3.49
2022-09-20,3.823,3.836,3.57
2022-09-21,3.847,3.891,3.51
2022-09-22,4.104,3.997,3.7
2022-09-23,4.199,4.112,3.69
2022-09-26,4.548,4.335,3.88
2022-09-27,4.304,4.208,3.97
2022-09-28,4.338,4.332,3.72
2022-09-29,4.303,4.229,3.76
2022-09-30,4.186,4.096,3.83
2022-10-03,,,3.67
2022-10-04,4.081,4.006,3.62
2022-10-05,4.157,4.102,3.76
2022-10-06,4.145,4.102,3.83
2022-10-07,4.276,4.214,3.89
2022-10-11,4.342,4.306,3.93
2022-10-12,4.107,4.11,3.91
2022-10-13,4.203,4.239,3.97
2022-10-14,4.207,4.181,4
2022-10-17,4.239,4.215,4.02
2022-10-18,4.242,4.277,4.01
2022-10-19,4.331,4.396,4.14
2022-10-20,4.35,4.439,4.24
2022-10-21,4.495,4.632,4.21
2022-10-24,4.305,4.503,4.25
2022-10-25,4.221,4.346,4.1
2022-10-26,4.208,4.279,4.04
2022-10-27,4.254,4.313,3.96
2022-10-28,4.112,4.167,4.02
2022-10-31,4.185,4.242,4.1
2022-11-01,4.068,4.135,4.07
2022-11-02,4.095,4.143,4.1
2022-11-03,4.158,4.197,4.14
2022-11-04,4.118,4.182,4.17
2022-11-07,4.186,4.258,4.22
2022-11-08,4.156,4.236,4.14
2022-11-09,4.086,4.177,4.12
2022-11-10,4.033,4.07,3.82
2022-11-11,3.834,3.894,
2022-11-14,3.85,3.928,3.88
2022-11-15,3.753,3.861,3.8
2022-11-16,3.808,3.896,3.67
2022-11-17,3.804,3.853,3.77
2022-11-18,3.787,3.801,3.82
2022-11-21,3.837,3.764,3.83
2022-11-22,3.844,3.773,3.76
2022-11-23,3.849,3.774,3.71
2022-11-24,3.689,3.622,
2022-11-25,3.644,3.623,3.68
2022-11-28,3.669,3.606,3.69
2022-11-29,3.723,3.673,3.75
2022-11-30,3.689,3.667,3.68
2022-12-01,3.65,3.663,3.53
2022-12-02,3.616,3.583,3.51
2022-12-05,3.609,3.549,3.6
2022-12-06,3.633,3.504,3.51
2022-12-07,3.672,3.523,3.42
2022-12-08,3.676,3.53,3.48
2022-12-09,3.657,3.491,3.57
2022-12-12,3.623,3.448,3.61
2022-12-13,3.623,3.469,3.51
2022-12-14,3.53,3.406,3.49
2022-12-15,3.536,3.38,3.44
2022-12-16,3.539,3.36,3.48
2022-12-19,3.545,3.395,3.57
2022-12-20,3.685,3.603,3.69
2022-12-21,3.638,3.566,3.68
2022-12-22,3.567,3.495,3.67
2022-12-23,3.623,3.552,3.75
2022-12-26,3.663,3.639,
2022-12-27,3.662,3.611,3.84
2022-12-28,3.668,3.673,3.88
2022-12-29,3.719,3.726,3.83
2022-12-30,3.722,3.73,3.88
2023-01-02,3.782,3.811,
2023-01-03,3.661,3.661,3.79
2023-01-04,3.632,3.597,3.69
2023-01-05,3.644,3.571,3.71
2023-01-06,3.681,3.573,3.55
2023-01-09,3.577,3.477,3.53
2023-01-10,3.556,3.462,3.61
2023-01-11,3.472,3.417,3.54
2023-01-12,3.466,3.412,3.43
2023-01-13,3.369,3.3,3.49
2023-01-16,3.454,3.383,
2023-01-17,3.484,3.444,3.53
2023-01-18,3.39,3.337,3.37
2023-01-19,3.248,3.222,3.39
2023-01-20,3.33,3.279,3.48
2023-01-23,,,3.52
2023-01-24,,,3.46
2023-01-25,3.285,3.229,3.46
2023-01-26,3.273,3.231,3.49
2023-01-27,3.304,3.283,3.52
2023-01-30,3.271,3.238,3.55
2023-01-31,3.325,3.297,3.52
2023-02-01,3.263,3.239,3.39
2023-02-02,3.183,3.207,3.4
2023-02-03,3.11,3.148,3.53
2023-02-06,3.283,3.283,3.63
2023-02-07,3.315,3.297,3.67
2023-02-08,3.339,3.32,3.63
2023-02-09,3.401,3.362,3.67
2023-02-10,3.398,3.365,3.74
2023-02-13,3.452,3.43,3.72
2023-02-14,3.429,3.398,3.77
2023-02-15,3.502,3.471,3.81
2023-02-16,3.504,3.476,3.86
2023-02-17,3.639,3.626,3.82
2023-02-20,3.677,3.641,
2023-02-21,3.623,3.6,3.95
2023-02-22,3.645,3.639,3.93
2023-02-23,3.599,3.595,3.88
2023-02-24,3.555,3.525,3.95
2023-02-27,3.683,3.619,3.92
2023-02-28,3.797,3.753,3.92
2023-03-01,,,4.01
2023-03-02,3.878,3.84,4.08
2023-03-03,3.791,3.776,3.97
2023-03-06,3.774,3.731,3.98
2023-03-07,3.726,3.661,3.97
2023-03-08,3.855,3.72,3.98
2023-03-09,3.858,3.739,3.93
2023-03-10,3.703,3.584,3.7
2023-03-13,3.435,3.405,3.55
2023-03-14,3.381,3.337,3.64
2023-03-15,3.473,3.418,3.51
2023-03-16,3.4,3.394,3.56
2023-03-17,3.415,3.406,3.39
2023-03-20,3.264,3.304,3.47
2023-03-21,3.294,3.304,3.59
2023-03-22,3.284,3.287,3.48
2023-03-23,3.206,3.266,3.38
2023-03-24,3.16,3.21,3.38
2023-03-27,3.22,3.258,3.53
2023-03-28,3.258,3.281,3.55
2023-03-29,3.249,3.28,3.57
2023-03-30,3.24,3.305,3.55
2023-03-31,3.27,3.34,3.48
2023-04-03,3.342,3.389,3.43
2023-04-04,3.279,3.316,3.35
2023-04-05,3.264,3.326,3.3
2023-04-06,3.211,3.278,3.3
2023-04-07,3.24,3.289,3.39
2023-04-10,3.192,3.236,3.41
2023-04-11,3.231,3.255,3.43
2023-04-12,3.233,3.262,3.41
2023-04-13,3.199,3.273,3.45
2023-04-14,3.215,3.286,3.52
2023-04-17,3.287,3.349,3.6
2023-04-18,3.294,3.352,3.58
2023-04-19,3.337,3.37,3.6
2023-04-20,3.334,3.409,3.54
2023-04-21,3.267,3.343,3.57
2023-04-24,3.23,3.306,3.52
2023-04-25,3.265,3.323,3.4
2023-04-26,3.259,3.309,3.43
2023-04-27,3.288,3.342,3.53
2023-04-28,3.293,3.36,3.44
2023-05-01,,,3.59
2023-05-02,3.335,3.372,3.44
2023-05-03,3.281,3.324,3.38
2023-05-04,3.21,3.278,3.37
2023-05-05,,,3.44
2023-05-08,3.261,3.31,3.52
2023-05-09,3.256,3.318,3.53
2023-05-10,3.273,3.341,3.43
2023-05-11,3.22,3.292,3.39
2023-05-12,3.225,3.274,3.46
2023-05-15,3.279,3.332,3.5
2023-05-16,3.242,3.303,3.54
2023-05-17,3.274,3.319,3.57
2023-05-18,3.316,3.367,3.65
2023-05-19,3.34,3.419,3.7
2023-05-22,3.321,3.398,3.72
2023-05-23,3.373,3.473,3.7
2023-05-24,3.378,3.502,3.73
2023-05-25,3.48,3.597,3.83
2023-05-26,3.524,3.639,3.8
2023-05-30,3.56,3.651,3.69
2023-05-31,3.459,3.532,3.64
2023-06-01,3.478,3.549,3.61
2023-06-02,3.436,3.495,3.69
2023-06-05,3.502,3.561,3.69
2023-06-06,,,3.7
2023-06-07,3.471,3.522,3.79
2023-06-08,3.543,3.632,3.73
2023-06-09,3.506,3.613,3.75
2023-06-12,3.493,3.576,3.73
2023-06-13,3.484,3.578,3.84
2023-06-14,3.545,3.635,3.83
2023-06-15,3.626,3.685,3.72
2023-06-16,3.585,3.657,3.77
2023-06-19,3.583,3.633,
2023-06-20,3.567,3.642,3.74
2023-06-21,3.571,3.621,3.72
2023-06-22,3.592,3.647,3.8
2023-06-23,3.609,3.663,3.74
2023-06-26,3.568,3.611,3.72
2023-06-27,3.538,3.603,3.77
2023-06-28,3.557,3.611,3.71
2023-06-29,3.584,3.626,3.85
2023-06-30,3.662,3.675,3.81
2023-07-03,3.613,3.607,3.86
2023-07-04,3.619,3.623,
2023-07-05,3.618,3.644,3.95
2023-07-06,3.676,3.713,4.05
2023-07-07,3.735,3.761,4.06
2023-07-10,3.795,3.863,4.01
2023-07-11,3.703,3.758,3.99
2023-07-12,3.704,3.756,3.86
2023-07-13,3.602,3.657,3.76
2023-07-14,3.614,3.685,3.83
2023-07-17,3.611,3.66,3.81
2023-07-18,3.596,3.651,3.8
2023-07-19,3.543,3.575,3.75
2023-07-20,3.581,3.606,3.85
2023-07-21,3.602,3.636,3.84
2023-07-24,3.617,3.64,3.86
2023-07-25,3.645,3.684,3.91
2023-07-26,3.627,3.658,3.86
2023-07-27,3.587,3.637,4.01
2023-07-28,3.635,3.728,3.96
2023-07-31,3.681,3.761,3.97
2023-08-01,3.647,3.727,4.05
2023-08-02,3.677,3.793,4.08
2023-08-03,3.714,3.861,4.2
2023-08-04,3.738,3.876,4.05
2023-08-07,3.689,3.814,4.09
2023-08-08,3.647,3.74,4.02
2023-08-09,3.672,3.774,4
2023-08-10,3.687,3.786,4.09
2023-08-11,3.698,3.824,4.16
2023-08-14,3.747,3.889,4.19
2023-08-15,,,4.21
2023-08-16,3.712,3.867,4.28
2023-08-17,3.788,3.976,4.3
2023-08-18,3.729,3.914,4.26
2023-08-21,3.795,3.973,4.34
2023-08-22,3.802,3.986,4.34
2023-08-23,3.771,3.92,4.19
2023-08-24,3.759,3.878,4.23
2023-08-25,3.789,3.935,4.25
2023-08-28,3.759,3.872,4.2
2023-08-29,3.74,3.844,4.12
2023-08-30,3.732,3.85,4.12
2023-08-31,3.711,3.821,4.09
2023-09-01,3.689,3.778,4.18
2023-09-04,3.738,3.856,
2023-09-05,3.765,3.886,4.27
2023-09-06,3.765,3.893,4.3
2023-09-07,3.847,3.969,4.27
2023-09-08,3.795,3.895,4.26
2023-09-11,3.865,3.961,4.29
2023-09-12,3.863,3.965,4.27
2023-09-13,3.853,3.949,4.25
2023-09-14,3.836,3.917,4.29
2023-09-15,3.85,3.928,4.33
2023-09-18,3.891,3.982,4.32
2023-09-19,3.887,3.952,4.37
2023-09-20,3.89,3.963,4.35
2023-09-21,3.93,4.031,4.49
2023-09-22,3.876,4.001,4.44
2023-09-25,3.876,4.012,4.55
2023-09-26,3.891,4.054,4.56
2023-09-27,3.884,4.03,4.61
2023-09-28,,,4.59
2023-09-29,,,4.59
2023-10-02,,,4.69
2023-10-03,,,4.81
2023-10-04,4.108,4.351,4.73
2023-10-05,4.081,4.322,4.72
2023-10-06,4.015,4.24,4.78
2023-10-10,3.997,4.219,4.66
2023-10-11,3.953,4.142,4.58
2023-10-12,3.932,4.101,4.7
2023-10-13,3.957,4.169,4.63
2023-10-16,3.973,4.191,4.71
2023-10-17,3.991,4.224,4.83
2023-10-18,4.031,4.287,4.91
2023-10-19,4.07,4.362,4.98
2023-10-20,4.033,4.327,4.93
2023-10-23,4.055,4.374,4.86
2023-10-24,4.004,4.269,4.83
2023-10-25,4.038,4.281,4.95
2023-10-26,4.104,4.392,4.86
2023-10-27,4.073,4.28,4.84
2023-10-30,4.089,4.312,4.88
2023-10-31,4.085,4.325,4.88
2023-11-01,4.071,4.288,4.77
2023-11-02,3.979,4.168,4.67
2023-11-03,3.949,4.105,4.57
2023-11-06,3.877,4.056,4.67
2023-11-07,3.887,4.055,4.58
2023-11-08,3.868,4.022,4.49
2023-11-09,3.847,3.945,4.62
2023-11-10,3.862,3.969,4.61
2023-11-13,3.877,4.005,4.63
2023-11-14,3.857,3.98,4.44
2023-11-15,3.744,3.815,4.53
2023-11-16,3.701,3.799,4.45
2023-11-17,3.681,3.796,4.44
2023-11-20,3.667,3.755,4.42
2023-11-21,3.644,3.726,4.41
2023-11-22,3.666,3.762,4.42
2023-11-23,3.644,3.712,
2023-11-24,3.677,3.779,4.47
2023-11-27,3.689,3.767,4.39
2023-11-28,3.648,3.726,4.34
2023-11-29,3.554,3.641,4.27
2023-11-30,3.583,3.699,4.37
2023-12-01,3.587,3.699,4.22
2023-12-04,3.531,3.626,4.28
2023-12-05,3.484,3.579,4.18
2023-12-06,3.463,3.533,4.12
2023-12-07,3.511,3.576,4.14
2023-12-08,3.461,3.534,4.23
2023-12-11,3.48,3.566,4.23
2023-12-12,3.446,3.527,4.2
2023-12-13,3.465,3.525,4.04
2023-12-14,3.258,3.332,3.92
2023-12-15,3.281,3.358,3.91
2023-12-18,3.277,3.336,3.95
2023-12-19,3.296,3.328,3.93
2023-12-20,3.232,3.28,3.86
2023-12-21,3.236,3.297,3.89
2023-12-22,3.234,3.301,3.9
2023-12-26,3.221,3.271,3.89
2023-12-27,3.22,3.26,3.79
2023-12-28,3.154,3.183,3.84
2023-12-29,3.154,3.183,3.88
2024-01-02,3.24,3.306,3.95
2024-01-03,3.278,3.338,3.91
2024-01-04,3.227,3.288,3.99
2024-01-05,3.283,3.344,4.05
2024-01-08,3.297,3.344,4.01
2024-01-09,3.255,3.323,4.02
2024-01-10,3.269,3.346,4.04
2024-01-11,3.227,3.307,3.98
2024-01-12,3.204,3.306,3.96
2024-01-15,3.191,3.293,
2024-01-16,3.235,3.322,4.07
2024-01-17,3.277,3.369,4.1
2024-01-18,3.285,3.38,4.14
2024-01-19,3.307,3.422,4.15
2024-01-22,3.278,3.372,4.11
2024-01-23,3.286,3.372,4.14
2024-01-24,3.3,3.4,4.18
2024-01-25,3.313,3.419,4.14
2024-01-26,3.263,3.386,4.15
2024-01-29,3.304,3.436,4.08
2024-01-30,3.268,3.35,4.06
2024-01-31,3.261,3.345,3.99
2024-02-01,3.267,3.339,3.87
2024-02-02,3.248,3.287,4.03
2024-02-05,3.312,3.374,4.17
2024-02-06,3.292,3.382,4.09
2024-02-07,3.286,3.378,4.09
2024-02-08,3.305,3.4,4.15
2024-02-09,,,4.17
2024-02-12,,,4.17
2024-02-13,3.353,3.453,4.31
2024-02-14,3.425,3.502,4.27
2024-02-15,3.405,3.477,4.24
2024-02-16,3.405,3.482,4.3
2024-02-19,3.397,3.467,
2024-02-20,3.405,3.489,4.27
2024-02-21,3.402,3.474,4.32
2024-02-22,3.342,3.424,4.33
2024-02-23,3.374,3.468,4.26
2024-02-26,3.34,3.402,4.28
2024-02-27,3.364,3.43,4.31
2024-02-28,3.359,3.442,4.27
2024-02-29,3.385,3.475,4.25
2024-03-01,,,4.19
2024-03-04,3.36,3.434,4.22
2024-03-05,3.349,3.409,4.13
2024-03-06,3.325,3.381,4.11
2024-03-07,3.321,3.399,4.09
2024-03-08,3.271,3.334,4.09
2024-03-11,3.275,3.342,4.1
2024-03-12,3.273,3.335,4.16
2024-03-13,3.251,3.331,4.19
2024-03-14,3.273,3.354,4.29
2024-03-15,3.308,3.41,4.31
2024-03-18,3.348,3.435,4.34
2024-03-19,3.383,3.472,4.3
2024-03-20,3.371,3.451,4.27
2024-03-21,3.306,3.411,4.27
2024-03-22,3.284,3.362,4.22
2024-03-25,3.29,3.37,4.25
2024-03-26,3.301,3.397,4.24
2024-03-27,3.288,3.373,4.2
2024-03-28,3.293,3.377,4.2
2024-03-29,3.322,3.413,
2024-04-01,3.291,3.381,4.33
2024-04-02,3.333,3.425,4.36
2024-04-03,3.341,3.452,4.36
2024-04-04,3.338,3.457,4.31
2024-04-05,3.329,3.433,4.39
2024-04-08,3.383,3.488,4.42
2024-04-09,3.391,3.503,4.36
2024-04-10,,,4.55
2024-04-11,3.466,3.585,4.56
2024-04-12,3.403,3.538,4.5
2024-04-15,3.44,3.561,4.63
2024-04-16,3.469,3.618,4.67
2024-04-17,3.475,3.632,4.59
2024-04-18,3.427,3.562,4.64
2024-04-19,3.468,3.583,4.62
2024-04-22,3.512,3.65,4.62
2024-04-23,3.489,3.625,4.61
2024-04-24,3.509,3.645,4.65
2024-04-25,3.543,3.707,4.7
2024-04-26,3.531,3.694,4.67
2024-04-29,3.552,3.704,4.63
2024-04-30,3.529,3.656,4.69
2024-05-01,,,4.63
2024-05-02,3.509,3.638,4.58
2024-05-03,3.5,3.614,4.5
2024-05-06,,,4.49
2024-05-07,3.448,3.536,4.47
2024-05-08,3.439,3.53,4.48
2024-05-09,3.453,3.556,4.45
2024-05-10,3.44,3.538,4.5
2024-05-13,3.452,3.554,4.48
2024-05-14,3.454,3.546,4.45
2024-05-15,,,4.36
2024-05-16,3.375,3.458,4.38
2024-05-17,3.379,3.454,4.42
2024-05-20,3.412,3.497,4.44
2024-05-21,3.411,3.491,4.41
2024-05-22,3.409,3.478,4.43
2024-05-23,3.402,3.472,4.47
2024-05-24,3.423,3.515,4.46
2024-05-27,3.413,3.498,
2024-05-28,3.394,3.481,4.54
2024-05-29,3.425,3.536,4.61
2024-05-30,3.44,3.564,4.55
2024-05-31,3.452,3.578,4.51
2024-06-03,3.434,3.532,4.41
2024-06-04,3.39,3.47,4.33
2024-06-05,3.345,3.43,4.29
2024-06-06,,,4.28
2024-06-07,3.308,3.385,4.43
2024-06-10,3.353,3.433,4.47
2024-06-11,3.341,3.425,4.39
2024-06-12,3.307,3.382,4.31
2024-06-13,3.277,3.345,4.24
2024-06-14,3.252,3.302,4.2
2024-06-17,3.212,3.283,4.28
2024-06-18,3.214,3.279,4.22
2024-06-19,3.162,3.231,
2024-06-20,3.196,3.269,4.25
2024-06-21,3.176,3.255,4.25
2024-06-24,3.194,3.264,4.25
2024-06-25,3.201,3.271,4.23
2024-06-26,3.215,3.278,4.32
2024-06-27,3.22,3.3,4.29
2024-06-28,3.182,3.266,4.36
2024-07-01,3.21,3.312,4.48
2024-07-02,3.169,3.289,4.43
2024-07-03,3.16,3.274,4.36
2024-07-04,3.128,3.234,
2024-07-05,3.115,3.227,4.28
2024-07-08,3.119,3.212,4.28
2024-07-09,3.114,3.191,4.3
2024-07-10,3.12,3.198,4.28
2024-07-11,3.163,3.234,4.2
2024-07-12,3.101,3.177,4.18
2024-07-15,3.076,3.177,4.23
2024-07-16,3.035,3.137,4.17
2024-07-17,3.05,3.139,4.16
2024-07-18,3.058,3.138,4.2
2024-07-19,3.074,3.156,4.25
2024-07-22,3.071,3.145,4.26
2024-07-23,3.084,3.171,4.25
2024-07-24,3.046,3.131,4.28
2024-07-25,3.024,3.128,4.27
2024-07-26,3.024,3.108,4.2
2024-07-29,2.978,3.046,4.17
2024-07-30,2.994,3.052,4.15
2024-07-31,3.004,3.064,4.09
2024-08-01,2.976,3.01,3.99
2024-08-02,2.939,2.976,3.8
2024-08-05,2.806,2.878,3.78
2024-08-06,2.935,2.993,3.9
2024-08-07,2.929,3.001,3.96
2024-08-08,2.911,2.997,3.99
2024-08-09,2.941,3.012,3.94
2024-08-12,2.946,3,3.9
2024-08-13,2.918,2.974,3.85
2024-08-14,2.888,2.945,3.83
2024-08-15,,,3.92
2024-08-16,2.928,2.973,3.89
2024-08-19,2.927,2.985,3.86
2024-08-20,2.944,2.999,3.82
2024-08-21,2.94,2.997,3.79
2024-08-22,2.907,2.98,3.86
2024-08-23,2.92,3.005,3.81
2024-08-26,2.89,2.974,3.82
2024-08-27,2.94,3.073,3.83
2024-08-28,2.919,3.054,3.84
2024-08-29,2.939,3.075,3.87
2024-08-30,2.953,3.088,3.91
2024-09-02,2.989,3.121,
2024-09-03,2.981,3.12,3.84
2024-09-04,2.931,3.052,3.77
2024-09-05,2.905,3.03,3.73
2024-09-06,2.881,2.99,3.72
2024-09-09,2.897,3.032,3.7
2024-09-10,2.877,3.01,3.65
2024-09-11,2.82,2.943,3.65
2024-09-12,2.866,2.97,3.68
2024-09-13,2.822,2.928,3.66
2024-09-16,,,3.63
2024-09-17,,,3.65
2024-09-18,,,3.7
2024-09-19,2.843,2.979,3.73
2024-09-20,2.838,2.989,3.73
2024-09-23,2.864,3.022,3.75
2024-09-24,2.854,3.026,3.74
2024-09-25,2.812,2.997,3.79
2024-09-26,2.807,3.001,3.79
2024-09-27,2.826,3,3.75
2024-09-30,2.811,2.992,3.81
2024-10-01,,,3.74
2024-10-02,2.78,2.932,3.79
2024-10-03,,,3.85
2024-10-04,2.824,2.996,3.98
2024-10-07,2.96,3.101,4.03
2024-10-08,2.932,3.077,4.04
2024-10-09,,,4.06
2024-10-10,2.962,3.088,4.09
2024-10-11,2.947,3.085,4.08
2024-10-14,2.938,3.087,
2024-10-15,2.906,3.05,4.03
2024-10-16,2.88,3.008,4.02
2024-10-17,2.897,3.028,4.09
2024-10-18,2.908,3.072,4.08
2024-10-21,2.902,3.054,4.19
2024-10-22,2.943,3.13,4.2
2024-10-23,2.936,3.128,4.24
2024-10-24,2.891,3.074,4.21
2024-10-25,2.882,3.054,4.25
2024-10-28,2.932,3.117,4.28
2024-10-29,2.936,3.118,4.28
2024-10-30,2.937,3.105,4.29
2024-10-31,2.936,3.1,4.28
2024-11-01,2.939,3.09,4.37
2024-11-04,2.935,3.096,4.31
2024-11-05,2.918,3.073,4.26
2024-11-06,2.96,3.134,4.42
2024-11-07,2.922,3.098,4.31
2024-11-08,2.889,3.049,4.3
2024-11-11,2.901,3.038,
2024-11-12,2.9,3.014,4.43
2024-11-13,2.939,3.067,4.44
2024-11-14,2.929,3.074,4.43
2024-11-15,2.941,3.084,4.43
2024-11-18,2.915,3.063,4.42
2024-11-19,2.889,3.036,4.39
2024-11-20,2.873,3.017,4.41
2024-11-21,2.829,2.978,4.43
2024-11-22,2.816,2.976,4.41
2024-11-25,2.773,2.92,4.27
2024-11-26,2.773,2.903,4.3
2024-11-27,2.741,2.88,4.25
2024-11-28,2.638,2.788,
2024-11-29,2.607,2.751,4.18
2024-12-02,2.567,2.697,4.19
2024-12-03,2.585,2.713,4.23
2024-12-04,2.626,2.765,4.19
2024-12-05,2.603,2.738,4.17
2024-12-06,2.62,2.744,4.15
2024-12-09,2.579,2.677,4.2
2024-12-10,2.524,2.645,4.22
2024-12-11,2.536,2.692,4.26
2024-12-12,2.549,2.7,4.32
2024-12-13,2.541,2.676,4.4
2024-12-16,2.553,2.721,4.39
2024-12-17,2.621,2.79,4.4
2024-12-18,2.536,2.738,4.5
2024-12-19,2.603,2.814,4.57
2024-12-20,2.629,2.873,4.52
2024-12-23,2.616,2.844,4.59
2024-12-24,2.626,2.876,4.59
2024-12-26,2.648,2.904,4.58
2024-12-27,2.634,2.876,4.62
2024-12-30,2.597,2.855,4.55
2024-12-31,2.596,2.855,4.58
2025-01-02,2.507,2.749,4.57
2025-01-03,2.482,2.754,4.6
2025-01-06,2.524,2.817,4.62
2025-01-07,2.508,2.794,4.67
2025-01-08,2.505,2.796,4.67
2025-01-09,2.5,2.778,4.68
2025-01-10,2.561,2.837,4.77
2025-01-13,2.664,2.871,4.79
2025-01-14,2.646,2.841,4.78
2025-01-15,2.675,2.86,4.66
2025-01-16,2.626,2.802,4.61
2025-01-17,2.588,2.813,4.61
2025-01-20,2.623,2.868,
2025-01-21,2.579,2.818,4.57
2025-01-22,2.577,2.827,4.6
2025-01-23,2.578,2.837,4.65
2025-01-24,2.57,2.859,4.63
2025-01-27,,,4.53
2025-01-28,,,4.55
2025-01-29,,,4.55
2025-01-30,,,4.52
2025-01-31,2.573,2.859,4.58
2025-02-03,2.572,2.835,4.54
2025-02-04,2.584,2.844,4.52
2025-02-05,2.578,2.818,4.43
2025-02-06,2.582,2.796,4.45
2025-02-07,2.635,2.836,4.49
2025-02-10,2.638,2.83,4.51
2025-02-11,2.633,2.849,4.54
2025-02-12,2.651,2.879,4.62
2025-02-13,2.631,2.872,4.52
2025-02-14,2.611,2.846,4.47
2025-02-17,2.623,2.869,
2025-02-18,2.641,2.878,4.55
2025-02-19,2.63,2.873,4.53
2025-02-20,2.628,2.888,4.5
2025-02-21,2.618,2.856,4.42
2025-02-24,2.61,2.825,4.4
2025-02-25,2.596,2.797,4.3
2025-02-26,2.591,2.752,4.25
2025-02-27,2.592,2.754,4.29
2025-02-28,2.566,2.706,4.24
2025-03-03,,,4.16
2025-03-04,2.541,2.703,4.22
2025-03-05,2.565,2.773,4.28
2025-03-06,2.594,2.806,4.29
2025-03-07,2.565,2.773,4.32
2025-03-10,2.596,2.801,4.22
2025-03-11,2.56,2.76,4.28
2025-03-12,2.55,2.763,4.32
2025-03-13,2.57,2.77,4.27
2025-03-14,2.596,2.813,4.31
2025-03-17,2.601,2.805,4.31
2025-03-18,2.598,2.788,4.29
2025-03-19,2.621,2.811,4.25
2025-03-20,2.598,2.792,4.24
2025-03-21,2.597,2.805,4.25
2025-03-24,2.604,2.816,4.34
2025-03-25,2.612,2.821,4.31
2025-03-26,2.618,2.839,4.35
2025-03-27,2.622,2.838,4.38
2025-03-28,2.629,2.842,4.27
2025-03-31,2.569,2.771,4.23
2025-04-01,2.581,2.787,4.17
2025-04-02,2.584,2.767,4.2
2025-04-03,2.529,2.738,4.06
2025-04-04,2.461,2.692,4.01
2025-04-07,2.405,2.648,4.15
2025-04-08,2.413,2.686,4.26
2025-04-09,2.434,2.732,4.34
2025-04-10,2.437,2.702,4.4
2025-04-11,2.411,2.696,4.48
2025-04-14,2.408,2.691,4.38
2025-04-15,2.399,2.664,4.35
2025-04-16,2.351,2.629,4.29
2025-04-17,2.385,2.645,4.34
2025-04-18,2.362,2.62,
2025-04-21,2.331,2.602,4.42
2025-04-22,2.33,2.621,4.41
2025-04-23,2.337,2.598,4.4
2025-04-24,2.341,2.623,4.32
2025-04-25,2.305,2.576,4.29
2025-04-28,2.316,2.588,4.23
2025-04-29,2.31,2.603,4.19
2025-04-30,2.267,2.563,4.17
2025-05-01,,,4.25
2025-05-02,2.282,2.593,4.33
2025-05-05,,,4.36
2025-05-06,,,4.3
2025-05-07,2.253,2.603,4.26
2025-05-08,2.281,2.622,4.37
2025-05-09,2.331,2.67,4.37
2025-05-12,2.33,2.685,4.45
2025-05-13,2.37,2.722,4.49
2025-05-14,2.351,2.718,4.53
2025-05-15,2.362,2.727,4.45
2025-05-16,2.319,2.676,4.43
2025-05-19,2.366,2.747,4.46
2025-05-20,2.33,2.713,4.48
2025-05-21,2.345,2.76,4.58
2025-05-22,2.336,2.755,4.54
2025-05-23,2.338,2.766,4.51
2025-05-26,2.348,2.766,
2025-05-27,2.34,2.709,4.43
2025-05-28,2.314,2.706,4.47
2025-05-29,2.341,2.76,4.43
2025-05-30,2.347,2.786,4.41
2025-06-02,2.34,2.793,4.46
2025-06-03,,,4.46
2025-06-04,2.414,2.894,4.37
2025-06-05,2.412,2.891,4.4
2025-06-06,,,4.51
2025-06-09,2.405,2.867,4.49
2025-06-10,2.385,2.831,4.47
2025-06-11,2.419,2.837,4.41
2025-06-12,2.429,2.827,4.36
2025-06-13,2.462,2.819,4.41
2025-06-16,2.483,2.864,4.46
2025-06-17,2.448,2.868,4.39
2025-06-18,2.472,2.876,4.38
2025-06-19,2.475,2.874,
2025-06-20,2.463,2.867,4.38
2025-06-23,2.498,2.873,4.34
2025-06-24,2.461,2.823,4.3
2025-06-25,2.46,2.82,4.29
2025-06-26,2.454,2.788,4.26
2025-06-27,2.453,2.785,4.29
2025-06-30,2.452,2.805,4.24
2025-07-01,2.454,2.784,4.26
2025-07-02,2.483,2.832,4.3
2025-07-03,2.449,2.814,4.35
2025-07-04,2.467,2.828,
2025-07-07,2.482,2.84,4.4
2025-07-08,2.477,2.847,4.42
2025-07-09,2.478,2.854,4.34
2025-07-10,2.433,2.814,4.35
2025-07-11,2.448,2.823,4.43
2025-07-14,2.474,2.886,4.43
2025-07-15,2.463,2.877,4.5
2025-07-16,2.459,2.877,4.46
2025-07-17,2.479,2.905,4.47
2025-07-18,2.474,2.873,4.44
2025-07-21,2.456,2.855,4.38
2025-07-22,2.463,2.839,4.35
2025-07-23,2.458,2.83,4.4
2025-07-24,2.467,2.849,4.43
2025-07-25,2.485,2.855,4.4
2025-07-28,2.464,2.829,4.42
2025-07-29,2.46,2.823,4.34
2025-07-30,2.454,2.797,4.38
2025-07-31,2.46,2.785,4.37
2025-08-01,2.478,2.832,4.23
2025-08-04,2.421,2.778,4.22
2025-08-05,2.425,2.766,4.22
2025-08-06,2.43,2.779,4.22
2025-08-07,2.408,2.772,4.23
2025-08-08,2.409,2.776,4.27
2025-08-11,2.42,2.781,4.27
2025-08-12,2.431,2.801,4.29
2025-08-13,2.417,2.809,4.24
2025-08-14,2.404,2.787,4.29
2025-08-15,,,4.33
2025-08-18,2.426,2.837,4.34
2025-08-19,2.444,2.858,4.3
2025-08-20,2.441,2.853,4.29
2025-08-21,2.438,2.845,4.33
2025-08-22,2.456,2.86,4.26
2025-08-25,2.434,2.852,4.28
2025-08-26,2.422,2.86,4.26
2025-08-27,2.402,2.825,4.24
2025-08-28,2.416,2.815,4.22
2025-08-29,2.426,2.815,4.23
2025-09-01,2.435,2.847,
2025-09-02,2.45,2.87,4.28
2025-09-03,2.475,2.913,4.22
2025-09-04,2.472,2.883,4.17
2025-09-05,2.46,2.855,4.1
2025-09-08,2.448,2.848,4.05
2025-09-09,2.425,2.818,4.08
2025-09-10,2.43,2.833,4.04
2025-09-11,2.42,2.813,4.01
2025-09-12,2.431,2.813,4.06
2025-09-15,2.443,2.821,4.05
2025-09-16,2.417,2.804,4.04
2025-09-17,2.418,2.787,4.06
2025-09-18,2.403,2.756,4.11
2025-09-19,2.441,2.815,4.14
